market,stock_code,corp_name,fiscal_year,eval_year,industry_macro_category,firm_size_group,split,is_speculative,prob_speculative,feature,rank,shap_value,abs_shap,direction,feature_value,stock_code_norm,firm_size_group_score,industry_macro_category_score,error_type,is_speculative_score,predicted_current,actual_label_name,predicted_label_name,prob_speculative_score,threshold,probability_distance_from_threshold,feature_group,korean_name,description,case_id
KOSPI,3620,케이지모빌리티(주),2024,2025,manufacturing,mid_sized,test,1,0.0095734081981097,gross_profit,1,-1.482542634010315,1.482542634010315,decrease_risk,345715769,003620,mid_sized,manufacturing,false_negative,1,0,투기등급,투자적격,0.0095734081981097,0.315,0.3054265918018903,profitability_returns,매출총이익,매출총이익(손실),KOSPI|003620|케이지모빌리티(주)|2024|2025
KOSPI,3620,케이지모빌리티(주),2024,2025,manufacturing,mid_sized,test,1,0.0095734081981097,depreciation,2,-1.233514428138733,1.233514428138733,decrease_risk,118273864,003620,mid_sized,manufacturing,false_negative,1,0,투기등급,투자적격,0.0095734081981097,0.315,0.3054265918018903,cashflow_structure,감가상각비,감가상각비,KOSPI|003620|케이지모빌리티(주)|2024|2025
KOSPI,3620,케이지모빌리티(주),2024,2025,manufacturing,mid_sized,test,1,0.0095734081981097,assets_total,3,-1.0752254724502563,1.0752254724502563,decrease_risk,3104452197,003620,mid_sized,manufacturing,false_negative,1,0,투기등급,투자적격,0.0095734081981097,0.315,0.3054265918018903,stability_leverage,자산총계,총자산,KOSPI|003620|케이지모빌리티(주)|2024|2025
KOSPI,3620,케이지모빌리티(주),2024,2025,manufacturing,mid_sized,test,1,0.0095734081981097,intangible_assets_ratio,4,-0.5065869688987732,0.5065869688987732,decrease_risk,0.061267,003620,mid_sized,manufacturing,false_negative,1,0,투기등급,투자적격,0.0095734081981097,0.315,0.3054265918018903,cashflow_structure,무형자산 비중,총자산 대비 무형자산 비율,KOSPI|003620|케이지모빌리티(주)|2024|2025
KOSPI,3620,케이지모빌리티(주),2024,2025,manufacturing,mid_sized,test,1,0.0095734081981097,capital_impairment_ratio,5,0.4614259898662567,0.4614259898662567,increase_risk,-0.44655,003620,mid_sized,manufacturing,false_negative,1,0,투기등급,투자적격,0.0095734081981097,0.315,0.3054265918018903,stability_leverage,자본잠식률,자본금 대비 자본잠식 정도,KOSPI|003620|케이지모빌리티(주)|2024|2025
KOSPI,3620,케이지모빌리티(주),2024,2025,manufacturing,mid_sized,test,1,0.0095734081981097,total_debt_turnover,6,-0.3713075220584869,0.3713075220584869,decrease_risk,2.319049,003620,mid_sized,manufacturing,false_negative,1,0,투기등급,투자적격,0.0095734081981097,0.315,0.3054265918018903,cashflow_structure,총부채회전율,총부채 대비 매출액 비율,KOSPI|003620|케이지모빌리티(주)|2024|2025
KOSPI,3620,케이지모빌리티(주),2024,2025,manufacturing,mid_sized,test,1,0.0095734081981097,total_assets_growth,7,-0.3074802756309509,0.3074802756309509,decrease_risk,0.177981,003620,mid_sized,manufacturing,false_negative,1,0,투기등급,투자적격,0.0095734081981097,0.315,0.3054265918018903,trend_early_warning,총자산증가율,전년 대비 총자산 증가율,KOSPI|003620|케이지모빌리티(주)|2024|2025
KOSPI,3620,케이지모빌리티(주),2024,2025,manufacturing,mid_sized,test,1,0.0095734081981097,interest_coverage_ratio,8,0.3074789047241211,0.3074789047241211,increase_risk,0.06217,003620,mid_sized,manufacturing,false_negative,1,0,투기등급,투자적격,0.0095734081981097,0.315,0.3054265918018903,profitability_returns,이자보상배율,영업이익 대비 이자비용 배수,KOSPI|003620|케이지모빌리티(주)|2024|2025
KOSPI,3620,케이지모빌리티(주),2024,2025,manufacturing,mid_sized,test,1,0.0095734081981097,listed_year,9,0.2905906140804291,0.2905906140804291,increase_risk,1975,003620,mid_sized,manufacturing,false_negative,1,0,투기등급,투자적격,0.0095734081981097,0.315,0.3054265918018903,context,상장연도,상장일에서 추출한 연도,KOSPI|003620|케이지모빌리티(주)|2024|2025
KOSPI,3620,케이지모빌리티(주),2024,2025,manufacturing,mid_sized,test,1,0.0095734081981097,dividend_payer,10,0.254862904548645,0.254862904548645,increase_risk,0,003620,mid_sized,manufacturing,false_negative,1,0,투기등급,투자적격,0.0095734081981097,0.315,0.3054265918018903,market_shareholder,배당금 지급 여부,해당 회계연도에 현금배당을 지급했는지 여부,KOSPI|003620|케이지모빌리티(주)|2024|2025
KOSDAQ,94970,제이엠티(주),2023,2024,manufacturing,small_and_medium,test,1,0.0123269867060947,interest_coverage_ratio,1,-1.1673392057418823,1.1673392057418823,decrease_risk,53.294298,094970,small_and_medium,manufacturing,false_negative,1,0,투기등급,투자적격,0.0123269867060947,0.315,0.3026730132939053,profitability_returns,이자보상배율,영업이익 대비 이자비용 배수,KOSDAQ|094970|제이엠티(주)|2023|2024
KOSDAQ,94970,제이엠티(주),2023,2024,manufacturing,small_and_medium,test,1,0.0123269867060947,ocf_to_total_borrowings,2,-0.6290692090988159,0.6290692090988159,decrease_risk,7.280508,094970,small_and_medium,manufacturing,false_negative,1,0,투기등급,투자적격,0.0123269867060947,0.315,0.3026730132939053,cashflow_structure,OCF/총차입금,총차입금 대비 영업현금흐름 비율,KOSDAQ|094970|제이엠티(주)|2023|2024
KOSDAQ,94970,제이엠티(주),2023,2024,manufacturing,small_and_medium,test,1,0.0123269867060947,equity_ratio,3,-0.5853238701820374,0.5853238701820374,decrease_risk,0.713055,094970,small_and_medium,manufacturing,false_negative,1,0,투기등급,투자적격,0.0123269867060947,0.315,0.3026730132939053,stability_leverage,자기자본비율,총자산 대비 자기자본 비율,KOSDAQ|094970|제이엠티(주)|2023|2024
KOSDAQ,94970,제이엠티(주),2023,2024,manufacturing,small_and_medium,test,1,0.0123269867060947,capital_impairment_ratio,4,-0.5371253490447998,0.5371253490447998,decrease_risk,-17.885609,094970,small_and_medium,manufacturing,false_negative,1,0,투기등급,투자적격,0.0123269867060947,0.315,0.3026730132939053,stability_leverage,자본잠식률,자본금 대비 자본잠식 정도,KOSDAQ|094970|제이엠티(주)|2023|2024
KOSDAQ,94970,제이엠티(주),2023,2024,manufacturing,small_and_medium,test,1,0.0123269867060947,total_borrowings_ratio,5,-0.4703649580478668,0.4703649580478668,decrease_risk,0.027052,094970,small_and_medium,manufacturing,false_negative,1,0,투기등급,투자적격,0.0123269867060947,0.315,0.3026730132939053,stability_leverage,총차입금비율,총자산 대비 총차입금 비율,KOSDAQ|094970|제이엠티(주)|2023|2024
KOSDAQ,94970,제이엠티(주),2023,2024,manufacturing,small_and_medium,test,1,0.0123269867060947,net_margin,6,-0.4508594572544098,0.4508594572544098,decrease_risk,0.18941,094970,small_and_medium,manufacturing,false_negative,1,0,투기등급,투자적격,0.0123269867060947,0.315,0.3026730132939053,profitability_returns,순이익률,매출액 대비 당기순이익 비율,KOSDAQ|094970|제이엠티(주)|2023|2024
KOSDAQ,94970,제이엠티(주),2023,2024,manufacturing,small_and_medium,test,1,0.0123269867060947,cashflow_coverage_ratio,7,-0.3482737243175506,0.3482737243175506,decrease_risk,157.019738,094970,small_and_medium,manufacturing,false_negative,1,0,투기등급,투자적격,0.0123269867060947,0.315,0.3026730132939053,cashflow_structure,현금흐름 커버리지,이자비용 대비 영업현금흐름 배수,KOSDAQ|094970|제이엠티(주)|2023|2024
KOSDAQ,94970,제이엠티(주),2023,2024,manufacturing,small_and_medium,test,1,0.0123269867060947,gross_profit,8,0.3268535137176513,0.3268535137176513,increase_risk,27759094,094970,small_and_medium,manufacturing,false_negative,1,0,투기등급,투자적격,0.0123269867060947,0.315,0.3026730132939053,profitability_returns,매출총이익,매출총이익(손실),KOSDAQ|094970|제이엠티(주)|2023|2024
KOSDAQ,94970,제이엠티(주),2023,2024,manufacturing,small_and_medium,test,1,0.0123269867060947,dividend_payer,9,-0.3129380941390991,0.3129380941390991,decrease_risk,1,094970,small_and_medium,manufacturing,false_negative,1,0,투기등급,투자적격,0.0123269867060947,0.315,0.3026730132939053,market_shareholder,배당금 지급 여부,해당 회계연도에 현금배당을 지급했는지 여부,KOSDAQ|094970|제이엠티(주)|2023|2024
KOSDAQ,94970,제이엠티(주),2023,2024,manufacturing,small_and_medium,test,1,0.0123269867060947,net_margin_diff,10,-0.3076628744602203,0.3076628744602203,decrease_risk,-0.1353,094970,small_and_medium,manufacturing,false_negative,1,0,투기등급,투자적격,0.0123269867060947,0.315,0.3026730132939053,trend_early_warning,순이익률 변화,전년 대비 순이익률 변화폭,KOSDAQ|094970|제이엠티(주)|2023|2024
KOSDAQ,92870,(주)엑시콘,2023,2024,manufacturing,mid_sized,test,1,0.0168424239424952,interest_coverage_ratio,1,-0.7485394477844238,0.7485394477844238,decrease_risk,1000000.0,092870,mid_sized,manufacturing,false_negative,1,0,투기등급,투자적격,0.0168424239424952,0.315,0.2981575760575048,profitability_returns,이자보상배율,영업이익 대비 이자비용 배수,KOSDAQ|092870|(주)엑시콘|2023|2024
KOSDAQ,92870,(주)엑시콘,2023,2024,manufacturing,mid_sized,test,1,0.0168424239424952,net_margin,2,-0.6566158533096313,0.6566158533096313,decrease_risk,0.059372,092870,mid_sized,manufacturing,false_negative,1,0,투기등급,투자적격,0.0168424239424952,0.315,0.2981575760575048,profitability_returns,순이익률,매출액 대비 당기순이익 비율,KOSDAQ|092870|(주)엑시콘|2023|2024
KOSDAQ,92870,(주)엑시콘,2023,2024,manufacturing,mid_sized,test,1,0.0168424239424952,equity_ratio,3,-0.4987283051013946,0.4987283051013946,decrease_risk,0.879343,092870,mid_sized,manufacturing,false_negative,1,0,투기등급,투자적격,0.0168424239424952,0.315,0.2981575760575048,stability_leverage,자기자본비율,총자산 대비 자기자본 비율,KOSDAQ|092870|(주)엑시콘|2023|2024
KOSDAQ,92870,(주)엑시콘,2023,2024,manufacturing,mid_sized,test,1,0.0168424239424952,net_margin_diff,4,-0.3980993926525116,0.3980993926525116,decrease_risk,-0.107497,092870,mid_sized,manufacturing,false_negative,1,0,투기등급,투자적격,0.0168424239424952,0.315,0.2981575760575048,trend_early_warning,순이익률 변화,전년 대비 순이익률 변화폭,KOSDAQ|092870|(주)엑시콘|2023|2024
KOSDAQ,92870,(주)엑시콘,2023,2024,manufacturing,mid_sized,test,1,0.0168424239424952,gross_profit,5,0.3960387110710144,0.3960387110710144,increase_risk,28251051,092870,mid_sized,manufacturing,false_negative,1,0,투기등급,투자적격,0.0168424239424952,0.315,0.2981575760575048,profitability_returns,매출총이익,매출총이익(손실),KOSDAQ|092870|(주)엑시콘|2023|2024
KOSDAQ,92870,(주)엑시콘,2023,2024,manufacturing,mid_sized,test,1,0.0168424239424952,total_borrowings_ratio,6,-0.3944002389907837,0.3944002389907837,decrease_risk,0.048197,092870,mid_sized,manufacturing,false_negative,1,0,투기등급,투자적격,0.0168424239424952,0.315,0.2981575760575048,stability_leverage,총차입금비율,총자산 대비 총차입금 비율,KOSDAQ|092870|(주)엑시콘|2023|2024
KOSDAQ,92870,(주)엑시콘,2023,2024,manufacturing,mid_sized,test,1,0.0168424239424952,dividend_payer,7,-0.3579266965389251,0.3579266965389251,decrease_risk,1,092870,mid_sized,manufacturing,false_negative,1,0,투기등급,투자적격,0.0168424239424952,0.315,0.2981575760575048,market_shareholder,배당금 지급 여부,해당 회계연도에 현금배당을 지급했는지 여부,KOSDAQ|092870|(주)엑시콘|2023|2024
KOSDAQ,92870,(주)엑시콘,2023,2024,manufacturing,mid_sized,test,1,0.0168424239424952,ocf_to_total_liabilities,8,-0.3366247713565826,0.3366247713565826,decrease_risk,1.058169,092870,mid_sized,manufacturing,false_negative,1,0,투기등급,투자적격,0.0168424239424952,0.315,0.2981575760575048,cashflow_structure,OCF/부채총계,총부채 대비 영업현금흐름 비율,KOSDAQ|092870|(주)엑시콘|2023|2024
KOSDAQ,92870,(주)엑시콘,2023,2024,manufacturing,mid_sized,test,1,0.0168424239424952,capital_impairment_ratio,9,-0.3284186422824859,0.3284186422824859,decrease_risk,-25.907651,092870,mid_sized,manufacturing,false_negative,1,0,투기등급,투자적격,0.0168424239424952,0.315,0.2981575760575048,stability_leverage,자본잠식률,자본금 대비 자본잠식 정도,KOSDAQ|092870|(주)엑시콘|2023|2024
KOSDAQ,92870,(주)엑시콘,2023,2024,manufacturing,mid_sized,test,1,0.0168424239424952,total_debt_turnover,10,-0.2456730306148529,0.2456730306148529,decrease_risk,4.1092,092870,mid_sized,manufacturing,false_negative,1,0,투기등급,투자적격,0.0168424239424952,0.315,0.2981575760575048,cashflow_structure,총부채회전율,총부채 대비 매출액 비율,KOSDAQ|092870|(주)엑시콘|2023|2024
KOSPI,3620,케이지모빌리티(주),2023,2024,manufacturing,mid_sized,test,1,0.0307287380482937,gross_profit,1,-1.2829264402389526,1.2829264402389526,decrease_risk,407465928,003620,mid_sized,manufacturing,false_negative,1,0,투기등급,투자적격,0.0307287380482937,0.315,0.2842712619517063,profitability_returns,매출총이익,매출총이익(손실),KOSPI|003620|케이지모빌리티(주)|2023|2024
KOSPI,3620,케이지모빌리티(주),2023,2024,manufacturing,mid_sized,test,1,0.0307287380482937,depreciation,2,-1.021195411682129,1.021195411682129,decrease_risk,116993347,003620,mid_sized,manufacturing,false_negative,1,0,투기등급,투자적격,0.0307287380482937,0.315,0.2842712619517063,cashflow_structure,감가상각비,감가상각비,KOSPI|003620|케이지모빌리티(주)|2023|2024
KOSPI,3620,케이지모빌리티(주),2023,2024,manufacturing,mid_sized,test,1,0.0307287380482937,assets_total,3,-0.964901566505432,0.964901566505432,decrease_risk,2635399999,003620,mid_sized,manufacturing,false_negative,1,0,투기등급,투자적격,0.0307287380482937,0.315,0.2842712619517063,stability_leverage,자산총계,총자산,KOSPI|003620|케이지모빌리티(주)|2023|2024
KOSPI,3620,케이지모빌리티(주),2023,2024,manufacturing,mid_sized,test,1,0.0307287380482937,capital_impairment_ratio,4,0.8036496639251709,0.8036496639251709,increase_risk,-0.158239,003620,mid_sized,manufacturing,false_negative,1,0,투기등급,투자적격,0.0307287380482937,0.315,0.2842712619517063,stability_leverage,자본잠식률,자본금 대비 자본잠식 정도,KOSPI|003620|케이지모빌리티(주)|2023|2024
KOSPI,3620,케이지모빌리티(주),2023,2024,manufacturing,mid_sized,test,1,0.0307287380482937,intangible_assets_ratio,5,-0.4972350895404815,0.4972350895404815,decrease_risk,0.070925,003620,mid_sized,manufacturing,false_negative,1,0,투기등급,투자적격,0.0307287380482937,0.315,0.2842712619517063,cashflow_structure,무형자산 비중,총자산 대비 무형자산 비율,KOSPI|003620|케이지모빌리티(주)|2023|2024
KOSPI,3620,케이지모빌리티(주),2023,2024,manufacturing,mid_sized,test,1,0.0307287380482937,listed_year,6,0.3801991939544678,0.3801991939544678,increase_risk,1975,003620,mid_sized,manufacturing,false_negative,1,0,투기등급,투자적격,0.0307287380482937,0.315,0.2842712619517063,context,상장연도,상장일에서 추출한 연도,KOSPI|003620|케이지모빌리티(주)|2023|2024
KOSPI,3620,케이지모빌리티(주),2023,2024,manufacturing,mid_sized,test,1,0.0307287380482937,total_debt_turnover,7,-0.3474090993404388,0.3474090993404388,decrease_risk,2.406367,003620,mid_sized,manufacturing,false_negative,1,0,투기등급,투자적격,0.0307287380482937,0.315,0.2842712619517063,cashflow_structure,총부채회전율,총부채 대비 매출액 비율,KOSPI|003620|케이지모빌리티(주)|2023|2024
KOSPI,3620,케이지모빌리티(주),2023,2024,manufacturing,mid_sized,test,1,0.0307287380482937,dividend_payer,8,0.3043209910392761,0.3043209910392761,increase_risk,0,003620,mid_sized,manufacturing,false_negative,1,0,투기등급,투자적격,0.0307287380482937,0.315,0.2842712619517063,market_shareholder,배당금 지급 여부,해당 회계연도에 현금배당을 지급했는지 여부,KOSPI|003620|케이지모빌리티(주)|2023|2024
KOSPI,3620,케이지모빌리티(주),2023,2024,manufacturing,mid_sized,test,1,0.0307287380482937,short_term_borrowings_share,9,-0.2930315732955932,0.2930315732955932,decrease_risk,0.294346,003620,mid_sized,manufacturing,false_negative,1,0,투기등급,투자적격,0.0307287380482937,0.315,0.2842712619517063,trend_early_warning,단기차입금 비중,총차입금 중 단기차입금 비중,KOSPI|003620|케이지모빌리티(주)|2023|2024
KOSPI,3620,케이지모빌리티(주),2023,2024,manufacturing,mid_sized,test,1,0.0307287380482937,equity_ratio,10,0.1883966475725174,0.1883966475725174,increase_risk,0.410829,003620,mid_sized,manufacturing,false_negative,1,0,투기등급,투자적격,0.0307287380482937,0.315,0.2842712619517063,stability_leverage,자기자본비율,총자산 대비 자기자본 비율,KOSPI|003620|케이지모빌리티(주)|2023|2024
KOSDAQ,108230,(주)톱텍,2024,2025,manufacturing,mid_sized,test,1,0.0314177294021568,capital_impairment_ratio,1,-0.5324370265007019,0.5324370265007019,decrease_risk,-20.642183,108230,mid_sized,manufacturing,false_negative,1,0,투기등급,투자적격,0.0314177294021568,0.315,0.2835822705978432,stability_leverage,자본잠식률,자본금 대비 자본잠식 정도,KOSDAQ|108230|(주)톱텍|2024|2025
KOSDAQ,108230,(주)톱텍,2024,2025,manufacturing,mid_sized,test,1,0.0314177294021568,net_margin,2,-0.4821985065937042,0.4821985065937042,decrease_risk,0.068742,108230,mid_sized,manufacturing,false_negative,1,0,투기등급,투자적격,0.0314177294021568,0.315,0.2835822705978432,profitability_returns,순이익률,매출액 대비 당기순이익 비율,KOSDAQ|108230|(주)톱텍|2024|2025
KOSDAQ,108230,(주)톱텍,2024,2025,manufacturing,mid_sized,test,1,0.0314177294021568,interest_coverage_ratio,3,0.4524213671684265,0.4524213671684265,increase_risk,2.030646,108230,mid_sized,manufacturing,false_negative,1,0,투기등급,투자적격,0.0314177294021568,0.315,0.2835822705978432,profitability_returns,이자보상배율,영업이익 대비 이자비용 배수,KOSDAQ|108230|(주)톱텍|2024|2025
KOSDAQ,108230,(주)톱텍,2024,2025,manufacturing,mid_sized,test,1,0.0314177294021568,dividend_payer,4,-0.4343389570713043,0.4343389570713043,decrease_risk,1,108230,mid_sized,manufacturing,false_negative,1,0,투기등급,투자적격,0.0314177294021568,0.315,0.2835822705978432,market_shareholder,배당금 지급 여부,해당 회계연도에 현금배당을 지급했는지 여부,KOSDAQ|108230|(주)톱텍|2024|2025
KOSDAQ,108230,(주)톱텍,2024,2025,manufacturing,mid_sized,test,1,0.0314177294021568,assets_total,5,-0.4176686108112335,0.4176686108112335,decrease_risk,616469709,108230,mid_sized,manufacturing,false_negative,1,0,투기등급,투자적격,0.0314177294021568,0.315,0.2835822705978432,stability_leverage,자산총계,총자산,KOSDAQ|108230|(주)톱텍|2024|2025
KOSDAQ,108230,(주)톱텍,2024,2025,manufacturing,mid_sized,test,1,0.0314177294021568,equity_ratio,6,-0.4037981033325195,0.4037981033325195,decrease_risk,0.67222,108230,mid_sized,manufacturing,false_negative,1,0,투기등급,투자적격,0.0314177294021568,0.315,0.2835822705978432,stability_leverage,자기자본비율,총자산 대비 자기자본 비율,KOSDAQ|108230|(주)톱텍|2024|2025
KOSDAQ,108230,(주)톱텍,2024,2025,manufacturing,mid_sized,test,1,0.0314177294021568,cashflow_coverage_ratio,7,-0.3899133503437042,0.3899133503437042,decrease_risk,20.635395,108230,mid_sized,manufacturing,false_negative,1,0,투기등급,투자적격,0.0314177294021568,0.315,0.2835822705978432,cashflow_structure,현금흐름 커버리지,이자비용 대비 영업현금흐름 배수,KOSDAQ|108230|(주)톱텍|2024|2025
KOSDAQ,108230,(주)톱텍,2024,2025,manufacturing,mid_sized,test,1,0.0314177294021568,gross_profit,8,-0.3217930495738983,0.3217930495738983,decrease_risk,55274258,108230,mid_sized,manufacturing,false_negative,1,0,투기등급,투자적격,0.0314177294021568,0.315,0.2835822705978432,profitability_returns,매출총이익,매출총이익(손실),KOSDAQ|108230|(주)톱텍|2024|2025
KOSDAQ,108230,(주)톱텍,2024,2025,manufacturing,mid_sized,test,1,0.0314177294021568,total_borrowings_ratio,9,-0.2530488967895508,0.2530488967895508,decrease_risk,0.07941,108230,mid_sized,manufacturing,false_negative,1,0,투기등급,투자적격,0.0314177294021568,0.315,0.2835822705978432,stability_leverage,총차입금비율,총자산 대비 총차입금 비율,KOSDAQ|108230|(주)톱텍|2024|2025
KOSDAQ,108230,(주)톱텍,2024,2025,manufacturing,mid_sized,test,1,0.0314177294021568,net_margin_diff,10,-0.2251595705747604,0.2251595705747604,decrease_risk,-0.01128,108230,mid_sized,manufacturing,false_negative,1,0,투기등급,투자적격,0.0314177294021568,0.315,0.2835822705978432,trend_early_warning,순이익률 변화,전년 대비 순이익률 변화폭,KOSDAQ|108230|(주)톱텍|2024|2025
KOSDAQ,178320,(주)서진시스템,2024,2025,manufacturing,mid_sized,test,1,0.045508394316246,depreciation,1,-1.0218843221664429,1.0218843221664429,decrease_risk,92254102,178320,mid_sized,manufacturing,false_negative,1,0,투기등급,투자적격,0.045508394316246,0.315,0.269491605683754,cashflow_structure,감가상각비,감가상각비,KOSDAQ|178320|(주)서진시스템|2024|2025
KOSDAQ,178320,(주)서진시스템,2024,2025,manufacturing,mid_sized,test,1,0.045508394316246,gross_profit,2,-0.8409801721572876,0.8409801721572876,decrease_risk,213424277,178320,mid_sized,manufacturing,false_negative,1,0,투기등급,투자적격,0.045508394316246,0.315,0.269491605683754,profitability_returns,매출총이익,매출총이익(손실),KOSDAQ|178320|(주)서진시스템|2024|2025
KOSDAQ,178320,(주)서진시스템,2024,2025,manufacturing,mid_sized,test,1,0.045508394316246,assets_total,3,-0.7907289266586304,0.7907289266586304,decrease_risk,2103214253,178320,mid_sized,manufacturing,false_negative,1,0,투기등급,투자적격,0.045508394316246,0.315,0.269491605683754,stability_leverage,자산총계,총자산,KOSDAQ|178320|(주)서진시스템|2024|2025
KOSDAQ,178320,(주)서진시스템,2024,2025,manufacturing,mid_sized,test,1,0.045508394316246,listed_year,4,-0.4465552866458893,0.4465552866458893,decrease_risk,2017,178320,mid_sized,manufacturing,false_negative,1,0,투기등급,투자적격,0.045508394316246,0.315,0.269491605683754,context,상장연도,상장일에서 추출한 연도,KOSDAQ|178320|(주)서진시스템|2024|2025
KOSDAQ,178320,(주)서진시스템,2024,2025,manufacturing,mid_sized,test,1,0.045508394316246,net_margin,5,-0.3756671547889709,0.3756671547889709,decrease_risk,0.069142,178320,mid_sized,manufacturing,false_negative,1,0,투기등급,투자적격,0.045508394316246,0.315,0.269491605683754,profitability_returns,순이익률,매출액 대비 당기순이익 비율,KOSDAQ|178320|(주)서진시스템|2024|2025
KOSDAQ,178320,(주)서진시스템,2024,2025,manufacturing,mid_sized,test,1,0.045508394316246,capital_impairment_ratio,6,-0.3037936687469482,0.3037936687469482,decrease_risk,-30.133017,178320,mid_sized,manufacturing,false_negative,1,0,투기등급,투자적격,0.045508394316246,0.315,0.269491605683754,stability_leverage,자본잠식률,자본금 대비 자본잠식 정도,KOSDAQ|178320|(주)서진시스템|2024|2025
KOSDAQ,178320,(주)서진시스템,2024,2025,manufacturing,mid_sized,test,1,0.045508394316246,cashflow_coverage_ratio,7,0.2678343057632446,0.2678343057632446,increase_risk,-2.294987,178320,mid_sized,manufacturing,false_negative,1,0,투기등급,투자적격,0.045508394316246,0.315,0.269491605683754,cashflow_structure,현금흐름 커버리지,이자비용 대비 영업현금흐름 배수,KOSDAQ|178320|(주)서진시스템|2024|2025
KOSDAQ,178320,(주)서진시스템,2024,2025,manufacturing,mid_sized,test,1,0.045508394316246,total_assets_growth,8,0.2332489937543869,0.2332489937543869,increase_risk,0.383588,178320,mid_sized,manufacturing,false_negative,1,0,투기등급,투자적격,0.045508394316246,0.315,0.269491605683754,trend_early_warning,총자산증가율,전년 대비 총자산 증가율,KOSDAQ|178320|(주)서진시스템|2024|2025
KOSDAQ,178320,(주)서진시스템,2024,2025,manufacturing,mid_sized,test,1,0.045508394316246,industry_macro_category,9,0.225901648402214,0.225901648402214,increase_risk,manufacturing,178320,mid_sized,manufacturing,false_negative,1,0,투기등급,투자적격,0.045508394316246,0.315,0.269491605683754,context,산업 대분류,모델링용 산업 대분류,KOSDAQ|178320|(주)서진시스템|2024|2025
KOSDAQ,178320,(주)서진시스템,2024,2025,manufacturing,mid_sized,test,1,0.045508394316246,dividend_payer,10,0.2168608605861663,0.2168608605861663,increase_risk,0,178320,mid_sized,manufacturing,false_negative,1,0,투기등급,투자적격,0.045508394316246,0.315,0.269491605683754,market_shareholder,배당금 지급 여부,해당 회계연도에 현금배당을 지급했는지 여부,KOSDAQ|178320|(주)서진시스템|2024|2025
KOSDAQ,123410,코리아에프티(주),2023,2024,manufacturing,mid_sized,test,1,0.0488009836753811,gross_profit,1,-0.6053450703620911,0.6053450703620911,decrease_risk,95847992,123410,mid_sized,manufacturing,false_negative,1,0,투기등급,투자적격,0.0488009836753811,0.315,0.2661990163246189,profitability_returns,매출총이익,매출총이익(손실),KOSDAQ|123410|코리아에프티(주)|2023|2024
KOSDAQ,123410,코리아에프티(주),2023,2024,manufacturing,mid_sized,test,1,0.0488009836753811,total_debt_turnover,2,-0.554500937461853,0.554500937461853,decrease_risk,2.85753,123410,mid_sized,manufacturing,false_negative,1,0,투기등급,투자적격,0.0488009836753811,0.315,0.2661990163246189,cashflow_structure,총부채회전율,총부채 대비 매출액 비율,KOSDAQ|123410|코리아에프티(주)|2023|2024
KOSDAQ,123410,코리아에프티(주),2023,2024,manufacturing,mid_sized,test,1,0.0488009836753811,depreciation,3,-0.5355249047279358,0.5355249047279358,decrease_risk,21185740,123410,mid_sized,manufacturing,false_negative,1,0,투기등급,투자적격,0.0488009836753811,0.315,0.2661990163246189,cashflow_structure,감가상각비,감가상각비,KOSDAQ|123410|코리아에프티(주)|2023|2024
KOSDAQ,123410,코리아에프티(주),2023,2024,manufacturing,mid_sized,test,1,0.0488009836753811,dividend_payer,4,-0.3598403036594391,0.3598403036594391,decrease_risk,1,123410,mid_sized,manufacturing,false_negative,1,0,투기등급,투자적격,0.0488009836753811,0.315,0.2661990163246189,market_shareholder,배당금 지급 여부,해당 회계연도에 현금배당을 지급했는지 여부,KOSDAQ|123410|코리아에프티(주)|2023|2024
KOSDAQ,123410,코리아에프티(주),2023,2024,manufacturing,mid_sized,test,1,0.0488009836753811,assets_total,5,-0.3222594261169433,0.3222594261169433,decrease_risk,415160886,123410,mid_sized,manufacturing,false_negative,1,0,투기등급,투자적격,0.0488009836753811,0.315,0.2661990163246189,stability_leverage,자산총계,총자산,KOSDAQ|123410|코리아에프티(주)|2023|2024
KOSDAQ,123410,코리아에프티(주),2023,2024,manufacturing,mid_sized,test,1,0.0488009836753811,pretax_roe,6,0.260236382484436,0.260236382484436,increase_risk,0.216839,123410,mid_sized,manufacturing,false_negative,1,0,투기등급,투자적격,0.0488009836753811,0.315,0.2661990163246189,profitability_returns,세전계속사업이익 기준 ROE,자기자본 대비 세전이익 비율,KOSDAQ|123410|코리아에프티(주)|2023|2024
KOSDAQ,123410,코리아에프티(주),2023,2024,manufacturing,mid_sized,test,1,0.0488009836753811,capital_impairment_ratio,7,-0.1797983795404434,0.1797983795404434,decrease_risk,-62.702042,123410,mid_sized,manufacturing,false_negative,1,0,투기등급,투자적격,0.0488009836753811,0.315,0.2661990163246189,stability_leverage,자본잠식률,자본금 대비 자본잠식 정도,KOSDAQ|123410|코리아에프티(주)|2023|2024
KOSDAQ,123410,코리아에프티(주),2023,2024,manufacturing,mid_sized,test,1,0.0488009836753811,equity_ratio,8,-0.1672661900520324,0.1672661900520324,decrease_risk,0.427192,123410,mid_sized,manufacturing,false_negative,1,0,투기등급,투자적격,0.0488009836753811,0.315,0.2661990163246189,stability_leverage,자기자본비율,총자산 대비 자기자본 비율,KOSDAQ|123410|코리아에프티(주)|2023|2024
KOSDAQ,123410,코리아에프티(주),2023,2024,manufacturing,mid_sized,test,1,0.0488009836753811,industry_macro_category,9,0.1317554712295532,0.1317554712295532,increase_risk,manufacturing,123410,mid_sized,manufacturing,false_negative,1,0,투기등급,투자적격,0.0488009836753811,0.315,0.2661990163246189,context,산업 대분류,모델링용 산업 대분류,KOSDAQ|123410|코리아에프티(주)|2023|2024
KOSDAQ,123410,코리아에프티(주),2023,2024,manufacturing,mid_sized,test,1,0.0488009836753811,net_margin,10,-0.1231083422899246,0.1231083422899246,decrease_risk,0.044641,123410,mid_sized,manufacturing,false_negative,1,0,투기등급,투자적격,0.0488009836753811,0.315,0.2661990163246189,profitability_returns,순이익률,매출액 대비 당기순이익 비율,KOSDAQ|123410|코리아에프티(주)|2023|2024
KOSPI,1390,케이지케미칼(주),2023,2024,manufacturing,mid_sized,test,1,0.05702918296024,depreciation,1,-1.1967540979385376,1.1967540979385376,decrease_risk,209090911,001390,mid_sized,manufacturing,false_negative,1,0,투기등급,투자적격,0.05702918296024,0.315,0.25797081703976,cashflow_structure,감가상각비,감가상각비,KOSPI|001390|케이지케미칼(주)|2023|2024
KOSPI,1390,케이지케미칼(주),2023,2024,manufacturing,mid_sized,test,1,0.05702918296024,market_to_book,2,1.1837520599365234,1.1837520599365234,increase_risk,0.12898,001390,mid_sized,manufacturing,false_negative,1,0,투기등급,투자적격,0.05702918296024,0.315,0.25797081703976,market_shareholder,Market-to-Book,시가총액 대비 장부가치 비율,KOSPI|001390|케이지케미칼(주)|2023|2024
KOSPI,1390,케이지케미칼(주),2023,2024,manufacturing,mid_sized,test,1,0.05702918296024,gross_profit,3,-0.9960737824440002,0.9960737824440002,decrease_risk,1236213065,001390,mid_sized,manufacturing,false_negative,1,0,투기등급,투자적격,0.05702918296024,0.315,0.25797081703976,profitability_returns,매출총이익,매출총이익(손실),KOSPI|001390|케이지케미칼(주)|2023|2024
KOSPI,1390,케이지케미칼(주),2023,2024,manufacturing,mid_sized,test,1,0.05702918296024,listed_year,4,0.6689926981925964,0.6689926981925964,increase_risk,1989,001390,mid_sized,manufacturing,false_negative,1,0,투기등급,투자적격,0.05702918296024,0.315,0.25797081703976,context,상장연도,상장일에서 추출한 연도,KOSPI|001390|케이지케미칼(주)|2023|2024
KOSPI,1390,케이지케미칼(주),2023,2024,manufacturing,mid_sized,test,1,0.05702918296024,assets_total,5,-0.5706703662872314,0.5706703662872314,decrease_risk,7818145771,001390,mid_sized,manufacturing,false_negative,1,0,투기등급,투자적격,0.05702918296024,0.315,0.25797081703976,stability_leverage,자산총계,총자산,KOSPI|001390|케이지케미칼(주)|2023|2024
KOSPI,1390,케이지케미칼(주),2023,2024,manufacturing,mid_sized,test,1,0.05702918296024,dividend_payer,6,-0.3466703593730926,0.3466703593730926,decrease_risk,1,001390,mid_sized,manufacturing,false_negative,1,0,투기등급,투자적격,0.05702918296024,0.315,0.25797081703976,market_shareholder,배당금 지급 여부,해당 회계연도에 현금배당을 지급했는지 여부,KOSPI|001390|케이지케미칼(주)|2023|2024
KOSPI,1390,케이지케미칼(주),2023,2024,manufacturing,mid_sized,test,1,0.05702918296024,capital_impairment_ratio,7,-0.2181236892938614,0.2181236892938614,decrease_risk,-50.123292,001390,mid_sized,manufacturing,false_negative,1,0,투기등급,투자적격,0.05702918296024,0.315,0.25797081703976,stability_leverage,자본잠식률,자본금 대비 자본잠식 정도,KOSPI|001390|케이지케미칼(주)|2023|2024
KOSPI,1390,케이지케미칼(주),2023,2024,manufacturing,mid_sized,test,1,0.05702918296024,industry_macro_category,8,0.1837290823459625,0.1837290823459625,increase_risk,manufacturing,001390,mid_sized,manufacturing,false_negative,1,0,투기등급,투자적격,0.05702918296024,0.315,0.25797081703976,context,산업 대분류,모델링용 산업 대분류,KOSPI|001390|케이지케미칼(주)|2023|2024
KOSPI,1390,케이지케미칼(주),2023,2024,manufacturing,mid_sized,test,1,0.05702918296024,firm_size_group,9,-0.1826499253511428,0.1826499253511428,decrease_risk,mid_sized,001390,mid_sized,manufacturing,false_negative,1,0,투기등급,투자적격,0.05702918296024,0.315,0.25797081703976,context,기업규모 그룹,모델링용 기업규모 그룹,KOSPI|001390|케이지케미칼(주)|2023|2024
KOSPI,1390,케이지케미칼(주),2023,2024,manufacturing,mid_sized,test,1,0.05702918296024,equity_ratio,10,-0.1780703067779541,0.1780703067779541,decrease_risk,0.465112,001390,mid_sized,manufacturing,false_negative,1,0,투기등급,투자적격,0.05702918296024,0.315,0.25797081703976,stability_leverage,자기자본비율,총자산 대비 자기자본 비율,KOSPI|001390|케이지케미칼(주)|2023|2024
KOSPI,4840,(주)디알비동일,2023,2024,manufacturing,mid_sized,test,1,0.0609834831190192,depreciation,1,-0.7576658129692078,0.7576658129692078,decrease_risk,27129048,004840,mid_sized,manufacturing,false_negative,1,0,투기등급,투자적격,0.0609834831190192,0.315,0.2540165168809808,cashflow_structure,감가상각비,감가상각비,KOSPI|004840|(주)디알비동일|2023|2024
KOSPI,4840,(주)디알비동일,2023,2024,manufacturing,mid_sized,test,1,0.0609834831190192,assets_total,2,-0.7360484600067139,0.7360484600067139,decrease_risk,963651592,004840,mid_sized,manufacturing,false_negative,1,0,투기등급,투자적격,0.0609834831190192,0.315,0.2540165168809808,stability_leverage,자산총계,총자산,KOSPI|004840|(주)디알비동일|2023|2024
KOSPI,4840,(주)디알비동일,2023,2024,manufacturing,mid_sized,test,1,0.0609834831190192,market_to_book,3,0.6923197507858276,0.6923197507858276,increase_risk,0.234066,004840,mid_sized,manufacturing,false_negative,1,0,투기등급,투자적격,0.0609834831190192,0.315,0.2540165168809808,market_shareholder,Market-to-Book,시가총액 대비 장부가치 비율,KOSPI|004840|(주)디알비동일|2023|2024
KOSPI,4840,(주)디알비동일,2023,2024,manufacturing,mid_sized,test,1,0.0609834831190192,gross_profit,4,-0.5620425343513489,0.5620425343513489,decrease_risk,145153276,004840,mid_sized,manufacturing,false_negative,1,0,투기등급,투자적격,0.0609834831190192,0.315,0.2540165168809808,profitability_returns,매출총이익,매출총이익(손실),KOSPI|004840|(주)디알비동일|2023|2024
KOSPI,4840,(주)디알비동일,2023,2024,manufacturing,mid_sized,test,1,0.0609834831190192,total_debt_turnover,5,0.3656977713108063,0.3656977713108063,increase_risk,1.584773,004840,mid_sized,manufacturing,false_negative,1,0,투기등급,투자적격,0.0609834831190192,0.315,0.2540165168809808,cashflow_structure,총부채회전율,총부채 대비 매출액 비율,KOSPI|004840|(주)디알비동일|2023|2024
KOSPI,4840,(주)디알비동일,2023,2024,manufacturing,mid_sized,test,1,0.0609834831190192,dividend_payer,6,-0.2798753082752228,0.2798753082752228,decrease_risk,1,004840,mid_sized,manufacturing,false_negative,1,0,투기등급,투자적격,0.0609834831190192,0.315,0.2540165168809808,market_shareholder,배당금 지급 여부,해당 회계연도에 현금배당을 지급했는지 여부,KOSPI|004840|(주)디알비동일|2023|2024
KOSPI,4840,(주)디알비동일,2023,2024,manufacturing,mid_sized,test,1,0.0609834831190192,equity_ratio,7,-0.2738849818706512,0.2738849818706512,decrease_risk,0.516898,004840,mid_sized,manufacturing,false_negative,1,0,투기등급,투자적격,0.0609834831190192,0.315,0.2540165168809808,stability_leverage,자기자본비율,총자산 대비 자기자본 비율,KOSPI|004840|(주)디알비동일|2023|2024
KOSPI,4840,(주)디알비동일,2023,2024,manufacturing,mid_sized,test,1,0.0609834831190192,firm_size_group,8,-0.217310145497322,0.217310145497322,decrease_risk,mid_sized,004840,mid_sized,manufacturing,false_negative,1,0,투기등급,투자적격,0.0609834831190192,0.315,0.2540165168809808,context,기업규모 그룹,모델링용 기업규모 그룹,KOSPI|004840|(주)디알비동일|2023|2024
KOSPI,4840,(주)디알비동일,2023,2024,manufacturing,mid_sized,test,1,0.0609834831190192,short_term_borrowings_share,9,0.2114819586277008,0.2114819586277008,increase_risk,0.855518,004840,mid_sized,manufacturing,false_negative,1,0,투기등급,투자적격,0.0609834831190192,0.315,0.2540165168809808,trend_early_warning,단기차입금 비중,총차입금 중 단기차입금 비중,KOSPI|004840|(주)디알비동일|2023|2024
KOSPI,4840,(주)디알비동일,2023,2024,manufacturing,mid_sized,test,1,0.0609834831190192,capital_impairment_ratio,10,-0.2006160914897918,0.2006160914897918,decrease_risk,-48.985936,004840,mid_sized,manufacturing,false_negative,1,0,투기등급,투자적격,0.0609834831190192,0.315,0.2540165168809808,stability_leverage,자본잠식률,자본금 대비 자본잠식 정도,KOSPI|004840|(주)디알비동일|2023|2024
KOSDAQ,172670,(주)에이엘티,2023,2024,manufacturing,small_and_medium,test,1,0.0656312599881557,short_term_borrowings_share,1,-0.6941025257110596,0.6941025257110596,decrease_risk,0.189935,172670,small_and_medium,manufacturing,false_negative,1,0,투기등급,투자적격,0.0656312599881557,0.315,0.2493687400118443,trend_early_warning,단기차입금 비중,총차입금 중 단기차입금 비중,KOSDAQ|172670|(주)에이엘티|2023|2024
KOSDAQ,172670,(주)에이엘티,2023,2024,manufacturing,small_and_medium,test,1,0.0656312599881557,net_margin,2,-0.5667191743850708,0.5667191743850708,decrease_risk,0.105321,172670,small_and_medium,manufacturing,false_negative,1,0,투기등급,투자적격,0.0656312599881557,0.315,0.2493687400118443,profitability_returns,순이익률,매출액 대비 당기순이익 비율,KOSDAQ|172670|(주)에이엘티|2023|2024
KOSDAQ,172670,(주)에이엘티,2023,2024,manufacturing,small_and_medium,test,1,0.0656312599881557,dividend_payer,3,-0.5003946423530579,0.5003946423530579,decrease_risk,1,172670,small_and_medium,manufacturing,false_negative,1,0,투기등급,투자적격,0.0656312599881557,0.315,0.2493687400118443,market_shareholder,배당금 지급 여부,해당 회계연도에 현금배당을 지급했는지 여부,KOSDAQ|172670|(주)에이엘티|2023|2024
KOSDAQ,172670,(주)에이엘티,2023,2024,manufacturing,small_and_medium,test,1,0.0656312599881557,capital_impairment_ratio,4,-0.4218782186508178,0.4218782186508178,decrease_risk,-23.035184,172670,small_and_medium,manufacturing,false_negative,1,0,투기등급,투자적격,0.0656312599881557,0.315,0.2493687400118443,stability_leverage,자본잠식률,자본금 대비 자본잠식 정도,KOSDAQ|172670|(주)에이엘티|2023|2024
KOSDAQ,172670,(주)에이엘티,2023,2024,manufacturing,small_and_medium,test,1,0.0656312599881557,interest_coverage_ratio,5,0.3976401388645172,0.3976401388645172,increase_risk,1.268346,172670,small_and_medium,manufacturing,false_negative,1,0,투기등급,투자적격,0.0656312599881557,0.315,0.2493687400118443,profitability_returns,이자보상배율,영업이익 대비 이자비용 배수,KOSDAQ|172670|(주)에이엘티|2023|2024
KOSDAQ,172670,(주)에이엘티,2023,2024,manufacturing,small_and_medium,test,1,0.0656312599881557,gross_profit,6,0.2543902695178985,0.2543902695178985,increase_risk,10189759,172670,small_and_medium,manufacturing,false_negative,1,0,투기등급,투자적격,0.0656312599881557,0.315,0.2493687400118443,profitability_returns,매출총이익,매출총이익(손실),KOSDAQ|172670|(주)에이엘티|2023|2024
KOSDAQ,172670,(주)에이엘티,2023,2024,manufacturing,small_and_medium,test,1,0.0656312599881557,equity_ratio,7,-0.2222833931446075,0.2222833931446075,decrease_risk,0.543752,172670,small_and_medium,manufacturing,false_negative,1,0,투기등급,투자적격,0.0656312599881557,0.315,0.2493687400118443,stability_leverage,자기자본비율,총자산 대비 자기자본 비율,KOSDAQ|172670|(주)에이엘티|2023|2024
KOSDAQ,172670,(주)에이엘티,2023,2024,manufacturing,small_and_medium,test,1,0.0656312599881557,operating_roa,8,-0.1835685074329376,0.1835685074329376,decrease_risk,0.02472,172670,small_and_medium,manufacturing,false_negative,1,0,투기등급,투자적격,0.0656312599881557,0.315,0.2493687400118443,profitability_returns,총자산영업이익률,총자산 대비 영업이익 비율,KOSDAQ|172670|(주)에이엘티|2023|2024
KOSDAQ,172670,(주)에이엘티,2023,2024,manufacturing,small_and_medium,test,1,0.0656312599881557,firm_size_group,9,0.1801501214504242,0.1801501214504242,increase_risk,small_and_medium,172670,small_and_medium,manufacturing,false_negative,1,0,투기등급,투자적격,0.0656312599881557,0.315,0.2493687400118443,context,기업규모 그룹,모델링용 기업규모 그룹,KOSDAQ|172670|(주)에이엘티|2023|2024
KOSDAQ,172670,(주)에이엘티,2023,2024,manufacturing,small_and_medium,test,1,0.0656312599881557,pretax_roe,10,-0.1726365983486175,0.1726365983486175,decrease_risk,-0.003053,172670,small_and_medium,manufacturing,false_negative,1,0,투기등급,투자적격,0.0656312599881557,0.315,0.2493687400118443,profitability_returns,세전계속사업이익 기준 ROE,자기자본 대비 세전이익 비율,KOSDAQ|172670|(주)에이엘티|2023|2024
KOSDAQ,53700,삼보모터스(주),2023,2024,manufacturing,mid_sized,test,1,0.0683659191324484,assets_total,1,-0.9675475358963012,0.9675475358963012,decrease_risk,1037465852,053700,mid_sized,manufacturing,false_negative,1,0,투기등급,투자적격,0.0683659191324484,0.315,0.24663408086755162,stability_leverage,자산총계,총자산,KOSDAQ|053700|삼보모터스(주)|2023|2024
KOSDAQ,53700,삼보모터스(주),2023,2024,manufacturing,mid_sized,test,1,0.0683659191324484,gross_profit,2,-0.836928129196167,0.836928129196167,decrease_risk,157366613,053700,mid_sized,manufacturing,false_negative,1,0,투기등급,투자적격,0.0683659191324484,0.315,0.24663408086755162,profitability_returns,매출총이익,매출총이익(손실),KOSDAQ|053700|삼보모터스(주)|2023|2024
KOSDAQ,53700,삼보모터스(주),2023,2024,manufacturing,mid_sized,test,1,0.0683659191324484,depreciation,3,-0.8318347334861755,0.8318347334861755,decrease_risk,48647347,053700,mid_sized,manufacturing,false_negative,1,0,투기등급,투자적격,0.0683659191324484,0.315,0.24663408086755162,cashflow_structure,감가상각비,감가상각비,KOSDAQ|053700|삼보모터스(주)|2023|2024
KOSDAQ,53700,삼보모터스(주),2023,2024,manufacturing,mid_sized,test,1,0.0683659191324484,equity_ratio,4,0.5294438600540161,0.5294438600540161,increase_risk,0.30733,053700,mid_sized,manufacturing,false_negative,1,0,투기등급,투자적격,0.0683659191324484,0.315,0.24663408086755162,stability_leverage,자기자본비율,총자산 대비 자기자본 비율,KOSDAQ|053700|삼보모터스(주)|2023|2024
KOSDAQ,53700,삼보모터스(주),2023,2024,manufacturing,mid_sized,test,1,0.0683659191324484,capital_impairment_ratio,5,-0.4085188210010528,0.4085188210010528,decrease_risk,-27.03992,053700,mid_sized,manufacturing,false_negative,1,0,투기등급,투자적격,0.0683659191324484,0.315,0.24663408086755162,stability_leverage,자본잠식률,자본금 대비 자본잠식 정도,KOSDAQ|053700|삼보모터스(주)|2023|2024
KOSDAQ,53700,삼보모터스(주),2023,2024,manufacturing,mid_sized,test,1,0.0683659191324484,dividend_payer,6,-0.2879886329174042,0.2879886329174042,decrease_risk,1,053700,mid_sized,manufacturing,false_negative,1,0,투기등급,투자적격,0.0683659191324484,0.315,0.24663408086755162,market_shareholder,배당금 지급 여부,해당 회계연도에 현금배당을 지급했는지 여부,KOSDAQ|053700|삼보모터스(주)|2023|2024
KOSDAQ,53700,삼보모터스(주),2023,2024,manufacturing,mid_sized,test,1,0.0683659191324484,industry_macro_category,7,0.254313051700592,0.254313051700592,increase_risk,manufacturing,053700,mid_sized,manufacturing,false_negative,1,0,투기등급,투자적격,0.0683659191324484,0.315,0.24663408086755162,context,산업 대분류,모델링용 산업 대분류,KOSDAQ|053700|삼보모터스(주)|2023|2024
KOSDAQ,53700,삼보모터스(주),2023,2024,manufacturing,mid_sized,test,1,0.0683659191324484,cash_ratio,8,0.1882239431142807,0.1882239431142807,increase_risk,0.359931,053700,mid_sized,manufacturing,false_negative,1,0,투기등급,투자적격,0.0683659191324484,0.315,0.24663408086755162,stability_leverage,현금비율,유동부채 대비 현금및현금성자산 비율,KOSDAQ|053700|삼보모터스(주)|2023|2024
KOSDAQ,53700,삼보모터스(주),2023,2024,manufacturing,mid_sized,test,1,0.0683659191324484,debt_ratio,9,0.182165578007698,0.182165578007698,increase_risk,2.253828,053700,mid_sized,manufacturing,false_negative,1,0,투기등급,투자적격,0.0683659191324484,0.315,0.24663408086755162,stability_leverage,부채비율,자기자본 대비 총부채 비율,KOSDAQ|053700|삼보모터스(주)|2023|2024
KOSDAQ,53700,삼보모터스(주),2023,2024,manufacturing,mid_sized,test,1,0.0683659191324484,interest_coverage_ratio,10,0.1686351299285888,0.1686351299285888,increase_risk,2.353625,053700,mid_sized,manufacturing,false_negative,1,0,투기등급,투자적격,0.0683659191324484,0.315,0.24663408086755162,profitability_returns,이자보상배율,영업이익 대비 이자비용 배수,KOSDAQ|053700|삼보모터스(주)|2023|2024
KOSDAQ,13310,아진산업(주),2024,2025,manufacturing,mid_sized,test,1,0.0723103593852828,intangible_assets_ratio,1,0.9523473381996156,0.9523473381996156,increase_risk,0.0,013310,mid_sized,manufacturing,false_negative,1,0,투기등급,투자적격,0.0723103593852828,0.315,0.2426896406147172,cashflow_structure,무형자산 비중,총자산 대비 무형자산 비율,KOSDAQ|013310|아진산업(주)|2024|2025
KOSDAQ,13310,아진산업(주),2024,2025,manufacturing,mid_sized,test,1,0.0723103593852828,depreciation,2,-0.8437405824661255,0.8437405824661255,decrease_risk,84390559,013310,mid_sized,manufacturing,false_negative,1,0,투기등급,투자적격,0.0723103593852828,0.315,0.2426896406147172,cashflow_structure,감가상각비,감가상각비,KOSDAQ|013310|아진산업(주)|2024|2025
KOSDAQ,13310,아진산업(주),2024,2025,manufacturing,mid_sized,test,1,0.0723103593852828,short_term_borrowings_share,3,-0.7819238901138306,0.7819238901138306,decrease_risk,0.167309,013310,mid_sized,manufacturing,false_negative,1,0,투기등급,투자적격,0.0723103593852828,0.315,0.2426896406147172,trend_early_warning,단기차입금 비중,총차입금 중 단기차입금 비중,KOSDAQ|013310|아진산업(주)|2024|2025
KOSDAQ,13310,아진산업(주),2024,2025,manufacturing,mid_sized,test,1,0.0723103593852828,assets_total,4,-0.7782496809959412,0.7782496809959412,decrease_risk,1289835111,013310,mid_sized,manufacturing,false_negative,1,0,투기등급,투자적격,0.0723103593852828,0.315,0.2426896406147172,stability_leverage,자산총계,총자산,KOSDAQ|013310|아진산업(주)|2024|2025
KOSDAQ,13310,아진산업(주),2024,2025,manufacturing,mid_sized,test,1,0.0723103593852828,cash_ratio,5,-0.5794788002967834,0.5794788002967834,decrease_risk,0.306999,013310,mid_sized,manufacturing,false_negative,1,0,투기등급,투자적격,0.0723103593852828,0.315,0.2426896406147172,stability_leverage,현금비율,유동부채 대비 현금및현금성자산 비율,KOSDAQ|013310|아진산업(주)|2024|2025
KOSDAQ,13310,아진산업(주),2024,2025,manufacturing,mid_sized,test,1,0.0723103593852828,equity_ratio,6,0.5758187174797058,0.5758187174797058,increase_risk,0.257153,013310,mid_sized,manufacturing,false_negative,1,0,투기등급,투자적격,0.0723103593852828,0.315,0.2426896406147172,stability_leverage,자기자본비율,총자산 대비 자기자본 비율,KOSDAQ|013310|아진산업(주)|2024|2025
KOSDAQ,13310,아진산업(주),2024,2025,manufacturing,mid_sized,test,1,0.0723103593852828,gross_profit,7,-0.4337750077247619,0.4337750077247619,decrease_risk,146084444,013310,mid_sized,manufacturing,false_negative,1,0,투기등급,투자적격,0.0723103593852828,0.315,0.2426896406147172,profitability_returns,매출총이익,매출총이익(손실),KOSDAQ|013310|아진산업(주)|2024|2025
KOSDAQ,13310,아진산업(주),2024,2025,manufacturing,mid_sized,test,1,0.0723103593852828,listed_year,8,-0.4135936498641968,0.4135936498641968,decrease_risk,2015,013310,mid_sized,manufacturing,false_negative,1,0,투기등급,투자적격,0.0723103593852828,0.315,0.2426896406147172,context,상장연도,상장일에서 추출한 연도,KOSDAQ|013310|아진산업(주)|2024|2025
KOSDAQ,13310,아진산업(주),2024,2025,manufacturing,mid_sized,test,1,0.0723103593852828,interest_coverage_ratio,9,0.3185036778450012,0.3185036778450012,increase_risk,1.326392,013310,mid_sized,manufacturing,false_negative,1,0,투기등급,투자적격,0.0723103593852828,0.315,0.2426896406147172,profitability_returns,이자보상배율,영업이익 대비 이자비용 배수,KOSDAQ|013310|아진산업(주)|2024|2025
KOSDAQ,13310,아진산업(주),2024,2025,manufacturing,mid_sized,test,1,0.0723103593852828,dividend_payer,10,-0.2690935432910919,0.2690935432910919,decrease_risk,1,013310,mid_sized,manufacturing,false_negative,1,0,투기등급,투자적격,0.0723103593852828,0.315,0.2426896406147172,market_shareholder,배당금 지급 여부,해당 회계연도에 현금배당을 지급했는지 여부,KOSDAQ|013310|아진산업(주)|2024|2025
KOSDAQ,44340,(주)위닉스,2023,2024,manufacturing,mid_sized,test,1,0.098162978100263,gross_profit,1,-0.4873324632644653,0.4873324632644653,decrease_risk,82036286,044340,mid_sized,manufacturing,false_negative,1,0,투기등급,투자적격,0.098162978100263,0.315,0.216837021899737,profitability_returns,매출총이익,매출총이익(손실),KOSDAQ|044340|(주)위닉스|2023|2024
KOSDAQ,44340,(주)위닉스,2023,2024,manufacturing,mid_sized,test,1,0.098162978100263,interest_coverage_ratio,2,0.4788732826709747,0.4788732826709747,increase_risk,0.863462,044340,mid_sized,manufacturing,false_negative,1,0,투기등급,투자적격,0.098162978100263,0.315,0.216837021899737,profitability_returns,이자보상배율,영업이익 대비 이자비용 배수,KOSDAQ|044340|(주)위닉스|2023|2024
KOSDAQ,44340,(주)위닉스,2023,2024,manufacturing,mid_sized,test,1,0.098162978100263,capital_impairment_ratio,3,-0.4783898293972015,0.4783898293972015,decrease_risk,-22.449574,044340,mid_sized,manufacturing,false_negative,1,0,투기등급,투자적격,0.098162978100263,0.315,0.216837021899737,stability_leverage,자본잠식률,자본금 대비 자본잠식 정도,KOSDAQ|044340|(주)위닉스|2023|2024
KOSDAQ,44340,(주)위닉스,2023,2024,manufacturing,mid_sized,test,1,0.098162978100263,dividend_payer,4,-0.4054705202579498,0.4054705202579498,decrease_risk,1,044340,mid_sized,manufacturing,false_negative,1,0,투기등급,투자적격,0.098162978100263,0.315,0.216837021899737,market_shareholder,배당금 지급 여부,해당 회계연도에 현금배당을 지급했는지 여부,KOSDAQ|044340|(주)위닉스|2023|2024
KOSDAQ,44340,(주)위닉스,2023,2024,manufacturing,mid_sized,test,1,0.098162978100263,total_debt_turnover,5,-0.3060888946056366,0.3060888946056366,decrease_risk,2.432856,044340,mid_sized,manufacturing,false_negative,1,0,투기등급,투자적격,0.098162978100263,0.315,0.216837021899737,cashflow_structure,총부채회전율,총부채 대비 매출액 비율,KOSDAQ|044340|(주)위닉스|2023|2024
KOSDAQ,44340,(주)위닉스,2023,2024,manufacturing,mid_sized,test,1,0.098162978100263,assets_total,6,-0.284318059682846,0.284318059682846,decrease_risk,363825798,044340,mid_sized,manufacturing,false_negative,1,0,투기등급,투자적격,0.098162978100263,0.315,0.216837021899737,stability_leverage,자산총계,총자산,KOSDAQ|044340|(주)위닉스|2023|2024
KOSDAQ,44340,(주)위닉스,2023,2024,manufacturing,mid_sized,test,1,0.098162978100263,accruals_ratio,7,0.2505060732364654,0.2505060732364654,increase_risk,-0.124459,044340,mid_sized,manufacturing,false_negative,1,0,투기등급,투자적격,0.098162978100263,0.315,0.216837021899737,cashflow_structure,발생액 비율,총자산 대비 순이익과 영업현금흐름의 차이 (이익품질 지표),KOSDAQ|044340|(주)위닉스|2023|2024
KOSDAQ,44340,(주)위닉스,2023,2024,manufacturing,mid_sized,test,1,0.098162978100263,equity_ratio,8,-0.2106100171804428,0.2106100171804428,decrease_risk,0.575996,044340,mid_sized,manufacturing,false_negative,1,0,투기등급,투자적격,0.098162978100263,0.315,0.216837021899737,stability_leverage,자기자본비율,총자산 대비 자기자본 비율,KOSDAQ|044340|(주)위닉스|2023|2024
KOSDAQ,44340,(주)위닉스,2023,2024,manufacturing,mid_sized,test,1,0.098162978100263,depreciation,9,0.1876156479120254,0.1876156479120254,increase_risk,12394788,044340,mid_sized,manufacturing,false_negative,1,0,투기등급,투자적격,0.098162978100263,0.315,0.216837021899737,cashflow_structure,감가상각비,감가상각비,KOSDAQ|044340|(주)위닉스|2023|2024
KOSDAQ,44340,(주)위닉스,2023,2024,manufacturing,mid_sized,test,1,0.098162978100263,ocf_to_sales,10,-0.1835187673568725,0.1835187673568725,decrease_risk,0.147301,044340,mid_sized,manufacturing,false_negative,1,0,투기등급,투자적격,0.098162978100263,0.315,0.216837021899737,cashflow_structure,OCF/매출액,매출액 대비 영업현금흐름 비율,KOSDAQ|044340|(주)위닉스|2023|2024
KOSDAQ,38680,에스넷시스템(주),2023,2024,it_services,mid_sized,test,1,0.1190812625086837,industry_macro_category,1,-1.0237592458724976,1.0237592458724976,decrease_risk,it_services,038680,mid_sized,it_services,false_negative,1,0,투기등급,투자적격,0.1190812625086837,0.315,0.1959187374913163,context,산업 대분류,모델링용 산업 대분류,KOSDAQ|038680|에스넷시스템(주)|2023|2024
KOSDAQ,38680,에스넷시스템(주),2023,2024,it_services,mid_sized,test,1,0.1190812625086837,listed_year,2,-0.2942192256450653,0.2942192256450653,decrease_risk,2000,038680,mid_sized,it_services,false_negative,1,0,투기등급,투자적격,0.1190812625086837,0.315,0.1959187374913163,context,상장연도,상장일에서 추출한 연도,KOSDAQ|038680|에스넷시스템(주)|2023|2024
KOSDAQ,38680,에스넷시스템(주),2023,2024,it_services,mid_sized,test,1,0.1190812625086837,cashflow_coverage_ratio,3,0.287809282541275,0.287809282541275,increase_risk,3.715674,038680,mid_sized,it_services,false_negative,1,0,투기등급,투자적격,0.1190812625086837,0.315,0.1959187374913163,cashflow_structure,현금흐름 커버리지,이자비용 대비 영업현금흐름 배수,KOSDAQ|038680|에스넷시스템(주)|2023|2024
KOSDAQ,38680,에스넷시스템(주),2023,2024,it_services,mid_sized,test,1,0.1190812625086837,equity_ratio,4,0.2646543681621551,0.2646543681621551,increase_risk,0.368381,038680,mid_sized,it_services,false_negative,1,0,투기등급,투자적격,0.1190812625086837,0.315,0.1959187374913163,stability_leverage,자기자본비율,총자산 대비 자기자본 비율,KOSDAQ|038680|에스넷시스템(주)|2023|2024
KOSDAQ,38680,에스넷시스템(주),2023,2024,it_services,mid_sized,test,1,0.1190812625086837,gross_profit,5,-0.2168766409158706,0.2168766409158706,decrease_risk,57878759,038680,mid_sized,it_services,false_negative,1,0,투기등급,투자적격,0.1190812625086837,0.315,0.1959187374913163,profitability_returns,매출총이익,매출총이익(손실),KOSDAQ|038680|에스넷시스템(주)|2023|2024
KOSDAQ,38680,에스넷시스템(주),2023,2024,it_services,mid_sized,test,1,0.1190812625086837,depreciation,6,0.1901546120643615,0.1901546120643615,increase_risk,3115993,038680,mid_sized,it_services,false_negative,1,0,투기등급,투자적격,0.1190812625086837,0.315,0.1959187374913163,cashflow_structure,감가상각비,감가상각비,KOSDAQ|038680|에스넷시스템(주)|2023|2024
KOSDAQ,38680,에스넷시스템(주),2023,2024,it_services,mid_sized,test,1,0.1190812625086837,dividend_payer,7,0.1895399093627929,0.1895399093627929,increase_risk,0,038680,mid_sized,it_services,false_negative,1,0,투기등급,투자적격,0.1190812625086837,0.315,0.1959187374913163,market_shareholder,배당금 지급 여부,해당 회계연도에 현금배당을 지급했는지 여부,KOSDAQ|038680|에스넷시스템(주)|2023|2024
KOSDAQ,38680,에스넷시스템(주),2023,2024,it_services,mid_sized,test,1,0.1190812625086837,total_debt_turnover,8,-0.1675765514373779,0.1675765514373779,decrease_risk,2.580463,038680,mid_sized,it_services,false_negative,1,0,투기등급,투자적격,0.1190812625086837,0.315,0.1959187374913163,cashflow_structure,총부채회전율,총부채 대비 매출액 비율,KOSDAQ|038680|에스넷시스템(주)|2023|2024
KOSDAQ,38680,에스넷시스템(주),2023,2024,it_services,mid_sized,test,1,0.1190812625086837,operating_roa,9,-0.1576727479696273,0.1576727479696273,decrease_risk,0.049405,038680,mid_sized,it_services,false_negative,1,0,투기등급,투자적격,0.1190812625086837,0.315,0.1959187374913163,profitability_returns,총자산영업이익률,총자산 대비 영업이익 비율,KOSDAQ|038680|에스넷시스템(주)|2023|2024
KOSDAQ,38680,에스넷시스템(주),2023,2024,it_services,mid_sized,test,1,0.1190812625086837,net_margin,10,-0.154229536652565,0.154229536652565,decrease_risk,0.044222,038680,mid_sized,it_services,false_negative,1,0,투기등급,투자적격,0.1190812625086837,0.315,0.1959187374913163,profitability_returns,순이익률,매출액 대비 당기순이익 비율,KOSDAQ|038680|에스넷시스템(주)|2023|2024
KOSDAQ,53700,삼보모터스(주),2024,2025,manufacturing,mid_sized,test,1,0.1383835367834019,depreciation,1,-1.052829384803772,1.052829384803772,decrease_risk,54959407,053700,mid_sized,manufacturing,false_negative,1,0,투기등급,투자적격,0.1383835367834019,0.315,0.1766164632165981,cashflow_structure,감가상각비,감가상각비,KOSDAQ|053700|삼보모터스(주)|2024|2025
KOSDAQ,53700,삼보모터스(주),2024,2025,manufacturing,mid_sized,test,1,0.1383835367834019,assets_total,2,-0.7643119096755981,0.7643119096755981,decrease_risk,1209043219,053700,mid_sized,manufacturing,false_negative,1,0,투기등급,투자적격,0.1383835367834019,0.315,0.1766164632165981,stability_leverage,자산총계,총자산,KOSDAQ|053700|삼보모터스(주)|2024|2025
KOSDAQ,53700,삼보모터스(주),2024,2025,manufacturing,mid_sized,test,1,0.1383835367834019,gross_profit,3,-0.6459960341453552,0.6459960341453552,decrease_risk,178676944,053700,mid_sized,manufacturing,false_negative,1,0,투기등급,투자적격,0.1383835367834019,0.315,0.1766164632165981,profitability_returns,매출총이익,매출총이익(손실),KOSDAQ|053700|삼보모터스(주)|2024|2025
KOSDAQ,53700,삼보모터스(주),2024,2025,manufacturing,mid_sized,test,1,0.1383835367834019,equity_ratio,4,0.5561336278915405,0.5561336278915405,increase_risk,0.315496,053700,mid_sized,manufacturing,false_negative,1,0,투기등급,투자적격,0.1383835367834019,0.315,0.1766164632165981,stability_leverage,자기자본비율,총자산 대비 자기자본 비율,KOSDAQ|053700|삼보모터스(주)|2024|2025
KOSDAQ,53700,삼보모터스(주),2024,2025,manufacturing,mid_sized,test,1,0.1383835367834019,market_to_book,5,0.540724515914917,0.540724515914917,increase_risk,0.253093,053700,mid_sized,manufacturing,false_negative,1,0,투기등급,투자적격,0.1383835367834019,0.315,0.1766164632165981,market_shareholder,Market-to-Book,시가총액 대비 장부가치 비율,KOSDAQ|053700|삼보모터스(주)|2024|2025
KOSDAQ,53700,삼보모터스(주),2024,2025,manufacturing,mid_sized,test,1,0.1383835367834019,capital_impairment_ratio,6,-0.3525535464286804,0.3525535464286804,decrease_risk,-32.347429,053700,mid_sized,manufacturing,false_negative,1,0,투기등급,투자적격,0.1383835367834019,0.315,0.1766164632165981,stability_leverage,자본잠식률,자본금 대비 자본잠식 정도,KOSDAQ|053700|삼보모터스(주)|2024|2025
KOSDAQ,53700,삼보모터스(주),2024,2025,manufacturing,mid_sized,test,1,0.1383835367834019,dividend_payer,7,-0.2753764986991882,0.2753764986991882,decrease_risk,1,053700,mid_sized,manufacturing,false_negative,1,0,투기등급,투자적격,0.1383835367834019,0.315,0.1766164632165981,market_shareholder,배당금 지급 여부,해당 회계연도에 현금배당을 지급했는지 여부,KOSDAQ|053700|삼보모터스(주)|2024|2025
KOSDAQ,53700,삼보모터스(주),2024,2025,manufacturing,mid_sized,test,1,0.1383835367834019,industry_macro_category,8,0.2659987509250641,0.2659987509250641,increase_risk,manufacturing,053700,mid_sized,manufacturing,false_negative,1,0,투기등급,투자적격,0.1383835367834019,0.315,0.1766164632165981,context,산업 대분류,모델링용 산업 대분류,KOSDAQ|053700|삼보모터스(주)|2024|2025
KOSDAQ,53700,삼보모터스(주),2024,2025,manufacturing,mid_sized,test,1,0.1383835367834019,interest_coverage_ratio,9,0.2196421325206756,0.2196421325206756,increase_risk,1.979848,053700,mid_sized,manufacturing,false_negative,1,0,투기등급,투자적격,0.1383835367834019,0.315,0.1766164632165981,profitability_returns,이자보상배율,영업이익 대비 이자비용 배수,KOSDAQ|053700|삼보모터스(주)|2024|2025
KOSDAQ,53700,삼보모터스(주),2024,2025,manufacturing,mid_sized,test,1,0.1383835367834019,operating_roa,10,-0.1928661167621612,0.1928661167621612,decrease_risk,0.044888,053700,mid_sized,manufacturing,false_negative,1,0,투기등급,투자적격,0.1383835367834019,0.315,0.1766164632165981,profitability_returns,총자산영업이익률,총자산 대비 영업이익 비율,KOSDAQ|053700|삼보모터스(주)|2024|2025
KOSDAQ,263920,(주)휴엠앤씨,2023,2024,manufacturing,mid_sized,test,1,0.1642768108210543,capital_impairment_ratio,1,0.5987870097160339,0.5987870097160339,increase_risk,-0.651313,263920,mid_sized,manufacturing,false_negative,1,0,투기등급,투자적격,0.1642768108210543,0.315,0.1507231891789457,stability_leverage,자본잠식률,자본금 대비 자본잠식 정도,KOSDAQ|263920|(주)휴엠앤씨|2023|2024
KOSDAQ,263920,(주)휴엠앤씨,2023,2024,manufacturing,mid_sized,test,1,0.1642768108210543,interest_coverage_ratio,2,-0.5944212079048157,0.5944212079048157,decrease_risk,9.657442,263920,mid_sized,manufacturing,false_negative,1,0,투기등급,투자적격,0.1642768108210543,0.315,0.1507231891789457,profitability_returns,이자보상배율,영업이익 대비 이자비용 배수,KOSDAQ|263920|(주)휴엠앤씨|2023|2024
KOSDAQ,263920,(주)휴엠앤씨,2023,2024,manufacturing,mid_sized,test,1,0.1642768108210543,net_margin,3,-0.5236763954162598,0.5236763954162598,decrease_risk,0.212872,263920,mid_sized,manufacturing,false_negative,1,0,투기등급,투자적격,0.1642768108210543,0.315,0.1507231891789457,profitability_returns,순이익률,매출액 대비 당기순이익 비율,KOSDAQ|263920|(주)휴엠앤씨|2023|2024
KOSDAQ,263920,(주)휴엠앤씨,2023,2024,manufacturing,mid_sized,test,1,0.1642768108210543,net_margin_diff,4,0.5208660364151001,0.5208660364151001,increase_risk,0.190467,263920,mid_sized,manufacturing,false_negative,1,0,투기등급,투자적격,0.1642768108210543,0.315,0.1507231891789457,trend_early_warning,순이익률 변화,전년 대비 순이익률 변화폭,KOSDAQ|263920|(주)휴엠앤씨|2023|2024
KOSDAQ,263920,(주)휴엠앤씨,2023,2024,manufacturing,mid_sized,test,1,0.1642768108210543,equity_ratio,5,-0.4056621491909027,0.4056621491909027,decrease_risk,0.735774,263920,mid_sized,manufacturing,false_negative,1,0,투기등급,투자적격,0.1642768108210543,0.315,0.1507231891789457,stability_leverage,자기자본비율,총자산 대비 자기자본 비율,KOSDAQ|263920|(주)휴엠앤씨|2023|2024
KOSDAQ,263920,(주)휴엠앤씨,2023,2024,manufacturing,mid_sized,test,1,0.1642768108210543,assets_total,6,0.3117748498916626,0.3117748498916626,increase_risk,55036526,263920,mid_sized,manufacturing,false_negative,1,0,투기등급,투자적격,0.1642768108210543,0.315,0.1507231891789457,stability_leverage,자산총계,총자산,KOSDAQ|263920|(주)휴엠앤씨|2023|2024
KOSDAQ,263920,(주)휴엠앤씨,2023,2024,manufacturing,mid_sized,test,1,0.1642768108210543,total_debt_turnover,7,-0.3084211647510528,0.3084211647510528,decrease_risk,3.330012,263920,mid_sized,manufacturing,false_negative,1,0,투기등급,투자적격,0.1642768108210543,0.315,0.1507231891789457,cashflow_structure,총부채회전율,총부채 대비 매출액 비율,KOSDAQ|263920|(주)휴엠앤씨|2023|2024
KOSDAQ,263920,(주)휴엠앤씨,2023,2024,manufacturing,mid_sized,test,1,0.1642768108210543,gross_profit,8,0.2541805207729339,0.2541805207729339,increase_risk,10446748,263920,mid_sized,manufacturing,false_negative,1,0,투기등급,투자적격,0.1642768108210543,0.315,0.1507231891789457,profitability_returns,매출총이익,매출총이익(손실),KOSDAQ|263920|(주)휴엠앤씨|2023|2024
KOSDAQ,263920,(주)휴엠앤씨,2023,2024,manufacturing,mid_sized,test,1,0.1642768108210543,dividend_payer,9,0.246080607175827,0.246080607175827,increase_risk,0,263920,mid_sized,manufacturing,false_negative,1,0,투기등급,투자적격,0.1642768108210543,0.315,0.1507231891789457,market_shareholder,배당금 지급 여부,해당 회계연도에 현금배당을 지급했는지 여부,KOSDAQ|263920|(주)휴엠앤씨|2023|2024
KOSDAQ,263920,(주)휴엠앤씨,2023,2024,manufacturing,mid_sized,test,1,0.1642768108210543,cashflow_coverage_ratio,10,-0.2379639893770218,0.2379639893770218,decrease_risk,12.248072,263920,mid_sized,manufacturing,false_negative,1,0,투기등급,투자적격,0.1642768108210543,0.315,0.1507231891789457,cashflow_structure,현금흐름 커버리지,이자비용 대비 영업현금흐름 배수,KOSDAQ|263920|(주)휴엠앤씨|2023|2024
KOSDAQ,31310,(주)아이즈비전,2023,2024,it_services,mid_sized,test,1,0.16479115898162,industry_macro_category,1,-0.6125978827476501,0.6125978827476501,decrease_risk,it_services,031310,mid_sized,it_services,false_negative,1,0,투기등급,투자적격,0.16479115898162,0.315,0.15020884101838,context,산업 대분류,모델링용 산업 대분류,KOSDAQ|031310|(주)아이즈비전|2023|2024
KOSDAQ,31310,(주)아이즈비전,2023,2024,it_services,mid_sized,test,1,0.16479115898162,gross_profit,2,0.5732704401016235,0.5732704401016235,increase_risk,35965848,031310,mid_sized,it_services,false_negative,1,0,투기등급,투자적격,0.16479115898162,0.315,0.15020884101838,profitability_returns,매출총이익,매출총이익(손실),KOSDAQ|031310|(주)아이즈비전|2023|2024
KOSDAQ,31310,(주)아이즈비전,2023,2024,it_services,mid_sized,test,1,0.16479115898162,total_debt_turnover,3,-0.5316009521484375,0.5316009521484375,decrease_risk,3.078659,031310,mid_sized,it_services,false_negative,1,0,투기등급,투자적격,0.16479115898162,0.315,0.15020884101838,cashflow_structure,총부채회전율,총부채 대비 매출액 비율,KOSDAQ|031310|(주)아이즈비전|2023|2024
KOSDAQ,31310,(주)아이즈비전,2023,2024,it_services,mid_sized,test,1,0.16479115898162,capital_impairment_ratio,4,-0.5077995657920837,0.5077995657920837,decrease_risk,-16.316178,031310,mid_sized,it_services,false_negative,1,0,투기등급,투자적격,0.16479115898162,0.315,0.15020884101838,stability_leverage,자본잠식률,자본금 대비 자본잠식 정도,KOSDAQ|031310|(주)아이즈비전|2023|2024
KOSDAQ,31310,(주)아이즈비전,2023,2024,it_services,mid_sized,test,1,0.16479115898162,interest_coverage_ratio,5,0.3404125273227691,0.3404125273227691,increase_risk,2.868235,031310,mid_sized,it_services,false_negative,1,0,투기등급,투자적격,0.16479115898162,0.315,0.15020884101838,profitability_returns,이자보상배율,영업이익 대비 이자비용 배수,KOSDAQ|031310|(주)아이즈비전|2023|2024
KOSDAQ,31310,(주)아이즈비전,2023,2024,it_services,mid_sized,test,1,0.16479115898162,market_to_book,6,0.3030275404453277,0.3030275404453277,increase_risk,0.351694,031310,mid_sized,it_services,false_negative,1,0,투기등급,투자적격,0.16479115898162,0.315,0.15020884101838,market_shareholder,Market-to-Book,시가총액 대비 장부가치 비율,KOSDAQ|031310|(주)아이즈비전|2023|2024
KOSDAQ,31310,(주)아이즈비전,2023,2024,it_services,mid_sized,test,1,0.16479115898162,dividend_payer,7,0.2893470525741577,0.2893470525741577,increase_risk,0,031310,mid_sized,it_services,false_negative,1,0,투기등급,투자적격,0.16479115898162,0.315,0.15020884101838,market_shareholder,배당금 지급 여부,해당 회계연도에 현금배당을 지급했는지 여부,KOSDAQ|031310|(주)아이즈비전|2023|2024
KOSDAQ,31310,(주)아이즈비전,2023,2024,it_services,mid_sized,test,1,0.16479115898162,equity_ratio,8,-0.2870738208293915,0.2870738208293915,decrease_risk,0.746716,031310,mid_sized,it_services,false_negative,1,0,투기등급,투자적격,0.16479115898162,0.315,0.15020884101838,stability_leverage,자기자본비율,총자산 대비 자기자본 비율,KOSDAQ|031310|(주)아이즈비전|2023|2024
KOSDAQ,31310,(주)아이즈비전,2023,2024,it_services,mid_sized,test,1,0.16479115898162,cash_ratio,9,-0.2657094895839691,0.2657094895839691,decrease_risk,0.598676,031310,mid_sized,it_services,false_negative,1,0,투기등급,투자적격,0.16479115898162,0.315,0.15020884101838,stability_leverage,현금비율,유동부채 대비 현금및현금성자산 비율,KOSDAQ|031310|(주)아이즈비전|2023|2024
KOSDAQ,31310,(주)아이즈비전,2023,2024,it_services,mid_sized,test,1,0.16479115898162,listed_year,10,-0.2385717332363128,0.2385717332363128,decrease_risk,1997,031310,mid_sized,it_services,false_negative,1,0,투기등급,투자적격,0.16479115898162,0.315,0.15020884101838,context,상장연도,상장일에서 추출한 연도,KOSDAQ|031310|(주)아이즈비전|2023|2024
KOSDAQ,36010,아비코전자(주),2023,2024,manufacturing,mid_sized,test,1,0.1658940244075512,capital_impairment_ratio,1,-0.5863028764724731,0.5863028764724731,decrease_risk,-15.425059,036010,mid_sized,manufacturing,false_negative,1,0,투기등급,투자적격,0.1658940244075512,0.315,0.14910597559244881,stability_leverage,자본잠식률,자본금 대비 자본잠식 정도,KOSDAQ|036010|아비코전자(주)|2023|2024
KOSDAQ,36010,아비코전자(주),2023,2024,manufacturing,mid_sized,test,1,0.1658940244075512,dividend_payer,2,-0.4848624765872955,0.4848624765872955,decrease_risk,1,036010,mid_sized,manufacturing,false_negative,1,0,투기등급,투자적격,0.1658940244075512,0.315,0.14910597559244881,market_shareholder,배당금 지급 여부,해당 회계연도에 현금배당을 지급했는지 여부,KOSDAQ|036010|아비코전자(주)|2023|2024
KOSDAQ,36010,아비코전자(주),2023,2024,manufacturing,mid_sized,test,1,0.1658940244075512,net_margin,3,0.4534747898578644,0.4534747898578644,increase_risk,-0.01898,036010,mid_sized,manufacturing,false_negative,1,0,투기등급,투자적격,0.1658940244075512,0.315,0.14910597559244881,profitability_returns,순이익률,매출액 대비 당기순이익 비율,KOSDAQ|036010|아비코전자(주)|2023|2024
KOSDAQ,36010,아비코전자(주),2023,2024,manufacturing,mid_sized,test,1,0.1658940244075512,total_debt_turnover,4,-0.3999641239643097,0.3999641239643097,decrease_risk,3.932945,036010,mid_sized,manufacturing,false_negative,1,0,투기등급,투자적격,0.1658940244075512,0.315,0.14910597559244881,cashflow_structure,총부채회전율,총부채 대비 매출액 비율,KOSDAQ|036010|아비코전자(주)|2023|2024
KOSDAQ,36010,아비코전자(주),2023,2024,manufacturing,mid_sized,test,1,0.1658940244075512,cash_ratio,5,0.3674848675727844,0.3674848675727844,increase_risk,1.54453,036010,mid_sized,manufacturing,false_negative,1,0,투기등급,투자적격,0.1658940244075512,0.315,0.14910597559244881,stability_leverage,현금비율,유동부채 대비 현금및현금성자산 비율,KOSDAQ|036010|아비코전자(주)|2023|2024
KOSDAQ,36010,아비코전자(주),2023,2024,manufacturing,mid_sized,test,1,0.1658940244075512,equity_ratio,6,-0.3546382486820221,0.3546382486820221,decrease_risk,0.780855,036010,mid_sized,manufacturing,false_negative,1,0,투기등급,투자적격,0.1658940244075512,0.315,0.14910597559244881,stability_leverage,자기자본비율,총자산 대비 자기자본 비율,KOSDAQ|036010|아비코전자(주)|2023|2024
KOSDAQ,36010,아비코전자(주),2023,2024,manufacturing,mid_sized,test,1,0.1658940244075512,interest_coverage_ratio,7,0.3528123795986175,0.3528123795986175,increase_risk,-16.700062,036010,mid_sized,manufacturing,false_negative,1,0,투기등급,투자적격,0.1658940244075512,0.315,0.14910597559244881,profitability_returns,이자보상배율,영업이익 대비 이자비용 배수,KOSDAQ|036010|아비코전자(주)|2023|2024
KOSDAQ,36010,아비코전자(주),2023,2024,manufacturing,mid_sized,test,1,0.1658940244075512,cashflow_coverage_ratio,8,-0.2713868319988251,0.2713868319988251,decrease_risk,11.352407,036010,mid_sized,manufacturing,false_negative,1,0,투기등급,투자적격,0.1658940244075512,0.315,0.14910597559244881,cashflow_structure,현금흐름 커버리지,이자비용 대비 영업현금흐름 배수,KOSDAQ|036010|아비코전자(주)|2023|2024
KOSDAQ,36010,아비코전자(주),2023,2024,manufacturing,mid_sized,test,1,0.1658940244075512,depreciation,9,0.2629588544368744,0.2629588544368744,increase_risk,5968010,036010,mid_sized,manufacturing,false_negative,1,0,투기등급,투자적격,0.1658940244075512,0.315,0.14910597559244881,cashflow_structure,감가상각비,감가상각비,KOSDAQ|036010|아비코전자(주)|2023|2024
KOSDAQ,36010,아비코전자(주),2023,2024,manufacturing,mid_sized,test,1,0.1658940244075512,net_margin_diff,10,-0.2554556429386139,0.2554556429386139,decrease_risk,-0.075803,036010,mid_sized,manufacturing,false_negative,1,0,투기등급,투자적격,0.1658940244075512,0.315,0.14910597559244881,trend_early_warning,순이익률 변화,전년 대비 순이익률 변화폭,KOSDAQ|036010|아비코전자(주)|2023|2024
KOSDAQ,215360,우리산업(주),2024,2025,manufacturing,mid_sized,test,1,0.2081999929864626,gross_profit,1,-0.6117023229598999,0.6117023229598999,decrease_risk,70276248,215360,mid_sized,manufacturing,false_negative,1,0,투기등급,투자적격,0.2081999929864626,0.315,0.1068000070135374,profitability_returns,매출총이익,매출총이익(손실),KOSDAQ|215360|우리산업(주)|2024|2025
KOSDAQ,215360,우리산업(주),2024,2025,manufacturing,mid_sized,test,1,0.2081999929864626,equity_ratio,2,0.5119851231575012,0.5119851231575012,increase_risk,0.344929,215360,mid_sized,manufacturing,false_negative,1,0,투기등급,투자적격,0.2081999929864626,0.315,0.1068000070135374,stability_leverage,자기자본비율,총자산 대비 자기자본 비율,KOSDAQ|215360|우리산업(주)|2024|2025
KOSDAQ,215360,우리산업(주),2024,2025,manufacturing,mid_sized,test,1,0.2081999929864626,dividend_payer,3,-0.3857067227363586,0.3857067227363586,decrease_risk,1,215360,mid_sized,manufacturing,false_negative,1,0,투기등급,투자적격,0.2081999929864626,0.315,0.1068000070135374,market_shareholder,배당금 지급 여부,해당 회계연도에 현금배당을 지급했는지 여부,KOSDAQ|215360|우리산업(주)|2024|2025
KOSDAQ,215360,우리산업(주),2024,2025,manufacturing,mid_sized,test,1,0.2081999929864626,capital_impairment_ratio,4,-0.310299813747406,0.310299813747406,decrease_risk,-23.515943,215360,mid_sized,manufacturing,false_negative,1,0,투기등급,투자적격,0.2081999929864626,0.315,0.1068000070135374,stability_leverage,자본잠식률,자본금 대비 자본잠식 정도,KOSDAQ|215360|우리산업(주)|2024|2025
KOSDAQ,215360,우리산업(주),2024,2025,manufacturing,mid_sized,test,1,0.2081999929864626,interest_coverage_ratio,5,0.2714350521564483,0.2714350521564483,increase_risk,2.465806,215360,mid_sized,manufacturing,false_negative,1,0,투기등급,투자적격,0.2081999929864626,0.315,0.1068000070135374,profitability_returns,이자보상배율,영업이익 대비 이자비용 배수,KOSDAQ|215360|우리산업(주)|2024|2025
KOSDAQ,215360,우리산업(주),2024,2025,manufacturing,mid_sized,test,1,0.2081999929864626,listed_year,6,-0.2520780861377716,0.2520780861377716,decrease_risk,2015,215360,mid_sized,manufacturing,false_negative,1,0,투기등급,투자적격,0.2081999929864626,0.315,0.1068000070135374,context,상장연도,상장일에서 추출한 연도,KOSDAQ|215360|우리산업(주)|2024|2025
KOSDAQ,215360,우리산업(주),2024,2025,manufacturing,mid_sized,test,1,0.2081999929864626,pretax_roe,7,0.2195724248886108,0.2195724248886108,increase_risk,0.165594,215360,mid_sized,manufacturing,false_negative,1,0,투기등급,투자적격,0.2081999929864626,0.315,0.1068000070135374,profitability_returns,세전계속사업이익 기준 ROE,자기자본 대비 세전이익 비율,KOSDAQ|215360|우리산업(주)|2024|2025
KOSDAQ,215360,우리산업(주),2024,2025,manufacturing,mid_sized,test,1,0.2081999929864626,assets_total,8,-0.199806347489357,0.199806347489357,decrease_risk,324535495,215360,mid_sized,manufacturing,false_negative,1,0,투기등급,투자적격,0.2081999929864626,0.315,0.1068000070135374,stability_leverage,자산총계,총자산,KOSDAQ|215360|우리산업(주)|2024|2025
KOSDAQ,215360,우리산업(주),2024,2025,manufacturing,mid_sized,test,1,0.2081999929864626,depreciation,9,0.1892270892858505,0.1892270892858505,increase_risk,9302598,215360,mid_sized,manufacturing,false_negative,1,0,투기등급,투자적격,0.2081999929864626,0.315,0.1068000070135374,cashflow_structure,감가상각비,감가상각비,KOSDAQ|215360|우리산업(주)|2024|2025
KOSDAQ,215360,우리산업(주),2024,2025,manufacturing,mid_sized,test,1,0.2081999929864626,debt_ratio,10,0.1878107786178589,0.1878107786178589,increase_risk,1.899145,215360,mid_sized,manufacturing,false_negative,1,0,투기등급,투자적격,0.2081999929864626,0.315,0.1068000070135374,stability_leverage,부채비율,자기자본 대비 총부채 비율,KOSDAQ|215360|우리산업(주)|2024|2025
KOSDAQ,86890,(주)이수앱지스,2023,2024,manufacturing,mid_sized,test,1,0.21432536801147,interest_coverage_ratio,1,-0.7222571969032288,0.7222571969032288,decrease_risk,1000000.0,086890,mid_sized,manufacturing,false_negative,1,0,투기등급,투자적격,0.21432536801147,0.315,0.10067463198853,profitability_returns,이자보상배율,영업이익 대비 이자비용 배수,KOSDAQ|086890|(주)이수앱지스|2023|2024
KOSDAQ,86890,(주)이수앱지스,2023,2024,manufacturing,mid_sized,test,1,0.21432536801147,listed_year,2,-0.2829249501228332,0.2829249501228332,decrease_risk,2009,086890,mid_sized,manufacturing,false_negative,1,0,투기등급,투자적격,0.21432536801147,0.315,0.10067463198853,context,상장연도,상장일에서 추출한 연도,KOSDAQ|086890|(주)이수앱지스|2023|2024
KOSDAQ,86890,(주)이수앱지스,2023,2024,manufacturing,mid_sized,test,1,0.21432536801147,assets_total,3,0.2608340680599212,0.2608340680599212,increase_risk,0,086890,mid_sized,manufacturing,false_negative,1,0,투기등급,투자적격,0.21432536801147,0.315,0.10067463198853,stability_leverage,자산총계,총자산,KOSDAQ|086890|(주)이수앱지스|2023|2024
KOSDAQ,86890,(주)이수앱지스,2023,2024,manufacturing,mid_sized,test,1,0.21432536801147,gross_profit,4,0.2353251129388809,0.2353251129388809,increase_risk,0,086890,mid_sized,manufacturing,false_negative,1,0,투기등급,투자적격,0.21432536801147,0.315,0.10067463198853,profitability_returns,매출총이익,매출총이익(손실),KOSDAQ|086890|(주)이수앱지스|2023|2024
KOSDAQ,86890,(주)이수앱지스,2023,2024,manufacturing,mid_sized,test,1,0.21432536801147,capital_impairment_ratio,5,0.2222993373870849,0.2222993373870849,increase_risk,,086890,mid_sized,manufacturing,false_negative,1,0,투기등급,투자적격,0.21432536801147,0.315,0.10067463198853,stability_leverage,자본잠식률,자본금 대비 자본잠식 정도,KOSDAQ|086890|(주)이수앱지스|2023|2024
KOSDAQ,86890,(주)이수앱지스,2023,2024,manufacturing,mid_sized,test,1,0.21432536801147,dividend_payer,6,0.2192054688930511,0.2192054688930511,increase_risk,0,086890,mid_sized,manufacturing,false_negative,1,0,투기등급,투자적격,0.21432536801147,0.315,0.10067463198853,market_shareholder,배당금 지급 여부,해당 회계연도에 현금배당을 지급했는지 여부,KOSDAQ|086890|(주)이수앱지스|2023|2024
KOSDAQ,86890,(주)이수앱지스,2023,2024,manufacturing,mid_sized,test,1,0.21432536801147,cashflow_coverage_ratio,7,-0.2002393305301666,0.2002393305301666,decrease_risk,1000000.0,086890,mid_sized,manufacturing,false_negative,1,0,투기등급,투자적격,0.21432536801147,0.315,0.10067463198853,cashflow_structure,현금흐름 커버리지,이자비용 대비 영업현금흐름 배수,KOSDAQ|086890|(주)이수앱지스|2023|2024
KOSDAQ,86890,(주)이수앱지스,2023,2024,manufacturing,mid_sized,test,1,0.21432536801147,equity_ratio,8,-0.1154448390007019,0.1154448390007019,decrease_risk,,086890,mid_sized,manufacturing,false_negative,1,0,투기등급,투자적격,0.21432536801147,0.315,0.10067463198853,stability_leverage,자기자본비율,총자산 대비 자기자본 비율,KOSDAQ|086890|(주)이수앱지스|2023|2024
KOSDAQ,86890,(주)이수앱지스,2023,2024,manufacturing,mid_sized,test,1,0.21432536801147,firm_size_group,9,-0.096432626247406,0.096432626247406,decrease_risk,mid_sized,086890,mid_sized,manufacturing,false_negative,1,0,투기등급,투자적격,0.21432536801147,0.315,0.10067463198853,context,기업규모 그룹,모델링용 기업규모 그룹,KOSDAQ|086890|(주)이수앱지스|2023|2024
KOSDAQ,86890,(주)이수앱지스,2023,2024,manufacturing,mid_sized,test,1,0.21432536801147,total_debt_turnover,10,-0.0936213582754135,0.0936213582754135,decrease_risk,,086890,mid_sized,manufacturing,false_negative,1,0,투기등급,투자적격,0.21432536801147,0.315,0.10067463198853,cashflow_structure,총부채회전율,총부채 대비 매출액 비율,KOSDAQ|086890|(주)이수앱지스|2023|2024
KOSDAQ,86670,(주)비엠티,2023,2024,manufacturing,small_and_medium,test,1,0.231637033411979,net_margin,1,-0.5038990378379822,0.5038990378379822,decrease_risk,0.111793,086670,small_and_medium,manufacturing,false_negative,1,0,투기등급,투자적격,0.231637033411979,0.315,0.083362966588021,profitability_returns,순이익률,매출액 대비 당기순이익 비율,KOSDAQ|086670|(주)비엠티|2023|2024
KOSDAQ,86670,(주)비엠티,2023,2024,manufacturing,small_and_medium,test,1,0.231637033411979,gross_profit,2,0.5033280849456787,0.5033280849456787,increase_risk,37657325,086670,small_and_medium,manufacturing,false_negative,1,0,투기등급,투자적격,0.231637033411979,0.315,0.083362966588021,profitability_returns,매출총이익,매출총이익(손실),KOSDAQ|086670|(주)비엠티|2023|2024
KOSDAQ,86670,(주)비엠티,2023,2024,manufacturing,small_and_medium,test,1,0.231637033411979,capital_impairment_ratio,3,-0.5011534094810486,0.5011534094810486,decrease_risk,-25.578599,086670,small_and_medium,manufacturing,false_negative,1,0,투기등급,투자적격,0.231637033411979,0.315,0.083362966588021,stability_leverage,자본잠식률,자본금 대비 자본잠식 정도,KOSDAQ|086670|(주)비엠티|2023|2024
KOSDAQ,86670,(주)비엠티,2023,2024,manufacturing,small_and_medium,test,1,0.231637033411979,dividend_payer,4,-0.3793456256389618,0.3793456256389618,decrease_risk,1,086670,small_and_medium,manufacturing,false_negative,1,0,투기등급,투자적격,0.231637033411979,0.315,0.083362966588021,market_shareholder,배당금 지급 여부,해당 회계연도에 현금배당을 지급했는지 여부,KOSDAQ|086670|(주)비엠티|2023|2024
KOSDAQ,86670,(주)비엠티,2023,2024,manufacturing,small_and_medium,test,1,0.231637033411979,firm_size_group,5,0.3719061911106109,0.3719061911106109,increase_risk,small_and_medium,086670,small_and_medium,manufacturing,false_negative,1,0,투기등급,투자적격,0.231637033411979,0.315,0.083362966588021,context,기업규모 그룹,모델링용 기업규모 그룹,KOSDAQ|086670|(주)비엠티|2023|2024
KOSDAQ,86670,(주)비엠티,2023,2024,manufacturing,small_and_medium,test,1,0.231637033411979,ocf_to_sales,6,-0.2086235433816909,0.2086235433816909,decrease_risk,0.09681,086670,small_and_medium,manufacturing,false_negative,1,0,투기등급,투자적격,0.231637033411979,0.315,0.083362966588021,cashflow_structure,OCF/매출액,매출액 대비 영업현금흐름 비율,KOSDAQ|086670|(주)비엠티|2023|2024
KOSDAQ,86670,(주)비엠티,2023,2024,manufacturing,small_and_medium,test,1,0.231637033411979,listed_year,7,0.205513060092926,0.205513060092926,increase_risk,2007,086670,small_and_medium,manufacturing,false_negative,1,0,투기등급,투자적격,0.231637033411979,0.315,0.083362966588021,context,상장연도,상장일에서 추출한 연도,KOSDAQ|086670|(주)비엠티|2023|2024
KOSDAQ,86670,(주)비엠티,2023,2024,manufacturing,small_and_medium,test,1,0.231637033411979,interest_coverage_ratio,8,0.1994770914316177,0.1994770914316177,increase_risk,4.092266,086670,small_and_medium,manufacturing,false_negative,1,0,투기등급,투자적격,0.231637033411979,0.315,0.083362966588021,profitability_returns,이자보상배율,영업이익 대비 이자비용 배수,KOSDAQ|086670|(주)비엠티|2023|2024
KOSDAQ,86670,(주)비엠티,2023,2024,manufacturing,small_and_medium,test,1,0.231637033411979,equity_ratio,9,-0.1735322028398513,0.1735322028398513,decrease_risk,0.486367,086670,small_and_medium,manufacturing,false_negative,1,0,투기등급,투자적격,0.231637033411979,0.315,0.083362966588021,stability_leverage,자기자본비율,총자산 대비 자기자본 비율,KOSDAQ|086670|(주)비엠티|2023|2024
KOSDAQ,86670,(주)비엠티,2023,2024,manufacturing,small_and_medium,test,1,0.231637033411979,cashflow_coverage_ratio,10,0.1639697551727295,0.1639697551727295,increase_risk,3.399961,086670,small_and_medium,manufacturing,false_negative,1,0,투기등급,투자적격,0.231637033411979,0.315,0.083362966588021,cashflow_structure,현금흐름 커버리지,이자비용 대비 영업현금흐름 배수,KOSDAQ|086670|(주)비엠티|2023|2024
KOSDAQ,86890,(주)이수앱지스,2024,2025,manufacturing,mid_sized,test,1,0.2316820960708796,interest_coverage_ratio,1,-0.7222571969032288,0.7222571969032288,decrease_risk,1000000.0,086890,mid_sized,manufacturing,false_negative,1,0,투기등급,투자적격,0.2316820960708796,0.315,0.08331790392912039,profitability_returns,이자보상배율,영업이익 대비 이자비용 배수,KOSDAQ|086890|(주)이수앱지스|2024|2025
KOSDAQ,86890,(주)이수앱지스,2024,2025,manufacturing,mid_sized,test,1,0.2316820960708796,assets_total,2,0.2640526294708252,0.2640526294708252,increase_risk,0,086890,mid_sized,manufacturing,false_negative,1,0,투기등급,투자적격,0.2316820960708796,0.315,0.08331790392912039,stability_leverage,자산총계,총자산,KOSDAQ|086890|(주)이수앱지스|2024|2025
KOSDAQ,86890,(주)이수앱지스,2024,2025,manufacturing,mid_sized,test,1,0.2316820960708796,listed_year,3,-0.2603300213813782,0.2603300213813782,decrease_risk,2009,086890,mid_sized,manufacturing,false_negative,1,0,투기등급,투자적격,0.2316820960708796,0.315,0.08331790392912039,context,상장연도,상장일에서 추출한 연도,KOSDAQ|086890|(주)이수앱지스|2024|2025
KOSDAQ,86890,(주)이수앱지스,2024,2025,manufacturing,mid_sized,test,1,0.2316820960708796,gross_profit,4,0.2384747713804245,0.2384747713804245,increase_risk,0,086890,mid_sized,manufacturing,false_negative,1,0,투기등급,투자적격,0.2316820960708796,0.315,0.08331790392912039,profitability_returns,매출총이익,매출총이익(손실),KOSDAQ|086890|(주)이수앱지스|2024|2025
KOSDAQ,86890,(주)이수앱지스,2024,2025,manufacturing,mid_sized,test,1,0.2316820960708796,capital_impairment_ratio,5,0.2230949103832245,0.2230949103832245,increase_risk,,086890,mid_sized,manufacturing,false_negative,1,0,투기등급,투자적격,0.2316820960708796,0.315,0.08331790392912039,stability_leverage,자본잠식률,자본금 대비 자본잠식 정도,KOSDAQ|086890|(주)이수앱지스|2024|2025
KOSDAQ,86890,(주)이수앱지스,2024,2025,manufacturing,mid_sized,test,1,0.2316820960708796,dividend_payer,6,0.2188955843448639,0.2188955843448639,increase_risk,0,086890,mid_sized,manufacturing,false_negative,1,0,투기등급,투자적격,0.2316820960708796,0.315,0.08331790392912039,market_shareholder,배당금 지급 여부,해당 회계연도에 현금배당을 지급했는지 여부,KOSDAQ|086890|(주)이수앱지스|2024|2025
KOSDAQ,86890,(주)이수앱지스,2024,2025,manufacturing,mid_sized,test,1,0.2316820960708796,cashflow_coverage_ratio,7,-0.2008926272392273,0.2008926272392273,decrease_risk,1000000.0,086890,mid_sized,manufacturing,false_negative,1,0,투기등급,투자적격,0.2316820960708796,0.315,0.08331790392912039,cashflow_structure,현금흐름 커버리지,이자비용 대비 영업현금흐름 배수,KOSDAQ|086890|(주)이수앱지스|2024|2025
KOSDAQ,86890,(주)이수앱지스,2024,2025,manufacturing,mid_sized,test,1,0.2316820960708796,equity_ratio,8,-0.1154448390007019,0.1154448390007019,decrease_risk,,086890,mid_sized,manufacturing,false_negative,1,0,투기등급,투자적격,0.2316820960708796,0.315,0.08331790392912039,stability_leverage,자기자본비율,총자산 대비 자기자본 비율,KOSDAQ|086890|(주)이수앱지스|2024|2025
KOSDAQ,86890,(주)이수앱지스,2024,2025,manufacturing,mid_sized,test,1,0.2316820960708796,firm_size_group,9,-0.0958120971918106,0.0958120971918106,decrease_risk,mid_sized,086890,mid_sized,manufacturing,false_negative,1,0,투기등급,투자적격,0.2316820960708796,0.315,0.08331790392912039,context,기업규모 그룹,모델링용 기업규모 그룹,KOSDAQ|086890|(주)이수앱지스|2024|2025
KOSDAQ,86890,(주)이수앱지스,2024,2025,manufacturing,mid_sized,test,1,0.2316820960708796,total_debt_turnover,10,-0.0943905338644981,0.0943905338644981,decrease_risk,,086890,mid_sized,manufacturing,false_negative,1,0,투기등급,투자적격,0.2316820960708796,0.315,0.08331790392912039,cashflow_structure,총부채회전율,총부채 대비 매출액 비율,KOSDAQ|086890|(주)이수앱지스|2024|2025
KOSDAQ,140070,(주)서플러스글로벌,2023,2024,wholesale_retail,mid_sized,test,1,0.2326359080701688,industry_macro_category,1,0.5515467524528503,0.5515467524528503,increase_risk,wholesale_retail,140070,mid_sized,wholesale_retail,false_negative,1,0,투기등급,투자적격,0.2326359080701688,0.315,0.08236409192983121,context,산업 대분류,모델링용 산업 대분류,KOSDAQ|140070|(주)서플러스글로벌|2023|2024
KOSDAQ,140070,(주)서플러스글로벌,2023,2024,wholesale_retail,mid_sized,test,1,0.2326359080701688,gross_profit,2,0.5259665250778198,0.5259665250778198,increase_risk,39255762,140070,mid_sized,wholesale_retail,false_negative,1,0,투기등급,투자적격,0.2326359080701688,0.315,0.08236409192983121,profitability_returns,매출총이익,매출총이익(손실),KOSDAQ|140070|(주)서플러스글로벌|2023|2024
KOSDAQ,140070,(주)서플러스글로벌,2023,2024,wholesale_retail,mid_sized,test,1,0.2326359080701688,dividend_payer,3,-0.5188775658607483,0.5188775658607483,decrease_risk,1,140070,mid_sized,wholesale_retail,false_negative,1,0,투기등급,투자적격,0.2326359080701688,0.315,0.08236409192983121,market_shareholder,배당금 지급 여부,해당 회계연도에 현금배당을 지급했는지 여부,KOSDAQ|140070|(주)서플러스글로벌|2023|2024
KOSDAQ,140070,(주)서플러스글로벌,2023,2024,wholesale_retail,mid_sized,test,1,0.2326359080701688,interest_coverage_ratio,4,0.2946102321147918,0.2946102321147918,increase_risk,2.198383,140070,mid_sized,wholesale_retail,false_negative,1,0,투기등급,투자적격,0.2326359080701688,0.315,0.08236409192983121,profitability_returns,이자보상배율,영업이익 대비 이자비용 배수,KOSDAQ|140070|(주)서플러스글로벌|2023|2024
KOSDAQ,140070,(주)서플러스글로벌,2023,2024,wholesale_retail,mid_sized,test,1,0.2326359080701688,assets_total,5,-0.256892055273056,0.256892055273056,decrease_risk,344199779,140070,mid_sized,wholesale_retail,false_negative,1,0,투기등급,투자적격,0.2326359080701688,0.315,0.08236409192983121,stability_leverage,자산총계,총자산,KOSDAQ|140070|(주)서플러스글로벌|2023|2024
KOSDAQ,140070,(주)서플러스글로벌,2023,2024,wholesale_retail,mid_sized,test,1,0.2326359080701688,listed_year,6,-0.2540806233882904,0.2540806233882904,decrease_risk,2017,140070,mid_sized,wholesale_retail,false_negative,1,0,투기등급,투자적격,0.2326359080701688,0.315,0.08236409192983121,context,상장연도,상장일에서 추출한 연도,KOSDAQ|140070|(주)서플러스글로벌|2023|2024
KOSDAQ,140070,(주)서플러스글로벌,2023,2024,wholesale_retail,mid_sized,test,1,0.2326359080701688,capital_impairment_ratio,7,-0.2535044848918915,0.2535044848918915,decrease_risk,-50.131069,140070,mid_sized,wholesale_retail,false_negative,1,0,투기등급,투자적격,0.2326359080701688,0.315,0.08236409192983121,stability_leverage,자본잠식률,자본금 대비 자본잠식 정도,KOSDAQ|140070|(주)서플러스글로벌|2023|2024
KOSDAQ,140070,(주)서플러스글로벌,2023,2024,wholesale_retail,mid_sized,test,1,0.2326359080701688,depreciation,8,0.2099345624446869,0.2099345624446869,increase_risk,5719534,140070,mid_sized,wholesale_retail,false_negative,1,0,투기등급,투자적격,0.2326359080701688,0.315,0.08236409192983121,cashflow_structure,감가상각비,감가상각비,KOSDAQ|140070|(주)서플러스글로벌|2023|2024
KOSDAQ,140070,(주)서플러스글로벌,2023,2024,wholesale_retail,mid_sized,test,1,0.2326359080701688,net_margin,9,-0.1791139543056488,0.1791139543056488,decrease_risk,0.033467,140070,mid_sized,wholesale_retail,false_negative,1,0,투기등급,투자적격,0.2326359080701688,0.315,0.08236409192983121,profitability_returns,순이익률,매출액 대비 당기순이익 비율,KOSDAQ|140070|(주)서플러스글로벌|2023|2024
KOSDAQ,140070,(주)서플러스글로벌,2023,2024,wholesale_retail,mid_sized,test,1,0.2326359080701688,cashflow_coverage_ratio,10,0.1455790698528289,0.1455790698528289,increase_risk,-3.458575,140070,mid_sized,wholesale_retail,false_negative,1,0,투기등급,투자적격,0.2326359080701688,0.315,0.08236409192983121,cashflow_structure,현금흐름 커버리지,이자비용 대비 영업현금흐름 배수,KOSDAQ|140070|(주)서플러스글로벌|2023|2024
KOSDAQ,24830,(주)세원물산,2023,2024,manufacturing,mid_sized,test,1,0.2412288857051393,interest_coverage_ratio,1,-0.7235223650932312,0.7235223650932312,decrease_risk,1000000.0,024830,mid_sized,manufacturing,false_negative,1,0,투기등급,투자적격,0.2412288857051393,0.315,0.07377111429486069,profitability_returns,이자보상배율,영업이익 대비 이자비용 배수,KOSDAQ|024830|(주)세원물산|2023|2024
KOSDAQ,24830,(주)세원물산,2023,2024,manufacturing,mid_sized,test,1,0.2412288857051393,gross_profit,2,0.2460472583770752,0.2460472583770752,increase_risk,0,024830,mid_sized,manufacturing,false_negative,1,0,투기등급,투자적격,0.2412288857051393,0.315,0.07377111429486069,profitability_returns,매출총이익,매출총이익(손실),KOSDAQ|024830|(주)세원물산|2023|2024
KOSDAQ,24830,(주)세원물산,2023,2024,manufacturing,mid_sized,test,1,0.2412288857051393,assets_total,3,0.2415700256824493,0.2415700256824493,increase_risk,0,024830,mid_sized,manufacturing,false_negative,1,0,투기등급,투자적격,0.2412288857051393,0.315,0.07377111429486069,stability_leverage,자산총계,총자산,KOSDAQ|024830|(주)세원물산|2023|2024
KOSDAQ,24830,(주)세원물산,2023,2024,manufacturing,mid_sized,test,1,0.2412288857051393,capital_impairment_ratio,4,0.24109947681427,0.24109947681427,increase_risk,,024830,mid_sized,manufacturing,false_negative,1,0,투기등급,투자적격,0.2412288857051393,0.315,0.07377111429486069,stability_leverage,자본잠식률,자본금 대비 자본잠식 정도,KOSDAQ|024830|(주)세원물산|2023|2024
KOSDAQ,24830,(주)세원물산,2023,2024,manufacturing,mid_sized,test,1,0.2412288857051393,dividend_payer,5,0.2092145979404449,0.2092145979404449,increase_risk,0,024830,mid_sized,manufacturing,false_negative,1,0,투기등급,투자적격,0.2412288857051393,0.315,0.07377111429486069,market_shareholder,배당금 지급 여부,해당 회계연도에 현금배당을 지급했는지 여부,KOSDAQ|024830|(주)세원물산|2023|2024
KOSDAQ,24830,(주)세원물산,2023,2024,manufacturing,mid_sized,test,1,0.2412288857051393,cashflow_coverage_ratio,6,-0.2030809819698333,0.2030809819698333,decrease_risk,1000000.0,024830,mid_sized,manufacturing,false_negative,1,0,투기등급,투자적격,0.2412288857051393,0.315,0.07377111429486069,cashflow_structure,현금흐름 커버리지,이자비용 대비 영업현금흐름 배수,KOSDAQ|024830|(주)세원물산|2023|2024
KOSDAQ,24830,(주)세원물산,2023,2024,manufacturing,mid_sized,test,1,0.2412288857051393,listed_year,7,-0.1534493416547775,0.1534493416547775,decrease_risk,1994,024830,mid_sized,manufacturing,false_negative,1,0,투기등급,투자적격,0.2412288857051393,0.315,0.07377111429486069,context,상장연도,상장일에서 추출한 연도,KOSDAQ|024830|(주)세원물산|2023|2024
KOSDAQ,24830,(주)세원물산,2023,2024,manufacturing,mid_sized,test,1,0.2412288857051393,firm_size_group,8,-0.1082016825675964,0.1082016825675964,decrease_risk,mid_sized,024830,mid_sized,manufacturing,false_negative,1,0,투기등급,투자적격,0.2412288857051393,0.315,0.07377111429486069,context,기업규모 그룹,모델링용 기업규모 그룹,KOSDAQ|024830|(주)세원물산|2023|2024
KOSDAQ,24830,(주)세원물산,2023,2024,manufacturing,mid_sized,test,1,0.2412288857051393,total_debt_turnover,9,-0.1000555381178855,0.1000555381178855,decrease_risk,,024830,mid_sized,manufacturing,false_negative,1,0,투기등급,투자적격,0.2412288857051393,0.315,0.07377111429486069,cashflow_structure,총부채회전율,총부채 대비 매출액 비율,KOSDAQ|024830|(주)세원물산|2023|2024
KOSDAQ,24830,(주)세원물산,2023,2024,manufacturing,mid_sized,test,1,0.2412288857051393,industry_macro_category,10,0.0979578793048858,0.0979578793048858,increase_risk,manufacturing,024830,mid_sized,manufacturing,false_negative,1,0,투기등급,투자적격,0.2412288857051393,0.315,0.07377111429486069,context,산업 대분류,모델링용 산업 대분류,KOSDAQ|024830|(주)세원물산|2023|2024
KOSDAQ,161580,(주)필옵틱스,2023,2024,manufacturing,mid_sized,test,1,0.2569062583037855,capital_impairment_ratio,1,-0.6233906149864197,0.6233906149864197,decrease_risk,-14.079689,161580,mid_sized,manufacturing,false_negative,1,0,투기등급,투자적격,0.2569062583037855,0.315,0.05809374169621451,stability_leverage,자본잠식률,자본금 대비 자본잠식 정도,KOSDAQ|161580|(주)필옵틱스|2023|2024
KOSDAQ,161580,(주)필옵틱스,2023,2024,manufacturing,mid_sized,test,1,0.2569062583037855,cashflow_coverage_ratio,2,-0.4901285469532013,0.4901285469532013,decrease_risk,25.44501,161580,mid_sized,manufacturing,false_negative,1,0,투기등급,투자적격,0.2569062583037855,0.315,0.05809374169621451,cashflow_structure,현금흐름 커버리지,이자비용 대비 영업현금흐름 배수,KOSDAQ|161580|(주)필옵틱스|2023|2024
KOSDAQ,161580,(주)필옵틱스,2023,2024,manufacturing,mid_sized,test,1,0.2569062583037855,gross_profit,3,0.4390606880187988,0.4390606880187988,increase_risk,43643337,161580,mid_sized,manufacturing,false_negative,1,0,투기등급,투자적격,0.2569062583037855,0.315,0.05809374169621451,profitability_returns,매출총이익,매출총이익(손실),KOSDAQ|161580|(주)필옵틱스|2023|2024
KOSDAQ,161580,(주)필옵틱스,2023,2024,manufacturing,mid_sized,test,1,0.2569062583037855,dividend_payer,4,-0.4293704032897949,0.4293704032897949,decrease_risk,1,161580,mid_sized,manufacturing,false_negative,1,0,투기등급,투자적격,0.2569062583037855,0.315,0.05809374169621451,market_shareholder,배당금 지급 여부,해당 회계연도에 현금배당을 지급했는지 여부,KOSDAQ|161580|(주)필옵틱스|2023|2024
KOSDAQ,161580,(주)필옵틱스,2023,2024,manufacturing,mid_sized,test,1,0.2569062583037855,listed_year,5,-0.4160207509994507,0.4160207509994507,decrease_risk,2017,161580,mid_sized,manufacturing,false_negative,1,0,투기등급,투자적격,0.2569062583037855,0.315,0.05809374169621451,context,상장연도,상장일에서 추출한 연도,KOSDAQ|161580|(주)필옵틱스|2023|2024
KOSDAQ,161580,(주)필옵틱스,2023,2024,manufacturing,mid_sized,test,1,0.2569062583037855,net_margin,6,0.4020220935344696,0.4020220935344696,increase_risk,-0.144531,161580,mid_sized,manufacturing,false_negative,1,0,투기등급,투자적격,0.2569062583037855,0.315,0.05809374169621451,profitability_returns,순이익률,매출액 대비 당기순이익 비율,KOSDAQ|161580|(주)필옵틱스|2023|2024
KOSDAQ,161580,(주)필옵틱스,2023,2024,manufacturing,mid_sized,test,1,0.2569062583037855,interest_coverage_ratio,7,0.3473520874977112,0.3473520874977112,increase_risk,2.351169,161580,mid_sized,manufacturing,false_negative,1,0,투기등급,투자적격,0.2569062583037855,0.315,0.05809374169621451,profitability_returns,이자보상배율,영업이익 대비 이자비용 배수,KOSDAQ|161580|(주)필옵틱스|2023|2024
KOSDAQ,161580,(주)필옵틱스,2023,2024,manufacturing,mid_sized,test,1,0.2569062583037855,equity_ratio,8,0.3338659405708313,0.3338659405708313,increase_risk,0.39222,161580,mid_sized,manufacturing,false_negative,1,0,투기등급,투자적격,0.2569062583037855,0.315,0.05809374169621451,stability_leverage,자기자본비율,총자산 대비 자기자본 비율,KOSDAQ|161580|(주)필옵틱스|2023|2024
KOSDAQ,161580,(주)필옵틱스,2023,2024,manufacturing,mid_sized,test,1,0.2569062583037855,assets_total,9,-0.291915625333786,0.291915625333786,decrease_risk,450911370,161580,mid_sized,manufacturing,false_negative,1,0,투기등급,투자적격,0.2569062583037855,0.315,0.05809374169621451,stability_leverage,자산총계,총자산,KOSDAQ|161580|(주)필옵틱스|2023|2024
KOSDAQ,161580,(주)필옵틱스,2023,2024,manufacturing,mid_sized,test,1,0.2569062583037855,accruals_ratio,10,0.2305496931076049,0.2305496931076049,increase_risk,-0.342536,161580,mid_sized,manufacturing,false_negative,1,0,투기등급,투자적격,0.2569062583037855,0.315,0.05809374169621451,cashflow_structure,발생액 비율,총자산 대비 순이익과 영업현금흐름의 차이 (이익품질 지표),KOSDAQ|161580|(주)필옵틱스|2023|2024
KOSDAQ,51490,나라엠앤디(주),2023,2024,manufacturing,mid_sized,test,1,0.2647707185638435,gross_profit,1,0.5696181058883667,0.5696181058883667,increase_risk,29468767,051490,mid_sized,manufacturing,false_negative,1,0,투기등급,투자적격,0.2647707185638435,0.315,0.050229281436156514,profitability_returns,매출총이익,매출총이익(손실),KOSDAQ|051490|나라엠앤디(주)|2023|2024
KOSDAQ,51490,나라엠앤디(주),2023,2024,manufacturing,mid_sized,test,1,0.2647707185638435,capital_impairment_ratio,2,-0.5554019808769226,0.5554019808769226,decrease_risk,-13.540115,051490,mid_sized,manufacturing,false_negative,1,0,투기등급,투자적격,0.2647707185638435,0.315,0.050229281436156514,stability_leverage,자본잠식률,자본금 대비 자본잠식 정도,KOSDAQ|051490|나라엠앤디(주)|2023|2024
KOSDAQ,51490,나라엠앤디(주),2023,2024,manufacturing,mid_sized,test,1,0.2647707185638435,dividend_payer,3,-0.3432683050632477,0.3432683050632477,decrease_risk,1,051490,mid_sized,manufacturing,false_negative,1,0,투기등급,투자적격,0.2647707185638435,0.315,0.050229281436156514,market_shareholder,배당금 지급 여부,해당 회계연도에 현금배당을 지급했는지 여부,KOSDAQ|051490|나라엠앤디(주)|2023|2024
KOSDAQ,51490,나라엠앤디(주),2023,2024,manufacturing,mid_sized,test,1,0.2647707185638435,interest_coverage_ratio,4,0.2635399401187897,0.2635399401187897,increase_risk,3.434171,051490,mid_sized,manufacturing,false_negative,1,0,투기등급,투자적격,0.2647707185638435,0.315,0.050229281436156514,profitability_returns,이자보상배율,영업이익 대비 이자비용 배수,KOSDAQ|051490|나라엠앤디(주)|2023|2024
KOSDAQ,51490,나라엠앤디(주),2023,2024,manufacturing,mid_sized,test,1,0.2647707185638435,equity_ratio,5,-0.1572786122560501,0.1572786122560501,decrease_risk,0.421876,051490,mid_sized,manufacturing,false_negative,1,0,투기등급,투자적격,0.2647707185638435,0.315,0.050229281436156514,stability_leverage,자기자본비율,총자산 대비 자기자본 비율,KOSDAQ|051490|나라엠앤디(주)|2023|2024
KOSDAQ,51490,나라엠앤디(주),2023,2024,manufacturing,mid_sized,test,1,0.2647707185638435,cashflow_coverage_ratio,6,0.1496408879756927,0.1496408879756927,increase_risk,4.018046,051490,mid_sized,manufacturing,false_negative,1,0,투기등급,투자적격,0.2647707185638435,0.315,0.050229281436156514,cashflow_structure,현금흐름 커버리지,이자비용 대비 영업현금흐름 배수,KOSDAQ|051490|나라엠앤디(주)|2023|2024
KOSDAQ,51490,나라엠앤디(주),2023,2024,manufacturing,mid_sized,test,1,0.2647707185638435,industry_macro_category,7,0.1410398781299591,0.1410398781299591,increase_risk,manufacturing,051490,mid_sized,manufacturing,false_negative,1,0,투기등급,투자적격,0.2647707185638435,0.315,0.050229281436156514,context,산업 대분류,모델링용 산업 대분류,KOSDAQ|051490|나라엠앤디(주)|2023|2024
KOSDAQ,51490,나라엠앤디(주),2023,2024,manufacturing,mid_sized,test,1,0.2647707185638435,total_debt_turnover,8,0.1374517232179641,0.1374517232179641,increase_risk,1.603504,051490,mid_sized,manufacturing,false_negative,1,0,투기등급,투자적격,0.2647707185638435,0.315,0.050229281436156514,cashflow_structure,총부채회전율,총부채 대비 매출액 비율,KOSDAQ|051490|나라엠앤디(주)|2023|2024
KOSDAQ,51490,나라엠앤디(주),2023,2024,manufacturing,mid_sized,test,1,0.2647707185638435,operating_roa,9,0.1301203966140747,0.1301203966140747,increase_risk,0.042987,051490,mid_sized,manufacturing,false_negative,1,0,투기등급,투자적격,0.2647707185638435,0.315,0.050229281436156514,profitability_returns,총자산영업이익률,총자산 대비 영업이익 비율,KOSDAQ|051490|나라엠앤디(주)|2023|2024
KOSDAQ,51490,나라엠앤디(주),2023,2024,manufacturing,mid_sized,test,1,0.2647707185638435,ocf_to_total_borrowings,10,-0.1268950253725052,0.1268950253725052,decrease_risk,0.184626,051490,mid_sized,manufacturing,false_negative,1,0,투기등급,투자적격,0.2647707185638435,0.315,0.050229281436156514,cashflow_structure,OCF/총차입금,총차입금 대비 영업현금흐름 비율,KOSDAQ|051490|나라엠앤디(주)|2023|2024
KOSDAQ,33640,(주)네패스,2024,2025,manufacturing,mid_sized,test,1,0.2774527565801999,depreciation,1,-1.1443101167678833,1.1443101167678833,decrease_risk,146983670,033640,mid_sized,manufacturing,false_negative,1,0,투기등급,투자적격,0.2774527565801999,0.315,0.03754724341980009,cashflow_structure,감가상각비,감가상각비,KOSDAQ|033640|(주)네패스|2024|2025
KOSDAQ,33640,(주)네패스,2024,2025,manufacturing,mid_sized,test,1,0.2774527565801999,gross_profit,2,-0.4908918440341949,0.4908918440341949,decrease_risk,67779706,033640,mid_sized,manufacturing,false_negative,1,0,투기등급,투자적격,0.2774527565801999,0.315,0.03754724341980009,profitability_returns,매출총이익,매출총이익(손실),KOSDAQ|033640|(주)네패스|2024|2025
KOSDAQ,33640,(주)네패스,2024,2025,manufacturing,mid_sized,test,1,0.2774527565801999,equity_ratio,3,0.4735611975193023,0.4735611975193023,increase_risk,0.291836,033640,mid_sized,manufacturing,false_negative,1,0,투기등급,투자적격,0.2774527565801999,0.315,0.03754724341980009,stability_leverage,자기자본비율,총자산 대비 자기자본 비율,KOSDAQ|033640|(주)네패스|2024|2025
KOSDAQ,33640,(주)네패스,2024,2025,manufacturing,mid_sized,test,1,0.2774527565801999,capital_impairment_ratio,4,-0.4418047964572906,0.4418047964572906,decrease_risk,-16.819739,033640,mid_sized,manufacturing,false_negative,1,0,투기등급,투자적격,0.2774527565801999,0.315,0.03754724341980009,stability_leverage,자본잠식률,자본금 대비 자본잠식 정도,KOSDAQ|033640|(주)네패스|2024|2025
KOSDAQ,33640,(주)네패스,2024,2025,manufacturing,mid_sized,test,1,0.2774527565801999,net_margin,5,0.3801717162132263,0.3801717162132263,increase_risk,-0.170999,033640,mid_sized,manufacturing,false_negative,1,0,투기등급,투자적격,0.2774527565801999,0.315,0.03754724341980009,profitability_returns,순이익률,매출액 대비 당기순이익 비율,KOSDAQ|033640|(주)네패스|2024|2025
KOSDAQ,33640,(주)네패스,2024,2025,manufacturing,mid_sized,test,1,0.2774527565801999,interest_coverage_ratio,6,0.3659451007843017,0.3659451007843017,increase_risk,0.157467,033640,mid_sized,manufacturing,false_negative,1,0,투기등급,투자적격,0.2774527565801999,0.315,0.03754724341980009,profitability_returns,이자보상배율,영업이익 대비 이자비용 배수,KOSDAQ|033640|(주)네패스|2024|2025
KOSDAQ,33640,(주)네패스,2024,2025,manufacturing,mid_sized,test,1,0.2774527565801999,accruals_ratio,7,0.3328891098499298,0.3328891098499298,increase_risk,-0.265498,033640,mid_sized,manufacturing,false_negative,1,0,투기등급,투자적격,0.2774527565801999,0.315,0.03754724341980009,cashflow_structure,발생액 비율,총자산 대비 순이익과 영업현금흐름의 차이 (이익품질 지표),KOSDAQ|033640|(주)네패스|2024|2025
KOSDAQ,33640,(주)네패스,2024,2025,manufacturing,mid_sized,test,1,0.2774527565801999,assets_total,8,-0.2208418548107147,0.2208418548107147,decrease_risk,710112536,033640,mid_sized,manufacturing,false_negative,1,0,투기등급,투자적격,0.2774527565801999,0.315,0.03754724341980009,stability_leverage,자산총계,총자산,KOSDAQ|033640|(주)네패스|2024|2025
KOSDAQ,33640,(주)네패스,2024,2025,manufacturing,mid_sized,test,1,0.2774527565801999,dividend_payer,9,0.216503694653511,0.216503694653511,increase_risk,0,033640,mid_sized,manufacturing,false_negative,1,0,투기등급,투자적격,0.2774527565801999,0.315,0.03754724341980009,market_shareholder,배당금 지급 여부,해당 회계연도에 현금배당을 지급했는지 여부,KOSDAQ|033640|(주)네패스|2024|2025
KOSDAQ,33640,(주)네패스,2024,2025,manufacturing,mid_sized,test,1,0.2774527565801999,total_assets_growth,10,0.1985205858945846,0.1985205858945846,increase_risk,-0.262695,033640,mid_sized,manufacturing,false_negative,1,0,투기등급,투자적격,0.2774527565801999,0.315,0.03754724341980009,trend_early_warning,총자산증가율,전년 대비 총자산 증가율,KOSDAQ|033640|(주)네패스|2024|2025
KOSDAQ,38290,(주)마크로젠,2023,2024,it_services,mid_sized,test,1,0.2832689977304288,net_margin,1,0.6425065398216248,0.6425065398216248,increase_risk,-0.126131,038290,mid_sized,it_services,false_negative,1,0,투기등급,투자적격,0.2832689977304288,0.315,0.03173100226957121,profitability_returns,순이익률,매출액 대비 당기순이익 비율,KOSDAQ|038290|(주)마크로젠|2023|2024
KOSDAQ,38290,(주)마크로젠,2023,2024,it_services,mid_sized,test,1,0.2832689977304288,industry_macro_category,2,-0.5475543737411499,0.5475543737411499,decrease_risk,it_services,038290,mid_sized,it_services,false_negative,1,0,투기등급,투자적격,0.2832689977304288,0.315,0.03173100226957121,context,산업 대분류,모델링용 산업 대분류,KOSDAQ|038290|(주)마크로젠|2023|2024
KOSDAQ,38290,(주)마크로젠,2023,2024,it_services,mid_sized,test,1,0.2832689977304288,dividend_payer,3,-0.5357106328010559,0.5357106328010559,decrease_risk,1,038290,mid_sized,it_services,false_negative,1,0,투기등급,투자적격,0.2832689977304288,0.315,0.03173100226957121,market_shareholder,배당금 지급 여부,해당 회계연도에 현금배당을 지급했는지 여부,KOSDAQ|038290|(주)마크로젠|2023|2024
KOSDAQ,38290,(주)마크로젠,2023,2024,it_services,mid_sized,test,1,0.2832689977304288,gross_profit,4,0.5106191635131836,0.5106191635131836,increase_risk,49239677,038290,mid_sized,it_services,false_negative,1,0,투기등급,투자적격,0.2832689977304288,0.315,0.03173100226957121,profitability_returns,매출총이익,매출총이익(손실),KOSDAQ|038290|(주)마크로젠|2023|2024
KOSDAQ,38290,(주)마크로젠,2023,2024,it_services,mid_sized,test,1,0.2832689977304288,short_term_borrowings_share,5,-0.498378574848175,0.498378574848175,decrease_risk,0.248206,038290,mid_sized,it_services,false_negative,1,0,투기등급,투자적격,0.2832689977304288,0.315,0.03173100226957121,trend_early_warning,단기차입금 비중,총차입금 중 단기차입금 비중,KOSDAQ|038290|(주)마크로젠|2023|2024
KOSDAQ,38290,(주)마크로젠,2023,2024,it_services,mid_sized,test,1,0.2832689977304288,capital_impairment_ratio,6,-0.4576888084411621,0.4576888084411621,decrease_risk,-28.693261,038290,mid_sized,it_services,false_negative,1,0,투기등급,투자적격,0.2832689977304288,0.315,0.03173100226957121,stability_leverage,자본잠식률,자본금 대비 자본잠식 정도,KOSDAQ|038290|(주)마크로젠|2023|2024
KOSDAQ,38290,(주)마크로젠,2023,2024,it_services,mid_sized,test,1,0.2832689977304288,interest_coverage_ratio,7,0.4324616491794586,0.4324616491794586,increase_risk,-0.43016,038290,mid_sized,it_services,false_negative,1,0,투기등급,투자적격,0.2832689977304288,0.315,0.03173100226957121,profitability_returns,이자보상배율,영업이익 대비 이자비용 배수,KOSDAQ|038290|(주)마크로젠|2023|2024
KOSDAQ,38290,(주)마크로젠,2023,2024,it_services,mid_sized,test,1,0.2832689977304288,accruals_ratio,8,0.3151686191558838,0.3151686191558838,increase_risk,-0.083454,038290,mid_sized,it_services,false_negative,1,0,투기등급,투자적격,0.2832689977304288,0.315,0.03173100226957121,cashflow_structure,발생액 비율,총자산 대비 순이익과 영업현금흐름의 차이 (이익품질 지표),KOSDAQ|038290|(주)마크로젠|2023|2024
KOSDAQ,38290,(주)마크로젠,2023,2024,it_services,mid_sized,test,1,0.2832689977304288,depreciation,9,0.2107439637184143,0.2107439637184143,increase_risk,10207712,038290,mid_sized,it_services,false_negative,1,0,투기등급,투자적격,0.2832689977304288,0.315,0.03173100226957121,cashflow_structure,감가상각비,감가상각비,KOSDAQ|038290|(주)마크로젠|2023|2024
KOSDAQ,38290,(주)마크로젠,2023,2024,it_services,mid_sized,test,1,0.2832689977304288,total_debt_turnover,10,0.1820945590734481,0.1820945590734481,increase_risk,1.371087,038290,mid_sized,it_services,false_negative,1,0,투기등급,투자적격,0.2832689977304288,0.315,0.03173100226957121,cashflow_structure,총부채회전율,총부채 대비 매출액 비율,KOSDAQ|038290|(주)마크로젠|2023|2024
KOSDAQ,311390,(주)네오크레마,2023,2024,manufacturing,small_and_medium,test,1,0.283625267156044,cash_ratio,1,-0.6073707342147827,0.6073707342147827,decrease_risk,0.328502,311390,small_and_medium,manufacturing,false_negative,1,0,투기등급,투자적격,0.283625267156044,0.315,0.03137473284395598,stability_leverage,현금비율,유동부채 대비 현금및현금성자산 비율,KOSDAQ|311390|(주)네오크레마|2023|2024
KOSDAQ,311390,(주)네오크레마,2023,2024,manufacturing,small_and_medium,test,1,0.283625267156044,net_margin,2,0.592171847820282,0.592171847820282,increase_risk,-0.199378,311390,small_and_medium,manufacturing,false_negative,1,0,투기등급,투자적격,0.283625267156044,0.315,0.03137473284395598,profitability_returns,순이익률,매출액 대비 당기순이익 비율,KOSDAQ|311390|(주)네오크레마|2023|2024
KOSDAQ,311390,(주)네오크레마,2023,2024,manufacturing,small_and_medium,test,1,0.283625267156044,cashflow_coverage_ratio,3,-0.5185461640357971,0.5185461640357971,decrease_risk,35.631457,311390,small_and_medium,manufacturing,false_negative,1,0,투기등급,투자적격,0.283625267156044,0.315,0.03137473284395598,cashflow_structure,현금흐름 커버리지,이자비용 대비 영업현금흐름 배수,KOSDAQ|311390|(주)네오크레마|2023|2024
KOSDAQ,311390,(주)네오크레마,2023,2024,manufacturing,small_and_medium,test,1,0.283625267156044,ocf_to_sales,4,-0.4159615039825439,0.4159615039825439,decrease_risk,0.091294,311390,small_and_medium,manufacturing,false_negative,1,0,투기등급,투자적격,0.283625267156044,0.315,0.03137473284395598,cashflow_structure,OCF/매출액,매출액 대비 영업현금흐름 비율,KOSDAQ|311390|(주)네오크레마|2023|2024
KOSDAQ,311390,(주)네오크레마,2023,2024,manufacturing,small_and_medium,test,1,0.283625267156044,gross_profit,5,0.3296406269073486,0.3296406269073486,increase_risk,5701944,311390,small_and_medium,manufacturing,false_negative,1,0,투기등급,투자적격,0.283625267156044,0.315,0.03137473284395598,profitability_returns,매출총이익,매출총이익(손실),KOSDAQ|311390|(주)네오크레마|2023|2024
KOSDAQ,311390,(주)네오크레마,2023,2024,manufacturing,small_and_medium,test,1,0.283625267156044,assets_total,6,0.3126395940780639,0.3126395940780639,increase_risk,71136284,311390,small_and_medium,manufacturing,false_negative,1,0,투기등급,투자적격,0.283625267156044,0.315,0.03137473284395598,stability_leverage,자산총계,총자산,KOSDAQ|311390|(주)네오크레마|2023|2024
KOSDAQ,311390,(주)네오크레마,2023,2024,manufacturing,small_and_medium,test,1,0.283625267156044,dividend_payer,7,0.2792969048023224,0.2792969048023224,increase_risk,0,311390,small_and_medium,manufacturing,false_negative,1,0,투기등급,투자적격,0.283625267156044,0.315,0.03137473284395598,market_shareholder,배당금 지급 여부,해당 회계연도에 현금배당을 지급했는지 여부,KOSDAQ|311390|(주)네오크레마|2023|2024
KOSDAQ,311390,(주)네오크레마,2023,2024,manufacturing,small_and_medium,test,1,0.283625267156044,depreciation,8,0.2425513714551925,0.2425513714551925,increase_risk,1319888,311390,small_and_medium,manufacturing,false_negative,1,0,투기등급,투자적격,0.283625267156044,0.315,0.03137473284395598,cashflow_structure,감가상각비,감가상각비,KOSDAQ|311390|(주)네오크레마|2023|2024
KOSDAQ,311390,(주)네오크레마,2023,2024,manufacturing,small_and_medium,test,1,0.283625267156044,firm_size_group,9,0.2153786420822143,0.2153786420822143,increase_risk,small_and_medium,311390,small_and_medium,manufacturing,false_negative,1,0,투기등급,투자적격,0.283625267156044,0.315,0.03137473284395598,context,기업규모 그룹,모델링용 기업규모 그룹,KOSDAQ|311390|(주)네오크레마|2023|2024
KOSDAQ,311390,(주)네오크레마,2023,2024,manufacturing,small_and_medium,test,1,0.283625267156044,net_margin_diff,10,-0.2116953432559967,0.2116953432559967,decrease_risk,-0.130563,311390,small_and_medium,manufacturing,false_negative,1,0,투기등급,투자적격,0.283625267156044,0.315,0.03137473284395598,trend_early_warning,순이익률 변화,전년 대비 순이익률 변화폭,KOSDAQ|311390|(주)네오크레마|2023|2024
KOSDAQ,88290,이원컴포텍(주),2023,2024,manufacturing,small_and_medium,test,1,0.3147086048314541,interest_coverage_ratio,1,-0.6860938668251038,0.6860938668251038,decrease_risk,1000000.0,088290,small_and_medium,manufacturing,false_negative,1,0,투기등급,투자적격,0.3147086048314541,0.315,0.00029139516854592706,profitability_returns,이자보상배율,영업이익 대비 이자비용 배수,KOSDAQ|088290|이원컴포텍(주)|2023|2024
KOSDAQ,88290,이원컴포텍(주),2023,2024,manufacturing,small_and_medium,test,1,0.3147086048314541,firm_size_group,2,0.3935588896274566,0.3935588896274566,increase_risk,small_and_medium,088290,small_and_medium,manufacturing,false_negative,1,0,투기등급,투자적격,0.3147086048314541,0.315,0.00029139516854592706,context,기업규모 그룹,모델링용 기업규모 그룹,KOSDAQ|088290|이원컴포텍(주)|2023|2024
KOSDAQ,88290,이원컴포텍(주),2023,2024,manufacturing,small_and_medium,test,1,0.3147086048314541,listed_year,3,-0.2751464247703552,0.2751464247703552,decrease_risk,2009,088290,small_and_medium,manufacturing,false_negative,1,0,투기등급,투자적격,0.3147086048314541,0.315,0.00029139516854592706,context,상장연도,상장일에서 추출한 연도,KOSDAQ|088290|이원컴포텍(주)|2023|2024
KOSDAQ,88290,이원컴포텍(주),2023,2024,manufacturing,small_and_medium,test,1,0.3147086048314541,assets_total,4,0.2606091499328613,0.2606091499328613,increase_risk,0,088290,small_and_medium,manufacturing,false_negative,1,0,투기등급,투자적격,0.3147086048314541,0.315,0.00029139516854592706,stability_leverage,자산총계,총자산,KOSDAQ|088290|이원컴포텍(주)|2023|2024
KOSDAQ,88290,이원컴포텍(주),2023,2024,manufacturing,small_and_medium,test,1,0.3147086048314541,gross_profit,5,0.2369818091392517,0.2369818091392517,increase_risk,0,088290,small_and_medium,manufacturing,false_negative,1,0,투기등급,투자적격,0.3147086048314541,0.315,0.00029139516854592706,profitability_returns,매출총이익,매출총이익(손실),KOSDAQ|088290|이원컴포텍(주)|2023|2024
KOSDAQ,88290,이원컴포텍(주),2023,2024,manufacturing,small_and_medium,test,1,0.3147086048314541,dividend_payer,6,0.2286520898342132,0.2286520898342132,increase_risk,0,088290,small_and_medium,manufacturing,false_negative,1,0,투기등급,투자적격,0.3147086048314541,0.315,0.00029139516854592706,market_shareholder,배당금 지급 여부,해당 회계연도에 현금배당을 지급했는지 여부,KOSDAQ|088290|이원컴포텍(주)|2023|2024
KOSDAQ,88290,이원컴포텍(주),2023,2024,manufacturing,small_and_medium,test,1,0.3147086048314541,capital_impairment_ratio,7,0.22786545753479,0.22786545753479,increase_risk,,088290,small_and_medium,manufacturing,false_negative,1,0,투기등급,투자적격,0.3147086048314541,0.315,0.00029139516854592706,stability_leverage,자본잠식률,자본금 대비 자본잠식 정도,KOSDAQ|088290|이원컴포텍(주)|2023|2024
KOSDAQ,88290,이원컴포텍(주),2023,2024,manufacturing,small_and_medium,test,1,0.3147086048314541,cashflow_coverage_ratio,8,-0.1923021525144577,0.1923021525144577,decrease_risk,1000000.0,088290,small_and_medium,manufacturing,false_negative,1,0,투기등급,투자적격,0.3147086048314541,0.315,0.00029139516854592706,cashflow_structure,현금흐름 커버리지,이자비용 대비 영업현금흐름 배수,KOSDAQ|088290|이원컴포텍(주)|2023|2024
KOSDAQ,88290,이원컴포텍(주),2023,2024,manufacturing,small_and_medium,test,1,0.3147086048314541,equity_ratio,9,-0.1115736961364746,0.1115736961364746,decrease_risk,,088290,small_and_medium,manufacturing,false_negative,1,0,투기등급,투자적격,0.3147086048314541,0.315,0.00029139516854592706,stability_leverage,자기자본비율,총자산 대비 자기자본 비율,KOSDAQ|088290|이원컴포텍(주)|2023|2024
KOSDAQ,88290,이원컴포텍(주),2023,2024,manufacturing,small_and_medium,test,1,0.3147086048314541,depreciation,10,0.0876719206571579,0.0876719206571579,increase_risk,0,088290,small_and_medium,manufacturing,false_negative,1,0,투기등급,투자적격,0.3147086048314541,0.315,0.00029139516854592706,cashflow_structure,감가상각비,감가상각비,KOSDAQ|088290|이원컴포텍(주)|2023|2024
KOSDAQ,317120,(주)라닉스,2023,2024,manufacturing,small_and_medium,test,0,0.9559325644351472,total_assets_growth,1,0.567978024482727,0.567978024482727,increase_risk,-0.303645,317120,small_and_medium,manufacturing,false_positive,0,1,투자적격,투기등급,0.9559325644351472,0.315,0.6409325644351471,trend_early_warning,총자산증가율,전년 대비 총자산 증가율,KOSDAQ|317120|(주)라닉스|2023|2024
KOSDAQ,317120,(주)라닉스,2023,2024,manufacturing,small_and_medium,test,0,0.9559325644351472,net_margin,2,0.5370730757713318,0.5370730757713318,increase_risk,-0.465185,317120,small_and_medium,manufacturing,false_positive,0,1,투자적격,투기등급,0.9559325644351472,0.315,0.6409325644351471,profitability_returns,순이익률,매출액 대비 당기순이익 비율,KOSDAQ|317120|(주)라닉스|2023|2024
KOSDAQ,317120,(주)라닉스,2023,2024,manufacturing,small_and_medium,test,0,0.9559325644351472,interest_coverage_ratio,3,0.5063956379890442,0.5063956379890442,increase_risk,-1.922441,317120,small_and_medium,manufacturing,false_positive,0,1,투자적격,투기등급,0.9559325644351472,0.315,0.6409325644351471,profitability_returns,이자보상배율,영업이익 대비 이자비용 배수,KOSDAQ|317120|(주)라닉스|2023|2024
KOSDAQ,317120,(주)라닉스,2023,2024,manufacturing,small_and_medium,test,0,0.9559325644351472,equity_ratio,4,0.3976815640926361,0.3976815640926361,increase_risk,0.363743,317120,small_and_medium,manufacturing,false_positive,0,1,투자적격,투기등급,0.9559325644351472,0.315,0.6409325644351471,stability_leverage,자기자본비율,총자산 대비 자기자본 비율,KOSDAQ|317120|(주)라닉스|2023|2024
KOSDAQ,317120,(주)라닉스,2023,2024,manufacturing,small_and_medium,test,0,0.9559325644351472,gross_profit,5,0.3915246427059173,0.3915246427059173,increase_risk,6588483,317120,small_and_medium,manufacturing,false_positive,0,1,투자적격,투기등급,0.9559325644351472,0.315,0.6409325644351471,profitability_returns,매출총이익,매출총이익(손실),KOSDAQ|317120|(주)라닉스|2023|2024
KOSDAQ,317120,(주)라닉스,2023,2024,manufacturing,small_and_medium,test,0,0.9559325644351472,assets_total,6,0.3488697707653045,0.3488697707653045,increase_risk,29229306,317120,small_and_medium,manufacturing,false_positive,0,1,투자적격,투기등급,0.9559325644351472,0.315,0.6409325644351471,stability_leverage,자산총계,총자산,KOSDAQ|317120|(주)라닉스|2023|2024
KOSDAQ,317120,(주)라닉스,2023,2024,manufacturing,small_and_medium,test,0,0.9559325644351472,capital_impairment_ratio,7,0.3299428224563598,0.3299428224563598,increase_risk,-1.166727,317120,small_and_medium,manufacturing,false_positive,0,1,투자적격,투기등급,0.9559325644351472,0.315,0.6409325644351471,stability_leverage,자본잠식률,자본금 대비 자본잠식 정도,KOSDAQ|317120|(주)라닉스|2023|2024
KOSDAQ,317120,(주)라닉스,2023,2024,manufacturing,small_and_medium,test,0,0.9559325644351472,pretax_roe,8,0.2679654657840729,0.2679654657840729,increase_risk,-0.444505,317120,small_and_medium,manufacturing,false_positive,0,1,투자적격,투기등급,0.9559325644351472,0.315,0.6409325644351471,profitability_returns,세전계속사업이익 기준 ROE,자기자본 대비 세전이익 비율,KOSDAQ|317120|(주)라닉스|2023|2024
KOSDAQ,317120,(주)라닉스,2023,2024,manufacturing,small_and_medium,test,0,0.9559325644351472,firm_size_group,9,0.2608779072761535,0.2608779072761535,increase_risk,small_and_medium,317120,small_and_medium,manufacturing,false_positive,0,1,투자적격,투기등급,0.9559325644351472,0.315,0.6409325644351471,context,기업규모 그룹,모델링용 기업규모 그룹,KOSDAQ|317120|(주)라닉스|2023|2024
KOSDAQ,317120,(주)라닉스,2023,2024,manufacturing,small_and_medium,test,0,0.9559325644351472,listed_year,10,0.2364563196897506,0.2364563196897506,increase_risk,2019,317120,small_and_medium,manufacturing,false_positive,0,1,투자적격,투기등급,0.9559325644351472,0.315,0.6409325644351471,context,상장연도,상장일에서 추출한 연도,KOSDAQ|317120|(주)라닉스|2023|2024
KOSDAQ,290720,(주)푸드나무,2023,2024,wholesale_retail,small_and_medium,test,0,0.9168286904425104,industry_macro_category,1,0.6409165859222412,0.6409165859222412,increase_risk,wholesale_retail,290720,small_and_medium,wholesale_retail,false_positive,0,1,투자적격,투기등급,0.9168286904425104,0.315,0.6018286904425103,context,산업 대분류,모델링용 산업 대분류,KOSDAQ|290720|(주)푸드나무|2023|2024
KOSDAQ,290720,(주)푸드나무,2023,2024,wholesale_retail,small_and_medium,test,0,0.9168286904425104,cash_ratio,2,-0.5324901342391968,0.5324901342391968,decrease_risk,0.305516,290720,small_and_medium,wholesale_retail,false_positive,0,1,투자적격,투기등급,0.9168286904425104,0.315,0.6018286904425103,stability_leverage,현금비율,유동부채 대비 현금및현금성자산 비율,KOSDAQ|290720|(주)푸드나무|2023|2024
KOSDAQ,290720,(주)푸드나무,2023,2024,wholesale_retail,small_and_medium,test,0,0.9168286904425104,equity_ratio,3,0.4950122237205505,0.4950122237205505,increase_risk,0.199391,290720,small_and_medium,wholesale_retail,false_positive,0,1,투자적격,투기등급,0.9168286904425104,0.315,0.6018286904425103,stability_leverage,자기자본비율,총자산 대비 자기자본 비율,KOSDAQ|290720|(주)푸드나무|2023|2024
KOSDAQ,290720,(주)푸드나무,2023,2024,wholesale_retail,small_and_medium,test,0,0.9168286904425104,pretax_roe,4,0.4838717579841614,0.4838717579841614,increase_risk,-0.889455,290720,small_and_medium,wholesale_retail,false_positive,0,1,투자적격,투기등급,0.9168286904425104,0.315,0.6018286904425103,profitability_returns,세전계속사업이익 기준 ROE,자기자본 대비 세전이익 비율,KOSDAQ|290720|(주)푸드나무|2023|2024
KOSDAQ,290720,(주)푸드나무,2023,2024,wholesale_retail,small_and_medium,test,0,0.9168286904425104,dividend_payer,5,-0.4098558723926544,0.4098558723926544,decrease_risk,1,290720,small_and_medium,wholesale_retail,false_positive,0,1,투자적격,투기등급,0.9168286904425104,0.315,0.6018286904425103,market_shareholder,배당금 지급 여부,해당 회계연도에 현금배당을 지급했는지 여부,KOSDAQ|290720|(주)푸드나무|2023|2024
KOSDAQ,290720,(주)푸드나무,2023,2024,wholesale_retail,small_and_medium,test,0,0.9168286904425104,net_margin,6,0.4097849726676941,0.4097849726676941,increase_risk,-0.104843,290720,small_and_medium,wholesale_retail,false_positive,0,1,투자적격,투기등급,0.9168286904425104,0.315,0.6018286904425103,profitability_returns,순이익률,매출액 대비 당기순이익 비율,KOSDAQ|290720|(주)푸드나무|2023|2024
KOSDAQ,290720,(주)푸드나무,2023,2024,wholesale_retail,small_and_medium,test,0,0.9168286904425104,firm_size_group,7,0.3755031824111938,0.3755031824111938,increase_risk,small_and_medium,290720,small_and_medium,wholesale_retail,false_positive,0,1,투자적격,투기등급,0.9168286904425104,0.315,0.6018286904425103,context,기업규모 그룹,모델링용 기업규모 그룹,KOSDAQ|290720|(주)푸드나무|2023|2024
KOSDAQ,290720,(주)푸드나무,2023,2024,wholesale_retail,small_and_medium,test,0,0.9168286904425104,gross_profit,8,0.3562318384647369,0.3562318384647369,increase_risk,47744146,290720,small_and_medium,wholesale_retail,false_positive,0,1,투자적격,투기등급,0.9168286904425104,0.315,0.6018286904425103,profitability_returns,매출총이익,매출총이익(손실),KOSDAQ|290720|(주)푸드나무|2023|2024
KOSDAQ,290720,(주)푸드나무,2023,2024,wholesale_retail,small_and_medium,test,0,0.9168286904425104,interest_coverage_ratio,9,0.342968225479126,0.342968225479126,increase_risk,-6.805947,290720,small_and_medium,wholesale_retail,false_positive,0,1,투자적격,투기등급,0.9168286904425104,0.315,0.6018286904425103,profitability_returns,이자보상배율,영업이익 대비 이자비용 배수,KOSDAQ|290720|(주)푸드나무|2023|2024
KOSDAQ,290720,(주)푸드나무,2023,2024,wholesale_retail,small_and_medium,test,0,0.9168286904425104,total_borrowings_ratio,10,0.3337678909301758,0.3337678909301758,increase_risk,0.596569,290720,small_and_medium,wholesale_retail,false_positive,0,1,투자적격,투기등급,0.9168286904425104,0.315,0.6018286904425103,stability_leverage,총차입금비율,총자산 대비 총차입금 비율,KOSDAQ|290720|(주)푸드나무|2023|2024
KOSDAQ,89970,브이엠(주),2023,2024,manufacturing,small_and_medium,test,0,0.8973145283121365,net_margin,1,0.9723405838012696,0.9723405838012696,increase_risk,-0.268192,089970,small_and_medium,manufacturing,false_positive,0,1,투자적격,투기등급,0.8973145283121365,0.315,0.5823145283121365,profitability_returns,순이익률,매출액 대비 당기순이익 비율,KOSDAQ|089970|브이엠(주)|2023|2024
KOSDAQ,89970,브이엠(주),2023,2024,manufacturing,small_and_medium,test,0,0.8973145283121365,interest_coverage_ratio,2,0.558559000492096,0.558559000492096,increase_risk,-16.321037,089970,small_and_medium,manufacturing,false_positive,0,1,투자적격,투기등급,0.8973145283121365,0.315,0.5823145283121365,profitability_returns,이자보상배율,영업이익 대비 이자비용 배수,KOSDAQ|089970|브이엠(주)|2023|2024
KOSDAQ,89970,브이엠(주),2023,2024,manufacturing,small_and_medium,test,0,0.8973145283121365,ocf_to_sales,3,0.4511504769325256,0.4511504769325256,increase_risk,-0.599392,089970,small_and_medium,manufacturing,false_positive,0,1,투자적격,투기등급,0.8973145283121365,0.315,0.5823145283121365,cashflow_structure,OCF/매출액,매출액 대비 영업현금흐름 비율,KOSDAQ|089970|브이엠(주)|2023|2024
KOSDAQ,89970,브이엠(주),2023,2024,manufacturing,small_and_medium,test,0,0.8973145283121365,gross_profit,4,0.3835865557193756,0.3835865557193756,increase_risk,12661220,089970,small_and_medium,manufacturing,false_positive,0,1,투자적격,투기등급,0.8973145283121365,0.315,0.5823145283121365,profitability_returns,매출총이익,매출총이익(손실),KOSDAQ|089970|브이엠(주)|2023|2024
KOSDAQ,89970,브이엠(주),2023,2024,manufacturing,small_and_medium,test,0,0.8973145283121365,equity_ratio,5,-0.3406508564949035,0.3406508564949035,decrease_risk,0.809501,089970,small_and_medium,manufacturing,false_positive,0,1,투자적격,투기등급,0.8973145283121365,0.315,0.5823145283121365,stability_leverage,자기자본비율,총자산 대비 자기자본 비율,KOSDAQ|089970|브이엠(주)|2023|2024
KOSDAQ,89970,브이엠(주),2023,2024,manufacturing,small_and_medium,test,0,0.8973145283121365,dividend_payer,6,0.3121045529842376,0.3121045529842376,increase_risk,0,089970,small_and_medium,manufacturing,false_positive,0,1,투자적격,투기등급,0.8973145283121365,0.315,0.5823145283121365,market_shareholder,배당금 지급 여부,해당 회계연도에 현금배당을 지급했는지 여부,KOSDAQ|089970|브이엠(주)|2023|2024
KOSDAQ,89970,브이엠(주),2023,2024,manufacturing,small_and_medium,test,0,0.8973145283121365,cashflow_coverage_ratio,7,0.2904815077781677,0.2904815077781677,increase_risk,-23.208676,089970,small_and_medium,manufacturing,false_positive,0,1,투자적격,투기등급,0.8973145283121365,0.315,0.5823145283121365,cashflow_structure,현금흐름 커버리지,이자비용 대비 영업현금흐름 배수,KOSDAQ|089970|브이엠(주)|2023|2024
KOSDAQ,89970,브이엠(주),2023,2024,manufacturing,small_and_medium,test,0,0.8973145283121365,depreciation,8,0.2814921140670776,0.2814921140670776,increase_risk,1469085,089970,small_and_medium,manufacturing,false_positive,0,1,투자적격,투기등급,0.8973145283121365,0.315,0.5823145283121365,cashflow_structure,감가상각비,감가상각비,KOSDAQ|089970|브이엠(주)|2023|2024
KOSDAQ,89970,브이엠(주),2023,2024,manufacturing,small_and_medium,test,0,0.8973145283121365,firm_size_group,9,0.2521785795688629,0.2521785795688629,increase_risk,small_and_medium,089970,small_and_medium,manufacturing,false_positive,0,1,투자적격,투기등급,0.8973145283121365,0.315,0.5823145283121365,context,기업규모 그룹,모델링용 기업규모 그룹,KOSDAQ|089970|브이엠(주)|2023|2024
KOSDAQ,89970,브이엠(주),2023,2024,manufacturing,small_and_medium,test,0,0.8973145283121365,cash_ratio,10,0.1964583098888397,0.1964583098888397,increase_risk,2.524982,089970,small_and_medium,manufacturing,false_positive,0,1,투자적격,투기등급,0.8973145283121365,0.315,0.5823145283121365,stability_leverage,현금비율,유동부채 대비 현금및현금성자산 비율,KOSDAQ|089970|브이엠(주)|2023|2024
KOSPI,47400,유니온머티리얼(주),2023,2024,manufacturing,mid_sized,test,0,0.8522748635470783,interest_coverage_ratio,1,0.5849155187606812,0.5849155187606812,increase_risk,-0.875495,047400,mid_sized,manufacturing,false_positive,0,1,투자적격,투기등급,0.8522748635470783,0.315,0.5372748635470783,profitability_returns,이자보상배율,영업이익 대비 이자비용 배수,KOSPI|047400|유니온머티리얼(주)|2023|2024
KOSPI,47400,유니온머티리얼(주),2023,2024,manufacturing,mid_sized,test,0,0.8522748635470783,total_borrowings_ratio,2,0.5233451724052429,0.5233451724052429,increase_risk,0.48283,047400,mid_sized,manufacturing,false_positive,0,1,투자적격,투기등급,0.8522748635470783,0.315,0.5372748635470783,stability_leverage,총차입금비율,총자산 대비 총차입금 비율,KOSPI|047400|유니온머티리얼(주)|2023|2024
KOSPI,47400,유니온머티리얼(주),2023,2024,manufacturing,mid_sized,test,0,0.8522748635470783,equity_ratio,3,0.4664842486381531,0.4664842486381531,increase_risk,0.340644,047400,mid_sized,manufacturing,false_positive,0,1,투자적격,투기등급,0.8522748635470783,0.315,0.5372748635470783,stability_leverage,자기자본비율,총자산 대비 자기자본 비율,KOSPI|047400|유니온머티리얼(주)|2023|2024
KOSPI,47400,유니온머티리얼(주),2023,2024,manufacturing,mid_sized,test,0,0.8522748635470783,net_margin,4,0.3736763000488281,0.3736763000488281,increase_risk,-0.154978,047400,mid_sized,manufacturing,false_positive,0,1,투자적격,투기등급,0.8522748635470783,0.315,0.5372748635470783,profitability_returns,순이익률,매출액 대비 당기순이익 비율,KOSPI|047400|유니온머티리얼(주)|2023|2024
KOSPI,47400,유니온머티리얼(주),2023,2024,manufacturing,mid_sized,test,0,0.8522748635470783,gross_profit,5,0.3529780507087707,0.3529780507087707,increase_risk,9880215,047400,mid_sized,manufacturing,false_positive,0,1,투자적격,투기등급,0.8522748635470783,0.315,0.5372748635470783,profitability_returns,매출총이익,매출총이익(손실),KOSPI|047400|유니온머티리얼(주)|2023|2024
KOSPI,47400,유니온머티리얼(주),2023,2024,manufacturing,mid_sized,test,0,0.8522748635470783,dividend_payer,6,-0.3373263776302337,0.3373263776302337,decrease_risk,1,047400,mid_sized,manufacturing,false_positive,0,1,투자적격,투기등급,0.8522748635470783,0.315,0.5372748635470783,market_shareholder,배당금 지급 여부,해당 회계연도에 현금배당을 지급했는지 여부,KOSPI|047400|유니온머티리얼(주)|2023|2024
KOSPI,47400,유니온머티리얼(주),2023,2024,manufacturing,mid_sized,test,0,0.8522748635470783,capital_impairment_ratio,7,0.3111813366413116,0.3111813366413116,increase_risk,-2.034793,047400,mid_sized,manufacturing,false_positive,0,1,투자적격,투기등급,0.8522748635470783,0.315,0.5372748635470783,stability_leverage,자본잠식률,자본금 대비 자본잠식 정도,KOSPI|047400|유니온머티리얼(주)|2023|2024
KOSPI,47400,유니온머티리얼(주),2023,2024,manufacturing,mid_sized,test,0,0.8522748635470783,cashflow_coverage_ratio,8,0.2407807260751724,0.2407807260751724,increase_risk,0.413396,047400,mid_sized,manufacturing,false_positive,0,1,투자적격,투기등급,0.8522748635470783,0.315,0.5372748635470783,cashflow_structure,현금흐름 커버리지,이자비용 대비 영업현금흐름 배수,KOSPI|047400|유니온머티리얼(주)|2023|2024
KOSPI,47400,유니온머티리얼(주),2023,2024,manufacturing,mid_sized,test,0,0.8522748635470783,current_ratio,9,0.217509314417839,0.217509314417839,increase_risk,0.914075,047400,mid_sized,manufacturing,false_positive,0,1,투자적격,투기등급,0.8522748635470783,0.315,0.5372748635470783,stability_leverage,유동비율,유동자산 대비 유동부채 비율,KOSPI|047400|유니온머티리얼(주)|2023|2024
KOSPI,47400,유니온머티리얼(주),2023,2024,manufacturing,mid_sized,test,0,0.8522748635470783,pretax_roe,10,0.20814810693264,0.20814810693264,increase_risk,-0.297067,047400,mid_sized,manufacturing,false_positive,0,1,투자적격,투기등급,0.8522748635470783,0.315,0.5372748635470783,profitability_returns,세전계속사업이익 기준 ROE,자기자본 대비 세전이익 비율,KOSPI|047400|유니온머티리얼(주)|2023|2024
KOSPI,2410,범양건영(주),2023,2024,construction,mid_sized,test,0,0.851139155087024,industry_macro_category,1,-0.6686369180679321,0.6686369180679321,decrease_risk,construction,002410,mid_sized,construction,false_positive,0,1,투자적격,투기등급,0.851139155087024,0.315,0.536139155087024,context,산업 대분류,모델링용 산업 대분류,KOSPI|002410|범양건영(주)|2023|2024
KOSPI,2410,범양건영(주),2023,2024,construction,mid_sized,test,0,0.851139155087024,interest_coverage_ratio,2,0.5545740723609924,0.5545740723609924,increase_risk,-3.254095,002410,mid_sized,construction,false_positive,0,1,투자적격,투기등급,0.851139155087024,0.315,0.536139155087024,profitability_returns,이자보상배율,영업이익 대비 이자비용 배수,KOSPI|002410|범양건영(주)|2023|2024
KOSPI,2410,범양건영(주),2023,2024,construction,mid_sized,test,0,0.851139155087024,net_margin,3,0.4556849598884582,0.4556849598884582,increase_risk,-0.075445,002410,mid_sized,construction,false_positive,0,1,투자적격,투기등급,0.851139155087024,0.315,0.536139155087024,profitability_returns,순이익률,매출액 대비 당기순이익 비율,KOSPI|002410|범양건영(주)|2023|2024
KOSPI,2410,범양건영(주),2023,2024,construction,mid_sized,test,0,0.851139155087024,capital_impairment_ratio,4,0.4134667813777923,0.4134667813777923,increase_risk,-1.50217,002410,mid_sized,construction,false_positive,0,1,투자적격,투기등급,0.851139155087024,0.315,0.536139155087024,stability_leverage,자본잠식률,자본금 대비 자본잠식 정도,KOSPI|002410|범양건영(주)|2023|2024
KOSPI,2410,범양건영(주),2023,2024,construction,mid_sized,test,0,0.851139155087024,gross_profit,5,0.3875612020492553,0.3875612020492553,increase_risk,4739925,002410,mid_sized,construction,false_positive,0,1,투자적격,투기등급,0.851139155087024,0.315,0.536139155087024,profitability_returns,매출총이익,매출총이익(손실),KOSPI|002410|범양건영(주)|2023|2024
KOSPI,2410,범양건영(주),2023,2024,construction,mid_sized,test,0,0.851139155087024,depreciation,6,0.3392310440540313,0.3392310440540313,increase_risk,1696457,002410,mid_sized,construction,false_positive,0,1,투자적격,투기등급,0.851139155087024,0.315,0.536139155087024,cashflow_structure,감가상각비,감가상각비,KOSPI|002410|범양건영(주)|2023|2024
KOSPI,2410,범양건영(주),2023,2024,construction,mid_sized,test,0,0.851139155087024,listed_year,7,-0.3352059423923492,0.3352059423923492,decrease_risk,1988,002410,mid_sized,construction,false_positive,0,1,투자적격,투기등급,0.851139155087024,0.315,0.536139155087024,context,상장연도,상장일에서 추출한 연도,KOSPI|002410|범양건영(주)|2023|2024
KOSPI,2410,범양건영(주),2023,2024,construction,mid_sized,test,0,0.851139155087024,equity_ratio,8,0.314679205417633,0.314679205417633,increase_risk,0.322086,002410,mid_sized,construction,false_positive,0,1,투자적격,투기등급,0.851139155087024,0.315,0.536139155087024,stability_leverage,자기자본비율,총자산 대비 자기자본 비율,KOSPI|002410|범양건영(주)|2023|2024
KOSPI,2410,범양건영(주),2023,2024,construction,mid_sized,test,0,0.851139155087024,cashflow_coverage_ratio,9,0.2743736207485199,0.2743736207485199,increase_risk,-1.899109,002410,mid_sized,construction,false_positive,0,1,투자적격,투기등급,0.851139155087024,0.315,0.536139155087024,cashflow_structure,현금흐름 커버리지,이자비용 대비 영업현금흐름 배수,KOSPI|002410|범양건영(주)|2023|2024
KOSPI,2410,범양건영(주),2023,2024,construction,mid_sized,test,0,0.851139155087024,current_ratio,10,0.252352237701416,0.252352237701416,increase_risk,0.705598,002410,mid_sized,construction,false_positive,0,1,투자적격,투기등급,0.851139155087024,0.315,0.536139155087024,stability_leverage,유동비율,유동자산 대비 유동부채 비율,KOSPI|002410|범양건영(주)|2023|2024
KOSDAQ,222980,한국맥널티(주),2023,2024,manufacturing,small_and_medium,test,0,0.8424745910594227,gross_profit,1,0.7466819286346436,0.7466819286346436,increase_risk,17823674,222980,small_and_medium,manufacturing,false_positive,0,1,투자적격,투기등급,0.8424745910594227,0.315,0.5274745910594227,profitability_returns,매출총이익,매출총이익(손실),KOSDAQ|222980|한국맥널티(주)|2023|2024
KOSDAQ,222980,한국맥널티(주),2023,2024,manufacturing,small_and_medium,test,0,0.8424745910594227,interest_coverage_ratio,2,0.5253894329071045,0.5253894329071045,increase_risk,-1.744714,222980,small_and_medium,manufacturing,false_positive,0,1,투자적격,투기등급,0.8424745910594227,0.315,0.5274745910594227,profitability_returns,이자보상배율,영업이익 대비 이자비용 배수,KOSDAQ|222980|한국맥널티(주)|2023|2024
KOSDAQ,222980,한국맥널티(주),2023,2024,manufacturing,small_and_medium,test,0,0.8424745910594227,listed_year,3,-0.3667985796928406,0.3667985796928406,decrease_risk,2015,222980,small_and_medium,manufacturing,false_positive,0,1,투자적격,투기등급,0.8424745910594227,0.315,0.5274745910594227,context,상장연도,상장일에서 추출한 연도,KOSDAQ|222980|한국맥널티(주)|2023|2024
KOSDAQ,222980,한국맥널티(주),2023,2024,manufacturing,small_and_medium,test,0,0.8424745910594227,firm_size_group,4,0.3505536317825317,0.3505536317825317,increase_risk,small_and_medium,222980,small_and_medium,manufacturing,false_positive,0,1,투자적격,투기등급,0.8424745910594227,0.315,0.5274745910594227,context,기업규모 그룹,모델링용 기업규모 그룹,KOSDAQ|222980|한국맥널티(주)|2023|2024
KOSDAQ,222980,한국맥널티(주),2023,2024,manufacturing,small_and_medium,test,0,0.8424745910594227,net_margin,5,0.3466789722442627,0.3466789722442627,increase_risk,-0.054938,222980,small_and_medium,manufacturing,false_positive,0,1,투자적격,투기등급,0.8424745910594227,0.315,0.5274745910594227,profitability_returns,순이익률,매출액 대비 당기순이익 비율,KOSDAQ|222980|한국맥널티(주)|2023|2024
KOSDAQ,222980,한국맥널티(주),2023,2024,manufacturing,small_and_medium,test,0,0.8424745910594227,assets_total,6,0.2972464561462402,0.2972464561462402,increase_risk,84502783,222980,small_and_medium,manufacturing,false_positive,0,1,투자적격,투기등급,0.8424745910594227,0.315,0.5274745910594227,stability_leverage,자산총계,총자산,KOSDAQ|222980|한국맥널티(주)|2023|2024
KOSDAQ,222980,한국맥널티(주),2023,2024,manufacturing,small_and_medium,test,0,0.8424745910594227,cashflow_coverage_ratio,7,0.2419980615377426,0.2419980615377426,increase_risk,0.817131,222980,small_and_medium,manufacturing,false_positive,0,1,투자적격,투기등급,0.8424745910594227,0.315,0.5274745910594227,cashflow_structure,현금흐름 커버리지,이자비용 대비 영업현금흐름 배수,KOSDAQ|222980|한국맥널티(주)|2023|2024
KOSDAQ,222980,한국맥널티(주),2023,2024,manufacturing,small_and_medium,test,0,0.8424745910594227,dividend_payer,8,0.2236937433481216,0.2236937433481216,increase_risk,0,222980,small_and_medium,manufacturing,false_positive,0,1,투자적격,투기등급,0.8424745910594227,0.315,0.5274745910594227,market_shareholder,배당금 지급 여부,해당 회계연도에 현금배당을 지급했는지 여부,KOSDAQ|222980|한국맥널티(주)|2023|2024
KOSDAQ,222980,한국맥널티(주),2023,2024,manufacturing,small_and_medium,test,0,0.8424745910594227,depreciation,9,0.2145141661167144,0.2145141661167144,increase_risk,3763443,222980,small_and_medium,manufacturing,false_positive,0,1,투자적격,투기등급,0.8424745910594227,0.315,0.5274745910594227,cashflow_structure,감가상각비,감가상각비,KOSDAQ|222980|한국맥널티(주)|2023|2024
KOSDAQ,222980,한국맥널티(주),2023,2024,manufacturing,small_and_medium,test,0,0.8424745910594227,industry_macro_category,10,0.1527284681797027,0.1527284681797027,increase_risk,manufacturing,222980,small_and_medium,manufacturing,false_positive,0,1,투자적격,투기등급,0.8424745910594227,0.315,0.5274745910594227,context,산업 대분류,모델링용 산업 대분류,KOSDAQ|222980|한국맥널티(주)|2023|2024
KOSDAQ,196700,(주)웹스,2023,2024,manufacturing,small_and_medium,test,0,0.8104276524755917,net_margin_diff,1,1.2641521692276,1.2641521692276,increase_risk,0.277357,196700,small_and_medium,manufacturing,false_positive,0,1,투자적격,투기등급,0.8104276524755917,0.315,0.4954276524755917,trend_early_warning,순이익률 변화,전년 대비 순이익률 변화폭,KOSDAQ|196700|(주)웹스|2023|2024
KOSDAQ,196700,(주)웹스,2023,2024,manufacturing,small_and_medium,test,0,0.8104276524755917,interest_coverage_ratio,2,0.5151732563972473,0.5151732563972473,increase_risk,1.788012,196700,small_and_medium,manufacturing,false_positive,0,1,투자적격,투기등급,0.8104276524755917,0.315,0.4954276524755917,profitability_returns,이자보상배율,영업이익 대비 이자비용 배수,KOSDAQ|196700|(주)웹스|2023|2024
KOSDAQ,196700,(주)웹스,2023,2024,manufacturing,small_and_medium,test,0,0.8104276524755917,assets_total,3,0.3393470644950866,0.3393470644950866,increase_risk,67505087,196700,small_and_medium,manufacturing,false_positive,0,1,투자적격,투기등급,0.8104276524755917,0.315,0.4954276524755917,stability_leverage,자산총계,총자산,KOSDAQ|196700|(주)웹스|2023|2024
KOSDAQ,196700,(주)웹스,2023,2024,manufacturing,small_and_medium,test,0,0.8104276524755917,depreciation,4,0.3340213596820831,0.3340213596820831,increase_risk,2254266,196700,small_and_medium,manufacturing,false_positive,0,1,투자적격,투기등급,0.8104276524755917,0.315,0.4954276524755917,cashflow_structure,감가상각비,감가상각비,KOSDAQ|196700|(주)웹스|2023|2024
KOSDAQ,196700,(주)웹스,2023,2024,manufacturing,small_and_medium,test,0,0.8104276524755917,gross_profit,5,0.3333985507488251,0.3333985507488251,increase_risk,10227140,196700,small_and_medium,manufacturing,false_positive,0,1,투자적격,투기등급,0.8104276524755917,0.315,0.4954276524755917,profitability_returns,매출총이익,매출총이익(손실),KOSDAQ|196700|(주)웹스|2023|2024
KOSDAQ,196700,(주)웹스,2023,2024,manufacturing,small_and_medium,test,0,0.8104276524755917,firm_size_group,6,0.3199903070926666,0.3199903070926666,increase_risk,small_and_medium,196700,small_and_medium,manufacturing,false_positive,0,1,투자적격,투기등급,0.8104276524755917,0.315,0.4954276524755917,context,기업규모 그룹,모델링용 기업규모 그룹,KOSDAQ|196700|(주)웹스|2023|2024
KOSDAQ,196700,(주)웹스,2023,2024,manufacturing,small_and_medium,test,0,0.8104276524755917,listed_year,7,-0.3195340633392334,0.3195340633392334,decrease_risk,2015,196700,small_and_medium,manufacturing,false_positive,0,1,투자적격,투기등급,0.8104276524755917,0.315,0.4954276524755917,context,상장연도,상장일에서 추출한 연도,KOSDAQ|196700|(주)웹스|2023|2024
KOSDAQ,196700,(주)웹스,2023,2024,manufacturing,small_and_medium,test,0,0.8104276524755917,dividend_payer,8,0.2567046582698822,0.2567046582698822,increase_risk,0,196700,small_and_medium,manufacturing,false_positive,0,1,투자적격,투기등급,0.8104276524755917,0.315,0.4954276524755917,market_shareholder,배당금 지급 여부,해당 회계연도에 현금배당을 지급했는지 여부,KOSDAQ|196700|(주)웹스|2023|2024
KOSDAQ,196700,(주)웹스,2023,2024,manufacturing,small_and_medium,test,0,0.8104276524755917,intangible_assets_ratio,9,-0.2537028193473816,0.2537028193473816,decrease_risk,0.001858,196700,small_and_medium,manufacturing,false_positive,0,1,투자적격,투기등급,0.8104276524755917,0.315,0.4954276524755917,cashflow_structure,무형자산 비중,총자산 대비 무형자산 비율,KOSDAQ|196700|(주)웹스|2023|2024
KOSDAQ,196700,(주)웹스,2023,2024,manufacturing,small_and_medium,test,0,0.8104276524755917,short_term_borrowings_share,10,0.1843400299549102,0.1843400299549102,increase_risk,0.788875,196700,small_and_medium,manufacturing,false_positive,0,1,투자적격,투기등급,0.8104276524755917,0.315,0.4954276524755917,trend_early_warning,단기차입금 비중,총차입금 중 단기차입금 비중,KOSDAQ|196700|(주)웹스|2023|2024
KOSDAQ,317770,(주)엑스페릭스,2023,2024,manufacturing,small_and_medium,test,0,0.8033494161237027,net_margin,1,0.8966019749641418,0.8966019749641418,increase_risk,-0.311838,317770,small_and_medium,manufacturing,false_positive,0,1,투자적격,투기등급,0.8033494161237027,0.315,0.4883494161237027,profitability_returns,순이익률,매출액 대비 당기순이익 비율,KOSDAQ|317770|(주)엑스페릭스|2023|2024
KOSDAQ,317770,(주)엑스페릭스,2023,2024,manufacturing,small_and_medium,test,0,0.8033494161237027,interest_coverage_ratio,2,0.4553395211696625,0.4553395211696625,increase_risk,-224.82401,317770,small_and_medium,manufacturing,false_positive,0,1,투자적격,투기등급,0.8033494161237027,0.315,0.4883494161237027,profitability_returns,이자보상배율,영업이익 대비 이자비용 배수,KOSDAQ|317770|(주)엑스페릭스|2023|2024
KOSDAQ,317770,(주)엑스페릭스,2023,2024,manufacturing,small_and_medium,test,0,0.8033494161237027,total_debt_turnover,3,-0.4413371980190277,0.4413371980190277,decrease_risk,3.201914,317770,small_and_medium,manufacturing,false_positive,0,1,투자적격,투기등급,0.8033494161237027,0.315,0.4883494161237027,cashflow_structure,총부채회전율,총부채 대비 매출액 비율,KOSDAQ|317770|(주)엑스페릭스|2023|2024
KOSDAQ,317770,(주)엑스페릭스,2023,2024,manufacturing,small_and_medium,test,0,0.8033494161237027,gross_profit,4,0.4332965314388275,0.4332965314388275,increase_risk,5092380,317770,small_and_medium,manufacturing,false_positive,0,1,투자적격,투기등급,0.8033494161237027,0.315,0.4883494161237027,profitability_returns,매출총이익,매출총이익(손실),KOSDAQ|317770|(주)엑스페릭스|2023|2024
KOSDAQ,317770,(주)엑스페릭스,2023,2024,manufacturing,small_and_medium,test,0,0.8033494161237027,cash_ratio,5,0.3153795301914215,0.3153795301914215,increase_risk,8.581255,317770,small_and_medium,manufacturing,false_positive,0,1,투자적격,투기등급,0.8033494161237027,0.315,0.4883494161237027,stability_leverage,현금비율,유동부채 대비 현금및현금성자산 비율,KOSDAQ|317770|(주)엑스페릭스|2023|2024
KOSDAQ,317770,(주)엑스페릭스,2023,2024,manufacturing,small_and_medium,test,0,0.8033494161237027,dividend_payer,6,0.308496743440628,0.308496743440628,increase_risk,0,317770,small_and_medium,manufacturing,false_positive,0,1,투자적격,투기등급,0.8033494161237027,0.315,0.4883494161237027,market_shareholder,배당금 지급 여부,해당 회계연도에 현금배당을 지급했는지 여부,KOSDAQ|317770|(주)엑스페릭스|2023|2024
KOSDAQ,317770,(주)엑스페릭스,2023,2024,manufacturing,small_and_medium,test,0,0.8033494161237027,assets_total,7,0.2833473980426788,0.2833473980426788,increase_risk,60098403,317770,small_and_medium,manufacturing,false_positive,0,1,투자적격,투기등급,0.8033494161237027,0.315,0.4883494161237027,stability_leverage,자산총계,총자산,KOSDAQ|317770|(주)엑스페릭스|2023|2024
KOSDAQ,317770,(주)엑스페릭스,2023,2024,manufacturing,small_and_medium,test,0,0.8033494161237027,listed_year,8,0.2818574607372284,0.2818574607372284,increase_risk,2019,317770,small_and_medium,manufacturing,false_positive,0,1,투자적격,투기등급,0.8033494161237027,0.315,0.4883494161237027,context,상장연도,상장일에서 추출한 연도,KOSDAQ|317770|(주)엑스페릭스|2023|2024
KOSDAQ,317770,(주)엑스페릭스,2023,2024,manufacturing,small_and_medium,test,0,0.8033494161237027,total_assets_growth,9,-0.2472534477710724,0.2472534477710724,decrease_risk,0.196197,317770,small_and_medium,manufacturing,false_positive,0,1,투자적격,투기등급,0.8033494161237027,0.315,0.4883494161237027,trend_early_warning,총자산증가율,전년 대비 총자산 증가율,KOSDAQ|317770|(주)엑스페릭스|2023|2024
KOSDAQ,317770,(주)엑스페릭스,2023,2024,manufacturing,small_and_medium,test,0,0.8033494161237027,net_margin_diff,10,-0.2263063788414001,0.2263063788414001,decrease_risk,-0.51724,317770,small_and_medium,manufacturing,false_positive,0,1,투자적격,투기등급,0.8033494161237027,0.315,0.4883494161237027,trend_early_warning,순이익률 변화,전년 대비 순이익률 변화폭,KOSDAQ|317770|(주)엑스페릭스|2023|2024
KOSDAQ,52900,(주)케이엑스하이텍,2023,2024,manufacturing,small_and_medium,test,0,0.7938743126833293,interest_coverage_ratio,1,0.5589407682418823,0.5589407682418823,increase_risk,1.976862,052900,small_and_medium,manufacturing,false_positive,0,1,투자적격,투기등급,0.7938743126833293,0.315,0.4788743126833293,profitability_returns,이자보상배율,영업이익 대비 이자비용 배수,KOSDAQ|052900|(주)케이엑스하이텍|2023|2024
KOSDAQ,52900,(주)케이엑스하이텍,2023,2024,manufacturing,small_and_medium,test,0,0.7938743126833293,gross_profit,2,0.5541815757751465,0.5541815757751465,increase_risk,34130519,052900,small_and_medium,manufacturing,false_positive,0,1,투자적격,투기등급,0.7938743126833293,0.315,0.4788743126833293,profitability_returns,매출총이익,매출총이익(손실),KOSDAQ|052900|(주)케이엑스하이텍|2023|2024
KOSDAQ,52900,(주)케이엑스하이텍,2023,2024,manufacturing,small_and_medium,test,0,0.7938743126833293,firm_size_group,3,0.3550686836242676,0.3550686836242676,increase_risk,small_and_medium,052900,small_and_medium,manufacturing,false_positive,0,1,투자적격,투기등급,0.7938743126833293,0.315,0.4788743126833293,context,기업규모 그룹,모델링용 기업규모 그룹,KOSDAQ|052900|(주)케이엑스하이텍|2023|2024
KOSDAQ,52900,(주)케이엑스하이텍,2023,2024,manufacturing,small_and_medium,test,0,0.7938743126833293,listed_year,4,0.3535306453704834,0.3535306453704834,increase_risk,2005,052900,small_and_medium,manufacturing,false_positive,0,1,투자적격,투기등급,0.7938743126833293,0.315,0.4788743126833293,context,상장연도,상장일에서 추출한 연도,KOSDAQ|052900|(주)케이엑스하이텍|2023|2024
KOSDAQ,52900,(주)케이엑스하이텍,2023,2024,manufacturing,small_and_medium,test,0,0.7938743126833293,dividend_payer,5,0.2553789019584656,0.2553789019584656,increase_risk,0,052900,small_and_medium,manufacturing,false_positive,0,1,투자적격,투기등급,0.7938743126833293,0.315,0.4788743126833293,market_shareholder,배당금 지급 여부,해당 회계연도에 현금배당을 지급했는지 여부,KOSDAQ|052900|(주)케이엑스하이텍|2023|2024
KOSDAQ,52900,(주)케이엑스하이텍,2023,2024,manufacturing,small_and_medium,test,0,0.7938743126833293,cashflow_coverage_ratio,6,0.2362517118453979,0.2362517118453979,increase_risk,3.582019,052900,small_and_medium,manufacturing,false_positive,0,1,투자적격,투기등급,0.7938743126833293,0.315,0.4788743126833293,cashflow_structure,현금흐름 커버리지,이자비용 대비 영업현금흐름 배수,KOSDAQ|052900|(주)케이엑스하이텍|2023|2024
KOSDAQ,52900,(주)케이엑스하이텍,2023,2024,manufacturing,small_and_medium,test,0,0.7938743126833293,net_margin_diff,7,-0.2238430231809616,0.2238430231809616,decrease_risk,-0.061939,052900,small_and_medium,manufacturing,false_positive,0,1,투자적격,투기등급,0.7938743126833293,0.315,0.4788743126833293,trend_early_warning,순이익률 변화,전년 대비 순이익률 변화폭,KOSDAQ|052900|(주)케이엑스하이텍|2023|2024
KOSDAQ,52900,(주)케이엑스하이텍,2023,2024,manufacturing,small_and_medium,test,0,0.7938743126833293,depreciation,8,0.2120861858129501,0.2120861858129501,increase_risk,7573939,052900,small_and_medium,manufacturing,false_positive,0,1,투자적격,투기등급,0.7938743126833293,0.315,0.4788743126833293,cashflow_structure,감가상각비,감가상각비,KOSDAQ|052900|(주)케이엑스하이텍|2023|2024
KOSDAQ,52900,(주)케이엑스하이텍,2023,2024,manufacturing,small_and_medium,test,0,0.7938743126833293,cash_ratio,9,0.2015538066625595,0.2015538066625595,increase_risk,0.353983,052900,small_and_medium,manufacturing,false_positive,0,1,투자적격,투기등급,0.7938743126833293,0.315,0.4788743126833293,stability_leverage,현금비율,유동부채 대비 현금및현금성자산 비율,KOSDAQ|052900|(주)케이엑스하이텍|2023|2024
KOSDAQ,52900,(주)케이엑스하이텍,2023,2024,manufacturing,small_and_medium,test,0,0.7938743126833293,capital_impairment_ratio,10,0.194983422756195,0.194983422756195,increase_risk,-3.252407,052900,small_and_medium,manufacturing,false_positive,0,1,투자적격,투기등급,0.7938743126833293,0.315,0.4788743126833293,stability_leverage,자본잠식률,자본금 대비 자본잠식 정도,KOSDAQ|052900|(주)케이엑스하이텍|2023|2024
KOSDAQ,140670,알에스오토메이션(주),2023,2024,manufacturing,small_and_medium,test,0,0.7819006692873243,interest_coverage_ratio,1,0.4451156854629516,0.4451156854629516,increase_risk,-3.015954,140670,small_and_medium,manufacturing,false_positive,0,1,투자적격,투기등급,0.7819006692873243,0.315,0.46690066928732427,profitability_returns,이자보상배율,영업이익 대비 이자비용 배수,KOSDAQ|140670|알에스오토메이션(주)|2023|2024
KOSDAQ,140670,알에스오토메이션(주),2023,2024,manufacturing,small_and_medium,test,0,0.7819006692873243,gross_profit,2,0.3978687524795532,0.3978687524795532,increase_risk,10077786,140670,small_and_medium,manufacturing,false_positive,0,1,투자적격,투기등급,0.7819006692873243,0.315,0.46690066928732427,profitability_returns,매출총이익,매출총이익(손실),KOSDAQ|140670|알에스오토메이션(주)|2023|2024
KOSDAQ,140670,알에스오토메이션(주),2023,2024,manufacturing,small_and_medium,test,0,0.7819006692873243,firm_size_group,3,0.3232567310333252,0.3232567310333252,increase_risk,small_and_medium,140670,small_and_medium,manufacturing,false_positive,0,1,투자적격,투기등급,0.7819006692873243,0.315,0.46690066928732427,context,기업규모 그룹,모델링용 기업규모 그룹,KOSDAQ|140670|알에스오토메이션(주)|2023|2024
KOSDAQ,140670,알에스오토메이션(주),2023,2024,manufacturing,small_and_medium,test,0,0.7819006692873243,net_margin,4,0.3114964663982391,0.3114964663982391,increase_risk,-0.070098,140670,small_and_medium,manufacturing,false_positive,0,1,투자적격,투기등급,0.7819006692873243,0.315,0.46690066928732427,profitability_returns,순이익률,매출액 대비 당기순이익 비율,KOSDAQ|140670|알에스오토메이션(주)|2023|2024
KOSDAQ,140670,알에스오토메이션(주),2023,2024,manufacturing,small_and_medium,test,0,0.7819006692873243,listed_year,5,-0.3091895282268524,0.3091895282268524,decrease_risk,2017,140670,small_and_medium,manufacturing,false_positive,0,1,투자적격,투기등급,0.7819006692873243,0.315,0.46690066928732427,context,상장연도,상장일에서 추출한 연도,KOSDAQ|140670|알에스오토메이션(주)|2023|2024
KOSDAQ,140670,알에스오토메이션(주),2023,2024,manufacturing,small_and_medium,test,0,0.7819006692873243,assets_total,6,0.297029972076416,0.297029972076416,increase_risk,74888103,140670,small_and_medium,manufacturing,false_positive,0,1,투자적격,투기등급,0.7819006692873243,0.315,0.46690066928732427,stability_leverage,자산총계,총자산,KOSDAQ|140670|알에스오토메이션(주)|2023|2024
KOSDAQ,140670,알에스오토메이션(주),2023,2024,manufacturing,small_and_medium,test,0,0.7819006692873243,depreciation,7,0.2836557030677795,0.2836557030677795,increase_risk,1273886,140670,small_and_medium,manufacturing,false_positive,0,1,투자적격,투기등급,0.7819006692873243,0.315,0.46690066928732427,cashflow_structure,감가상각비,감가상각비,KOSDAQ|140670|알에스오토메이션(주)|2023|2024
KOSDAQ,140670,알에스오토메이션(주),2023,2024,manufacturing,small_and_medium,test,0,0.7819006692873243,dividend_payer,8,0.2674944996833801,0.2674944996833801,increase_risk,0,140670,small_and_medium,manufacturing,false_positive,0,1,투자적격,투기등급,0.7819006692873243,0.315,0.46690066928732427,market_shareholder,배당금 지급 여부,해당 회계연도에 현금배당을 지급했는지 여부,KOSDAQ|140670|알에스오토메이션(주)|2023|2024
KOSDAQ,140670,알에스오토메이션(주),2023,2024,manufacturing,small_and_medium,test,0,0.7819006692873243,total_assets_growth,9,0.2430619299411773,0.2430619299411773,increase_risk,-0.164443,140670,small_and_medium,manufacturing,false_positive,0,1,투자적격,투기등급,0.7819006692873243,0.315,0.46690066928732427,trend_early_warning,총자산증가율,전년 대비 총자산 증가율,KOSDAQ|140670|알에스오토메이션(주)|2023|2024
KOSDAQ,140670,알에스오토메이션(주),2023,2024,manufacturing,small_and_medium,test,0,0.7819006692873243,net_margin_diff,10,-0.2299053817987442,0.2299053817987442,decrease_risk,-0.078573,140670,small_and_medium,manufacturing,false_positive,0,1,투자적격,투기등급,0.7819006692873243,0.315,0.46690066928732427,trend_early_warning,순이익률 변화,전년 대비 순이익률 변화폭,KOSDAQ|140670|알에스오토메이션(주)|2023|2024
KOSDAQ,222980,한국맥널티(주),2024,2025,manufacturing,small_and_medium,test,0,0.7509064461066357,gross_profit,1,0.6548972725868225,0.6548972725868225,increase_risk,24462739,222980,small_and_medium,manufacturing,false_positive,0,1,투자적격,투기등급,0.7509064461066357,0.315,0.4359064461066357,profitability_returns,매출총이익,매출총이익(손실),KOSDAQ|222980|한국맥널티(주)|2024|2025
KOSDAQ,222980,한국맥널티(주),2024,2025,manufacturing,small_and_medium,test,0,0.7509064461066357,interest_coverage_ratio,2,0.4726133346557617,0.4726133346557617,increase_risk,0.269792,222980,small_and_medium,manufacturing,false_positive,0,1,투자적격,투기등급,0.7509064461066357,0.315,0.4359064461066357,profitability_returns,이자보상배율,영업이익 대비 이자비용 배수,KOSDAQ|222980|한국맥널티(주)|2024|2025
KOSDAQ,222980,한국맥널티(주),2024,2025,manufacturing,small_and_medium,test,0,0.7509064461066357,firm_size_group,3,0.3484629392623901,0.3484629392623901,increase_risk,small_and_medium,222980,small_and_medium,manufacturing,false_positive,0,1,투자적격,투기등급,0.7509064461066357,0.315,0.4359064461066357,context,기업규모 그룹,모델링용 기업규모 그룹,KOSDAQ|222980|한국맥널티(주)|2024|2025
KOSDAQ,222980,한국맥널티(주),2024,2025,manufacturing,small_and_medium,test,0,0.7509064461066357,listed_year,4,-0.3161341547966003,0.3161341547966003,decrease_risk,2015,222980,small_and_medium,manufacturing,false_positive,0,1,투자적격,투기등급,0.7509064461066357,0.315,0.4359064461066357,context,상장연도,상장일에서 추출한 연도,KOSDAQ|222980|한국맥널티(주)|2024|2025
KOSDAQ,222980,한국맥널티(주),2024,2025,manufacturing,small_and_medium,test,0,0.7509064461066357,assets_total,5,0.2896786630153656,0.2896786630153656,increase_risk,81317586,222980,small_and_medium,manufacturing,false_positive,0,1,투자적격,투기등급,0.7509064461066357,0.315,0.4359064461066357,stability_leverage,자산총계,총자산,KOSDAQ|222980|한국맥널티(주)|2024|2025
KOSDAQ,222980,한국맥널티(주),2024,2025,manufacturing,small_and_medium,test,0,0.7509064461066357,dividend_payer,6,0.2405576705932617,0.2405576705932617,increase_risk,0,222980,small_and_medium,manufacturing,false_positive,0,1,투자적격,투기등급,0.7509064461066357,0.315,0.4359064461066357,market_shareholder,배당금 지급 여부,해당 회계연도에 현금배당을 지급했는지 여부,KOSDAQ|222980|한국맥널티(주)|2024|2025
KOSDAQ,222980,한국맥널티(주),2024,2025,manufacturing,small_and_medium,test,0,0.7509064461066357,cashflow_coverage_ratio,7,0.2077725231647491,0.2077725231647491,increase_risk,-1.483339,222980,small_and_medium,manufacturing,false_positive,0,1,투자적격,투기등급,0.7509064461066357,0.315,0.4359064461066357,cashflow_structure,현금흐름 커버리지,이자비용 대비 영업현금흐름 배수,KOSDAQ|222980|한국맥널티(주)|2024|2025
KOSDAQ,222980,한국맥널티(주),2024,2025,manufacturing,small_and_medium,test,0,0.7509064461066357,depreciation,8,0.1782174557447433,0.1782174557447433,increase_risk,3711235,222980,small_and_medium,manufacturing,false_positive,0,1,투자적격,투기등급,0.7509064461066357,0.315,0.4359064461066357,cashflow_structure,감가상각비,감가상각비,KOSDAQ|222980|한국맥널티(주)|2024|2025
KOSDAQ,222980,한국맥널티(주),2024,2025,manufacturing,small_and_medium,test,0,0.7509064461066357,net_margin_diff,9,0.1600903570652008,0.1600903570652008,increase_risk,0.050979,222980,small_and_medium,manufacturing,false_positive,0,1,투자적격,투기등급,0.7509064461066357,0.315,0.4359064461066357,trend_early_warning,순이익률 변화,전년 대비 순이익률 변화폭,KOSDAQ|222980|한국맥널티(주)|2024|2025
KOSDAQ,222980,한국맥널티(주),2024,2025,manufacturing,small_and_medium,test,0,0.7509064461066357,net_margin,10,0.1593319028615951,0.1593319028615951,increase_risk,-0.003959,222980,small_and_medium,manufacturing,false_positive,0,1,투자적격,투기등급,0.7509064461066357,0.315,0.4359064461066357,profitability_returns,순이익률,매출액 대비 당기순이익 비율,KOSDAQ|222980|한국맥널티(주)|2024|2025
KOSDAQ,335870,(주)윙스풋,2023,2024,wholesale_retail,small_and_medium,test,0,0.7508587222818273,industry_macro_category,1,0.8832929134368896,0.8832929134368896,increase_risk,wholesale_retail,335870,small_and_medium,wholesale_retail,false_positive,0,1,투자적격,투기등급,0.7508587222818273,0.315,0.43585872228182726,context,산업 대분류,모델링용 산업 대분류,KOSDAQ|335870|(주)윙스풋|2023|2024
KOSDAQ,335870,(주)윙스풋,2023,2024,wholesale_retail,small_and_medium,test,0,0.7508587222818273,interest_coverage_ratio,2,-0.6488541960716248,0.6488541960716248,decrease_risk,1000000.0,335870,small_and_medium,wholesale_retail,false_positive,0,1,투자적격,투기등급,0.7508587222818273,0.315,0.43585872228182726,profitability_returns,이자보상배율,영업이익 대비 이자비용 배수,KOSDAQ|335870|(주)윙스풋|2023|2024
KOSDAQ,335870,(주)윙스풋,2023,2024,wholesale_retail,small_and_medium,test,0,0.7508587222818273,listed_year,3,0.6004108190536499,0.6004108190536499,increase_risk,2019,335870,small_and_medium,wholesale_retail,false_positive,0,1,투자적격,투기등급,0.7508587222818273,0.315,0.43585872228182726,context,상장연도,상장일에서 추출한 연도,KOSDAQ|335870|(주)윙스풋|2023|2024
KOSDAQ,335870,(주)윙스풋,2023,2024,wholesale_retail,small_and_medium,test,0,0.7508587222818273,firm_size_group,4,0.3200145959854126,0.3200145959854126,increase_risk,small_and_medium,335870,small_and_medium,wholesale_retail,false_positive,0,1,투자적격,투기등급,0.7508587222818273,0.315,0.43585872228182726,context,기업규모 그룹,모델링용 기업규모 그룹,KOSDAQ|335870|(주)윙스풋|2023|2024
KOSDAQ,335870,(주)윙스풋,2023,2024,wholesale_retail,small_and_medium,test,0,0.7508587222818273,capital_impairment_ratio,5,0.2957628071308136,0.2957628071308136,increase_risk,,335870,small_and_medium,wholesale_retail,false_positive,0,1,투자적격,투기등급,0.7508587222818273,0.315,0.43585872228182726,stability_leverage,자본잠식률,자본금 대비 자본잠식 정도,KOSDAQ|335870|(주)윙스풋|2023|2024
KOSDAQ,335870,(주)윙스풋,2023,2024,wholesale_retail,small_and_medium,test,0,0.7508587222818273,dividend_payer,6,0.2946814596652984,0.2946814596652984,increase_risk,0,335870,small_and_medium,wholesale_retail,false_positive,0,1,투자적격,투기등급,0.7508587222818273,0.315,0.43585872228182726,market_shareholder,배당금 지급 여부,해당 회계연도에 현금배당을 지급했는지 여부,KOSDAQ|335870|(주)윙스풋|2023|2024
KOSDAQ,335870,(주)윙스풋,2023,2024,wholesale_retail,small_and_medium,test,0,0.7508587222818273,assets_total,7,0.2896502017974853,0.2896502017974853,increase_risk,0,335870,small_and_medium,wholesale_retail,false_positive,0,1,투자적격,투기등급,0.7508587222818273,0.315,0.43585872228182726,stability_leverage,자산총계,총자산,KOSDAQ|335870|(주)윙스풋|2023|2024
KOSDAQ,335870,(주)윙스풋,2023,2024,wholesale_retail,small_and_medium,test,0,0.7508587222818273,gross_profit,8,0.2700819969177246,0.2700819969177246,increase_risk,0,335870,small_and_medium,wholesale_retail,false_positive,0,1,투자적격,투기등급,0.7508587222818273,0.315,0.43585872228182726,profitability_returns,매출총이익,매출총이익(손실),KOSDAQ|335870|(주)윙스풋|2023|2024
KOSDAQ,335870,(주)윙스풋,2023,2024,wholesale_retail,small_and_medium,test,0,0.7508587222818273,cashflow_coverage_ratio,9,-0.1712861210107803,0.1712861210107803,decrease_risk,1000000.0,335870,small_and_medium,wholesale_retail,false_positive,0,1,투자적격,투기등급,0.7508587222818273,0.315,0.43585872228182726,cashflow_structure,현금흐름 커버리지,이자비용 대비 영업현금흐름 배수,KOSDAQ|335870|(주)윙스풋|2023|2024
KOSDAQ,335870,(주)윙스풋,2023,2024,wholesale_retail,small_and_medium,test,0,0.7508587222818273,net_margin_diff,10,0.1174256652593612,0.1174256652593612,increase_risk,,335870,small_and_medium,wholesale_retail,false_positive,0,1,투자적격,투기등급,0.7508587222818273,0.315,0.43585872228182726,trend_early_warning,순이익률 변화,전년 대비 순이익률 변화폭,KOSDAQ|335870|(주)윙스풋|2023|2024
KOSDAQ,46120,(주)오르비텍,2023,2024,it_services,small_and_medium,test,0,0.7475273711977932,industry_macro_category,1,-0.8828840255737305,0.8828840255737305,decrease_risk,it_services,046120,small_and_medium,it_services,false_positive,0,1,투자적격,투기등급,0.7475273711977932,0.315,0.4325273711977932,context,산업 대분류,모델링용 산업 대분류,KOSDAQ|046120|(주)오르비텍|2023|2024
KOSDAQ,46120,(주)오르비텍,2023,2024,it_services,small_and_medium,test,0,0.7475273711977932,interest_coverage_ratio,2,0.4444151222705841,0.4444151222705841,increase_risk,-2.560429,046120,small_and_medium,it_services,false_positive,0,1,투자적격,투기등급,0.7475273711977932,0.315,0.4325273711977932,profitability_returns,이자보상배율,영업이익 대비 이자비용 배수,KOSDAQ|046120|(주)오르비텍|2023|2024
KOSDAQ,46120,(주)오르비텍,2023,2024,it_services,small_and_medium,test,0,0.7475273711977932,gross_profit,3,0.3946002423763275,0.3946002423763275,increase_risk,8039925,046120,small_and_medium,it_services,false_positive,0,1,투자적격,투기등급,0.7475273711977932,0.315,0.4325273711977932,profitability_returns,매출총이익,매출총이익(손실),KOSDAQ|046120|(주)오르비텍|2023|2024
KOSDAQ,46120,(주)오르비텍,2023,2024,it_services,small_and_medium,test,0,0.7475273711977932,firm_size_group,4,0.3354203402996063,0.3354203402996063,increase_risk,small_and_medium,046120,small_and_medium,it_services,false_positive,0,1,투자적격,투기등급,0.7475273711977932,0.315,0.4325273711977932,context,기업규모 그룹,모델링용 기업규모 그룹,KOSDAQ|046120|(주)오르비텍|2023|2024
KOSDAQ,46120,(주)오르비텍,2023,2024,it_services,small_and_medium,test,0,0.7475273711977932,net_margin_diff,5,0.3143289089202881,0.3143289089202881,increase_risk,0.191947,046120,small_and_medium,it_services,false_positive,0,1,투자적격,투기등급,0.7475273711977932,0.315,0.4325273711977932,trend_early_warning,순이익률 변화,전년 대비 순이익률 변화폭,KOSDAQ|046120|(주)오르비텍|2023|2024
KOSDAQ,46120,(주)오르비텍,2023,2024,it_services,small_and_medium,test,0,0.7475273711977932,depreciation,6,0.2974478602409363,0.2974478602409363,increase_risk,3769035,046120,small_and_medium,it_services,false_positive,0,1,투자적격,투기등급,0.7475273711977932,0.315,0.4325273711977932,cashflow_structure,감가상각비,감가상각비,KOSDAQ|046120|(주)오르비텍|2023|2024
KOSDAQ,46120,(주)오르비텍,2023,2024,it_services,small_and_medium,test,0,0.7475273711977932,assets_total,7,0.2783452272415161,0.2783452272415161,increase_risk,101046204,046120,small_and_medium,it_services,false_positive,0,1,투자적격,투기등급,0.7475273711977932,0.315,0.4325273711977932,stability_leverage,자산총계,총자산,KOSDAQ|046120|(주)오르비텍|2023|2024
KOSDAQ,46120,(주)오르비텍,2023,2024,it_services,small_and_medium,test,0,0.7475273711977932,accruals_ratio,8,0.2573127150535583,0.2573127150535583,increase_risk,-0.079339,046120,small_and_medium,it_services,false_positive,0,1,투자적격,투기등급,0.7475273711977932,0.315,0.4325273711977932,cashflow_structure,발생액 비율,총자산 대비 순이익과 영업현금흐름의 차이 (이익품질 지표),KOSDAQ|046120|(주)오르비텍|2023|2024
KOSDAQ,46120,(주)오르비텍,2023,2024,it_services,small_and_medium,test,0,0.7475273711977932,cash_ratio,9,0.2497202605009079,0.2497202605009079,increase_risk,0.358246,046120,small_and_medium,it_services,false_positive,0,1,투자적격,투기등급,0.7475273711977932,0.315,0.4325273711977932,stability_leverage,현금비율,유동부채 대비 현금및현금성자산 비율,KOSDAQ|046120|(주)오르비텍|2023|2024
KOSDAQ,46120,(주)오르비텍,2023,2024,it_services,small_and_medium,test,0,0.7475273711977932,dividend_payer,10,0.233468011021614,0.233468011021614,increase_risk,0,046120,small_and_medium,it_services,false_positive,0,1,투자적격,투기등급,0.7475273711977932,0.315,0.4325273711977932,market_shareholder,배당금 지급 여부,해당 회계연도에 현금배당을 지급했는지 여부,KOSDAQ|046120|(주)오르비텍|2023|2024
KOSDAQ,265740,(주)엔에프씨,2023,2024,manufacturing,small_and_medium,test,0,0.7280750516827005,total_assets_growth,1,0.8104822635650635,0.8104822635650635,increase_risk,-1.0,265740,small_and_medium,manufacturing,false_positive,0,1,투자적격,투기등급,0.7280750516827005,0.315,0.4130750516827005,trend_early_warning,총자산증가율,전년 대비 총자산 증가율,KOSDAQ|265740|(주)엔에프씨|2023|2024
KOSDAQ,265740,(주)엔에프씨,2023,2024,manufacturing,small_and_medium,test,0,0.7280750516827005,interest_coverage_ratio,2,-0.6008397340774536,0.6008397340774536,decrease_risk,1000000.0,265740,small_and_medium,manufacturing,false_positive,0,1,투자적격,투기등급,0.7280750516827005,0.315,0.4130750516827005,profitability_returns,이자보상배율,영업이익 대비 이자비용 배수,KOSDAQ|265740|(주)엔에프씨|2023|2024
KOSDAQ,265740,(주)엔에프씨,2023,2024,manufacturing,small_and_medium,test,0,0.7280750516827005,listed_year,3,0.5290747880935669,0.5290747880935669,increase_risk,2020,265740,small_and_medium,manufacturing,false_positive,0,1,투자적격,투기등급,0.7280750516827005,0.315,0.4130750516827005,context,상장연도,상장일에서 추출한 연도,KOSDAQ|265740|(주)엔에프씨|2023|2024
KOSDAQ,265740,(주)엔에프씨,2023,2024,manufacturing,small_and_medium,test,0,0.7280750516827005,gross_profit,4,0.2838817834854126,0.2838817834854126,increase_risk,0,265740,small_and_medium,manufacturing,false_positive,0,1,투자적격,투기등급,0.7280750516827005,0.315,0.4130750516827005,profitability_returns,매출총이익,매출총이익(손실),KOSDAQ|265740|(주)엔에프씨|2023|2024
KOSDAQ,265740,(주)엔에프씨,2023,2024,manufacturing,small_and_medium,test,0,0.7280750516827005,assets_total,5,0.2787981927394867,0.2787981927394867,increase_risk,0,265740,small_and_medium,manufacturing,false_positive,0,1,투자적격,투기등급,0.7280750516827005,0.315,0.4130750516827005,stability_leverage,자산총계,총자산,KOSDAQ|265740|(주)엔에프씨|2023|2024
KOSDAQ,265740,(주)엔에프씨,2023,2024,manufacturing,small_and_medium,test,0,0.7280750516827005,capital_impairment_ratio,6,0.2647581398487091,0.2647581398487091,increase_risk,,265740,small_and_medium,manufacturing,false_positive,0,1,투자적격,투기등급,0.7280750516827005,0.315,0.4130750516827005,stability_leverage,자본잠식률,자본금 대비 자본잠식 정도,KOSDAQ|265740|(주)엔에프씨|2023|2024
KOSDAQ,265740,(주)엔에프씨,2023,2024,manufacturing,small_and_medium,test,0,0.7280750516827005,dividend_payer,7,0.2549487054347992,0.2549487054347992,increase_risk,0,265740,small_and_medium,manufacturing,false_positive,0,1,투자적격,투기등급,0.7280750516827005,0.315,0.4130750516827005,market_shareholder,배당금 지급 여부,해당 회계연도에 현금배당을 지급했는지 여부,KOSDAQ|265740|(주)엔에프씨|2023|2024
KOSDAQ,265740,(주)엔에프씨,2023,2024,manufacturing,small_and_medium,test,0,0.7280750516827005,firm_size_group,8,0.2507825791835785,0.2507825791835785,increase_risk,small_and_medium,265740,small_and_medium,manufacturing,false_positive,0,1,투자적격,투기등급,0.7280750516827005,0.315,0.4130750516827005,context,기업규모 그룹,모델링용 기업규모 그룹,KOSDAQ|265740|(주)엔에프씨|2023|2024
KOSDAQ,265740,(주)엔에프씨,2023,2024,manufacturing,small_and_medium,test,0,0.7280750516827005,cashflow_coverage_ratio,9,-0.1442431062459945,0.1442431062459945,decrease_risk,1000000.0,265740,small_and_medium,manufacturing,false_positive,0,1,투자적격,투기등급,0.7280750516827005,0.315,0.4130750516827005,cashflow_structure,현금흐름 커버리지,이자비용 대비 영업현금흐름 배수,KOSDAQ|265740|(주)엔에프씨|2023|2024
KOSDAQ,265740,(주)엔에프씨,2023,2024,manufacturing,small_and_medium,test,0,0.7280750516827005,depreciation,10,0.1093190163373947,0.1093190163373947,increase_risk,0,265740,small_and_medium,manufacturing,false_positive,0,1,투자적격,투기등급,0.7280750516827005,0.315,0.4130750516827005,cashflow_structure,감가상각비,감가상각비,KOSDAQ|265740|(주)엔에프씨|2023|2024
KOSDAQ,27710,(주)팜스토리,2023,2024,manufacturing,mid_sized,test,0,0.7248952160471525,assets_total,1,-0.9387930035591124,0.9387930035591124,decrease_risk,937753149,027710,mid_sized,manufacturing,false_positive,0,1,투자적격,투기등급,0.7248952160471525,0.315,0.40989521604715246,stability_leverage,자산총계,총자산,KOSDAQ|027710|(주)팜스토리|2023|2024
KOSDAQ,27710,(주)팜스토리,2023,2024,manufacturing,mid_sized,test,0,0.7248952160471525,intangible_assets_ratio,2,0.8532602787017822,0.8532602787017822,increase_risk,0.000819,027710,mid_sized,manufacturing,false_positive,0,1,투자적격,투기등급,0.7248952160471525,0.315,0.40989521604715246,cashflow_structure,무형자산 비중,총자산 대비 무형자산 비율,KOSDAQ|027710|(주)팜스토리|2023|2024
KOSDAQ,27710,(주)팜스토리,2023,2024,manufacturing,mid_sized,test,0,0.7248952160471525,equity_ratio,3,0.5715380907058716,0.5715380907058716,increase_risk,0.271985,027710,mid_sized,manufacturing,false_positive,0,1,투자적격,투기등급,0.7248952160471525,0.315,0.40989521604715246,stability_leverage,자기자본비율,총자산 대비 자기자본 비율,KOSDAQ|027710|(주)팜스토리|2023|2024
KOSDAQ,27710,(주)팜스토리,2023,2024,manufacturing,mid_sized,test,0,0.7248952160471525,total_borrowings_ratio,4,0.5012000799179077,0.5012000799179077,increase_risk,0.532626,027710,mid_sized,manufacturing,false_positive,0,1,투자적격,투기등급,0.7248952160471525,0.315,0.40989521604715246,stability_leverage,총차입금비율,총자산 대비 총차입금 비율,KOSDAQ|027710|(주)팜스토리|2023|2024
KOSDAQ,27710,(주)팜스토리,2023,2024,manufacturing,mid_sized,test,0,0.7248952160471525,gross_profit,5,-0.4368902146816253,0.4368902146816253,decrease_risk,139238858,027710,mid_sized,manufacturing,false_positive,0,1,투자적격,투기등급,0.7248952160471525,0.315,0.40989521604715246,profitability_returns,매출총이익,매출총이익(손실),KOSDAQ|027710|(주)팜스토리|2023|2024
KOSDAQ,27710,(주)팜스토리,2023,2024,manufacturing,mid_sized,test,0,0.7248952160471525,interest_coverage_ratio,6,0.431988388299942,0.431988388299942,increase_risk,0.900717,027710,mid_sized,manufacturing,false_positive,0,1,투자적격,투기등급,0.7248952160471525,0.315,0.40989521604715246,profitability_returns,이자보상배율,영업이익 대비 이자비용 배수,KOSDAQ|027710|(주)팜스토리|2023|2024
KOSDAQ,27710,(주)팜스토리,2023,2024,manufacturing,mid_sized,test,0,0.7248952160471525,cashflow_coverage_ratio,7,0.2924584448337555,0.2924584448337555,increase_risk,-0.476029,027710,mid_sized,manufacturing,false_positive,0,1,투자적격,투기등급,0.7248952160471525,0.315,0.40989521604715246,cashflow_structure,현금흐름 커버리지,이자비용 대비 영업현금흐름 배수,KOSDAQ|027710|(주)팜스토리|2023|2024
KOSDAQ,27710,(주)팜스토리,2023,2024,manufacturing,mid_sized,test,0,0.7248952160471525,industry_macro_category,8,0.2683486640453338,0.2683486640453338,increase_risk,manufacturing,027710,mid_sized,manufacturing,false_positive,0,1,투자적격,투기등급,0.7248952160471525,0.315,0.40989521604715246,context,산업 대분류,모델링용 산업 대분류,KOSDAQ|027710|(주)팜스토리|2023|2024
KOSDAQ,27710,(주)팜스토리,2023,2024,manufacturing,mid_sized,test,0,0.7248952160471525,dividend_payer,9,-0.2485536038875579,0.2485536038875579,decrease_risk,1,027710,mid_sized,manufacturing,false_positive,0,1,투자적격,투기등급,0.7248952160471525,0.315,0.40989521604715246,market_shareholder,배당금 지급 여부,해당 회계연도에 현금배당을 지급했는지 여부,KOSDAQ|027710|(주)팜스토리|2023|2024
KOSDAQ,27710,(주)팜스토리,2023,2024,manufacturing,mid_sized,test,0,0.7248952160471525,is_2y_consecutive_ocf_deficit,10,0.2180892080068588,0.2180892080068588,increase_risk,1,027710,mid_sized,manufacturing,false_positive,0,1,투자적격,투기등급,0.7248952160471525,0.315,0.40989521604715246,trend_early_warning,2년 연속 OCF 적자 여부,당기와 전기 모두 영업현금흐름이 음수인지 여부,KOSDAQ|027710|(주)팜스토리|2023|2024
KOSPI,25750,(주)한솔홈데코,2023,2024,manufacturing,mid_sized,test,0,0.7129489595264891,gross_profit,1,0.603753387928009,0.603753387928009,increase_risk,41801744,025750,mid_sized,manufacturing,false_positive,0,1,투자적격,투기등급,0.7129489595264891,0.315,0.39794895952648907,profitability_returns,매출총이익,매출총이익(손실),KOSPI|025750|(주)한솔홈데코|2023|2024
KOSPI,25750,(주)한솔홈데코,2023,2024,manufacturing,mid_sized,test,0,0.7129489595264891,interest_coverage_ratio,2,0.5577247738838196,0.5577247738838196,increase_risk,-0.407164,025750,mid_sized,manufacturing,false_positive,0,1,투자적격,투기등급,0.7129489595264891,0.315,0.39794895952648907,profitability_returns,이자보상배율,영업이익 대비 이자비용 배수,KOSPI|025750|(주)한솔홈데코|2023|2024
KOSPI,25750,(주)한솔홈데코,2023,2024,manufacturing,mid_sized,test,0,0.7129489595264891,capital_impairment_ratio,3,0.4227728247642517,0.4227728247642517,increase_risk,-0.668561,025750,mid_sized,manufacturing,false_positive,0,1,투자적격,투기등급,0.7129489595264891,0.315,0.39794895952648907,stability_leverage,자본잠식률,자본금 대비 자본잠식 정도,KOSPI|025750|(주)한솔홈데코|2023|2024
KOSPI,25750,(주)한솔홈데코,2023,2024,manufacturing,mid_sized,test,0,0.7129489595264891,net_margin,4,0.3915164470672607,0.3915164470672607,increase_risk,-0.047572,025750,mid_sized,manufacturing,false_positive,0,1,투자적격,투기등급,0.7129489595264891,0.315,0.39794895952648907,profitability_returns,순이익률,매출액 대비 당기순이익 비율,KOSPI|025750|(주)한솔홈데코|2023|2024
KOSPI,25750,(주)한솔홈데코,2023,2024,manufacturing,mid_sized,test,0,0.7129489595264891,cashflow_coverage_ratio,5,0.2667084336280823,0.2667084336280823,increase_risk,0.430752,025750,mid_sized,manufacturing,false_positive,0,1,투자적격,투기등급,0.7129489595264891,0.315,0.39794895952648907,cashflow_structure,현금흐름 커버리지,이자비용 대비 영업현금흐름 배수,KOSPI|025750|(주)한솔홈데코|2023|2024
KOSPI,25750,(주)한솔홈데코,2023,2024,manufacturing,mid_sized,test,0,0.7129489595264891,dividend_payer,6,0.2603698074817657,0.2603698074817657,increase_risk,0,025750,mid_sized,manufacturing,false_positive,0,1,투자적격,투기등급,0.7129489595264891,0.315,0.39794895952648907,market_shareholder,배당금 지급 여부,해당 회계연도에 현금배당을 지급했는지 여부,KOSPI|025750|(주)한솔홈데코|2023|2024
KOSPI,25750,(주)한솔홈데코,2023,2024,manufacturing,mid_sized,test,0,0.7129489595264891,assets_total,7,-0.2349891662597656,0.2349891662597656,decrease_risk,312095401,025750,mid_sized,manufacturing,false_positive,0,1,투자적격,투기등급,0.7129489595264891,0.315,0.39794895952648907,stability_leverage,자산총계,총자산,KOSPI|025750|(주)한솔홈데코|2023|2024
KOSPI,25750,(주)한솔홈데코,2023,2024,manufacturing,mid_sized,test,0,0.7129489595264891,market,8,-0.2342352271080017,0.2342352271080017,decrease_risk,,025750,mid_sized,manufacturing,false_positive,0,1,투자적격,투기등급,0.7129489595264891,0.315,0.39794895952648907,context,시장구분,상장시장 구분,KOSPI|025750|(주)한솔홈데코|2023|2024
KOSPI,25750,(주)한솔홈데코,2023,2024,manufacturing,mid_sized,test,0,0.7129489595264891,net_margin_diff,9,-0.1771310269832611,0.1771310269832611,decrease_risk,-0.030397,025750,mid_sized,manufacturing,false_positive,0,1,투자적격,투기등급,0.7129489595264891,0.315,0.39794895952648907,trend_early_warning,순이익률 변화,전년 대비 순이익률 변화폭,KOSPI|025750|(주)한솔홈데코|2023|2024
KOSPI,25750,(주)한솔홈데코,2023,2024,manufacturing,mid_sized,test,0,0.7129489595264891,depreciation,10,0.1752983480691909,0.1752983480691909,increase_risk,9591261,025750,mid_sized,manufacturing,false_positive,0,1,투자적격,투기등급,0.7129489595264891,0.315,0.39794895952648907,cashflow_structure,감가상각비,감가상각비,KOSPI|025750|(주)한솔홈데코|2023|2024
KOSDAQ,288620,에스퓨얼셀(주),2023,2024,manufacturing,small_and_medium,test,0,0.6936992290408686,intangible_assets_ratio,1,0.6054124236106873,0.6054124236106873,increase_risk,0.000958,288620,small_and_medium,manufacturing,false_positive,0,1,투자적격,투기등급,0.6936992290408686,0.315,0.37869922904086856,cashflow_structure,무형자산 비중,총자산 대비 무형자산 비율,KOSDAQ|288620|에스퓨얼셀(주)|2023|2024
KOSDAQ,288620,에스퓨얼셀(주),2023,2024,manufacturing,small_and_medium,test,0,0.6936992290408686,dividend_payer,2,-0.5293095707893372,0.5293095707893372,decrease_risk,1,288620,small_and_medium,manufacturing,false_positive,0,1,투자적격,투기등급,0.6936992290408686,0.315,0.37869922904086856,market_shareholder,배당금 지급 여부,해당 회계연도에 현금배당을 지급했는지 여부,KOSDAQ|288620|에스퓨얼셀(주)|2023|2024
KOSDAQ,288620,에스퓨얼셀(주),2023,2024,manufacturing,small_and_medium,test,0,0.6936992290408686,net_margin,3,0.4358238875865936,0.4358238875865936,increase_risk,-0.070221,288620,small_and_medium,manufacturing,false_positive,0,1,투자적격,투기등급,0.6936992290408686,0.315,0.37869922904086856,profitability_returns,순이익률,매출액 대비 당기순이익 비율,KOSDAQ|288620|에스퓨얼셀(주)|2023|2024
KOSDAQ,288620,에스퓨얼셀(주),2023,2024,manufacturing,small_and_medium,test,0,0.6936992290408686,interest_coverage_ratio,4,0.4177488684654236,0.4177488684654236,increase_risk,-0.678456,288620,small_and_medium,manufacturing,false_positive,0,1,투자적격,투기등급,0.6936992290408686,0.315,0.37869922904086856,profitability_returns,이자보상배율,영업이익 대비 이자비용 배수,KOSDAQ|288620|에스퓨얼셀(주)|2023|2024
KOSDAQ,288620,에스퓨얼셀(주),2023,2024,manufacturing,small_and_medium,test,0,0.6936992290408686,capital_impairment_ratio,5,-0.3694076538085937,0.3694076538085937,decrease_risk,-18.881985,288620,small_and_medium,manufacturing,false_positive,0,1,투자적격,투기등급,0.6936992290408686,0.315,0.37869922904086856,stability_leverage,자본잠식률,자본금 대비 자본잠식 정도,KOSDAQ|288620|에스퓨얼셀(주)|2023|2024
KOSDAQ,288620,에스퓨얼셀(주),2023,2024,manufacturing,small_and_medium,test,0,0.6936992290408686,depreciation,6,0.325934886932373,0.325934886932373,increase_risk,1929590,288620,small_and_medium,manufacturing,false_positive,0,1,투자적격,투기등급,0.6936992290408686,0.315,0.37869922904086856,cashflow_structure,감가상각비,감가상각비,KOSDAQ|288620|에스퓨얼셀(주)|2023|2024
KOSDAQ,288620,에스퓨얼셀(주),2023,2024,manufacturing,small_and_medium,test,0,0.6936992290408686,net_margin_diff,7,-0.2508869171142578,0.2508869171142578,decrease_risk,-0.086272,288620,small_and_medium,manufacturing,false_positive,0,1,투자적격,투기등급,0.6936992290408686,0.315,0.37869922904086856,trend_early_warning,순이익률 변화,전년 대비 순이익률 변화폭,KOSDAQ|288620|에스퓨얼셀(주)|2023|2024
KOSDAQ,288620,에스퓨얼셀(주),2023,2024,manufacturing,small_and_medium,test,0,0.6936992290408686,cashflow_coverage_ratio,8,0.2220721542835235,0.2220721542835235,increase_risk,-0.970272,288620,small_and_medium,manufacturing,false_positive,0,1,투자적격,투기등급,0.6936992290408686,0.315,0.37869922904086856,cashflow_structure,현금흐름 커버리지,이자비용 대비 영업현금흐름 배수,KOSDAQ|288620|에스퓨얼셀(주)|2023|2024
KOSDAQ,288620,에스퓨얼셀(주),2023,2024,manufacturing,small_and_medium,test,0,0.6936992290408686,firm_size_group,9,0.2120345532894134,0.2120345532894134,increase_risk,small_and_medium,288620,small_and_medium,manufacturing,false_positive,0,1,투자적격,투기등급,0.6936992290408686,0.315,0.37869922904086856,context,기업규모 그룹,모델링용 기업규모 그룹,KOSDAQ|288620|에스퓨얼셀(주)|2023|2024
KOSDAQ,288620,에스퓨얼셀(주),2023,2024,manufacturing,small_and_medium,test,0,0.6936992290408686,listed_year,10,0.2047315090894699,0.2047315090894699,increase_risk,2018,288620,small_and_medium,manufacturing,false_positive,0,1,투자적격,투기등급,0.6936992290408686,0.315,0.37869922904086856,context,상장연도,상장일에서 추출한 연도,KOSDAQ|288620|에스퓨얼셀(주)|2023|2024
KOSDAQ,328380,솔트웨어(주),2023,2024,it_services,small_and_medium,test,0,0.6725692323502536,total_assets_growth,1,0.8209019899368286,0.8209019899368286,increase_risk,-1.0,328380,small_and_medium,it_services,false_positive,0,1,투자적격,투기등급,0.6725692323502536,0.315,0.35756923235025356,trend_early_warning,총자산증가율,전년 대비 총자산 증가율,KOSDAQ|328380|솔트웨어(주)|2023|2024
KOSDAQ,328380,솔트웨어(주),2023,2024,it_services,small_and_medium,test,0,0.6725692323502536,interest_coverage_ratio,2,-0.5582097768783569,0.5582097768783569,decrease_risk,1000000.0,328380,small_and_medium,it_services,false_positive,0,1,투자적격,투기등급,0.6725692323502536,0.315,0.35756923235025356,profitability_returns,이자보상배율,영업이익 대비 이자비용 배수,KOSDAQ|328380|솔트웨어(주)|2023|2024
KOSDAQ,328380,솔트웨어(주),2023,2024,it_services,small_and_medium,test,0,0.6725692323502536,listed_year,3,0.4914449453353882,0.4914449453353882,increase_risk,2019,328380,small_and_medium,it_services,false_positive,0,1,투자적격,투기등급,0.6725692323502536,0.315,0.35756923235025356,context,상장연도,상장일에서 추출한 연도,KOSDAQ|328380|솔트웨어(주)|2023|2024
KOSDAQ,328380,솔트웨어(주),2023,2024,it_services,small_and_medium,test,0,0.6725692323502536,industry_macro_category,4,-0.395040899515152,0.395040899515152,decrease_risk,it_services,328380,small_and_medium,it_services,false_positive,0,1,투자적격,투기등급,0.6725692323502536,0.315,0.35756923235025356,context,산업 대분류,모델링용 산업 대분류,KOSDAQ|328380|솔트웨어(주)|2023|2024
KOSDAQ,328380,솔트웨어(주),2023,2024,it_services,small_and_medium,test,0,0.6725692323502536,capital_impairment_ratio,5,0.3021411001682281,0.3021411001682281,increase_risk,,328380,small_and_medium,it_services,false_positive,0,1,투자적격,투기등급,0.6725692323502536,0.315,0.35756923235025356,stability_leverage,자본잠식률,자본금 대비 자본잠식 정도,KOSDAQ|328380|솔트웨어(주)|2023|2024
KOSDAQ,328380,솔트웨어(주),2023,2024,it_services,small_and_medium,test,0,0.6725692323502536,assets_total,6,0.2998726665973663,0.2998726665973663,increase_risk,0,328380,small_and_medium,it_services,false_positive,0,1,투자적격,투기등급,0.6725692323502536,0.315,0.35756923235025356,stability_leverage,자산총계,총자산,KOSDAQ|328380|솔트웨어(주)|2023|2024
KOSDAQ,328380,솔트웨어(주),2023,2024,it_services,small_and_medium,test,0,0.6725692323502536,gross_profit,7,0.2956394255161285,0.2956394255161285,increase_risk,0,328380,small_and_medium,it_services,false_positive,0,1,투자적격,투기등급,0.6725692323502536,0.315,0.35756923235025356,profitability_returns,매출총이익,매출총이익(손실),KOSDAQ|328380|솔트웨어(주)|2023|2024
KOSDAQ,328380,솔트웨어(주),2023,2024,it_services,small_and_medium,test,0,0.6725692323502536,dividend_payer,8,0.2534347772598266,0.2534347772598266,increase_risk,0,328380,small_and_medium,it_services,false_positive,0,1,투자적격,투기등급,0.6725692323502536,0.315,0.35756923235025356,market_shareholder,배당금 지급 여부,해당 회계연도에 현금배당을 지급했는지 여부,KOSDAQ|328380|솔트웨어(주)|2023|2024
KOSDAQ,328380,솔트웨어(주),2023,2024,it_services,small_and_medium,test,0,0.6725692323502536,firm_size_group,9,0.2007046937942505,0.2007046937942505,increase_risk,small_and_medium,328380,small_and_medium,it_services,false_positive,0,1,투자적격,투기등급,0.6725692323502536,0.315,0.35756923235025356,context,기업규모 그룹,모델링용 기업규모 그룹,KOSDAQ|328380|솔트웨어(주)|2023|2024
KOSDAQ,328380,솔트웨어(주),2023,2024,it_services,small_and_medium,test,0,0.6725692323502536,cashflow_coverage_ratio,10,-0.1443220674991607,0.1443220674991607,decrease_risk,1000000.0,328380,small_and_medium,it_services,false_positive,0,1,투자적격,투기등급,0.6725692323502536,0.315,0.35756923235025356,cashflow_structure,현금흐름 커버리지,이자비용 대비 영업현금흐름 배수,KOSDAQ|328380|솔트웨어(주)|2023|2024
KOSDAQ,277810,(주)레인보우로보틱스,2023,2024,manufacturing,small_and_medium,test,0,0.6693790894649959,net_margin,1,0.6530470252037048,0.6530470252037048,increase_risk,-0.055228,277810,small_and_medium,manufacturing,false_positive,0,1,투자적격,투기등급,0.6693790894649959,0.315,0.3543790894649959,profitability_returns,순이익률,매출액 대비 당기순이익 비율,KOSDAQ|277810|(주)레인보우로보틱스|2023|2024
KOSDAQ,277810,(주)레인보우로보틱스,2023,2024,manufacturing,small_and_medium,test,0,0.6693790894649959,interest_coverage_ratio,2,0.4560744762420654,0.4560744762420654,increase_risk,-145.385647,277810,small_and_medium,manufacturing,false_positive,0,1,투자적격,투기등급,0.6693790894649959,0.315,0.3543790894649959,profitability_returns,이자보상배율,영업이익 대비 이자비용 배수,KOSDAQ|277810|(주)레인보우로보틱스|2023|2024
KOSDAQ,277810,(주)레인보우로보틱스,2023,2024,manufacturing,small_and_medium,test,0,0.6693790894649959,gross_profit,3,0.4073649644851684,0.4073649644851684,increase_risk,7274987,277810,small_and_medium,manufacturing,false_positive,0,1,투자적격,투기등급,0.6693790894649959,0.315,0.3543790894649959,profitability_returns,매출총이익,매출총이익(손실),KOSDAQ|277810|(주)레인보우로보틱스|2023|2024
KOSDAQ,277810,(주)레인보우로보틱스,2023,2024,manufacturing,small_and_medium,test,0,0.6693790894649959,total_debt_turnover,4,-0.3934822678565979,0.3934822678565979,decrease_risk,7.803527,277810,small_and_medium,manufacturing,false_positive,0,1,투자적격,투기등급,0.6693790894649959,0.315,0.3543790894649959,cashflow_structure,총부채회전율,총부채 대비 매출액 비율,KOSDAQ|277810|(주)레인보우로보틱스|2023|2024
KOSDAQ,277810,(주)레인보우로보틱스,2023,2024,manufacturing,small_and_medium,test,0,0.6693790894649959,capital_impairment_ratio,5,-0.3571241199970245,0.3571241199970245,decrease_risk,-12.46981,277810,small_and_medium,manufacturing,false_positive,0,1,투자적격,투기등급,0.6693790894649959,0.315,0.3543790894649959,stability_leverage,자본잠식률,자본금 대비 자본잠식 정도,KOSDAQ|277810|(주)레인보우로보틱스|2023|2024
KOSDAQ,277810,(주)레인보우로보틱스,2023,2024,manufacturing,small_and_medium,test,0,0.6693790894649959,cash_ratio,6,0.3313719630241394,0.3313719630241394,increase_risk,87.166821,277810,small_and_medium,manufacturing,false_positive,0,1,투자적격,투기등급,0.6693790894649959,0.315,0.3543790894649959,stability_leverage,현금비율,유동부채 대비 현금및현금성자산 비율,KOSDAQ|277810|(주)레인보우로보틱스|2023|2024
KOSDAQ,277810,(주)레인보우로보틱스,2023,2024,manufacturing,small_and_medium,test,0,0.6693790894649959,dividend_payer,7,0.3169784843921661,0.3169784843921661,increase_risk,0,277810,small_and_medium,manufacturing,false_positive,0,1,투자적격,투기등급,0.6693790894649959,0.315,0.3543790894649959,market_shareholder,배당금 지급 여부,해당 회계연도에 현금배당을 지급했는지 여부,KOSDAQ|277810|(주)레인보우로보틱스|2023|2024
KOSDAQ,277810,(주)레인보우로보틱스,2023,2024,manufacturing,small_and_medium,test,0,0.6693790894649959,cashflow_coverage_ratio,8,0.2575215697288513,0.2575215697288513,increase_risk,-1.527392,277810,small_and_medium,manufacturing,false_positive,0,1,투자적격,투기등급,0.6693790894649959,0.315,0.3543790894649959,cashflow_structure,현금흐름 커버리지,이자비용 대비 영업현금흐름 배수,KOSDAQ|277810|(주)레인보우로보틱스|2023|2024
KOSDAQ,277810,(주)레인보우로보틱스,2023,2024,manufacturing,small_and_medium,test,0,0.6693790894649959,listed_year,9,0.2422834485769271,0.2422834485769271,increase_risk,2021,277810,small_and_medium,manufacturing,false_positive,0,1,투자적격,투기등급,0.6693790894649959,0.315,0.3543790894649959,context,상장연도,상장일에서 추출한 연도,KOSDAQ|277810|(주)레인보우로보틱스|2023|2024
KOSDAQ,277810,(주)레인보우로보틱스,2023,2024,manufacturing,small_and_medium,test,0,0.6693790894649959,net_margin_diff,10,-0.2197600454092025,0.2197600454092025,decrease_risk,-0.479319,277810,small_and_medium,manufacturing,false_positive,0,1,투자적격,투기등급,0.6693790894649959,0.315,0.3543790894649959,trend_early_warning,순이익률 변화,전년 대비 순이익률 변화폭,KOSDAQ|277810|(주)레인보우로보틱스|2023|2024
KOSDAQ,255440,(주)야스,2023,2024,manufacturing,small_and_medium,test,0,0.666486412922378,net_margin,1,0.7319109439849854,0.7319109439849854,increase_risk,-0.096396,255440,small_and_medium,manufacturing,false_positive,0,1,투자적격,투기등급,0.666486412922378,0.315,0.351486412922378,profitability_returns,순이익률,매출액 대비 당기순이익 비율,KOSDAQ|255440|(주)야스|2023|2024
KOSDAQ,255440,(주)야스,2023,2024,manufacturing,small_and_medium,test,0,0.666486412922378,interest_coverage_ratio,2,0.5581727027893066,0.5581727027893066,increase_risk,-22.491113,255440,small_and_medium,manufacturing,false_positive,0,1,투자적격,투기등급,0.666486412922378,0.315,0.351486412922378,profitability_returns,이자보상배율,영업이익 대비 이자비용 배수,KOSDAQ|255440|(주)야스|2023|2024
KOSDAQ,255440,(주)야스,2023,2024,manufacturing,small_and_medium,test,0,0.666486412922378,ocf_to_sales,3,0.4701133668422699,0.4701133668422699,increase_risk,-0.277184,255440,small_and_medium,manufacturing,false_positive,0,1,투자적격,투기등급,0.666486412922378,0.315,0.351486412922378,cashflow_structure,OCF/매출액,매출액 대비 영업현금흐름 비율,KOSDAQ|255440|(주)야스|2023|2024
KOSDAQ,255440,(주)야스,2023,2024,manufacturing,small_and_medium,test,0,0.666486412922378,short_term_borrowings_share,4,-0.3857283890247345,0.3857283890247345,decrease_risk,0.025,255440,small_and_medium,manufacturing,false_positive,0,1,투자적격,투기등급,0.666486412922378,0.315,0.351486412922378,trend_early_warning,단기차입금 비중,총차입금 중 단기차입금 비중,KOSDAQ|255440|(주)야스|2023|2024
KOSDAQ,255440,(주)야스,2023,2024,manufacturing,small_and_medium,test,0,0.666486412922378,gross_profit,5,0.3754699230194092,0.3754699230194092,increase_risk,6167966,255440,small_and_medium,manufacturing,false_positive,0,1,투자적격,투기등급,0.666486412922378,0.315,0.351486412922378,profitability_returns,매출총이익,매출총이익(손실),KOSDAQ|255440|(주)야스|2023|2024
KOSDAQ,255440,(주)야스,2023,2024,manufacturing,small_and_medium,test,0,0.666486412922378,dividend_payer,6,0.3022960722446441,0.3022960722446441,increase_risk,0,255440,small_and_medium,manufacturing,false_positive,0,1,투자적격,투기등급,0.666486412922378,0.315,0.351486412922378,market_shareholder,배당금 지급 여부,해당 회계연도에 현금배당을 지급했는지 여부,KOSDAQ|255440|(주)야스|2023|2024
KOSDAQ,255440,(주)야스,2023,2024,manufacturing,small_and_medium,test,0,0.666486412922378,depreciation,7,0.3015643954277038,0.3015643954277038,increase_risk,2383580,255440,small_and_medium,manufacturing,false_positive,0,1,투자적격,투기등급,0.666486412922378,0.315,0.351486412922378,cashflow_structure,감가상각비,감가상각비,KOSDAQ|255440|(주)야스|2023|2024
KOSDAQ,255440,(주)야스,2023,2024,manufacturing,small_and_medium,test,0,0.666486412922378,capital_impairment_ratio,8,-0.2904801964759826,0.2904801964759826,decrease_risk,-22.622454,255440,small_and_medium,manufacturing,false_positive,0,1,투자적격,투기등급,0.666486412922378,0.315,0.351486412922378,stability_leverage,자본잠식률,자본금 대비 자본잠식 정도,KOSDAQ|255440|(주)야스|2023|2024
KOSDAQ,255440,(주)야스,2023,2024,manufacturing,small_and_medium,test,0,0.666486412922378,firm_size_group,9,0.2661705017089844,0.2661705017089844,increase_risk,small_and_medium,255440,small_and_medium,manufacturing,false_positive,0,1,투자적격,투기등급,0.666486412922378,0.315,0.351486412922378,context,기업규모 그룹,모델링용 기업규모 그룹,KOSDAQ|255440|(주)야스|2023|2024
KOSDAQ,255440,(주)야스,2023,2024,manufacturing,small_and_medium,test,0,0.666486412922378,equity_ratio,10,-0.251037061214447,0.251037061214447,decrease_risk,0.762719,255440,small_and_medium,manufacturing,false_positive,0,1,투자적격,투기등급,0.666486412922378,0.315,0.351486412922378,stability_leverage,자기자본비율,총자산 대비 자기자본 비율,KOSDAQ|255440|(주)야스|2023|2024
KOSDAQ,95910,(주)에스에너지,2023,2024,manufacturing,mid_sized,test,0,0.6662770098217004,gross_profit,1,0.5224318504333496,0.5224318504333496,increase_risk,33621278,095910,mid_sized,manufacturing,false_positive,0,1,투자적격,투기등급,0.6662770098217004,0.315,0.35127700982170035,profitability_returns,매출총이익,매출총이익(손실),KOSDAQ|095910|(주)에스에너지|2023|2024
KOSDAQ,95910,(주)에스에너지,2023,2024,manufacturing,mid_sized,test,0,0.6662770098217004,equity_ratio,2,0.4124187231063843,0.4124187231063843,increase_risk,0.331944,095910,mid_sized,manufacturing,false_positive,0,1,투자적격,투기등급,0.6662770098217004,0.315,0.35127700982170035,stability_leverage,자기자본비율,총자산 대비 자기자본 비율,KOSDAQ|095910|(주)에스에너지|2023|2024
KOSDAQ,95910,(주)에스에너지,2023,2024,manufacturing,mid_sized,test,0,0.6662770098217004,interest_coverage_ratio,3,0.3812153041362762,0.3812153041362762,increase_risk,0.329462,095910,mid_sized,manufacturing,false_positive,0,1,투자적격,투기등급,0.6662770098217004,0.315,0.35127700982170035,profitability_returns,이자보상배율,영업이익 대비 이자비용 배수,KOSDAQ|095910|(주)에스에너지|2023|2024
KOSDAQ,95910,(주)에스에너지,2023,2024,manufacturing,mid_sized,test,0,0.6662770098217004,dividend_payer,4,-0.3736360669136047,0.3736360669136047,decrease_risk,1,095910,mid_sized,manufacturing,false_positive,0,1,투자적격,투기등급,0.6662770098217004,0.315,0.35127700982170035,market_shareholder,배당금 지급 여부,해당 회계연도에 현금배당을 지급했는지 여부,KOSDAQ|095910|(주)에스에너지|2023|2024
KOSDAQ,95910,(주)에스에너지,2023,2024,manufacturing,mid_sized,test,0,0.6662770098217004,capital_impairment_ratio,5,-0.2732255458831787,0.2732255458831787,decrease_risk,-10.192117,095910,mid_sized,manufacturing,false_positive,0,1,투자적격,투기등급,0.6662770098217004,0.315,0.35127700982170035,stability_leverage,자본잠식률,자본금 대비 자본잠식 정도,KOSDAQ|095910|(주)에스에너지|2023|2024
KOSDAQ,95910,(주)에스에너지,2023,2024,manufacturing,mid_sized,test,0,0.6662770098217004,listed_year,6,0.2685261070728302,0.2685261070728302,increase_risk,2007,095910,mid_sized,manufacturing,false_positive,0,1,투자적격,투기등급,0.6662770098217004,0.315,0.35127700982170035,context,상장연도,상장일에서 추출한 연도,KOSDAQ|095910|(주)에스에너지|2023|2024
KOSDAQ,95910,(주)에스에너지,2023,2024,manufacturing,mid_sized,test,0,0.6662770098217004,market_to_book,7,0.2389048486948013,0.2389048486948013,increase_risk,0.359181,095910,mid_sized,manufacturing,false_positive,0,1,투자적격,투기등급,0.6662770098217004,0.315,0.35127700982170035,market_shareholder,Market-to-Book,시가총액 대비 장부가치 비율,KOSDAQ|095910|(주)에스에너지|2023|2024
KOSDAQ,95910,(주)에스에너지,2023,2024,manufacturing,mid_sized,test,0,0.6662770098217004,is_2y_consecutive_ocf_deficit,8,0.2297009080648422,0.2297009080648422,increase_risk,1,095910,mid_sized,manufacturing,false_positive,0,1,투자적격,투기등급,0.6662770098217004,0.315,0.35127700982170035,trend_early_warning,2년 연속 OCF 적자 여부,당기와 전기 모두 영업현금흐름이 음수인지 여부,KOSDAQ|095910|(주)에스에너지|2023|2024
KOSDAQ,95910,(주)에스에너지,2023,2024,manufacturing,mid_sized,test,0,0.6662770098217004,intangible_assets_ratio,9,-0.2191801369190216,0.2191801369190216,decrease_risk,0.044887,095910,mid_sized,manufacturing,false_positive,0,1,투자적격,투기등급,0.6662770098217004,0.315,0.35127700982170035,cashflow_structure,무형자산 비중,총자산 대비 무형자산 비율,KOSDAQ|095910|(주)에스에너지|2023|2024
KOSDAQ,95910,(주)에스에너지,2023,2024,manufacturing,mid_sized,test,0,0.6662770098217004,net_margin_diff,10,0.2133746445178985,0.2133746445178985,increase_risk,0.065058,095910,mid_sized,manufacturing,false_positive,0,1,투자적격,투기등급,0.6662770098217004,0.315,0.35127700982170035,trend_early_warning,순이익률 변화,전년 대비 순이익률 변화폭,KOSDAQ|095910|(주)에스에너지|2023|2024
KOSDAQ,208350,(주)지란지교시큐리티,2023,2024,it_services,small_and_medium,test,0,0.661889733290722,net_margin_diff,1,1.051182985305786,1.051182985305786,increase_risk,0.275069,208350,small_and_medium,it_services,false_positive,0,1,투자적격,투기등급,0.661889733290722,0.315,0.346889733290722,trend_early_warning,순이익률 변화,전년 대비 순이익률 변화폭,KOSDAQ|208350|(주)지란지교시큐리티|2023|2024
KOSDAQ,208350,(주)지란지교시큐리티,2023,2024,it_services,small_and_medium,test,0,0.661889733290722,industry_macro_category,2,-0.6393702626228333,0.6393702626228333,decrease_risk,it_services,208350,small_and_medium,it_services,false_positive,0,1,투자적격,투기등급,0.661889733290722,0.315,0.346889733290722,context,산업 대분류,모델링용 산업 대분류,KOSDAQ|208350|(주)지란지교시큐리티|2023|2024
KOSDAQ,208350,(주)지란지교시큐리티,2023,2024,it_services,small_and_medium,test,0,0.661889733290722,gross_profit,3,0.6202354431152344,0.6202354431152344,increase_risk,20847388,208350,small_and_medium,it_services,false_positive,0,1,투자적격,투기등급,0.661889733290722,0.315,0.346889733290722,profitability_returns,매출총이익,매출총이익(손실),KOSDAQ|208350|(주)지란지교시큐리티|2023|2024
KOSDAQ,208350,(주)지란지교시큐리티,2023,2024,it_services,small_and_medium,test,0,0.661889733290722,net_margin,4,-0.5412933826446533,0.5412933826446533,decrease_risk,0.310077,208350,small_and_medium,it_services,false_positive,0,1,투자적격,투기등급,0.661889733290722,0.315,0.346889733290722,profitability_returns,순이익률,매출액 대비 당기순이익 비율,KOSDAQ|208350|(주)지란지교시큐리티|2023|2024
KOSDAQ,208350,(주)지란지교시큐리티,2023,2024,it_services,small_and_medium,test,0,0.661889733290722,interest_coverage_ratio,5,0.4522441327571869,0.4522441327571869,increase_risk,1.367061,208350,small_and_medium,it_services,false_positive,0,1,투자적격,투기등급,0.661889733290722,0.315,0.346889733290722,profitability_returns,이자보상배율,영업이익 대비 이자비용 배수,KOSDAQ|208350|(주)지란지교시큐리티|2023|2024
KOSDAQ,208350,(주)지란지교시큐리티,2023,2024,it_services,small_and_medium,test,0,0.661889733290722,assets_total,6,0.4106758236885071,0.4106758236885071,increase_risk,92553609,208350,small_and_medium,it_services,false_positive,0,1,투자적격,투기등급,0.661889733290722,0.315,0.346889733290722,stability_leverage,자산총계,총자산,KOSDAQ|208350|(주)지란지교시큐리티|2023|2024
KOSDAQ,208350,(주)지란지교시큐리티,2023,2024,it_services,small_and_medium,test,0,0.661889733290722,total_assets_growth,7,0.3814961016178131,0.3814961016178131,increase_risk,-0.251244,208350,small_and_medium,it_services,false_positive,0,1,투자적격,투기등급,0.661889733290722,0.315,0.346889733290722,trend_early_warning,총자산증가율,전년 대비 총자산 증가율,KOSDAQ|208350|(주)지란지교시큐리티|2023|2024
KOSDAQ,208350,(주)지란지교시큐리티,2023,2024,it_services,small_and_medium,test,0,0.661889733290722,capital_impairment_ratio,8,-0.3739933371543884,0.3739933371543884,decrease_risk,-14.764733,208350,small_and_medium,it_services,false_positive,0,1,투자적격,투기등급,0.661889733290722,0.315,0.346889733290722,stability_leverage,자본잠식률,자본금 대비 자본잠식 정도,KOSDAQ|208350|(주)지란지교시큐리티|2023|2024
KOSDAQ,208350,(주)지란지교시큐리티,2023,2024,it_services,small_and_medium,test,0,0.661889733290722,depreciation,9,0.3456801474094391,0.3456801474094391,increase_risk,1992221,208350,small_and_medium,it_services,false_positive,0,1,투자적격,투기등급,0.661889733290722,0.315,0.346889733290722,cashflow_structure,감가상각비,감가상각비,KOSDAQ|208350|(주)지란지교시큐리티|2023|2024
KOSDAQ,208350,(주)지란지교시큐리티,2023,2024,it_services,small_and_medium,test,0,0.661889733290722,dividend_payer,10,0.3354658782482147,0.3354658782482147,increase_risk,0,208350,small_and_medium,it_services,false_positive,0,1,투자적격,투기등급,0.661889733290722,0.315,0.346889733290722,market_shareholder,배당금 지급 여부,해당 회계연도에 현금배당을 지급했는지 여부,KOSDAQ|208350|(주)지란지교시큐리티|2023|2024
KOSPI,13700,(주)까뮤이앤씨,2023,2024,construction,mid_sized,test,0,0.6510900867545315,industry_macro_category,1,-1.1060928106307983,1.1060928106307983,decrease_risk,construction,013700,mid_sized,construction,false_positive,0,1,투자적격,투기등급,0.6510900867545315,0.315,0.3360900867545315,context,산업 대분류,모델링용 산업 대분류,KOSPI|013700|(주)까뮤이앤씨|2023|2024
KOSPI,13700,(주)까뮤이앤씨,2023,2024,construction,mid_sized,test,0,0.6510900867545315,gross_profit,2,0.937058925628662,0.937058925628662,increase_risk,15332416,013700,mid_sized,construction,false_positive,0,1,투자적격,투기등급,0.6510900867545315,0.315,0.3360900867545315,profitability_returns,매출총이익,매출총이익(손실),KOSPI|013700|(주)까뮤이앤씨|2023|2024
KOSPI,13700,(주)까뮤이앤씨,2023,2024,construction,mid_sized,test,0,0.6510900867545315,equity_ratio,3,0.4850625991821289,0.4850625991821289,increase_risk,0.3416,013700,mid_sized,construction,false_positive,0,1,투자적격,투기등급,0.6510900867545315,0.315,0.3360900867545315,stability_leverage,자기자본비율,총자산 대비 자기자본 비율,KOSPI|013700|(주)까뮤이앤씨|2023|2024
KOSPI,13700,(주)까뮤이앤씨,2023,2024,construction,mid_sized,test,0,0.6510900867545315,listed_year,4,0.477591335773468,0.477591335773468,increase_risk,1989,013700,mid_sized,construction,false_positive,0,1,투자적격,투기등급,0.6510900867545315,0.315,0.3360900867545315,context,상장연도,상장일에서 추출한 연도,KOSPI|013700|(주)까뮤이앤씨|2023|2024
KOSPI,13700,(주)까뮤이앤씨,2023,2024,construction,mid_sized,test,0,0.6510900867545315,interest_coverage_ratio,5,0.4704636931419372,0.4704636931419372,increase_risk,2.158183,013700,mid_sized,construction,false_positive,0,1,투자적격,투기등급,0.6510900867545315,0.315,0.3360900867545315,profitability_returns,이자보상배율,영업이익 대비 이자비용 배수,KOSPI|013700|(주)까뮤이앤씨|2023|2024
KOSPI,13700,(주)까뮤이앤씨,2023,2024,construction,mid_sized,test,0,0.6510900867545315,depreciation,6,0.2653082609176636,0.2653082609176636,increase_risk,1716441,013700,mid_sized,construction,false_positive,0,1,투자적격,투기등급,0.6510900867545315,0.315,0.3360900867545315,cashflow_structure,감가상각비,감가상각비,KOSPI|013700|(주)까뮤이앤씨|2023|2024
KOSPI,13700,(주)까뮤이앤씨,2023,2024,construction,mid_sized,test,0,0.6510900867545315,cashflow_coverage_ratio,7,0.2489538639783859,0.2489538639783859,increase_risk,0.527755,013700,mid_sized,construction,false_positive,0,1,투자적격,투기등급,0.6510900867545315,0.315,0.3360900867545315,cashflow_structure,현금흐름 커버리지,이자비용 대비 영업현금흐름 배수,KOSPI|013700|(주)까뮤이앤씨|2023|2024
KOSPI,13700,(주)까뮤이앤씨,2023,2024,construction,mid_sized,test,0,0.6510900867545315,capital_impairment_ratio,8,0.2309430092573166,0.2309430092573166,increase_risk,-2.866704,013700,mid_sized,construction,false_positive,0,1,투자적격,투기등급,0.6510900867545315,0.315,0.3360900867545315,stability_leverage,자본잠식률,자본금 대비 자본잠식 정도,KOSPI|013700|(주)까뮤이앤씨|2023|2024
KOSPI,13700,(주)까뮤이앤씨,2023,2024,construction,mid_sized,test,0,0.6510900867545315,dividend_payer,9,-0.2277254611253738,0.2277254611253738,decrease_risk,1,013700,mid_sized,construction,false_positive,0,1,투자적격,투기등급,0.6510900867545315,0.315,0.3360900867545315,market_shareholder,배당금 지급 여부,해당 회계연도에 현금배당을 지급했는지 여부,KOSPI|013700|(주)까뮤이앤씨|2023|2024
KOSPI,13700,(주)까뮤이앤씨,2023,2024,construction,mid_sized,test,0,0.6510900867545315,total_debt_turnover,10,0.1417343616485595,0.1417343616485595,increase_risk,1.657193,013700,mid_sized,construction,false_positive,0,1,투자적격,투기등급,0.6510900867545315,0.315,0.3360900867545315,cashflow_structure,총부채회전율,총부채 대비 매출액 비율,KOSPI|013700|(주)까뮤이앤씨|2023|2024
KOSDAQ,36090,(주)위지트,2023,2024,manufacturing,small_and_medium,test,0,0.6488161186615135,net_margin,1,0.71126389503479,0.71126389503479,increase_risk,-0.682855,036090,small_and_medium,manufacturing,false_positive,0,1,투자적격,투기등급,0.6488161186615135,0.315,0.33381611866151345,profitability_returns,순이익률,매출액 대비 당기순이익 비율,KOSDAQ|036090|(주)위지트|2023|2024
KOSDAQ,36090,(주)위지트,2023,2024,manufacturing,small_and_medium,test,0,0.6488161186615135,equity_ratio,2,-0.4227862656116485,0.4227862656116485,decrease_risk,0.714345,036090,small_and_medium,manufacturing,false_positive,0,1,투자적격,투기등급,0.6488161186615135,0.315,0.33381611866151345,stability_leverage,자기자본비율,총자산 대비 자기자본 비율,KOSDAQ|036090|(주)위지트|2023|2024
KOSDAQ,36090,(주)위지트,2023,2024,manufacturing,small_and_medium,test,0,0.6488161186615135,firm_size_group,3,0.3267484903335571,0.3267484903335571,increase_risk,small_and_medium,036090,small_and_medium,manufacturing,false_positive,0,1,투자적격,투기등급,0.6488161186615135,0.315,0.33381611866151345,context,기업규모 그룹,모델링용 기업규모 그룹,KOSDAQ|036090|(주)위지트|2023|2024
KOSDAQ,36090,(주)위지트,2023,2024,manufacturing,small_and_medium,test,0,0.6488161186615135,gross_profit,4,0.3245848417282104,0.3245848417282104,increase_risk,9168478,036090,small_and_medium,manufacturing,false_positive,0,1,투자적격,투기등급,0.6488161186615135,0.315,0.33381611866151345,profitability_returns,매출총이익,매출총이익(손실),KOSDAQ|036090|(주)위지트|2023|2024
KOSDAQ,36090,(주)위지트,2023,2024,manufacturing,small_and_medium,test,0,0.6488161186615135,capital_impairment_ratio,5,0.3028524816036224,0.3028524816036224,increase_risk,-2.104154,036090,small_and_medium,manufacturing,false_positive,0,1,투자적격,투기등급,0.6488161186615135,0.315,0.33381611866151345,stability_leverage,자본잠식률,자본금 대비 자본잠식 정도,KOSDAQ|036090|(주)위지트|2023|2024
KOSDAQ,36090,(주)위지트,2023,2024,manufacturing,small_and_medium,test,0,0.6488161186615135,net_margin_diff,6,-0.2627086341381073,0.2627086341381073,decrease_risk,-1.071282,036090,small_and_medium,manufacturing,false_positive,0,1,투자적격,투기등급,0.6488161186615135,0.315,0.33381611866151345,trend_early_warning,순이익률 변화,전년 대비 순이익률 변화폭,KOSDAQ|036090|(주)위지트|2023|2024
KOSDAQ,36090,(주)위지트,2023,2024,manufacturing,small_and_medium,test,0,0.6488161186615135,depreciation,7,0.2154522985219955,0.2154522985219955,increase_risk,1273119,036090,small_and_medium,manufacturing,false_positive,0,1,투자적격,투기등급,0.6488161186615135,0.315,0.33381611866151345,cashflow_structure,감가상각비,감가상각비,KOSDAQ|036090|(주)위지트|2023|2024
KOSDAQ,36090,(주)위지트,2023,2024,manufacturing,small_and_medium,test,0,0.6488161186615135,dividend_payer,8,0.2084627896547317,0.2084627896547317,increase_risk,0,036090,small_and_medium,manufacturing,false_positive,0,1,투자적격,투기등급,0.6488161186615135,0.315,0.33381611866151345,market_shareholder,배당금 지급 여부,해당 회계연도에 현금배당을 지급했는지 여부,KOSDAQ|036090|(주)위지트|2023|2024
KOSDAQ,36090,(주)위지트,2023,2024,manufacturing,small_and_medium,test,0,0.6488161186615135,intangible_assets_ratio,9,-0.2041968405246734,0.2041968405246734,decrease_risk,0.001865,036090,small_and_medium,manufacturing,false_positive,0,1,투자적격,투기등급,0.6488161186615135,0.315,0.33381611866151345,cashflow_structure,무형자산 비중,총자산 대비 무형자산 비율,KOSDAQ|036090|(주)위지트|2023|2024
KOSDAQ,36090,(주)위지트,2023,2024,manufacturing,small_and_medium,test,0,0.6488161186615135,interest_coverage_ratio,10,0.1981816738843917,0.1981816738843917,increase_risk,6.814151,036090,small_and_medium,manufacturing,false_positive,0,1,투자적격,투기등급,0.6488161186615135,0.315,0.33381611866151345,profitability_returns,이자보상배율,영업이익 대비 이자비용 배수,KOSDAQ|036090|(주)위지트|2023|2024
KOSDAQ,36000,(주)예림당,2023,2024,it_services,mid_sized,test,0,0.64028759502118,net_margin_diff,1,1.472881555557251,1.472881555557251,increase_risk,1.752941,036000,mid_sized,it_services,false_positive,0,1,투자적격,투기등급,0.64028759502118,0.315,0.32528759502118004,trend_early_warning,순이익률 변화,전년 대비 순이익률 변화폭,KOSDAQ|036000|(주)예림당|2023|2024
KOSDAQ,36000,(주)예림당,2023,2024,it_services,mid_sized,test,0,0.64028759502118,industry_macro_category,2,-0.6758604645729065,0.6758604645729065,decrease_risk,it_services,036000,mid_sized,it_services,false_positive,0,1,투자적격,투기등급,0.64028759502118,0.315,0.32528759502118004,context,산업 대분류,모델링용 산업 대분류,KOSDAQ|036000|(주)예림당|2023|2024
KOSDAQ,36000,(주)예림당,2023,2024,it_services,mid_sized,test,0,0.64028759502118,market_to_book,3,0.542736291885376,0.542736291885376,increase_risk,0.203522,036000,mid_sized,it_services,false_positive,0,1,투자적격,투기등급,0.64028759502118,0.315,0.32528759502118004,market_shareholder,Market-to-Book,시가총액 대비 장부가치 비율,KOSDAQ|036000|(주)예림당|2023|2024
KOSDAQ,36000,(주)예림당,2023,2024,it_services,mid_sized,test,0,0.64028759502118,interest_coverage_ratio,4,0.5414831638336182,0.5414831638336182,increase_risk,-3.132961,036000,mid_sized,it_services,false_positive,0,1,투자적격,투기등급,0.64028759502118,0.315,0.32528759502118004,profitability_returns,이자보상배율,영업이익 대비 이자비용 배수,KOSDAQ|036000|(주)예림당|2023|2024
KOSDAQ,36000,(주)예림당,2023,2024,it_services,mid_sized,test,0,0.64028759502118,capital_impairment_ratio,5,-0.5051353573799133,0.5051353573799133,decrease_risk,-16.341397,036000,mid_sized,it_services,false_positive,0,1,투자적격,투기등급,0.64028759502118,0.315,0.32528759502118004,stability_leverage,자본잠식률,자본금 대비 자본잠식 정도,KOSDAQ|036000|(주)예림당|2023|2024
KOSDAQ,36000,(주)예림당,2023,2024,it_services,mid_sized,test,0,0.64028759502118,net_margin,6,-0.3869711756706238,0.3869711756706238,decrease_risk,0.882013,036000,mid_sized,it_services,false_positive,0,1,투자적격,투기등급,0.64028759502118,0.315,0.32528759502118004,profitability_returns,순이익률,매출액 대비 당기순이익 비율,KOSDAQ|036000|(주)예림당|2023|2024
KOSDAQ,36000,(주)예림당,2023,2024,it_services,mid_sized,test,0,0.64028759502118,gross_profit,7,0.3397234976291656,0.3397234976291656,increase_risk,5095906,036000,mid_sized,it_services,false_positive,0,1,투자적격,투기등급,0.64028759502118,0.315,0.32528759502118004,profitability_returns,매출총이익,매출총이익(손실),KOSDAQ|036000|(주)예림당|2023|2024
KOSDAQ,36000,(주)예림당,2023,2024,it_services,mid_sized,test,0,0.64028759502118,dividend_payer,8,0.3026979565620422,0.3026979565620422,increase_risk,0,036000,mid_sized,it_services,false_positive,0,1,투자적격,투기등급,0.64028759502118,0.315,0.32528759502118004,market_shareholder,배당금 지급 여부,해당 회계연도에 현금배당을 지급했는지 여부,KOSDAQ|036000|(주)예림당|2023|2024
KOSDAQ,36000,(주)예림당,2023,2024,it_services,mid_sized,test,0,0.64028759502118,cashflow_coverage_ratio,9,0.2734175622463226,0.2734175622463226,increase_risk,2.590404,036000,mid_sized,it_services,false_positive,0,1,투자적격,투기등급,0.64028759502118,0.315,0.32528759502118004,cashflow_structure,현금흐름 커버리지,이자비용 대비 영업현금흐름 배수,KOSDAQ|036000|(주)예림당|2023|2024
KOSDAQ,36000,(주)예림당,2023,2024,it_services,mid_sized,test,0,0.64028759502118,equity_ratio,10,-0.259413480758667,0.259413480758667,decrease_risk,0.888473,036000,mid_sized,it_services,false_positive,0,1,투자적격,투기등급,0.64028759502118,0.315,0.32528759502118004,stability_leverage,자기자본비율,총자산 대비 자기자본 비율,KOSDAQ|036000|(주)예림당|2023|2024
KOSDAQ,85670,(주)뉴프렉스,2023,2024,manufacturing,mid_sized,test,0,0.6318451066735515,gross_profit,1,0.6223586797714233,0.6223586797714233,increase_risk,27111589,085670,mid_sized,manufacturing,false_positive,0,1,투자적격,투기등급,0.6318451066735515,0.315,0.31684510667355154,profitability_returns,매출총이익,매출총이익(손실),KOSDAQ|085670|(주)뉴프렉스|2023|2024
KOSDAQ,85670,(주)뉴프렉스,2023,2024,manufacturing,mid_sized,test,0,0.6318451066735515,listed_year,2,0.4054967164993286,0.4054967164993286,increase_risk,2006,085670,mid_sized,manufacturing,false_positive,0,1,투자적격,투기등급,0.6318451066735515,0.315,0.31684510667355154,context,상장연도,상장일에서 추출한 연도,KOSDAQ|085670|(주)뉴프렉스|2023|2024
KOSDAQ,85670,(주)뉴프렉스,2023,2024,manufacturing,mid_sized,test,0,0.6318451066735515,dividend_payer,3,0.2102425545454025,0.2102425545454025,increase_risk,0,085670,mid_sized,manufacturing,false_positive,0,1,투자적격,투기등급,0.6318451066735515,0.315,0.31684510667355154,market_shareholder,배당금 지급 여부,해당 회계연도에 현금배당을 지급했는지 여부,KOSDAQ|085670|(주)뉴프렉스|2023|2024
KOSDAQ,85670,(주)뉴프렉스,2023,2024,manufacturing,mid_sized,test,0,0.6318451066735515,current_ratio,4,0.1993660479784011,0.1993660479784011,increase_risk,0.87694,085670,mid_sized,manufacturing,false_positive,0,1,투자적격,투기등급,0.6318451066735515,0.315,0.31684510667355154,stability_leverage,유동비율,유동자산 대비 유동부채 비율,KOSDAQ|085670|(주)뉴프렉스|2023|2024
KOSDAQ,85670,(주)뉴프렉스,2023,2024,manufacturing,mid_sized,test,0,0.6318451066735515,capital_impairment_ratio,5,0.1932888776063919,0.1932888776063919,increase_risk,-4.981317,085670,mid_sized,manufacturing,false_positive,0,1,투자적격,투기등급,0.6318451066735515,0.315,0.31684510667355154,stability_leverage,자본잠식률,자본금 대비 자본잠식 정도,KOSDAQ|085670|(주)뉴프렉스|2023|2024
KOSDAQ,85670,(주)뉴프렉스,2023,2024,manufacturing,mid_sized,test,0,0.6318451066735515,cashflow_coverage_ratio,6,0.1835361868143081,0.1835361868143081,increase_risk,2.16978,085670,mid_sized,manufacturing,false_positive,0,1,투자적격,투기등급,0.6318451066735515,0.315,0.31684510667355154,cashflow_structure,현금흐름 커버리지,이자비용 대비 영업현금흐름 배수,KOSDAQ|085670|(주)뉴프렉스|2023|2024
KOSDAQ,85670,(주)뉴프렉스,2023,2024,manufacturing,mid_sized,test,0,0.6318451066735515,interest_coverage_ratio,7,0.1813704967498779,0.1813704967498779,increase_risk,3.804959,085670,mid_sized,manufacturing,false_positive,0,1,투자적격,투기등급,0.6318451066735515,0.315,0.31684510667355154,profitability_returns,이자보상배율,영업이익 대비 이자비용 배수,KOSDAQ|085670|(주)뉴프렉스|2023|2024
KOSDAQ,85670,(주)뉴프렉스,2023,2024,manufacturing,mid_sized,test,0,0.6318451066735515,net_margin_diff,8,-0.1601973325014114,0.1601973325014114,decrease_risk,-0.020583,085670,mid_sized,manufacturing,false_positive,0,1,투자적격,투기등급,0.6318451066735515,0.315,0.31684510667355154,trend_early_warning,순이익률 변화,전년 대비 순이익률 변화폭,KOSDAQ|085670|(주)뉴프렉스|2023|2024
KOSDAQ,85670,(주)뉴프렉스,2023,2024,manufacturing,mid_sized,test,0,0.6318451066735515,net_margin,9,-0.1468191742897033,0.1468191742897033,decrease_risk,0.034786,085670,mid_sized,manufacturing,false_positive,0,1,투자적격,투기등급,0.6318451066735515,0.315,0.31684510667355154,profitability_returns,순이익률,매출액 대비 당기순이익 비율,KOSDAQ|085670|(주)뉴프렉스|2023|2024
KOSDAQ,85670,(주)뉴프렉스,2023,2024,manufacturing,mid_sized,test,0,0.6318451066735515,depreciation,10,0.1366679221391677,0.1366679221391677,increase_risk,12066514,085670,mid_sized,manufacturing,false_positive,0,1,투자적격,투기등급,0.6318451066735515,0.315,0.31684510667355154,cashflow_structure,감가상각비,감가상각비,KOSDAQ|085670|(주)뉴프렉스|2023|2024
KOSDAQ,104620,(주)노랑풍선,2023,2024,it_services,small_and_medium,test,0,0.623986405387911,net_margin_diff,1,1.1534417867660522,1.1534417867660522,increase_risk,1.154288,104620,small_and_medium,it_services,false_positive,0,1,투자적격,투기등급,0.623986405387911,0.315,0.30898640538791095,trend_early_warning,순이익률 변화,전년 대비 순이익률 변화폭,KOSDAQ|104620|(주)노랑풍선|2023|2024
KOSDAQ,104620,(주)노랑풍선,2023,2024,it_services,small_and_medium,test,0,0.623986405387911,industry_macro_category,2,-0.9711511135101318,0.9711511135101318,decrease_risk,it_services,104620,small_and_medium,it_services,false_positive,0,1,투자적격,투기등급,0.623986405387911,0.315,0.30898640538791095,context,산업 대분류,모델링용 산업 대분류,KOSDAQ|104620|(주)노랑풍선|2023|2024
KOSDAQ,104620,(주)노랑풍선,2023,2024,it_services,small_and_medium,test,0,0.623986405387911,listed_year,3,0.5103924870491028,0.5103924870491028,increase_risk,2019,104620,small_and_medium,it_services,false_positive,0,1,투자적격,투기등급,0.623986405387911,0.315,0.30898640538791095,context,상장연도,상장일에서 추출한 연도,KOSDAQ|104620|(주)노랑풍선|2023|2024
KOSDAQ,104620,(주)노랑풍선,2023,2024,it_services,small_and_medium,test,0,0.623986405387911,intangible_assets_ratio,4,-0.4892643094062805,0.4892643094062805,decrease_risk,0.058533,104620,small_and_medium,it_services,false_positive,0,1,투자적격,투기등급,0.623986405387911,0.315,0.30898640538791095,cashflow_structure,무형자산 비중,총자산 대비 무형자산 비율,KOSDAQ|104620|(주)노랑풍선|2023|2024
KOSDAQ,104620,(주)노랑풍선,2023,2024,it_services,small_and_medium,test,0,0.623986405387911,gross_profit,5,-0.4765535593032837,0.4765535593032837,decrease_risk,98612582,104620,small_and_medium,it_services,false_positive,0,1,투자적격,투기등급,0.623986405387911,0.315,0.30898640538791095,profitability_returns,매출총이익,매출총이익(손실),KOSDAQ|104620|(주)노랑풍선|2023|2024
KOSDAQ,104620,(주)노랑풍선,2023,2024,it_services,small_and_medium,test,0,0.623986405387911,assets_total,6,0.4229676425457001,0.4229676425457001,increase_risk,105280369,104620,small_and_medium,it_services,false_positive,0,1,투자적격,투기등급,0.623986405387911,0.315,0.30898640538791095,stability_leverage,자산총계,총자산,KOSDAQ|104620|(주)노랑풍선|2023|2024
KOSDAQ,104620,(주)노랑풍선,2023,2024,it_services,small_and_medium,test,0,0.623986405387911,net_margin,7,-0.3909265697002411,0.3909265697002411,decrease_risk,0.060028,104620,small_and_medium,it_services,false_positive,0,1,투자적격,투기등급,0.623986405387911,0.315,0.30898640538791095,profitability_returns,순이익률,매출액 대비 당기순이익 비율,KOSDAQ|104620|(주)노랑풍선|2023|2024
KOSDAQ,104620,(주)노랑풍선,2023,2024,it_services,small_and_medium,test,0,0.623986405387911,cashflow_coverage_ratio,8,0.3776065409183502,0.3776065409183502,increase_risk,1.733725,104620,small_and_medium,it_services,false_positive,0,1,투자적격,투기등급,0.623986405387911,0.315,0.30898640538791095,cashflow_structure,현금흐름 커버리지,이자비용 대비 영업현금흐름 배수,KOSDAQ|104620|(주)노랑풍선|2023|2024
KOSDAQ,104620,(주)노랑풍선,2023,2024,it_services,small_and_medium,test,0,0.623986405387911,equity_ratio,9,0.3019254207611084,0.3019254207611084,increase_risk,0.382691,104620,small_and_medium,it_services,false_positive,0,1,투자적격,투기등급,0.623986405387911,0.315,0.30898640538791095,stability_leverage,자기자본비율,총자산 대비 자기자본 비율,KOSDAQ|104620|(주)노랑풍선|2023|2024
KOSDAQ,104620,(주)노랑풍선,2023,2024,it_services,small_and_medium,test,0,0.623986405387911,depreciation,10,0.2730328738689422,0.2730328738689422,increase_risk,1180453,104620,small_and_medium,it_services,false_positive,0,1,투자적격,투기등급,0.623986405387911,0.315,0.30898640538791095,cashflow_structure,감가상각비,감가상각비,KOSDAQ|104620|(주)노랑풍선|2023|2024
KOSDAQ,317330,(주)덕산테코피아,2023,2024,manufacturing,small_and_medium,test,0,0.6239495881712955,interest_coverage_ratio,1,0.5330810546875,0.5330810546875,increase_risk,-0.958676,317330,small_and_medium,manufacturing,false_positive,0,1,투자적격,투기등급,0.6239495881712955,0.315,0.30894958817129553,profitability_returns,이자보상배율,영업이익 대비 이자비용 배수,KOSDAQ|317330|(주)덕산테코피아|2023|2024
KOSDAQ,317330,(주)덕산테코피아,2023,2024,manufacturing,small_and_medium,test,0,0.6239495881712955,gross_profit,2,0.4697437882423401,0.4697437882423401,increase_risk,30891343,317330,small_and_medium,manufacturing,false_positive,0,1,투자적격,투기등급,0.6239495881712955,0.315,0.30894958817129553,profitability_returns,매출총이익,매출총이익(손실),KOSDAQ|317330|(주)덕산테코피아|2023|2024
KOSDAQ,317330,(주)덕산테코피아,2023,2024,manufacturing,small_and_medium,test,0,0.6239495881712955,net_margin,3,0.3928007185459137,0.3928007185459137,increase_risk,-0.204872,317330,small_and_medium,manufacturing,false_positive,0,1,투자적격,투기등급,0.6239495881712955,0.315,0.30894958817129553,profitability_returns,순이익률,매출액 대비 당기순이익 비율,KOSDAQ|317330|(주)덕산테코피아|2023|2024
KOSDAQ,317330,(주)덕산테코피아,2023,2024,manufacturing,small_and_medium,test,0,0.6239495881712955,depreciation,4,-0.3638877868652344,0.3638877868652344,decrease_risk,17275323,317330,small_and_medium,manufacturing,false_positive,0,1,투자적격,투기등급,0.6239495881712955,0.315,0.30894958817129553,cashflow_structure,감가상각비,감가상각비,KOSDAQ|317330|(주)덕산테코피아|2023|2024
KOSDAQ,317330,(주)덕산테코피아,2023,2024,manufacturing,small_and_medium,test,0,0.6239495881712955,capital_impairment_ratio,5,-0.3516572713851928,0.3516572713851928,decrease_risk,-19.057816,317330,small_and_medium,manufacturing,false_positive,0,1,투자적격,투기등급,0.6239495881712955,0.315,0.30894958817129553,stability_leverage,자본잠식률,자본금 대비 자본잠식 정도,KOSDAQ|317330|(주)덕산테코피아|2023|2024
KOSDAQ,317330,(주)덕산테코피아,2023,2024,manufacturing,small_and_medium,test,0,0.6239495881712955,listed_year,6,0.3352378010749817,0.3352378010749817,increase_risk,2019,317330,small_and_medium,manufacturing,false_positive,0,1,투자적격,투기등급,0.6239495881712955,0.315,0.30894958817129553,context,상장연도,상장일에서 추출한 연도,KOSDAQ|317330|(주)덕산테코피아|2023|2024
KOSDAQ,317330,(주)덕산테코피아,2023,2024,manufacturing,small_and_medium,test,0,0.6239495881712955,equity_ratio,7,0.3121523559093475,0.3121523559093475,increase_risk,0.358315,317330,small_and_medium,manufacturing,false_positive,0,1,투자적격,투기등급,0.6239495881712955,0.315,0.30894958817129553,stability_leverage,자기자본비율,총자산 대비 자기자본 비율,KOSDAQ|317330|(주)덕산테코피아|2023|2024
KOSDAQ,317330,(주)덕산테코피아,2023,2024,manufacturing,small_and_medium,test,0,0.6239495881712955,assets_total,8,-0.3041785359382629,0.3041785359382629,decrease_risk,514367140,317330,small_and_medium,manufacturing,false_positive,0,1,투자적격,투기등급,0.6239495881712955,0.315,0.30894958817129553,stability_leverage,자산총계,총자산,KOSDAQ|317330|(주)덕산테코피아|2023|2024
KOSDAQ,317330,(주)덕산테코피아,2023,2024,manufacturing,small_and_medium,test,0,0.6239495881712955,dividend_payer,9,0.2695356905460357,0.2695356905460357,increase_risk,0,317330,small_and_medium,manufacturing,false_positive,0,1,투자적격,투기등급,0.6239495881712955,0.315,0.30894958817129553,market_shareholder,배당금 지급 여부,해당 회계연도에 현금배당을 지급했는지 여부,KOSDAQ|317330|(주)덕산테코피아|2023|2024
KOSDAQ,317330,(주)덕산테코피아,2023,2024,manufacturing,small_and_medium,test,0,0.6239495881712955,cashflow_coverage_ratio,10,0.2552881240844726,0.2552881240844726,increase_risk,-1.205315,317330,small_and_medium,manufacturing,false_positive,0,1,투자적격,투기등급,0.6239495881712955,0.315,0.30894958817129553,cashflow_structure,현금흐름 커버리지,이자비용 대비 영업현금흐름 배수,KOSDAQ|317330|(주)덕산테코피아|2023|2024
KOSDAQ,262260,(주)에이프로,2023,2024,manufacturing,small_and_medium,test,0,0.6073190746587307,interest_coverage_ratio,1,-0.7983568906784058,0.7983568906784058,decrease_risk,22.8648,262260,small_and_medium,manufacturing,false_positive,0,1,투자적격,투기등급,0.6073190746587307,0.315,0.2923190746587307,profitability_returns,이자보상배율,영업이익 대비 이자비용 배수,KOSDAQ|262260|(주)에이프로|2023|2024
KOSDAQ,262260,(주)에이프로,2023,2024,manufacturing,small_and_medium,test,0,0.6073190746587307,equity_ratio,2,0.6536052227020264,0.6536052227020264,increase_risk,0.293259,262260,small_and_medium,manufacturing,false_positive,0,1,투자적격,투기등급,0.6073190746587307,0.315,0.2923190746587307,stability_leverage,자기자본비율,총자산 대비 자기자본 비율,KOSDAQ|262260|(주)에이프로|2023|2024
KOSDAQ,262260,(주)에이프로,2023,2024,manufacturing,small_and_medium,test,0,0.6073190746587307,listed_year,3,0.5312610268592834,0.5312610268592834,increase_risk,2020,262260,small_and_medium,manufacturing,false_positive,0,1,투자적격,투기등급,0.6073190746587307,0.315,0.2923190746587307,context,상장연도,상장일에서 추출한 연도,KOSDAQ|262260|(주)에이프로|2023|2024
KOSDAQ,262260,(주)에이프로,2023,2024,manufacturing,small_and_medium,test,0,0.6073190746587307,net_margin,4,-0.5151951909065247,0.5151951909065247,decrease_risk,0.051147,262260,small_and_medium,manufacturing,false_positive,0,1,투자적격,투기등급,0.6073190746587307,0.315,0.2923190746587307,profitability_returns,순이익률,매출액 대비 당기순이익 비율,KOSDAQ|262260|(주)에이프로|2023|2024
KOSDAQ,262260,(주)에이프로,2023,2024,manufacturing,small_and_medium,test,0,0.6073190746587307,gross_profit,5,0.3871075510978699,0.3871075510978699,increase_risk,39024100,262260,small_and_medium,manufacturing,false_positive,0,1,투자적격,투기등급,0.6073190746587307,0.315,0.2923190746587307,profitability_returns,매출총이익,매출총이익(손실),KOSDAQ|262260|(주)에이프로|2023|2024
KOSDAQ,262260,(주)에이프로,2023,2024,manufacturing,small_and_medium,test,0,0.6073190746587307,depreciation,6,0.2199363708496093,0.2199363708496093,increase_risk,1720470,262260,small_and_medium,manufacturing,false_positive,0,1,투자적격,투기등급,0.6073190746587307,0.315,0.2923190746587307,cashflow_structure,감가상각비,감가상각비,KOSDAQ|262260|(주)에이프로|2023|2024
KOSDAQ,262260,(주)에이프로,2023,2024,manufacturing,small_and_medium,test,0,0.6073190746587307,debt_ratio,7,0.1854359358549118,0.1854359358549118,increase_risk,2.409956,262260,small_and_medium,manufacturing,false_positive,0,1,투자적격,투기등급,0.6073190746587307,0.315,0.2923190746587307,stability_leverage,부채비율,자기자본 대비 총부채 비율,KOSDAQ|262260|(주)에이프로|2023|2024
KOSDAQ,262260,(주)에이프로,2023,2024,manufacturing,small_and_medium,test,0,0.6073190746587307,firm_size_group,8,0.1783097386360168,0.1783097386360168,increase_risk,small_and_medium,262260,small_and_medium,manufacturing,false_positive,0,1,투자적격,투기등급,0.6073190746587307,0.315,0.2923190746587307,context,기업규모 그룹,모델링용 기업규모 그룹,KOSDAQ|262260|(주)에이프로|2023|2024
KOSDAQ,262260,(주)에이프로,2023,2024,manufacturing,small_and_medium,test,0,0.6073190746587307,industry_macro_category,9,0.1734437644481659,0.1734437644481659,increase_risk,manufacturing,262260,small_and_medium,manufacturing,false_positive,0,1,투자적격,투기등급,0.6073190746587307,0.315,0.2923190746587307,context,산업 대분류,모델링용 산업 대분류,KOSDAQ|262260|(주)에이프로|2023|2024
KOSDAQ,262260,(주)에이프로,2023,2024,manufacturing,small_and_medium,test,0,0.6073190746587307,dividend_payer,10,0.1635894477367401,0.1635894477367401,increase_risk,0,262260,small_and_medium,manufacturing,false_positive,0,1,투자적격,투기등급,0.6073190746587307,0.315,0.2923190746587307,market_shareholder,배당금 지급 여부,해당 회계연도에 현금배당을 지급했는지 여부,KOSDAQ|262260|(주)에이프로|2023|2024
KOSDAQ,33540,(주)파라텍,2023,2024,manufacturing,mid_sized,test,0,0.6004055530051304,interest_coverage_ratio,1,0.5030782222747803,0.5030782222747803,increase_risk,-4.071186,033540,mid_sized,manufacturing,false_positive,0,1,투자적격,투기등급,0.6004055530051304,0.315,0.28540555300513043,profitability_returns,이자보상배율,영업이익 대비 이자비용 배수,KOSDAQ|033540|(주)파라텍|2023|2024
KOSDAQ,33540,(주)파라텍,2023,2024,manufacturing,mid_sized,test,0,0.6004055530051304,gross_profit,2,0.3832994699478149,0.3832994699478149,increase_risk,2512239,033540,mid_sized,manufacturing,false_positive,0,1,투자적격,투기등급,0.6004055530051304,0.315,0.28540555300513043,profitability_returns,매출총이익,매출총이익(손실),KOSDAQ|033540|(주)파라텍|2023|2024
KOSDAQ,33540,(주)파라텍,2023,2024,manufacturing,mid_sized,test,0,0.6004055530051304,net_margin,3,0.3699211478233337,0.3699211478233337,increase_risk,-0.069783,033540,mid_sized,manufacturing,false_positive,0,1,투자적격,투기등급,0.6004055530051304,0.315,0.28540555300513043,profitability_returns,순이익률,매출액 대비 당기순이익 비율,KOSDAQ|033540|(주)파라텍|2023|2024
KOSDAQ,33540,(주)파라텍,2023,2024,manufacturing,mid_sized,test,0,0.6004055530051304,dividend_payer,4,0.275696724653244,0.275696724653244,increase_risk,0,033540,mid_sized,manufacturing,false_positive,0,1,투자적격,투기등급,0.6004055530051304,0.315,0.28540555300513043,market_shareholder,배당금 지급 여부,해당 회계연도에 현금배당을 지급했는지 여부,KOSDAQ|033540|(주)파라텍|2023|2024
KOSDAQ,33540,(주)파라텍,2023,2024,manufacturing,mid_sized,test,0,0.6004055530051304,listed_year,5,-0.2604404091835022,0.2604404091835022,decrease_risk,1997,033540,mid_sized,manufacturing,false_positive,0,1,투자적격,투기등급,0.6004055530051304,0.315,0.28540555300513043,context,상장연도,상장일에서 추출한 연도,KOSDAQ|033540|(주)파라텍|2023|2024
KOSDAQ,33540,(주)파라텍,2023,2024,manufacturing,mid_sized,test,0,0.6004055530051304,depreciation,6,0.2288616746664047,0.2288616746664047,increase_risk,3982817,033540,mid_sized,manufacturing,false_positive,0,1,투자적격,투기등급,0.6004055530051304,0.315,0.28540555300513043,cashflow_structure,감가상각비,감가상각비,KOSDAQ|033540|(주)파라텍|2023|2024
KOSDAQ,33540,(주)파라텍,2023,2024,manufacturing,mid_sized,test,0,0.6004055530051304,net_margin_diff,7,-0.1908965855836868,0.1908965855836868,decrease_risk,-0.043976,033540,mid_sized,manufacturing,false_positive,0,1,투자적격,투기등급,0.6004055530051304,0.315,0.28540555300513043,trend_early_warning,순이익률 변화,전년 대비 순이익률 변화폭,KOSDAQ|033540|(주)파라텍|2023|2024
KOSDAQ,33540,(주)파라텍,2023,2024,manufacturing,mid_sized,test,0,0.6004055530051304,cashflow_coverage_ratio,8,0.1640201658010482,0.1640201658010482,increase_risk,-4.016533,033540,mid_sized,manufacturing,false_positive,0,1,투자적격,투기등급,0.6004055530051304,0.315,0.28540555300513043,cashflow_structure,현금흐름 커버리지,이자비용 대비 영업현금흐름 배수,KOSDAQ|033540|(주)파라텍|2023|2024
KOSDAQ,33540,(주)파라텍,2023,2024,manufacturing,mid_sized,test,0,0.6004055530051304,industry_macro_category,9,0.1638754308223724,0.1638754308223724,increase_risk,manufacturing,033540,mid_sized,manufacturing,false_positive,0,1,투자적격,투기등급,0.6004055530051304,0.315,0.28540555300513043,context,산업 대분류,모델링용 산업 대분류,KOSDAQ|033540|(주)파라텍|2023|2024
KOSDAQ,33540,(주)파라텍,2023,2024,manufacturing,mid_sized,test,0,0.6004055530051304,equity_ratio,10,-0.1412794739007949,0.1412794739007949,decrease_risk,0.480337,033540,mid_sized,manufacturing,false_positive,0,1,투자적격,투기등급,0.6004055530051304,0.315,0.28540555300513043,stability_leverage,자기자본비율,총자산 대비 자기자본 비율,KOSDAQ|033540|(주)파라텍|2023|2024
KOSDAQ,78150,(주)에이치비테크놀러지,2023,2024,manufacturing,mid_sized,test,0,0.5863587144178806,net_margin_diff,1,1.3349765539169312,1.3349765539169312,increase_risk,0.526491,078150,mid_sized,manufacturing,false_positive,0,1,투자적격,투기등급,0.5863587144178806,0.315,0.27135871441788056,trend_early_warning,순이익률 변화,전년 대비 순이익률 변화폭,KOSDAQ|078150|(주)에이치비테크놀러지|2023|2024
KOSDAQ,78150,(주)에이치비테크놀러지,2023,2024,manufacturing,mid_sized,test,0,0.5863587144178806,net_margin,2,-0.5749621391296387,0.5749621391296387,decrease_risk,0.71027,078150,mid_sized,manufacturing,false_positive,0,1,투자적격,투기등급,0.5863587144178806,0.315,0.27135871441788056,profitability_returns,순이익률,매출액 대비 당기순이익 비율,KOSDAQ|078150|(주)에이치비테크놀러지|2023|2024
KOSDAQ,78150,(주)에이치비테크놀러지,2023,2024,manufacturing,mid_sized,test,0,0.5863587144178806,interest_coverage_ratio,3,0.4874160885810852,0.4874160885810852,increase_risk,-53.559258,078150,mid_sized,manufacturing,false_positive,0,1,투자적격,투기등급,0.5863587144178806,0.315,0.27135871441788056,profitability_returns,이자보상배율,영업이익 대비 이자비용 배수,KOSDAQ|078150|(주)에이치비테크놀러지|2023|2024
KOSDAQ,78150,(주)에이치비테크놀러지,2023,2024,manufacturing,mid_sized,test,0,0.5863587144178806,dividend_payer,4,-0.4346576631069183,0.4346576631069183,decrease_risk,1,078150,mid_sized,manufacturing,false_positive,0,1,투자적격,투기등급,0.5863587144178806,0.315,0.27135871441788056,market_shareholder,배당금 지급 여부,해당 회계연도에 현금배당을 지급했는지 여부,KOSDAQ|078150|(주)에이치비테크놀러지|2023|2024
KOSDAQ,78150,(주)에이치비테크놀러지,2023,2024,manufacturing,mid_sized,test,0,0.5863587144178806,equity_ratio,5,-0.3683739304542541,0.3683739304542541,decrease_risk,0.77004,078150,mid_sized,manufacturing,false_positive,0,1,투자적격,투기등급,0.5863587144178806,0.315,0.27135871441788056,stability_leverage,자기자본비율,총자산 대비 자기자본 비율,KOSDAQ|078150|(주)에이치비테크놀러지|2023|2024
KOSDAQ,78150,(주)에이치비테크놀러지,2023,2024,manufacturing,mid_sized,test,0,0.5863587144178806,gross_profit,6,0.3082467913627624,0.3082467913627624,increase_risk,8263158,078150,mid_sized,manufacturing,false_positive,0,1,투자적격,투기등급,0.5863587144178806,0.315,0.27135871441788056,profitability_returns,매출총이익,매출총이익(손실),KOSDAQ|078150|(주)에이치비테크놀러지|2023|2024
KOSDAQ,78150,(주)에이치비테크놀러지,2023,2024,manufacturing,mid_sized,test,0,0.5863587144178806,capital_impairment_ratio,7,0.272457480430603,0.272457480430603,increase_risk,-5.714752,078150,mid_sized,manufacturing,false_positive,0,1,투자적격,투기등급,0.5863587144178806,0.315,0.27135871441788056,stability_leverage,자본잠식률,자본금 대비 자본잠식 정도,KOSDAQ|078150|(주)에이치비테크놀러지|2023|2024
KOSDAQ,78150,(주)에이치비테크놀러지,2023,2024,manufacturing,mid_sized,test,0,0.5863587144178806,depreciation,8,0.2445240020751953,0.2445240020751953,increase_risk,3645021,078150,mid_sized,manufacturing,false_positive,0,1,투자적격,투기등급,0.5863587144178806,0.315,0.27135871441788056,cashflow_structure,감가상각비,감가상각비,KOSDAQ|078150|(주)에이치비테크놀러지|2023|2024
KOSDAQ,78150,(주)에이치비테크놀러지,2023,2024,manufacturing,mid_sized,test,0,0.5863587144178806,total_borrowings_ratio,9,-0.1708364337682724,0.1708364337682724,decrease_risk,0.023253,078150,mid_sized,manufacturing,false_positive,0,1,투자적격,투기등급,0.5863587144178806,0.315,0.27135871441788056,stability_leverage,총차입금비율,총자산 대비 총차입금 비율,KOSDAQ|078150|(주)에이치비테크놀러지|2023|2024
KOSDAQ,78150,(주)에이치비테크놀러지,2023,2024,manufacturing,mid_sized,test,0,0.5863587144178806,total_assets_growth,10,0.1680726706981659,0.1680726706981659,increase_risk,0.307369,078150,mid_sized,manufacturing,false_positive,0,1,투자적격,투기등급,0.5863587144178806,0.315,0.27135871441788056,trend_early_warning,총자산증가율,전년 대비 총자산 증가율,KOSDAQ|078150|(주)에이치비테크놀러지|2023|2024
KOSPI,42660,한화오션(주),2023,2024,manufacturing,large,test,0,0.5801104802865733,intangible_assets_ratio,1,1.434704303741455,1.434704303741455,increase_risk,0.000312,042660,large,manufacturing,false_positive,0,1,투자적격,투기등급,0.5801104802865733,0.315,0.2651104802865733,cashflow_structure,무형자산 비중,총자산 대비 무형자산 비율,KOSPI|042660|한화오션(주)|2023|2024
KOSPI,42660,한화오션(주),2023,2024,manufacturing,large,test,0,0.5801104802865733,firm_size_group,2,-0.7844974994659424,0.7844974994659424,decrease_risk,large,042660,large,manufacturing,false_positive,0,1,투자적격,투기등급,0.5801104802865733,0.315,0.2651104802865733,context,기업규모 그룹,모델링용 기업규모 그룹,KOSPI|042660|한화오션(주)|2023|2024
KOSPI,42660,한화오션(주),2023,2024,manufacturing,large,test,0,0.5801104802865733,assets_total,3,-0.7731927633285522,0.7731927633285522,decrease_risk,13944772692,042660,large,manufacturing,false_positive,0,1,투자적격,투기등급,0.5801104802865733,0.315,0.2651104802865733,stability_leverage,자산총계,총자산,KOSPI|042660|한화오션(주)|2023|2024
KOSPI,42660,한화오션(주),2023,2024,manufacturing,large,test,0,0.5801104802865733,net_margin_diff,4,0.7189189195632935,0.7189189195632935,increase_risk,0.3806,042660,large,manufacturing,false_positive,0,1,투자적격,투기등급,0.5801104802865733,0.315,0.2651104802865733,trend_early_warning,순이익률 변화,전년 대비 순이익률 변화폭,KOSPI|042660|한화오션(주)|2023|2024
KOSPI,42660,한화오션(주),2023,2024,manufacturing,large,test,0,0.5801104802865733,depreciation,5,-0.718659520149231,0.718659520149231,decrease_risk,145730000,042660,large,manufacturing,false_positive,0,1,투자적격,투기등급,0.5801104802865733,0.315,0.2651104802865733,cashflow_structure,감가상각비,감가상각비,KOSPI|042660|한화오션(주)|2023|2024
KOSPI,42660,한화오션(주),2023,2024,manufacturing,large,test,0,0.5801104802865733,short_term_borrowings_share,6,-0.5029250979423523,0.5029250979423523,decrease_risk,0.223728,042660,large,manufacturing,false_positive,0,1,투자적격,투기등급,0.5801104802865733,0.315,0.2651104802865733,trend_early_warning,단기차입금 비중,총차입금 중 단기차입금 비중,KOSPI|042660|한화오션(주)|2023|2024
KOSPI,42660,한화오션(주),2023,2024,manufacturing,large,test,0,0.5801104802865733,equity_ratio,7,0.3502649962902069,0.3502649962902069,increase_risk,0.309231,042660,large,manufacturing,false_positive,0,1,투자적격,투기등급,0.5801104802865733,0.315,0.2651104802865733,stability_leverage,자기자본비율,총자산 대비 자기자본 비율,KOSPI|042660|한화오션(주)|2023|2024
KOSPI,42660,한화오션(주),2023,2024,manufacturing,large,test,0,0.5801104802865733,interest_coverage_ratio,8,0.3292767107486725,0.3292767107486725,increase_risk,-1.235582,042660,large,manufacturing,false_positive,0,1,투자적격,투기등급,0.5801104802865733,0.315,0.2651104802865733,profitability_returns,이자보상배율,영업이익 대비 이자비용 배수,KOSPI|042660|한화오션(주)|2023|2024
KOSPI,42660,한화오션(주),2023,2024,manufacturing,large,test,0,0.5801104802865733,is_2y_consecutive_ocf_deficit,9,0.2655438184738159,0.2655438184738159,increase_risk,1,042660,large,manufacturing,false_positive,0,1,투자적격,투기등급,0.5801104802865733,0.315,0.2651104802865733,trend_early_warning,2년 연속 OCF 적자 여부,당기와 전기 모두 영업현금흐름이 음수인지 여부,KOSPI|042660|한화오션(주)|2023|2024
KOSPI,42660,한화오션(주),2023,2024,manufacturing,large,test,0,0.5801104802865733,cashflow_coverage_ratio,10,0.2652647495269775,0.2652647495269775,increase_risk,-12.193415,042660,large,manufacturing,false_positive,0,1,투자적격,투기등급,0.5801104802865733,0.315,0.2651104802865733,cashflow_structure,현금흐름 커버리지,이자비용 대비 영업현금흐름 배수,KOSPI|042660|한화오션(주)|2023|2024
KOSDAQ,239610,(주)에이치엘사이언스,2023,2024,manufacturing,small_and_medium,test,0,0.5799712379970611,gross_profit,1,0.7609075307846069,0.7609075307846069,increase_risk,15897591,239610,small_and_medium,manufacturing,false_positive,0,1,투자적격,투기등급,0.5799712379970611,0.315,0.26497123799706107,profitability_returns,매출총이익,매출총이익(손실),KOSDAQ|239610|(주)에이치엘사이언스|2023|2024
KOSDAQ,239610,(주)에이치엘사이언스,2023,2024,manufacturing,small_and_medium,test,0,0.5799712379970611,total_debt_turnover,2,-0.5276414155960083,0.5276414155960083,decrease_risk,7.579977,239610,small_and_medium,manufacturing,false_positive,0,1,투자적격,투기등급,0.5799712379970611,0.315,0.26497123799706107,cashflow_structure,총부채회전율,총부채 대비 매출액 비율,KOSDAQ|239610|(주)에이치엘사이언스|2023|2024
KOSDAQ,239610,(주)에이치엘사이언스,2023,2024,manufacturing,small_and_medium,test,0,0.5799712379970611,net_margin,3,0.5038418173789978,0.5038418173789978,increase_risk,-0.05437,239610,small_and_medium,manufacturing,false_positive,0,1,투자적격,투기등급,0.5799712379970611,0.315,0.26497123799706107,profitability_returns,순이익률,매출액 대비 당기순이익 비율,KOSDAQ|239610|(주)에이치엘사이언스|2023|2024
KOSDAQ,239610,(주)에이치엘사이언스,2023,2024,manufacturing,small_and_medium,test,0,0.5799712379970611,cash_ratio,4,-0.4066007733345032,0.4066007733345032,decrease_risk,0.714026,239610,small_and_medium,manufacturing,false_positive,0,1,투자적격,투기등급,0.5799712379970611,0.315,0.26497123799706107,stability_leverage,현금비율,유동부채 대비 현금및현금성자산 비율,KOSDAQ|239610|(주)에이치엘사이언스|2023|2024
KOSDAQ,239610,(주)에이치엘사이언스,2023,2024,manufacturing,small_and_medium,test,0,0.5799712379970611,depreciation,5,0.346264123916626,0.346264123916626,increase_risk,2046400,239610,small_and_medium,manufacturing,false_positive,0,1,투자적격,투기등급,0.5799712379970611,0.315,0.26497123799706107,cashflow_structure,감가상각비,감가상각비,KOSDAQ|239610|(주)에이치엘사이언스|2023|2024
KOSDAQ,239610,(주)에이치엘사이언스,2023,2024,manufacturing,small_and_medium,test,0,0.5799712379970611,listed_year,6,-0.2995173037052154,0.2995173037052154,decrease_risk,2016,239610,small_and_medium,manufacturing,false_positive,0,1,투자적격,투기등급,0.5799712379970611,0.315,0.26497123799706107,context,상장연도,상장일에서 추출한 연도,KOSDAQ|239610|(주)에이치엘사이언스|2023|2024
KOSDAQ,239610,(주)에이치엘사이언스,2023,2024,manufacturing,small_and_medium,test,0,0.5799712379970611,firm_size_group,7,0.2894312143325805,0.2894312143325805,increase_risk,small_and_medium,239610,small_and_medium,manufacturing,false_positive,0,1,투자적격,투기등급,0.5799712379970611,0.315,0.26497123799706107,context,기업규모 그룹,모델링용 기업규모 그룹,KOSDAQ|239610|(주)에이치엘사이언스|2023|2024
KOSDAQ,239610,(주)에이치엘사이언스,2023,2024,manufacturing,small_and_medium,test,0,0.5799712379970611,dividend_payer,8,0.2884398996829986,0.2884398996829986,increase_risk,0,239610,small_and_medium,manufacturing,false_positive,0,1,투자적격,투기등급,0.5799712379970611,0.315,0.26497123799706107,market_shareholder,배당금 지급 여부,해당 회계연도에 현금배당을 지급했는지 여부,KOSDAQ|239610|(주)에이치엘사이언스|2023|2024
KOSDAQ,239610,(주)에이치엘사이언스,2023,2024,manufacturing,small_and_medium,test,0,0.5799712379970611,assets_total,9,0.2765308022499084,0.2765308022499084,increase_risk,105969071,239610,small_and_medium,manufacturing,false_positive,0,1,투자적격,투기등급,0.5799712379970611,0.315,0.26497123799706107,stability_leverage,자산총계,총자산,KOSDAQ|239610|(주)에이치엘사이언스|2023|2024
KOSDAQ,239610,(주)에이치엘사이언스,2023,2024,manufacturing,small_and_medium,test,0,0.5799712379970611,interest_coverage_ratio,10,0.2758499979972839,0.2758499979972839,increase_risk,-246970.684211,239610,small_and_medium,manufacturing,false_positive,0,1,투자적격,투기등급,0.5799712379970611,0.315,0.26497123799706107,profitability_returns,이자보상배율,영업이익 대비 이자비용 배수,KOSDAQ|239610|(주)에이치엘사이언스|2023|2024
KOSPI,378850,(주)화승알앤에이,2024,2025,manufacturing,mid_sized,test,0,0.5780096796454889,equity_ratio,1,0.5621654391288757,0.5621654391288757,increase_risk,0.320251,378850,mid_sized,manufacturing,false_positive,0,1,투자적격,투기등급,0.5780096796454889,0.315,0.2630096796454889,stability_leverage,자기자본비율,총자산 대비 자기자본 비율,KOSPI|378850|(주)화승알앤에이|2024|2025
KOSPI,378850,(주)화승알앤에이,2024,2025,manufacturing,mid_sized,test,0,0.5780096796454889,listed_year,2,0.5356680154800415,0.5356680154800415,increase_risk,2021,378850,mid_sized,manufacturing,false_positive,0,1,투자적격,투기등급,0.5780096796454889,0.315,0.2630096796454889,context,상장연도,상장일에서 추출한 연도,KOSPI|378850|(주)화승알앤에이|2024|2025
KOSPI,378850,(주)화승알앤에이,2024,2025,manufacturing,mid_sized,test,0,0.5780096796454889,market_to_book,3,0.4038597345352173,0.4038597345352173,increase_risk,0.378671,378850,mid_sized,manufacturing,false_positive,0,1,투자적격,투기등급,0.5780096796454889,0.315,0.2630096796454889,market_shareholder,Market-to-Book,시가총액 대비 장부가치 비율,KOSPI|378850|(주)화승알앤에이|2024|2025
KOSPI,378850,(주)화승알앤에이,2024,2025,manufacturing,mid_sized,test,0,0.5780096796454889,cashflow_coverage_ratio,4,0.3862213492393493,0.3862213492393493,increase_risk,-0.781541,378850,mid_sized,manufacturing,false_positive,0,1,투자적격,투기등급,0.5780096796454889,0.315,0.2630096796454889,cashflow_structure,현금흐름 커버리지,이자비용 대비 영업현금흐름 배수,KOSPI|378850|(주)화승알앤에이|2024|2025
KOSPI,378850,(주)화승알앤에이,2024,2025,manufacturing,mid_sized,test,0,0.5780096796454889,gross_profit,5,-0.3505767285823822,0.3505767285823822,decrease_risk,130817044,378850,mid_sized,manufacturing,false_positive,0,1,투자적격,투기등급,0.5780096796454889,0.315,0.2630096796454889,profitability_returns,매출총이익,매출총이익(손실),KOSPI|378850|(주)화승알앤에이|2024|2025
KOSPI,378850,(주)화승알앤에이,2024,2025,manufacturing,mid_sized,test,0,0.5780096796454889,dividend_payer,6,-0.3407752513885498,0.3407752513885498,decrease_risk,1,378850,mid_sized,manufacturing,false_positive,0,1,투자적격,투기등급,0.5780096796454889,0.315,0.2630096796454889,market_shareholder,배당금 지급 여부,해당 회계연도에 현금배당을 지급했는지 여부,KOSPI|378850|(주)화승알앤에이|2024|2025
KOSPI,378850,(주)화승알앤에이,2024,2025,manufacturing,mid_sized,test,0,0.5780096796454889,pretax_roe,7,0.2580695748329162,0.2580695748329162,increase_risk,0.281789,378850,mid_sized,manufacturing,false_positive,0,1,투자적격,투기등급,0.5780096796454889,0.315,0.2630096796454889,profitability_returns,세전계속사업이익 기준 ROE,자기자본 대비 세전이익 비율,KOSPI|378850|(주)화승알앤에이|2024|2025
KOSPI,378850,(주)화승알앤에이,2024,2025,manufacturing,mid_sized,test,0,0.5780096796454889,capital_impairment_ratio,8,-0.2540884912014007,0.2540884912014007,decrease_risk,-14.844881,378850,mid_sized,manufacturing,false_positive,0,1,투자적격,투기등급,0.5780096796454889,0.315,0.2630096796454889,stability_leverage,자본잠식률,자본금 대비 자본잠식 정도,KOSPI|378850|(주)화승알앤에이|2024|2025
KOSPI,378850,(주)화승알앤에이,2024,2025,manufacturing,mid_sized,test,0,0.5780096796454889,market,9,-0.2422424405813217,0.2422424405813217,decrease_risk,,378850,mid_sized,manufacturing,false_positive,0,1,투자적격,투기등급,0.5780096796454889,0.315,0.2630096796454889,context,시장구분,상장시장 구분,KOSPI|378850|(주)화승알앤에이|2024|2025
KOSPI,378850,(주)화승알앤에이,2024,2025,manufacturing,mid_sized,test,0,0.5780096796454889,industry_macro_category,10,0.2208193689584732,0.2208193689584732,increase_risk,manufacturing,378850,mid_sized,manufacturing,false_positive,0,1,투자적격,투기등급,0.5780096796454889,0.315,0.2630096796454889,context,산업 대분류,모델링용 산업 대분류,KOSPI|378850|(주)화승알앤에이|2024|2025
KOSPI,79980,(주)휴비스,2024,2025,manufacturing,mid_sized,test,0,0.5510681520733438,depreciation,1,-0.9044560790061952,0.9044560790061952,decrease_risk,31310724,079980,mid_sized,manufacturing,false_positive,0,1,투자적격,투기등급,0.5510681520733438,0.315,0.2360681520733438,cashflow_structure,감가상각비,감가상각비,KOSPI|079980|(주)휴비스|2024|2025
KOSPI,79980,(주)휴비스,2024,2025,manufacturing,mid_sized,test,0,0.5510681520733438,assets_total,2,-0.6874861717224121,0.6874861717224121,decrease_risk,765377955,079980,mid_sized,manufacturing,false_positive,0,1,투자적격,투기등급,0.5510681520733438,0.315,0.2360681520733438,stability_leverage,자산총계,총자산,KOSPI|079980|(주)휴비스|2024|2025
KOSPI,79980,(주)휴비스,2024,2025,manufacturing,mid_sized,test,0,0.5510681520733438,listed_year,3,-0.6171075701713562,0.6171075701713562,decrease_risk,2012,079980,mid_sized,manufacturing,false_positive,0,1,투자적격,투기등급,0.5510681520733438,0.315,0.2360681520733438,context,상장연도,상장일에서 추출한 연도,KOSPI|079980|(주)휴비스|2024|2025
KOSPI,79980,(주)휴비스,2024,2025,manufacturing,mid_sized,test,0,0.5510681520733438,gross_profit,4,0.4803845584392547,0.4803845584392547,increase_risk,46249188,079980,mid_sized,manufacturing,false_positive,0,1,투자적격,투기등급,0.5510681520733438,0.315,0.2360681520733438,profitability_returns,매출총이익,매출총이익(손실),KOSPI|079980|(주)휴비스|2024|2025
KOSPI,79980,(주)휴비스,2024,2025,manufacturing,mid_sized,test,0,0.5510681520733438,pretax_roe,5,0.4707111120223999,0.4707111120223999,increase_risk,-0.581059,079980,mid_sized,manufacturing,false_positive,0,1,투자적격,투기등급,0.5510681520733438,0.315,0.2360681520733438,profitability_returns,세전계속사업이익 기준 ROE,자기자본 대비 세전이익 비율,KOSPI|079980|(주)휴비스|2024|2025
KOSPI,79980,(주)휴비스,2024,2025,manufacturing,mid_sized,test,0,0.5510681520733438,capital_impairment_ratio,6,0.4566245079040527,0.4566245079040527,increase_risk,-0.362224,079980,mid_sized,manufacturing,false_positive,0,1,투자적격,투기등급,0.5510681520733438,0.315,0.2360681520733438,stability_leverage,자본잠식률,자본금 대비 자본잠식 정도,KOSPI|079980|(주)휴비스|2024|2025
KOSPI,79980,(주)휴비스,2024,2025,manufacturing,mid_sized,test,0,0.5510681520733438,interest_coverage_ratio,7,0.4463782906532287,0.4463782906532287,increase_risk,-2.111176,079980,mid_sized,manufacturing,false_positive,0,1,투자적격,투기등급,0.5510681520733438,0.315,0.2360681520733438,profitability_returns,이자보상배율,영업이익 대비 이자비용 배수,KOSPI|079980|(주)휴비스|2024|2025
KOSPI,79980,(주)휴비스,2024,2025,manufacturing,mid_sized,test,0,0.5510681520733438,equity_ratio,8,0.4037597179412842,0.4037597179412842,increase_risk,0.307017,079980,mid_sized,manufacturing,false_positive,0,1,투자적격,투기등급,0.5510681520733438,0.315,0.2360681520733438,stability_leverage,자기자본비율,총자산 대비 자기자본 비율,KOSPI|079980|(주)휴비스|2024|2025
KOSPI,79980,(주)휴비스,2024,2025,manufacturing,mid_sized,test,0,0.5510681520733438,net_margin,9,0.2765068113803863,0.2765068113803863,increase_risk,-0.141143,079980,mid_sized,manufacturing,false_positive,0,1,투자적격,투기등급,0.5510681520733438,0.315,0.2360681520733438,profitability_returns,순이익률,매출액 대비 당기순이익 비율,KOSPI|079980|(주)휴비스|2024|2025
KOSPI,79980,(주)휴비스,2024,2025,manufacturing,mid_sized,test,0,0.5510681520733438,cashflow_coverage_ratio,10,0.2447724491357803,0.2447724491357803,increase_risk,-1.107557,079980,mid_sized,manufacturing,false_positive,0,1,투자적격,투기등급,0.5510681520733438,0.315,0.2360681520733438,cashflow_structure,현금흐름 커버리지,이자비용 대비 영업현금흐름 배수,KOSPI|079980|(주)휴비스|2024|2025
KOSDAQ,195940,에이치케이이노엔(주),2024,2025,manufacturing,mid_sized,test,0,0.5494762988027108,listed_year,1,0.8879430294036865,0.8879430294036865,increase_risk,2021,195940,mid_sized,manufacturing,false_positive,0,1,투자적격,투기등급,0.5494762988027108,0.315,0.23447629880271076,context,상장연도,상장일에서 추출한 연도,KOSDAQ|195940|에이치케이이노엔(주)|2024|2025
KOSDAQ,195940,에이치케이이노엔(주),2024,2025,manufacturing,mid_sized,test,0,0.5494762988027108,interest_coverage_ratio,2,-0.6800822615623474,0.6800822615623474,decrease_risk,1000000.0,195940,mid_sized,manufacturing,false_positive,0,1,투자적격,투기등급,0.5494762988027108,0.315,0.23447629880271076,profitability_returns,이자보상배율,영업이익 대비 이자비용 배수,KOSDAQ|195940|에이치케이이노엔(주)|2024|2025
KOSDAQ,195940,에이치케이이노엔(주),2024,2025,manufacturing,mid_sized,test,0,0.5494762988027108,gross_profit,3,0.2763608992099762,0.2763608992099762,increase_risk,0,195940,mid_sized,manufacturing,false_positive,0,1,투자적격,투기등급,0.5494762988027108,0.315,0.23447629880271076,profitability_returns,매출총이익,매출총이익(손실),KOSDAQ|195940|에이치케이이노엔(주)|2024|2025
KOSDAQ,195940,에이치케이이노엔(주),2024,2025,manufacturing,mid_sized,test,0,0.5494762988027108,assets_total,4,0.271138072013855,0.271138072013855,increase_risk,0,195940,mid_sized,manufacturing,false_positive,0,1,투자적격,투기등급,0.5494762988027108,0.315,0.23447629880271076,stability_leverage,자산총계,총자산,KOSDAQ|195940|에이치케이이노엔(주)|2024|2025
KOSDAQ,195940,에이치케이이노엔(주),2024,2025,manufacturing,mid_sized,test,0,0.5494762988027108,capital_impairment_ratio,5,0.2400568425655365,0.2400568425655365,increase_risk,,195940,mid_sized,manufacturing,false_positive,0,1,투자적격,투기등급,0.5494762988027108,0.315,0.23447629880271076,stability_leverage,자본잠식률,자본금 대비 자본잠식 정도,KOSDAQ|195940|에이치케이이노엔(주)|2024|2025
KOSDAQ,195940,에이치케이이노엔(주),2024,2025,manufacturing,mid_sized,test,0,0.5494762988027108,dividend_payer,6,0.2354431450366974,0.2354431450366974,increase_risk,0,195940,mid_sized,manufacturing,false_positive,0,1,투자적격,투기등급,0.5494762988027108,0.315,0.23447629880271076,market_shareholder,배당금 지급 여부,해당 회계연도에 현금배당을 지급했는지 여부,KOSDAQ|195940|에이치케이이노엔(주)|2024|2025
KOSDAQ,195940,에이치케이이노엔(주),2024,2025,manufacturing,mid_sized,test,0,0.5494762988027108,cashflow_coverage_ratio,7,-0.169175773859024,0.169175773859024,decrease_risk,1000000.0,195940,mid_sized,manufacturing,false_positive,0,1,투자적격,투기등급,0.5494762988027108,0.315,0.23447629880271076,cashflow_structure,현금흐름 커버리지,이자비용 대비 영업현금흐름 배수,KOSDAQ|195940|에이치케이이노엔(주)|2024|2025
KOSDAQ,195940,에이치케이이노엔(주),2024,2025,manufacturing,mid_sized,test,0,0.5494762988027108,depreciation,8,0.0926082208752632,0.0926082208752632,increase_risk,0,195940,mid_sized,manufacturing,false_positive,0,1,투자적격,투기등급,0.5494762988027108,0.315,0.23447629880271076,cashflow_structure,감가상각비,감가상각비,KOSDAQ|195940|에이치케이이노엔(주)|2024|2025
KOSDAQ,195940,에이치케이이노엔(주),2024,2025,manufacturing,mid_sized,test,0,0.5494762988027108,equity_ratio,9,-0.0870537310838699,0.0870537310838699,decrease_risk,,195940,mid_sized,manufacturing,false_positive,0,1,투자적격,투기등급,0.5494762988027108,0.315,0.23447629880271076,stability_leverage,자기자본비율,총자산 대비 자기자본 비율,KOSDAQ|195940|에이치케이이노엔(주)|2024|2025
KOSDAQ,195940,에이치케이이노엔(주),2024,2025,manufacturing,mid_sized,test,0,0.5494762988027108,total_borrowings_ratio,10,0.0861042961478233,0.0861042961478233,increase_risk,,195940,mid_sized,manufacturing,false_positive,0,1,투자적격,투기등급,0.5494762988027108,0.315,0.23447629880271076,stability_leverage,총차입금비율,총자산 대비 총차입금 비율,KOSDAQ|195940|에이치케이이노엔(주)|2024|2025
KOSDAQ,68240,(주)다원시스,2023,2024,manufacturing,mid_sized,test,0,0.5461565275851201,net_margin_diff,1,0.7606799602508545,0.7606799602508545,increase_risk,0.734381,068240,mid_sized,manufacturing,false_positive,0,1,투자적격,투기등급,0.5461565275851201,0.315,0.23115652758512012,trend_early_warning,순이익률 변화,전년 대비 순이익률 변화폭,KOSDAQ|068240|(주)다원시스|2023|2024
KOSDAQ,68240,(주)다원시스,2023,2024,manufacturing,mid_sized,test,0,0.5461565275851201,equity_ratio,2,0.4530587792396545,0.4530587792396545,increase_risk,0.317386,068240,mid_sized,manufacturing,false_positive,0,1,투자적격,투기등급,0.5461565275851201,0.315,0.23115652758512012,stability_leverage,자기자본비율,총자산 대비 자기자본 비율,KOSDAQ|068240|(주)다원시스|2023|2024
KOSDAQ,68240,(주)다원시스,2023,2024,manufacturing,mid_sized,test,0,0.5461565275851201,interest_coverage_ratio,3,0.3884401321411133,0.3884401321411133,increase_risk,1.397375,068240,mid_sized,manufacturing,false_positive,0,1,투자적격,투기등급,0.5461565275851201,0.315,0.23115652758512012,profitability_returns,이자보상배율,영업이익 대비 이자비용 배수,KOSDAQ|068240|(주)다원시스|2023|2024
KOSDAQ,68240,(주)다원시스,2023,2024,manufacturing,mid_sized,test,0,0.5461565275851201,gross_profit,4,-0.3424048125743866,0.3424048125743866,decrease_risk,73095327,068240,mid_sized,manufacturing,false_positive,0,1,투자적격,투기등급,0.5461565275851201,0.315,0.23115652758512012,profitability_returns,매출총이익,매출총이익(손실),KOSDAQ|068240|(주)다원시스|2023|2024
KOSDAQ,68240,(주)다원시스,2023,2024,manufacturing,mid_sized,test,0,0.5461565275851201,assets_total,5,-0.3162662386894226,0.3162662386894226,decrease_risk,665385214,068240,mid_sized,manufacturing,false_positive,0,1,투자적격,투기등급,0.5461565275851201,0.315,0.23115652758512012,stability_leverage,자산총계,총자산,KOSDAQ|068240|(주)다원시스|2023|2024
KOSDAQ,68240,(주)다원시스,2023,2024,manufacturing,mid_sized,test,0,0.5461565275851201,cashflow_coverage_ratio,6,0.2872148156166076,0.2872148156166076,increase_risk,-0.195237,068240,mid_sized,manufacturing,false_positive,0,1,투자적격,투기등급,0.5461565275851201,0.315,0.23115652758512012,cashflow_structure,현금흐름 커버리지,이자비용 대비 영업현금흐름 배수,KOSDAQ|068240|(주)다원시스|2023|2024
KOSDAQ,68240,(주)다원시스,2023,2024,manufacturing,mid_sized,test,0,0.5461565275851201,depreciation,7,-0.2742184400558471,0.2742184400558471,decrease_risk,16268457,068240,mid_sized,manufacturing,false_positive,0,1,투자적격,투기등급,0.5461565275851201,0.315,0.23115652758512012,cashflow_structure,감가상각비,감가상각비,KOSDAQ|068240|(주)다원시스|2023|2024
KOSDAQ,68240,(주)다원시스,2023,2024,manufacturing,mid_sized,test,0,0.5461565275851201,is_2y_consecutive_ocf_deficit,8,0.230581521987915,0.230581521987915,increase_risk,1,068240,mid_sized,manufacturing,false_positive,0,1,투자적격,투기등급,0.5461565275851201,0.315,0.23115652758512012,trend_early_warning,2년 연속 OCF 적자 여부,당기와 전기 모두 영업현금흐름이 음수인지 여부,KOSDAQ|068240|(주)다원시스|2023|2024
KOSDAQ,68240,(주)다원시스,2023,2024,manufacturing,mid_sized,test,0,0.5461565275851201,capital_impairment_ratio,9,-0.2039735317230224,0.2039735317230224,decrease_risk,-11.327083,068240,mid_sized,manufacturing,false_positive,0,1,투자적격,투기등급,0.5461565275851201,0.315,0.23115652758512012,stability_leverage,자본잠식률,자본금 대비 자본잠식 정도,KOSDAQ|068240|(주)다원시스|2023|2024
KOSDAQ,68240,(주)다원시스,2023,2024,manufacturing,mid_sized,test,0,0.5461565275851201,listed_year,10,-0.195862129330635,0.195862129330635,decrease_risk,2010,068240,mid_sized,manufacturing,false_positive,0,1,투자적격,투기등급,0.5461565275851201,0.315,0.23115652758512012,context,상장연도,상장일에서 추출한 연도,KOSDAQ|068240|(주)다원시스|2023|2024
KOSDAQ,53580,웹케시(주),2023,2024,it_services,mid_sized,test,0,0.5415594068747114,listed_year,1,0.9471821188926696,0.9471821188926696,increase_risk,2019,053580,mid_sized,it_services,false_positive,0,1,투자적격,투기등급,0.5415594068747114,0.315,0.22655940687471138,context,상장연도,상장일에서 추출한 연도,KOSDAQ|053580|웹케시(주)|2023|2024
KOSDAQ,53580,웹케시(주),2023,2024,it_services,mid_sized,test,0,0.5415594068747114,interest_coverage_ratio,2,-0.6374523043632507,0.6374523043632507,decrease_risk,1000000.0,053580,mid_sized,it_services,false_positive,0,1,투자적격,투기등급,0.5415594068747114,0.315,0.22655940687471138,profitability_returns,이자보상배율,영업이익 대비 이자비용 배수,KOSDAQ|053580|웹케시(주)|2023|2024
KOSDAQ,53580,웹케시(주),2023,2024,it_services,mid_sized,test,0,0.5415594068747114,industry_macro_category,3,-0.3088724017143249,0.3088724017143249,decrease_risk,it_services,053580,mid_sized,it_services,false_positive,0,1,투자적격,투기등급,0.5415594068747114,0.315,0.22655940687471138,context,산업 대분류,모델링용 산업 대분류,KOSDAQ|053580|웹케시(주)|2023|2024
KOSDAQ,53580,웹케시(주),2023,2024,it_services,mid_sized,test,0,0.5415594068747114,assets_total,4,0.2942628860473633,0.2942628860473633,increase_risk,0,053580,mid_sized,it_services,false_positive,0,1,투자적격,투기등급,0.5415594068747114,0.315,0.22655940687471138,stability_leverage,자산총계,총자산,KOSDAQ|053580|웹케시(주)|2023|2024
KOSDAQ,53580,웹케시(주),2023,2024,it_services,mid_sized,test,0,0.5415594068747114,gross_profit,5,0.2848897874355316,0.2848897874355316,increase_risk,0,053580,mid_sized,it_services,false_positive,0,1,투자적격,투기등급,0.5415594068747114,0.315,0.22655940687471138,profitability_returns,매출총이익,매출총이익(손실),KOSDAQ|053580|웹케시(주)|2023|2024
KOSDAQ,53580,웹케시(주),2023,2024,it_services,mid_sized,test,0,0.5415594068747114,capital_impairment_ratio,6,0.2751791775226593,0.2751791775226593,increase_risk,,053580,mid_sized,it_services,false_positive,0,1,투자적격,투기등급,0.5415594068747114,0.315,0.22655940687471138,stability_leverage,자본잠식률,자본금 대비 자본잠식 정도,KOSDAQ|053580|웹케시(주)|2023|2024
KOSDAQ,53580,웹케시(주),2023,2024,it_services,mid_sized,test,0,0.5415594068747114,dividend_payer,7,0.2342390716075897,0.2342390716075897,increase_risk,0,053580,mid_sized,it_services,false_positive,0,1,투자적격,투기등급,0.5415594068747114,0.315,0.22655940687471138,market_shareholder,배당금 지급 여부,해당 회계연도에 현금배당을 지급했는지 여부,KOSDAQ|053580|웹케시(주)|2023|2024
KOSDAQ,53580,웹케시(주),2023,2024,it_services,mid_sized,test,0,0.5415594068747114,cashflow_coverage_ratio,8,-0.1546751260757446,0.1546751260757446,decrease_risk,1000000.0,053580,mid_sized,it_services,false_positive,0,1,투자적격,투기등급,0.5415594068747114,0.315,0.22655940687471138,cashflow_structure,현금흐름 커버리지,이자비용 대비 영업현금흐름 배수,KOSDAQ|053580|웹케시(주)|2023|2024
KOSDAQ,53580,웹케시(주),2023,2024,it_services,mid_sized,test,0,0.5415594068747114,firm_size_group,9,0.1477851867675781,0.1477851867675781,increase_risk,mid_sized,053580,mid_sized,it_services,false_positive,0,1,투자적격,투기등급,0.5415594068747114,0.315,0.22655940687471138,context,기업규모 그룹,모델링용 기업규모 그룹,KOSDAQ|053580|웹케시(주)|2023|2024
KOSDAQ,53580,웹케시(주),2023,2024,it_services,mid_sized,test,0,0.5415594068747114,total_borrowings_ratio,10,0.0932258889079094,0.0932258889079094,increase_risk,,053580,mid_sized,it_services,false_positive,0,1,투자적격,투기등급,0.5415594068747114,0.315,0.22655940687471138,stability_leverage,총차입금비율,총자산 대비 총차입금 비율,KOSDAQ|053580|웹케시(주)|2023|2024
KOSDAQ,320000,(주)한울반도체,2023,2024,manufacturing,small_and_medium,test,0,0.5401962495621305,interest_coverage_ratio,1,-0.6518775820732117,0.6518775820732117,decrease_risk,1000000.0,320000,small_and_medium,manufacturing,false_positive,0,1,투자적격,투기등급,0.5401962495621305,0.315,0.22519624956213052,profitability_returns,이자보상배율,영업이익 대비 이자비용 배수,KOSDAQ|320000|(주)한울반도체|2023|2024
KOSDAQ,320000,(주)한울반도체,2023,2024,manufacturing,small_and_medium,test,0,0.5401962495621305,listed_year,2,0.6362470388412476,0.6362470388412476,increase_risk,2019,320000,small_and_medium,manufacturing,false_positive,0,1,투자적격,투기등급,0.5401962495621305,0.315,0.22519624956213052,context,상장연도,상장일에서 추출한 연도,KOSDAQ|320000|(주)한울반도체|2023|2024
KOSDAQ,320000,(주)한울반도체,2023,2024,manufacturing,small_and_medium,test,0,0.5401962495621305,gross_profit,3,0.2697683274745941,0.2697683274745941,increase_risk,0,320000,small_and_medium,manufacturing,false_positive,0,1,투자적격,투기등급,0.5401962495621305,0.315,0.22519624956213052,profitability_returns,매출총이익,매출총이익(손실),KOSDAQ|320000|(주)한울반도체|2023|2024
KOSDAQ,320000,(주)한울반도체,2023,2024,manufacturing,small_and_medium,test,0,0.5401962495621305,assets_total,4,0.2676945328712463,0.2676945328712463,increase_risk,0,320000,small_and_medium,manufacturing,false_positive,0,1,투자적격,투기등급,0.5401962495621305,0.315,0.22519624956213052,stability_leverage,자산총계,총자산,KOSDAQ|320000|(주)한울반도체|2023|2024
KOSDAQ,320000,(주)한울반도체,2023,2024,manufacturing,small_and_medium,test,0,0.5401962495621305,capital_impairment_ratio,5,0.2464365661144256,0.2464365661144256,increase_risk,,320000,small_and_medium,manufacturing,false_positive,0,1,투자적격,투기등급,0.5401962495621305,0.315,0.22519624956213052,stability_leverage,자본잠식률,자본금 대비 자본잠식 정도,KOSDAQ|320000|(주)한울반도체|2023|2024
KOSDAQ,320000,(주)한울반도체,2023,2024,manufacturing,small_and_medium,test,0,0.5401962495621305,firm_size_group,6,0.2440273761749267,0.2440273761749267,increase_risk,small_and_medium,320000,small_and_medium,manufacturing,false_positive,0,1,투자적격,투기등급,0.5401962495621305,0.315,0.22519624956213052,context,기업규모 그룹,모델링용 기업규모 그룹,KOSDAQ|320000|(주)한울반도체|2023|2024
KOSDAQ,320000,(주)한울반도체,2023,2024,manufacturing,small_and_medium,test,0,0.5401962495621305,dividend_payer,7,0.237906664609909,0.237906664609909,increase_risk,0,320000,small_and_medium,manufacturing,false_positive,0,1,투자적격,투기등급,0.5401962495621305,0.315,0.22519624956213052,market_shareholder,배당금 지급 여부,해당 회계연도에 현금배당을 지급했는지 여부,KOSDAQ|320000|(주)한울반도체|2023|2024
KOSDAQ,320000,(주)한울반도체,2023,2024,manufacturing,small_and_medium,test,0,0.5401962495621305,cashflow_coverage_ratio,8,-0.1725942194461822,0.1725942194461822,decrease_risk,1000000.0,320000,small_and_medium,manufacturing,false_positive,0,1,투자적격,투기등급,0.5401962495621305,0.315,0.22519624956213052,cashflow_structure,현금흐름 커버리지,이자비용 대비 영업현금흐름 배수,KOSDAQ|320000|(주)한울반도체|2023|2024
KOSDAQ,320000,(주)한울반도체,2023,2024,manufacturing,small_and_medium,test,0,0.5401962495621305,industry_macro_category,9,0.0965472906827926,0.0965472906827926,increase_risk,manufacturing,320000,small_and_medium,manufacturing,false_positive,0,1,투자적격,투기등급,0.5401962495621305,0.315,0.22519624956213052,context,산업 대분류,모델링용 산업 대분류,KOSDAQ|320000|(주)한울반도체|2023|2024
KOSDAQ,320000,(주)한울반도체,2023,2024,manufacturing,small_and_medium,test,0,0.5401962495621305,depreciation,10,0.0926259383559227,0.0926259383559227,increase_risk,0,320000,small_and_medium,manufacturing,false_positive,0,1,투자적격,투기등급,0.5401962495621305,0.315,0.22519624956213052,cashflow_structure,감가상각비,감가상각비,KOSDAQ|320000|(주)한울반도체|2023|2024
KOSDAQ,14970,삼륭물산(주),2023,2024,manufacturing,small_and_medium,test,0,0.5271679886155555,interest_coverage_ratio,1,0.4951775670051574,0.4951775670051574,increase_risk,0.722066,014970,small_and_medium,manufacturing,false_positive,0,1,투자적격,투기등급,0.5271679886155555,0.315,0.21216798861555547,profitability_returns,이자보상배율,영업이익 대비 이자비용 배수,KOSDAQ|014970|삼륭물산(주)|2023|2024
KOSDAQ,14970,삼륭물산(주),2023,2024,manufacturing,small_and_medium,test,0,0.5271679886155555,gross_profit,2,0.3706956207752228,0.3706956207752228,increase_risk,6408266,014970,small_and_medium,manufacturing,false_positive,0,1,투자적격,투기등급,0.5271679886155555,0.315,0.21216798861555547,profitability_returns,매출총이익,매출총이익(손실),KOSDAQ|014970|삼륭물산(주)|2023|2024
KOSDAQ,14970,삼륭물산(주),2023,2024,manufacturing,small_and_medium,test,0,0.5271679886155555,listed_year,3,-0.3467331528663635,0.3467331528663635,decrease_risk,1992,014970,small_and_medium,manufacturing,false_positive,0,1,투자적격,투기등급,0.5271679886155555,0.315,0.21216798861555547,context,상장연도,상장일에서 추출한 연도,KOSDAQ|014970|삼륭물산(주)|2023|2024
KOSDAQ,14970,삼륭물산(주),2023,2024,manufacturing,small_and_medium,test,0,0.5271679886155555,firm_size_group,4,0.330440878868103,0.330440878868103,increase_risk,small_and_medium,014970,small_and_medium,manufacturing,false_positive,0,1,투자적격,투기등급,0.5271679886155555,0.315,0.21216798861555547,context,기업규모 그룹,모델링용 기업규모 그룹,KOSDAQ|014970|삼륭물산(주)|2023|2024
KOSDAQ,14970,삼륭물산(주),2023,2024,manufacturing,small_and_medium,test,0,0.5271679886155555,depreciation,5,0.2687421143054962,0.2687421143054962,increase_risk,4259080,014970,small_and_medium,manufacturing,false_positive,0,1,투자적격,투기등급,0.5271679886155555,0.315,0.21216798861555547,cashflow_structure,감가상각비,감가상각비,KOSDAQ|014970|삼륭물산(주)|2023|2024
KOSDAQ,14970,삼륭물산(주),2023,2024,manufacturing,small_and_medium,test,0,0.5271679886155555,dividend_payer,6,0.2298277765512466,0.2298277765512466,increase_risk,0,014970,small_and_medium,manufacturing,false_positive,0,1,투자적격,투기등급,0.5271679886155555,0.315,0.21216798861555547,market_shareholder,배당금 지급 여부,해당 회계연도에 현금배당을 지급했는지 여부,KOSDAQ|014970|삼륭물산(주)|2023|2024
KOSDAQ,14970,삼륭물산(주),2023,2024,manufacturing,small_and_medium,test,0,0.5271679886155555,assets_total,7,0.2195398211479187,0.2195398211479187,increase_risk,104708757,014970,small_and_medium,manufacturing,false_positive,0,1,투자적격,투기등급,0.5271679886155555,0.315,0.21216798861555547,stability_leverage,자산총계,총자산,KOSDAQ|014970|삼륭물산(주)|2023|2024
KOSDAQ,14970,삼륭물산(주),2023,2024,manufacturing,small_and_medium,test,0,0.5271679886155555,equity_ratio,8,-0.1994851678609848,0.1994851678609848,decrease_risk,0.574869,014970,small_and_medium,manufacturing,false_positive,0,1,투자적격,투기등급,0.5271679886155555,0.315,0.21216798861555547,stability_leverage,자기자본비율,총자산 대비 자기자본 비율,KOSDAQ|014970|삼륭물산(주)|2023|2024
KOSDAQ,14970,삼륭물산(주),2023,2024,manufacturing,small_and_medium,test,0,0.5271679886155555,cashflow_coverage_ratio,9,0.1677436232566833,0.1677436232566833,increase_risk,4.261414,014970,small_and_medium,manufacturing,false_positive,0,1,투자적격,투기등급,0.5271679886155555,0.315,0.21216798861555547,cashflow_structure,현금흐름 커버리지,이자비용 대비 영업현금흐름 배수,KOSDAQ|014970|삼륭물산(주)|2023|2024
KOSDAQ,14970,삼륭물산(주),2023,2024,manufacturing,small_and_medium,test,0,0.5271679886155555,net_margin_diff,10,0.1550341546535492,0.1550341546535492,increase_risk,0.052528,014970,small_and_medium,manufacturing,false_positive,0,1,투자적격,투기등급,0.5271679886155555,0.315,0.21216798861555547,trend_early_warning,순이익률 변화,전년 대비 순이익률 변화폭,KOSDAQ|014970|삼륭물산(주)|2023|2024
KOSDAQ,43910,(주)자연과환경,2023,2024,manufacturing,small_and_medium,test,0,0.5192400851420796,net_margin,1,-0.6989026069641113,0.6989026069641113,decrease_risk,0.057094,043910,small_and_medium,manufacturing,false_positive,0,1,투자적격,투기등급,0.5192400851420796,0.315,0.20424008514207964,profitability_returns,순이익률,매출액 대비 당기순이익 비율,KOSDAQ|043910|(주)자연과환경|2023|2024
KOSDAQ,43910,(주)자연과환경,2023,2024,manufacturing,small_and_medium,test,0,0.5192400851420796,cash_ratio,2,-0.5610607266426086,0.5610607266426086,decrease_risk,0.320669,043910,small_and_medium,manufacturing,false_positive,0,1,투자적격,투기등급,0.5192400851420796,0.315,0.20424008514207964,stability_leverage,현금비율,유동부채 대비 현금및현금성자산 비율,KOSDAQ|043910|(주)자연과환경|2023|2024
KOSDAQ,43910,(주)자연과환경,2023,2024,manufacturing,small_and_medium,test,0,0.5192400851420796,capital_impairment_ratio,3,0.5076489448547363,0.5076489448547363,increase_risk,-0.920361,043910,small_and_medium,manufacturing,false_positive,0,1,투자적격,투기등급,0.5192400851420796,0.315,0.20424008514207964,stability_leverage,자본잠식률,자본금 대비 자본잠식 정도,KOSDAQ|043910|(주)자연과환경|2023|2024
KOSDAQ,43910,(주)자연과환경,2023,2024,manufacturing,small_and_medium,test,0,0.5192400851420796,interest_coverage_ratio,4,0.4291541576385498,0.4291541576385498,increase_risk,2.953573,043910,small_and_medium,manufacturing,false_positive,0,1,투자적격,투기등급,0.5192400851420796,0.315,0.20424008514207964,profitability_returns,이자보상배율,영업이익 대비 이자비용 배수,KOSDAQ|043910|(주)자연과환경|2023|2024
KOSDAQ,43910,(주)자연과환경,2023,2024,manufacturing,small_and_medium,test,0,0.5192400851420796,gross_profit,5,0.405808687210083,0.405808687210083,increase_risk,9886697,043910,small_and_medium,manufacturing,false_positive,0,1,투자적격,투기등급,0.5192400851420796,0.315,0.20424008514207964,profitability_returns,매출총이익,매출총이익(손실),KOSDAQ|043910|(주)자연과환경|2023|2024
KOSDAQ,43910,(주)자연과환경,2023,2024,manufacturing,small_and_medium,test,0,0.5192400851420796,listed_year,6,0.3877374231815338,0.3877374231815338,increase_risk,2005,043910,small_and_medium,manufacturing,false_positive,0,1,투자적격,투기등급,0.5192400851420796,0.315,0.20424008514207964,context,상장연도,상장일에서 추출한 연도,KOSDAQ|043910|(주)자연과환경|2023|2024
KOSDAQ,43910,(주)자연과환경,2023,2024,manufacturing,small_and_medium,test,0,0.5192400851420796,dividend_payer,7,0.2555750608444214,0.2555750608444214,increase_risk,0,043910,small_and_medium,manufacturing,false_positive,0,1,투자적격,투기등급,0.5192400851420796,0.315,0.20424008514207964,market_shareholder,배당금 지급 여부,해당 회계연도에 현금배당을 지급했는지 여부,KOSDAQ|043910|(주)자연과환경|2023|2024
KOSDAQ,43910,(주)자연과환경,2023,2024,manufacturing,small_and_medium,test,0,0.5192400851420796,firm_size_group,8,0.2528031766414642,0.2528031766414642,increase_risk,small_and_medium,043910,small_and_medium,manufacturing,false_positive,0,1,투자적격,투기등급,0.5192400851420796,0.315,0.20424008514207964,context,기업규모 그룹,모델링용 기업규모 그룹,KOSDAQ|043910|(주)자연과환경|2023|2024
KOSDAQ,43910,(주)자연과환경,2023,2024,manufacturing,small_and_medium,test,0,0.5192400851420796,cashflow_coverage_ratio,9,0.2116774767637252,0.2116774767637252,increase_risk,2.739926,043910,small_and_medium,manufacturing,false_positive,0,1,투자적격,투기등급,0.5192400851420796,0.315,0.20424008514207964,cashflow_structure,현금흐름 커버리지,이자비용 대비 영업현금흐름 배수,KOSDAQ|043910|(주)자연과환경|2023|2024
KOSDAQ,43910,(주)자연과환경,2023,2024,manufacturing,small_and_medium,test,0,0.5192400851420796,equity_ratio,10,-0.2046672105789184,0.2046672105789184,decrease_risk,0.613233,043910,small_and_medium,manufacturing,false_positive,0,1,투자적격,투기등급,0.5192400851420796,0.315,0.20424008514207964,stability_leverage,자기자본비율,총자산 대비 자기자본 비율,KOSDAQ|043910|(주)자연과환경|2023|2024
KOSDAQ,27050,(주)코리아나화장품,2023,2024,manufacturing,small_and_medium,test,0,0.5191398270374129,interest_coverage_ratio,1,0.5521383881568909,0.5521383881568909,increase_risk,2.654475,027050,small_and_medium,manufacturing,false_positive,0,1,투자적격,투기등급,0.5191398270374129,0.315,0.2041398270374129,profitability_returns,이자보상배율,영업이익 대비 이자비용 배수,KOSDAQ|027050|(주)코리아나화장품|2023|2024
KOSDAQ,27050,(주)코리아나화장품,2023,2024,manufacturing,small_and_medium,test,0,0.5191398270374129,gross_profit,2,0.5436591506004333,0.5436591506004333,increase_risk,33598712,027050,small_and_medium,manufacturing,false_positive,0,1,투자적격,투기등급,0.5191398270374129,0.315,0.2041398270374129,profitability_returns,매출총이익,매출총이익(손실),KOSDAQ|027050|(주)코리아나화장품|2023|2024
KOSDAQ,27050,(주)코리아나화장품,2023,2024,manufacturing,small_and_medium,test,0,0.5191398270374129,total_debt_turnover,3,-0.4173921644687652,0.4173921644687652,decrease_risk,3.224478,027050,small_and_medium,manufacturing,false_positive,0,1,투자적격,투기등급,0.5191398270374129,0.315,0.2041398270374129,cashflow_structure,총부채회전율,총부채 대비 매출액 비율,KOSDAQ|027050|(주)코리아나화장품|2023|2024
KOSDAQ,27050,(주)코리아나화장품,2023,2024,manufacturing,small_and_medium,test,0,0.5191398270374129,firm_size_group,4,0.3540223240852356,0.3540223240852356,increase_risk,small_and_medium,027050,small_and_medium,manufacturing,false_positive,0,1,투자적격,투기등급,0.5191398270374129,0.315,0.2041398270374129,context,기업규모 그룹,모델링용 기업규모 그룹,KOSDAQ|027050|(주)코리아나화장품|2023|2024
KOSDAQ,27050,(주)코리아나화장품,2023,2024,manufacturing,small_and_medium,test,0,0.5191398270374129,equity_ratio,5,-0.3121811151504516,0.3121811151504516,decrease_risk,0.762768,027050,small_and_medium,manufacturing,false_positive,0,1,투자적격,투기등급,0.5191398270374129,0.315,0.2041398270374129,stability_leverage,자기자본비율,총자산 대비 자기자본 비율,KOSDAQ|027050|(주)코리아나화장품|2023|2024
KOSDAQ,27050,(주)코리아나화장품,2023,2024,manufacturing,small_and_medium,test,0,0.5191398270374129,assets_total,6,0.2548865377902984,0.2548865377902984,increase_risk,112490646,027050,small_and_medium,manufacturing,false_positive,0,1,투자적격,투기등급,0.5191398270374129,0.315,0.2041398270374129,stability_leverage,자산총계,총자산,KOSDAQ|027050|(주)코리아나화장품|2023|2024
KOSDAQ,27050,(주)코리아나화장품,2023,2024,manufacturing,small_and_medium,test,0,0.5191398270374129,cashflow_coverage_ratio,7,0.2327186614274978,0.2327186614274978,increase_risk,4.61777,027050,small_and_medium,manufacturing,false_positive,0,1,투자적격,투기등급,0.5191398270374129,0.315,0.2041398270374129,cashflow_structure,현금흐름 커버리지,이자비용 대비 영업현금흐름 배수,KOSDAQ|027050|(주)코리아나화장품|2023|2024
KOSDAQ,27050,(주)코리아나화장품,2023,2024,manufacturing,small_and_medium,test,0,0.5191398270374129,dividend_payer,8,0.2234263867139816,0.2234263867139816,increase_risk,0,027050,small_and_medium,manufacturing,false_positive,0,1,투자적격,투기등급,0.5191398270374129,0.315,0.2041398270374129,market_shareholder,배당금 지급 여부,해당 회계연도에 현금배당을 지급했는지 여부,KOSDAQ|027050|(주)코리아나화장품|2023|2024
KOSDAQ,27050,(주)코리아나화장품,2023,2024,manufacturing,small_and_medium,test,0,0.5191398270374129,depreciation,9,0.2187683582305908,0.2187683582305908,increase_risk,3416122,027050,small_and_medium,manufacturing,false_positive,0,1,투자적격,투기등급,0.5191398270374129,0.315,0.2041398270374129,cashflow_structure,감가상각비,감가상각비,KOSDAQ|027050|(주)코리아나화장품|2023|2024
KOSDAQ,27050,(주)코리아나화장품,2023,2024,manufacturing,small_and_medium,test,0,0.5191398270374129,net_margin,10,-0.2144025564193725,0.2144025564193725,decrease_risk,0.020537,027050,small_and_medium,manufacturing,false_positive,0,1,투자적격,투기등급,0.5191398270374129,0.315,0.2041398270374129,profitability_returns,순이익률,매출액 대비 당기순이익 비율,KOSDAQ|027050|(주)코리아나화장품|2023|2024
KOSDAQ,314140,(주)알피바이오,2023,2024,manufacturing,small_and_medium,test,0,0.5173260531970414,interest_coverage_ratio,1,-0.6518775820732117,0.6518775820732117,decrease_risk,1000000.0,314140,small_and_medium,manufacturing,false_positive,0,1,투자적격,투기등급,0.5173260531970414,0.315,0.2023260531970414,profitability_returns,이자보상배율,영업이익 대비 이자비용 배수,KOSDAQ|314140|(주)알피바이오|2023|2024
KOSDAQ,314140,(주)알피바이오,2023,2024,manufacturing,small_and_medium,test,0,0.5173260531970414,listed_year,2,0.5464521050453186,0.5464521050453186,increase_risk,2022,314140,small_and_medium,manufacturing,false_positive,0,1,투자적격,투기등급,0.5173260531970414,0.315,0.2023260531970414,context,상장연도,상장일에서 추출한 연도,KOSDAQ|314140|(주)알피바이오|2023|2024
KOSDAQ,314140,(주)알피바이오,2023,2024,manufacturing,small_and_medium,test,0,0.5173260531970414,gross_profit,3,0.2697683274745941,0.2697683274745941,increase_risk,0,314140,small_and_medium,manufacturing,false_positive,0,1,투자적격,투기등급,0.5173260531970414,0.315,0.2023260531970414,profitability_returns,매출총이익,매출총이익(손실),KOSDAQ|314140|(주)알피바이오|2023|2024
KOSDAQ,314140,(주)알피바이오,2023,2024,manufacturing,small_and_medium,test,0,0.5173260531970414,assets_total,4,0.2676945328712463,0.2676945328712463,increase_risk,0,314140,small_and_medium,manufacturing,false_positive,0,1,투자적격,투기등급,0.5173260531970414,0.315,0.2023260531970414,stability_leverage,자산총계,총자산,KOSDAQ|314140|(주)알피바이오|2023|2024
KOSDAQ,314140,(주)알피바이오,2023,2024,manufacturing,small_and_medium,test,0,0.5173260531970414,capital_impairment_ratio,5,0.2464365661144256,0.2464365661144256,increase_risk,,314140,small_and_medium,manufacturing,false_positive,0,1,투자적격,투기등급,0.5173260531970414,0.315,0.2023260531970414,stability_leverage,자본잠식률,자본금 대비 자본잠식 정도,KOSDAQ|314140|(주)알피바이오|2023|2024
KOSDAQ,314140,(주)알피바이오,2023,2024,manufacturing,small_and_medium,test,0,0.5173260531970414,firm_size_group,6,0.2440273761749267,0.2440273761749267,increase_risk,small_and_medium,314140,small_and_medium,manufacturing,false_positive,0,1,투자적격,투기등급,0.5173260531970414,0.315,0.2023260531970414,context,기업규모 그룹,모델링용 기업규모 그룹,KOSDAQ|314140|(주)알피바이오|2023|2024
KOSDAQ,314140,(주)알피바이오,2023,2024,manufacturing,small_and_medium,test,0,0.5173260531970414,dividend_payer,7,0.237906664609909,0.237906664609909,increase_risk,0,314140,small_and_medium,manufacturing,false_positive,0,1,투자적격,투기등급,0.5173260531970414,0.315,0.2023260531970414,market_shareholder,배당금 지급 여부,해당 회계연도에 현금배당을 지급했는지 여부,KOSDAQ|314140|(주)알피바이오|2023|2024
KOSDAQ,314140,(주)알피바이오,2023,2024,manufacturing,small_and_medium,test,0,0.5173260531970414,cashflow_coverage_ratio,8,-0.1725942194461822,0.1725942194461822,decrease_risk,1000000.0,314140,small_and_medium,manufacturing,false_positive,0,1,투자적격,투기등급,0.5173260531970414,0.315,0.2023260531970414,cashflow_structure,현금흐름 커버리지,이자비용 대비 영업현금흐름 배수,KOSDAQ|314140|(주)알피바이오|2023|2024
KOSDAQ,314140,(주)알피바이오,2023,2024,manufacturing,small_and_medium,test,0,0.5173260531970414,industry_macro_category,9,0.0942749679088592,0.0942749679088592,increase_risk,manufacturing,314140,small_and_medium,manufacturing,false_positive,0,1,투자적격,투기등급,0.5173260531970414,0.315,0.2023260531970414,context,산업 대분류,모델링용 산업 대분류,KOSDAQ|314140|(주)알피바이오|2023|2024
KOSDAQ,314140,(주)알피바이오,2023,2024,manufacturing,small_and_medium,test,0,0.5173260531970414,depreciation,10,0.0926259383559227,0.0926259383559227,increase_risk,0,314140,small_and_medium,manufacturing,false_positive,0,1,투자적격,투기등급,0.5173260531970414,0.315,0.2023260531970414,cashflow_structure,감가상각비,감가상각비,KOSDAQ|314140|(주)알피바이오|2023|2024
KOSDAQ,352090,(주)스톰테크,2023,2024,manufacturing,small_and_medium,test,0,0.5173260531970414,interest_coverage_ratio,1,-0.6518775820732117,0.6518775820732117,decrease_risk,1000000.0,352090,small_and_medium,manufacturing,false_positive,0,1,투자적격,투기등급,0.5173260531970414,0.315,0.2023260531970414,profitability_returns,이자보상배율,영업이익 대비 이자비용 배수,KOSDAQ|352090|(주)스톰테크|2023|2024
KOSDAQ,352090,(주)스톰테크,2023,2024,manufacturing,small_and_medium,test,0,0.5173260531970414,listed_year,2,0.5464521050453186,0.5464521050453186,increase_risk,2023,352090,small_and_medium,manufacturing,false_positive,0,1,투자적격,투기등급,0.5173260531970414,0.315,0.2023260531970414,context,상장연도,상장일에서 추출한 연도,KOSDAQ|352090|(주)스톰테크|2023|2024
KOSDAQ,352090,(주)스톰테크,2023,2024,manufacturing,small_and_medium,test,0,0.5173260531970414,gross_profit,3,0.2697683274745941,0.2697683274745941,increase_risk,0,352090,small_and_medium,manufacturing,false_positive,0,1,투자적격,투기등급,0.5173260531970414,0.315,0.2023260531970414,profitability_returns,매출총이익,매출총이익(손실),KOSDAQ|352090|(주)스톰테크|2023|2024
KOSDAQ,352090,(주)스톰테크,2023,2024,manufacturing,small_and_medium,test,0,0.5173260531970414,assets_total,4,0.2676945328712463,0.2676945328712463,increase_risk,0,352090,small_and_medium,manufacturing,false_positive,0,1,투자적격,투기등급,0.5173260531970414,0.315,0.2023260531970414,stability_leverage,자산총계,총자산,KOSDAQ|352090|(주)스톰테크|2023|2024
KOSDAQ,352090,(주)스톰테크,2023,2024,manufacturing,small_and_medium,test,0,0.5173260531970414,capital_impairment_ratio,5,0.2464365661144256,0.2464365661144256,increase_risk,,352090,small_and_medium,manufacturing,false_positive,0,1,투자적격,투기등급,0.5173260531970414,0.315,0.2023260531970414,stability_leverage,자본잠식률,자본금 대비 자본잠식 정도,KOSDAQ|352090|(주)스톰테크|2023|2024
KOSDAQ,352090,(주)스톰테크,2023,2024,manufacturing,small_and_medium,test,0,0.5173260531970414,firm_size_group,6,0.2440273761749267,0.2440273761749267,increase_risk,small_and_medium,352090,small_and_medium,manufacturing,false_positive,0,1,투자적격,투기등급,0.5173260531970414,0.315,0.2023260531970414,context,기업규모 그룹,모델링용 기업규모 그룹,KOSDAQ|352090|(주)스톰테크|2023|2024
KOSDAQ,352090,(주)스톰테크,2023,2024,manufacturing,small_and_medium,test,0,0.5173260531970414,dividend_payer,7,0.237906664609909,0.237906664609909,increase_risk,0,352090,small_and_medium,manufacturing,false_positive,0,1,투자적격,투기등급,0.5173260531970414,0.315,0.2023260531970414,market_shareholder,배당금 지급 여부,해당 회계연도에 현금배당을 지급했는지 여부,KOSDAQ|352090|(주)스톰테크|2023|2024
KOSDAQ,352090,(주)스톰테크,2023,2024,manufacturing,small_and_medium,test,0,0.5173260531970414,cashflow_coverage_ratio,8,-0.1725942194461822,0.1725942194461822,decrease_risk,1000000.0,352090,small_and_medium,manufacturing,false_positive,0,1,투자적격,투기등급,0.5173260531970414,0.315,0.2023260531970414,cashflow_structure,현금흐름 커버리지,이자비용 대비 영업현금흐름 배수,KOSDAQ|352090|(주)스톰테크|2023|2024
KOSDAQ,352090,(주)스톰테크,2023,2024,manufacturing,small_and_medium,test,0,0.5173260531970414,industry_macro_category,9,0.0942749679088592,0.0942749679088592,increase_risk,manufacturing,352090,small_and_medium,manufacturing,false_positive,0,1,투자적격,투기등급,0.5173260531970414,0.315,0.2023260531970414,context,산업 대분류,모델링용 산업 대분류,KOSDAQ|352090|(주)스톰테크|2023|2024
KOSDAQ,352090,(주)스톰테크,2023,2024,manufacturing,small_and_medium,test,0,0.5173260531970414,depreciation,10,0.0926259383559227,0.0926259383559227,increase_risk,0,352090,small_and_medium,manufacturing,false_positive,0,1,투자적격,투기등급,0.5173260531970414,0.315,0.2023260531970414,cashflow_structure,감가상각비,감가상각비,KOSDAQ|352090|(주)스톰테크|2023|2024
KOSDAQ,382480,(주)지아이텍,2023,2024,manufacturing,small_and_medium,test,0,0.5173260531970414,interest_coverage_ratio,1,-0.6518775820732117,0.6518775820732117,decrease_risk,1000000.0,382480,small_and_medium,manufacturing,false_positive,0,1,투자적격,투기등급,0.5173260531970414,0.315,0.2023260531970414,profitability_returns,이자보상배율,영업이익 대비 이자비용 배수,KOSDAQ|382480|(주)지아이텍|2023|2024
KOSDAQ,382480,(주)지아이텍,2023,2024,manufacturing,small_and_medium,test,0,0.5173260531970414,listed_year,2,0.5464521050453186,0.5464521050453186,increase_risk,2021,382480,small_and_medium,manufacturing,false_positive,0,1,투자적격,투기등급,0.5173260531970414,0.315,0.2023260531970414,context,상장연도,상장일에서 추출한 연도,KOSDAQ|382480|(주)지아이텍|2023|2024
KOSDAQ,382480,(주)지아이텍,2023,2024,manufacturing,small_and_medium,test,0,0.5173260531970414,gross_profit,3,0.2697683274745941,0.2697683274745941,increase_risk,0,382480,small_and_medium,manufacturing,false_positive,0,1,투자적격,투기등급,0.5173260531970414,0.315,0.2023260531970414,profitability_returns,매출총이익,매출총이익(손실),KOSDAQ|382480|(주)지아이텍|2023|2024
KOSDAQ,382480,(주)지아이텍,2023,2024,manufacturing,small_and_medium,test,0,0.5173260531970414,assets_total,4,0.2676945328712463,0.2676945328712463,increase_risk,0,382480,small_and_medium,manufacturing,false_positive,0,1,투자적격,투기등급,0.5173260531970414,0.315,0.2023260531970414,stability_leverage,자산총계,총자산,KOSDAQ|382480|(주)지아이텍|2023|2024
KOSDAQ,382480,(주)지아이텍,2023,2024,manufacturing,small_and_medium,test,0,0.5173260531970414,capital_impairment_ratio,5,0.2464365661144256,0.2464365661144256,increase_risk,,382480,small_and_medium,manufacturing,false_positive,0,1,투자적격,투기등급,0.5173260531970414,0.315,0.2023260531970414,stability_leverage,자본잠식률,자본금 대비 자본잠식 정도,KOSDAQ|382480|(주)지아이텍|2023|2024
KOSDAQ,382480,(주)지아이텍,2023,2024,manufacturing,small_and_medium,test,0,0.5173260531970414,firm_size_group,6,0.2440273761749267,0.2440273761749267,increase_risk,small_and_medium,382480,small_and_medium,manufacturing,false_positive,0,1,투자적격,투기등급,0.5173260531970414,0.315,0.2023260531970414,context,기업규모 그룹,모델링용 기업규모 그룹,KOSDAQ|382480|(주)지아이텍|2023|2024
KOSDAQ,382480,(주)지아이텍,2023,2024,manufacturing,small_and_medium,test,0,0.5173260531970414,dividend_payer,7,0.237906664609909,0.237906664609909,increase_risk,0,382480,small_and_medium,manufacturing,false_positive,0,1,투자적격,투기등급,0.5173260531970414,0.315,0.2023260531970414,market_shareholder,배당금 지급 여부,해당 회계연도에 현금배당을 지급했는지 여부,KOSDAQ|382480|(주)지아이텍|2023|2024
KOSDAQ,382480,(주)지아이텍,2023,2024,manufacturing,small_and_medium,test,0,0.5173260531970414,cashflow_coverage_ratio,8,-0.1725942194461822,0.1725942194461822,decrease_risk,1000000.0,382480,small_and_medium,manufacturing,false_positive,0,1,투자적격,투기등급,0.5173260531970414,0.315,0.2023260531970414,cashflow_structure,현금흐름 커버리지,이자비용 대비 영업현금흐름 배수,KOSDAQ|382480|(주)지아이텍|2023|2024
KOSDAQ,382480,(주)지아이텍,2023,2024,manufacturing,small_and_medium,test,0,0.5173260531970414,industry_macro_category,9,0.0942749679088592,0.0942749679088592,increase_risk,manufacturing,382480,small_and_medium,manufacturing,false_positive,0,1,투자적격,투기등급,0.5173260531970414,0.315,0.2023260531970414,context,산업 대분류,모델링용 산업 대분류,KOSDAQ|382480|(주)지아이텍|2023|2024
KOSDAQ,382480,(주)지아이텍,2023,2024,manufacturing,small_and_medium,test,0,0.5173260531970414,depreciation,10,0.0926259383559227,0.0926259383559227,increase_risk,0,382480,small_and_medium,manufacturing,false_positive,0,1,투자적격,투기등급,0.5173260531970414,0.315,0.2023260531970414,cashflow_structure,감가상각비,감가상각비,KOSDAQ|382480|(주)지아이텍|2023|2024
KOSDAQ,419080,엔젯(주),2023,2024,manufacturing,small_and_medium,test,0,0.5173260531970414,interest_coverage_ratio,1,-0.6518775820732117,0.6518775820732117,decrease_risk,1000000.0,419080,small_and_medium,manufacturing,false_positive,0,1,투자적격,투기등급,0.5173260531970414,0.315,0.2023260531970414,profitability_returns,이자보상배율,영업이익 대비 이자비용 배수,KOSDAQ|419080|엔젯(주)|2023|2024
KOSDAQ,419080,엔젯(주),2023,2024,manufacturing,small_and_medium,test,0,0.5173260531970414,listed_year,2,0.5464521050453186,0.5464521050453186,increase_risk,2022,419080,small_and_medium,manufacturing,false_positive,0,1,투자적격,투기등급,0.5173260531970414,0.315,0.2023260531970414,context,상장연도,상장일에서 추출한 연도,KOSDAQ|419080|엔젯(주)|2023|2024
KOSDAQ,419080,엔젯(주),2023,2024,manufacturing,small_and_medium,test,0,0.5173260531970414,gross_profit,3,0.2697683274745941,0.2697683274745941,increase_risk,0,419080,small_and_medium,manufacturing,false_positive,0,1,투자적격,투기등급,0.5173260531970414,0.315,0.2023260531970414,profitability_returns,매출총이익,매출총이익(손실),KOSDAQ|419080|엔젯(주)|2023|2024
KOSDAQ,419080,엔젯(주),2023,2024,manufacturing,small_and_medium,test,0,0.5173260531970414,assets_total,4,0.2676945328712463,0.2676945328712463,increase_risk,0,419080,small_and_medium,manufacturing,false_positive,0,1,투자적격,투기등급,0.5173260531970414,0.315,0.2023260531970414,stability_leverage,자산총계,총자산,KOSDAQ|419080|엔젯(주)|2023|2024
KOSDAQ,419080,엔젯(주),2023,2024,manufacturing,small_and_medium,test,0,0.5173260531970414,capital_impairment_ratio,5,0.2464365661144256,0.2464365661144256,increase_risk,,419080,small_and_medium,manufacturing,false_positive,0,1,투자적격,투기등급,0.5173260531970414,0.315,0.2023260531970414,stability_leverage,자본잠식률,자본금 대비 자본잠식 정도,KOSDAQ|419080|엔젯(주)|2023|2024
KOSDAQ,419080,엔젯(주),2023,2024,manufacturing,small_and_medium,test,0,0.5173260531970414,firm_size_group,6,0.2440273761749267,0.2440273761749267,increase_risk,small_and_medium,419080,small_and_medium,manufacturing,false_positive,0,1,투자적격,투기등급,0.5173260531970414,0.315,0.2023260531970414,context,기업규모 그룹,모델링용 기업규모 그룹,KOSDAQ|419080|엔젯(주)|2023|2024
KOSDAQ,419080,엔젯(주),2023,2024,manufacturing,small_and_medium,test,0,0.5173260531970414,dividend_payer,7,0.237906664609909,0.237906664609909,increase_risk,0,419080,small_and_medium,manufacturing,false_positive,0,1,투자적격,투기등급,0.5173260531970414,0.315,0.2023260531970414,market_shareholder,배당금 지급 여부,해당 회계연도에 현금배당을 지급했는지 여부,KOSDAQ|419080|엔젯(주)|2023|2024
KOSDAQ,419080,엔젯(주),2023,2024,manufacturing,small_and_medium,test,0,0.5173260531970414,cashflow_coverage_ratio,8,-0.1725942194461822,0.1725942194461822,decrease_risk,1000000.0,419080,small_and_medium,manufacturing,false_positive,0,1,투자적격,투기등급,0.5173260531970414,0.315,0.2023260531970414,cashflow_structure,현금흐름 커버리지,이자비용 대비 영업현금흐름 배수,KOSDAQ|419080|엔젯(주)|2023|2024
KOSDAQ,419080,엔젯(주),2023,2024,manufacturing,small_and_medium,test,0,0.5173260531970414,industry_macro_category,9,0.0942749679088592,0.0942749679088592,increase_risk,manufacturing,419080,small_and_medium,manufacturing,false_positive,0,1,투자적격,투기등급,0.5173260531970414,0.315,0.2023260531970414,context,산업 대분류,모델링용 산업 대분류,KOSDAQ|419080|엔젯(주)|2023|2024
KOSDAQ,419080,엔젯(주),2023,2024,manufacturing,small_and_medium,test,0,0.5173260531970414,depreciation,10,0.0926259383559227,0.0926259383559227,increase_risk,0,419080,small_and_medium,manufacturing,false_positive,0,1,투자적격,투기등급,0.5173260531970414,0.315,0.2023260531970414,cashflow_structure,감가상각비,감가상각비,KOSDAQ|419080|엔젯(주)|2023|2024
KOSDAQ,448710,코츠테크놀로지(주),2023,2024,manufacturing,small_and_medium,test,0,0.5173260531970414,interest_coverage_ratio,1,-0.6518775820732117,0.6518775820732117,decrease_risk,1000000.0,448710,small_and_medium,manufacturing,false_positive,0,1,투자적격,투기등급,0.5173260531970414,0.315,0.2023260531970414,profitability_returns,이자보상배율,영업이익 대비 이자비용 배수,KOSDAQ|448710|코츠테크놀로지(주)|2023|2024
KOSDAQ,448710,코츠테크놀로지(주),2023,2024,manufacturing,small_and_medium,test,0,0.5173260531970414,listed_year,2,0.5464521050453186,0.5464521050453186,increase_risk,2023,448710,small_and_medium,manufacturing,false_positive,0,1,투자적격,투기등급,0.5173260531970414,0.315,0.2023260531970414,context,상장연도,상장일에서 추출한 연도,KOSDAQ|448710|코츠테크놀로지(주)|2023|2024
KOSDAQ,448710,코츠테크놀로지(주),2023,2024,manufacturing,small_and_medium,test,0,0.5173260531970414,gross_profit,3,0.2697683274745941,0.2697683274745941,increase_risk,0,448710,small_and_medium,manufacturing,false_positive,0,1,투자적격,투기등급,0.5173260531970414,0.315,0.2023260531970414,profitability_returns,매출총이익,매출총이익(손실),KOSDAQ|448710|코츠테크놀로지(주)|2023|2024
KOSDAQ,448710,코츠테크놀로지(주),2023,2024,manufacturing,small_and_medium,test,0,0.5173260531970414,assets_total,4,0.2676945328712463,0.2676945328712463,increase_risk,0,448710,small_and_medium,manufacturing,false_positive,0,1,투자적격,투기등급,0.5173260531970414,0.315,0.2023260531970414,stability_leverage,자산총계,총자산,KOSDAQ|448710|코츠테크놀로지(주)|2023|2024
KOSDAQ,448710,코츠테크놀로지(주),2023,2024,manufacturing,small_and_medium,test,0,0.5173260531970414,capital_impairment_ratio,5,0.2464365661144256,0.2464365661144256,increase_risk,,448710,small_and_medium,manufacturing,false_positive,0,1,투자적격,투기등급,0.5173260531970414,0.315,0.2023260531970414,stability_leverage,자본잠식률,자본금 대비 자본잠식 정도,KOSDAQ|448710|코츠테크놀로지(주)|2023|2024
KOSDAQ,448710,코츠테크놀로지(주),2023,2024,manufacturing,small_and_medium,test,0,0.5173260531970414,firm_size_group,6,0.2440273761749267,0.2440273761749267,increase_risk,small_and_medium,448710,small_and_medium,manufacturing,false_positive,0,1,투자적격,투기등급,0.5173260531970414,0.315,0.2023260531970414,context,기업규모 그룹,모델링용 기업규모 그룹,KOSDAQ|448710|코츠테크놀로지(주)|2023|2024
KOSDAQ,448710,코츠테크놀로지(주),2023,2024,manufacturing,small_and_medium,test,0,0.5173260531970414,dividend_payer,7,0.237906664609909,0.237906664609909,increase_risk,0,448710,small_and_medium,manufacturing,false_positive,0,1,투자적격,투기등급,0.5173260531970414,0.315,0.2023260531970414,market_shareholder,배당금 지급 여부,해당 회계연도에 현금배당을 지급했는지 여부,KOSDAQ|448710|코츠테크놀로지(주)|2023|2024
KOSDAQ,448710,코츠테크놀로지(주),2023,2024,manufacturing,small_and_medium,test,0,0.5173260531970414,cashflow_coverage_ratio,8,-0.1725942194461822,0.1725942194461822,decrease_risk,1000000.0,448710,small_and_medium,manufacturing,false_positive,0,1,투자적격,투기등급,0.5173260531970414,0.315,0.2023260531970414,cashflow_structure,현금흐름 커버리지,이자비용 대비 영업현금흐름 배수,KOSDAQ|448710|코츠테크놀로지(주)|2023|2024
KOSDAQ,448710,코츠테크놀로지(주),2023,2024,manufacturing,small_and_medium,test,0,0.5173260531970414,industry_macro_category,9,0.0942749679088592,0.0942749679088592,increase_risk,manufacturing,448710,small_and_medium,manufacturing,false_positive,0,1,투자적격,투기등급,0.5173260531970414,0.315,0.2023260531970414,context,산업 대분류,모델링용 산업 대분류,KOSDAQ|448710|코츠테크놀로지(주)|2023|2024
KOSDAQ,448710,코츠테크놀로지(주),2023,2024,manufacturing,small_and_medium,test,0,0.5173260531970414,depreciation,10,0.0926259383559227,0.0926259383559227,increase_risk,0,448710,small_and_medium,manufacturing,false_positive,0,1,투자적격,투기등급,0.5173260531970414,0.315,0.2023260531970414,cashflow_structure,감가상각비,감가상각비,KOSDAQ|448710|코츠테크놀로지(주)|2023|2024
KOSDAQ,195940,에이치케이이노엔(주),2023,2024,manufacturing,mid_sized,test,0,0.5169704648938986,listed_year,1,0.8476954698562622,0.8476954698562622,increase_risk,2021,195940,mid_sized,manufacturing,false_positive,0,1,투자적격,투기등급,0.5169704648938986,0.315,0.20197046489389864,context,상장연도,상장일에서 추출한 연도,KOSDAQ|195940|에이치케이이노엔(주)|2023|2024
KOSDAQ,195940,에이치케이이노엔(주),2023,2024,manufacturing,mid_sized,test,0,0.5169704648938986,interest_coverage_ratio,2,-0.6800822615623474,0.6800822615623474,decrease_risk,1000000.0,195940,mid_sized,manufacturing,false_positive,0,1,투자적격,투기등급,0.5169704648938986,0.315,0.20197046489389864,profitability_returns,이자보상배율,영업이익 대비 이자비용 배수,KOSDAQ|195940|에이치케이이노엔(주)|2023|2024
KOSDAQ,195940,에이치케이이노엔(주),2023,2024,manufacturing,mid_sized,test,0,0.5169704648938986,gross_profit,3,0.2727054059505462,0.2727054059505462,increase_risk,0,195940,mid_sized,manufacturing,false_positive,0,1,투자적격,투기등급,0.5169704648938986,0.315,0.20197046489389864,profitability_returns,매출총이익,매출총이익(손실),KOSDAQ|195940|에이치케이이노엔(주)|2023|2024
KOSDAQ,195940,에이치케이이노엔(주),2023,2024,manufacturing,mid_sized,test,0,0.5169704648938986,assets_total,4,0.2679194808006286,0.2679194808006286,increase_risk,0,195940,mid_sized,manufacturing,false_positive,0,1,투자적격,투기등급,0.5169704648938986,0.315,0.20197046489389864,stability_leverage,자산총계,총자산,KOSDAQ|195940|에이치케이이노엔(주)|2023|2024
KOSDAQ,195940,에이치케이이노엔(주),2023,2024,manufacturing,mid_sized,test,0,0.5169704648938986,capital_impairment_ratio,5,0.2392612695693969,0.2392612695693969,increase_risk,,195940,mid_sized,manufacturing,false_positive,0,1,투자적격,투기등급,0.5169704648938986,0.315,0.20197046489389864,stability_leverage,자본잠식률,자본금 대비 자본잠식 정도,KOSDAQ|195940|에이치케이이노엔(주)|2023|2024
KOSDAQ,195940,에이치케이이노엔(주),2023,2024,manufacturing,mid_sized,test,0,0.5169704648938986,dividend_payer,6,0.2357530295848846,0.2357530295848846,increase_risk,0,195940,mid_sized,manufacturing,false_positive,0,1,투자적격,투기등급,0.5169704648938986,0.315,0.20197046489389864,market_shareholder,배당금 지급 여부,해당 회계연도에 현금배당을 지급했는지 여부,KOSDAQ|195940|에이치케이이노엔(주)|2023|2024
KOSDAQ,195940,에이치케이이노엔(주),2023,2024,manufacturing,mid_sized,test,0,0.5169704648938986,cashflow_coverage_ratio,7,-0.1685224771499633,0.1685224771499633,decrease_risk,1000000.0,195940,mid_sized,manufacturing,false_positive,0,1,투자적격,투기등급,0.5169704648938986,0.315,0.20197046489389864,cashflow_structure,현금흐름 커버리지,이자비용 대비 영업현금흐름 배수,KOSDAQ|195940|에이치케이이노엔(주)|2023|2024
KOSDAQ,195940,에이치케이이노엔(주),2023,2024,manufacturing,mid_sized,test,0,0.5169704648938986,depreciation,8,0.0926289781928062,0.0926289781928062,increase_risk,0,195940,mid_sized,manufacturing,false_positive,0,1,투자적격,투기등급,0.5169704648938986,0.315,0.20197046489389864,cashflow_structure,감가상각비,감가상각비,KOSDAQ|195940|에이치케이이노엔(주)|2023|2024
KOSDAQ,195940,에이치케이이노엔(주),2023,2024,manufacturing,mid_sized,test,0,0.5169704648938986,equity_ratio,9,-0.0870537310838699,0.0870537310838699,decrease_risk,,195940,mid_sized,manufacturing,false_positive,0,1,투자적격,투기등급,0.5169704648938986,0.315,0.20197046489389864,stability_leverage,자기자본비율,총자산 대비 자기자본 비율,KOSDAQ|195940|에이치케이이노엔(주)|2023|2024
KOSDAQ,195940,에이치케이이노엔(주),2023,2024,manufacturing,mid_sized,test,0,0.5169704648938986,total_borrowings_ratio,10,0.0854933634400367,0.0854933634400367,increase_risk,,195940,mid_sized,manufacturing,false_positive,0,1,투자적격,투기등급,0.5169704648938986,0.315,0.20197046489389864,stability_leverage,총차입금비율,총자산 대비 총차입금 비율,KOSDAQ|195940|에이치케이이노엔(주)|2023|2024
KOSDAQ,370090,(주)퓨런티어,2023,2024,manufacturing,mid_sized,test,0,0.5169704648938986,listed_year,1,0.8476954698562622,0.8476954698562622,increase_risk,2022,370090,mid_sized,manufacturing,false_positive,0,1,투자적격,투기등급,0.5169704648938986,0.315,0.20197046489389864,context,상장연도,상장일에서 추출한 연도,KOSDAQ|370090|(주)퓨런티어|2023|2024
KOSDAQ,370090,(주)퓨런티어,2023,2024,manufacturing,mid_sized,test,0,0.5169704648938986,interest_coverage_ratio,2,-0.6800822615623474,0.6800822615623474,decrease_risk,1000000.0,370090,mid_sized,manufacturing,false_positive,0,1,투자적격,투기등급,0.5169704648938986,0.315,0.20197046489389864,profitability_returns,이자보상배율,영업이익 대비 이자비용 배수,KOSDAQ|370090|(주)퓨런티어|2023|2024
KOSDAQ,370090,(주)퓨런티어,2023,2024,manufacturing,mid_sized,test,0,0.5169704648938986,gross_profit,3,0.2727054059505462,0.2727054059505462,increase_risk,0,370090,mid_sized,manufacturing,false_positive,0,1,투자적격,투기등급,0.5169704648938986,0.315,0.20197046489389864,profitability_returns,매출총이익,매출총이익(손실),KOSDAQ|370090|(주)퓨런티어|2023|2024
KOSDAQ,370090,(주)퓨런티어,2023,2024,manufacturing,mid_sized,test,0,0.5169704648938986,assets_total,4,0.2679194808006286,0.2679194808006286,increase_risk,0,370090,mid_sized,manufacturing,false_positive,0,1,투자적격,투기등급,0.5169704648938986,0.315,0.20197046489389864,stability_leverage,자산총계,총자산,KOSDAQ|370090|(주)퓨런티어|2023|2024
KOSDAQ,370090,(주)퓨런티어,2023,2024,manufacturing,mid_sized,test,0,0.5169704648938986,capital_impairment_ratio,5,0.2392612695693969,0.2392612695693969,increase_risk,,370090,mid_sized,manufacturing,false_positive,0,1,투자적격,투기등급,0.5169704648938986,0.315,0.20197046489389864,stability_leverage,자본잠식률,자본금 대비 자본잠식 정도,KOSDAQ|370090|(주)퓨런티어|2023|2024
KOSDAQ,370090,(주)퓨런티어,2023,2024,manufacturing,mid_sized,test,0,0.5169704648938986,dividend_payer,6,0.2357530295848846,0.2357530295848846,increase_risk,0,370090,mid_sized,manufacturing,false_positive,0,1,투자적격,투기등급,0.5169704648938986,0.315,0.20197046489389864,market_shareholder,배당금 지급 여부,해당 회계연도에 현금배당을 지급했는지 여부,KOSDAQ|370090|(주)퓨런티어|2023|2024
KOSDAQ,370090,(주)퓨런티어,2023,2024,manufacturing,mid_sized,test,0,0.5169704648938986,cashflow_coverage_ratio,7,-0.1685224771499633,0.1685224771499633,decrease_risk,1000000.0,370090,mid_sized,manufacturing,false_positive,0,1,투자적격,투기등급,0.5169704648938986,0.315,0.20197046489389864,cashflow_structure,현금흐름 커버리지,이자비용 대비 영업현금흐름 배수,KOSDAQ|370090|(주)퓨런티어|2023|2024
KOSDAQ,370090,(주)퓨런티어,2023,2024,manufacturing,mid_sized,test,0,0.5169704648938986,depreciation,8,0.0926289781928062,0.0926289781928062,increase_risk,0,370090,mid_sized,manufacturing,false_positive,0,1,투자적격,투기등급,0.5169704648938986,0.315,0.20197046489389864,cashflow_structure,감가상각비,감가상각비,KOSDAQ|370090|(주)퓨런티어|2023|2024
KOSDAQ,370090,(주)퓨런티어,2023,2024,manufacturing,mid_sized,test,0,0.5169704648938986,equity_ratio,9,-0.0870537310838699,0.0870537310838699,decrease_risk,,370090,mid_sized,manufacturing,false_positive,0,1,투자적격,투기등급,0.5169704648938986,0.315,0.20197046489389864,stability_leverage,자기자본비율,총자산 대비 자기자본 비율,KOSDAQ|370090|(주)퓨런티어|2023|2024
KOSDAQ,370090,(주)퓨런티어,2023,2024,manufacturing,mid_sized,test,0,0.5169704648938986,total_borrowings_ratio,10,0.0854933634400367,0.0854933634400367,increase_risk,,370090,mid_sized,manufacturing,false_positive,0,1,투자적격,투기등급,0.5169704648938986,0.315,0.20197046489389864,stability_leverage,총차입금비율,총자산 대비 총차입금 비율,KOSDAQ|370090|(주)퓨런티어|2023|2024
KOSDAQ,413630,씨피시스템(주),2023,2024,manufacturing,mid_sized,test,0,0.5169704648938986,listed_year,1,0.8476954698562622,0.8476954698562622,increase_risk,2022,413630,mid_sized,manufacturing,false_positive,0,1,투자적격,투기등급,0.5169704648938986,0.315,0.20197046489389864,context,상장연도,상장일에서 추출한 연도,KOSDAQ|413630|씨피시스템(주)|2023|2024
KOSDAQ,413630,씨피시스템(주),2023,2024,manufacturing,mid_sized,test,0,0.5169704648938986,interest_coverage_ratio,2,-0.6800822615623474,0.6800822615623474,decrease_risk,1000000.0,413630,mid_sized,manufacturing,false_positive,0,1,투자적격,투기등급,0.5169704648938986,0.315,0.20197046489389864,profitability_returns,이자보상배율,영업이익 대비 이자비용 배수,KOSDAQ|413630|씨피시스템(주)|2023|2024
KOSDAQ,413630,씨피시스템(주),2023,2024,manufacturing,mid_sized,test,0,0.5169704648938986,gross_profit,3,0.2727054059505462,0.2727054059505462,increase_risk,0,413630,mid_sized,manufacturing,false_positive,0,1,투자적격,투기등급,0.5169704648938986,0.315,0.20197046489389864,profitability_returns,매출총이익,매출총이익(손실),KOSDAQ|413630|씨피시스템(주)|2023|2024
KOSDAQ,413630,씨피시스템(주),2023,2024,manufacturing,mid_sized,test,0,0.5169704648938986,assets_total,4,0.2679194808006286,0.2679194808006286,increase_risk,0,413630,mid_sized,manufacturing,false_positive,0,1,투자적격,투기등급,0.5169704648938986,0.315,0.20197046489389864,stability_leverage,자산총계,총자산,KOSDAQ|413630|씨피시스템(주)|2023|2024
KOSDAQ,413630,씨피시스템(주),2023,2024,manufacturing,mid_sized,test,0,0.5169704648938986,capital_impairment_ratio,5,0.2392612695693969,0.2392612695693969,increase_risk,,413630,mid_sized,manufacturing,false_positive,0,1,투자적격,투기등급,0.5169704648938986,0.315,0.20197046489389864,stability_leverage,자본잠식률,자본금 대비 자본잠식 정도,KOSDAQ|413630|씨피시스템(주)|2023|2024
KOSDAQ,413630,씨피시스템(주),2023,2024,manufacturing,mid_sized,test,0,0.5169704648938986,dividend_payer,6,0.2357530295848846,0.2357530295848846,increase_risk,0,413630,mid_sized,manufacturing,false_positive,0,1,투자적격,투기등급,0.5169704648938986,0.315,0.20197046489389864,market_shareholder,배당금 지급 여부,해당 회계연도에 현금배당을 지급했는지 여부,KOSDAQ|413630|씨피시스템(주)|2023|2024
KOSDAQ,413630,씨피시스템(주),2023,2024,manufacturing,mid_sized,test,0,0.5169704648938986,cashflow_coverage_ratio,7,-0.1685224771499633,0.1685224771499633,decrease_risk,1000000.0,413630,mid_sized,manufacturing,false_positive,0,1,투자적격,투기등급,0.5169704648938986,0.315,0.20197046489389864,cashflow_structure,현금흐름 커버리지,이자비용 대비 영업현금흐름 배수,KOSDAQ|413630|씨피시스템(주)|2023|2024
KOSDAQ,413630,씨피시스템(주),2023,2024,manufacturing,mid_sized,test,0,0.5169704648938986,depreciation,8,0.0926289781928062,0.0926289781928062,increase_risk,0,413630,mid_sized,manufacturing,false_positive,0,1,투자적격,투기등급,0.5169704648938986,0.315,0.20197046489389864,cashflow_structure,감가상각비,감가상각비,KOSDAQ|413630|씨피시스템(주)|2023|2024
KOSDAQ,413630,씨피시스템(주),2023,2024,manufacturing,mid_sized,test,0,0.5169704648938986,equity_ratio,9,-0.0870537310838699,0.0870537310838699,decrease_risk,,413630,mid_sized,manufacturing,false_positive,0,1,투자적격,투기등급,0.5169704648938986,0.315,0.20197046489389864,stability_leverage,자기자본비율,총자산 대비 자기자본 비율,KOSDAQ|413630|씨피시스템(주)|2023|2024
KOSDAQ,413630,씨피시스템(주),2023,2024,manufacturing,mid_sized,test,0,0.5169704648938986,total_borrowings_ratio,10,0.0854933634400367,0.0854933634400367,increase_risk,,413630,mid_sized,manufacturing,false_positive,0,1,투자적격,투기등급,0.5169704648938986,0.315,0.20197046489389864,stability_leverage,총차입금비율,총자산 대비 총차입금 비율,KOSDAQ|413630|씨피시스템(주)|2023|2024
KOSDAQ,318160,(주)셀바이오휴먼텍,2023,2024,manufacturing,small_and_medium,test,0,0.5003822994966263,equity_ratio,1,-0.4686081707477569,0.4686081707477569,decrease_risk,0.837701,318160,small_and_medium,manufacturing,false_positive,0,1,투자적격,투기등급,0.5003822994966263,0.315,0.18538229949662627,stability_leverage,자기자본비율,총자산 대비 자기자본 비율,KOSDAQ|318160|(주)셀바이오휴먼텍|2023|2024
KOSDAQ,318160,(주)셀바이오휴먼텍,2023,2024,manufacturing,small_and_medium,test,0,0.5003822994966263,net_margin,2,0.4124291539192199,0.4124291539192199,increase_risk,-0.067965,318160,small_and_medium,manufacturing,false_positive,0,1,투자적격,투기등급,0.5003822994966263,0.315,0.18538229949662627,profitability_returns,순이익률,매출액 대비 당기순이익 비율,KOSDAQ|318160|(주)셀바이오휴먼텍|2023|2024
KOSDAQ,318160,(주)셀바이오휴먼텍,2023,2024,manufacturing,small_and_medium,test,0,0.5003822994966263,gross_profit,3,0.387775182723999,0.387775182723999,increase_risk,7728577,318160,small_and_medium,manufacturing,false_positive,0,1,투자적격,투기등급,0.5003822994966263,0.315,0.18538229949662627,profitability_returns,매출총이익,매출총이익(손실),KOSDAQ|318160|(주)셀바이오휴먼텍|2023|2024
KOSDAQ,318160,(주)셀바이오휴먼텍,2023,2024,manufacturing,small_and_medium,test,0,0.5003822994966263,ocf_to_sales,4,-0.3144897222518921,0.3144897222518921,decrease_risk,0.064385,318160,small_and_medium,manufacturing,false_positive,0,1,투자적격,투기등급,0.5003822994966263,0.315,0.18538229949662627,cashflow_structure,OCF/매출액,매출액 대비 영업현금흐름 비율,KOSDAQ|318160|(주)셀바이오휴먼텍|2023|2024
KOSDAQ,318160,(주)셀바이오휴먼텍,2023,2024,manufacturing,small_and_medium,test,0,0.5003822994966263,assets_total,5,0.3138344287872314,0.3138344287872314,increase_risk,53196406,318160,small_and_medium,manufacturing,false_positive,0,1,투자적격,투기등급,0.5003822994966263,0.315,0.18538229949662627,stability_leverage,자산총계,총자산,KOSDAQ|318160|(주)셀바이오휴먼텍|2023|2024
KOSDAQ,318160,(주)셀바이오휴먼텍,2023,2024,manufacturing,small_and_medium,test,0,0.5003822994966263,total_debt_turnover,6,-0.2924675643444061,0.2924675643444061,decrease_risk,3.164832,318160,small_and_medium,manufacturing,false_positive,0,1,투자적격,투기등급,0.5003822994966263,0.315,0.18538229949662627,cashflow_structure,총부채회전율,총부채 대비 매출액 비율,KOSDAQ|318160|(주)셀바이오휴먼텍|2023|2024
KOSDAQ,318160,(주)셀바이오휴먼텍,2023,2024,manufacturing,small_and_medium,test,0,0.5003822994966263,cashflow_coverage_ratio,7,0.2649276852607727,0.2649276852607727,increase_risk,3.597461,318160,small_and_medium,manufacturing,false_positive,0,1,투자적격,투기등급,0.5003822994966263,0.315,0.18538229949662627,cashflow_structure,현금흐름 커버리지,이자비용 대비 영업현금흐름 배수,KOSDAQ|318160|(주)셀바이오휴먼텍|2023|2024
KOSDAQ,318160,(주)셀바이오휴먼텍,2023,2024,manufacturing,small_and_medium,test,0,0.5003822994966263,depreciation,8,0.2590008378028869,0.2590008378028869,increase_risk,1754466,318160,small_and_medium,manufacturing,false_positive,0,1,투자적격,투기등급,0.5003822994966263,0.315,0.18538229949662627,cashflow_structure,감가상각비,감가상각비,KOSDAQ|318160|(주)셀바이오휴먼텍|2023|2024
KOSDAQ,318160,(주)셀바이오휴먼텍,2023,2024,manufacturing,small_and_medium,test,0,0.5003822994966263,capital_impairment_ratio,9,-0.2529876828193664,0.2529876828193664,decrease_risk,-7.777129,318160,small_and_medium,manufacturing,false_positive,0,1,투자적격,투기등급,0.5003822994966263,0.315,0.18538229949662627,stability_leverage,자본잠식률,자본금 대비 자본잠식 정도,KOSDAQ|318160|(주)셀바이오휴먼텍|2023|2024
KOSDAQ,318160,(주)셀바이오휴먼텍,2023,2024,manufacturing,small_and_medium,test,0,0.5003822994966263,dividend_payer,10,0.2494779974222183,0.2494779974222183,increase_risk,0,318160,small_and_medium,manufacturing,false_positive,0,1,투자적격,투기등급,0.5003822994966263,0.315,0.18538229949662627,market_shareholder,배당금 지급 여부,해당 회계연도에 현금배당을 지급했는지 여부,KOSDAQ|318160|(주)셀바이오휴먼텍|2023|2024
KOSPI,6390,한일현대시멘트(주),2023,2024,manufacturing,mid_sized,test,0,0.4960885042956807,listed_year,1,1.007073998451233,1.007073998451233,increase_risk,1975,006390,mid_sized,manufacturing,false_positive,0,1,투자적격,투기등급,0.4960885042956807,0.315,0.18108850429568069,context,상장연도,상장일에서 추출한 연도,KOSPI|006390|한일현대시멘트(주)|2023|2024
KOSPI,6390,한일현대시멘트(주),2023,2024,manufacturing,mid_sized,test,0,0.4960885042956807,interest_coverage_ratio,2,-0.7096194624900818,0.7096194624900818,decrease_risk,1000000.0,006390,mid_sized,manufacturing,false_positive,0,1,투자적격,투기등급,0.4960885042956807,0.315,0.18108850429568069,profitability_returns,이자보상배율,영업이익 대비 이자비용 배수,KOSPI|006390|한일현대시멘트(주)|2023|2024
KOSPI,6390,한일현대시멘트(주),2023,2024,manufacturing,mid_sized,test,0,0.4960885042956807,assets_total,3,0.2792611420154571,0.2792611420154571,increase_risk,0,006390,mid_sized,manufacturing,false_positive,0,1,투자적격,투기등급,0.4960885042956807,0.315,0.18108850429568069,stability_leverage,자산총계,총자산,KOSPI|006390|한일현대시멘트(주)|2023|2024
KOSPI,6390,한일현대시멘트(주),2023,2024,manufacturing,mid_sized,test,0,0.4960885042956807,gross_profit,4,0.2715625762939453,0.2715625762939453,increase_risk,0,006390,mid_sized,manufacturing,false_positive,0,1,투자적격,투기등급,0.4960885042956807,0.315,0.18108850429568069,profitability_returns,매출총이익,매출총이익(손실),KOSPI|006390|한일현대시멘트(주)|2023|2024
KOSPI,6390,한일현대시멘트(주),2023,2024,manufacturing,mid_sized,test,0,0.4960885042956807,capital_impairment_ratio,5,0.271029382944107,0.271029382944107,increase_risk,,006390,mid_sized,manufacturing,false_positive,0,1,투자적격,투기등급,0.4960885042956807,0.315,0.18108850429568069,stability_leverage,자본잠식률,자본금 대비 자본잠식 정도,KOSPI|006390|한일현대시멘트(주)|2023|2024
KOSPI,6390,한일현대시멘트(주),2023,2024,manufacturing,mid_sized,test,0,0.4960885042956807,dividend_payer,6,0.2540272772312164,0.2540272772312164,increase_risk,0,006390,mid_sized,manufacturing,false_positive,0,1,투자적격,투기등급,0.4960885042956807,0.315,0.18108850429568069,market_shareholder,배당금 지급 여부,해당 회계연도에 현금배당을 지급했는지 여부,KOSPI|006390|한일현대시멘트(주)|2023|2024
KOSPI,6390,한일현대시멘트(주),2023,2024,manufacturing,mid_sized,test,0,0.4960885042956807,cashflow_coverage_ratio,7,-0.1968364715576172,0.1968364715576172,decrease_risk,1000000.0,006390,mid_sized,manufacturing,false_positive,0,1,투자적격,투기등급,0.4960885042956807,0.315,0.18108850429568069,cashflow_structure,현금흐름 커버리지,이자비용 대비 영업현금흐름 배수,KOSPI|006390|한일현대시멘트(주)|2023|2024
KOSPI,6390,한일현대시멘트(주),2023,2024,manufacturing,mid_sized,test,0,0.4960885042956807,firm_size_group,8,-0.1895443201065063,0.1895443201065063,decrease_risk,mid_sized,006390,mid_sized,manufacturing,false_positive,0,1,투자적격,투기등급,0.4960885042956807,0.315,0.18108850429568069,context,기업규모 그룹,모델링용 기업규모 그룹,KOSPI|006390|한일현대시멘트(주)|2023|2024
KOSPI,6390,한일현대시멘트(주),2023,2024,manufacturing,mid_sized,test,0,0.4960885042956807,market,9,-0.1405393928289413,0.1405393928289413,decrease_risk,,006390,mid_sized,manufacturing,false_positive,0,1,투자적격,투기등급,0.4960885042956807,0.315,0.18108850429568069,context,시장구분,상장시장 구분,KOSPI|006390|한일현대시멘트(주)|2023|2024
KOSPI,6390,한일현대시멘트(주),2023,2024,manufacturing,mid_sized,test,0,0.4960885042956807,depreciation,10,0.1056695580482482,0.1056695580482482,increase_risk,0,006390,mid_sized,manufacturing,false_positive,0,1,투자적격,투기등급,0.4960885042956807,0.315,0.18108850429568069,cashflow_structure,감가상각비,감가상각비,KOSPI|006390|한일현대시멘트(주)|2023|2024
KOSDAQ,65370,(주)위세아이텍,2023,2024,it_services,small_and_medium,test,0,0.4945913455800306,industry_macro_category,1,-0.629684329032898,0.629684329032898,decrease_risk,it_services,065370,small_and_medium,it_services,false_positive,0,1,투자적격,투기등급,0.4945913455800306,0.315,0.1795913455800306,context,산업 대분류,모델링용 산업 대분류,KOSDAQ|065370|(주)위세아이텍|2023|2024
KOSDAQ,65370,(주)위세아이텍,2023,2024,it_services,small_and_medium,test,0,0.4945913455800306,net_margin,2,0.5392910242080688,0.5392910242080688,increase_risk,-0.11923,065370,small_and_medium,it_services,false_positive,0,1,투자적격,투기등급,0.4945913455800306,0.315,0.1795913455800306,profitability_returns,순이익률,매출액 대비 당기순이익 비율,KOSDAQ|065370|(주)위세아이텍|2023|2024
KOSDAQ,65370,(주)위세아이텍,2023,2024,it_services,small_and_medium,test,0,0.4945913455800306,interest_coverage_ratio,3,0.4421658217906952,0.4421658217906952,increase_risk,-5.339553,065370,small_and_medium,it_services,false_positive,0,1,투자적격,투기등급,0.4945913455800306,0.315,0.1795913455800306,profitability_returns,이자보상배율,영업이익 대비 이자비용 배수,KOSDAQ|065370|(주)위세아이텍|2023|2024
KOSDAQ,65370,(주)위세아이텍,2023,2024,it_services,small_and_medium,test,0,0.4945913455800306,intangible_assets_ratio,4,-0.4207821488380432,0.4207821488380432,decrease_risk,0.067066,065370,small_and_medium,it_services,false_positive,0,1,투자적격,투기등급,0.4945913455800306,0.315,0.1795913455800306,cashflow_structure,무형자산 비중,총자산 대비 무형자산 비율,KOSDAQ|065370|(주)위세아이텍|2023|2024
KOSDAQ,65370,(주)위세아이텍,2023,2024,it_services,small_and_medium,test,0,0.4945913455800306,dividend_payer,5,-0.4008896350860595,0.4008896350860595,decrease_risk,1,065370,small_and_medium,it_services,false_positive,0,1,투자적격,투기등급,0.4945913455800306,0.315,0.1795913455800306,market_shareholder,배당금 지급 여부,해당 회계연도에 현금배당을 지급했는지 여부,KOSDAQ|065370|(주)위세아이텍|2023|2024
KOSDAQ,65370,(주)위세아이텍,2023,2024,it_services,small_and_medium,test,0,0.4945913455800306,gross_profit,6,0.3596250712871551,0.3596250712871551,increase_risk,4211057,065370,small_and_medium,it_services,false_positive,0,1,투자적격,투기등급,0.4945913455800306,0.315,0.1795913455800306,profitability_returns,매출총이익,매출총이익(손실),KOSDAQ|065370|(주)위세아이텍|2023|2024
KOSDAQ,65370,(주)위세아이텍,2023,2024,it_services,small_and_medium,test,0,0.4945913455800306,assets_total,7,0.3260257840156555,0.3260257840156555,increase_risk,50468696,065370,small_and_medium,it_services,false_positive,0,1,투자적격,투기등급,0.4945913455800306,0.315,0.1795913455800306,stability_leverage,자산총계,총자산,KOSDAQ|065370|(주)위세아이텍|2023|2024
KOSDAQ,65370,(주)위세아이텍,2023,2024,it_services,small_and_medium,test,0,0.4945913455800306,listed_year,8,0.2847537696361542,0.2847537696361542,increase_risk,2020,065370,small_and_medium,it_services,false_positive,0,1,투자적격,투기등급,0.4945913455800306,0.315,0.1795913455800306,context,상장연도,상장일에서 추출한 연도,KOSDAQ|065370|(주)위세아이텍|2023|2024
KOSDAQ,65370,(주)위세아이텍,2023,2024,it_services,small_and_medium,test,0,0.4945913455800306,capital_impairment_ratio,9,-0.2553161680698395,0.2553161680698395,decrease_risk,-7.838335,065370,small_and_medium,it_services,false_positive,0,1,투자적격,투기등급,0.4945913455800306,0.315,0.1795913455800306,stability_leverage,자본잠식률,자본금 대비 자본잠식 정도,KOSDAQ|065370|(주)위세아이텍|2023|2024
KOSDAQ,65370,(주)위세아이텍,2023,2024,it_services,small_and_medium,test,0,0.4945913455800306,firm_size_group,10,0.2356182336807251,0.2356182336807251,increase_risk,small_and_medium,065370,small_and_medium,it_services,false_positive,0,1,투자적격,투기등급,0.4945913455800306,0.315,0.1795913455800306,context,기업규모 그룹,모델링용 기업규모 그룹,KOSDAQ|065370|(주)위세아이텍|2023|2024
KOSDAQ,54540,삼영엠텍(주),2023,2024,manufacturing,small_and_medium,test,0,0.4912679089891913,gross_profit,1,0.8502101898193359,0.8502101898193359,increase_risk,15842891,054540,small_and_medium,manufacturing,false_positive,0,1,투자적격,투기등급,0.4912679089891913,0.315,0.1762679089891913,profitability_returns,매출총이익,매출총이익(손실),KOSDAQ|054540|삼영엠텍(주)|2023|2024
KOSDAQ,54540,삼영엠텍(주),2023,2024,manufacturing,small_and_medium,test,0,0.4912679089891913,net_margin,2,-0.4851745963096618,0.4851745963096618,decrease_risk,0.064874,054540,small_and_medium,manufacturing,false_positive,0,1,투자적격,투기등급,0.4912679089891913,0.315,0.1762679089891913,profitability_returns,순이익률,매출액 대비 당기순이익 비율,KOSDAQ|054540|삼영엠텍(주)|2023|2024
KOSDAQ,54540,삼영엠텍(주),2023,2024,manufacturing,small_and_medium,test,0,0.4912679089891913,net_margin_diff,3,0.4588730037212372,0.4588730037212372,increase_risk,0.161074,054540,small_and_medium,manufacturing,false_positive,0,1,투자적격,투기등급,0.4912679089891913,0.315,0.1762679089891913,trend_early_warning,순이익률 변화,전년 대비 순이익률 변화폭,KOSDAQ|054540|삼영엠텍(주)|2023|2024
KOSDAQ,54540,삼영엠텍(주),2023,2024,manufacturing,small_and_medium,test,0,0.4912679089891913,firm_size_group,4,0.3912825584411621,0.3912825584411621,increase_risk,small_and_medium,054540,small_and_medium,manufacturing,false_positive,0,1,투자적격,투기등급,0.4912679089891913,0.315,0.1762679089891913,context,기업규모 그룹,모델링용 기업규모 그룹,KOSDAQ|054540|삼영엠텍(주)|2023|2024
KOSDAQ,54540,삼영엠텍(주),2023,2024,manufacturing,small_and_medium,test,0,0.4912679089891913,dividend_payer,5,-0.2821729183197021,0.2821729183197021,decrease_risk,1,054540,small_and_medium,manufacturing,false_positive,0,1,투자적격,투기등급,0.4912679089891913,0.315,0.1762679089891913,market_shareholder,배당금 지급 여부,해당 회계연도에 현금배당을 지급했는지 여부,KOSDAQ|054540|삼영엠텍(주)|2023|2024
KOSDAQ,54540,삼영엠텍(주),2023,2024,manufacturing,small_and_medium,test,0,0.4912679089891913,depreciation,6,0.2639212906360626,0.2639212906360626,increase_risk,1329976,054540,small_and_medium,manufacturing,false_positive,0,1,투자적격,투기등급,0.4912679089891913,0.315,0.1762679089891913,cashflow_structure,감가상각비,감가상각비,KOSDAQ|054540|삼영엠텍(주)|2023|2024
KOSDAQ,54540,삼영엠텍(주),2023,2024,manufacturing,small_and_medium,test,0,0.4912679089891913,operating_roa,7,-0.2496242523193359,0.2496242523193359,decrease_risk,0.053715,054540,small_and_medium,manufacturing,false_positive,0,1,투자적격,투기등급,0.4912679089891913,0.315,0.1762679089891913,profitability_returns,총자산영업이익률,총자산 대비 영업이익 비율,KOSDAQ|054540|삼영엠텍(주)|2023|2024
KOSDAQ,54540,삼영엠텍(주),2023,2024,manufacturing,small_and_medium,test,0,0.4912679089891913,assets_total,8,0.2186981588602066,0.2186981588602066,increase_risk,111581334,054540,small_and_medium,manufacturing,false_positive,0,1,투자적격,투기등급,0.4912679089891913,0.315,0.1762679089891913,stability_leverage,자산총계,총자산,KOSDAQ|054540|삼영엠텍(주)|2023|2024
KOSDAQ,54540,삼영엠텍(주),2023,2024,manufacturing,small_and_medium,test,0,0.4912679089891913,interest_coverage_ratio,9,0.1908151805400848,0.1908151805400848,increase_risk,4.582865,054540,small_and_medium,manufacturing,false_positive,0,1,투자적격,투기등급,0.4912679089891913,0.315,0.1762679089891913,profitability_returns,이자보상배율,영업이익 대비 이자비용 배수,KOSDAQ|054540|삼영엠텍(주)|2023|2024
KOSDAQ,54540,삼영엠텍(주),2023,2024,manufacturing,small_and_medium,test,0,0.4912679089891913,equity_ratio,10,-0.1788721680641174,0.1788721680641174,decrease_risk,0.612685,054540,small_and_medium,manufacturing,false_positive,0,1,투자적격,투기등급,0.4912679089891913,0.315,0.1762679089891913,stability_leverage,자기자본비율,총자산 대비 자기자본 비율,KOSDAQ|054540|삼영엠텍(주)|2023|2024
KOSPI,378850,(주)화승알앤에이,2023,2024,manufacturing,mid_sized,test,0,0.4878414573619524,equity_ratio,1,0.6195131540298462,0.6195131540298462,increase_risk,0.2612,378850,mid_sized,manufacturing,false_positive,0,1,투자적격,투기등급,0.4878414573619524,0.315,0.1728414573619524,stability_leverage,자기자본비율,총자산 대비 자기자본 비율,KOSPI|378850|(주)화승알앤에이|2023|2024
KOSPI,378850,(주)화승알앤에이,2023,2024,manufacturing,mid_sized,test,0,0.4878414573619524,listed_year,2,0.4755927324295044,0.4755927324295044,increase_risk,2021,378850,mid_sized,manufacturing,false_positive,0,1,투자적격,투기등급,0.4878414573619524,0.315,0.1728414573619524,context,상장연도,상장일에서 추출한 연도,KOSPI|378850|(주)화승알앤에이|2023|2024
KOSPI,378850,(주)화승알앤에이,2023,2024,manufacturing,mid_sized,test,0,0.4878414573619524,gross_profit,3,-0.3927140533924103,0.3927140533924103,decrease_risk,124826253,378850,mid_sized,manufacturing,false_positive,0,1,투자적격,투기등급,0.4878414573619524,0.315,0.1728414573619524,profitability_returns,매출총이익,매출총이익(손실),KOSPI|378850|(주)화승알앤에이|2023|2024
KOSPI,378850,(주)화승알앤에이,2023,2024,manufacturing,mid_sized,test,0,0.4878414573619524,interest_coverage_ratio,4,0.3374976515769958,0.3374976515769958,increase_risk,2.869618,378850,mid_sized,manufacturing,false_positive,0,1,투자적격,투기등급,0.4878414573619524,0.315,0.1728414573619524,profitability_returns,이자보상배율,영업이익 대비 이자비용 배수,KOSPI|378850|(주)화승알앤에이|2023|2024
KOSPI,378850,(주)화승알앤에이,2023,2024,manufacturing,mid_sized,test,0,0.4878414573619524,dividend_payer,5,-0.3102097511291504,0.3102097511291504,decrease_risk,1,378850,mid_sized,manufacturing,false_positive,0,1,투자적격,투기등급,0.4878414573619524,0.315,0.1728414573619524,market_shareholder,배당금 지급 여부,해당 회계연도에 현금배당을 지급했는지 여부,KOSPI|378850|(주)화승알앤에이|2023|2024
KOSPI,378850,(주)화승알앤에이,2023,2024,manufacturing,mid_sized,test,0,0.4878414573619524,pretax_roe,6,0.2373483031988144,0.2373483031988144,increase_risk,0.281398,378850,mid_sized,manufacturing,false_positive,0,1,투자적격,투기등급,0.4878414573619524,0.315,0.1728414573619524,profitability_returns,세전계속사업이익 기준 ROE,자기자본 대비 세전이익 비율,KOSPI|378850|(주)화승알앤에이|2023|2024
KOSPI,378850,(주)화승알앤에이,2023,2024,manufacturing,mid_sized,test,0,0.4878414573619524,market,7,-0.2367454171180725,0.2367454171180725,decrease_risk,,378850,mid_sized,manufacturing,false_positive,0,1,투자적격,투기등급,0.4878414573619524,0.315,0.1728414573619524,context,시장구분,상장시장 구분,KOSPI|378850|(주)화승알앤에이|2023|2024
KOSPI,378850,(주)화승알앤에이,2023,2024,manufacturing,mid_sized,test,0,0.4878414573619524,assets_total,8,-0.2184877693653106,0.2184877693653106,decrease_risk,430773740,378850,mid_sized,manufacturing,false_positive,0,1,투자적격,투기등급,0.4878414573619524,0.315,0.1728414573619524,stability_leverage,자산총계,총자산,KOSPI|378850|(주)화승알앤에이|2023|2024
KOSPI,378850,(주)화승알앤에이,2023,2024,manufacturing,mid_sized,test,0,0.4878414573619524,short_term_borrowings_share,9,0.1948765814304351,0.1948765814304351,increase_risk,0.755062,378850,mid_sized,manufacturing,false_positive,0,1,투자적격,투기등급,0.4878414573619524,0.315,0.1728414573619524,trend_early_warning,단기차입금 비중,총차입금 중 단기차입금 비중,KOSPI|378850|(주)화승알앤에이|2023|2024
KOSPI,378850,(주)화승알앤에이,2023,2024,manufacturing,mid_sized,test,0,0.4878414573619524,industry_macro_category,10,0.1828567683696746,0.1828567683696746,increase_risk,manufacturing,378850,mid_sized,manufacturing,false_positive,0,1,투자적격,투기등급,0.4878414573619524,0.315,0.1728414573619524,context,산업 대분류,모델링용 산업 대분류,KOSPI|378850|(주)화승알앤에이|2023|2024
KOSDAQ,131090,(주)시큐브,2023,2024,it_services,small_and_medium,test,0,0.4808645838322964,total_assets_growth,1,0.7572428584098816,0.7572428584098816,increase_risk,-1.0,131090,small_and_medium,it_services,false_positive,0,1,투자적격,투기등급,0.4808645838322964,0.315,0.1658645838322964,trend_early_warning,총자산증가율,전년 대비 총자산 증가율,KOSDAQ|131090|(주)시큐브|2023|2024
KOSDAQ,131090,(주)시큐브,2023,2024,it_services,small_and_medium,test,0,0.4808645838322964,interest_coverage_ratio,2,-0.5931757688522339,0.5931757688522339,decrease_risk,1000000.0,131090,small_and_medium,it_services,false_positive,0,1,투자적격,투기등급,0.4808645838322964,0.315,0.1658645838322964,profitability_returns,이자보상배율,영업이익 대비 이자비용 배수,KOSDAQ|131090|(주)시큐브|2023|2024
KOSDAQ,131090,(주)시큐브,2023,2024,it_services,small_and_medium,test,0,0.4808645838322964,listed_year,3,-0.485757440328598,0.485757440328598,decrease_risk,2011,131090,small_and_medium,it_services,false_positive,0,1,투자적격,투기등급,0.4808645838322964,0.315,0.1658645838322964,context,상장연도,상장일에서 추출한 연도,KOSDAQ|131090|(주)시큐브|2023|2024
KOSDAQ,131090,(주)시큐브,2023,2024,it_services,small_and_medium,test,0,0.4808645838322964,firm_size_group,4,0.3959112763404846,0.3959112763404846,increase_risk,small_and_medium,131090,small_and_medium,it_services,false_positive,0,1,투자적격,투기등급,0.4808645838322964,0.315,0.1658645838322964,context,기업규모 그룹,모델링용 기업규모 그룹,KOSDAQ|131090|(주)시큐브|2023|2024
KOSDAQ,131090,(주)시큐브,2023,2024,it_services,small_and_medium,test,0,0.4808645838322964,assets_total,5,0.2983623743057251,0.2983623743057251,increase_risk,0,131090,small_and_medium,it_services,false_positive,0,1,투자적격,투기등급,0.4808645838322964,0.315,0.1658645838322964,stability_leverage,자산총계,총자산,KOSDAQ|131090|(주)시큐브|2023|2024
KOSDAQ,131090,(주)시큐브,2023,2024,it_services,small_and_medium,test,0,0.4808645838322964,capital_impairment_ratio,6,0.2834500670433044,0.2834500670433044,increase_risk,,131090,small_and_medium,it_services,false_positive,0,1,투자적격,투기등급,0.4808645838322964,0.315,0.1658645838322964,stability_leverage,자본잠식률,자본금 대비 자본잠식 정도,KOSDAQ|131090|(주)시큐브|2023|2024
KOSDAQ,131090,(주)시큐브,2023,2024,it_services,small_and_medium,test,0,0.4808645838322964,industry_macro_category,7,-0.2799159586429596,0.2799159586429596,decrease_risk,it_services,131090,small_and_medium,it_services,false_positive,0,1,투자적격,투기등급,0.4808645838322964,0.315,0.1658645838322964,context,산업 대분류,모델링용 산업 대분류,KOSDAQ|131090|(주)시큐브|2023|2024
KOSDAQ,131090,(주)시큐브,2023,2024,it_services,small_and_medium,test,0,0.4808645838322964,gross_profit,8,0.2554060816764831,0.2554060816764831,increase_risk,0,131090,small_and_medium,it_services,false_positive,0,1,투자적격,투기등급,0.4808645838322964,0.315,0.1658645838322964,profitability_returns,매출총이익,매출총이익(손실),KOSDAQ|131090|(주)시큐브|2023|2024
KOSDAQ,131090,(주)시큐브,2023,2024,it_services,small_and_medium,test,0,0.4808645838322964,dividend_payer,9,0.2532180249691009,0.2532180249691009,increase_risk,0,131090,small_and_medium,it_services,false_positive,0,1,투자적격,투기등급,0.4808645838322964,0.315,0.1658645838322964,market_shareholder,배당금 지급 여부,해당 회계연도에 현금배당을 지급했는지 여부,KOSDAQ|131090|(주)시큐브|2023|2024
KOSDAQ,131090,(주)시큐브,2023,2024,it_services,small_and_medium,test,0,0.4808645838322964,cashflow_coverage_ratio,10,-0.1546906530857086,0.1546906530857086,decrease_risk,1000000.0,131090,small_and_medium,it_services,false_positive,0,1,투자적격,투기등급,0.4808645838322964,0.315,0.1658645838322964,cashflow_structure,현금흐름 커버리지,이자비용 대비 영업현금흐름 배수,KOSDAQ|131090|(주)시큐브|2023|2024
KOSDAQ,109740,(주)디에스케이,2023,2024,manufacturing,small_and_medium,test,0,0.46834606652304,net_margin_diff,1,1.029746174812317,1.029746174812317,increase_risk,0.249436,109740,small_and_medium,manufacturing,false_positive,0,1,투자적격,투기등급,0.46834606652304,0.315,0.15334606652304,trend_early_warning,순이익률 변화,전년 대비 순이익률 변화폭,KOSDAQ|109740|(주)디에스케이|2023|2024
KOSDAQ,109740,(주)디에스케이,2023,2024,manufacturing,small_and_medium,test,0,0.46834606652304,interest_coverage_ratio,2,0.4905837774276733,0.4905837774276733,increase_risk,-9.08466,109740,small_and_medium,manufacturing,false_positive,0,1,투자적격,투기등급,0.46834606652304,0.315,0.15334606652304,profitability_returns,이자보상배율,영업이익 대비 이자비용 배수,KOSDAQ|109740|(주)디에스케이|2023|2024
KOSDAQ,109740,(주)디에스케이,2023,2024,manufacturing,small_and_medium,test,0,0.46834606652304,net_margin,3,-0.4684398174285888,0.4684398174285888,decrease_risk,0.050011,109740,small_and_medium,manufacturing,false_positive,0,1,투자적격,투기등급,0.46834606652304,0.315,0.15334606652304,profitability_returns,순이익률,매출액 대비 당기순이익 비율,KOSDAQ|109740|(주)디에스케이|2023|2024
KOSDAQ,109740,(주)디에스케이,2023,2024,manufacturing,small_and_medium,test,0,0.46834606652304,gross_profit,4,0.4187474250793457,0.4187474250793457,increase_risk,3532845,109740,small_and_medium,manufacturing,false_positive,0,1,투자적격,투기등급,0.46834606652304,0.315,0.15334606652304,profitability_returns,매출총이익,매출총이익(손실),KOSDAQ|109740|(주)디에스케이|2023|2024
KOSDAQ,109740,(주)디에스케이,2023,2024,manufacturing,small_and_medium,test,0,0.46834606652304,total_debt_turnover,5,-0.3894622027873993,0.3894622027873993,decrease_risk,3.350521,109740,small_and_medium,manufacturing,false_positive,0,1,투자적격,투기등급,0.46834606652304,0.315,0.15334606652304,cashflow_structure,총부채회전율,총부채 대비 매출액 비율,KOSDAQ|109740|(주)디에스케이|2023|2024
KOSDAQ,109740,(주)디에스케이,2023,2024,manufacturing,small_and_medium,test,0,0.46834606652304,equity_ratio,6,-0.3523733913898468,0.3523733913898468,decrease_risk,0.875109,109740,small_and_medium,manufacturing,false_positive,0,1,투자적격,투기등급,0.46834606652304,0.315,0.15334606652304,stability_leverage,자기자본비율,총자산 대비 자기자본 비율,KOSDAQ|109740|(주)디에스케이|2023|2024
KOSDAQ,109740,(주)디에스케이,2023,2024,manufacturing,small_and_medium,test,0,0.46834606652304,firm_size_group,7,0.2970245480537414,0.2970245480537414,increase_risk,small_and_medium,109740,small_and_medium,manufacturing,false_positive,0,1,투자적격,투기등급,0.46834606652304,0.315,0.15334606652304,context,기업규모 그룹,모델링용 기업규모 그룹,KOSDAQ|109740|(주)디에스케이|2023|2024
KOSDAQ,109740,(주)디에스케이,2023,2024,manufacturing,small_and_medium,test,0,0.46834606652304,dividend_payer,8,0.2548124194145202,0.2548124194145202,increase_risk,0,109740,small_and_medium,manufacturing,false_positive,0,1,투자적격,투기등급,0.46834606652304,0.315,0.15334606652304,market_shareholder,배당금 지급 여부,해당 회계연도에 현금배당을 지급했는지 여부,KOSDAQ|109740|(주)디에스케이|2023|2024
KOSDAQ,109740,(주)디에스케이,2023,2024,manufacturing,small_and_medium,test,0,0.46834606652304,depreciation,9,0.2200213819742202,0.2200213819742202,increase_risk,3730659,109740,small_and_medium,manufacturing,false_positive,0,1,투자적격,투기등급,0.46834606652304,0.315,0.15334606652304,cashflow_structure,감가상각비,감가상각비,KOSDAQ|109740|(주)디에스케이|2023|2024
KOSDAQ,109740,(주)디에스케이,2023,2024,manufacturing,small_and_medium,test,0,0.46834606652304,capital_impairment_ratio,10,-0.2100830227136612,0.2100830227136612,decrease_risk,-10.066055,109740,small_and_medium,manufacturing,false_positive,0,1,투자적격,투기등급,0.46834606652304,0.315,0.15334606652304,stability_leverage,자본잠식률,자본금 대비 자본잠식 정도,KOSDAQ|109740|(주)디에스케이|2023|2024
KOSPI,25750,(주)한솔홈데코,2024,2025,manufacturing,mid_sized,test,0,0.4649353993925872,capital_impairment_ratio,1,0.4743813872337341,0.4743813872337341,increase_risk,-0.478581,025750,mid_sized,manufacturing,false_positive,0,1,투자적격,투기등급,0.4649353993925872,0.315,0.1499353993925872,stability_leverage,자본잠식률,자본금 대비 자본잠식 정도,KOSPI|025750|(주)한솔홈데코|2024|2025
KOSPI,25750,(주)한솔홈데코,2024,2025,manufacturing,mid_sized,test,0,0.4649353993925872,net_margin,2,0.3801535367965698,0.3801535367965698,increase_risk,-0.051719,025750,mid_sized,manufacturing,false_positive,0,1,투자적격,투기등급,0.4649353993925872,0.315,0.1499353993925872,profitability_returns,순이익률,매출액 대비 당기순이익 비율,KOSPI|025750|(주)한솔홈데코|2024|2025
KOSPI,25750,(주)한솔홈데코,2024,2025,manufacturing,mid_sized,test,0,0.4649353993925872,gross_profit,3,-0.3601424396038055,0.3601424396038055,decrease_risk,55116104,025750,mid_sized,manufacturing,false_positive,0,1,투자적격,투기등급,0.4649353993925872,0.315,0.1499353993925872,profitability_returns,매출총이익,매출총이익(손실),KOSPI|025750|(주)한솔홈데코|2024|2025
KOSPI,25750,(주)한솔홈데코,2024,2025,manufacturing,mid_sized,test,0,0.4649353993925872,interest_coverage_ratio,4,0.3427947461605072,0.3427947461605072,increase_risk,2.09756,025750,mid_sized,manufacturing,false_positive,0,1,투자적격,투기등급,0.4649353993925872,0.315,0.1499353993925872,profitability_returns,이자보상배율,영업이익 대비 이자비용 배수,KOSPI|025750|(주)한솔홈데코|2024|2025
KOSPI,25750,(주)한솔홈데코,2024,2025,manufacturing,mid_sized,test,0,0.4649353993925872,dividend_payer,5,0.2655931413173675,0.2655931413173675,increase_risk,0,025750,mid_sized,manufacturing,false_positive,0,1,투자적격,투기등급,0.4649353993925872,0.315,0.1499353993925872,market_shareholder,배당금 지급 여부,해당 회계연도에 현금배당을 지급했는지 여부,KOSPI|025750|(주)한솔홈데코|2024|2025
KOSPI,25750,(주)한솔홈데코,2024,2025,manufacturing,mid_sized,test,0,0.4649353993925872,depreciation,6,0.2429675310850143,0.2429675310850143,increase_risk,8971366,025750,mid_sized,manufacturing,false_positive,0,1,투자적격,투기등급,0.4649353993925872,0.315,0.1499353993925872,cashflow_structure,감가상각비,감가상각비,KOSPI|025750|(주)한솔홈데코|2024|2025
KOSPI,25750,(주)한솔홈데코,2024,2025,manufacturing,mid_sized,test,0,0.4649353993925872,assets_total,7,-0.2284848541021347,0.2284848541021347,decrease_risk,290379147,025750,mid_sized,manufacturing,false_positive,0,1,투자적격,투기등급,0.4649353993925872,0.315,0.1499353993925872,stability_leverage,자산총계,총자산,KOSPI|025750|(주)한솔홈데코|2024|2025
KOSPI,25750,(주)한솔홈데코,2024,2025,manufacturing,mid_sized,test,0,0.4649353993925872,market,8,-0.2193090170621872,0.2193090170621872,decrease_risk,,025750,mid_sized,manufacturing,false_positive,0,1,투자적격,투기등급,0.4649353993925872,0.315,0.1499353993925872,context,시장구분,상장시장 구분,KOSPI|025750|(주)한솔홈데코|2024|2025
KOSPI,25750,(주)한솔홈데코,2024,2025,manufacturing,mid_sized,test,0,0.4649353993925872,accruals_ratio,9,0.1485382616519928,0.1485382616519928,increase_risk,-0.148312,025750,mid_sized,manufacturing,false_positive,0,1,투자적격,투기등급,0.4649353993925872,0.315,0.1499353993925872,cashflow_structure,발생액 비율,총자산 대비 순이익과 영업현금흐름의 차이 (이익품질 지표),KOSPI|025750|(주)한솔홈데코|2024|2025
KOSPI,25750,(주)한솔홈데코,2024,2025,manufacturing,mid_sized,test,0,0.4649353993925872,industry_macro_category,10,0.1436387002468109,0.1436387002468109,increase_risk,manufacturing,025750,mid_sized,manufacturing,false_positive,0,1,투자적격,투기등급,0.4649353993925872,0.315,0.1499353993925872,context,산업 대분류,모델링용 산업 대분류,KOSPI|025750|(주)한솔홈데코|2024|2025
KOSDAQ,275630,(주)에스에스알,2023,2024,it_services,small_and_medium,test,0,0.4638658622422149,interest_coverage_ratio,1,-0.619056224822998,0.619056224822998,decrease_risk,1000000.0,275630,small_and_medium,it_services,false_positive,0,1,투자적격,투기등급,0.4638658622422149,0.315,0.14886586224221487,profitability_returns,이자보상배율,영업이익 대비 이자비용 배수,KOSDAQ|275630|(주)에스에스알|2023|2024
KOSDAQ,275630,(주)에스에스알,2023,2024,it_services,small_and_medium,test,0,0.4638658622422149,listed_year,2,0.3640297353267669,0.3640297353267669,increase_risk,2018,275630,small_and_medium,it_services,false_positive,0,1,투자적격,투기등급,0.4638658622422149,0.315,0.14886586224221487,context,상장연도,상장일에서 추출한 연도,KOSDAQ|275630|(주)에스에스알|2023|2024
KOSDAQ,275630,(주)에스에스알,2023,2024,it_services,small_and_medium,test,0,0.4638658622422149,firm_size_group,3,0.3329465985298157,0.3329465985298157,increase_risk,small_and_medium,275630,small_and_medium,it_services,false_positive,0,1,투자적격,투기등급,0.4638658622422149,0.315,0.14886586224221487,context,기업규모 그룹,모델링용 기업규모 그룹,KOSDAQ|275630|(주)에스에스알|2023|2024
KOSDAQ,275630,(주)에스에스알,2023,2024,it_services,small_and_medium,test,0,0.4638658622422149,industry_macro_category,4,-0.2934744358062744,0.2934744358062744,decrease_risk,it_services,275630,small_and_medium,it_services,false_positive,0,1,투자적격,투기등급,0.4638658622422149,0.315,0.14886586224221487,context,산업 대분류,모델링용 산업 대분류,KOSDAQ|275630|(주)에스에스알|2023|2024
KOSDAQ,275630,(주)에스에스알,2023,2024,it_services,small_and_medium,test,0,0.4638658622422149,assets_total,5,0.2855658829212188,0.2855658829212188,increase_risk,0,275630,small_and_medium,it_services,false_positive,0,1,투자적격,투기등급,0.4638658622422149,0.315,0.14886586224221487,stability_leverage,자산총계,총자산,KOSDAQ|275630|(주)에스에스알|2023|2024
KOSDAQ,275630,(주)에스에스알,2023,2024,it_services,small_and_medium,test,0,0.4638658622422149,capital_impairment_ratio,6,0.2808189392089844,0.2808189392089844,increase_risk,,275630,small_and_medium,it_services,false_positive,0,1,투자적격,투기등급,0.4638658622422149,0.315,0.14886586224221487,stability_leverage,자본잠식률,자본금 대비 자본잠식 정도,KOSDAQ|275630|(주)에스에스알|2023|2024
KOSDAQ,275630,(주)에스에스알,2023,2024,it_services,small_and_medium,test,0,0.4638658622422149,gross_profit,7,0.2784108221530914,0.2784108221530914,increase_risk,0,275630,small_and_medium,it_services,false_positive,0,1,투자적격,투기등급,0.4638658622422149,0.315,0.14886586224221487,profitability_returns,매출총이익,매출총이익(손실),KOSDAQ|275630|(주)에스에스알|2023|2024
KOSDAQ,275630,(주)에스에스알,2023,2024,it_services,small_and_medium,test,0,0.4638658622422149,dividend_payer,8,0.2363927364349365,0.2363927364349365,increase_risk,0,275630,small_and_medium,it_services,false_positive,0,1,투자적격,투기등급,0.4638658622422149,0.315,0.14886586224221487,market_shareholder,배당금 지급 여부,해당 회계연도에 현금배당을 지급했는지 여부,KOSDAQ|275630|(주)에스에스알|2023|2024
KOSDAQ,275630,(주)에스에스알,2023,2024,it_services,small_and_medium,test,0,0.4638658622422149,cashflow_coverage_ratio,9,-0.1752051264047622,0.1752051264047622,decrease_risk,1000000.0,275630,small_and_medium,it_services,false_positive,0,1,투자적격,투기등급,0.4638658622422149,0.315,0.14886586224221487,cashflow_structure,현금흐름 커버리지,이자비용 대비 영업현금흐름 배수,KOSDAQ|275630|(주)에스에스알|2023|2024
KOSDAQ,275630,(주)에스에스알,2023,2024,it_services,small_and_medium,test,0,0.4638658622422149,total_borrowings_ratio,10,0.0971491262316703,0.0971491262316703,increase_risk,,275630,small_and_medium,it_services,false_positive,0,1,투자적격,투기등급,0.4638658622422149,0.315,0.14886586224221487,stability_leverage,총차입금비율,총자산 대비 총차입금 비율,KOSDAQ|275630|(주)에스에스알|2023|2024
KOSDAQ,241770,(주)메카로,2023,2024,manufacturing,small_and_medium,test,0,0.4536382231122386,gross_profit,1,0.7403972744941711,0.7403972744941711,increase_risk,14298558,241770,small_and_medium,manufacturing,false_positive,0,1,투자적격,투기등급,0.4536382231122386,0.315,0.1386382231122386,profitability_returns,매출총이익,매출총이익(손실),KOSDAQ|241770|(주)메카로|2023|2024
KOSDAQ,241770,(주)메카로,2023,2024,manufacturing,small_and_medium,test,0,0.4536382231122386,net_margin,2,0.5837564468383789,0.5837564468383789,increase_risk,-0.057817,241770,small_and_medium,manufacturing,false_positive,0,1,투자적격,투기등급,0.4536382231122386,0.315,0.1386382231122386,profitability_returns,순이익률,매출액 대비 당기순이익 비율,KOSDAQ|241770|(주)메카로|2023|2024
KOSDAQ,241770,(주)메카로,2023,2024,manufacturing,small_and_medium,test,0,0.4536382231122386,ocf_to_sales,3,0.4769585132598877,0.4769585132598877,increase_risk,-0.232082,241770,small_and_medium,manufacturing,false_positive,0,1,투자적격,투기등급,0.4536382231122386,0.315,0.1386382231122386,cashflow_structure,OCF/매출액,매출액 대비 영업현금흐름 비율,KOSDAQ|241770|(주)메카로|2023|2024
KOSDAQ,241770,(주)메카로,2023,2024,manufacturing,small_and_medium,test,0,0.4536382231122386,total_debt_turnover,4,-0.4523806869983673,0.4523806869983673,decrease_risk,4.042186,241770,small_and_medium,manufacturing,false_positive,0,1,투자적격,투기등급,0.4536382231122386,0.315,0.1386382231122386,cashflow_structure,총부채회전율,총부채 대비 매출액 비율,KOSDAQ|241770|(주)메카로|2023|2024
KOSDAQ,241770,(주)메카로,2023,2024,manufacturing,small_and_medium,test,0,0.4536382231122386,dividend_payer,5,-0.4334948062896728,0.4334948062896728,decrease_risk,1,241770,small_and_medium,manufacturing,false_positive,0,1,투자적격,투기등급,0.4536382231122386,0.315,0.1386382231122386,market_shareholder,배당금 지급 여부,해당 회계연도에 현금배당을 지급했는지 여부,KOSDAQ|241770|(주)메카로|2023|2024
KOSDAQ,241770,(주)메카로,2023,2024,manufacturing,small_and_medium,test,0,0.4536382231122386,short_term_borrowings_share,6,-0.4315583705902099,0.4315583705902099,decrease_risk,0.0,241770,small_and_medium,manufacturing,false_positive,0,1,투자적격,투기등급,0.4536382231122386,0.315,0.1386382231122386,trend_early_warning,단기차입금 비중,총차입금 중 단기차입금 비중,KOSDAQ|241770|(주)메카로|2023|2024
KOSDAQ,241770,(주)메카로,2023,2024,manufacturing,small_and_medium,test,0,0.4536382231122386,capital_impairment_ratio,7,-0.2955517172813415,0.2955517172813415,decrease_risk,-35.529079,241770,small_and_medium,manufacturing,false_positive,0,1,투자적격,투기등급,0.4536382231122386,0.315,0.1386382231122386,stability_leverage,자본잠식률,자본금 대비 자본잠식 정도,KOSDAQ|241770|(주)메카로|2023|2024
KOSDAQ,241770,(주)메카로,2023,2024,manufacturing,small_and_medium,test,0,0.4536382231122386,interest_coverage_ratio,8,0.2755017280578613,0.2755017280578613,increase_risk,-96.040548,241770,small_and_medium,manufacturing,false_positive,0,1,투자적격,투기등급,0.4536382231122386,0.315,0.1386382231122386,profitability_returns,이자보상배율,영업이익 대비 이자비용 배수,KOSDAQ|241770|(주)메카로|2023|2024
KOSDAQ,241770,(주)메카로,2023,2024,manufacturing,small_and_medium,test,0,0.4536382231122386,firm_size_group,9,0.2746840119361877,0.2746840119361877,increase_risk,small_and_medium,241770,small_and_medium,manufacturing,false_positive,0,1,투자적격,투기등급,0.4536382231122386,0.315,0.1386382231122386,context,기업규모 그룹,모델링용 기업규모 그룹,KOSDAQ|241770|(주)메카로|2023|2024
KOSDAQ,241770,(주)메카로,2023,2024,manufacturing,small_and_medium,test,0,0.4536382231122386,cash_ratio,10,0.2149324268102646,0.2149324268102646,increase_risk,1.581062,241770,small_and_medium,manufacturing,false_positive,0,1,투자적격,투기등급,0.4536382231122386,0.315,0.1386382231122386,stability_leverage,현금비율,유동부채 대비 현금및현금성자산 비율,KOSDAQ|241770|(주)메카로|2023|2024
KOSDAQ,89150,(주)케이씨티,2023,2024,it_services,small_and_medium,test,0,0.4511150639588942,interest_coverage_ratio,1,-0.651800274848938,0.651800274848938,decrease_risk,1000000.0,089150,small_and_medium,it_services,false_positive,0,1,투자적격,투기등급,0.4511150639588942,0.315,0.13611506395889422,profitability_returns,이자보상배율,영업이익 대비 이자비용 배수,KOSDAQ|089150|(주)케이씨티|2023|2024
KOSDAQ,89150,(주)케이씨티,2023,2024,it_services,small_and_medium,test,0,0.4511150639588942,firm_size_group,2,0.4014751613140106,0.4014751613140106,increase_risk,small_and_medium,089150,small_and_medium,it_services,false_positive,0,1,투자적격,투기등급,0.4511150639588942,0.315,0.13611506395889422,context,기업규모 그룹,모델링용 기업규모 그룹,KOSDAQ|089150|(주)케이씨티|2023|2024
KOSDAQ,89150,(주)케이씨티,2023,2024,it_services,small_and_medium,test,0,0.4511150639588942,listed_year,3,0.3646362125873565,0.3646362125873565,increase_risk,2006,089150,small_and_medium,it_services,false_positive,0,1,투자적격,투기등급,0.4511150639588942,0.315,0.13611506395889422,context,상장연도,상장일에서 추출한 연도,KOSDAQ|089150|(주)케이씨티|2023|2024
KOSDAQ,89150,(주)케이씨티,2023,2024,it_services,small_and_medium,test,0,0.4511150639588942,industry_macro_category,4,-0.2979626357555389,0.2979626357555389,decrease_risk,it_services,089150,small_and_medium,it_services,false_positive,0,1,투자적격,투기등급,0.4511150639588942,0.315,0.13611506395889422,context,산업 대분류,모델링용 산업 대분류,KOSDAQ|089150|(주)케이씨티|2023|2024
KOSDAQ,89150,(주)케이씨티,2023,2024,it_services,small_and_medium,test,0,0.4511150639588942,capital_impairment_ratio,5,0.2916090190410614,0.2916090190410614,increase_risk,,089150,small_and_medium,it_services,false_positive,0,1,투자적격,투기등급,0.4511150639588942,0.315,0.13611506395889422,stability_leverage,자본잠식률,자본금 대비 자본잠식 정도,KOSDAQ|089150|(주)케이씨티|2023|2024
KOSDAQ,89150,(주)케이씨티,2023,2024,it_services,small_and_medium,test,0,0.4511150639588942,assets_total,6,0.2840613424777984,0.2840613424777984,increase_risk,0,089150,small_and_medium,it_services,false_positive,0,1,투자적격,투기등급,0.4511150639588942,0.315,0.13611506395889422,stability_leverage,자산총계,총자산,KOSDAQ|089150|(주)케이씨티|2023|2024
KOSDAQ,89150,(주)케이씨티,2023,2024,it_services,small_and_medium,test,0,0.4511150639588942,gross_profit,7,0.2583311796188354,0.2583311796188354,increase_risk,0,089150,small_and_medium,it_services,false_positive,0,1,투자적격,투기등급,0.4511150639588942,0.315,0.13611506395889422,profitability_returns,매출총이익,매출총이익(손실),KOSDAQ|089150|(주)케이씨티|2023|2024
KOSDAQ,89150,(주)케이씨티,2023,2024,it_services,small_and_medium,test,0,0.4511150639588942,dividend_payer,8,0.2248450219631195,0.2248450219631195,increase_risk,0,089150,small_and_medium,it_services,false_positive,0,1,투자적격,투기등급,0.4511150639588942,0.315,0.13611506395889422,market_shareholder,배당금 지급 여부,해당 회계연도에 현금배당을 지급했는지 여부,KOSDAQ|089150|(주)케이씨티|2023|2024
KOSDAQ,89150,(주)케이씨티,2023,2024,it_services,small_and_medium,test,0,0.4511150639588942,cashflow_coverage_ratio,9,-0.1825145930051803,0.1825145930051803,decrease_risk,1000000.0,089150,small_and_medium,it_services,false_positive,0,1,투자적격,투기등급,0.4511150639588942,0.315,0.13611506395889422,cashflow_structure,현금흐름 커버리지,이자비용 대비 영업현금흐름 배수,KOSDAQ|089150|(주)케이씨티|2023|2024
KOSDAQ,89150,(주)케이씨티,2023,2024,it_services,small_and_medium,test,0,0.4511150639588942,depreciation,10,0.0829584747552871,0.0829584747552871,increase_risk,0,089150,small_and_medium,it_services,false_positive,0,1,투자적격,투기등급,0.4511150639588942,0.315,0.13611506395889422,cashflow_structure,감가상각비,감가상각비,KOSDAQ|089150|(주)케이씨티|2023|2024
KOSDAQ,79650,(주)서산,2023,2024,manufacturing,small_and_medium,test,0,0.4396140311355817,total_debt_turnover,1,-0.4212193787097931,0.4212193787097931,decrease_risk,5.427721,079650,small_and_medium,manufacturing,false_positive,0,1,투자적격,투기등급,0.4396140311355817,0.315,0.12461403113558167,cashflow_structure,총부채회전율,총부채 대비 매출액 비율,KOSDAQ|079650|(주)서산|2023|2024
KOSDAQ,79650,(주)서산,2023,2024,manufacturing,small_and_medium,test,0,0.4396140311355817,gross_profit,2,0.381147027015686,0.381147027015686,increase_risk,5447483,079650,small_and_medium,manufacturing,false_positive,0,1,투자적격,투기등급,0.4396140311355817,0.315,0.12461403113558167,profitability_returns,매출총이익,매출총이익(손실),KOSDAQ|079650|(주)서산|2023|2024
KOSDAQ,79650,(주)서산,2023,2024,manufacturing,small_and_medium,test,0,0.4396140311355817,listed_year,3,0.3635459244251251,0.3635459244251251,increase_risk,2005,079650,small_and_medium,manufacturing,false_positive,0,1,투자적격,투기등급,0.4396140311355817,0.315,0.12461403113558167,context,상장연도,상장일에서 추출한 연도,KOSDAQ|079650|(주)서산|2023|2024
KOSDAQ,79650,(주)서산,2023,2024,manufacturing,small_and_medium,test,0,0.4396140311355817,total_borrowings_ratio,4,-0.3452328145503998,0.3452328145503998,decrease_risk,0.0,079650,small_and_medium,manufacturing,false_positive,0,1,투자적격,투기등급,0.4396140311355817,0.315,0.12461403113558167,stability_leverage,총차입금비율,총자산 대비 총차입금 비율,KOSDAQ|079650|(주)서산|2023|2024
KOSDAQ,79650,(주)서산,2023,2024,manufacturing,small_and_medium,test,0,0.4396140311355817,cashflow_coverage_ratio,5,-0.3188445568084717,0.3188445568084717,decrease_risk,402.024865,079650,small_and_medium,manufacturing,false_positive,0,1,투자적격,투기등급,0.4396140311355817,0.315,0.12461403113558167,cashflow_structure,현금흐름 커버리지,이자비용 대비 영업현금흐름 배수,KOSDAQ|079650|(주)서산|2023|2024
KOSDAQ,79650,(주)서산,2023,2024,manufacturing,small_and_medium,test,0,0.4396140311355817,firm_size_group,6,0.3053166568279266,0.3053166568279266,increase_risk,small_and_medium,079650,small_and_medium,manufacturing,false_positive,0,1,투자적격,투기등급,0.4396140311355817,0.315,0.12461403113558167,context,기업규모 그룹,모델링용 기업규모 그룹,KOSDAQ|079650|(주)서산|2023|2024
KOSDAQ,79650,(주)서산,2023,2024,manufacturing,small_and_medium,test,0,0.4396140311355817,dividend_payer,7,0.3050009906291961,0.3050009906291961,increase_risk,0,079650,small_and_medium,manufacturing,false_positive,0,1,투자적격,투기등급,0.4396140311355817,0.315,0.12461403113558167,market_shareholder,배당금 지급 여부,해당 회계연도에 현금배당을 지급했는지 여부,KOSDAQ|079650|(주)서산|2023|2024
KOSDAQ,79650,(주)서산,2023,2024,manufacturing,small_and_medium,test,0,0.4396140311355817,capital_impairment_ratio,8,-0.3043481409549713,0.3043481409549713,decrease_risk,-52.159292,079650,small_and_medium,manufacturing,false_positive,0,1,투자적격,투기등급,0.4396140311355817,0.315,0.12461403113558167,stability_leverage,자본잠식률,자본금 대비 자본잠식 정도,KOSDAQ|079650|(주)서산|2023|2024
KOSDAQ,79650,(주)서산,2023,2024,manufacturing,small_and_medium,test,0,0.4396140311355817,net_margin,9,-0.2973700761795044,0.2973700761795044,decrease_risk,0.037193,079650,small_and_medium,manufacturing,false_positive,0,1,투자적격,투기등급,0.4396140311355817,0.315,0.12461403113558167,profitability_returns,순이익률,매출액 대비 당기순이익 비율,KOSDAQ|079650|(주)서산|2023|2024
KOSDAQ,79650,(주)서산,2023,2024,manufacturing,small_and_medium,test,0,0.4396140311355817,depreciation,10,0.2921901941299438,0.2921901941299438,increase_risk,2265857,079650,small_and_medium,manufacturing,false_positive,0,1,투자적격,투기등급,0.4396140311355817,0.315,0.12461403113558167,cashflow_structure,감가상각비,감가상각비,KOSDAQ|079650|(주)서산|2023|2024
KOSDAQ,290560,파라택시스이더리움(주),2023,2024,it_services,small_and_medium,test,0,0.4391520077164831,interest_coverage_ratio,1,-0.6092475652694702,0.6092475652694702,decrease_risk,1000000.0,290560,small_and_medium,it_services,false_positive,0,1,투자적격,투기등급,0.4391520077164831,0.315,0.1241520077164831,profitability_returns,이자보상배율,영업이익 대비 이자비용 배수,KOSDAQ|290560|파라택시스이더리움(주)|2023|2024
KOSDAQ,290560,파라택시스이더리움(주),2023,2024,it_services,small_and_medium,test,0,0.4391520077164831,listed_year,2,0.4644525349140167,0.4644525349140167,increase_risk,2023,290560,small_and_medium,it_services,false_positive,0,1,투자적격,투기등급,0.4391520077164831,0.315,0.1241520077164831,context,상장연도,상장일에서 추출한 연도,KOSDAQ|290560|파라택시스이더리움(주)|2023|2024
KOSDAQ,290560,파라택시스이더리움(주),2023,2024,it_services,small_and_medium,test,0,0.4391520077164831,industry_macro_category,3,-0.3856408596038818,0.3856408596038818,decrease_risk,it_services,290560,small_and_medium,it_services,false_positive,0,1,투자적격,투기등급,0.4391520077164831,0.315,0.1241520077164831,context,산업 대분류,모델링용 산업 대분류,KOSDAQ|290560|파라택시스이더리움(주)|2023|2024
KOSDAQ,290560,파라택시스이더리움(주),2023,2024,it_services,small_and_medium,test,0,0.4391520077164831,assets_total,4,0.2924984395503998,0.2924984395503998,increase_risk,0,290560,small_and_medium,it_services,false_positive,0,1,투자적격,투기등급,0.4391520077164831,0.315,0.1241520077164831,stability_leverage,자산총계,총자산,KOSDAQ|290560|파라택시스이더리움(주)|2023|2024
KOSDAQ,290560,파라택시스이더리움(주),2023,2024,it_services,small_and_medium,test,0,0.4391520077164831,gross_profit,5,0.2819526791572571,0.2819526791572571,increase_risk,0,290560,small_and_medium,it_services,false_positive,0,1,투자적격,투기등급,0.4391520077164831,0.315,0.1241520077164831,profitability_returns,매출총이익,매출총이익(손실),KOSDAQ|290560|파라택시스이더리움(주)|2023|2024
KOSDAQ,290560,파라택시스이더리움(주),2023,2024,it_services,small_and_medium,test,0,0.4391520077164831,capital_impairment_ratio,6,0.2810391187667846,0.2810391187667846,increase_risk,,290560,small_and_medium,it_services,false_positive,0,1,투자적격,투기등급,0.4391520077164831,0.315,0.1241520077164831,stability_leverage,자본잠식률,자본금 대비 자본잠식 정도,KOSDAQ|290560|파라택시스이더리움(주)|2023|2024
KOSDAQ,290560,파라택시스이더리움(주),2023,2024,it_services,small_and_medium,test,0,0.4391520077164831,dividend_payer,7,0.2363927364349365,0.2363927364349365,increase_risk,0,290560,small_and_medium,it_services,false_positive,0,1,투자적격,투기등급,0.4391520077164831,0.315,0.1241520077164831,market_shareholder,배당금 지급 여부,해당 회계연도에 현금배당을 지급했는지 여부,KOSDAQ|290560|파라택시스이더리움(주)|2023|2024
KOSDAQ,290560,파라택시스이더리움(주),2023,2024,it_services,small_and_medium,test,0,0.4391520077164831,firm_size_group,8,0.1939494907855987,0.1939494907855987,increase_risk,small_and_medium,290560,small_and_medium,it_services,false_positive,0,1,투자적격,투기등급,0.4391520077164831,0.315,0.1241520077164831,context,기업규모 그룹,모델링용 기업규모 그룹,KOSDAQ|290560|파라택시스이더리움(주)|2023|2024
KOSDAQ,290560,파라택시스이더리움(주),2023,2024,it_services,small_and_medium,test,0,0.4391520077164831,cashflow_coverage_ratio,9,-0.172246441245079,0.172246441245079,decrease_risk,1000000.0,290560,small_and_medium,it_services,false_positive,0,1,투자적격,투기등급,0.4391520077164831,0.315,0.1241520077164831,cashflow_structure,현금흐름 커버리지,이자비용 대비 영업현금흐름 배수,KOSDAQ|290560|파라택시스이더리움(주)|2023|2024
KOSDAQ,290560,파라택시스이더리움(주),2023,2024,it_services,small_and_medium,test,0,0.4391520077164831,total_borrowings_ratio,10,0.0981815233826637,0.0981815233826637,increase_risk,,290560,small_and_medium,it_services,false_positive,0,1,투자적격,투기등급,0.4391520077164831,0.315,0.1241520077164831,stability_leverage,총차입금비율,총자산 대비 총차입금 비율,KOSDAQ|290560|파라택시스이더리움(주)|2023|2024
KOSDAQ,303530,이노뎁(주),2023,2024,it_services,small_and_medium,test,0,0.4391520077164831,interest_coverage_ratio,1,-0.6092475652694702,0.6092475652694702,decrease_risk,1000000.0,303530,small_and_medium,it_services,false_positive,0,1,투자적격,투기등급,0.4391520077164831,0.315,0.1241520077164831,profitability_returns,이자보상배율,영업이익 대비 이자비용 배수,KOSDAQ|303530|이노뎁(주)|2023|2024
KOSDAQ,303530,이노뎁(주),2023,2024,it_services,small_and_medium,test,0,0.4391520077164831,listed_year,2,0.4644525349140167,0.4644525349140167,increase_risk,2021,303530,small_and_medium,it_services,false_positive,0,1,투자적격,투기등급,0.4391520077164831,0.315,0.1241520077164831,context,상장연도,상장일에서 추출한 연도,KOSDAQ|303530|이노뎁(주)|2023|2024
KOSDAQ,303530,이노뎁(주),2023,2024,it_services,small_and_medium,test,0,0.4391520077164831,industry_macro_category,3,-0.3856408596038818,0.3856408596038818,decrease_risk,it_services,303530,small_and_medium,it_services,false_positive,0,1,투자적격,투기등급,0.4391520077164831,0.315,0.1241520077164831,context,산업 대분류,모델링용 산업 대분류,KOSDAQ|303530|이노뎁(주)|2023|2024
KOSDAQ,303530,이노뎁(주),2023,2024,it_services,small_and_medium,test,0,0.4391520077164831,assets_total,4,0.2924984395503998,0.2924984395503998,increase_risk,0,303530,small_and_medium,it_services,false_positive,0,1,투자적격,투기등급,0.4391520077164831,0.315,0.1241520077164831,stability_leverage,자산총계,총자산,KOSDAQ|303530|이노뎁(주)|2023|2024
KOSDAQ,303530,이노뎁(주),2023,2024,it_services,small_and_medium,test,0,0.4391520077164831,gross_profit,5,0.2819526791572571,0.2819526791572571,increase_risk,0,303530,small_and_medium,it_services,false_positive,0,1,투자적격,투기등급,0.4391520077164831,0.315,0.1241520077164831,profitability_returns,매출총이익,매출총이익(손실),KOSDAQ|303530|이노뎁(주)|2023|2024
KOSDAQ,303530,이노뎁(주),2023,2024,it_services,small_and_medium,test,0,0.4391520077164831,capital_impairment_ratio,6,0.2810391187667846,0.2810391187667846,increase_risk,,303530,small_and_medium,it_services,false_positive,0,1,투자적격,투기등급,0.4391520077164831,0.315,0.1241520077164831,stability_leverage,자본잠식률,자본금 대비 자본잠식 정도,KOSDAQ|303530|이노뎁(주)|2023|2024
KOSDAQ,303530,이노뎁(주),2023,2024,it_services,small_and_medium,test,0,0.4391520077164831,dividend_payer,7,0.2363927364349365,0.2363927364349365,increase_risk,0,303530,small_and_medium,it_services,false_positive,0,1,투자적격,투기등급,0.4391520077164831,0.315,0.1241520077164831,market_shareholder,배당금 지급 여부,해당 회계연도에 현금배당을 지급했는지 여부,KOSDAQ|303530|이노뎁(주)|2023|2024
KOSDAQ,303530,이노뎁(주),2023,2024,it_services,small_and_medium,test,0,0.4391520077164831,firm_size_group,8,0.1939494907855987,0.1939494907855987,increase_risk,small_and_medium,303530,small_and_medium,it_services,false_positive,0,1,투자적격,투기등급,0.4391520077164831,0.315,0.1241520077164831,context,기업규모 그룹,모델링용 기업규모 그룹,KOSDAQ|303530|이노뎁(주)|2023|2024
KOSDAQ,303530,이노뎁(주),2023,2024,it_services,small_and_medium,test,0,0.4391520077164831,cashflow_coverage_ratio,9,-0.172246441245079,0.172246441245079,decrease_risk,1000000.0,303530,small_and_medium,it_services,false_positive,0,1,투자적격,투기등급,0.4391520077164831,0.315,0.1241520077164831,cashflow_structure,현금흐름 커버리지,이자비용 대비 영업현금흐름 배수,KOSDAQ|303530|이노뎁(주)|2023|2024
KOSDAQ,303530,이노뎁(주),2023,2024,it_services,small_and_medium,test,0,0.4391520077164831,total_borrowings_ratio,10,0.0981815233826637,0.0981815233826637,increase_risk,,303530,small_and_medium,it_services,false_positive,0,1,투자적격,투기등급,0.4391520077164831,0.315,0.1241520077164831,stability_leverage,총차입금비율,총자산 대비 총차입금 비율,KOSDAQ|303530|이노뎁(주)|2023|2024
KOSDAQ,373170,엠아이큐브솔루션(주),2023,2024,it_services,small_and_medium,test,0,0.4391520077164831,interest_coverage_ratio,1,-0.6092475652694702,0.6092475652694702,decrease_risk,1000000.0,373170,small_and_medium,it_services,false_positive,0,1,투자적격,투기등급,0.4391520077164831,0.315,0.1241520077164831,profitability_returns,이자보상배율,영업이익 대비 이자비용 배수,KOSDAQ|373170|엠아이큐브솔루션(주)|2023|2024
KOSDAQ,373170,엠아이큐브솔루션(주),2023,2024,it_services,small_and_medium,test,0,0.4391520077164831,listed_year,2,0.4644525349140167,0.4644525349140167,increase_risk,2023,373170,small_and_medium,it_services,false_positive,0,1,투자적격,투기등급,0.4391520077164831,0.315,0.1241520077164831,context,상장연도,상장일에서 추출한 연도,KOSDAQ|373170|엠아이큐브솔루션(주)|2023|2024
KOSDAQ,373170,엠아이큐브솔루션(주),2023,2024,it_services,small_and_medium,test,0,0.4391520077164831,industry_macro_category,3,-0.3856408596038818,0.3856408596038818,decrease_risk,it_services,373170,small_and_medium,it_services,false_positive,0,1,투자적격,투기등급,0.4391520077164831,0.315,0.1241520077164831,context,산업 대분류,모델링용 산업 대분류,KOSDAQ|373170|엠아이큐브솔루션(주)|2023|2024
KOSDAQ,373170,엠아이큐브솔루션(주),2023,2024,it_services,small_and_medium,test,0,0.4391520077164831,assets_total,4,0.2924984395503998,0.2924984395503998,increase_risk,0,373170,small_and_medium,it_services,false_positive,0,1,투자적격,투기등급,0.4391520077164831,0.315,0.1241520077164831,stability_leverage,자산총계,총자산,KOSDAQ|373170|엠아이큐브솔루션(주)|2023|2024
KOSDAQ,373170,엠아이큐브솔루션(주),2023,2024,it_services,small_and_medium,test,0,0.4391520077164831,gross_profit,5,0.2819526791572571,0.2819526791572571,increase_risk,0,373170,small_and_medium,it_services,false_positive,0,1,투자적격,투기등급,0.4391520077164831,0.315,0.1241520077164831,profitability_returns,매출총이익,매출총이익(손실),KOSDAQ|373170|엠아이큐브솔루션(주)|2023|2024
KOSDAQ,373170,엠아이큐브솔루션(주),2023,2024,it_services,small_and_medium,test,0,0.4391520077164831,capital_impairment_ratio,6,0.2810391187667846,0.2810391187667846,increase_risk,,373170,small_and_medium,it_services,false_positive,0,1,투자적격,투기등급,0.4391520077164831,0.315,0.1241520077164831,stability_leverage,자본잠식률,자본금 대비 자본잠식 정도,KOSDAQ|373170|엠아이큐브솔루션(주)|2023|2024
KOSDAQ,373170,엠아이큐브솔루션(주),2023,2024,it_services,small_and_medium,test,0,0.4391520077164831,dividend_payer,7,0.2363927364349365,0.2363927364349365,increase_risk,0,373170,small_and_medium,it_services,false_positive,0,1,투자적격,투기등급,0.4391520077164831,0.315,0.1241520077164831,market_shareholder,배당금 지급 여부,해당 회계연도에 현금배당을 지급했는지 여부,KOSDAQ|373170|엠아이큐브솔루션(주)|2023|2024
KOSDAQ,373170,엠아이큐브솔루션(주),2023,2024,it_services,small_and_medium,test,0,0.4391520077164831,firm_size_group,8,0.1939494907855987,0.1939494907855987,increase_risk,small_and_medium,373170,small_and_medium,it_services,false_positive,0,1,투자적격,투기등급,0.4391520077164831,0.315,0.1241520077164831,context,기업규모 그룹,모델링용 기업규모 그룹,KOSDAQ|373170|엠아이큐브솔루션(주)|2023|2024
KOSDAQ,373170,엠아이큐브솔루션(주),2023,2024,it_services,small_and_medium,test,0,0.4391520077164831,cashflow_coverage_ratio,9,-0.172246441245079,0.172246441245079,decrease_risk,1000000.0,373170,small_and_medium,it_services,false_positive,0,1,투자적격,투기등급,0.4391520077164831,0.315,0.1241520077164831,cashflow_structure,현금흐름 커버리지,이자비용 대비 영업현금흐름 배수,KOSDAQ|373170|엠아이큐브솔루션(주)|2023|2024
KOSDAQ,373170,엠아이큐브솔루션(주),2023,2024,it_services,small_and_medium,test,0,0.4391520077164831,total_borrowings_ratio,10,0.0981815233826637,0.0981815233826637,increase_risk,,373170,small_and_medium,it_services,false_positive,0,1,투자적격,투기등급,0.4391520077164831,0.315,0.1241520077164831,stability_leverage,총차입금비율,총자산 대비 총차입금 비율,KOSDAQ|373170|엠아이큐브솔루션(주)|2023|2024
KOSDAQ,393210,(주)토마토시스템,2023,2024,it_services,small_and_medium,test,0,0.4391520077164831,interest_coverage_ratio,1,-0.6092475652694702,0.6092475652694702,decrease_risk,1000000.0,393210,small_and_medium,it_services,false_positive,0,1,투자적격,투기등급,0.4391520077164831,0.315,0.1241520077164831,profitability_returns,이자보상배율,영업이익 대비 이자비용 배수,KOSDAQ|393210|(주)토마토시스템|2023|2024
KOSDAQ,393210,(주)토마토시스템,2023,2024,it_services,small_and_medium,test,0,0.4391520077164831,listed_year,2,0.4644525349140167,0.4644525349140167,increase_risk,2023,393210,small_and_medium,it_services,false_positive,0,1,투자적격,투기등급,0.4391520077164831,0.315,0.1241520077164831,context,상장연도,상장일에서 추출한 연도,KOSDAQ|393210|(주)토마토시스템|2023|2024
KOSDAQ,393210,(주)토마토시스템,2023,2024,it_services,small_and_medium,test,0,0.4391520077164831,industry_macro_category,3,-0.3856408596038818,0.3856408596038818,decrease_risk,it_services,393210,small_and_medium,it_services,false_positive,0,1,투자적격,투기등급,0.4391520077164831,0.315,0.1241520077164831,context,산업 대분류,모델링용 산업 대분류,KOSDAQ|393210|(주)토마토시스템|2023|2024
KOSDAQ,393210,(주)토마토시스템,2023,2024,it_services,small_and_medium,test,0,0.4391520077164831,assets_total,4,0.2924984395503998,0.2924984395503998,increase_risk,0,393210,small_and_medium,it_services,false_positive,0,1,투자적격,투기등급,0.4391520077164831,0.315,0.1241520077164831,stability_leverage,자산총계,총자산,KOSDAQ|393210|(주)토마토시스템|2023|2024
KOSDAQ,393210,(주)토마토시스템,2023,2024,it_services,small_and_medium,test,0,0.4391520077164831,gross_profit,5,0.2819526791572571,0.2819526791572571,increase_risk,0,393210,small_and_medium,it_services,false_positive,0,1,투자적격,투기등급,0.4391520077164831,0.315,0.1241520077164831,profitability_returns,매출총이익,매출총이익(손실),KOSDAQ|393210|(주)토마토시스템|2023|2024
KOSDAQ,393210,(주)토마토시스템,2023,2024,it_services,small_and_medium,test,0,0.4391520077164831,capital_impairment_ratio,6,0.2810391187667846,0.2810391187667846,increase_risk,,393210,small_and_medium,it_services,false_positive,0,1,투자적격,투기등급,0.4391520077164831,0.315,0.1241520077164831,stability_leverage,자본잠식률,자본금 대비 자본잠식 정도,KOSDAQ|393210|(주)토마토시스템|2023|2024
KOSDAQ,393210,(주)토마토시스템,2023,2024,it_services,small_and_medium,test,0,0.4391520077164831,dividend_payer,7,0.2363927364349365,0.2363927364349365,increase_risk,0,393210,small_and_medium,it_services,false_positive,0,1,투자적격,투기등급,0.4391520077164831,0.315,0.1241520077164831,market_shareholder,배당금 지급 여부,해당 회계연도에 현금배당을 지급했는지 여부,KOSDAQ|393210|(주)토마토시스템|2023|2024
KOSDAQ,393210,(주)토마토시스템,2023,2024,it_services,small_and_medium,test,0,0.4391520077164831,firm_size_group,8,0.1939494907855987,0.1939494907855987,increase_risk,small_and_medium,393210,small_and_medium,it_services,false_positive,0,1,투자적격,투기등급,0.4391520077164831,0.315,0.1241520077164831,context,기업규모 그룹,모델링용 기업규모 그룹,KOSDAQ|393210|(주)토마토시스템|2023|2024
KOSDAQ,393210,(주)토마토시스템,2023,2024,it_services,small_and_medium,test,0,0.4391520077164831,cashflow_coverage_ratio,9,-0.172246441245079,0.172246441245079,decrease_risk,1000000.0,393210,small_and_medium,it_services,false_positive,0,1,투자적격,투기등급,0.4391520077164831,0.315,0.1241520077164831,cashflow_structure,현금흐름 커버리지,이자비용 대비 영업현금흐름 배수,KOSDAQ|393210|(주)토마토시스템|2023|2024
KOSDAQ,393210,(주)토마토시스템,2023,2024,it_services,small_and_medium,test,0,0.4391520077164831,total_borrowings_ratio,10,0.0981815233826637,0.0981815233826637,increase_risk,,393210,small_and_medium,it_services,false_positive,0,1,투자적격,투기등급,0.4391520077164831,0.315,0.1241520077164831,stability_leverage,총차입금비율,총자산 대비 총차입금 비율,KOSDAQ|393210|(주)토마토시스템|2023|2024
KOSDAQ,456700,(주)길교이앤씨,2023,2024,it_services,small_and_medium,test,0,0.4391520077164831,interest_coverage_ratio,1,-0.6092475652694702,0.6092475652694702,decrease_risk,1000000.0,456700,small_and_medium,it_services,false_positive,0,1,투자적격,투기등급,0.4391520077164831,0.315,0.1241520077164831,profitability_returns,이자보상배율,영업이익 대비 이자비용 배수,KOSDAQ|456700|(주)길교이앤씨|2023|2024
KOSDAQ,456700,(주)길교이앤씨,2023,2024,it_services,small_and_medium,test,0,0.4391520077164831,listed_year,2,0.4644525349140167,0.4644525349140167,increase_risk,2023,456700,small_and_medium,it_services,false_positive,0,1,투자적격,투기등급,0.4391520077164831,0.315,0.1241520077164831,context,상장연도,상장일에서 추출한 연도,KOSDAQ|456700|(주)길교이앤씨|2023|2024
KOSDAQ,456700,(주)길교이앤씨,2023,2024,it_services,small_and_medium,test,0,0.4391520077164831,industry_macro_category,3,-0.3856408596038818,0.3856408596038818,decrease_risk,it_services,456700,small_and_medium,it_services,false_positive,0,1,투자적격,투기등급,0.4391520077164831,0.315,0.1241520077164831,context,산업 대분류,모델링용 산업 대분류,KOSDAQ|456700|(주)길교이앤씨|2023|2024
KOSDAQ,456700,(주)길교이앤씨,2023,2024,it_services,small_and_medium,test,0,0.4391520077164831,assets_total,4,0.2924984395503998,0.2924984395503998,increase_risk,0,456700,small_and_medium,it_services,false_positive,0,1,투자적격,투기등급,0.4391520077164831,0.315,0.1241520077164831,stability_leverage,자산총계,총자산,KOSDAQ|456700|(주)길교이앤씨|2023|2024
KOSDAQ,456700,(주)길교이앤씨,2023,2024,it_services,small_and_medium,test,0,0.4391520077164831,gross_profit,5,0.2819526791572571,0.2819526791572571,increase_risk,0,456700,small_and_medium,it_services,false_positive,0,1,투자적격,투기등급,0.4391520077164831,0.315,0.1241520077164831,profitability_returns,매출총이익,매출총이익(손실),KOSDAQ|456700|(주)길교이앤씨|2023|2024
KOSDAQ,456700,(주)길교이앤씨,2023,2024,it_services,small_and_medium,test,0,0.4391520077164831,capital_impairment_ratio,6,0.2810391187667846,0.2810391187667846,increase_risk,,456700,small_and_medium,it_services,false_positive,0,1,투자적격,투기등급,0.4391520077164831,0.315,0.1241520077164831,stability_leverage,자본잠식률,자본금 대비 자본잠식 정도,KOSDAQ|456700|(주)길교이앤씨|2023|2024
KOSDAQ,456700,(주)길교이앤씨,2023,2024,it_services,small_and_medium,test,0,0.4391520077164831,dividend_payer,7,0.2363927364349365,0.2363927364349365,increase_risk,0,456700,small_and_medium,it_services,false_positive,0,1,투자적격,투기등급,0.4391520077164831,0.315,0.1241520077164831,market_shareholder,배당금 지급 여부,해당 회계연도에 현금배당을 지급했는지 여부,KOSDAQ|456700|(주)길교이앤씨|2023|2024
KOSDAQ,456700,(주)길교이앤씨,2023,2024,it_services,small_and_medium,test,0,0.4391520077164831,firm_size_group,8,0.1939494907855987,0.1939494907855987,increase_risk,small_and_medium,456700,small_and_medium,it_services,false_positive,0,1,투자적격,투기등급,0.4391520077164831,0.315,0.1241520077164831,context,기업규모 그룹,모델링용 기업규모 그룹,KOSDAQ|456700|(주)길교이앤씨|2023|2024
KOSDAQ,456700,(주)길교이앤씨,2023,2024,it_services,small_and_medium,test,0,0.4391520077164831,cashflow_coverage_ratio,9,-0.172246441245079,0.172246441245079,decrease_risk,1000000.0,456700,small_and_medium,it_services,false_positive,0,1,투자적격,투기등급,0.4391520077164831,0.315,0.1241520077164831,cashflow_structure,현금흐름 커버리지,이자비용 대비 영업현금흐름 배수,KOSDAQ|456700|(주)길교이앤씨|2023|2024
KOSDAQ,456700,(주)길교이앤씨,2023,2024,it_services,small_and_medium,test,0,0.4391520077164831,total_borrowings_ratio,10,0.0981815233826637,0.0981815233826637,increase_risk,,456700,small_and_medium,it_services,false_positive,0,1,투자적격,투기등급,0.4391520077164831,0.315,0.1241520077164831,stability_leverage,총차입금비율,총자산 대비 총차입금 비율,KOSDAQ|456700|(주)길교이앤씨|2023|2024
KOSDAQ,38070,(주)서린바이오사이언스,2023,2024,wholesale_retail,small_and_medium,test,0,0.4217431418754884,gross_profit,1,0.7987955212593079,0.7987955212593079,increase_risk,19920885,038070,small_and_medium,wholesale_retail,false_positive,0,1,투자적격,투기등급,0.4217431418754884,0.315,0.10674314187548839,profitability_returns,매출총이익,매출총이익(손실),KOSDAQ|038070|(주)서린바이오사이언스|2023|2024
KOSDAQ,38070,(주)서린바이오사이언스,2023,2024,wholesale_retail,small_and_medium,test,0,0.4217431418754884,capital_impairment_ratio,2,-0.7068093419075012,0.7068093419075012,decrease_risk,-18.593706,038070,small_and_medium,wholesale_retail,false_positive,0,1,투자적격,투기등급,0.4217431418754884,0.315,0.10674314187548839,stability_leverage,자본잠식률,자본금 대비 자본잠식 정도,KOSDAQ|038070|(주)서린바이오사이언스|2023|2024
KOSDAQ,38070,(주)서린바이오사이언스,2023,2024,wholesale_retail,small_and_medium,test,0,0.4217431418754884,industry_macro_category,3,0.5914612412452698,0.5914612412452698,increase_risk,wholesale_retail,038070,small_and_medium,wholesale_retail,false_positive,0,1,투자적격,투기등급,0.4217431418754884,0.315,0.10674314187548839,context,산업 대분류,모델링용 산업 대분류,KOSDAQ|038070|(주)서린바이오사이언스|2023|2024
KOSDAQ,38070,(주)서린바이오사이언스,2023,2024,wholesale_retail,small_and_medium,test,0,0.4217431418754884,dividend_payer,4,-0.5261044502258301,0.5261044502258301,decrease_risk,1,038070,small_and_medium,wholesale_retail,false_positive,0,1,투자적격,투기등급,0.4217431418754884,0.315,0.10674314187548839,market_shareholder,배당금 지급 여부,해당 회계연도에 현금배당을 지급했는지 여부,KOSDAQ|038070|(주)서린바이오사이언스|2023|2024
KOSDAQ,38070,(주)서린바이오사이언스,2023,2024,wholesale_retail,small_and_medium,test,0,0.4217431418754884,total_debt_turnover,5,-0.4910895526409149,0.4910895526409149,decrease_risk,3.103514,038070,small_and_medium,wholesale_retail,false_positive,0,1,투자적격,투기등급,0.4217431418754884,0.315,0.10674314187548839,cashflow_structure,총부채회전율,총부채 대비 매출액 비율,KOSDAQ|038070|(주)서린바이오사이언스|2023|2024
KOSDAQ,38070,(주)서린바이오사이언스,2023,2024,wholesale_retail,small_and_medium,test,0,0.4217431418754884,net_margin,6,0.4489474594593048,0.4489474594593048,increase_risk,-0.025936,038070,small_and_medium,wholesale_retail,false_positive,0,1,투자적격,투기등급,0.4217431418754884,0.315,0.10674314187548839,profitability_returns,순이익률,매출액 대비 당기순이익 비율,KOSDAQ|038070|(주)서린바이오사이언스|2023|2024
KOSDAQ,38070,(주)서린바이오사이언스,2023,2024,wholesale_retail,small_and_medium,test,0,0.4217431418754884,interest_coverage_ratio,7,0.4247096180915832,0.4247096180915832,increase_risk,1.004852,038070,small_and_medium,wholesale_retail,false_positive,0,1,투자적격,투기등급,0.4217431418754884,0.315,0.10674314187548839,profitability_returns,이자보상배율,영업이익 대비 이자비용 배수,KOSDAQ|038070|(주)서린바이오사이언스|2023|2024
KOSDAQ,38070,(주)서린바이오사이언스,2023,2024,wholesale_retail,small_and_medium,test,0,0.4217431418754884,firm_size_group,8,0.3778035342693329,0.3778035342693329,increase_risk,small_and_medium,038070,small_and_medium,wholesale_retail,false_positive,0,1,투자적격,투기등급,0.4217431418754884,0.315,0.10674314187548839,context,기업규모 그룹,모델링용 기업규모 그룹,KOSDAQ|038070|(주)서린바이오사이언스|2023|2024
KOSDAQ,38070,(주)서린바이오사이언스,2023,2024,wholesale_retail,small_and_medium,test,0,0.4217431418754884,equity_ratio,9,-0.3667444586753845,0.3667444586753845,decrease_risk,0.747058,038070,small_and_medium,wholesale_retail,false_positive,0,1,투자적격,투기등급,0.4217431418754884,0.315,0.10674314187548839,stability_leverage,자기자본비율,총자산 대비 자기자본 비율,KOSDAQ|038070|(주)서린바이오사이언스|2023|2024
KOSDAQ,38070,(주)서린바이오사이언스,2023,2024,wholesale_retail,small_and_medium,test,0,0.4217431418754884,total_borrowings_ratio,10,-0.3029069304466247,0.3029069304466247,decrease_risk,0.006767,038070,small_and_medium,wholesale_retail,false_positive,0,1,투자적격,투기등급,0.4217431418754884,0.315,0.10674314187548839,stability_leverage,총차입금비율,총자산 대비 총차입금 비율,KOSDAQ|038070|(주)서린바이오사이언스|2023|2024
KOSPI,4540,깨끗한나라(주),2024,2025,manufacturing,mid_sized,test,0,0.4209242219048103,depreciation,1,-0.9663423299789428,0.9663423299789428,decrease_risk,28010324,004540,mid_sized,manufacturing,false_positive,0,1,투자적격,투기등급,0.4209242219048103,0.315,0.10592422190481032,cashflow_structure,감가상각비,감가상각비,KOSPI|004540|깨끗한나라(주)|2024|2025
KOSPI,4540,깨끗한나라(주),2024,2025,manufacturing,mid_sized,test,0,0.4209242219048103,equity_ratio,2,0.4772322177886963,0.4772322177886963,increase_risk,0.306137,004540,mid_sized,manufacturing,false_positive,0,1,투자적격,투기등급,0.4209242219048103,0.315,0.10592422190481032,stability_leverage,자기자본비율,총자산 대비 자기자본 비율,KOSPI|004540|깨끗한나라(주)|2024|2025
KOSPI,4540,깨끗한나라(주),2024,2025,manufacturing,mid_sized,test,0,0.4209242219048103,gross_profit,3,-0.4734050929546356,0.4734050929546356,decrease_risk,81894921,004540,mid_sized,manufacturing,false_positive,0,1,투자적격,투기등급,0.4209242219048103,0.315,0.10592422190481032,profitability_returns,매출총이익,매출총이익(손실),KOSPI|004540|깨끗한나라(주)|2024|2025
KOSPI,4540,깨끗한나라(주),2024,2025,manufacturing,mid_sized,test,0,0.4209242219048103,cashflow_coverage_ratio,4,0.3255809247493744,0.3255809247493744,increase_risk,-0.322549,004540,mid_sized,manufacturing,false_positive,0,1,투자적격,투기등급,0.4209242219048103,0.315,0.10592422190481032,cashflow_structure,현금흐름 커버리지,이자비용 대비 영업현금흐름 배수,KOSPI|004540|깨끗한나라(주)|2024|2025
KOSPI,4540,깨끗한나라(주),2024,2025,manufacturing,mid_sized,test,0,0.4209242219048103,listed_year,5,0.2934837937355041,0.2934837937355041,increase_risk,1974,004540,mid_sized,manufacturing,false_positive,0,1,투자적격,투기등급,0.4209242219048103,0.315,0.10592422190481032,context,상장연도,상장일에서 추출한 연도,KOSPI|004540|깨끗한나라(주)|2024|2025
KOSPI,4540,깨끗한나라(주),2024,2025,manufacturing,mid_sized,test,0,0.4209242219048103,interest_coverage_ratio,6,0.283607006072998,0.283607006072998,increase_risk,-0.051629,004540,mid_sized,manufacturing,false_positive,0,1,투자적격,투기등급,0.4209242219048103,0.315,0.10592422190481032,profitability_returns,이자보상배율,영업이익 대비 이자비용 배수,KOSPI|004540|깨끗한나라(주)|2024|2025
KOSPI,4540,깨끗한나라(주),2024,2025,manufacturing,mid_sized,test,0,0.4209242219048103,industry_macro_category,7,0.2514445781707763,0.2514445781707763,increase_risk,manufacturing,004540,mid_sized,manufacturing,false_positive,0,1,투자적격,투기등급,0.4209242219048103,0.315,0.10592422190481032,context,산업 대분류,모델링용 산업 대분류,KOSPI|004540|깨끗한나라(주)|2024|2025
KOSPI,4540,깨끗한나라(주),2024,2025,manufacturing,mid_sized,test,0,0.4209242219048103,assets_total,8,-0.2236963361501693,0.2236963361501693,decrease_risk,621077310,004540,mid_sized,manufacturing,false_positive,0,1,투자적격,투기등급,0.4209242219048103,0.315,0.10592422190481032,stability_leverage,자산총계,총자산,KOSPI|004540|깨끗한나라(주)|2024|2025
KOSPI,4540,깨끗한나라(주),2024,2025,manufacturing,mid_sized,test,0,0.4209242219048103,net_margin,9,0.2155999392271042,0.2155999392271042,increase_risk,-0.04123,004540,mid_sized,manufacturing,false_positive,0,1,투자적격,투기등급,0.4209242219048103,0.315,0.10592422190481032,profitability_returns,순이익률,매출액 대비 당기순이익 비율,KOSPI|004540|깨끗한나라(주)|2024|2025
KOSPI,4540,깨끗한나라(주),2024,2025,manufacturing,mid_sized,test,0,0.4209242219048103,dividend_payer,10,0.2047457844018936,0.2047457844018936,increase_risk,0,004540,mid_sized,manufacturing,false_positive,0,1,투자적격,투기등급,0.4209242219048103,0.315,0.10592422190481032,market_shareholder,배당금 지급 여부,해당 회계연도에 현금배당을 지급했는지 여부,KOSPI|004540|깨끗한나라(주)|2024|2025
KOSDAQ,272110,(주)케이엔제이,2023,2024,manufacturing,small_and_medium,test,0,0.3851820916229586,gross_profit,1,0.6796538829803467,0.6796538829803467,increase_risk,22945149,272110,small_and_medium,manufacturing,false_positive,0,1,투자적격,투기등급,0.3851820916229586,0.315,0.07018209162295858,profitability_returns,매출총이익,매출총이익(손실),KOSDAQ|272110|(주)케이엔제이|2023|2024
KOSDAQ,272110,(주)케이엔제이,2023,2024,manufacturing,small_and_medium,test,0,0.3851820916229586,net_margin,2,-0.5433952212333679,0.5433952212333679,decrease_risk,0.173796,272110,small_and_medium,manufacturing,false_positive,0,1,투자적격,투기등급,0.3851820916229586,0.315,0.07018209162295858,profitability_returns,순이익률,매출액 대비 당기순이익 비율,KOSDAQ|272110|(주)케이엔제이|2023|2024
KOSDAQ,272110,(주)케이엔제이,2023,2024,manufacturing,small_and_medium,test,0,0.3851820916229586,capital_impairment_ratio,3,-0.39141845703125,0.39141845703125,decrease_risk,-15.363466,272110,small_and_medium,manufacturing,false_positive,0,1,투자적격,투기등급,0.3851820916229586,0.315,0.07018209162295858,stability_leverage,자본잠식률,자본금 대비 자본잠식 정도,KOSDAQ|272110|(주)케이엔제이|2023|2024
KOSDAQ,272110,(주)케이엔제이,2023,2024,manufacturing,small_and_medium,test,0,0.3851820916229586,listed_year,4,0.2968869805335998,0.2968869805335998,increase_risk,2019,272110,small_and_medium,manufacturing,false_positive,0,1,투자적격,투기등급,0.3851820916229586,0.315,0.07018209162295858,context,상장연도,상장일에서 추출한 연도,KOSDAQ|272110|(주)케이엔제이|2023|2024
KOSDAQ,272110,(주)케이엔제이,2023,2024,manufacturing,small_and_medium,test,0,0.3851820916229586,dividend_payer,5,0.2714327573776245,0.2714327573776245,increase_risk,0,272110,small_and_medium,manufacturing,false_positive,0,1,투자적격,투기등급,0.3851820916229586,0.315,0.07018209162295858,market_shareholder,배당금 지급 여부,해당 회계연도에 현금배당을 지급했는지 여부,KOSDAQ|272110|(주)케이엔제이|2023|2024
KOSDAQ,272110,(주)케이엔제이,2023,2024,manufacturing,small_and_medium,test,0,0.3851820916229586,cash_ratio,6,-0.2200161069631576,0.2200161069631576,decrease_risk,0.602817,272110,small_and_medium,manufacturing,false_positive,0,1,투자적격,투기등급,0.3851820916229586,0.315,0.07018209162295858,stability_leverage,현금비율,유동부채 대비 현금및현금성자산 비율,KOSDAQ|272110|(주)케이엔제이|2023|2024
KOSDAQ,272110,(주)케이엔제이,2023,2024,manufacturing,small_and_medium,test,0,0.3851820916229586,firm_size_group,7,0.1861110180616378,0.1861110180616378,increase_risk,small_and_medium,272110,small_and_medium,manufacturing,false_positive,0,1,투자적격,투기등급,0.3851820916229586,0.315,0.07018209162295858,context,기업규모 그룹,모델링용 기업규모 그룹,KOSDAQ|272110|(주)케이엔제이|2023|2024
KOSDAQ,272110,(주)케이엔제이,2023,2024,manufacturing,small_and_medium,test,0,0.3851820916229586,interest_coverage_ratio,8,0.1619556099176406,0.1619556099176406,increase_risk,5.179884,272110,small_and_medium,manufacturing,false_positive,0,1,투자적격,투기등급,0.3851820916229586,0.315,0.07018209162295858,profitability_returns,이자보상배율,영업이익 대비 이자비용 배수,KOSDAQ|272110|(주)케이엔제이|2023|2024
KOSDAQ,272110,(주)케이엔제이,2023,2024,manufacturing,small_and_medium,test,0,0.3851820916229586,assets_total,9,0.1540800780057907,0.1540800780057907,increase_risk,126396880,272110,small_and_medium,manufacturing,false_positive,0,1,투자적격,투기등급,0.3851820916229586,0.315,0.07018209162295858,stability_leverage,자산총계,총자산,KOSDAQ|272110|(주)케이엔제이|2023|2024
KOSDAQ,272110,(주)케이엔제이,2023,2024,manufacturing,small_and_medium,test,0,0.3851820916229586,depreciation,10,0.1363036334514618,0.1363036334514618,increase_risk,4777827,272110,small_and_medium,manufacturing,false_positive,0,1,투자적격,투기등급,0.3851820916229586,0.315,0.07018209162295858,cashflow_structure,감가상각비,감가상각비,KOSDAQ|272110|(주)케이엔제이|2023|2024
KOSPI,42660,한화오션(주),2024,2025,manufacturing,large,test,0,0.3804751947112185,intangible_assets_ratio,1,0.9384554624557496,0.9384554624557496,increase_risk,0.002328,042660,large,manufacturing,false_positive,0,1,투자적격,투기등급,0.3804751947112185,0.315,0.06547519471121849,cashflow_structure,무형자산 비중,총자산 대비 무형자산 비율,KOSPI|042660|한화오션(주)|2024|2025
KOSPI,42660,한화오션(주),2024,2025,manufacturing,large,test,0,0.3804751947112185,firm_size_group,2,-0.8425434231758118,0.8425434231758118,decrease_risk,large,042660,large,manufacturing,false_positive,0,1,투자적격,투기등급,0.3804751947112185,0.315,0.06547519471121849,context,기업규모 그룹,모델링용 기업규모 그룹,KOSPI|042660|한화오션(주)|2024|2025
KOSPI,42660,한화오션(주),2024,2025,manufacturing,large,test,0,0.3804751947112185,depreciation,3,-0.7747356295585632,0.7747356295585632,decrease_risk,173293000,042660,large,manufacturing,false_positive,0,1,투자적격,투기등급,0.3804751947112185,0.315,0.06547519471121849,cashflow_structure,감가상각비,감가상각비,KOSPI|042660|한화오션(주)|2024|2025
KOSPI,42660,한화오션(주),2024,2025,manufacturing,large,test,0,0.3804751947112185,gross_profit,4,-0.6928274631500244,0.6928274631500244,decrease_risk,683926234,042660,large,manufacturing,false_positive,0,1,투자적격,투기등급,0.3804751947112185,0.315,0.06547519471121849,profitability_returns,매출총이익,매출총이익(손실),KOSPI|042660|한화오션(주)|2024|2025
KOSPI,42660,한화오션(주),2024,2025,manufacturing,large,test,0,0.3804751947112185,assets_total,5,-0.6165571808815002,0.6165571808815002,decrease_risk,17843809161,042660,large,manufacturing,false_positive,0,1,투자적격,투기등급,0.3804751947112185,0.315,0.06547519471121849,stability_leverage,자산총계,총자산,KOSPI|042660|한화오션(주)|2024|2025
KOSPI,42660,한화오션(주),2024,2025,manufacturing,large,test,0,0.3804751947112185,net_margin,6,-0.4335569143295288,0.4335569143295288,decrease_risk,0.049018,042660,large,manufacturing,false_positive,0,1,투자적격,투기등급,0.3804751947112185,0.315,0.06547519471121849,profitability_returns,순이익률,매출액 대비 당기순이익 비율,KOSPI|042660|한화오션(주)|2024|2025
KOSPI,42660,한화오션(주),2024,2025,manufacturing,large,test,0,0.3804751947112185,equity_ratio,7,0.4136306345462799,0.4136306345462799,increase_risk,0.272551,042660,large,manufacturing,false_positive,0,1,투자적격,투기등급,0.3804751947112185,0.315,0.06547519471121849,stability_leverage,자기자본비율,총자산 대비 자기자본 비율,KOSPI|042660|한화오션(주)|2024|2025
KOSPI,42660,한화오션(주),2024,2025,manufacturing,large,test,0,0.3804751947112185,is_2y_consecutive_ocf_deficit,8,0.3504724204540252,0.3504724204540252,increase_risk,1,042660,large,manufacturing,false_positive,0,1,투자적격,투기등급,0.3804751947112185,0.315,0.06547519471121849,trend_early_warning,2년 연속 OCF 적자 여부,당기와 전기 모두 영업현금흐름이 음수인지 여부,KOSPI|042660|한화오션(주)|2024|2025
KOSPI,42660,한화오션(주),2024,2025,manufacturing,large,test,0,0.3804751947112185,ocf_to_total_borrowings,9,0.3077070415019989,0.3077070415019989,increase_risk,-0.554623,042660,large,manufacturing,false_positive,0,1,투자적격,투기등급,0.3804751947112185,0.315,0.06547519471121849,cashflow_structure,OCF/총차입금,총차입금 대비 영업현금흐름 비율,KOSPI|042660|한화오션(주)|2024|2025
KOSPI,42660,한화오션(주),2024,2025,manufacturing,large,test,0,0.3804751947112185,industry_macro_category,10,0.2909837365150451,0.2909837365150451,increase_risk,manufacturing,042660,large,manufacturing,false_positive,0,1,투자적격,투기등급,0.3804751947112185,0.315,0.06547519471121849,context,산업 대분류,모델링용 산업 대분류,KOSPI|042660|한화오션(주)|2024|2025
KOSPI,484870,(주)엠앤씨솔루션,2024,2025,manufacturing,mid_sized,test,0,0.3740644066920322,listed_year,1,0.6925261616706848,0.6925261616706848,increase_risk,2024,484870,mid_sized,manufacturing,false_positive,0,1,투자적격,투기등급,0.3740644066920322,0.315,0.05906440669203222,context,상장연도,상장일에서 추출한 연도,KOSPI|484870|(주)엠앤씨솔루션|2024|2025
KOSPI,484870,(주)엠앤씨솔루션,2024,2025,manufacturing,mid_sized,test,0,0.3740644066920322,interest_coverage_ratio,2,-0.6788347959518433,0.6788347959518433,decrease_risk,1000000.0,484870,mid_sized,manufacturing,false_positive,0,1,투자적격,투기등급,0.3740644066920322,0.315,0.05906440669203222,profitability_returns,이자보상배율,영업이익 대비 이자비용 배수,KOSPI|484870|(주)엠앤씨솔루션|2024|2025
KOSPI,484870,(주)엠앤씨솔루션,2024,2025,manufacturing,mid_sized,test,0,0.3740644066920322,market,3,-0.4418026804924011,0.4418026804924011,decrease_risk,,484870,mid_sized,manufacturing,false_positive,0,1,투자적격,투기등급,0.3740644066920322,0.315,0.05906440669203222,context,시장구분,상장시장 구분,KOSPI|484870|(주)엠앤씨솔루션|2024|2025
KOSPI,484870,(주)엠앤씨솔루션,2024,2025,manufacturing,mid_sized,test,0,0.3740644066920322,gross_profit,4,0.2663782835006714,0.2663782835006714,increase_risk,0,484870,mid_sized,manufacturing,false_positive,0,1,투자적격,투기등급,0.3740644066920322,0.315,0.05906440669203222,profitability_returns,매출총이익,매출총이익(손실),KOSPI|484870|(주)엠앤씨솔루션|2024|2025
KOSPI,484870,(주)엠앤씨솔루션,2024,2025,manufacturing,mid_sized,test,0,0.3740644066920322,assets_total,5,0.2604556679725647,0.2604556679725647,increase_risk,0,484870,mid_sized,manufacturing,false_positive,0,1,투자적격,투기등급,0.3740644066920322,0.315,0.05906440669203222,stability_leverage,자산총계,총자산,KOSPI|484870|(주)엠앤씨솔루션|2024|2025
KOSPI,484870,(주)엠앤씨솔루션,2024,2025,manufacturing,mid_sized,test,0,0.3740644066920322,capital_impairment_ratio,6,0.2423193007707595,0.2423193007707595,increase_risk,,484870,mid_sized,manufacturing,false_positive,0,1,투자적격,투기등급,0.3740644066920322,0.315,0.05906440669203222,stability_leverage,자본잠식률,자본금 대비 자본잠식 정도,KOSPI|484870|(주)엠앤씨솔루션|2024|2025
KOSPI,484870,(주)엠앤씨솔루션,2024,2025,manufacturing,mid_sized,test,0,0.3740644066920322,dividend_payer,7,0.2400142848491668,0.2400142848491668,increase_risk,0,484870,mid_sized,manufacturing,false_positive,0,1,투자적격,투기등급,0.3740644066920322,0.315,0.05906440669203222,market_shareholder,배당금 지급 여부,해당 회계연도에 현금배당을 지급했는지 여부,KOSPI|484870|(주)엠앤씨솔루션|2024|2025
KOSPI,484870,(주)엠앤씨솔루션,2024,2025,manufacturing,mid_sized,test,0,0.3740644066920322,cashflow_coverage_ratio,8,-0.1826067268848419,0.1826067268848419,decrease_risk,1000000.0,484870,mid_sized,manufacturing,false_positive,0,1,투자적격,투기등급,0.3740644066920322,0.315,0.05906440669203222,cashflow_structure,현금흐름 커버리지,이자비용 대비 영업현금흐름 배수,KOSPI|484870|(주)엠앤씨솔루션|2024|2025
KOSPI,484870,(주)엠앤씨솔루션,2024,2025,manufacturing,mid_sized,test,0,0.3740644066920322,equity_ratio,9,-0.0988020226359367,0.0988020226359367,decrease_risk,,484870,mid_sized,manufacturing,false_positive,0,1,투자적격,투기등급,0.3740644066920322,0.315,0.05906440669203222,stability_leverage,자기자본비율,총자산 대비 자기자본 비율,KOSPI|484870|(주)엠앤씨솔루션|2024|2025
KOSPI,484870,(주)엠앤씨솔루션,2024,2025,manufacturing,mid_sized,test,0,0.3740644066920322,depreciation,10,0.0973289385437965,0.0973289385437965,increase_risk,0,484870,mid_sized,manufacturing,false_positive,0,1,투자적격,투기등급,0.3740644066920322,0.315,0.05906440669203222,cashflow_structure,감가상각비,감가상각비,KOSPI|484870|(주)엠앤씨솔루션|2024|2025
KOSPI,6390,한일현대시멘트(주),2024,2025,manufacturing,mid_sized,test,0,0.3712236651474705,listed_year,1,0.7145015597343445,0.7145015597343445,increase_risk,1975,006390,mid_sized,manufacturing,false_positive,0,1,투자적격,투기등급,0.3712236651474705,0.315,0.056223665147470514,context,상장연도,상장일에서 추출한 연도,KOSPI|006390|한일현대시멘트(주)|2024|2025
KOSPI,6390,한일현대시멘트(주),2024,2025,manufacturing,mid_sized,test,0,0.3712236651474705,interest_coverage_ratio,2,-0.7096194624900818,0.7096194624900818,decrease_risk,1000000.0,006390,mid_sized,manufacturing,false_positive,0,1,투자적격,투기등급,0.3712236651474705,0.315,0.056223665147470514,profitability_returns,이자보상배율,영업이익 대비 이자비용 배수,KOSPI|006390|한일현대시멘트(주)|2024|2025
KOSPI,6390,한일현대시멘트(주),2024,2025,manufacturing,mid_sized,test,0,0.3712236651474705,capital_impairment_ratio,3,0.271023541688919,0.271023541688919,increase_risk,,006390,mid_sized,manufacturing,false_positive,0,1,투자적격,투기등급,0.3712236651474705,0.315,0.056223665147470514,stability_leverage,자본잠식률,자본금 대비 자본잠식 정도,KOSPI|006390|한일현대시멘트(주)|2024|2025
KOSPI,6390,한일현대시멘트(주),2024,2025,manufacturing,mid_sized,test,0,0.3712236651474705,gross_profit,4,0.2636651992797851,0.2636651992797851,increase_risk,0,006390,mid_sized,manufacturing,false_positive,0,1,투자적격,투기등급,0.3712236651474705,0.315,0.056223665147470514,profitability_returns,매출총이익,매출총이익(손실),KOSPI|006390|한일현대시멘트(주)|2024|2025
KOSPI,6390,한일현대시멘트(주),2024,2025,manufacturing,mid_sized,test,0,0.3712236651474705,assets_total,5,0.2562090754508972,0.2562090754508972,increase_risk,0,006390,mid_sized,manufacturing,false_positive,0,1,투자적격,투기등급,0.3712236651474705,0.315,0.056223665147470514,stability_leverage,자산총계,총자산,KOSPI|006390|한일현대시멘트(주)|2024|2025
KOSPI,6390,한일현대시멘트(주),2024,2025,manufacturing,mid_sized,test,0,0.3712236651474705,dividend_payer,6,0.2425484508275985,0.2425484508275985,increase_risk,0,006390,mid_sized,manufacturing,false_positive,0,1,투자적격,투기등급,0.3712236651474705,0.315,0.056223665147470514,market_shareholder,배당금 지급 여부,해당 회계연도에 현금배당을 지급했는지 여부,KOSPI|006390|한일현대시멘트(주)|2024|2025
KOSPI,6390,한일현대시멘트(주),2024,2025,manufacturing,mid_sized,test,0,0.3712236651474705,cashflow_coverage_ratio,7,-0.1974897682666778,0.1974897682666778,decrease_risk,1000000.0,006390,mid_sized,manufacturing,false_positive,0,1,투자적격,투기등급,0.3712236651474705,0.315,0.056223665147470514,cashflow_structure,현금흐름 커버리지,이자비용 대비 영업현금흐름 배수,KOSPI|006390|한일현대시멘트(주)|2024|2025
KOSPI,6390,한일현대시멘트(주),2024,2025,manufacturing,mid_sized,test,0,0.3712236651474705,firm_size_group,8,-0.1889237910509109,0.1889237910509109,decrease_risk,mid_sized,006390,mid_sized,manufacturing,false_positive,0,1,투자적격,투기등급,0.3712236651474705,0.315,0.056223665147470514,context,기업규모 그룹,모델링용 기업규모 그룹,KOSPI|006390|한일현대시멘트(주)|2024|2025
KOSPI,6390,한일현대시멘트(주),2024,2025,manufacturing,mid_sized,test,0,0.3712236651474705,spec_spread,9,-0.1578554660081863,0.1578554660081863,decrease_risk,6.084,006390,mid_sized,manufacturing,false_positive,0,1,투자적격,투기등급,0.3712236651474705,0.315,0.056223665147470514,macro,투기경계 스프레드,회사채 BBB-와 AA- 간 스프레드,KOSPI|006390|한일현대시멘트(주)|2024|2025
KOSPI,6390,한일현대시멘트(주),2024,2025,manufacturing,mid_sized,test,0,0.3712236651474705,market,10,-0.1410425901412964,0.1410425901412964,decrease_risk,,006390,mid_sized,manufacturing,false_positive,0,1,투자적격,투기등급,0.3712236651474705,0.315,0.056223665147470514,context,시장구분,상장시장 구분,KOSPI|006390|한일현대시멘트(주)|2024|2025
KOSPI,298000,효성화학(주),2023,2024,manufacturing,large,test,0,0.3678817292420358,firm_size_group,1,-1.3761829137802124,1.3761829137802124,decrease_risk,large,298000,large,manufacturing,false_positive,0,1,투자적격,투기등급,0.3678817292420358,0.315,0.052881729242035824,context,기업규모 그룹,모델링용 기업규모 그룹,KOSPI|298000|효성화학(주)|2023|2024
KOSPI,298000,효성화학(주),2023,2024,manufacturing,large,test,0,0.3678817292420358,depreciation,2,-0.9039135575294496,0.9039135575294496,decrease_risk,245271000,298000,large,manufacturing,false_positive,0,1,투자적격,투기등급,0.3678817292420358,0.315,0.052881729242035824,cashflow_structure,감가상각비,감가상각비,KOSPI|298000|효성화학(주)|2023|2024
KOSPI,298000,효성화학(주),2023,2024,manufacturing,large,test,0,0.3678817292420358,pretax_roe,3,0.8875583410263062,0.8875583410263062,increase_risk,-6.009554,298000,large,manufacturing,false_positive,0,1,투자적격,투기등급,0.3678817292420358,0.315,0.052881729242035824,profitability_returns,세전계속사업이익 기준 ROE,자기자본 대비 세전이익 비율,KOSPI|298000|효성화학(주)|2023|2024
KOSPI,298000,효성화학(주),2023,2024,manufacturing,large,test,0,0.3678817292420358,assets_total,4,-0.8250988721847534,0.8250988721847534,decrease_risk,3115610853,298000,large,manufacturing,false_positive,0,1,투자적격,투기등급,0.3678817292420358,0.315,0.052881729242035824,stability_leverage,자산총계,총자산,KOSPI|298000|효성화학(주)|2023|2024
KOSPI,298000,효성화학(주),2023,2024,manufacturing,large,test,0,0.3678817292420358,equity_ratio,5,0.7905632853507996,0.7905632853507996,increase_risk,0.019862,298000,large,manufacturing,false_positive,0,1,투자적격,투기등급,0.3678817292420358,0.315,0.052881729242035824,stability_leverage,자기자본비율,총자산 대비 자기자본 비율,KOSPI|298000|효성화학(주)|2023|2024
KOSPI,298000,효성화학(주),2023,2024,manufacturing,large,test,0,0.3678817292420358,net_margin,6,0.4238353371620178,0.4238353371620178,increase_risk,-0.124269,298000,large,manufacturing,false_positive,0,1,투자적격,투기등급,0.3678817292420358,0.315,0.052881729242035824,profitability_returns,순이익률,매출액 대비 당기순이익 비율,KOSPI|298000|효성화학(주)|2023|2024
KOSPI,298000,효성화학(주),2023,2024,manufacturing,large,test,0,0.3678817292420358,interest_coverage_ratio,7,0.4038292467594147,0.4038292467594147,increase_risk,-1.091154,298000,large,manufacturing,false_positive,0,1,투자적격,투기등급,0.3678817292420358,0.315,0.052881729242035824,profitability_returns,이자보상배율,영업이익 대비 이자비용 배수,KOSPI|298000|효성화학(주)|2023|2024
KOSPI,298000,효성화학(주),2023,2024,manufacturing,large,test,0,0.3678817292420358,gross_profit,8,0.3453989923000335,0.3453989923000335,increase_risk,-77793612,298000,large,manufacturing,false_positive,0,1,투자적격,투기등급,0.3678817292420358,0.315,0.052881729242035824,profitability_returns,매출총이익,매출총이익(손실),KOSPI|298000|효성화학(주)|2023|2024
KOSPI,298000,효성화학(주),2023,2024,manufacturing,large,test,0,0.3678817292420358,total_borrowings_ratio,9,0.3365368843078613,0.3365368843078613,increase_risk,0.501513,298000,large,manufacturing,false_positive,0,1,투자적격,투기등급,0.3678817292420358,0.315,0.052881729242035824,stability_leverage,총차입금비율,총자산 대비 총차입금 비율,KOSPI|298000|효성화학(주)|2023|2024
KOSPI,298000,효성화학(주),2023,2024,manufacturing,large,test,0,0.3678817292420358,market,10,-0.2925625443458557,0.2925625443458557,decrease_risk,,298000,large,manufacturing,false_positive,0,1,투자적격,투기등급,0.3678817292420358,0.315,0.052881729242035824,context,시장구분,상장시장 구분,KOSPI|298000|효성화학(주)|2023|2024
KOSDAQ,86710,선진뷰티사이언스(주),2023,2024,manufacturing,small_and_medium,test,0,0.3676197289425737,gross_profit,1,0.6468870043754578,0.6468870043754578,increase_risk,24440673,086710,small_and_medium,manufacturing,false_positive,0,1,투자적격,투기등급,0.3676197289425737,0.315,0.05261972894257372,profitability_returns,매출총이익,매출총이익(손실),KOSDAQ|086710|선진뷰티사이언스(주)|2023|2024
KOSDAQ,86710,선진뷰티사이언스(주),2023,2024,manufacturing,small_and_medium,test,0,0.3676197289425737,net_margin,2,-0.6320412755012512,0.6320412755012512,decrease_risk,0.091819,086710,small_and_medium,manufacturing,false_positive,0,1,투자적격,투기등급,0.3676197289425737,0.315,0.05261972894257372,profitability_returns,순이익률,매출액 대비 당기순이익 비율,KOSDAQ|086710|선진뷰티사이언스(주)|2023|2024
KOSDAQ,86710,선진뷰티사이언스(주),2023,2024,manufacturing,small_and_medium,test,0,0.3676197289425737,listed_year,3,0.4394243359565735,0.4394243359565735,increase_risk,2021,086710,small_and_medium,manufacturing,false_positive,0,1,투자적격,투기등급,0.3676197289425737,0.315,0.05261972894257372,context,상장연도,상장일에서 추출한 연도,KOSDAQ|086710|선진뷰티사이언스(주)|2023|2024
KOSDAQ,86710,선진뷰티사이언스(주),2023,2024,manufacturing,small_and_medium,test,0,0.3676197289425737,dividend_payer,4,-0.3757901787757873,0.3757901787757873,decrease_risk,1,086710,small_and_medium,manufacturing,false_positive,0,1,투자적격,투기등급,0.3676197289425737,0.315,0.05261972894257372,market_shareholder,배당금 지급 여부,해당 회계연도에 현금배당을 지급했는지 여부,KOSDAQ|086710|선진뷰티사이언스(주)|2023|2024
KOSDAQ,86710,선진뷰티사이언스(주),2023,2024,manufacturing,small_and_medium,test,0,0.3676197289425737,firm_size_group,5,0.2641154527664184,0.2641154527664184,increase_risk,small_and_medium,086710,small_and_medium,manufacturing,false_positive,0,1,투자적격,투기등급,0.3676197289425737,0.315,0.05261972894257372,context,기업규모 그룹,모델링용 기업규모 그룹,KOSDAQ|086710|선진뷰티사이언스(주)|2023|2024
KOSDAQ,86710,선진뷰티사이언스(주),2023,2024,manufacturing,small_and_medium,test,0,0.3676197289425737,cashflow_coverage_ratio,6,0.2232891172170639,0.2232891172170639,increase_risk,1.233254,086710,small_and_medium,manufacturing,false_positive,0,1,투자적격,투기등급,0.3676197289425737,0.315,0.05261972894257372,cashflow_structure,현금흐름 커버리지,이자비용 대비 영업현금흐름 배수,KOSDAQ|086710|선진뷰티사이언스(주)|2023|2024
KOSDAQ,86710,선진뷰티사이언스(주),2023,2024,manufacturing,small_and_medium,test,0,0.3676197289425737,net_margin_diff,7,-0.2081091552972793,0.2081091552972793,decrease_risk,-0.220693,086710,small_and_medium,manufacturing,false_positive,0,1,투자적격,투기등급,0.3676197289425737,0.315,0.05261972894257372,trend_early_warning,순이익률 변화,전년 대비 순이익률 변화폭,KOSDAQ|086710|선진뷰티사이언스(주)|2023|2024
KOSDAQ,86710,선진뷰티사이언스(주),2023,2024,manufacturing,small_and_medium,test,0,0.3676197289425737,equity_ratio,8,-0.1987431496381759,0.1987431496381759,decrease_risk,0.57911,086710,small_and_medium,manufacturing,false_positive,0,1,투자적격,투기등급,0.3676197289425737,0.315,0.05261972894257372,stability_leverage,자기자본비율,총자산 대비 자기자본 비율,KOSDAQ|086710|선진뷰티사이언스(주)|2023|2024
KOSDAQ,86710,선진뷰티사이언스(주),2023,2024,manufacturing,small_and_medium,test,0,0.3676197289425737,capital_impairment_ratio,9,-0.188069686293602,0.188069686293602,decrease_risk,-10.93708,086710,small_and_medium,manufacturing,false_positive,0,1,투자적격,투기등급,0.3676197289425737,0.315,0.05261972894257372,stability_leverage,자본잠식률,자본금 대비 자본잠식 정도,KOSDAQ|086710|선진뷰티사이언스(주)|2023|2024
KOSDAQ,86710,선진뷰티사이언스(주),2023,2024,manufacturing,small_and_medium,test,0,0.3676197289425737,cash_ratio,10,0.155941441655159,0.155941441655159,increase_risk,0.353415,086710,small_and_medium,manufacturing,false_positive,0,1,투자적격,투기등급,0.3676197289425737,0.315,0.05261972894257372,stability_leverage,현금비율,유동부채 대비 현금및현금성자산 비율,KOSDAQ|086710|선진뷰티사이언스(주)|2023|2024
KOSPI,79980,(주)휴비스,2023,2024,manufacturing,mid_sized,test,0,0.3600017655984642,depreciation,1,-1.0406742095947266,1.0406742095947266,decrease_risk,41838964,079980,mid_sized,manufacturing,false_positive,0,1,투자적격,투기등급,0.3600017655984642,0.315,0.045001765598464194,cashflow_structure,감가상각비,감가상각비,KOSPI|079980|(주)휴비스|2023|2024
KOSPI,79980,(주)휴비스,2023,2024,manufacturing,mid_sized,test,0,0.3600017655984642,assets_total,2,-0.7060942053794861,0.7060942053794861,decrease_risk,782722787,079980,mid_sized,manufacturing,false_positive,0,1,투자적격,투기등급,0.3600017655984642,0.315,0.045001765598464194,stability_leverage,자산총계,총자산,KOSPI|079980|(주)휴비스|2023|2024
KOSPI,79980,(주)휴비스,2023,2024,manufacturing,mid_sized,test,0,0.3600017655984642,listed_year,3,-0.6026562452316284,0.6026562452316284,decrease_risk,2012,079980,mid_sized,manufacturing,false_positive,0,1,투자적격,투기등급,0.3600017655984642,0.315,0.045001765598464194,context,상장연도,상장일에서 추출한 연도,KOSPI|079980|(주)휴비스|2023|2024
KOSPI,79980,(주)휴비스,2023,2024,manufacturing,mid_sized,test,0,0.3600017655984642,gross_profit,4,0.4313706159591675,0.4313706159591675,increase_risk,8191571,079980,mid_sized,manufacturing,false_positive,0,1,투자적격,투기등급,0.3600017655984642,0.315,0.045001765598464194,profitability_returns,매출총이익,매출총이익(손실),KOSPI|079980|(주)휴비스|2023|2024
KOSPI,79980,(주)휴비스,2023,2024,manufacturing,mid_sized,test,0,0.3600017655984642,capital_impairment_ratio,5,0.3982607722282409,0.3982607722282409,increase_risk,-0.573259,079980,mid_sized,manufacturing,false_positive,0,1,투자적격,투기등급,0.3600017655984642,0.315,0.045001765598464194,stability_leverage,자본잠식률,자본금 대비 자본잠식 정도,KOSPI|079980|(주)휴비스|2023|2024
KOSPI,79980,(주)휴비스,2023,2024,manufacturing,mid_sized,test,0,0.3600017655984642,equity_ratio,6,0.3418511748313904,0.3418511748313904,increase_risk,0.346722,079980,mid_sized,manufacturing,false_positive,0,1,투자적격,투기등급,0.3600017655984642,0.315,0.045001765598464194,stability_leverage,자기자본비율,총자산 대비 자기자본 비율,KOSPI|079980|(주)휴비스|2023|2024
KOSPI,79980,(주)휴비스,2023,2024,manufacturing,mid_sized,test,0,0.3600017655984642,interest_coverage_ratio,7,0.3295176029205322,0.3295176029205322,increase_risk,-4.977631,079980,mid_sized,manufacturing,false_positive,0,1,투자적격,투기등급,0.3600017655984642,0.315,0.045001765598464194,profitability_returns,이자보상배율,영업이익 대비 이자비용 배수,KOSPI|079980|(주)휴비스|2023|2024
KOSPI,79980,(주)휴비스,2023,2024,manufacturing,mid_sized,test,0,0.3600017655984642,pretax_roe,8,0.2611587047576904,0.2611587047576904,increase_risk,-0.436868,079980,mid_sized,manufacturing,false_positive,0,1,투자적격,투기등급,0.3600017655984642,0.315,0.045001765598464194,profitability_returns,세전계속사업이익 기준 ROE,자기자본 대비 세전이익 비율,KOSPI|079980|(주)휴비스|2023|2024
KOSPI,79980,(주)휴비스,2023,2024,manufacturing,mid_sized,test,0,0.3600017655984642,net_margin,9,0.2589982450008392,0.2589982450008392,increase_risk,-0.116405,079980,mid_sized,manufacturing,false_positive,0,1,투자적격,투기등급,0.3600017655984642,0.315,0.045001765598464194,profitability_returns,순이익률,매출액 대비 당기순이익 비율,KOSPI|079980|(주)휴비스|2023|2024
KOSPI,79980,(주)휴비스,2023,2024,manufacturing,mid_sized,test,0,0.3600017655984642,net_margin_diff,10,-0.244414746761322,0.244414746761322,decrease_risk,-0.036664,079980,mid_sized,manufacturing,false_positive,0,1,투자적격,투기등급,0.3600017655984642,0.315,0.045001765598464194,trend_early_warning,순이익률 변화,전년 대비 순이익률 변화폭,KOSPI|079980|(주)휴비스|2023|2024
KOSDAQ,53080,케이엔솔(주),2023,2024,manufacturing,mid_sized,test,0,0.3529088937433356,listed_year,1,0.7643274664878845,0.7643274664878845,increase_risk,2020,053080,mid_sized,manufacturing,false_positive,0,1,투자적격,투기등급,0.3529088937433356,0.315,0.037908893743335614,context,상장연도,상장일에서 추출한 연도,KOSDAQ|053080|케이엔솔(주)|2023|2024
KOSDAQ,53080,케이엔솔(주),2023,2024,manufacturing,mid_sized,test,0,0.3529088937433356,dividend_payer,2,-0.4171560108661651,0.4171560108661651,decrease_risk,1,053080,mid_sized,manufacturing,false_positive,0,1,투자적격,투기등급,0.3529088937433356,0.315,0.037908893743335614,market_shareholder,배당금 지급 여부,해당 회계연도에 현금배당을 지급했는지 여부,KOSDAQ|053080|케이엔솔(주)|2023|2024
KOSDAQ,53080,케이엔솔(주),2023,2024,manufacturing,mid_sized,test,0,0.3529088937433356,capital_impairment_ratio,3,-0.3987796306610107,0.3987796306610107,decrease_risk,-25.07704,053080,mid_sized,manufacturing,false_positive,0,1,투자적격,투기등급,0.3529088937433356,0.315,0.037908893743335614,stability_leverage,자본잠식률,자본금 대비 자본잠식 정도,KOSDAQ|053080|케이엔솔(주)|2023|2024
KOSDAQ,53080,케이엔솔(주),2023,2024,manufacturing,mid_sized,test,0,0.3529088937433356,cashflow_coverage_ratio,4,0.3341083526611328,0.3341083526611328,increase_risk,-2.142356,053080,mid_sized,manufacturing,false_positive,0,1,투자적격,투기등급,0.3529088937433356,0.315,0.037908893743335614,cashflow_structure,현금흐름 커버리지,이자비용 대비 영업현금흐름 배수,KOSDAQ|053080|케이엔솔(주)|2023|2024
KOSDAQ,53080,케이엔솔(주),2023,2024,manufacturing,mid_sized,test,0,0.3529088937433356,assets_total,5,-0.2602924108505249,0.2602924108505249,decrease_risk,396459542,053080,mid_sized,manufacturing,false_positive,0,1,투자적격,투기등급,0.3529088937433356,0.315,0.037908893743335614,stability_leverage,자산총계,총자산,KOSDAQ|053080|케이엔솔(주)|2023|2024
KOSDAQ,53080,케이엔솔(주),2023,2024,manufacturing,mid_sized,test,0,0.3529088937433356,gross_profit,6,-0.1632637232542038,0.1632637232542038,decrease_risk,53397947,053080,mid_sized,manufacturing,false_positive,0,1,투자적격,투기등급,0.3529088937433356,0.315,0.037908893743335614,profitability_returns,매출총이익,매출총이익(손실),KOSDAQ|053080|케이엔솔(주)|2023|2024
KOSDAQ,53080,케이엔솔(주),2023,2024,manufacturing,mid_sized,test,0,0.3529088937433356,cash_ratio,7,0.1551810503005981,0.1551810503005981,increase_risk,0.38909,053080,mid_sized,manufacturing,false_positive,0,1,투자적격,투기등급,0.3529088937433356,0.315,0.037908893743335614,stability_leverage,현금비율,유동부채 대비 현금및현금성자산 비율,KOSDAQ|053080|케이엔솔(주)|2023|2024
KOSDAQ,53080,케이엔솔(주),2023,2024,manufacturing,mid_sized,test,0,0.3529088937433356,total_assets_growth,8,0.1501787602901458,0.1501787602901458,increase_risk,0.23613,053080,mid_sized,manufacturing,false_positive,0,1,투자적격,투기등급,0.3529088937433356,0.315,0.037908893743335614,trend_early_warning,총자산증가율,전년 대비 총자산 증가율,KOSDAQ|053080|케이엔솔(주)|2023|2024
KOSDAQ,53080,케이엔솔(주),2023,2024,manufacturing,mid_sized,test,0,0.3529088937433356,short_term_borrowings_share,9,0.1254814118146896,0.1254814118146896,increase_risk,0.806714,053080,mid_sized,manufacturing,false_positive,0,1,투자적격,투기등급,0.3529088937433356,0.315,0.037908893743335614,trend_early_warning,단기차입금 비중,총차입금 중 단기차입금 비중,KOSDAQ|053080|케이엔솔(주)|2023|2024
KOSDAQ,53080,케이엔솔(주),2023,2024,manufacturing,mid_sized,test,0,0.3529088937433356,equity_ratio,10,-0.1233412772417068,0.1233412772417068,decrease_risk,0.42753,053080,mid_sized,manufacturing,false_positive,0,1,투자적격,투기등급,0.3529088937433356,0.315,0.037908893743335614,stability_leverage,자기자본비율,총자산 대비 자기자본 비율,KOSDAQ|053080|케이엔솔(주)|2023|2024
KOSPI,3010,(주)혜인,2023,2024,wholesale_retail,mid_sized,test,0,0.3453609822802965,interest_coverage_ratio,1,-0.7177698612213135,0.7177698612213135,decrease_risk,1000000.0,003010,mid_sized,wholesale_retail,false_positive,0,1,투자적격,투기등급,0.3453609822802965,0.315,0.03036098228029649,profitability_returns,이자보상배율,영업이익 대비 이자비용 배수,KOSPI|003010|(주)혜인|2023|2024
KOSPI,3010,(주)혜인,2023,2024,wholesale_retail,mid_sized,test,0,0.3453609822802965,industry_macro_category,2,0.6353296637535095,0.6353296637535095,increase_risk,wholesale_retail,003010,mid_sized,wholesale_retail,false_positive,0,1,투자적격,투기등급,0.3453609822802965,0.315,0.03036098228029649,context,산업 대분류,모델링용 산업 대분류,KOSPI|003010|(주)혜인|2023|2024
KOSPI,3010,(주)혜인,2023,2024,wholesale_retail,mid_sized,test,0,0.3453609822802965,capital_impairment_ratio,3,0.291109949350357,0.291109949350357,increase_risk,,003010,mid_sized,wholesale_retail,false_positive,0,1,투자적격,투기등급,0.3453609822802965,0.315,0.03036098228029649,stability_leverage,자본잠식률,자본금 대비 자본잠식 정도,KOSPI|003010|(주)혜인|2023|2024
KOSPI,3010,(주)혜인,2023,2024,wholesale_retail,mid_sized,test,0,0.3453609822802965,assets_total,4,0.2775073051452636,0.2775073051452636,increase_risk,0,003010,mid_sized,wholesale_retail,false_positive,0,1,투자적격,투기등급,0.3453609822802965,0.315,0.03036098228029649,stability_leverage,자산총계,총자산,KOSPI|003010|(주)혜인|2023|2024
KOSPI,3010,(주)혜인,2023,2024,wholesale_retail,mid_sized,test,0,0.3453609822802965,gross_profit,5,0.2596051692962646,0.2596051692962646,increase_risk,0,003010,mid_sized,wholesale_retail,false_positive,0,1,투자적격,투기등급,0.3453609822802965,0.315,0.03036098228029649,profitability_returns,매출총이익,매출총이익(손실),KOSPI|003010|(주)혜인|2023|2024
KOSPI,3010,(주)혜인,2023,2024,wholesale_retail,mid_sized,test,0,0.3453609822802965,dividend_payer,6,0.2372608929872512,0.2372608929872512,increase_risk,0,003010,mid_sized,wholesale_retail,false_positive,0,1,투자적격,투기등급,0.3453609822802965,0.315,0.03036098228029649,market_shareholder,배당금 지급 여부,해당 회계연도에 현금배당을 지급했는지 여부,KOSPI|003010|(주)혜인|2023|2024
KOSPI,3010,(주)혜인,2023,2024,wholesale_retail,mid_sized,test,0,0.3453609822802965,firm_size_group,7,-0.2370624840259552,0.2370624840259552,decrease_risk,mid_sized,003010,mid_sized,wholesale_retail,false_positive,0,1,투자적격,투기등급,0.3453609822802965,0.315,0.03036098228029649,context,기업규모 그룹,모델링용 기업규모 그룹,KOSPI|003010|(주)혜인|2023|2024
KOSPI,3010,(주)혜인,2023,2024,wholesale_retail,mid_sized,test,0,0.3453609822802965,cashflow_coverage_ratio,8,-0.1933949887752533,0.1933949887752533,decrease_risk,1000000.0,003010,mid_sized,wholesale_retail,false_positive,0,1,투자적격,투기등급,0.3453609822802965,0.315,0.03036098228029649,cashflow_structure,현금흐름 커버리지,이자비용 대비 영업현금흐름 배수,KOSPI|003010|(주)혜인|2023|2024
KOSPI,3010,(주)혜인,2023,2024,wholesale_retail,mid_sized,test,0,0.3453609822802965,market,9,-0.1850252747535705,0.1850252747535705,decrease_risk,,003010,mid_sized,wholesale_retail,false_positive,0,1,투자적격,투기등급,0.3453609822802965,0.315,0.03036098228029649,context,시장구분,상장시장 구분,KOSPI|003010|(주)혜인|2023|2024
KOSPI,3010,(주)혜인,2023,2024,wholesale_retail,mid_sized,test,0,0.3453609822802965,listed_year,10,-0.1779478788375854,0.1779478788375854,decrease_risk,1988,003010,mid_sized,wholesale_retail,false_positive,0,1,투자적격,투기등급,0.3453609822802965,0.315,0.03036098228029649,context,상장연도,상장일에서 추출한 연도,KOSPI|003010|(주)혜인|2023|2024
KOSDAQ,15710,(주)코콤,2023,2024,manufacturing,mid_sized,test,0,0.3445906590888958,total_assets_growth,1,0.7384904026985168,0.7384904026985168,increase_risk,-1.0,015710,mid_sized,manufacturing,false_positive,0,1,투자적격,투기등급,0.3445906590888958,0.315,0.0295906590888958,trend_early_warning,총자산증가율,전년 대비 총자산 증가율,KOSDAQ|015710|(주)코콤|2023|2024
KOSDAQ,15710,(주)코콤,2023,2024,manufacturing,mid_sized,test,0,0.3445906590888958,interest_coverage_ratio,2,-0.6724845170974731,0.6724845170974731,decrease_risk,1000000.0,015710,mid_sized,manufacturing,false_positive,0,1,투자적격,투기등급,0.3445906590888958,0.315,0.0295906590888958,profitability_returns,이자보상배율,영업이익 대비 이자비용 배수,KOSDAQ|015710|(주)코콤|2023|2024
KOSDAQ,15710,(주)코콤,2023,2024,manufacturing,mid_sized,test,0,0.3445906590888958,listed_year,3,-0.4306561350822449,0.4306561350822449,decrease_risk,1997,015710,mid_sized,manufacturing,false_positive,0,1,투자적격,투기등급,0.3445906590888958,0.315,0.0295906590888958,context,상장연도,상장일에서 추출한 연도,KOSDAQ|015710|(주)코콤|2023|2024
KOSDAQ,15710,(주)코콤,2023,2024,manufacturing,mid_sized,test,0,0.3445906590888958,capital_impairment_ratio,4,0.2586929500102997,0.2586929500102997,increase_risk,,015710,mid_sized,manufacturing,false_positive,0,1,투자적격,투기등급,0.3445906590888958,0.315,0.0295906590888958,stability_leverage,자본잠식률,자본금 대비 자본잠식 정도,KOSDAQ|015710|(주)코콤|2023|2024
KOSDAQ,15710,(주)코콤,2023,2024,manufacturing,mid_sized,test,0,0.3445906590888958,assets_total,5,0.2548881471157074,0.2548881471157074,increase_risk,0,015710,mid_sized,manufacturing,false_positive,0,1,투자적격,투기등급,0.3445906590888958,0.315,0.0295906590888958,stability_leverage,자산총계,총자산,KOSDAQ|015710|(주)코콤|2023|2024
KOSDAQ,15710,(주)코콤,2023,2024,manufacturing,mid_sized,test,0,0.3445906590888958,gross_profit,6,0.2532834410667419,0.2532834410667419,increase_risk,0,015710,mid_sized,manufacturing,false_positive,0,1,투자적격,투기등급,0.3445906590888958,0.315,0.0295906590888958,profitability_returns,매출총이익,매출총이익(손실),KOSDAQ|015710|(주)코콤|2023|2024
KOSDAQ,15710,(주)코콤,2023,2024,manufacturing,mid_sized,test,0,0.3445906590888958,dividend_payer,7,0.2185630947351455,0.2185630947351455,increase_risk,0,015710,mid_sized,manufacturing,false_positive,0,1,투자적격,투기등급,0.3445906590888958,0.315,0.0295906590888958,market_shareholder,배당금 지급 여부,해당 회계연도에 현금배당을 지급했는지 여부,KOSDAQ|015710|(주)코콤|2023|2024
KOSDAQ,15710,(주)코콤,2023,2024,manufacturing,mid_sized,test,0,0.3445906590888958,firm_size_group,8,-0.1828435659408569,0.1828435659408569,decrease_risk,mid_sized,015710,mid_sized,manufacturing,false_positive,0,1,투자적격,투기등급,0.3445906590888958,0.315,0.0295906590888958,context,기업규모 그룹,모델링용 기업규모 그룹,KOSDAQ|015710|(주)코콤|2023|2024
KOSDAQ,15710,(주)코콤,2023,2024,manufacturing,mid_sized,test,0,0.3445906590888958,cashflow_coverage_ratio,9,-0.1827178299427032,0.1827178299427032,decrease_risk,1000000.0,015710,mid_sized,manufacturing,false_positive,0,1,투자적격,투기등급,0.3445906590888958,0.315,0.0295906590888958,cashflow_structure,현금흐름 커버리지,이자비용 대비 영업현금흐름 배수,KOSDAQ|015710|(주)코콤|2023|2024
KOSDAQ,15710,(주)코콤,2023,2024,manufacturing,mid_sized,test,0,0.3445906590888958,equity_ratio,10,-0.1162759661674499,0.1162759661674499,decrease_risk,,015710,mid_sized,manufacturing,false_positive,0,1,투자적격,투기등급,0.3445906590888958,0.315,0.0295906590888958,stability_leverage,자기자본비율,총자산 대비 자기자본 비율,KOSDAQ|015710|(주)코콤|2023|2024
KOSDAQ,14470,(주)부방,2023,2024,other,mid_sized,test,0,0.3389805020019079,industry_macro_category,1,-0.7769662141799927,0.7769662141799927,decrease_risk,other,014470,mid_sized,other,false_positive,0,1,투자적격,투기등급,0.3389805020019079,0.315,0.023980502001907877,context,산업 대분류,모델링용 산업 대분류,KOSDAQ|014470|(주)부방|2023|2024
KOSDAQ,14470,(주)부방,2023,2024,other,mid_sized,test,0,0.3389805020019079,net_margin,2,0.5712387561798096,0.5712387561798096,increase_risk,-0.078554,014470,mid_sized,other,false_positive,0,1,투자적격,투기등급,0.3389805020019079,0.315,0.023980502001907877,profitability_returns,순이익률,매출액 대비 당기순이익 비율,KOSDAQ|014470|(주)부방|2023|2024
KOSDAQ,14470,(주)부방,2023,2024,other,mid_sized,test,0,0.3389805020019079,interest_coverage_ratio,3,0.5461229681968689,0.5461229681968689,increase_risk,-0.098331,014470,mid_sized,other,false_positive,0,1,투자적격,투기등급,0.3389805020019079,0.315,0.023980502001907877,profitability_returns,이자보상배율,영업이익 대비 이자비용 배수,KOSDAQ|014470|(주)부방|2023|2024
KOSDAQ,14470,(주)부방,2023,2024,other,mid_sized,test,0,0.3389805020019079,gross_profit,4,-0.466474711894989,0.466474711894989,decrease_risk,82916038,014470,mid_sized,other,false_positive,0,1,투자적격,투기등급,0.3389805020019079,0.315,0.023980502001907877,profitability_returns,매출총이익,매출총이익(손실),KOSDAQ|014470|(주)부방|2023|2024
KOSDAQ,14470,(주)부방,2023,2024,other,mid_sized,test,0,0.3389805020019079,depreciation,5,0.3148994743824005,0.3148994743824005,increase_risk,7100256,014470,mid_sized,other,false_positive,0,1,투자적격,투기등급,0.3389805020019079,0.315,0.023980502001907877,cashflow_structure,감가상각비,감가상각비,KOSDAQ|014470|(주)부방|2023|2024
KOSDAQ,14470,(주)부방,2023,2024,other,mid_sized,test,0,0.3389805020019079,cashflow_coverage_ratio,6,0.2737780511379242,0.2737780511379242,increase_risk,2.722759,014470,mid_sized,other,false_positive,0,1,투자적격,투기등급,0.3389805020019079,0.315,0.023980502001907877,cashflow_structure,현금흐름 커버리지,이자비용 대비 영업현금흐름 배수,KOSDAQ|014470|(주)부방|2023|2024
KOSDAQ,14470,(주)부방,2023,2024,other,mid_sized,test,0,0.3389805020019079,dividend_payer,7,0.2648360729217529,0.2648360729217529,increase_risk,0,014470,mid_sized,other,false_positive,0,1,투자적격,투기등급,0.3389805020019079,0.315,0.023980502001907877,market_shareholder,배당금 지급 여부,해당 회계연도에 현금배당을 지급했는지 여부,KOSDAQ|014470|(주)부방|2023|2024
KOSDAQ,14470,(주)부방,2023,2024,other,mid_sized,test,0,0.3389805020019079,current_ratio,8,0.2639504671096802,0.2639504671096802,increase_risk,0.623591,014470,mid_sized,other,false_positive,0,1,투자적격,투기등급,0.3389805020019079,0.315,0.023980502001907877,stability_leverage,유동비율,유동자산 대비 유동부채 비율,KOSDAQ|014470|(주)부방|2023|2024
KOSDAQ,14470,(주)부방,2023,2024,other,mid_sized,test,0,0.3389805020019079,assets_total,9,-0.2442056536674499,0.2442056536674499,decrease_risk,299873288,014470,mid_sized,other,false_positive,0,1,투자적격,투기등급,0.3389805020019079,0.315,0.023980502001907877,stability_leverage,자산총계,총자산,KOSDAQ|014470|(주)부방|2023|2024
KOSDAQ,14470,(주)부방,2023,2024,other,mid_sized,test,0,0.3389805020019079,net_margin_diff,10,-0.1424596905708313,0.1424596905708313,decrease_risk,-0.170856,014470,mid_sized,other,false_positive,0,1,투자적격,투기등급,0.3389805020019079,0.315,0.023980502001907877,trend_early_warning,순이익률 변화,전년 대비 순이익률 변화폭,KOSDAQ|014470|(주)부방|2023|2024
KOSDAQ,45300,성우테크론(주),2023,2024,manufacturing,small_and_medium,test,0,0.3308874730683,capital_impairment_ratio,1,-0.6044026613235474,0.6044026613235474,decrease_risk,-12.807595,045300,small_and_medium,manufacturing,false_positive,0,1,투자적격,투기등급,0.3308874730683,0.315,0.015887473068300018,stability_leverage,자본잠식률,자본금 대비 자본잠식 정도,KOSDAQ|045300|성우테크론(주)|2023|2024
KOSDAQ,45300,성우테크론(주),2023,2024,manufacturing,small_and_medium,test,0,0.3308874730683,dividend_payer,2,-0.4778503179550171,0.4778503179550171,decrease_risk,1,045300,small_and_medium,manufacturing,false_positive,0,1,투자적격,투기등급,0.3308874730683,0.315,0.015887473068300018,market_shareholder,배당금 지급 여부,해당 회계연도에 현금배당을 지급했는지 여부,KOSDAQ|045300|성우테크론(주)|2023|2024
KOSDAQ,45300,성우테크론(주),2023,2024,manufacturing,small_and_medium,test,0,0.3308874730683,interest_coverage_ratio,3,0.46610027551651,0.46610027551651,increase_risk,-2.389491,045300,small_and_medium,manufacturing,false_positive,0,1,투자적격,투기등급,0.3308874730683,0.315,0.015887473068300018,profitability_returns,이자보상배율,영업이익 대비 이자비용 배수,KOSDAQ|045300|성우테크론(주)|2023|2024
KOSDAQ,45300,성우테크론(주),2023,2024,manufacturing,small_and_medium,test,0,0.3308874730683,equity_ratio,4,-0.4641798734664917,0.4641798734664917,decrease_risk,0.736442,045300,small_and_medium,manufacturing,false_positive,0,1,투자적격,투기등급,0.3308874730683,0.315,0.015887473068300018,stability_leverage,자기자본비율,총자산 대비 자기자본 비율,KOSDAQ|045300|성우테크론(주)|2023|2024
KOSDAQ,45300,성우테크론(주),2023,2024,manufacturing,small_and_medium,test,0,0.3308874730683,net_margin,5,0.4638533294200897,0.4638533294200897,increase_risk,-0.031141,045300,small_and_medium,manufacturing,false_positive,0,1,투자적격,투기등급,0.3308874730683,0.315,0.015887473068300018,profitability_returns,순이익률,매출액 대비 당기순이익 비율,KOSDAQ|045300|성우테크론(주)|2023|2024
KOSDAQ,45300,성우테크론(주),2023,2024,manufacturing,small_and_medium,test,0,0.3308874730683,firm_size_group,6,0.3153976500034332,0.3153976500034332,increase_risk,small_and_medium,045300,small_and_medium,manufacturing,false_positive,0,1,투자적격,투기등급,0.3308874730683,0.315,0.015887473068300018,context,기업규모 그룹,모델링용 기업규모 그룹,KOSDAQ|045300|성우테크론(주)|2023|2024
KOSDAQ,45300,성우테크론(주),2023,2024,manufacturing,small_and_medium,test,0,0.3308874730683,depreciation,7,0.2523433566093445,0.2523433566093445,increase_risk,1685651,045300,small_and_medium,manufacturing,false_positive,0,1,투자적격,투기등급,0.3308874730683,0.315,0.015887473068300018,cashflow_structure,감가상각비,감가상각비,KOSDAQ|045300|성우테크론(주)|2023|2024
KOSDAQ,45300,성우테크론(주),2023,2024,manufacturing,small_and_medium,test,0,0.3308874730683,gross_profit,8,0.2289662212133407,0.2289662212133407,increase_risk,2265092,045300,small_and_medium,manufacturing,false_positive,0,1,투자적격,투기등급,0.3308874730683,0.315,0.015887473068300018,profitability_returns,매출총이익,매출총이익(손실),KOSDAQ|045300|성우테크론(주)|2023|2024
KOSDAQ,45300,성우테크론(주),2023,2024,manufacturing,small_and_medium,test,0,0.3308874730683,assets_total,9,0.2179176807403564,0.2179176807403564,increase_risk,93366439,045300,small_and_medium,manufacturing,false_positive,0,1,투자적격,투기등급,0.3308874730683,0.315,0.015887473068300018,stability_leverage,자산총계,총자산,KOSDAQ|045300|성우테크론(주)|2023|2024
KOSDAQ,45300,성우테크론(주),2023,2024,manufacturing,small_and_medium,test,0,0.3308874730683,net_margin_diff,10,-0.2067098319530487,0.2067098319530487,decrease_risk,-0.13949,045300,small_and_medium,manufacturing,false_positive,0,1,투자적격,투기등급,0.3308874730683,0.315,0.015887473068300018,trend_early_warning,순이익률 변화,전년 대비 순이익률 변화폭,KOSDAQ|045300|성우테크론(주)|2023|2024
KOSDAQ,87600,(주)픽셀플러스,2023,2024,manufacturing,small_and_medium,test,0,0.3268851283594954,interest_coverage_ratio,1,-0.6791743636131287,0.6791743636131287,decrease_risk,1000000.0,087600,small_and_medium,manufacturing,false_positive,0,1,투자적격,투기등급,0.3268851283594954,0.315,0.0118851283594954,profitability_returns,이자보상배율,영업이익 대비 이자비용 배수,KOSDAQ|087600|(주)픽셀플러스|2023|2024
KOSDAQ,87600,(주)픽셀플러스,2023,2024,manufacturing,small_and_medium,test,0,0.3268851283594954,firm_size_group,2,0.3941684663295746,0.3941684663295746,increase_risk,small_and_medium,087600,small_and_medium,manufacturing,false_positive,0,1,투자적격,투기등급,0.3268851283594954,0.315,0.0118851283594954,context,기업규모 그룹,모델링용 기업규모 그룹,KOSDAQ|087600|(주)픽셀플러스|2023|2024
KOSDAQ,87600,(주)픽셀플러스,2023,2024,manufacturing,small_and_medium,test,0,0.3268851283594954,listed_year,3,-0.2984319925308227,0.2984319925308227,decrease_risk,2015,087600,small_and_medium,manufacturing,false_positive,0,1,투자적격,투기등급,0.3268851283594954,0.315,0.0118851283594954,context,상장연도,상장일에서 추출한 연도,KOSDAQ|087600|(주)픽셀플러스|2023|2024
KOSDAQ,87600,(주)픽셀플러스,2023,2024,manufacturing,small_and_medium,test,0,0.3268851283594954,assets_total,4,0.2639696896076202,0.2639696896076202,increase_risk,0,087600,small_and_medium,manufacturing,false_positive,0,1,투자적격,투기등급,0.3268851283594954,0.315,0.0118851283594954,stability_leverage,자산총계,총자산,KOSDAQ|087600|(주)픽셀플러스|2023|2024
KOSDAQ,87600,(주)픽셀플러스,2023,2024,manufacturing,small_and_medium,test,0,0.3268851283594954,gross_profit,5,0.2442579120397567,0.2442579120397567,increase_risk,0,087600,small_and_medium,manufacturing,false_positive,0,1,투자적격,투기등급,0.3268851283594954,0.315,0.0118851283594954,profitability_returns,매출총이익,매출총이익(손실),KOSDAQ|087600|(주)픽셀플러스|2023|2024
KOSDAQ,87600,(주)픽셀플러스,2023,2024,manufacturing,small_and_medium,test,0,0.3268851283594954,dividend_payer,6,0.2376898974180221,0.2376898974180221,increase_risk,0,087600,small_and_medium,manufacturing,false_positive,0,1,투자적격,투기등급,0.3268851283594954,0.315,0.0118851283594954,market_shareholder,배당금 지급 여부,해당 회계연도에 현금배당을 지급했는지 여부,KOSDAQ|087600|(주)픽셀플러스|2023|2024
KOSDAQ,87600,(주)픽셀플러스,2023,2024,manufacturing,small_and_medium,test,0,0.3268851283594954,capital_impairment_ratio,7,0.2306894063949585,0.2306894063949585,increase_risk,,087600,small_and_medium,manufacturing,false_positive,0,1,투자적격,투기등급,0.3268851283594954,0.315,0.0118851283594954,stability_leverage,자본잠식률,자본금 대비 자본잠식 정도,KOSDAQ|087600|(주)픽셀플러스|2023|2024
KOSDAQ,87600,(주)픽셀플러스,2023,2024,manufacturing,small_and_medium,test,0,0.3268851283594954,cashflow_coverage_ratio,8,-0.1919252127408981,0.1919252127408981,decrease_risk,1000000.0,087600,small_and_medium,manufacturing,false_positive,0,1,투자적격,투기등급,0.3268851283594954,0.315,0.0118851283594954,cashflow_structure,현금흐름 커버리지,이자비용 대비 영업현금흐름 배수,KOSDAQ|087600|(주)픽셀플러스|2023|2024
KOSDAQ,87600,(주)픽셀플러스,2023,2024,manufacturing,small_and_medium,test,0,0.3268851283594954,equity_ratio,9,-0.0969815775752067,0.0969815775752067,decrease_risk,,087600,small_and_medium,manufacturing,false_positive,0,1,투자적격,투기등급,0.3268851283594954,0.315,0.0118851283594954,stability_leverage,자기자본비율,총자산 대비 자기자본 비율,KOSDAQ|087600|(주)픽셀플러스|2023|2024
KOSDAQ,87600,(주)픽셀플러스,2023,2024,manufacturing,small_and_medium,test,0,0.3268851283594954,depreciation,10,0.0905724912881851,0.0905724912881851,increase_risk,0,087600,small_and_medium,manufacturing,false_positive,0,1,투자적격,투기등급,0.3268851283594954,0.315,0.0118851283594954,cashflow_structure,감가상각비,감가상각비,KOSDAQ|087600|(주)픽셀플러스|2023|2024
KOSDAQ,219130,(주)타이거일렉,2023,2024,manufacturing,small_and_medium,test,0,0.3268851283594954,interest_coverage_ratio,1,-0.6791743636131287,0.6791743636131287,decrease_risk,1000000.0,219130,small_and_medium,manufacturing,false_positive,0,1,투자적격,투기등급,0.3268851283594954,0.315,0.0118851283594954,profitability_returns,이자보상배율,영업이익 대비 이자비용 배수,KOSDAQ|219130|(주)타이거일렉|2023|2024
KOSDAQ,219130,(주)타이거일렉,2023,2024,manufacturing,small_and_medium,test,0,0.3268851283594954,firm_size_group,2,0.3941684663295746,0.3941684663295746,increase_risk,small_and_medium,219130,small_and_medium,manufacturing,false_positive,0,1,투자적격,투기등급,0.3268851283594954,0.315,0.0118851283594954,context,기업규모 그룹,모델링용 기업규모 그룹,KOSDAQ|219130|(주)타이거일렉|2023|2024
KOSDAQ,219130,(주)타이거일렉,2023,2024,manufacturing,small_and_medium,test,0,0.3268851283594954,listed_year,3,-0.2984319925308227,0.2984319925308227,decrease_risk,2015,219130,small_and_medium,manufacturing,false_positive,0,1,투자적격,투기등급,0.3268851283594954,0.315,0.0118851283594954,context,상장연도,상장일에서 추출한 연도,KOSDAQ|219130|(주)타이거일렉|2023|2024
KOSDAQ,219130,(주)타이거일렉,2023,2024,manufacturing,small_and_medium,test,0,0.3268851283594954,assets_total,4,0.2639696896076202,0.2639696896076202,increase_risk,0,219130,small_and_medium,manufacturing,false_positive,0,1,투자적격,투기등급,0.3268851283594954,0.315,0.0118851283594954,stability_leverage,자산총계,총자산,KOSDAQ|219130|(주)타이거일렉|2023|2024
KOSDAQ,219130,(주)타이거일렉,2023,2024,manufacturing,small_and_medium,test,0,0.3268851283594954,gross_profit,5,0.2442579120397567,0.2442579120397567,increase_risk,0,219130,small_and_medium,manufacturing,false_positive,0,1,투자적격,투기등급,0.3268851283594954,0.315,0.0118851283594954,profitability_returns,매출총이익,매출총이익(손실),KOSDAQ|219130|(주)타이거일렉|2023|2024
KOSDAQ,219130,(주)타이거일렉,2023,2024,manufacturing,small_and_medium,test,0,0.3268851283594954,dividend_payer,6,0.2376898974180221,0.2376898974180221,increase_risk,0,219130,small_and_medium,manufacturing,false_positive,0,1,투자적격,투기등급,0.3268851283594954,0.315,0.0118851283594954,market_shareholder,배당금 지급 여부,해당 회계연도에 현금배당을 지급했는지 여부,KOSDAQ|219130|(주)타이거일렉|2023|2024
KOSDAQ,219130,(주)타이거일렉,2023,2024,manufacturing,small_and_medium,test,0,0.3268851283594954,capital_impairment_ratio,7,0.2306894063949585,0.2306894063949585,increase_risk,,219130,small_and_medium,manufacturing,false_positive,0,1,투자적격,투기등급,0.3268851283594954,0.315,0.0118851283594954,stability_leverage,자본잠식률,자본금 대비 자본잠식 정도,KOSDAQ|219130|(주)타이거일렉|2023|2024
KOSDAQ,219130,(주)타이거일렉,2023,2024,manufacturing,small_and_medium,test,0,0.3268851283594954,cashflow_coverage_ratio,8,-0.1919252127408981,0.1919252127408981,decrease_risk,1000000.0,219130,small_and_medium,manufacturing,false_positive,0,1,투자적격,투기등급,0.3268851283594954,0.315,0.0118851283594954,cashflow_structure,현금흐름 커버리지,이자비용 대비 영업현금흐름 배수,KOSDAQ|219130|(주)타이거일렉|2023|2024
KOSDAQ,219130,(주)타이거일렉,2023,2024,manufacturing,small_and_medium,test,0,0.3268851283594954,equity_ratio,9,-0.0969815775752067,0.0969815775752067,decrease_risk,,219130,small_and_medium,manufacturing,false_positive,0,1,투자적격,투기등급,0.3268851283594954,0.315,0.0118851283594954,stability_leverage,자기자본비율,총자산 대비 자기자본 비율,KOSDAQ|219130|(주)타이거일렉|2023|2024
KOSDAQ,219130,(주)타이거일렉,2023,2024,manufacturing,small_and_medium,test,0,0.3268851283594954,depreciation,10,0.0905724912881851,0.0905724912881851,increase_risk,0,219130,small_and_medium,manufacturing,false_positive,0,1,투자적격,투기등급,0.3268851283594954,0.315,0.0118851283594954,cashflow_structure,감가상각비,감가상각비,KOSDAQ|219130|(주)타이거일렉|2023|2024
KOSDAQ,220260,(주)켐트로스,2023,2024,manufacturing,small_and_medium,test,0,0.3268851283594954,interest_coverage_ratio,1,-0.6791743636131287,0.6791743636131287,decrease_risk,1000000.0,220260,small_and_medium,manufacturing,false_positive,0,1,투자적격,투기등급,0.3268851283594954,0.315,0.0118851283594954,profitability_returns,이자보상배율,영업이익 대비 이자비용 배수,KOSDAQ|220260|(주)켐트로스|2023|2024
KOSDAQ,220260,(주)켐트로스,2023,2024,manufacturing,small_and_medium,test,0,0.3268851283594954,firm_size_group,2,0.3941684663295746,0.3941684663295746,increase_risk,small_and_medium,220260,small_and_medium,manufacturing,false_positive,0,1,투자적격,투기등급,0.3268851283594954,0.315,0.0118851283594954,context,기업규모 그룹,모델링용 기업규모 그룹,KOSDAQ|220260|(주)켐트로스|2023|2024
KOSDAQ,220260,(주)켐트로스,2023,2024,manufacturing,small_and_medium,test,0,0.3268851283594954,listed_year,3,-0.2984319925308227,0.2984319925308227,decrease_risk,2015,220260,small_and_medium,manufacturing,false_positive,0,1,투자적격,투기등급,0.3268851283594954,0.315,0.0118851283594954,context,상장연도,상장일에서 추출한 연도,KOSDAQ|220260|(주)켐트로스|2023|2024
KOSDAQ,220260,(주)켐트로스,2023,2024,manufacturing,small_and_medium,test,0,0.3268851283594954,assets_total,4,0.2639696896076202,0.2639696896076202,increase_risk,0,220260,small_and_medium,manufacturing,false_positive,0,1,투자적격,투기등급,0.3268851283594954,0.315,0.0118851283594954,stability_leverage,자산총계,총자산,KOSDAQ|220260|(주)켐트로스|2023|2024
KOSDAQ,220260,(주)켐트로스,2023,2024,manufacturing,small_and_medium,test,0,0.3268851283594954,gross_profit,5,0.2442579120397567,0.2442579120397567,increase_risk,0,220260,small_and_medium,manufacturing,false_positive,0,1,투자적격,투기등급,0.3268851283594954,0.315,0.0118851283594954,profitability_returns,매출총이익,매출총이익(손실),KOSDAQ|220260|(주)켐트로스|2023|2024
KOSDAQ,220260,(주)켐트로스,2023,2024,manufacturing,small_and_medium,test,0,0.3268851283594954,dividend_payer,6,0.2376898974180221,0.2376898974180221,increase_risk,0,220260,small_and_medium,manufacturing,false_positive,0,1,투자적격,투기등급,0.3268851283594954,0.315,0.0118851283594954,market_shareholder,배당금 지급 여부,해당 회계연도에 현금배당을 지급했는지 여부,KOSDAQ|220260|(주)켐트로스|2023|2024
KOSDAQ,220260,(주)켐트로스,2023,2024,manufacturing,small_and_medium,test,0,0.3268851283594954,capital_impairment_ratio,7,0.2306894063949585,0.2306894063949585,increase_risk,,220260,small_and_medium,manufacturing,false_positive,0,1,투자적격,투기등급,0.3268851283594954,0.315,0.0118851283594954,stability_leverage,자본잠식률,자본금 대비 자본잠식 정도,KOSDAQ|220260|(주)켐트로스|2023|2024
KOSDAQ,220260,(주)켐트로스,2023,2024,manufacturing,small_and_medium,test,0,0.3268851283594954,cashflow_coverage_ratio,8,-0.1919252127408981,0.1919252127408981,decrease_risk,1000000.0,220260,small_and_medium,manufacturing,false_positive,0,1,투자적격,투기등급,0.3268851283594954,0.315,0.0118851283594954,cashflow_structure,현금흐름 커버리지,이자비용 대비 영업현금흐름 배수,KOSDAQ|220260|(주)켐트로스|2023|2024
KOSDAQ,220260,(주)켐트로스,2023,2024,manufacturing,small_and_medium,test,0,0.3268851283594954,equity_ratio,9,-0.0969815775752067,0.0969815775752067,decrease_risk,,220260,small_and_medium,manufacturing,false_positive,0,1,투자적격,투기등급,0.3268851283594954,0.315,0.0118851283594954,stability_leverage,자기자본비율,총자산 대비 자기자본 비율,KOSDAQ|220260|(주)켐트로스|2023|2024
KOSDAQ,220260,(주)켐트로스,2023,2024,manufacturing,small_and_medium,test,0,0.3268851283594954,depreciation,10,0.0905724912881851,0.0905724912881851,increase_risk,0,220260,small_and_medium,manufacturing,false_positive,0,1,투자적격,투기등급,0.3268851283594954,0.315,0.0118851283594954,cashflow_structure,감가상각비,감가상각비,KOSDAQ|220260|(주)켐트로스|2023|2024
KOSPI,10140,삼성중공업(주),2023,2024,manufacturing,large,test,0,0.3243935344809786,firm_size_group,1,-1.001020431518555,1.001020431518555,decrease_risk,large,010140,large,manufacturing,false_positive,0,1,투자적격,투기등급,0.3243935344809786,0.315,0.009393534480978571,context,기업규모 그룹,모델링용 기업규모 그룹,KOSPI|010140|삼성중공업(주)|2023|2024
KOSPI,10140,삼성중공업(주),2023,2024,manufacturing,large,test,0,0.3243935344809786,depreciation,2,-0.9525031447410583,0.9525031447410583,decrease_risk,237788775,010140,large,manufacturing,false_positive,0,1,투자적격,투기등급,0.3243935344809786,0.315,0.009393534480978571,cashflow_structure,감가상각비,감가상각비,KOSPI|010140|삼성중공업(주)|2023|2024
KOSPI,10140,삼성중공업(주),2023,2024,manufacturing,large,test,0,0.3243935344809786,gross_profit,3,-0.7792127132415771,0.7792127132415771,decrease_risk,645473765,010140,large,manufacturing,false_positive,0,1,투자적격,투기등급,0.3243935344809786,0.315,0.009393534480978571,profitability_returns,매출총이익,매출총이익(손실),KOSPI|010140|삼성중공업(주)|2023|2024
KOSPI,10140,삼성중공업(주),2023,2024,manufacturing,large,test,0,0.3243935344809786,intangible_assets_ratio,4,0.7277681827545166,0.7277681827545166,increase_risk,0.00173,010140,large,manufacturing,false_positive,0,1,투자적격,투기등급,0.3243935344809786,0.315,0.009393534480978571,cashflow_structure,무형자산 비중,총자산 대비 무형자산 비율,KOSPI|010140|삼성중공업(주)|2023|2024
KOSPI,10140,삼성중공업(주),2023,2024,manufacturing,large,test,0,0.3243935344809786,assets_total,5,-0.6168147325515747,0.6168147325515747,decrease_risk,15593389152,010140,large,manufacturing,false_positive,0,1,투자적격,투기등급,0.3243935344809786,0.315,0.009393534480978571,stability_leverage,자산총계,총자산,KOSPI|010140|삼성중공업(주)|2023|2024
KOSPI,10140,삼성중공업(주),2023,2024,manufacturing,large,test,0,0.3243935344809786,equity_ratio,6,0.5524856448173523,0.5524856448173523,increase_risk,0.218632,010140,large,manufacturing,false_positive,0,1,투자적격,투기등급,0.3243935344809786,0.315,0.009393534480978571,stability_leverage,자기자본비율,총자산 대비 자기자본 비율,KOSPI|010140|삼성중공업(주)|2023|2024
KOSPI,10140,삼성중공업(주),2023,2024,manufacturing,large,test,0,0.3243935344809786,net_margin,7,0.3163208067417145,0.3163208067417145,increase_risk,-0.019422,010140,large,manufacturing,false_positive,0,1,투자적격,투기등급,0.3243935344809786,0.315,0.009393534480978571,profitability_returns,순이익률,매출액 대비 당기순이익 비율,KOSPI|010140|삼성중공업(주)|2023|2024
KOSPI,10140,삼성중공업(주),2023,2024,manufacturing,large,test,0,0.3243935344809786,is_2y_consecutive_ocf_deficit,8,0.2936116456985473,0.2936116456985473,increase_risk,1,010140,large,manufacturing,false_positive,0,1,투자적격,투기등급,0.3243935344809786,0.315,0.009393534480978571,trend_early_warning,2년 연속 OCF 적자 여부,당기와 전기 모두 영업현금흐름이 음수인지 여부,KOSPI|010140|삼성중공업(주)|2023|2024
KOSPI,10140,삼성중공업(주),2023,2024,manufacturing,large,test,0,0.3243935344809786,industry_macro_category,9,0.2824239730834961,0.2824239730834961,increase_risk,manufacturing,010140,large,manufacturing,false_positive,0,1,투자적격,투기등급,0.3243935344809786,0.315,0.009393534480978571,context,산업 대분류,모델링용 산업 대분류,KOSPI|010140|삼성중공업(주)|2023|2024
KOSPI,10140,삼성중공업(주),2023,2024,manufacturing,large,test,0,0.3243935344809786,cashflow_coverage_ratio,10,0.2535597085952759,0.2535597085952759,increase_risk,-2.892047,010140,large,manufacturing,false_positive,0,1,투자적격,투기등급,0.3243935344809786,0.315,0.009393534480978571,cashflow_structure,현금흐름 커버리지,이자비용 대비 영업현금흐름 배수,KOSPI|010140|삼성중공업(주)|2023|2024
KOSDAQ,59120,(주)아진엑스텍,2023,2024,manufacturing,small_and_medium,test,0,0.3240185597236945,interest_coverage_ratio,1,-0.6791743636131287,0.6791743636131287,decrease_risk,1000000.0,059120,small_and_medium,manufacturing,false_positive,0,1,투자적격,투기등급,0.3240185597236945,0.315,0.009018559723694475,profitability_returns,이자보상배율,영업이익 대비 이자비용 배수,KOSDAQ|059120|(주)아진엑스텍|2023|2024
KOSDAQ,59120,(주)아진엑스텍,2023,2024,manufacturing,small_and_medium,test,0,0.3240185597236945,firm_size_group,2,0.3941684663295746,0.3941684663295746,increase_risk,small_and_medium,059120,small_and_medium,manufacturing,false_positive,0,1,투자적격,투기등급,0.3240185597236945,0.315,0.009018559723694475,context,기업규모 그룹,모델링용 기업규모 그룹,KOSDAQ|059120|(주)아진엑스텍|2023|2024
KOSDAQ,59120,(주)아진엑스텍,2023,2024,manufacturing,small_and_medium,test,0,0.3240185597236945,listed_year,3,-0.3127226829528808,0.3127226829528808,decrease_risk,2014,059120,small_and_medium,manufacturing,false_positive,0,1,투자적격,투기등급,0.3240185597236945,0.315,0.009018559723694475,context,상장연도,상장일에서 추출한 연도,KOSDAQ|059120|(주)아진엑스텍|2023|2024
KOSDAQ,59120,(주)아진엑스텍,2023,2024,manufacturing,small_and_medium,test,0,0.3240185597236945,assets_total,4,0.2639696896076202,0.2639696896076202,increase_risk,0,059120,small_and_medium,manufacturing,false_positive,0,1,투자적격,투기등급,0.3240185597236945,0.315,0.009018559723694475,stability_leverage,자산총계,총자산,KOSDAQ|059120|(주)아진엑스텍|2023|2024
KOSDAQ,59120,(주)아진엑스텍,2023,2024,manufacturing,small_and_medium,test,0,0.3240185597236945,gross_profit,5,0.2442579120397567,0.2442579120397567,increase_risk,0,059120,small_and_medium,manufacturing,false_positive,0,1,투자적격,투기등급,0.3240185597236945,0.315,0.009018559723694475,profitability_returns,매출총이익,매출총이익(손실),KOSDAQ|059120|(주)아진엑스텍|2023|2024
KOSDAQ,59120,(주)아진엑스텍,2023,2024,manufacturing,small_and_medium,test,0,0.3240185597236945,dividend_payer,6,0.2376898974180221,0.2376898974180221,increase_risk,0,059120,small_and_medium,manufacturing,false_positive,0,1,투자적격,투기등급,0.3240185597236945,0.315,0.009018559723694475,market_shareholder,배당금 지급 여부,해당 회계연도에 현금배당을 지급했는지 여부,KOSDAQ|059120|(주)아진엑스텍|2023|2024
KOSDAQ,59120,(주)아진엑스텍,2023,2024,manufacturing,small_and_medium,test,0,0.3240185597236945,capital_impairment_ratio,7,0.2306894063949585,0.2306894063949585,increase_risk,,059120,small_and_medium,manufacturing,false_positive,0,1,투자적격,투기등급,0.3240185597236945,0.315,0.009018559723694475,stability_leverage,자본잠식률,자본금 대비 자본잠식 정도,KOSDAQ|059120|(주)아진엑스텍|2023|2024
KOSDAQ,59120,(주)아진엑스텍,2023,2024,manufacturing,small_and_medium,test,0,0.3240185597236945,cashflow_coverage_ratio,8,-0.1924025118350982,0.1924025118350982,decrease_risk,1000000.0,059120,small_and_medium,manufacturing,false_positive,0,1,투자적격,투기등급,0.3240185597236945,0.315,0.009018559723694475,cashflow_structure,현금흐름 커버리지,이자비용 대비 영업현금흐름 배수,KOSDAQ|059120|(주)아진엑스텍|2023|2024
KOSDAQ,59120,(주)아진엑스텍,2023,2024,manufacturing,small_and_medium,test,0,0.3240185597236945,equity_ratio,9,-0.0969815775752067,0.0969815775752067,decrease_risk,,059120,small_and_medium,manufacturing,false_positive,0,1,투자적격,투기등급,0.3240185597236945,0.315,0.009018559723694475,stability_leverage,자기자본비율,총자산 대비 자기자본 비율,KOSDAQ|059120|(주)아진엑스텍|2023|2024
KOSDAQ,59120,(주)아진엑스텍,2023,2024,manufacturing,small_and_medium,test,0,0.3240185597236945,depreciation,10,0.0907153636217117,0.0907153636217117,increase_risk,0,059120,small_and_medium,manufacturing,false_positive,0,1,투자적격,투기등급,0.3240185597236945,0.315,0.009018559723694475,cashflow_structure,감가상각비,감가상각비,KOSDAQ|059120|(주)아진엑스텍|2023|2024
KOSDAQ,67730,(주)로지시스,2023,2024,it_services,small_and_medium,test,0,0.322255304424888,interest_coverage_ratio,1,-0.6365443468093872,0.6365443468093872,decrease_risk,1000000.0,067730,small_and_medium,it_services,false_positive,0,1,투자적격,투기등급,0.322255304424888,0.315,0.007255304424887976,profitability_returns,이자보상배율,영업이익 대비 이자비용 배수,KOSDAQ|067730|(주)로지시스|2023|2024
KOSDAQ,67730,(주)로지시스,2023,2024,it_services,small_and_medium,test,0,0.322255304424888,firm_size_group,2,0.3891560733318329,0.3891560733318329,increase_risk,small_and_medium,067730,small_and_medium,it_services,false_positive,0,1,투자적격,투기등급,0.322255304424888,0.315,0.007255304424887976,context,기업규모 그룹,모델링용 기업규모 그룹,KOSDAQ|067730|(주)로지시스|2023|2024
KOSDAQ,67730,(주)로지시스,2023,2024,it_services,small_and_medium,test,0,0.322255304424888,assets_total,3,0.2887735664844513,0.2887735664844513,increase_risk,0,067730,small_and_medium,it_services,false_positive,0,1,투자적격,투기등급,0.322255304424888,0.315,0.007255304424887976,stability_leverage,자산총계,총자산,KOSDAQ|067730|(주)로지시스|2023|2024
KOSDAQ,67730,(주)로지시스,2023,2024,it_services,small_and_medium,test,0,0.322255304424888,industry_macro_category,4,-0.2829179465770721,0.2829179465770721,decrease_risk,it_services,067730,small_and_medium,it_services,false_positive,0,1,투자적격,투기등급,0.322255304424888,0.315,0.007255304424887976,context,산업 대분류,모델링용 산업 대분류,KOSDAQ|067730|(주)로지시스|2023|2024
KOSDAQ,67730,(주)로지시스,2023,2024,it_services,small_and_medium,test,0,0.322255304424888,capital_impairment_ratio,5,0.2649814784526825,0.2649814784526825,increase_risk,,067730,small_and_medium,it_services,false_positive,0,1,투자적격,투기등급,0.322255304424888,0.315,0.007255304424887976,stability_leverage,자본잠식률,자본금 대비 자본잠식 정도,KOSDAQ|067730|(주)로지시스|2023|2024
KOSDAQ,67730,(주)로지시스,2023,2024,it_services,small_and_medium,test,0,0.322255304424888,gross_profit,6,0.2564423382282257,0.2564423382282257,increase_risk,0,067730,small_and_medium,it_services,false_positive,0,1,투자적격,투기등급,0.322255304424888,0.315,0.007255304424887976,profitability_returns,매출총이익,매출총이익(손실),KOSDAQ|067730|(주)로지시스|2023|2024
KOSDAQ,67730,(주)로지시스,2023,2024,it_services,small_and_medium,test,0,0.322255304424888,listed_year,7,-0.2484068870544433,0.2484068870544433,decrease_risk,2015,067730,small_and_medium,it_services,false_positive,0,1,투자적격,투기등급,0.322255304424888,0.315,0.007255304424887976,context,상장연도,상장일에서 추출한 연도,KOSDAQ|067730|(주)로지시스|2023|2024
KOSDAQ,67730,(주)로지시스,2023,2024,it_services,small_and_medium,test,0,0.322255304424888,dividend_payer,8,0.2361759692430496,0.2361759692430496,increase_risk,0,067730,small_and_medium,it_services,false_positive,0,1,투자적격,투기등급,0.322255304424888,0.315,0.007255304424887976,market_shareholder,배당금 지급 여부,해당 회계연도에 현금배당을 지급했는지 여부,KOSDAQ|067730|(주)로지시스|2023|2024
KOSDAQ,67730,(주)로지시스,2023,2024,it_services,small_and_medium,test,0,0.322255304424888,cashflow_coverage_ratio,9,-0.1821376532316208,0.1821376532316208,decrease_risk,1000000.0,067730,small_and_medium,it_services,false_positive,0,1,투자적격,투기등급,0.322255304424888,0.315,0.007255304424887976,cashflow_structure,현금흐름 커버리지,이자비용 대비 영업현금흐름 배수,KOSDAQ|067730|(주)로지시스|2023|2024
KOSDAQ,67730,(주)로지시스,2023,2024,it_services,small_and_medium,test,0,0.322255304424888,depreciation,10,0.0911235809326171,0.0911235809326171,increase_risk,0,067730,small_and_medium,it_services,false_positive,0,1,투자적격,투기등급,0.322255304424888,0.315,0.007255304424887976,cashflow_structure,감가상각비,감가상각비,KOSDAQ|067730|(주)로지시스|2023|2024
KOSDAQ,33050,제이엠아이(주),2023,2024,manufacturing,small_and_medium,test,0,0.3213278016820243,capital_impairment_ratio,1,0.5126418471336365,0.5126418471336365,increase_risk,-0.571534,033050,small_and_medium,manufacturing,false_positive,0,1,투자적격,투기등급,0.3213278016820243,0.315,0.006327801682024292,stability_leverage,자본잠식률,자본금 대비 자본잠식 정도,KOSDAQ|033050|제이엠아이(주)|2023|2024
KOSDAQ,33050,제이엠아이(주),2023,2024,manufacturing,small_and_medium,test,0,0.3213278016820243,interest_coverage_ratio,2,-0.4635380208492279,0.4635380208492279,decrease_risk,7.795788,033050,small_and_medium,manufacturing,false_positive,0,1,투자적격,투기등급,0.3213278016820243,0.315,0.006327801682024292,profitability_returns,이자보상배율,영업이익 대비 이자비용 배수,KOSDAQ|033050|제이엠아이(주)|2023|2024
KOSDAQ,33050,제이엠아이(주),2023,2024,manufacturing,small_and_medium,test,0,0.3213278016820243,firm_size_group,3,0.395757257938385,0.395757257938385,increase_risk,small_and_medium,033050,small_and_medium,manufacturing,false_positive,0,1,투자적격,투기등급,0.3213278016820243,0.315,0.006327801682024292,context,기업규모 그룹,모델링용 기업규모 그룹,KOSDAQ|033050|제이엠아이(주)|2023|2024
KOSDAQ,33050,제이엠아이(주),2023,2024,manufacturing,small_and_medium,test,0,0.3213278016820243,cashflow_coverage_ratio,4,-0.3329512476921081,0.3329512476921081,decrease_risk,14.1697,033050,small_and_medium,manufacturing,false_positive,0,1,투자적격,투기등급,0.3213278016820243,0.315,0.006327801682024292,cashflow_structure,현금흐름 커버리지,이자비용 대비 영업현금흐름 배수,KOSDAQ|033050|제이엠아이(주)|2023|2024
KOSDAQ,33050,제이엠아이(주),2023,2024,manufacturing,small_and_medium,test,0,0.3213278016820243,assets_total,5,0.2668600976467132,0.2668600976467132,increase_risk,89657744,033050,small_and_medium,manufacturing,false_positive,0,1,투자적격,투기등급,0.3213278016820243,0.315,0.006327801682024292,stability_leverage,자산총계,총자산,KOSDAQ|033050|제이엠아이(주)|2023|2024
KOSDAQ,33050,제이엠아이(주),2023,2024,manufacturing,small_and_medium,test,0,0.3213278016820243,gross_profit,6,0.2536689043045044,0.2536689043045044,increase_risk,10513671,033050,small_and_medium,manufacturing,false_positive,0,1,투자적격,투기등급,0.3213278016820243,0.315,0.006327801682024292,profitability_returns,매출총이익,매출총이익(손실),KOSDAQ|033050|제이엠아이(주)|2023|2024
KOSDAQ,33050,제이엠아이(주),2023,2024,manufacturing,small_and_medium,test,0,0.3213278016820243,depreciation,7,0.2262090593576431,0.2262090593576431,increase_risk,3745316,033050,small_and_medium,manufacturing,false_positive,0,1,투자적격,투기등급,0.3213278016820243,0.315,0.006327801682024292,cashflow_structure,감가상각비,감가상각비,KOSDAQ|033050|제이엠아이(주)|2023|2024
KOSDAQ,33050,제이엠아이(주),2023,2024,manufacturing,small_and_medium,test,0,0.3213278016820243,dividend_payer,8,0.2001516968011856,0.2001516968011856,increase_risk,0,033050,small_and_medium,manufacturing,false_positive,0,1,투자적격,투기등급,0.3213278016820243,0.315,0.006327801682024292,market_shareholder,배당금 지급 여부,해당 회계연도에 현금배당을 지급했는지 여부,KOSDAQ|033050|제이엠아이(주)|2023|2024
KOSDAQ,33050,제이엠아이(주),2023,2024,manufacturing,small_and_medium,test,0,0.3213278016820243,operating_roa,9,-0.1891267001628875,0.1891267001628875,decrease_risk,0.049581,033050,small_and_medium,manufacturing,false_positive,0,1,투자적격,투기등급,0.3213278016820243,0.315,0.006327801682024292,profitability_returns,총자산영업이익률,총자산 대비 영업이익 비율,KOSDAQ|033050|제이엠아이(주)|2023|2024
KOSDAQ,33050,제이엠아이(주),2023,2024,manufacturing,small_and_medium,test,0,0.3213278016820243,total_borrowings_ratio,10,-0.1810216456651687,0.1810216456651687,decrease_risk,0.087758,033050,small_and_medium,manufacturing,false_positive,0,1,투자적격,투기등급,0.3213278016820243,0.315,0.006327801682024292,stability_leverage,총차입금비율,총자산 대비 총차입금 비율,KOSDAQ|033050|제이엠아이(주)|2023|2024
KOSDAQ,104540,(주)코렌텍,2023,2024,manufacturing,small_and_medium,test,0,0.3183565006468821,intangible_assets_ratio,1,-0.557954728603363,0.557954728603363,decrease_risk,0.064277,104540,small_and_medium,manufacturing,false_positive,0,1,투자적격,투기등급,0.3183565006468821,0.315,0.003356500646882088,cashflow_structure,무형자산 비중,총자산 대비 무형자산 비율,KOSDAQ|104540|(주)코렌텍|2023|2024
KOSDAQ,104540,(주)코렌텍,2023,2024,manufacturing,small_and_medium,test,0,0.3183565006468821,interest_coverage_ratio,2,0.5378454923629761,0.5378454923629761,increase_risk,1.806394,104540,small_and_medium,manufacturing,false_positive,0,1,투자적격,투기등급,0.3183565006468821,0.315,0.003356500646882088,profitability_returns,이자보상배율,영업이익 대비 이자비용 배수,KOSDAQ|104540|(주)코렌텍|2023|2024
KOSDAQ,104540,(주)코렌텍,2023,2024,manufacturing,small_and_medium,test,0,0.3183565006468821,net_margin,3,-0.4660990536212921,0.4660990536212921,decrease_risk,0.055785,104540,small_and_medium,manufacturing,false_positive,0,1,투자적격,투기등급,0.3183565006468821,0.315,0.003356500646882088,profitability_returns,순이익률,매출액 대비 당기순이익 비율,KOSDAQ|104540|(주)코렌텍|2023|2024
KOSDAQ,104540,(주)코렌텍,2023,2024,manufacturing,small_and_medium,test,0,0.3183565006468821,capital_impairment_ratio,4,-0.4451122879981994,0.4451122879981994,decrease_risk,-12.5014,104540,small_and_medium,manufacturing,false_positive,0,1,투자적격,투기등급,0.3183565006468821,0.315,0.003356500646882088,stability_leverage,자본잠식률,자본금 대비 자본잠식 정도,KOSDAQ|104540|(주)코렌텍|2023|2024
KOSDAQ,104540,(주)코렌텍,2023,2024,manufacturing,small_and_medium,test,0,0.3183565006468821,gross_profit,5,0.4413372576236725,0.4413372576236725,increase_risk,51698028,104540,small_and_medium,manufacturing,false_positive,0,1,투자적격,투기등급,0.3183565006468821,0.315,0.003356500646882088,profitability_returns,매출총이익,매출총이익(손실),KOSDAQ|104540|(주)코렌텍|2023|2024
KOSDAQ,104540,(주)코렌텍,2023,2024,manufacturing,small_and_medium,test,0,0.3183565006468821,listed_year,6,-0.3684171140193939,0.3684171140193939,decrease_risk,2013,104540,small_and_medium,manufacturing,false_positive,0,1,투자적격,투기등급,0.3183565006468821,0.315,0.003356500646882088,context,상장연도,상장일에서 추출한 연도,KOSDAQ|104540|(주)코렌텍|2023|2024
KOSDAQ,104540,(주)코렌텍,2023,2024,manufacturing,small_and_medium,test,0,0.3183565006468821,dividend_payer,7,0.3492678701877594,0.3492678701877594,increase_risk,0,104540,small_and_medium,manufacturing,false_positive,0,1,투자적격,투기등급,0.3183565006468821,0.315,0.003356500646882088,market_shareholder,배당금 지급 여부,해당 회계연도에 현금배당을 지급했는지 여부,KOSDAQ|104540|(주)코렌텍|2023|2024
KOSDAQ,104540,(주)코렌텍,2023,2024,manufacturing,small_and_medium,test,0,0.3183565006468821,firm_size_group,8,0.3389005064964294,0.3389005064964294,increase_risk,small_and_medium,104540,small_and_medium,manufacturing,false_positive,0,1,투자적격,투기등급,0.3183565006468821,0.315,0.003356500646882088,context,기업규모 그룹,모델링용 기업규모 그룹,KOSDAQ|104540|(주)코렌텍|2023|2024
KOSDAQ,104540,(주)코렌텍,2023,2024,manufacturing,small_and_medium,test,0,0.3183565006468821,cashflow_coverage_ratio,9,0.2934162318706512,0.2934162318706512,increase_risk,0.674736,104540,small_and_medium,manufacturing,false_positive,0,1,투자적격,투기등급,0.3183565006468821,0.315,0.003356500646882088,cashflow_structure,현금흐름 커버리지,이자비용 대비 영업현금흐름 배수,KOSDAQ|104540|(주)코렌텍|2023|2024
KOSDAQ,104540,(주)코렌텍,2023,2024,manufacturing,small_and_medium,test,0,0.3183565006468821,depreciation,10,0.1955568492412567,0.1955568492412567,increase_risk,3989428,104540,small_and_medium,manufacturing,false_positive,0,1,투자적격,투기등급,0.3183565006468821,0.315,0.003356500646882088,cashflow_structure,감가상각비,감가상각비,KOSDAQ|104540|(주)코렌텍|2023|2024
