review_priority,error_type,error_type_ko,review_category,market,stock_code,corp_name,fiscal_year,eval_year,industry_macro_category,firm_size_group,actual_label_name,predicted_label_name,prob_speculative,threshold,probability_gap_from_threshold,top_shap_features,risk_increasing_features,risk_decreasing_features,model_misread_hypothesis_ko,recommended_next_action_ko
상,false_negative,False Negative: 실제 투기등급인데 모델은 투자적격,규모·우량기업 안정 신호가 위험을 가림,KOSPI,003620,케이지모빌리티(주),2024,2025,manufacturing,mid_sized,투기등급,투자적격,0.0095734081981097,0.315,0.3054265918018903,"매출총이익(위험↓, SHAP=-1.483, 값=345,715,769, 산업백분위=83p); 감가상각비(위험↓, SHAP=-1.234, 값=118,273,864, 산업백분위=88p); 자산총계(위험↓, SHAP=-1.075, 값=3,104,452,197, 산업백분위=86p); 무형자산 비중(위험↓, SHAP=-0.507, 값=0.0613, 산업백분위=93p); 자본잠식률(위험↑, SHAP=+0.461, 값=-0.4466, 산업백분위=97p)","자본잠식률(위험↑, SHAP=+0.461, 값=-0.4466, 산업백분위=97p); 이자보상배율(위험↑, SHAP=+0.307, 값=0.0622, 산업백분위=17p); 상장연도(위험↑, SHAP=+0.291, 값=1,975.00, 산업백분위=4p); 배당금 지급 여부(위험↑, SHAP=+0.255, 값=0.0000, 산업백분위=22p)","매출총이익(위험↓, SHAP=-1.483, 값=345,715,769, 산업백분위=83p); 감가상각비(위험↓, SHAP=-1.234, 값=118,273,864, 산업백분위=88p); 자산총계(위험↓, SHAP=-1.075, 값=3,104,452,197, 산업백분위=86p); 무형자산 비중(위험↓, SHAP=-0.507, 값=0.0613, 산업백분위=93p); 총부채회전율(위험↓, SHAP=-0.371, 값=2.319, 산업백분위=63p)","자산규모, 배당, 매출총이익, 감가상각비 같은 우량·규모성 안정 신호가 실제 투기등급 위험을 낮춰 본 사례입니다.","규모가 큰 기업의 이벤트성 위험은 뉴스, 공시, 등급전망, 감사의견 같은 외부근거 플래그로 보완하는 편이 좋습니다."
상,false_negative,False Negative: 실제 투기등급인데 모델은 투자적격,현재 재무비율 안정 신호가 위험을 가림,KOSDAQ,094970,제이엠티(주),2023,2024,manufacturing,small_and_medium,투기등급,투자적격,0.0123269867060947,0.315,0.3026730132939053,"이자보상배율(위험↓, SHAP=-1.167, 값=53.294, 산업백분위=76p); OCF/총차입금(위험↓, SHAP=-0.629, 값=7.281, 산업백분위=97p); 자기자본비율(위험↓, SHAP=-0.585, 값=0.7131, 산업백분위=78p); 자본잠식률(위험↓, SHAP=-0.537, 값=-17.886, 산업백분위=37p); 총차입금비율(위험↓, SHAP=-0.470, 값=0.0271, 산업백분위=14p)","매출총이익(위험↑, SHAP=+0.327, 값=27,759,094, 산업백분위=44p)","이자보상배율(위험↓, SHAP=-1.167, 값=53.294, 산업백분위=76p); OCF/총차입금(위험↓, SHAP=-0.629, 값=7.281, 산업백분위=97p); 자기자본비율(위험↓, SHAP=-0.585, 값=0.7131, 산업백분위=78p); 자본잠식률(위험↓, SHAP=-0.537, 값=-17.886, 산업백분위=37p); 총차입금비율(위험↓, SHAP=-0.470, 값=0.0271, 산업백분위=14p)",현재 재무비율은 양호해 보였지만 다음 연도 라벨은 투기등급으로 나타난 사례입니다.,"단일 연도 수준값보다 악화 속도, 최근 공시 이슈, 산업 충격 신호를 함께 보도록 보완합니다."
상,false_negative,False Negative: 실제 투기등급인데 모델은 투자적격,현재 재무비율 안정 신호가 위험을 가림,KOSDAQ,092870,(주)엑시콘,2023,2024,manufacturing,mid_sized,투기등급,투자적격,0.0168424239424952,0.315,0.2981575760575048,"이자보상배율(위험↓, SHAP=-0.749, 값=1,000,000, 산업백분위=93p); 순이익률(위험↓, SHAP=-0.657, 값=0.0594, 산업백분위=72p); 자기자본비율(위험↓, SHAP=-0.499, 값=0.8793, 산업백분위=96p); 순이익률 변화(위험↓, SHAP=-0.398, 값=-0.1075, 산업백분위=9p); 매출총이익(위험↑, SHAP=+0.396, 값=28,251,051, 산업백분위=44p)","매출총이익(위험↑, SHAP=+0.396, 값=28,251,051, 산업백분위=44p)","이자보상배율(위험↓, SHAP=-0.749, 값=1,000,000, 산업백분위=93p); 순이익률(위험↓, SHAP=-0.657, 값=0.0594, 산업백분위=72p); 자기자본비율(위험↓, SHAP=-0.499, 값=0.8793, 산업백분위=96p); 순이익률 변화(위험↓, SHAP=-0.398, 값=-0.1075, 산업백분위=9p); 총차입금비율(위험↓, SHAP=-0.394, 값=0.0482, 산업백분위=19p)",현재 재무비율은 양호해 보였지만 다음 연도 라벨은 투기등급으로 나타난 사례입니다.,"단일 연도 수준값보다 악화 속도, 최근 공시 이슈, 산업 충격 신호를 함께 보도록 보완합니다."
상,false_negative,False Negative: 실제 투기등급인데 모델은 투자적격,규모·우량기업 안정 신호가 위험을 가림,KOSPI,003620,케이지모빌리티(주),2023,2024,manufacturing,mid_sized,투기등급,투자적격,0.0307287380482937,0.315,0.2842712619517063,"매출총이익(위험↓, SHAP=-1.283, 값=407,465,928, 산업백분위=85p); 감가상각비(위험↓, SHAP=-1.021, 값=116,993,347, 산업백분위=88p); 자산총계(위험↓, SHAP=-0.965, 값=2,635,399,999, 산업백분위=85p); 자본잠식률(위험↑, SHAP=+0.804, 값=-0.1582, 산업백분위=98p); 무형자산 비중(위험↓, SHAP=-0.497, 값=0.0709, 산업백분위=95p)","자본잠식률(위험↑, SHAP=+0.804, 값=-0.1582, 산업백분위=98p); 상장연도(위험↑, SHAP=+0.380, 값=1,975.00, 산업백분위=4p); 배당금 지급 여부(위험↑, SHAP=+0.304, 값=0.0000, 산업백분위=22p); 자기자본비율(위험↑, SHAP=+0.188, 값=0.4108, 산업백분위=28p)","매출총이익(위험↓, SHAP=-1.283, 값=407,465,928, 산업백분위=85p); 감가상각비(위험↓, SHAP=-1.021, 값=116,993,347, 산업백분위=88p); 자산총계(위험↓, SHAP=-0.965, 값=2,635,399,999, 산업백분위=85p); 무형자산 비중(위험↓, SHAP=-0.497, 값=0.0709, 산업백분위=95p); 총부채회전율(위험↓, SHAP=-0.347, 값=2.406, 산업백분위=66p)","자산규모, 배당, 매출총이익, 감가상각비 같은 우량·규모성 안정 신호가 실제 투기등급 위험을 낮춰 본 사례입니다.","규모가 큰 기업의 이벤트성 위험은 뉴스, 공시, 등급전망, 감사의견 같은 외부근거 플래그로 보완하는 편이 좋습니다."
상,false_negative,False Negative: 실제 투기등급인데 모델은 투자적격,현재 재무비율 안정 신호가 위험을 가림,KOSDAQ,108230,(주)톱텍,2024,2025,manufacturing,mid_sized,투기등급,투자적격,0.0314177294021568,0.315,0.2835822705978432,"자본잠식률(위험↓, SHAP=-0.532, 값=-20.642, 산업백분위=32p); 순이익률(위험↓, SHAP=-0.482, 값=0.0687, 산업백분위=76p); 이자보상배율(위험↑, SHAP=+0.452, 값=2.031, 산업백분위=30p); 배당금 지급 여부(위험↓, SHAP=-0.434, 값=1.000, 산업백분위=72p); 자산총계(위험↓, SHAP=-0.418, 값=616,469,709, 산업백분위=66p)","이자보상배율(위험↑, SHAP=+0.452, 값=2.031, 산업백분위=30p)","자본잠식률(위험↓, SHAP=-0.532, 값=-20.642, 산업백분위=32p); 순이익률(위험↓, SHAP=-0.482, 값=0.0687, 산업백분위=76p); 배당금 지급 여부(위험↓, SHAP=-0.434, 값=1.000, 산업백분위=72p); 자산총계(위험↓, SHAP=-0.418, 값=616,469,709, 산업백분위=66p); 자기자본비율(위험↓, SHAP=-0.404, 값=0.6722, 산업백분위=73p)",현재 재무비율은 양호해 보였지만 다음 연도 라벨은 투기등급으로 나타난 사례입니다.,"단일 연도 수준값보다 악화 속도, 최근 공시 이슈, 산업 충격 신호를 함께 보도록 보완합니다."
상,false_negative,False Negative: 실제 투기등급인데 모델은 투자적격,규모·우량기업 안정 신호가 위험을 가림,KOSDAQ,178320,(주)서진시스템,2024,2025,manufacturing,mid_sized,투기등급,투자적격,0.045508394316246,0.315,0.269491605683754,"감가상각비(위험↓, SHAP=-1.022, 값=92,254,102, 산업백분위=87p); 매출총이익(위험↓, SHAP=-0.841, 값=213,424,277, 산업백분위=78p); 자산총계(위험↓, SHAP=-0.791, 값=2,103,214,253, 산업백분위=82p); 상장연도(위험↓, SHAP=-0.447, 값=2,017.00, 산업백분위=87p); 순이익률(위험↓, SHAP=-0.376, 값=0.0691, 산업백분위=76p)","현금흐름 커버리지(위험↑, SHAP=+0.268, 값=-2.295, 산업백분위=11p); 총자산증가율(위험↑, SHAP=+0.233, 값=0.3836, 산업백분위=94p); 산업 대분류(위험↑, SHAP=+0.226, 값=manufacturing, 산업백분위=-); 배당금 지급 여부(위험↑, SHAP=+0.217, 값=0.0000, 산업백분위=22p)","감가상각비(위험↓, SHAP=-1.022, 값=92,254,102, 산업백분위=87p); 매출총이익(위험↓, SHAP=-0.841, 값=213,424,277, 산업백분위=78p); 자산총계(위험↓, SHAP=-0.791, 값=2,103,214,253, 산업백분위=82p); 상장연도(위험↓, SHAP=-0.447, 값=2,017.00, 산업백분위=87p); 순이익률(위험↓, SHAP=-0.376, 값=0.0691, 산업백분위=76p)","자산규모, 배당, 매출총이익, 감가상각비 같은 우량·규모성 안정 신호가 실제 투기등급 위험을 낮춰 본 사례입니다.","규모가 큰 기업의 이벤트성 위험은 뉴스, 공시, 등급전망, 감사의견 같은 외부근거 플래그로 보완하는 편이 좋습니다."
상,false_negative,False Negative: 실제 투기등급인데 모델은 투자적격,현재 재무비율 안정 신호가 위험을 가림,KOSDAQ,123410,코리아에프티(주),2023,2024,manufacturing,mid_sized,투기등급,투자적격,0.0488009836753811,0.315,0.2661990163246189,"매출총이익(위험↓, SHAP=-0.605, 값=95,847,992, 산업백분위=67p); 총부채회전율(위험↓, SHAP=-0.555, 값=2.858, 산업백분위=75p); 감가상각비(위험↓, SHAP=-0.536, 값=21,185,740, 산업백분위=68p); 배당금 지급 여부(위험↓, SHAP=-0.360, 값=1.000, 산업백분위=72p); 자산총계(위험↓, SHAP=-0.322, 값=415,160,886, 산업백분위=60p)","세전계속사업이익 기준 ROE(위험↑, SHAP=+0.260, 값=0.2168, 산업백분위=93p); 산업 대분류(위험↑, SHAP=+0.132, 값=manufacturing, 산업백분위=-)","매출총이익(위험↓, SHAP=-0.605, 값=95,847,992, 산업백분위=67p); 총부채회전율(위험↓, SHAP=-0.555, 값=2.858, 산업백분위=75p); 감가상각비(위험↓, SHAP=-0.536, 값=21,185,740, 산업백분위=68p); 배당금 지급 여부(위험↓, SHAP=-0.360, 값=1.000, 산업백분위=72p); 자산총계(위험↓, SHAP=-0.322, 값=415,160,886, 산업백분위=60p)",현재 재무비율은 양호해 보였지만 다음 연도 라벨은 투기등급으로 나타난 사례입니다.,"단일 연도 수준값보다 악화 속도, 최근 공시 이슈, 산업 충격 신호를 함께 보도록 보완합니다."
상,false_negative,False Negative: 실제 투기등급인데 모델은 투자적격,규모·우량기업 안정 신호가 위험을 가림,KOSPI,001390,케이지케미칼(주),2023,2024,manufacturing,mid_sized,투기등급,투자적격,0.05702918296024,0.315,0.25797081703976,"감가상각비(위험↓, SHAP=-1.197, 값=209,090,911, 산업백분위=92p); Market-to-Book(위험↑, SHAP=+1.184, 값=0.1290, 산업백분위=0p); 매출총이익(위험↓, SHAP=-0.996, 값=1,236,213,065, 산업백분위=94p); 상장연도(위험↑, SHAP=+0.669, 값=1,989.00, 산업백분위=14p); 자산총계(위험↓, SHAP=-0.571, 값=7,818,145,771, 산업백분위=92p)","Market-to-Book(위험↑, SHAP=+1.184, 값=0.1290, 산업백분위=0p); 상장연도(위험↑, SHAP=+0.669, 값=1,989.00, 산업백분위=14p); 산업 대분류(위험↑, SHAP=+0.184, 값=manufacturing, 산업백분위=-)","감가상각비(위험↓, SHAP=-1.197, 값=209,090,911, 산업백분위=92p); 매출총이익(위험↓, SHAP=-0.996, 값=1,236,213,065, 산업백분위=94p); 자산총계(위험↓, SHAP=-0.571, 값=7,818,145,771, 산업백분위=92p); 배당금 지급 여부(위험↓, SHAP=-0.347, 값=1.000, 산업백분위=72p); 자본잠식률(위험↓, SHAP=-0.218, 값=-50.123, 산업백분위=10p)","자산규모, 배당, 매출총이익, 감가상각비 같은 우량·규모성 안정 신호가 실제 투기등급 위험을 낮춰 본 사례입니다.","규모가 큰 기업의 이벤트성 위험은 뉴스, 공시, 등급전망, 감사의견 같은 외부근거 플래그로 보완하는 편이 좋습니다."
상,false_negative,False Negative: 실제 투기등급인데 모델은 투자적격,규모·우량기업 안정 신호가 위험을 가림,KOSPI,004840,(주)디알비동일,2023,2024,manufacturing,mid_sized,투기등급,투자적격,0.0609834831190192,0.315,0.2540165168809808,"감가상각비(위험↓, SHAP=-0.758, 값=27,129,048, 산업백분위=72p); 자산총계(위험↓, SHAP=-0.736, 값=963,651,592, 산업백분위=74p); Market-to-Book(위험↑, SHAP=+0.692, 값=0.2341, 산업백분위=2p); 매출총이익(위험↓, SHAP=-0.562, 값=145,153,276, 산업백분위=73p); 총부채회전율(위험↑, SHAP=+0.366, 값=1.585, 산업백분위=39p)","Market-to-Book(위험↑, SHAP=+0.692, 값=0.2341, 산업백분위=2p); 총부채회전율(위험↑, SHAP=+0.366, 값=1.585, 산업백분위=39p); 단기차입금 비중(위험↑, SHAP=+0.211, 값=0.8555, 산업백분위=76p)","감가상각비(위험↓, SHAP=-0.758, 값=27,129,048, 산업백분위=72p); 자산총계(위험↓, SHAP=-0.736, 값=963,651,592, 산업백분위=74p); 매출총이익(위험↓, SHAP=-0.562, 값=145,153,276, 산업백분위=73p); 배당금 지급 여부(위험↓, SHAP=-0.280, 값=1.000, 산업백분위=72p); 자기자본비율(위험↓, SHAP=-0.274, 값=0.5169, 산업백분위=48p)","자산규모, 배당, 매출총이익, 감가상각비 같은 우량·규모성 안정 신호가 실제 투기등급 위험을 낮춰 본 사례입니다.","규모가 큰 기업의 이벤트성 위험은 뉴스, 공시, 등급전망, 감사의견 같은 외부근거 플래그로 보완하는 편이 좋습니다."
상,false_negative,False Negative: 실제 투기등급인데 모델은 투자적격,현재 재무비율 안정 신호가 위험을 가림,KOSDAQ,172670,(주)에이엘티,2023,2024,manufacturing,small_and_medium,투기등급,투자적격,0.0656312599881557,0.315,0.2493687400118443,"단기차입금 비중(위험↓, SHAP=-0.694, 값=0.1899, 산업백분위=16p); 순이익률(위험↓, SHAP=-0.567, 값=0.1053, 산업백분위=87p); 배당금 지급 여부(위험↓, SHAP=-0.500, 값=1.000, 산업백분위=72p); 자본잠식률(위험↓, SHAP=-0.422, 값=-23.035, 산업백분위=28p); 이자보상배율(위험↑, SHAP=+0.398, 값=1.268, 산업백분위=24p)","이자보상배율(위험↑, SHAP=+0.398, 값=1.268, 산업백분위=24p); 매출총이익(위험↑, SHAP=+0.254, 값=10,189,759, 산업백분위=28p); 기업규모 그룹(위험↑, SHAP=+0.180, 값=small_and_medium, 산업백분위=-)","단기차입금 비중(위험↓, SHAP=-0.694, 값=0.1899, 산업백분위=16p); 순이익률(위험↓, SHAP=-0.567, 값=0.1053, 산업백분위=87p); 배당금 지급 여부(위험↓, SHAP=-0.500, 값=1.000, 산업백분위=72p); 자본잠식률(위험↓, SHAP=-0.422, 값=-23.035, 산업백분위=28p); 자기자본비율(위험↓, SHAP=-0.222, 값=0.5438, 산업백분위=52p)",현재 재무비율은 양호해 보였지만 다음 연도 라벨은 투기등급으로 나타난 사례입니다.,"단일 연도 수준값보다 악화 속도, 최근 공시 이슈, 산업 충격 신호를 함께 보도록 보완합니다."
상,false_negative,False Negative: 실제 투기등급인데 모델은 투자적격,규모·우량기업 안정 신호가 위험을 가림,KOSDAQ,053700,삼보모터스(주),2023,2024,manufacturing,mid_sized,투기등급,투자적격,0.0683659191324484,0.315,0.2466340808675516,"자산총계(위험↓, SHAP=-0.968, 값=1,037,465,852, 산업백분위=75p); 매출총이익(위험↓, SHAP=-0.837, 값=157,366,613, 산업백분위=74p); 감가상각비(위험↓, SHAP=-0.832, 값=48,647,347, 산업백분위=80p); 자기자본비율(위험↑, SHAP=+0.529, 값=0.3073, 산업백분위=11p); 자본잠식률(위험↓, SHAP=-0.409, 값=-27.040, 산업백분위=24p)","자기자본비율(위험↑, SHAP=+0.529, 값=0.3073, 산업백분위=11p); 산업 대분류(위험↑, SHAP=+0.254, 값=manufacturing, 산업백분위=-); 현금비율(위험↑, SHAP=+0.188, 값=0.3599, 산업백분위=61p); 부채비율(위험↑, SHAP=+0.182, 값=2.254, 산업백분위=89p); 이자보상배율(위험↑, SHAP=+0.169, 값=2.354, 산업백분위=33p)","자산총계(위험↓, SHAP=-0.968, 값=1,037,465,852, 산업백분위=75p); 매출총이익(위험↓, SHAP=-0.837, 값=157,366,613, 산업백분위=74p); 감가상각비(위험↓, SHAP=-0.832, 값=48,647,347, 산업백분위=80p); 자본잠식률(위험↓, SHAP=-0.409, 값=-27.040, 산업백분위=24p); 배당금 지급 여부(위험↓, SHAP=-0.288, 값=1.000, 산업백분위=72p)","자산규모, 배당, 매출총이익, 감가상각비 같은 우량·규모성 안정 신호가 실제 투기등급 위험을 낮춰 본 사례입니다.","규모가 큰 기업의 이벤트성 위험은 뉴스, 공시, 등급전망, 감사의견 같은 외부근거 플래그로 보완하는 편이 좋습니다."
상,false_negative,False Negative: 실제 투기등급인데 모델은 투자적격,규모·우량기업 안정 신호가 위험을 가림,KOSDAQ,013310,아진산업(주),2024,2025,manufacturing,mid_sized,투기등급,투자적격,0.0723103593852828,0.315,0.2426896406147172,"무형자산 비중(위험↑, SHAP=+0.952, 값=0.0000, 산업백분위=0p); 감가상각비(위험↓, SHAP=-0.844, 값=84,390,559, 산업백분위=86p); 단기차입금 비중(위험↓, SHAP=-0.782, 값=0.1673, 산업백분위=15p); 자산총계(위험↓, SHAP=-0.778, 값=1,289,835,111, 산업백분위=78p); 현금비율(위험↓, SHAP=-0.579, 값=0.3070, 산업백분위=56p)","무형자산 비중(위험↑, SHAP=+0.952, 값=0.0000, 산업백분위=0p); 자기자본비율(위험↑, SHAP=+0.576, 값=0.2572, 산업백분위=7p); 이자보상배율(위험↑, SHAP=+0.319, 값=1.326, 산업백분위=25p)","감가상각비(위험↓, SHAP=-0.844, 값=84,390,559, 산업백분위=86p); 단기차입금 비중(위험↓, SHAP=-0.782, 값=0.1673, 산업백분위=15p); 자산총계(위험↓, SHAP=-0.778, 값=1,289,835,111, 산업백분위=78p); 현금비율(위험↓, SHAP=-0.579, 값=0.3070, 산업백분위=56p); 매출총이익(위험↓, SHAP=-0.434, 값=146,084,444, 산업백분위=73p)","자산규모, 배당, 매출총이익, 감가상각비 같은 우량·규모성 안정 신호가 실제 투기등급 위험을 낮춰 본 사례입니다.","규모가 큰 기업의 이벤트성 위험은 뉴스, 공시, 등급전망, 감사의견 같은 외부근거 플래그로 보완하는 편이 좋습니다."
상,false_negative,False Negative: 실제 투기등급인데 모델은 투자적격,현재 재무비율 안정 신호가 위험을 가림,KOSDAQ,044340,(주)위닉스,2023,2024,manufacturing,mid_sized,투기등급,투자적격,0.098162978100263,0.315,0.216837021899737,"매출총이익(위험↓, SHAP=-0.487, 값=82,036,286, 산업백분위=64p); 이자보상배율(위험↑, SHAP=+0.479, 값=0.8635, 산업백분위=21p); 자본잠식률(위험↓, SHAP=-0.478, 값=-22.450, 산업백분위=29p); 배당금 지급 여부(위험↓, SHAP=-0.405, 값=1.000, 산업백분위=72p); 총부채회전율(위험↓, SHAP=-0.306, 값=2.433, 산업백분위=66p)","이자보상배율(위험↑, SHAP=+0.479, 값=0.8635, 산업백분위=21p); 발생액 비율(위험↑, SHAP=+0.251, 값=-0.1245, 산업백분위=9p); 감가상각비(위험↑, SHAP=+0.188, 값=12,394,788, 산업백분위=60p)","매출총이익(위험↓, SHAP=-0.487, 값=82,036,286, 산업백분위=64p); 자본잠식률(위험↓, SHAP=-0.478, 값=-22.450, 산업백분위=29p); 배당금 지급 여부(위험↓, SHAP=-0.405, 값=1.000, 산업백분위=72p); 총부채회전율(위험↓, SHAP=-0.306, 값=2.433, 산업백분위=66p); 자산총계(위험↓, SHAP=-0.284, 값=363,825,798, 산업백분위=57p)",현재 재무비율은 양호해 보였지만 다음 연도 라벨은 투기등급으로 나타난 사례입니다.,"단일 연도 수준값보다 악화 속도, 최근 공시 이슈, 산업 충격 신호를 함께 보도록 보완합니다."
상,false_positive,False Positive: 실제 투자적격인데 모델은 투기등급,수익성·상환능력 복합 경고 과대반응,KOSDAQ,317120,(주)라닉스,2023,2024,manufacturing,small_and_medium,투자적격,투기등급,0.9559325644351472,0.315,0.6409325644351471,"총자산증가율(위험↑, SHAP=+0.568, 값=-0.3036, 산업백분위=2p); 순이익률(위험↑, SHAP=+0.537, 값=-0.4652, 산업백분위=3p); 이자보상배율(위험↑, SHAP=+0.506, 값=-1.922, 산업백분위=11p); 자기자본비율(위험↑, SHAP=+0.398, 값=0.3637, 산업백분위=19p); 매출총이익(위험↑, SHAP=+0.392, 값=6,588,483, 산업백분위=22p)","총자산증가율(위험↑, SHAP=+0.568, 값=-0.3036, 산업백분위=2p); 순이익률(위험↑, SHAP=+0.537, 값=-0.4652, 산업백분위=3p); 이자보상배율(위험↑, SHAP=+0.506, 값=-1.922, 산업백분위=11p); 자기자본비율(위험↑, SHAP=+0.398, 값=0.3637, 산업백분위=19p); 매출총이익(위험↑, SHAP=+0.392, 값=6,588,483, 산업백분위=22p)",-,수익성 악화와 이자보상·상환능력 경고가 동시에 나타나 모델 확률을 크게 끌어올렸지만 실제 등급은 유지된 사례입니다.,"이 조합이 실제 등급 하락으로 이어지는 조건을 외부근거, 지속기간, 산업 내 위치와 함께 재점검합니다."
상,false_positive,False Positive: 실제 투자적격인데 모델은 투기등급,규모/상장맥락 과민반응,KOSDAQ,290720,(주)푸드나무,2023,2024,wholesale_retail,small_and_medium,투자적격,투기등급,0.9168286904425104,0.315,0.6018286904425103,"산업 대분류(위험↑, SHAP=+0.641, 값=wholesale_retail, 산업백분위=-); 현금비율(위험↓, SHAP=-0.532, 값=0.3055, 산업백분위=70p); 자기자본비율(위험↑, SHAP=+0.495, 값=0.1994, 산업백분위=3p); 세전계속사업이익 기준 ROE(위험↑, SHAP=+0.484, 값=-0.8895, 산업백분위=1p); 배당금 지급 여부(위험↓, SHAP=-0.410, 값=1.000, 산업백분위=69p)","산업 대분류(위험↑, SHAP=+0.641, 값=wholesale_retail, 산업백분위=-); 자기자본비율(위험↑, SHAP=+0.495, 값=0.1994, 산업백분위=3p); 세전계속사업이익 기준 ROE(위험↑, SHAP=+0.484, 값=-0.8895, 산업백분위=1p); 순이익률(위험↑, SHAP=+0.410, 값=-0.1048, 산업백분위=10p); 기업규모 그룹(위험↑, SHAP=+0.376, 값=small_and_medium, 산업백분위=-)","현금비율(위험↓, SHAP=-0.532, 값=0.3055, 산업백분위=70p); 배당금 지급 여부(위험↓, SHAP=-0.410, 값=1.000, 산업백분위=69p)","절대금액, 기업규모, 상장연차 같은 맥락 변수가 위험 신호처럼 작동했지만 실제 등급은 투자적격으로 유지된 사례입니다.","절대금액을 단독으로 늘리기보다 산업 내 위치, 규모조정 비율, 외부근거 확인을 함께 쓰는 방향이 적절합니다."
상,false_positive,False Positive: 실제 투자적격인데 모델은 투기등급,수익성·상환능력 복합 경고 과대반응,KOSDAQ,089970,브이엠(주),2023,2024,manufacturing,small_and_medium,투자적격,투기등급,0.8973145283121365,0.315,0.5823145283121365,"순이익률(위험↑, SHAP=+0.972, 값=-0.2682, 산업백분위=5p); 이자보상배율(위험↑, SHAP=+0.559, 값=-16.321, 산업백분위=2p); OCF/매출액(위험↑, SHAP=+0.451, 값=-0.5994, 산업백분위=1p); 매출총이익(위험↑, SHAP=+0.384, 값=12,661,220, 산업백분위=31p); 자기자본비율(위험↓, SHAP=-0.341, 값=0.8095, 산업백분위=91p)","순이익률(위험↑, SHAP=+0.972, 값=-0.2682, 산업백분위=5p); 이자보상배율(위험↑, SHAP=+0.559, 값=-16.321, 산업백분위=2p); OCF/매출액(위험↑, SHAP=+0.451, 값=-0.5994, 산업백분위=1p); 매출총이익(위험↑, SHAP=+0.384, 값=12,661,220, 산업백분위=31p); 배당금 지급 여부(위험↑, SHAP=+0.312, 값=0.0000, 산업백분위=22p)","자기자본비율(위험↓, SHAP=-0.341, 값=0.8095, 산업백분위=91p)",수익성 악화와 이자보상·상환능력 경고가 동시에 나타나 모델 확률을 크게 끌어올렸지만 실제 등급은 유지된 사례입니다.,"이 조합이 실제 등급 하락으로 이어지는 조건을 외부근거, 지속기간, 산업 내 위치와 함께 재점검합니다."
상,false_positive,False Positive: 실제 투자적격인데 모델은 투기등급,부채·상환능력 경고 과대반응,KOSPI,047400,유니온머티리얼(주),2023,2024,manufacturing,mid_sized,투자적격,투기등급,0.8522748635470783,0.315,0.5372748635470783,"이자보상배율(위험↑, SHAP=+0.585, 값=-0.8755, 산업백분위=14p); 총차입금비율(위험↑, SHAP=+0.523, 값=0.4828, 산업백분위=98p); 자기자본비율(위험↑, SHAP=+0.466, 값=0.3406, 산업백분위=15p); 순이익률(위험↑, SHAP=+0.374, 값=-0.1550, 산업백분위=8p); 매출총이익(위험↑, SHAP=+0.353, 값=9,880,215, 산업백분위=27p)","이자보상배율(위험↑, SHAP=+0.585, 값=-0.8755, 산업백분위=14p); 총차입금비율(위험↑, SHAP=+0.523, 값=0.4828, 산업백분위=98p); 자기자본비율(위험↑, SHAP=+0.466, 값=0.3406, 산업백분위=15p); 순이익률(위험↑, SHAP=+0.374, 값=-0.1550, 산업백분위=8p); 매출총이익(위험↑, SHAP=+0.353, 값=9,880,215, 산업백분위=27p)","배당금 지급 여부(위험↓, SHAP=-0.337, 값=1.000, 산업백분위=72p)",부채·상환능력 지표가 경고를 냈지만 실제 신용등급 하락으로 이어지지 않은 사례입니다.,단기 경고와 지속 악화를 구분하도록 2년 이상 지속 여부나 현금흐름 보완 지표를 추가 점검합니다.
상,false_positive,False Positive: 실제 투자적격인데 모델은 투기등급,수익성·상환능력 복합 경고 과대반응,KOSPI,002410,범양건영(주),2023,2024,construction,mid_sized,투자적격,투기등급,0.851139155087024,0.315,0.536139155087024,"산업 대분류(위험↓, SHAP=-0.669, 값=construction, 산업백분위=-); 이자보상배율(위험↑, SHAP=+0.555, 값=-3.254, 산업백분위=5p); 순이익률(위험↑, SHAP=+0.456, 값=-0.0754, 산업백분위=10p); 자본잠식률(위험↑, SHAP=+0.413, 값=-1.502, 산업백분위=80p); 매출총이익(위험↑, SHAP=+0.388, 값=4,739,925, 산업백분위=34p)","이자보상배율(위험↑, SHAP=+0.555, 값=-3.254, 산업백분위=5p); 순이익률(위험↑, SHAP=+0.456, 값=-0.0754, 산업백분위=10p); 자본잠식률(위험↑, SHAP=+0.413, 값=-1.502, 산업백분위=80p); 매출총이익(위험↑, SHAP=+0.388, 값=4,739,925, 산업백분위=34p); 감가상각비(위험↑, SHAP=+0.339, 값=1,696,457, 산업백분위=43p)","산업 대분류(위험↓, SHAP=-0.669, 값=construction, 산업백분위=-); 상장연도(위험↓, SHAP=-0.335, 값=1,988.00, 산업백분위=22p)",수익성 악화와 이자보상·상환능력 경고가 동시에 나타나 모델 확률을 크게 끌어올렸지만 실제 등급은 유지된 사례입니다.,"이 조합이 실제 등급 하락으로 이어지는 조건을 외부근거, 지속기간, 산업 내 위치와 함께 재점검합니다."
상,false_positive,False Positive: 실제 투자적격인데 모델은 투기등급,수익성·상환능력 복합 경고 과대반응,KOSDAQ,222980,한국맥널티(주),2023,2024,manufacturing,small_and_medium,투자적격,투기등급,0.8424745910594227,0.315,0.5274745910594227,"매출총이익(위험↑, SHAP=+0.747, 값=17,823,674, 산업백분위=36p); 이자보상배율(위험↑, SHAP=+0.525, 값=-1.745, 산업백분위=11p); 상장연도(위험↓, SHAP=-0.367, 값=2,015.00, 산업백분위=79p); 기업규모 그룹(위험↑, SHAP=+0.351, 값=small_and_medium, 산업백분위=-); 순이익률(위험↑, SHAP=+0.347, 값=-0.0549, 산업백분위=14p)","매출총이익(위험↑, SHAP=+0.747, 값=17,823,674, 산업백분위=36p); 이자보상배율(위험↑, SHAP=+0.525, 값=-1.745, 산업백분위=11p); 기업규모 그룹(위험↑, SHAP=+0.351, 값=small_and_medium, 산업백분위=-); 순이익률(위험↑, SHAP=+0.347, 값=-0.0549, 산업백분위=14p); 자산총계(위험↑, SHAP=+0.297, 값=84,502,783, 산업백분위=23p)","상장연도(위험↓, SHAP=-0.367, 값=2,015.00, 산업백분위=79p)",수익성 악화와 이자보상·상환능력 경고가 동시에 나타나 모델 확률을 크게 끌어올렸지만 실제 등급은 유지된 사례입니다.,"이 조합이 실제 등급 하락으로 이어지는 조건을 외부근거, 지속기간, 산업 내 위치와 함께 재점검합니다."
상,false_positive,False Positive: 실제 투자적격인데 모델은 투기등급,부채·상환능력 경고 과대반응,KOSDAQ,196700,(주)웹스,2023,2024,manufacturing,small_and_medium,투자적격,투기등급,0.8104276524755917,0.315,0.4954276524755917,"순이익률 변화(위험↑, SHAP=+1.264, 값=0.2774, 산업백분위=97p); 이자보상배율(위험↑, SHAP=+0.515, 값=1.788, 산업백분위=28p); 자산총계(위험↑, SHAP=+0.339, 값=67,505,087, 산업백분위=19p); 감가상각비(위험↑, SHAP=+0.334, 값=2,254,266, 산업백분위=30p); 매출총이익(위험↑, SHAP=+0.333, 값=10,227,140, 산업백분위=28p)","순이익률 변화(위험↑, SHAP=+1.264, 값=0.2774, 산업백분위=97p); 이자보상배율(위험↑, SHAP=+0.515, 값=1.788, 산업백분위=28p); 자산총계(위험↑, SHAP=+0.339, 값=67,505,087, 산업백분위=19p); 감가상각비(위험↑, SHAP=+0.334, 값=2,254,266, 산업백분위=30p); 매출총이익(위험↑, SHAP=+0.333, 값=10,227,140, 산업백분위=28p)","상장연도(위험↓, SHAP=-0.320, 값=2,015.00, 산업백분위=79p); 무형자산 비중(위험↓, SHAP=-0.254, 값=0.0019, 산업백분위=6p)",부채·상환능력 지표가 경고를 냈지만 실제 신용등급 하락으로 이어지지 않은 사례입니다.,단기 경고와 지속 악화를 구분하도록 2년 이상 지속 여부나 현금흐름 보완 지표를 추가 점검합니다.
상,false_positive,False Positive: 실제 투자적격인데 모델은 투기등급,수익성·상환능력 복합 경고 과대반응,KOSDAQ,317770,(주)엑스페릭스,2023,2024,manufacturing,small_and_medium,투자적격,투기등급,0.8033494161237027,0.315,0.4883494161237027,"순이익률(위험↑, SHAP=+0.897, 값=-0.3118, 산업백분위=4p); 이자보상배율(위험↑, SHAP=+0.455, 값=-224.82, 산업백분위=0p); 총부채회전율(위험↓, SHAP=-0.441, 값=3.202, 산업백분위=79p); 매출총이익(위험↑, SHAP=+0.433, 값=5,092,380, 산업백분위=20p); 현금비율(위험↑, SHAP=+0.315, 값=8.581, 산업백분위=100p)","순이익률(위험↑, SHAP=+0.897, 값=-0.3118, 산업백분위=4p); 이자보상배율(위험↑, SHAP=+0.455, 값=-224.82, 산업백분위=0p); 매출총이익(위험↑, SHAP=+0.433, 값=5,092,380, 산업백분위=20p); 현금비율(위험↑, SHAP=+0.315, 값=8.581, 산업백분위=100p); 배당금 지급 여부(위험↑, SHAP=+0.308, 값=0.0000, 산업백분위=22p)","총부채회전율(위험↓, SHAP=-0.441, 값=3.202, 산업백분위=79p); 총자산증가율(위험↓, SHAP=-0.247, 값=0.1962, 산업백분위=84p); 순이익률 변화(위험↓, SHAP=-0.226, 값=-0.5172, 산업백분위=2p)",수익성 악화와 이자보상·상환능력 경고가 동시에 나타나 모델 확률을 크게 끌어올렸지만 실제 등급은 유지된 사례입니다.,"이 조합이 실제 등급 하락으로 이어지는 조건을 외부근거, 지속기간, 산업 내 위치와 함께 재점검합니다."
상,false_positive,False Positive: 실제 투자적격인데 모델은 투기등급,수익성·상환능력 복합 경고 과대반응,KOSDAQ,052900,(주)케이엑스하이텍,2023,2024,manufacturing,small_and_medium,투자적격,투기등급,0.7938743126833293,0.315,0.4788743126833293,"이자보상배율(위험↑, SHAP=+0.559, 값=1.977, 산업백분위=29p); 매출총이익(위험↑, SHAP=+0.554, 값=34,130,519, 산업백분위=47p); 기업규모 그룹(위험↑, SHAP=+0.355, 값=small_and_medium, 산업백분위=-); 상장연도(위험↑, SHAP=+0.354, 값=2,005.00, 산업백분위=49p); 배당금 지급 여부(위험↑, SHAP=+0.255, 값=0.0000, 산업백분위=22p)","이자보상배율(위험↑, SHAP=+0.559, 값=1.977, 산업백분위=29p); 매출총이익(위험↑, SHAP=+0.554, 값=34,130,519, 산업백분위=47p); 기업규모 그룹(위험↑, SHAP=+0.355, 값=small_and_medium, 산업백분위=-); 상장연도(위험↑, SHAP=+0.354, 값=2,005.00, 산업백분위=49p); 배당금 지급 여부(위험↑, SHAP=+0.255, 값=0.0000, 산업백분위=22p)","순이익률 변화(위험↓, SHAP=-0.224, 값=-0.0619, 산업백분위=16p)",수익성 악화와 이자보상·상환능력 경고가 동시에 나타나 모델 확률을 크게 끌어올렸지만 실제 등급은 유지된 사례입니다.,"이 조합이 실제 등급 하락으로 이어지는 조건을 외부근거, 지속기간, 산업 내 위치와 함께 재점검합니다."
상,false_positive,False Positive: 실제 투자적격인데 모델은 투기등급,수익성·상환능력 복합 경고 과대반응,KOSDAQ,140670,알에스오토메이션(주),2023,2024,manufacturing,small_and_medium,투자적격,투기등급,0.7819006692873243,0.315,0.4669006692873242,"이자보상배율(위험↑, SHAP=+0.445, 값=-3.016, 산업백분위=9p); 매출총이익(위험↑, SHAP=+0.398, 값=10,077,786, 산업백분위=27p); 기업규모 그룹(위험↑, SHAP=+0.323, 값=small_and_medium, 산업백분위=-); 순이익률(위험↑, SHAP=+0.311, 값=-0.0701, 산업백분위=13p); 상장연도(위험↓, SHAP=-0.309, 값=2,017.00, 산업백분위=87p)","이자보상배율(위험↑, SHAP=+0.445, 값=-3.016, 산업백분위=9p); 매출총이익(위험↑, SHAP=+0.398, 값=10,077,786, 산업백분위=27p); 기업규모 그룹(위험↑, SHAP=+0.323, 값=small_and_medium, 산업백분위=-); 순이익률(위험↑, SHAP=+0.311, 값=-0.0701, 산업백분위=13p); 자산총계(위험↑, SHAP=+0.297, 값=74,888,103, 산업백분위=21p)","상장연도(위험↓, SHAP=-0.309, 값=2,017.00, 산업백분위=87p); 순이익률 변화(위험↓, SHAP=-0.230, 값=-0.0786, 산업백분위=12p)",수익성 악화와 이자보상·상환능력 경고가 동시에 나타나 모델 확률을 크게 끌어올렸지만 실제 등급은 유지된 사례입니다.,"이 조합이 실제 등급 하락으로 이어지는 조건을 외부근거, 지속기간, 산업 내 위치와 함께 재점검합니다."
상,false_positive,False Positive: 실제 투자적격인데 모델은 투기등급,수익성·상환능력 복합 경고 과대반응,KOSDAQ,222980,한국맥널티(주),2024,2025,manufacturing,small_and_medium,투자적격,투기등급,0.7509064461066357,0.315,0.4359064461066357,"매출총이익(위험↑, SHAP=+0.655, 값=24,462,739, 산업백분위=41p); 이자보상배율(위험↑, SHAP=+0.473, 값=0.2698, 산업백분위=18p); 기업규모 그룹(위험↑, SHAP=+0.348, 값=small_and_medium, 산업백분위=-); 상장연도(위험↓, SHAP=-0.316, 값=2,015.00, 산업백분위=79p); 자산총계(위험↑, SHAP=+0.290, 값=81,317,586, 산업백분위=23p)","매출총이익(위험↑, SHAP=+0.655, 값=24,462,739, 산업백분위=41p); 이자보상배율(위험↑, SHAP=+0.473, 값=0.2698, 산업백분위=18p); 기업규모 그룹(위험↑, SHAP=+0.348, 값=small_and_medium, 산업백분위=-); 자산총계(위험↑, SHAP=+0.290, 값=81,317,586, 산업백분위=23p); 배당금 지급 여부(위험↑, SHAP=+0.241, 값=0.0000, 산업백분위=22p)","상장연도(위험↓, SHAP=-0.316, 값=2,015.00, 산업백분위=79p)",수익성 악화와 이자보상·상환능력 경고가 동시에 나타나 모델 확률을 크게 끌어올렸지만 실제 등급은 유지된 사례입니다.,"이 조합이 실제 등급 하락으로 이어지는 조건을 외부근거, 지속기간, 산업 내 위치와 함께 재점검합니다."
상,false_positive,False Positive: 실제 투자적격인데 모델은 투기등급,규모/상장맥락 과민반응,KOSDAQ,335870,(주)윙스풋,2023,2024,wholesale_retail,small_and_medium,투자적격,투기등급,0.7508587222818273,0.315,0.4358587222818272,"산업 대분류(위험↑, SHAP=+0.883, 값=wholesale_retail, 산업백분위=-); 이자보상배율(위험↓, SHAP=-0.649, 값=1,000,000, 산업백분위=93p); 상장연도(위험↑, SHAP=+0.600, 값=2,019.00, 산업백분위=97p); 기업규모 그룹(위험↑, SHAP=+0.320, 값=small_and_medium, 산업백분위=-); 자본잠식률(위험↑, SHAP=+0.296, 값=-, 산업백분위=-)","산업 대분류(위험↑, SHAP=+0.883, 값=wholesale_retail, 산업백분위=-); 상장연도(위험↑, SHAP=+0.600, 값=2,019.00, 산업백분위=97p); 기업규모 그룹(위험↑, SHAP=+0.320, 값=small_and_medium, 산업백분위=-); 자본잠식률(위험↑, SHAP=+0.296, 값=-, 산업백분위=-); 배당금 지급 여부(위험↑, SHAP=+0.295, 값=0.0000, 산업백분위=19p)","이자보상배율(위험↓, SHAP=-0.649, 값=1,000,000, 산업백분위=93p); 현금흐름 커버리지(위험↓, SHAP=-0.171, 값=1,000,000, 산업백분위=93p)","절대금액, 기업규모, 상장연차 같은 맥락 변수가 위험 신호처럼 작동했지만 실제 등급은 투자적격으로 유지된 사례입니다.","절대금액을 단독으로 늘리기보다 산업 내 위치, 규모조정 비율, 외부근거 확인을 함께 쓰는 방향이 적절합니다."
상,false_positive,False Positive: 실제 투자적격인데 모델은 투기등급,수익성·상환능력 복합 경고 과대반응,KOSDAQ,046120,(주)오르비텍,2023,2024,it_services,small_and_medium,투자적격,투기등급,0.7475273711977932,0.315,0.4325273711977932,"산업 대분류(위험↓, SHAP=-0.883, 값=it_services, 산업백분위=-); 이자보상배율(위험↑, SHAP=+0.444, 값=-2.560, 산업백분위=8p); 매출총이익(위험↑, SHAP=+0.395, 값=8,039,925, 산업백분위=18p); 기업규모 그룹(위험↑, SHAP=+0.335, 값=small_and_medium, 산업백분위=-); 순이익률 변화(위험↑, SHAP=+0.314, 값=0.1919, 산업백분위=94p)","이자보상배율(위험↑, SHAP=+0.444, 값=-2.560, 산업백분위=8p); 매출총이익(위험↑, SHAP=+0.395, 값=8,039,925, 산업백분위=18p); 기업규모 그룹(위험↑, SHAP=+0.335, 값=small_and_medium, 산업백분위=-); 순이익률 변화(위험↑, SHAP=+0.314, 값=0.1919, 산업백분위=94p); 감가상각비(위험↑, SHAP=+0.297, 값=3,769,035, 산업백분위=42p)","산업 대분류(위험↓, SHAP=-0.883, 값=it_services, 산업백분위=-)",수익성 악화와 이자보상·상환능력 경고가 동시에 나타나 모델 확률을 크게 끌어올렸지만 실제 등급은 유지된 사례입니다.,"이 조합이 실제 등급 하락으로 이어지는 조건을 외부근거, 지속기간, 산업 내 위치와 함께 재점검합니다."
상,false_positive,False Positive: 실제 투자적격인데 모델은 투기등급,규모/상장맥락 과민반응,KOSDAQ,265740,(주)엔에프씨,2023,2024,manufacturing,small_and_medium,투자적격,투기등급,0.7280750516827005,0.315,0.4130750516827005,"총자산증가율(위험↑, SHAP=+0.810, 값=-1.000, 산업백분위=0p); 이자보상배율(위험↓, SHAP=-0.601, 값=1,000,000, 산업백분위=93p); 상장연도(위험↑, SHAP=+0.529, 값=2,020.00, 산업백분위=96p); 매출총이익(위험↑, SHAP=+0.284, 값=0.0000, 산업백분위=9p); 자산총계(위험↑, SHAP=+0.279, 값=0.0000, 산업백분위=7p)","총자산증가율(위험↑, SHAP=+0.810, 값=-1.000, 산업백분위=0p); 상장연도(위험↑, SHAP=+0.529, 값=2,020.00, 산업백분위=96p); 매출총이익(위험↑, SHAP=+0.284, 값=0.0000, 산업백분위=9p); 자산총계(위험↑, SHAP=+0.279, 값=0.0000, 산업백분위=7p); 자본잠식률(위험↑, SHAP=+0.265, 값=-, 산업백분위=-)","이자보상배율(위험↓, SHAP=-0.601, 값=1,000,000, 산업백분위=93p); 현금흐름 커버리지(위험↓, SHAP=-0.144, 값=1,000,000, 산업백분위=93p)","절대금액, 기업규모, 상장연차 같은 맥락 변수가 위험 신호처럼 작동했지만 실제 등급은 투자적격으로 유지된 사례입니다.","절대금액을 단독으로 늘리기보다 산업 내 위치, 규모조정 비율, 외부근거 확인을 함께 쓰는 방향이 적절합니다."
상,false_positive,False Positive: 실제 투자적격인데 모델은 투기등급,규모/상장맥락 보조 신호 과민반응,KOSDAQ,027710,(주)팜스토리,2023,2024,manufacturing,mid_sized,투자적격,투기등급,0.7248952160471525,0.315,0.4098952160471524,"자산총계(위험↓, SHAP=-0.939, 값=937,753,149, 산업백분위=73p); 무형자산 비중(위험↑, SHAP=+0.853, 값=0.0008, 산업백분위=2p); 자기자본비율(위험↑, SHAP=+0.572, 값=0.2720, 산업백분위=8p); 총차입금비율(위험↑, SHAP=+0.501, 값=0.5326, 산업백분위=99p); 매출총이익(위험↓, SHAP=-0.437, 값=139,238,858, 산업백분위=72p)","무형자산 비중(위험↑, SHAP=+0.853, 값=0.0008, 산업백분위=2p); 자기자본비율(위험↑, SHAP=+0.572, 값=0.2720, 산업백분위=8p); 총차입금비율(위험↑, SHAP=+0.501, 값=0.5326, 산업백분위=99p); 이자보상배율(위험↑, SHAP=+0.432, 값=0.9007, 산업백분위=22p); 현금흐름 커버리지(위험↑, SHAP=+0.292, 값=-0.4760, 산업백분위=17p)","자산총계(위험↓, SHAP=-0.939, 값=937,753,149, 산업백분위=73p); 매출총이익(위험↓, SHAP=-0.437, 값=139,238,858, 산업백분위=72p); 배당금 지급 여부(위험↓, SHAP=-0.249, 값=1.000, 산업백분위=72p)",핵심 위험 요인은 다른 재무지표였지만 절대금액·규모·상장연차가 보조적으로 위험 판단을 키운 사례입니다.,"보조 맥락 변수가 FP를 키우는지 세그먼트별로 확인하고, 필요하면 committee_view에서 근거 강도를 낮춰 해석합니다."
상,false_positive,False Positive: 실제 투자적격인데 모델은 투기등급,수익성·상환능력 복합 경고 과대반응,KOSPI,025750,(주)한솔홈데코,2023,2024,manufacturing,mid_sized,투자적격,투기등급,0.7129489595264891,0.315,0.397948959526489,"매출총이익(위험↑, SHAP=+0.604, 값=41,801,744, 산업백분위=51p); 이자보상배율(위험↑, SHAP=+0.558, 값=-0.4072, 산업백분위=15p); 자본잠식률(위험↑, SHAP=+0.423, 값=-0.6686, 산업백분위=96p); 순이익률(위험↑, SHAP=+0.392, 값=-0.0476, 산업백분위=15p); 현금흐름 커버리지(위험↑, SHAP=+0.267, 값=0.4308, 산업백분위=20p)","매출총이익(위험↑, SHAP=+0.604, 값=41,801,744, 산업백분위=51p); 이자보상배율(위험↑, SHAP=+0.558, 값=-0.4072, 산업백분위=15p); 자본잠식률(위험↑, SHAP=+0.423, 값=-0.6686, 산업백분위=96p); 순이익률(위험↑, SHAP=+0.392, 값=-0.0476, 산업백분위=15p); 현금흐름 커버리지(위험↑, SHAP=+0.267, 값=0.4308, 산업백분위=20p)","자산총계(위험↓, SHAP=-0.235, 값=312,095,401, 산업백분위=54p); 시장구분(위험↓, SHAP=-0.234, 값=-, 산업백분위=-); 순이익률 변화(위험↓, SHAP=-0.177, 값=-0.0304, 산업백분위=25p)",수익성 악화와 이자보상·상환능력 경고가 동시에 나타나 모델 확률을 크게 끌어올렸지만 실제 등급은 유지된 사례입니다.,"이 조합이 실제 등급 하락으로 이어지는 조건을 외부근거, 지속기간, 산업 내 위치와 함께 재점검합니다."
상,false_positive,False Positive: 실제 투자적격인데 모델은 투기등급,수익성·현금흐름 경고 과대반응,KOSDAQ,288620,에스퓨얼셀(주),2023,2024,manufacturing,small_and_medium,투자적격,투기등급,0.6936992290408686,0.315,0.3786992290408685,"무형자산 비중(위험↑, SHAP=+0.605, 값=0.0010, 산업백분위=3p); 배당금 지급 여부(위험↓, SHAP=-0.529, 값=1.000, 산업백분위=72p); 순이익률(위험↑, SHAP=+0.436, 값=-0.0702, 산업백분위=13p); 이자보상배율(위험↑, SHAP=+0.418, 값=-0.6785, 산업백분위=14p); 자본잠식률(위험↓, SHAP=-0.369, 값=-18.882, 산업백분위=35p)","무형자산 비중(위험↑, SHAP=+0.605, 값=0.0010, 산업백분위=3p); 순이익률(위험↑, SHAP=+0.436, 값=-0.0702, 산업백분위=13p); 이자보상배율(위험↑, SHAP=+0.418, 값=-0.6785, 산업백분위=14p); 감가상각비(위험↑, SHAP=+0.326, 값=1,929,590, 산업백분위=27p); 현금흐름 커버리지(위험↑, SHAP=+0.222, 값=-0.9703, 산업백분위=15p)","배당금 지급 여부(위험↓, SHAP=-0.529, 값=1.000, 산업백분위=72p); 자본잠식률(위험↓, SHAP=-0.369, 값=-18.882, 산업백분위=35p); 순이익률 변화(위험↓, SHAP=-0.251, 값=-0.0863, 산업백분위=11p)",수익성 또는 현금흐름 지표 악화가 모델 위험 판단을 키웠지만 실제 라벨은 안정적이었던 사례입니다.,일시적 부진인지 구조적 악화인지 구분하는 추세 변수와 산업 내 비교 지표를 보강합니다.
상,false_positive,False Positive: 실제 투자적격인데 모델은 투기등급,규모/상장맥락 과민반응,KOSDAQ,328380,솔트웨어(주),2023,2024,it_services,small_and_medium,투자적격,투기등급,0.6725692323502536,0.315,0.3575692323502535,"총자산증가율(위험↑, SHAP=+0.821, 값=-1.000, 산업백분위=1p); 이자보상배율(위험↓, SHAP=-0.558, 값=1,000,000, 산업백분위=93p); 상장연도(위험↑, SHAP=+0.491, 값=2,019.00, 산업백분위=93p); 산업 대분류(위험↓, SHAP=-0.395, 값=it_services, 산업백분위=-); 자본잠식률(위험↑, SHAP=+0.302, 값=-, 산업백분위=-)","총자산증가율(위험↑, SHAP=+0.821, 값=-1.000, 산업백분위=1p); 상장연도(위험↑, SHAP=+0.491, 값=2,019.00, 산업백분위=93p); 자본잠식률(위험↑, SHAP=+0.302, 값=-, 산업백분위=-); 자산총계(위험↑, SHAP=+0.300, 값=0.0000, 산업백분위=6p); 매출총이익(위험↑, SHAP=+0.296, 값=0.0000, 산업백분위=7p)","이자보상배율(위험↓, SHAP=-0.558, 값=1,000,000, 산업백분위=93p); 산업 대분류(위험↓, SHAP=-0.395, 값=it_services, 산업백분위=-); 현금흐름 커버리지(위험↓, SHAP=-0.144, 값=1,000,000, 산업백분위=93p)","절대금액, 기업규모, 상장연차 같은 맥락 변수가 위험 신호처럼 작동했지만 실제 등급은 투자적격으로 유지된 사례입니다.","절대금액을 단독으로 늘리기보다 산업 내 위치, 규모조정 비율, 외부근거 확인을 함께 쓰는 방향이 적절합니다."
상,false_positive,False Positive: 실제 투자적격인데 모델은 투기등급,수익성·상환능력 복합 경고 과대반응,KOSDAQ,277810,(주)레인보우로보틱스,2023,2024,manufacturing,small_and_medium,투자적격,투기등급,0.6693790894649959,0.315,0.3543790894649959,"순이익률(위험↑, SHAP=+0.653, 값=-0.0552, 산업백분위=14p); 이자보상배율(위험↑, SHAP=+0.456, 값=-145.39, 산업백분위=0p); 매출총이익(위험↑, SHAP=+0.407, 값=7,274,987, 산업백분위=24p); 총부채회전율(위험↓, SHAP=-0.393, 값=7.804, 산업백분위=99p); 자본잠식률(위험↓, SHAP=-0.357, 값=-12.470, 산업백분위=50p)","순이익률(위험↑, SHAP=+0.653, 값=-0.0552, 산업백분위=14p); 이자보상배율(위험↑, SHAP=+0.456, 값=-145.39, 산업백분위=0p); 매출총이익(위험↑, SHAP=+0.407, 값=7,274,987, 산업백분위=24p); 현금비율(위험↑, SHAP=+0.331, 값=87.167, 산업백분위=100p); 배당금 지급 여부(위험↑, SHAP=+0.317, 값=0.0000, 산업백분위=22p)","총부채회전율(위험↓, SHAP=-0.393, 값=7.804, 산업백분위=99p); 자본잠식률(위험↓, SHAP=-0.357, 값=-12.470, 산업백분위=50p); 순이익률 변화(위험↓, SHAP=-0.220, 값=-0.4793, 산업백분위=2p)",수익성 악화와 이자보상·상환능력 경고가 동시에 나타나 모델 확률을 크게 끌어올렸지만 실제 등급은 유지된 사례입니다.,"이 조합이 실제 등급 하락으로 이어지는 조건을 외부근거, 지속기간, 산업 내 위치와 함께 재점검합니다."
상,false_positive,False Positive: 실제 투자적격인데 모델은 투기등급,수익성·상환능력 복합 경고 과대반응,KOSDAQ,255440,(주)야스,2023,2024,manufacturing,small_and_medium,투자적격,투기등급,0.666486412922378,0.315,0.351486412922378,"순이익률(위험↑, SHAP=+0.732, 값=-0.0964, 산업백분위=11p); 이자보상배율(위험↑, SHAP=+0.558, 값=-22.491, 산업백분위=2p); OCF/매출액(위험↑, SHAP=+0.470, 값=-0.2772, 산업백분위=2p); 단기차입금 비중(위험↓, SHAP=-0.386, 값=0.0250, 산업백분위=6p); 매출총이익(위험↑, SHAP=+0.375, 값=6,167,966, 산업백분위=22p)","순이익률(위험↑, SHAP=+0.732, 값=-0.0964, 산업백분위=11p); 이자보상배율(위험↑, SHAP=+0.558, 값=-22.491, 산업백분위=2p); OCF/매출액(위험↑, SHAP=+0.470, 값=-0.2772, 산업백분위=2p); 매출총이익(위험↑, SHAP=+0.375, 값=6,167,966, 산업백분위=22p); 배당금 지급 여부(위험↑, SHAP=+0.302, 값=0.0000, 산업백분위=22p)","단기차입금 비중(위험↓, SHAP=-0.386, 값=0.0250, 산업백분위=6p); 자본잠식률(위험↓, SHAP=-0.290, 값=-22.622, 산업백분위=29p); 자기자본비율(위험↓, SHAP=-0.251, 값=0.7627, 산업백분위=85p)",수익성 악화와 이자보상·상환능력 경고가 동시에 나타나 모델 확률을 크게 끌어올렸지만 실제 등급은 유지된 사례입니다.,"이 조합이 실제 등급 하락으로 이어지는 조건을 외부근거, 지속기간, 산업 내 위치와 함께 재점검합니다."
상,false_positive,False Positive: 실제 투자적격인데 모델은 투기등급,수익성·상환능력 복합 경고 과대반응,KOSDAQ,095910,(주)에스에너지,2023,2024,manufacturing,mid_sized,투자적격,투기등급,0.6662770098217004,0.315,0.3512770098217003,"매출총이익(위험↑, SHAP=+0.522, 값=33,621,278, 산업백분위=47p); 자기자본비율(위험↑, SHAP=+0.412, 값=0.3319, 산업백분위=14p); 이자보상배율(위험↑, SHAP=+0.381, 값=0.3295, 산업백분위=18p); 배당금 지급 여부(위험↓, SHAP=-0.374, 값=1.000, 산업백분위=72p); 자본잠식률(위험↓, SHAP=-0.273, 값=-10.192, 산업백분위=57p)","매출총이익(위험↑, SHAP=+0.522, 값=33,621,278, 산업백분위=47p); 자기자본비율(위험↑, SHAP=+0.412, 값=0.3319, 산업백분위=14p); 이자보상배율(위험↑, SHAP=+0.381, 값=0.3295, 산업백분위=18p); 상장연도(위험↑, SHAP=+0.269, 값=2,007.00, 산업백분위=54p); Market-to-Book(위험↑, SHAP=+0.239, 값=0.3592, 산업백분위=7p)","배당금 지급 여부(위험↓, SHAP=-0.374, 값=1.000, 산업백분위=72p); 자본잠식률(위험↓, SHAP=-0.273, 값=-10.192, 산업백분위=57p); 무형자산 비중(위험↓, SHAP=-0.219, 값=0.0449, 산업백분위=87p)",수익성 악화와 이자보상·상환능력 경고가 동시에 나타나 모델 확률을 크게 끌어올렸지만 실제 등급은 유지된 사례입니다.,"이 조합이 실제 등급 하락으로 이어지는 조건을 외부근거, 지속기간, 산업 내 위치와 함께 재점검합니다."
상,false_positive,False Positive: 실제 투자적격인데 모델은 투기등급,수익성·현금흐름 경고 과대반응,KOSDAQ,208350,(주)지란지교시큐리티,2023,2024,it_services,small_and_medium,투자적격,투기등급,0.661889733290722,0.315,0.346889733290722,"순이익률 변화(위험↑, SHAP=+1.051, 값=0.2751, 산업백분위=95p); 산업 대분류(위험↓, SHAP=-0.639, 값=it_services, 산업백분위=-); 매출총이익(위험↑, SHAP=+0.620, 값=20,847,388, 산업백분위=26p); 순이익률(위험↓, SHAP=-0.541, 값=0.3101, 산업백분위=97p); 이자보상배율(위험↑, SHAP=+0.452, 값=1.367, 산업백분위=21p)","순이익률 변화(위험↑, SHAP=+1.051, 값=0.2751, 산업백분위=95p); 매출총이익(위험↑, SHAP=+0.620, 값=20,847,388, 산업백분위=26p); 이자보상배율(위험↑, SHAP=+0.452, 값=1.367, 산업백분위=21p); 자산총계(위험↑, SHAP=+0.411, 값=92,553,609, 산업백분위=23p); 총자산증가율(위험↑, SHAP=+0.381, 값=-0.2512, 산업백분위=5p)","산업 대분류(위험↓, SHAP=-0.639, 값=it_services, 산업백분위=-); 순이익률(위험↓, SHAP=-0.541, 값=0.3101, 산업백분위=97p); 자본잠식률(위험↓, SHAP=-0.374, 값=-14.765, 산업백분위=50p)",수익성 또는 현금흐름 지표 악화가 모델 위험 판단을 키웠지만 실제 라벨은 안정적이었던 사례입니다.,일시적 부진인지 구조적 악화인지 구분하는 추세 변수와 산업 내 비교 지표를 보강합니다.
상,false_positive,False Positive: 실제 투자적격인데 모델은 투기등급,수익성·현금흐름 경고 과대반응,KOSPI,013700,(주)까뮤이앤씨,2023,2024,construction,mid_sized,투자적격,투기등급,0.6510900867545315,0.315,0.3360900867545315,"산업 대분류(위험↓, SHAP=-1.106, 값=construction, 산업백분위=-); 매출총이익(위험↑, SHAP=+0.937, 값=15,332,416, 산업백분위=43p); 자기자본비율(위험↑, SHAP=+0.485, 값=0.3416, 산업백분위=43p); 상장연도(위험↑, SHAP=+0.478, 값=1,989.00, 산업백분위=29p); 이자보상배율(위험↑, SHAP=+0.470, 값=2.158, 산업백분위=26p)","매출총이익(위험↑, SHAP=+0.937, 값=15,332,416, 산업백분위=43p); 자기자본비율(위험↑, SHAP=+0.485, 값=0.3416, 산업백분위=43p); 상장연도(위험↑, SHAP=+0.478, 값=1,989.00, 산업백분위=29p); 이자보상배율(위험↑, SHAP=+0.470, 값=2.158, 산업백분위=26p); 감가상각비(위험↑, SHAP=+0.265, 값=1,716,441, 산업백분위=44p)","산업 대분류(위험↓, SHAP=-1.106, 값=construction, 산업백분위=-); 배당금 지급 여부(위험↓, SHAP=-0.228, 값=1.000, 산업백분위=76p)",수익성 또는 현금흐름 지표 악화가 모델 위험 판단을 키웠지만 실제 라벨은 안정적이었던 사례입니다.,일시적 부진인지 구조적 악화인지 구분하는 추세 변수와 산업 내 비교 지표를 보강합니다.
상,false_positive,False Positive: 실제 투자적격인데 모델은 투기등급,수익성·현금흐름 경고 과대반응,KOSDAQ,036090,(주)위지트,2023,2024,manufacturing,small_and_medium,투자적격,투기등급,0.6488161186615135,0.315,0.3338161186615134,"순이익률(위험↑, SHAP=+0.711, 값=-0.6829, 산업백분위=2p); 자기자본비율(위험↓, SHAP=-0.423, 값=0.7143, 산업백분위=79p); 기업규모 그룹(위험↑, SHAP=+0.327, 값=small_and_medium, 산업백분위=-); 매출총이익(위험↑, SHAP=+0.325, 값=9,168,478, 산업백분위=26p); 자본잠식률(위험↑, SHAP=+0.303, 값=-2.104, 산업백분위=88p)","순이익률(위험↑, SHAP=+0.711, 값=-0.6829, 산업백분위=2p); 기업규모 그룹(위험↑, SHAP=+0.327, 값=small_and_medium, 산업백분위=-); 매출총이익(위험↑, SHAP=+0.325, 값=9,168,478, 산업백분위=26p); 자본잠식률(위험↑, SHAP=+0.303, 값=-2.104, 산업백분위=88p); 감가상각비(위험↑, SHAP=+0.215, 값=1,273,119, 산업백분위=22p)","자기자본비율(위험↓, SHAP=-0.423, 값=0.7143, 산업백분위=79p); 순이익률 변화(위험↓, SHAP=-0.263, 값=-1.071, 산업백분위=1p); 무형자산 비중(위험↓, SHAP=-0.204, 값=0.0019, 산업백분위=6p)",수익성 또는 현금흐름 지표 악화가 모델 위험 판단을 키웠지만 실제 라벨은 안정적이었던 사례입니다.,일시적 부진인지 구조적 악화인지 구분하는 추세 변수와 산업 내 비교 지표를 보강합니다.
상,false_positive,False Positive: 실제 투자적격인데 모델은 투기등급,규모/상장맥락 보조 신호 과민반응,KOSDAQ,036000,(주)예림당,2023,2024,it_services,mid_sized,투자적격,투기등급,0.64028759502118,0.315,0.32528759502118,"순이익률 변화(위험↑, SHAP=+1.473, 값=1.753, 산업백분위=99p); 산업 대분류(위험↓, SHAP=-0.676, 값=it_services, 산업백분위=-); Market-to-Book(위험↑, SHAP=+0.543, 값=0.2035, 산업백분위=4p); 이자보상배율(위험↑, SHAP=+0.541, 값=-3.133, 산업백분위=8p); 자본잠식률(위험↓, SHAP=-0.505, 값=-16.341, 산업백분위=47p)","순이익률 변화(위험↑, SHAP=+1.473, 값=1.753, 산업백분위=99p); Market-to-Book(위험↑, SHAP=+0.543, 값=0.2035, 산업백분위=4p); 이자보상배율(위험↑, SHAP=+0.541, 값=-3.133, 산업백분위=8p); 매출총이익(위험↑, SHAP=+0.340, 값=5,095,906, 산업백분위=15p); 배당금 지급 여부(위험↑, SHAP=+0.303, 값=0.0000, 산업백분위=19p)","산업 대분류(위험↓, SHAP=-0.676, 값=it_services, 산업백분위=-); 자본잠식률(위험↓, SHAP=-0.505, 값=-16.341, 산업백분위=47p); 순이익률(위험↓, SHAP=-0.387, 값=0.8820, 산업백분위=99p); 자기자본비율(위험↓, SHAP=-0.259, 값=0.8885, 산업백분위=96p)",핵심 위험 요인은 다른 재무지표였지만 절대금액·규모·상장연차가 보조적으로 위험 판단을 키운 사례입니다.,"보조 맥락 변수가 FP를 키우는지 세그먼트별로 확인하고, 필요하면 committee_view에서 근거 강도를 낮춰 해석합니다."
상,false_positive,False Positive: 실제 투자적격인데 모델은 투기등급,수익성·현금흐름 경고 과대반응,KOSDAQ,085670,(주)뉴프렉스,2023,2024,manufacturing,mid_sized,투자적격,투기등급,0.6318451066735515,0.315,0.3168451066735515,"매출총이익(위험↑, SHAP=+0.622, 값=27,111,589, 산업백분위=43p); 상장연도(위험↑, SHAP=+0.405, 값=2,006.00, 산업백분위=52p); 배당금 지급 여부(위험↑, SHAP=+0.210, 값=0.0000, 산업백분위=22p); 유동비율(위험↑, SHAP=+0.199, 값=0.8769, 산업백분위=15p); 자본잠식률(위험↑, SHAP=+0.193, 값=-4.981, 산업백분위=76p)","매출총이익(위험↑, SHAP=+0.622, 값=27,111,589, 산업백분위=43p); 상장연도(위험↑, SHAP=+0.405, 값=2,006.00, 산업백분위=52p); 배당금 지급 여부(위험↑, SHAP=+0.210, 값=0.0000, 산업백분위=22p); 유동비율(위험↑, SHAP=+0.199, 값=0.8769, 산업백분위=15p); 자본잠식률(위험↑, SHAP=+0.193, 값=-4.981, 산업백분위=76p)","순이익률 변화(위험↓, SHAP=-0.160, 값=-0.0206, 산업백분위=31p); 순이익률(위험↓, SHAP=-0.147, 값=0.0348, 산업백분위=55p)",수익성 또는 현금흐름 지표 악화가 모델 위험 판단을 키웠지만 실제 라벨은 안정적이었던 사례입니다.,일시적 부진인지 구조적 악화인지 구분하는 추세 변수와 산업 내 비교 지표를 보강합니다.
상,false_positive,False Positive: 실제 투자적격인데 모델은 투기등급,규모/상장맥락 과민반응,KOSDAQ,104620,(주)노랑풍선,2023,2024,it_services,small_and_medium,투자적격,투기등급,0.623986405387911,0.315,0.3089864053879109,"순이익률 변화(위험↑, SHAP=+1.153, 값=1.154, 산업백분위=98p); 산업 대분류(위험↓, SHAP=-0.971, 값=it_services, 산업백분위=-); 상장연도(위험↑, SHAP=+0.510, 값=2,019.00, 산업백분위=93p); 무형자산 비중(위험↓, SHAP=-0.489, 값=0.0585, 산업백분위=74p); 매출총이익(위험↓, SHAP=-0.477, 값=98,612,582, 산업백분위=49p)","순이익률 변화(위험↑, SHAP=+1.153, 값=1.154, 산업백분위=98p); 상장연도(위험↑, SHAP=+0.510, 값=2,019.00, 산업백분위=93p); 자산총계(위험↑, SHAP=+0.423, 값=105,280,369, 산업백분위=27p); 현금흐름 커버리지(위험↑, SHAP=+0.378, 값=1.734, 산업백분위=24p); 자기자본비율(위험↑, SHAP=+0.302, 값=0.3827, 산업백분위=23p)","산업 대분류(위험↓, SHAP=-0.971, 값=it_services, 산업백분위=-); 무형자산 비중(위험↓, SHAP=-0.489, 값=0.0585, 산업백분위=74p); 매출총이익(위험↓, SHAP=-0.477, 값=98,612,582, 산업백분위=49p); 순이익률(위험↓, SHAP=-0.391, 값=0.0600, 산업백분위=68p)","절대금액, 기업규모, 상장연차 같은 맥락 변수가 위험 신호처럼 작동했지만 실제 등급은 투자적격으로 유지된 사례입니다.","절대금액을 단독으로 늘리기보다 산업 내 위치, 규모조정 비율, 외부근거 확인을 함께 쓰는 방향이 적절합니다."
상,false_positive,False Positive: 실제 투자적격인데 모델은 투기등급,수익성·상환능력 복합 경고 과대반응,KOSDAQ,317330,(주)덕산테코피아,2023,2024,manufacturing,small_and_medium,투자적격,투기등급,0.6239495881712955,0.315,0.3089495881712955,"이자보상배율(위험↑, SHAP=+0.533, 값=-0.9587, 산업백분위=13p); 매출총이익(위험↑, SHAP=+0.470, 값=30,891,343, 산업백분위=46p); 순이익률(위험↑, SHAP=+0.393, 값=-0.2049, 산업백분위=6p); 감가상각비(위험↓, SHAP=-0.364, 값=17,275,323, 산업백분위=65p); 자본잠식률(위험↓, SHAP=-0.352, 값=-19.058, 산업백분위=35p)","이자보상배율(위험↑, SHAP=+0.533, 값=-0.9587, 산업백분위=13p); 매출총이익(위험↑, SHAP=+0.470, 값=30,891,343, 산업백분위=46p); 순이익률(위험↑, SHAP=+0.393, 값=-0.2049, 산업백분위=6p); 상장연도(위험↑, SHAP=+0.335, 값=2,019.00, 산업백분위=94p); 자기자본비율(위험↑, SHAP=+0.312, 값=0.3583, 산업백분위=18p)","감가상각비(위험↓, SHAP=-0.364, 값=17,275,323, 산업백분위=65p); 자본잠식률(위험↓, SHAP=-0.352, 값=-19.058, 산업백분위=35p); 자산총계(위험↓, SHAP=-0.304, 값=514,367,140, 산업백분위=63p)",수익성 악화와 이자보상·상환능력 경고가 동시에 나타나 모델 확률을 크게 끌어올렸지만 실제 등급은 유지된 사례입니다.,"이 조합이 실제 등급 하락으로 이어지는 조건을 외부근거, 지속기간, 산업 내 위치와 함께 재점검합니다."
상,false_positive,False Positive: 실제 투자적격인데 모델은 투기등급,규모/상장맥락 과민반응,KOSDAQ,262260,(주)에이프로,2023,2024,manufacturing,small_and_medium,투자적격,투기등급,0.6073190746587307,0.315,0.2923190746587307,"이자보상배율(위험↓, SHAP=-0.798, 값=22.865, 산업백분위=70p); 자기자본비율(위험↑, SHAP=+0.654, 값=0.2933, 산업백분위=10p); 상장연도(위험↑, SHAP=+0.531, 값=2,020.00, 산업백분위=96p); 순이익률(위험↓, SHAP=-0.515, 값=0.0511, 산업백분위=67p); 매출총이익(위험↑, SHAP=+0.387, 값=39,024,100, 산업백분위=50p)","자기자본비율(위험↑, SHAP=+0.654, 값=0.2933, 산업백분위=10p); 상장연도(위험↑, SHAP=+0.531, 값=2,020.00, 산업백분위=96p); 매출총이익(위험↑, SHAP=+0.387, 값=39,024,100, 산업백분위=50p); 감가상각비(위험↑, SHAP=+0.220, 값=1,720,470, 산업백분위=26p); 부채비율(위험↑, SHAP=+0.185, 값=2.410, 산업백분위=90p)","이자보상배율(위험↓, SHAP=-0.798, 값=22.865, 산업백분위=70p); 순이익률(위험↓, SHAP=-0.515, 값=0.0511, 산업백분위=67p)","절대금액, 기업규모, 상장연차 같은 맥락 변수가 위험 신호처럼 작동했지만 실제 등급은 투자적격으로 유지된 사례입니다.","절대금액을 단독으로 늘리기보다 산업 내 위치, 규모조정 비율, 외부근거 확인을 함께 쓰는 방향이 적절합니다."
상,false_positive,False Positive: 실제 투자적격인데 모델은 투기등급,수익성·상환능력 복합 경고 과대반응,KOSDAQ,033540,(주)파라텍,2023,2024,manufacturing,mid_sized,투자적격,투기등급,0.6004055530051304,0.315,0.2854055530051304,"이자보상배율(위험↑, SHAP=+0.503, 값=-4.071, 산업백분위=7p); 매출총이익(위험↑, SHAP=+0.383, 값=2,512,239, 산업백분위=18p); 순이익률(위험↑, SHAP=+0.370, 값=-0.0698, 산업백분위=13p); 배당금 지급 여부(위험↑, SHAP=+0.276, 값=0.0000, 산업백분위=22p); 상장연도(위험↓, SHAP=-0.260, 값=1,997.00, 산업백분위=29p)","이자보상배율(위험↑, SHAP=+0.503, 값=-4.071, 산업백분위=7p); 매출총이익(위험↑, SHAP=+0.383, 값=2,512,239, 산업백분위=18p); 순이익률(위험↑, SHAP=+0.370, 값=-0.0698, 산업백분위=13p); 배당금 지급 여부(위험↑, SHAP=+0.276, 값=0.0000, 산업백분위=22p); 감가상각비(위험↑, SHAP=+0.229, 값=3,982,817, 산업백분위=40p)","상장연도(위험↓, SHAP=-0.260, 값=1,997.00, 산업백분위=29p); 순이익률 변화(위험↓, SHAP=-0.191, 값=-0.0440, 산업백분위=20p); 자기자본비율(위험↓, SHAP=-0.141, 값=0.4803, 산업백분위=41p)",수익성 악화와 이자보상·상환능력 경고가 동시에 나타나 모델 확률을 크게 끌어올렸지만 실제 등급은 유지된 사례입니다.,"이 조합이 실제 등급 하락으로 이어지는 조건을 외부근거, 지속기간, 산업 내 위치와 함께 재점검합니다."
상,false_positive,False Positive: 실제 투자적격인데 모델은 투기등급,부채·상환능력 경고 과대반응,KOSDAQ,078150,(주)에이치비테크놀러지,2023,2024,manufacturing,mid_sized,투자적격,투기등급,0.5863587144178806,0.315,0.2713587144178805,"순이익률 변화(위험↑, SHAP=+1.335, 값=0.5265, 산업백분위=98p); 순이익률(위험↓, SHAP=-0.575, 값=0.7103, 산업백분위=100p); 이자보상배율(위험↑, SHAP=+0.487, 값=-53.559, 산업백분위=1p); 배당금 지급 여부(위험↓, SHAP=-0.435, 값=1.000, 산업백분위=72p); 자기자본비율(위험↓, SHAP=-0.368, 값=0.7700, 산업백분위=86p)","순이익률 변화(위험↑, SHAP=+1.335, 값=0.5265, 산업백분위=98p); 이자보상배율(위험↑, SHAP=+0.487, 값=-53.559, 산업백분위=1p); 매출총이익(위험↑, SHAP=+0.308, 값=8,263,158, 산업백분위=25p); 자본잠식률(위험↑, SHAP=+0.272, 값=-5.715, 산업백분위=73p); 감가상각비(위험↑, SHAP=+0.245, 값=3,645,021, 산업백분위=39p)","순이익률(위험↓, SHAP=-0.575, 값=0.7103, 산업백분위=100p); 배당금 지급 여부(위험↓, SHAP=-0.435, 값=1.000, 산업백분위=72p); 자기자본비율(위험↓, SHAP=-0.368, 값=0.7700, 산업백분위=86p); 총차입금비율(위험↓, SHAP=-0.171, 값=0.0233, 산업백분위=13p)",부채·상환능력 지표가 경고를 냈지만 실제 신용등급 하락으로 이어지지 않은 사례입니다.,단기 경고와 지속 악화를 구분하도록 2년 이상 지속 여부나 현금흐름 보완 지표를 추가 점검합니다.
상,false_positive,False Positive: 실제 투자적격인데 모델은 투기등급,부채·상환능력 경고 과대반응,KOSPI,042660,한화오션(주),2023,2024,manufacturing,large,투자적격,투기등급,0.5801104802865733,0.315,0.2651104802865733,"무형자산 비중(위험↑, SHAP=+1.435, 값=0.0003, 산업백분위=1p); 기업규모 그룹(위험↓, SHAP=-0.784, 값=large, 산업백분위=-); 자산총계(위험↓, SHAP=-0.773, 값=13,944,772,692, 산업백분위=95p); 순이익률 변화(위험↑, SHAP=+0.719, 값=0.3806, 산업백분위=98p); 감가상각비(위험↓, SHAP=-0.719, 값=145,730,000, 산업백분위=90p)","무형자산 비중(위험↑, SHAP=+1.435, 값=0.0003, 산업백분위=1p); 순이익률 변화(위험↑, SHAP=+0.719, 값=0.3806, 산업백분위=98p); 자기자본비율(위험↑, SHAP=+0.350, 값=0.3092, 산업백분위=12p); 이자보상배율(위험↑, SHAP=+0.329, 값=-1.236, 산업백분위=12p); 2년 연속 OCF 적자 여부(위험↑, SHAP=+0.266, 값=1.000, 산업백분위=97p)","기업규모 그룹(위험↓, SHAP=-0.784, 값=large, 산업백분위=-); 자산총계(위험↓, SHAP=-0.773, 값=13,944,772,692, 산업백분위=95p); 감가상각비(위험↓, SHAP=-0.719, 값=145,730,000, 산업백분위=90p); 단기차입금 비중(위험↓, SHAP=-0.503, 값=0.2237, 산업백분위=18p)",부채·상환능력 지표가 경고를 냈지만 실제 신용등급 하락으로 이어지지 않은 사례입니다.,단기 경고와 지속 악화를 구분하도록 2년 이상 지속 여부나 현금흐름 보완 지표를 추가 점검합니다.
상,false_positive,False Positive: 실제 투자적격인데 모델은 투기등급,수익성·현금흐름 경고 과대반응,KOSDAQ,239610,(주)에이치엘사이언스,2023,2024,manufacturing,small_and_medium,투자적격,투기등급,0.5799712379970611,0.315,0.264971237997061,"매출총이익(위험↑, SHAP=+0.761, 값=15,897,591, 산업백분위=34p); 총부채회전율(위험↓, SHAP=-0.528, 값=7.580, 산업백분위=98p); 순이익률(위험↑, SHAP=+0.504, 값=-0.0544, 산업백분위=15p); 현금비율(위험↓, SHAP=-0.407, 값=0.7140, 산업백분위=82p); 감가상각비(위험↑, SHAP=+0.346, 값=2,046,400, 산업백분위=28p)","매출총이익(위험↑, SHAP=+0.761, 값=15,897,591, 산업백분위=34p); 순이익률(위험↑, SHAP=+0.504, 값=-0.0544, 산업백분위=15p); 감가상각비(위험↑, SHAP=+0.346, 값=2,046,400, 산업백분위=28p); 기업규모 그룹(위험↑, SHAP=+0.289, 값=small_and_medium, 산업백분위=-); 배당금 지급 여부(위험↑, SHAP=+0.288, 값=0.0000, 산업백분위=22p)","총부채회전율(위험↓, SHAP=-0.528, 값=7.580, 산업백분위=98p); 현금비율(위험↓, SHAP=-0.407, 값=0.7140, 산업백분위=82p); 상장연도(위험↓, SHAP=-0.300, 값=2,016.00, 산업백분위=83p)",수익성 또는 현금흐름 지표 악화가 모델 위험 판단을 키웠지만 실제 라벨은 안정적이었던 사례입니다.,일시적 부진인지 구조적 악화인지 구분하는 추세 변수와 산업 내 비교 지표를 보강합니다.
상,false_positive,False Positive: 실제 투자적격인데 모델은 투기등급,규모/상장맥락 과민반응,KOSPI,378850,(주)화승알앤에이,2024,2025,manufacturing,mid_sized,투자적격,투기등급,0.5780096796454889,0.315,0.2630096796454889,"자기자본비율(위험↑, SHAP=+0.562, 값=0.3203, 산업백분위=13p); 상장연도(위험↑, SHAP=+0.536, 값=2,021.00, 산업백분위=98p); Market-to-Book(위험↑, SHAP=+0.404, 값=0.3787, 산업백분위=8p); 현금흐름 커버리지(위험↑, SHAP=+0.386, 값=-0.7815, 산업백분위=16p); 매출총이익(위험↓, SHAP=-0.351, 값=130,817,044, 산업백분위=71p)","자기자본비율(위험↑, SHAP=+0.562, 값=0.3203, 산업백분위=13p); 상장연도(위험↑, SHAP=+0.536, 값=2,021.00, 산업백분위=98p); Market-to-Book(위험↑, SHAP=+0.404, 값=0.3787, 산업백분위=8p); 현금흐름 커버리지(위험↑, SHAP=+0.386, 값=-0.7815, 산업백분위=16p); 세전계속사업이익 기준 ROE(위험↑, SHAP=+0.258, 값=0.2818, 산업백분위=97p)","매출총이익(위험↓, SHAP=-0.351, 값=130,817,044, 산업백분위=71p); 배당금 지급 여부(위험↓, SHAP=-0.341, 값=1.000, 산업백분위=72p); 자본잠식률(위험↓, SHAP=-0.254, 값=-14.845, 산업백분위=45p); 시장구분(위험↓, SHAP=-0.242, 값=-, 산업백분위=-)","절대금액, 기업규모, 상장연차 같은 맥락 변수가 위험 신호처럼 작동했지만 실제 등급은 투자적격으로 유지된 사례입니다.","절대금액을 단독으로 늘리기보다 산업 내 위치, 규모조정 비율, 외부근거 확인을 함께 쓰는 방향이 적절합니다."
중,false_negative,False Negative: 실제 투기등급인데 모델은 투자적격,규모·우량기업 안정 신호가 위험을 가림,KOSDAQ,038680,에스넷시스템(주),2023,2024,it_services,mid_sized,투기등급,투자적격,0.1190812625086837,0.315,0.1959187374913163,"산업 대분류(위험↓, SHAP=-1.024, 값=it_services, 산업백분위=-); 상장연도(위험↓, SHAP=-0.294, 값=2,000.00, 산업백분위=33p); 현금흐름 커버리지(위험↑, SHAP=+0.288, 값=3.716, 산업백분위=34p); 자기자본비율(위험↑, SHAP=+0.265, 값=0.3684, 산업백분위=20p); 매출총이익(위험↓, SHAP=-0.217, 값=57,878,759, 산업백분위=43p)","현금흐름 커버리지(위험↑, SHAP=+0.288, 값=3.716, 산업백분위=34p); 자기자본비율(위험↑, SHAP=+0.265, 값=0.3684, 산업백분위=20p); 감가상각비(위험↑, SHAP=+0.190, 값=3,115,993, 산업백분위=39p); 배당금 지급 여부(위험↑, SHAP=+0.190, 값=0.0000, 산업백분위=19p)","산업 대분류(위험↓, SHAP=-1.024, 값=it_services, 산업백분위=-); 상장연도(위험↓, SHAP=-0.294, 값=2,000.00, 산업백분위=33p); 매출총이익(위험↓, SHAP=-0.217, 값=57,878,759, 산업백분위=43p); 총부채회전율(위험↓, SHAP=-0.168, 값=2.580, 산업백분위=79p); 총자산영업이익률(위험↓, SHAP=-0.158, 값=0.0494, 산업백분위=64p)","자산규모, 배당, 매출총이익, 감가상각비 같은 우량·규모성 안정 신호가 실제 투기등급 위험을 낮춰 본 사례입니다.","규모가 큰 기업의 이벤트성 위험은 뉴스, 공시, 등급전망, 감사의견 같은 외부근거 플래그로 보완하는 편이 좋습니다."
중,false_negative,False Negative: 실제 투기등급인데 모델은 투자적격,규모·우량기업 안정 신호가 위험을 가림,KOSDAQ,053700,삼보모터스(주),2024,2025,manufacturing,mid_sized,투기등급,투자적격,0.1383835367834019,0.315,0.1766164632165981,"감가상각비(위험↓, SHAP=-1.053, 값=54,959,407, 산업백분위=82p); 자산총계(위험↓, SHAP=-0.764, 값=1,209,043,219, 산업백분위=77p); 매출총이익(위험↓, SHAP=-0.646, 값=178,676,944, 산업백분위=76p); 자기자본비율(위험↑, SHAP=+0.556, 값=0.3155, 산업백분위=12p); Market-to-Book(위험↑, SHAP=+0.541, 값=0.2531, 산업백분위=3p)","자기자본비율(위험↑, SHAP=+0.556, 값=0.3155, 산업백분위=12p); Market-to-Book(위험↑, SHAP=+0.541, 값=0.2531, 산업백분위=3p); 산업 대분류(위험↑, SHAP=+0.266, 값=manufacturing, 산업백분위=-); 이자보상배율(위험↑, SHAP=+0.220, 값=1.980, 산업백분위=30p)","감가상각비(위험↓, SHAP=-1.053, 값=54,959,407, 산업백분위=82p); 자산총계(위험↓, SHAP=-0.764, 값=1,209,043,219, 산업백분위=77p); 매출총이익(위험↓, SHAP=-0.646, 값=178,676,944, 산업백분위=76p); 자본잠식률(위험↓, SHAP=-0.353, 값=-32.347, 산업백분위=19p); 배당금 지급 여부(위험↓, SHAP=-0.275, 값=1.000, 산업백분위=72p)","자산규모, 배당, 매출총이익, 감가상각비 같은 우량·규모성 안정 신호가 실제 투기등급 위험을 낮춰 본 사례입니다.","규모가 큰 기업의 이벤트성 위험은 뉴스, 공시, 등급전망, 감사의견 같은 외부근거 플래그로 보완하는 편이 좋습니다."
중,false_negative,False Negative: 실제 투기등급인데 모델은 투자적격,현재 재무비율 안정 신호가 위험을 가림,KOSDAQ,263920,(주)휴엠앤씨,2023,2024,manufacturing,mid_sized,투기등급,투자적격,0.1642768108210543,0.315,0.1507231891789457,"자본잠식률(위험↑, SHAP=+0.599, 값=-0.6513, 산업백분위=96p); 이자보상배율(위험↓, SHAP=-0.594, 값=9.657, 산업백분위=60p); 순이익률(위험↓, SHAP=-0.524, 값=0.2129, 산업백분위=97p); 순이익률 변화(위험↑, SHAP=+0.521, 값=0.1905, 산업백분위=95p); 자기자본비율(위험↓, SHAP=-0.406, 값=0.7358, 산업백분위=82p)","자본잠식률(위험↑, SHAP=+0.599, 값=-0.6513, 산업백분위=96p); 순이익률 변화(위험↑, SHAP=+0.521, 값=0.1905, 산업백분위=95p); 자산총계(위험↑, SHAP=+0.312, 값=55,036,526, 산업백분위=17p); 매출총이익(위험↑, SHAP=+0.254, 값=10,446,748, 산업백분위=28p); 배당금 지급 여부(위험↑, SHAP=+0.246, 값=0.0000, 산업백분위=22p)","이자보상배율(위험↓, SHAP=-0.594, 값=9.657, 산업백분위=60p); 순이익률(위험↓, SHAP=-0.524, 값=0.2129, 산업백분위=97p); 자기자본비율(위험↓, SHAP=-0.406, 값=0.7358, 산업백분위=82p); 총부채회전율(위험↓, SHAP=-0.308, 값=3.330, 산업백분위=81p); 현금흐름 커버리지(위험↓, SHAP=-0.238, 값=12.248, 산업백분위=60p)",현재 재무비율은 양호해 보였지만 다음 연도 라벨은 투기등급으로 나타난 사례입니다.,"단일 연도 수준값보다 악화 속도, 최근 공시 이슈, 산업 충격 신호를 함께 보도록 보완합니다."
중,false_negative,False Negative: 실제 투기등급인데 모델은 투자적격,현재 재무비율 안정 신호가 위험을 가림,KOSDAQ,031310,(주)아이즈비전,2023,2024,it_services,mid_sized,투기등급,투자적격,0.16479115898162,0.315,0.15020884101838,"산업 대분류(위험↓, SHAP=-0.613, 값=it_services, 산업백분위=-); 매출총이익(위험↑, SHAP=+0.573, 값=35,965,848, 산업백분위=35p); 총부채회전율(위험↓, SHAP=-0.532, 값=3.079, 산업백분위=85p); 자본잠식률(위험↓, SHAP=-0.508, 값=-16.316, 산업백분위=47p); 이자보상배율(위험↑, SHAP=+0.340, 값=2.868, 산업백분위=35p)","매출총이익(위험↑, SHAP=+0.573, 값=35,965,848, 산업백분위=35p); 이자보상배율(위험↑, SHAP=+0.340, 값=2.868, 산업백분위=35p); Market-to-Book(위험↑, SHAP=+0.303, 값=0.3517, 산업백분위=14p); 배당금 지급 여부(위험↑, SHAP=+0.289, 값=0.0000, 산업백분위=19p)","산업 대분류(위험↓, SHAP=-0.613, 값=it_services, 산업백분위=-); 총부채회전율(위험↓, SHAP=-0.532, 값=3.079, 산업백분위=85p); 자본잠식률(위험↓, SHAP=-0.508, 값=-16.316, 산업백분위=47p); 자기자본비율(위험↓, SHAP=-0.287, 값=0.7467, 산업백분위=86p); 현금비율(위험↓, SHAP=-0.266, 값=0.5987, 산업백분위=74p)",현재 재무비율은 양호해 보였지만 다음 연도 라벨은 투기등급으로 나타난 사례입니다.,"단일 연도 수준값보다 악화 속도, 최근 공시 이슈, 산업 충격 신호를 함께 보도록 보완합니다."
중,false_negative,False Negative: 실제 투기등급인데 모델은 투자적격,현재 재무비율 안정 신호가 위험을 가림,KOSDAQ,036010,아비코전자(주),2023,2024,manufacturing,mid_sized,투기등급,투자적격,0.1658940244075512,0.315,0.1491059755924488,"자본잠식률(위험↓, SHAP=-0.586, 값=-15.425, 산업백분위=43p); 배당금 지급 여부(위험↓, SHAP=-0.485, 값=1.000, 산업백분위=72p); 순이익률(위험↑, SHAP=+0.453, 값=-0.0190, 산업백분위=21p); 총부채회전율(위험↓, SHAP=-0.400, 값=3.933, 산업백분위=86p); 현금비율(위험↑, SHAP=+0.367, 값=1.545, 산업백분위=95p)","순이익률(위험↑, SHAP=+0.453, 값=-0.0190, 산업백분위=21p); 현금비율(위험↑, SHAP=+0.367, 값=1.545, 산업백분위=95p); 이자보상배율(위험↑, SHAP=+0.353, 값=-16.700, 산업백분위=2p); 감가상각비(위험↑, SHAP=+0.263, 값=5,968,010, 산업백분위=48p)","자본잠식률(위험↓, SHAP=-0.586, 값=-15.425, 산업백분위=43p); 배당금 지급 여부(위험↓, SHAP=-0.485, 값=1.000, 산업백분위=72p); 총부채회전율(위험↓, SHAP=-0.400, 값=3.933, 산업백분위=86p); 자기자본비율(위험↓, SHAP=-0.355, 값=0.7809, 산업백분위=88p); 현금흐름 커버리지(위험↓, SHAP=-0.271, 값=11.352, 산업백분위=59p)",현재 재무비율은 양호해 보였지만 다음 연도 라벨은 투기등급으로 나타난 사례입니다.,"단일 연도 수준값보다 악화 속도, 최근 공시 이슈, 산업 충격 신호를 함께 보도록 보완합니다."
중,false_negative,False Negative: 실제 투기등급인데 모델은 투자적격,규모·우량기업 안정 신호가 위험을 가림,KOSDAQ,215360,우리산업(주),2024,2025,manufacturing,mid_sized,투기등급,투자적격,0.2081999929864626,0.315,0.1068000070135374,"매출총이익(위험↓, SHAP=-0.612, 값=70,276,248, 산업백분위=62p); 자기자본비율(위험↑, SHAP=+0.512, 값=0.3449, 산업백분위=15p); 배당금 지급 여부(위험↓, SHAP=-0.386, 값=1.000, 산업백분위=72p); 자본잠식률(위험↓, SHAP=-0.310, 값=-23.516, 산업백분위=27p); 이자보상배율(위험↑, SHAP=+0.271, 값=2.466, 산업백분위=33p)","자기자본비율(위험↑, SHAP=+0.512, 값=0.3449, 산업백분위=15p); 이자보상배율(위험↑, SHAP=+0.271, 값=2.466, 산업백분위=33p); 세전계속사업이익 기준 ROE(위험↑, SHAP=+0.220, 값=0.1656, 산업백분위=86p); 감가상각비(위험↑, SHAP=+0.189, 값=9,302,598, 산업백분위=56p); 부채비율(위험↑, SHAP=+0.188, 값=1.899, 산업백분위=85p)","매출총이익(위험↓, SHAP=-0.612, 값=70,276,248, 산업백분위=62p); 배당금 지급 여부(위험↓, SHAP=-0.386, 값=1.000, 산업백분위=72p); 자본잠식률(위험↓, SHAP=-0.310, 값=-23.516, 산업백분위=27p); 상장연도(위험↓, SHAP=-0.252, 값=2,015.00, 산업백분위=79p); 자산총계(위험↓, SHAP=-0.200, 값=324,535,495, 산업백분위=55p)","자산규모, 배당, 매출총이익, 감가상각비 같은 우량·규모성 안정 신호가 실제 투기등급 위험을 낮춰 본 사례입니다.","규모가 큰 기업의 이벤트성 위험은 뉴스, 공시, 등급전망, 감사의견 같은 외부근거 플래그로 보완하는 편이 좋습니다."
중,false_negative,False Negative: 실제 투기등급인데 모델은 투자적격,현재 재무비율 안정 신호가 위험을 가림,KOSDAQ,086890,(주)이수앱지스,2023,2024,manufacturing,mid_sized,투기등급,투자적격,0.21432536801147,0.315,0.10067463198853,"이자보상배율(위험↓, SHAP=-0.722, 값=1,000,000, 산업백분위=93p); 상장연도(위험↓, SHAP=-0.283, 값=2,009.00, 산업백분위=60p); 자산총계(위험↑, SHAP=+0.261, 값=0.0000, 산업백분위=7p); 매출총이익(위험↑, SHAP=+0.235, 값=0.0000, 산업백분위=9p); 자본잠식률(위험↑, SHAP=+0.222, 값=-, 산업백분위=-)","자산총계(위험↑, SHAP=+0.261, 값=0.0000, 산업백분위=7p); 매출총이익(위험↑, SHAP=+0.235, 값=0.0000, 산업백분위=9p); 자본잠식률(위험↑, SHAP=+0.222, 값=-, 산업백분위=-); 배당금 지급 여부(위험↑, SHAP=+0.219, 값=0.0000, 산업백분위=22p)","이자보상배율(위험↓, SHAP=-0.722, 값=1,000,000, 산업백분위=93p); 상장연도(위험↓, SHAP=-0.283, 값=2,009.00, 산업백분위=60p); 현금흐름 커버리지(위험↓, SHAP=-0.200, 값=1,000,000, 산업백분위=93p); 자기자본비율(위험↓, SHAP=-0.115, 값=-, 산업백분위=-); 기업규모 그룹(위험↓, SHAP=-0.096, 값=mid_sized, 산업백분위=-)",현재 재무비율은 양호해 보였지만 다음 연도 라벨은 투기등급으로 나타난 사례입니다.,"단일 연도 수준값보다 악화 속도, 최근 공시 이슈, 산업 충격 신호를 함께 보도록 보완합니다."
중,false_positive,False Positive: 실제 투자적격인데 모델은 투기등급,규모/상장맥락 보조 신호 과민반응,KOSPI,079980,(주)휴비스,2024,2025,manufacturing,mid_sized,투자적격,투기등급,0.5510681520733438,0.315,0.2360681520733438,"감가상각비(위험↓, SHAP=-0.904, 값=31,310,724, 산업백분위=74p); 자산총계(위험↓, SHAP=-0.687, 값=765,377,955, 산업백분위=70p); 상장연도(위험↓, SHAP=-0.617, 값=2,012.00, 산업백분위=71p); 매출총이익(위험↑, SHAP=+0.480, 값=46,249,188, 산업백분위=53p); 세전계속사업이익 기준 ROE(위험↑, SHAP=+0.471, 값=-0.5811, 산업백분위=2p)","매출총이익(위험↑, SHAP=+0.480, 값=46,249,188, 산업백분위=53p); 세전계속사업이익 기준 ROE(위험↑, SHAP=+0.471, 값=-0.5811, 산업백분위=2p); 자본잠식률(위험↑, SHAP=+0.457, 값=-0.3622, 산업백분위=97p); 이자보상배율(위험↑, SHAP=+0.446, 값=-2.111, 산업백분위=10p); 자기자본비율(위험↑, SHAP=+0.404, 값=0.3070, 산업백분위=11p)","감가상각비(위험↓, SHAP=-0.904, 값=31,310,724, 산업백분위=74p); 자산총계(위험↓, SHAP=-0.687, 값=765,377,955, 산업백분위=70p); 상장연도(위험↓, SHAP=-0.617, 값=2,012.00, 산업백분위=71p)",핵심 위험 요인은 다른 재무지표였지만 절대금액·규모·상장연차가 보조적으로 위험 판단을 키운 사례입니다.,"보조 맥락 변수가 FP를 키우는지 세그먼트별로 확인하고, 필요하면 committee_view에서 근거 강도를 낮춰 해석합니다."
중,false_positive,False Positive: 실제 투자적격인데 모델은 투기등급,수익성·현금흐름 경고 과대반응,KOSDAQ,195940,에이치케이이노엔(주),2024,2025,manufacturing,mid_sized,투자적격,투기등급,0.5494762988027108,0.315,0.2344762988027107,"상장연도(위험↑, SHAP=+0.888, 값=2,021.00, 산업백분위=98p); 이자보상배율(위험↓, SHAP=-0.680, 값=1,000,000, 산업백분위=93p); 매출총이익(위험↑, SHAP=+0.276, 값=0.0000, 산업백분위=9p); 자산총계(위험↑, SHAP=+0.271, 값=0.0000, 산업백분위=7p); 자본잠식률(위험↑, SHAP=+0.240, 값=-, 산업백분위=-)","상장연도(위험↑, SHAP=+0.888, 값=2,021.00, 산업백분위=98p); 매출총이익(위험↑, SHAP=+0.276, 값=0.0000, 산업백분위=9p); 자산총계(위험↑, SHAP=+0.271, 값=0.0000, 산업백분위=7p); 자본잠식률(위험↑, SHAP=+0.240, 값=-, 산업백분위=-); 배당금 지급 여부(위험↑, SHAP=+0.235, 값=0.0000, 산업백분위=22p)","이자보상배율(위험↓, SHAP=-0.680, 값=1,000,000, 산업백분위=93p); 현금흐름 커버리지(위험↓, SHAP=-0.169, 값=1,000,000, 산업백분위=93p); 자기자본비율(위험↓, SHAP=-0.087, 값=-, 산업백분위=-)",수익성 또는 현금흐름 지표 악화가 모델 위험 판단을 키웠지만 실제 라벨은 안정적이었던 사례입니다.,일시적 부진인지 구조적 악화인지 구분하는 추세 변수와 산업 내 비교 지표를 보강합니다.
중,false_positive,False Positive: 실제 투자적격인데 모델은 투기등급,부채·상환능력 경고 과대반응,KOSDAQ,068240,(주)다원시스,2023,2024,manufacturing,mid_sized,투자적격,투기등급,0.5461565275851201,0.315,0.2311565275851201,"순이익률 변화(위험↑, SHAP=+0.761, 값=0.7344, 산업백분위=99p); 자기자본비율(위험↑, SHAP=+0.453, 값=0.3174, 산업백분위=13p); 이자보상배율(위험↑, SHAP=+0.388, 값=1.397, 산업백분위=25p); 매출총이익(위험↓, SHAP=-0.342, 값=73,095,327, 산업백분위=62p); 자산총계(위험↓, SHAP=-0.316, 값=665,385,214, 산업백분위=68p)","순이익률 변화(위험↑, SHAP=+0.761, 값=0.7344, 산업백분위=99p); 자기자본비율(위험↑, SHAP=+0.453, 값=0.3174, 산업백분위=13p); 이자보상배율(위험↑, SHAP=+0.388, 값=1.397, 산업백분위=25p); 현금흐름 커버리지(위험↑, SHAP=+0.287, 값=-0.1952, 산업백분위=18p); 2년 연속 OCF 적자 여부(위험↑, SHAP=+0.231, 값=1.000, 산업백분위=97p)","매출총이익(위험↓, SHAP=-0.342, 값=73,095,327, 산업백분위=62p); 자산총계(위험↓, SHAP=-0.316, 값=665,385,214, 산업백분위=68p); 감가상각비(위험↓, SHAP=-0.274, 값=16,268,457, 산업백분위=64p); 자본잠식률(위험↓, SHAP=-0.204, 값=-11.327, 산업백분위=54p); 상장연도(위험↓, SHAP=-0.196, 값=2,010.00, 산업백분위=64p)",부채·상환능력 지표가 경고를 냈지만 실제 신용등급 하락으로 이어지지 않은 사례입니다.,단기 경고와 지속 악화를 구분하도록 2년 이상 지속 여부나 현금흐름 보완 지표를 추가 점검합니다.
중,false_positive,False Positive: 실제 투자적격인데 모델은 투기등급,규모/상장맥락 과민반응,KOSDAQ,053580,웹케시(주),2023,2024,it_services,mid_sized,투자적격,투기등급,0.5415594068747114,0.315,0.2265594068747113,"상장연도(위험↑, SHAP=+0.947, 값=2,019.00, 산업백분위=93p); 이자보상배율(위험↓, SHAP=-0.637, 값=1,000,000, 산업백분위=93p); 산업 대분류(위험↓, SHAP=-0.309, 값=it_services, 산업백분위=-); 자산총계(위험↑, SHAP=+0.294, 값=0.0000, 산업백분위=6p); 매출총이익(위험↑, SHAP=+0.285, 값=0.0000, 산업백분위=7p)","상장연도(위험↑, SHAP=+0.947, 값=2,019.00, 산업백분위=93p); 자산총계(위험↑, SHAP=+0.294, 값=0.0000, 산업백분위=6p); 매출총이익(위험↑, SHAP=+0.285, 값=0.0000, 산업백분위=7p); 자본잠식률(위험↑, SHAP=+0.275, 값=-, 산업백분위=-); 배당금 지급 여부(위험↑, SHAP=+0.234, 값=0.0000, 산업백분위=19p)","이자보상배율(위험↓, SHAP=-0.637, 값=1,000,000, 산업백분위=93p); 산업 대분류(위험↓, SHAP=-0.309, 값=it_services, 산업백분위=-); 현금흐름 커버리지(위험↓, SHAP=-0.155, 값=1,000,000, 산업백분위=93p)","절대금액, 기업규모, 상장연차 같은 맥락 변수가 위험 신호처럼 작동했지만 실제 등급은 투자적격으로 유지된 사례입니다.","절대금액을 단독으로 늘리기보다 산업 내 위치, 규모조정 비율, 외부근거 확인을 함께 쓰는 방향이 적절합니다."
중,false_positive,False Positive: 실제 투자적격인데 모델은 투기등급,수익성·현금흐름 경고 과대반응,KOSDAQ,320000,(주)한울반도체,2023,2024,manufacturing,small_and_medium,투자적격,투기등급,0.5401962495621305,0.315,0.2251962495621305,"이자보상배율(위험↓, SHAP=-0.652, 값=1,000,000, 산업백분위=93p); 상장연도(위험↑, SHAP=+0.636, 값=2,019.00, 산업백분위=94p); 매출총이익(위험↑, SHAP=+0.270, 값=0.0000, 산업백분위=9p); 자산총계(위험↑, SHAP=+0.268, 값=0.0000, 산업백분위=7p); 자본잠식률(위험↑, SHAP=+0.246, 값=-, 산업백분위=-)","상장연도(위험↑, SHAP=+0.636, 값=2,019.00, 산업백분위=94p); 매출총이익(위험↑, SHAP=+0.270, 값=0.0000, 산업백분위=9p); 자산총계(위험↑, SHAP=+0.268, 값=0.0000, 산업백분위=7p); 자본잠식률(위험↑, SHAP=+0.246, 값=-, 산업백분위=-); 기업규모 그룹(위험↑, SHAP=+0.244, 값=small_and_medium, 산업백분위=-)","이자보상배율(위험↓, SHAP=-0.652, 값=1,000,000, 산업백분위=93p); 현금흐름 커버리지(위험↓, SHAP=-0.173, 값=1,000,000, 산업백분위=93p)",수익성 또는 현금흐름 지표 악화가 모델 위험 판단을 키웠지만 실제 라벨은 안정적이었던 사례입니다.,일시적 부진인지 구조적 악화인지 구분하는 추세 변수와 산업 내 비교 지표를 보강합니다.
중,false_positive,False Positive: 실제 투자적격인데 모델은 투기등급,수익성·상환능력 복합 경고 과대반응,KOSDAQ,014970,삼륭물산(주),2023,2024,manufacturing,small_and_medium,투자적격,투기등급,0.5271679886155555,0.315,0.2121679886155554,"이자보상배율(위험↑, SHAP=+0.495, 값=0.7221, 산업백분위=20p); 매출총이익(위험↑, SHAP=+0.371, 값=6,408,266, 산업백분위=22p); 상장연도(위험↓, SHAP=-0.347, 값=1,992.00, 산업백분위=19p); 기업규모 그룹(위험↑, SHAP=+0.330, 값=small_and_medium, 산업백분위=-); 감가상각비(위험↑, SHAP=+0.269, 값=4,259,080, 산업백분위=41p)","이자보상배율(위험↑, SHAP=+0.495, 값=0.7221, 산업백분위=20p); 매출총이익(위험↑, SHAP=+0.371, 값=6,408,266, 산업백분위=22p); 기업규모 그룹(위험↑, SHAP=+0.330, 값=small_and_medium, 산업백분위=-); 감가상각비(위험↑, SHAP=+0.269, 값=4,259,080, 산업백분위=41p); 배당금 지급 여부(위험↑, SHAP=+0.230, 값=0.0000, 산업백분위=22p)","상장연도(위험↓, SHAP=-0.347, 값=1,992.00, 산업백분위=19p); 자기자본비율(위험↓, SHAP=-0.199, 값=0.5749, 산업백분위=58p)",수익성 악화와 이자보상·상환능력 경고가 동시에 나타나 모델 확률을 크게 끌어올렸지만 실제 등급은 유지된 사례입니다.,"이 조합이 실제 등급 하락으로 이어지는 조건을 외부근거, 지속기간, 산업 내 위치와 함께 재점검합니다."
중,false_positive,False Positive: 실제 투자적격인데 모델은 투기등급,부채·상환능력 경고 과대반응,KOSDAQ,043910,(주)자연과환경,2023,2024,manufacturing,small_and_medium,투자적격,투기등급,0.5192400851420796,0.315,0.2042400851420796,"순이익률(위험↓, SHAP=-0.699, 값=0.0571, 산업백분위=70p); 현금비율(위험↓, SHAP=-0.561, 값=0.3207, 산업백분위=57p); 자본잠식률(위험↑, SHAP=+0.508, 값=-0.9204, 산업백분위=94p); 이자보상배율(위험↑, SHAP=+0.429, 값=2.954, 산업백분위=37p); 매출총이익(위험↑, SHAP=+0.406, 값=9,886,697, 산업백분위=27p)","자본잠식률(위험↑, SHAP=+0.508, 값=-0.9204, 산업백분위=94p); 이자보상배율(위험↑, SHAP=+0.429, 값=2.954, 산업백분위=37p); 매출총이익(위험↑, SHAP=+0.406, 값=9,886,697, 산업백분위=27p); 상장연도(위험↑, SHAP=+0.388, 값=2,005.00, 산업백분위=49p); 배당금 지급 여부(위험↑, SHAP=+0.256, 값=0.0000, 산업백분위=22p)","순이익률(위험↓, SHAP=-0.699, 값=0.0571, 산업백분위=70p); 현금비율(위험↓, SHAP=-0.561, 값=0.3207, 산업백분위=57p); 자기자본비율(위험↓, SHAP=-0.205, 값=0.6132, 산업백분위=64p)",부채·상환능력 지표가 경고를 냈지만 실제 신용등급 하락으로 이어지지 않은 사례입니다.,단기 경고와 지속 악화를 구분하도록 2년 이상 지속 여부나 현금흐름 보완 지표를 추가 점검합니다.
중,false_positive,False Positive: 실제 투자적격인데 모델은 투기등급,수익성·상환능력 복합 경고 과대반응,KOSDAQ,027050,(주)코리아나화장품,2023,2024,manufacturing,small_and_medium,투자적격,투기등급,0.5191398270374129,0.315,0.2041398270374129,"이자보상배율(위험↑, SHAP=+0.552, 값=2.654, 산업백분위=35p); 매출총이익(위험↑, SHAP=+0.544, 값=33,598,712, 산업백분위=47p); 총부채회전율(위험↓, SHAP=-0.417, 값=3.224, 산업백분위=80p); 기업규모 그룹(위험↑, SHAP=+0.354, 값=small_and_medium, 산업백분위=-); 자기자본비율(위험↓, SHAP=-0.312, 값=0.7628, 산업백분위=85p)","이자보상배율(위험↑, SHAP=+0.552, 값=2.654, 산업백분위=35p); 매출총이익(위험↑, SHAP=+0.544, 값=33,598,712, 산업백분위=47p); 기업규모 그룹(위험↑, SHAP=+0.354, 값=small_and_medium, 산업백분위=-); 자산총계(위험↑, SHAP=+0.255, 값=112,490,646, 산업백분위=30p); 현금흐름 커버리지(위험↑, SHAP=+0.233, 값=4.618, 산업백분위=40p)","총부채회전율(위험↓, SHAP=-0.417, 값=3.224, 산업백분위=80p); 자기자본비율(위험↓, SHAP=-0.312, 값=0.7628, 산업백분위=85p); 순이익률(위험↓, SHAP=-0.214, 값=0.0205, 산업백분위=44p)",수익성 악화와 이자보상·상환능력 경고가 동시에 나타나 모델 확률을 크게 끌어올렸지만 실제 등급은 유지된 사례입니다.,"이 조합이 실제 등급 하락으로 이어지는 조건을 외부근거, 지속기간, 산업 내 위치와 함께 재점검합니다."
중,false_positive,False Positive: 실제 투자적격인데 모델은 투기등급,수익성·현금흐름 경고 과대반응,KOSDAQ,314140,(주)알피바이오,2023,2024,manufacturing,small_and_medium,투자적격,투기등급,0.5173260531970414,0.315,0.2023260531970414,"이자보상배율(위험↓, SHAP=-0.652, 값=1,000,000, 산업백분위=93p); 상장연도(위험↑, SHAP=+0.546, 값=2,022.00, 산업백분위=99p); 매출총이익(위험↑, SHAP=+0.270, 값=0.0000, 산업백분위=9p); 자산총계(위험↑, SHAP=+0.268, 값=0.0000, 산업백분위=7p); 자본잠식률(위험↑, SHAP=+0.246, 값=-, 산업백분위=-)","상장연도(위험↑, SHAP=+0.546, 값=2,022.00, 산업백분위=99p); 매출총이익(위험↑, SHAP=+0.270, 값=0.0000, 산업백분위=9p); 자산총계(위험↑, SHAP=+0.268, 값=0.0000, 산업백분위=7p); 자본잠식률(위험↑, SHAP=+0.246, 값=-, 산업백분위=-); 기업규모 그룹(위험↑, SHAP=+0.244, 값=small_and_medium, 산업백분위=-)","이자보상배율(위험↓, SHAP=-0.652, 값=1,000,000, 산업백분위=93p); 현금흐름 커버리지(위험↓, SHAP=-0.173, 값=1,000,000, 산업백분위=93p)",수익성 또는 현금흐름 지표 악화가 모델 위험 판단을 키웠지만 실제 라벨은 안정적이었던 사례입니다.,일시적 부진인지 구조적 악화인지 구분하는 추세 변수와 산업 내 비교 지표를 보강합니다.
중,false_positive,False Positive: 실제 투자적격인데 모델은 투기등급,수익성·현금흐름 경고 과대반응,KOSDAQ,352090,(주)스톰테크,2023,2024,manufacturing,small_and_medium,투자적격,투기등급,0.5173260531970414,0.315,0.2023260531970414,"이자보상배율(위험↓, SHAP=-0.652, 값=1,000,000, 산업백분위=93p); 상장연도(위험↑, SHAP=+0.546, 값=2,023.00, 산업백분위=100p); 매출총이익(위험↑, SHAP=+0.270, 값=0.0000, 산업백분위=9p); 자산총계(위험↑, SHAP=+0.268, 값=0.0000, 산업백분위=7p); 자본잠식률(위험↑, SHAP=+0.246, 값=-, 산업백분위=-)","상장연도(위험↑, SHAP=+0.546, 값=2,023.00, 산업백분위=100p); 매출총이익(위험↑, SHAP=+0.270, 값=0.0000, 산업백분위=9p); 자산총계(위험↑, SHAP=+0.268, 값=0.0000, 산업백분위=7p); 자본잠식률(위험↑, SHAP=+0.246, 값=-, 산업백분위=-); 기업규모 그룹(위험↑, SHAP=+0.244, 값=small_and_medium, 산업백분위=-)","이자보상배율(위험↓, SHAP=-0.652, 값=1,000,000, 산업백분위=93p); 현금흐름 커버리지(위험↓, SHAP=-0.173, 값=1,000,000, 산업백분위=93p)",수익성 또는 현금흐름 지표 악화가 모델 위험 판단을 키웠지만 실제 라벨은 안정적이었던 사례입니다.,일시적 부진인지 구조적 악화인지 구분하는 추세 변수와 산업 내 비교 지표를 보강합니다.
중,false_positive,False Positive: 실제 투자적격인데 모델은 투기등급,수익성·현금흐름 경고 과대반응,KOSDAQ,382480,(주)지아이텍,2023,2024,manufacturing,small_and_medium,투자적격,투기등급,0.5173260531970414,0.315,0.2023260531970414,"이자보상배율(위험↓, SHAP=-0.652, 값=1,000,000, 산업백분위=93p); 상장연도(위험↑, SHAP=+0.546, 값=2,021.00, 산업백분위=98p); 매출총이익(위험↑, SHAP=+0.270, 값=0.0000, 산업백분위=9p); 자산총계(위험↑, SHAP=+0.268, 값=0.0000, 산업백분위=7p); 자본잠식률(위험↑, SHAP=+0.246, 값=-, 산업백분위=-)","상장연도(위험↑, SHAP=+0.546, 값=2,021.00, 산업백분위=98p); 매출총이익(위험↑, SHAP=+0.270, 값=0.0000, 산업백분위=9p); 자산총계(위험↑, SHAP=+0.268, 값=0.0000, 산업백분위=7p); 자본잠식률(위험↑, SHAP=+0.246, 값=-, 산업백분위=-); 기업규모 그룹(위험↑, SHAP=+0.244, 값=small_and_medium, 산업백분위=-)","이자보상배율(위험↓, SHAP=-0.652, 값=1,000,000, 산업백분위=93p); 현금흐름 커버리지(위험↓, SHAP=-0.173, 값=1,000,000, 산업백분위=93p)",수익성 또는 현금흐름 지표 악화가 모델 위험 판단을 키웠지만 실제 라벨은 안정적이었던 사례입니다.,일시적 부진인지 구조적 악화인지 구분하는 추세 변수와 산업 내 비교 지표를 보강합니다.
중,false_positive,False Positive: 실제 투자적격인데 모델은 투기등급,수익성·현금흐름 경고 과대반응,KOSDAQ,419080,엔젯(주),2023,2024,manufacturing,small_and_medium,투자적격,투기등급,0.5173260531970414,0.315,0.2023260531970414,"이자보상배율(위험↓, SHAP=-0.652, 값=1,000,000, 산업백분위=93p); 상장연도(위험↑, SHAP=+0.546, 값=2,022.00, 산업백분위=99p); 매출총이익(위험↑, SHAP=+0.270, 값=0.0000, 산업백분위=9p); 자산총계(위험↑, SHAP=+0.268, 값=0.0000, 산업백분위=7p); 자본잠식률(위험↑, SHAP=+0.246, 값=-, 산업백분위=-)","상장연도(위험↑, SHAP=+0.546, 값=2,022.00, 산업백분위=99p); 매출총이익(위험↑, SHAP=+0.270, 값=0.0000, 산업백분위=9p); 자산총계(위험↑, SHAP=+0.268, 값=0.0000, 산업백분위=7p); 자본잠식률(위험↑, SHAP=+0.246, 값=-, 산업백분위=-); 기업규모 그룹(위험↑, SHAP=+0.244, 값=small_and_medium, 산업백분위=-)","이자보상배율(위험↓, SHAP=-0.652, 값=1,000,000, 산업백분위=93p); 현금흐름 커버리지(위험↓, SHAP=-0.173, 값=1,000,000, 산업백분위=93p)",수익성 또는 현금흐름 지표 악화가 모델 위험 판단을 키웠지만 실제 라벨은 안정적이었던 사례입니다.,일시적 부진인지 구조적 악화인지 구분하는 추세 변수와 산업 내 비교 지표를 보강합니다.
중,false_positive,False Positive: 실제 투자적격인데 모델은 투기등급,수익성·현금흐름 경고 과대반응,KOSDAQ,448710,코츠테크놀로지(주),2023,2024,manufacturing,small_and_medium,투자적격,투기등급,0.5173260531970414,0.315,0.2023260531970414,"이자보상배율(위험↓, SHAP=-0.652, 값=1,000,000, 산업백분위=93p); 상장연도(위험↑, SHAP=+0.546, 값=2,023.00, 산업백분위=100p); 매출총이익(위험↑, SHAP=+0.270, 값=0.0000, 산업백분위=9p); 자산총계(위험↑, SHAP=+0.268, 값=0.0000, 산업백분위=7p); 자본잠식률(위험↑, SHAP=+0.246, 값=-, 산업백분위=-)","상장연도(위험↑, SHAP=+0.546, 값=2,023.00, 산업백분위=100p); 매출총이익(위험↑, SHAP=+0.270, 값=0.0000, 산업백분위=9p); 자산총계(위험↑, SHAP=+0.268, 값=0.0000, 산업백분위=7p); 자본잠식률(위험↑, SHAP=+0.246, 값=-, 산업백분위=-); 기업규모 그룹(위험↑, SHAP=+0.244, 값=small_and_medium, 산업백분위=-)","이자보상배율(위험↓, SHAP=-0.652, 값=1,000,000, 산업백분위=93p); 현금흐름 커버리지(위험↓, SHAP=-0.173, 값=1,000,000, 산업백분위=93p)",수익성 또는 현금흐름 지표 악화가 모델 위험 판단을 키웠지만 실제 라벨은 안정적이었던 사례입니다.,일시적 부진인지 구조적 악화인지 구분하는 추세 변수와 산업 내 비교 지표를 보강합니다.
중,false_positive,False Positive: 실제 투자적격인데 모델은 투기등급,수익성·현금흐름 경고 과대반응,KOSDAQ,195940,에이치케이이노엔(주),2023,2024,manufacturing,mid_sized,투자적격,투기등급,0.5169704648938986,0.315,0.2019704648938986,"상장연도(위험↑, SHAP=+0.848, 값=2,021.00, 산업백분위=98p); 이자보상배율(위험↓, SHAP=-0.680, 값=1,000,000, 산업백분위=93p); 매출총이익(위험↑, SHAP=+0.273, 값=0.0000, 산업백분위=9p); 자산총계(위험↑, SHAP=+0.268, 값=0.0000, 산업백분위=7p); 자본잠식률(위험↑, SHAP=+0.239, 값=-, 산업백분위=-)","상장연도(위험↑, SHAP=+0.848, 값=2,021.00, 산업백분위=98p); 매출총이익(위험↑, SHAP=+0.273, 값=0.0000, 산업백분위=9p); 자산총계(위험↑, SHAP=+0.268, 값=0.0000, 산업백분위=7p); 자본잠식률(위험↑, SHAP=+0.239, 값=-, 산업백분위=-); 배당금 지급 여부(위험↑, SHAP=+0.236, 값=0.0000, 산업백분위=22p)","이자보상배율(위험↓, SHAP=-0.680, 값=1,000,000, 산업백분위=93p); 현금흐름 커버리지(위험↓, SHAP=-0.169, 값=1,000,000, 산업백분위=93p); 자기자본비율(위험↓, SHAP=-0.087, 값=-, 산업백분위=-)",수익성 또는 현금흐름 지표 악화가 모델 위험 판단을 키웠지만 실제 라벨은 안정적이었던 사례입니다.,일시적 부진인지 구조적 악화인지 구분하는 추세 변수와 산업 내 비교 지표를 보강합니다.
중,false_positive,False Positive: 실제 투자적격인데 모델은 투기등급,수익성·현금흐름 경고 과대반응,KOSDAQ,370090,(주)퓨런티어,2023,2024,manufacturing,mid_sized,투자적격,투기등급,0.5169704648938986,0.315,0.2019704648938986,"상장연도(위험↑, SHAP=+0.848, 값=2,022.00, 산업백분위=99p); 이자보상배율(위험↓, SHAP=-0.680, 값=1,000,000, 산업백분위=93p); 매출총이익(위험↑, SHAP=+0.273, 값=0.0000, 산업백분위=9p); 자산총계(위험↑, SHAP=+0.268, 값=0.0000, 산업백분위=7p); 자본잠식률(위험↑, SHAP=+0.239, 값=-, 산업백분위=-)","상장연도(위험↑, SHAP=+0.848, 값=2,022.00, 산업백분위=99p); 매출총이익(위험↑, SHAP=+0.273, 값=0.0000, 산업백분위=9p); 자산총계(위험↑, SHAP=+0.268, 값=0.0000, 산업백분위=7p); 자본잠식률(위험↑, SHAP=+0.239, 값=-, 산업백분위=-); 배당금 지급 여부(위험↑, SHAP=+0.236, 값=0.0000, 산업백분위=22p)","이자보상배율(위험↓, SHAP=-0.680, 값=1,000,000, 산업백분위=93p); 현금흐름 커버리지(위험↓, SHAP=-0.169, 값=1,000,000, 산업백분위=93p); 자기자본비율(위험↓, SHAP=-0.087, 값=-, 산업백분위=-)",수익성 또는 현금흐름 지표 악화가 모델 위험 판단을 키웠지만 실제 라벨은 안정적이었던 사례입니다.,일시적 부진인지 구조적 악화인지 구분하는 추세 변수와 산업 내 비교 지표를 보강합니다.
중,false_positive,False Positive: 실제 투자적격인데 모델은 투기등급,수익성·현금흐름 경고 과대반응,KOSDAQ,413630,씨피시스템(주),2023,2024,manufacturing,mid_sized,투자적격,투기등급,0.5169704648938986,0.315,0.2019704648938986,"상장연도(위험↑, SHAP=+0.848, 값=2,022.00, 산업백분위=99p); 이자보상배율(위험↓, SHAP=-0.680, 값=1,000,000, 산업백분위=93p); 매출총이익(위험↑, SHAP=+0.273, 값=0.0000, 산업백분위=9p); 자산총계(위험↑, SHAP=+0.268, 값=0.0000, 산업백분위=7p); 자본잠식률(위험↑, SHAP=+0.239, 값=-, 산업백분위=-)","상장연도(위험↑, SHAP=+0.848, 값=2,022.00, 산업백분위=99p); 매출총이익(위험↑, SHAP=+0.273, 값=0.0000, 산업백분위=9p); 자산총계(위험↑, SHAP=+0.268, 값=0.0000, 산업백분위=7p); 자본잠식률(위험↑, SHAP=+0.239, 값=-, 산업백분위=-); 배당금 지급 여부(위험↑, SHAP=+0.236, 값=0.0000, 산업백분위=22p)","이자보상배율(위험↓, SHAP=-0.680, 값=1,000,000, 산업백분위=93p); 현금흐름 커버리지(위험↓, SHAP=-0.169, 값=1,000,000, 산업백분위=93p); 자기자본비율(위험↓, SHAP=-0.087, 값=-, 산업백분위=-)",수익성 또는 현금흐름 지표 악화가 모델 위험 판단을 키웠지만 실제 라벨은 안정적이었던 사례입니다.,일시적 부진인지 구조적 악화인지 구분하는 추세 변수와 산업 내 비교 지표를 보강합니다.
중,false_positive,False Positive: 실제 투자적격인데 모델은 투기등급,수익성·현금흐름 경고 과대반응,KOSDAQ,318160,(주)셀바이오휴먼텍,2023,2024,manufacturing,small_and_medium,투자적격,투기등급,0.5003822994966263,0.315,0.1853822994966262,"자기자본비율(위험↓, SHAP=-0.469, 값=0.8377, 산업백분위=94p); 순이익률(위험↑, SHAP=+0.412, 값=-0.0680, 산업백분위=13p); 매출총이익(위험↑, SHAP=+0.388, 값=7,728,577, 산업백분위=24p); OCF/매출액(위험↓, SHAP=-0.314, 값=0.0644, 산업백분위=53p); 자산총계(위험↑, SHAP=+0.314, 값=53,196,406, 산업백분위=16p)","순이익률(위험↑, SHAP=+0.412, 값=-0.0680, 산업백분위=13p); 매출총이익(위험↑, SHAP=+0.388, 값=7,728,577, 산업백분위=24p); 자산총계(위험↑, SHAP=+0.314, 값=53,196,406, 산업백분위=16p); 현금흐름 커버리지(위험↑, SHAP=+0.265, 값=3.597, 산업백분위=34p); 감가상각비(위험↑, SHAP=+0.259, 값=1,754,466, 산업백분위=26p)","자기자본비율(위험↓, SHAP=-0.469, 값=0.8377, 산업백분위=94p); OCF/매출액(위험↓, SHAP=-0.314, 값=0.0644, 산업백분위=53p); 총부채회전율(위험↓, SHAP=-0.292, 값=3.165, 산업백분위=79p); 자본잠식률(위험↓, SHAP=-0.253, 값=-7.777, 산업백분위=65p)",수익성 또는 현금흐름 지표 악화가 모델 위험 판단을 키웠지만 실제 라벨은 안정적이었던 사례입니다.,일시적 부진인지 구조적 악화인지 구분하는 추세 변수와 산업 내 비교 지표를 보강합니다.
중,false_positive,False Positive: 실제 투자적격인데 모델은 투기등급,규모/상장맥락 과민반응,KOSPI,006390,한일현대시멘트(주),2023,2024,manufacturing,mid_sized,투자적격,투기등급,0.4960885042956807,0.315,0.1810885042956806,"상장연도(위험↑, SHAP=+1.007, 값=1,975.00, 산업백분위=4p); 이자보상배율(위험↓, SHAP=-0.710, 값=1,000,000, 산업백분위=93p); 자산총계(위험↑, SHAP=+0.279, 값=0.0000, 산업백분위=7p); 매출총이익(위험↑, SHAP=+0.272, 값=0.0000, 산업백분위=9p); 자본잠식률(위험↑, SHAP=+0.271, 값=-, 산업백분위=-)","상장연도(위험↑, SHAP=+1.007, 값=1,975.00, 산업백분위=4p); 자산총계(위험↑, SHAP=+0.279, 값=0.0000, 산업백분위=7p); 매출총이익(위험↑, SHAP=+0.272, 값=0.0000, 산업백분위=9p); 자본잠식률(위험↑, SHAP=+0.271, 값=-, 산업백분위=-); 배당금 지급 여부(위험↑, SHAP=+0.254, 값=0.0000, 산업백분위=22p)","이자보상배율(위험↓, SHAP=-0.710, 값=1,000,000, 산업백분위=93p); 현금흐름 커버리지(위험↓, SHAP=-0.197, 값=1,000,000, 산업백분위=93p); 기업규모 그룹(위험↓, SHAP=-0.190, 값=mid_sized, 산업백분위=-); 시장구분(위험↓, SHAP=-0.141, 값=-, 산업백분위=-)","절대금액, 기업규모, 상장연차 같은 맥락 변수가 위험 신호처럼 작동했지만 실제 등급은 투자적격으로 유지된 사례입니다.","절대금액을 단독으로 늘리기보다 산업 내 위치, 규모조정 비율, 외부근거 확인을 함께 쓰는 방향이 적절합니다."
중,false_positive,False Positive: 실제 투자적격인데 모델은 투기등급,수익성·상환능력 복합 경고 과대반응,KOSDAQ,065370,(주)위세아이텍,2023,2024,it_services,small_and_medium,투자적격,투기등급,0.4945913455800306,0.315,0.1795913455800306,"산업 대분류(위험↓, SHAP=-0.630, 값=it_services, 산업백분위=-); 순이익률(위험↑, SHAP=+0.539, 값=-0.1192, 산업백분위=10p); 이자보상배율(위험↑, SHAP=+0.442, 값=-5.340, 산업백분위=6p); 무형자산 비중(위험↓, SHAP=-0.421, 값=0.0671, 산업백분위=77p); 배당금 지급 여부(위험↓, SHAP=-0.401, 값=1.000, 산업백분위=69p)","순이익률(위험↑, SHAP=+0.539, 값=-0.1192, 산업백분위=10p); 이자보상배율(위험↑, SHAP=+0.442, 값=-5.340, 산업백분위=6p); 매출총이익(위험↑, SHAP=+0.360, 값=4,211,057, 산업백분위=15p); 자산총계(위험↑, SHAP=+0.326, 값=50,468,696, 산업백분위=15p); 상장연도(위험↑, SHAP=+0.285, 값=2,020.00, 산업백분위=95p)","산업 대분류(위험↓, SHAP=-0.630, 값=it_services, 산업백분위=-); 무형자산 비중(위험↓, SHAP=-0.421, 값=0.0671, 산업백분위=77p); 배당금 지급 여부(위험↓, SHAP=-0.401, 값=1.000, 산업백분위=69p); 자본잠식률(위험↓, SHAP=-0.255, 값=-7.838, 산업백분위=69p)",수익성 악화와 이자보상·상환능력 경고가 동시에 나타나 모델 확률을 크게 끌어올렸지만 실제 등급은 유지된 사례입니다.,"이 조합이 실제 등급 하락으로 이어지는 조건을 외부근거, 지속기간, 산업 내 위치와 함께 재점검합니다."
중,false_positive,False Positive: 실제 투자적격인데 모델은 투기등급,수익성·현금흐름 경고 과대반응,KOSDAQ,054540,삼영엠텍(주),2023,2024,manufacturing,small_and_medium,투자적격,투기등급,0.4912679089891913,0.315,0.1762679089891913,"매출총이익(위험↑, SHAP=+0.850, 값=15,842,891, 산업백분위=34p); 순이익률(위험↓, SHAP=-0.485, 값=0.0649, 산업백분위=74p); 순이익률 변화(위험↑, SHAP=+0.459, 값=0.1611, 산업백분위=95p); 기업규모 그룹(위험↑, SHAP=+0.391, 값=small_and_medium, 산업백분위=-); 배당금 지급 여부(위험↓, SHAP=-0.282, 값=1.000, 산업백분위=72p)","매출총이익(위험↑, SHAP=+0.850, 값=15,842,891, 산업백분위=34p); 순이익률 변화(위험↑, SHAP=+0.459, 값=0.1611, 산업백분위=95p); 기업규모 그룹(위험↑, SHAP=+0.391, 값=small_and_medium, 산업백분위=-); 감가상각비(위험↑, SHAP=+0.264, 값=1,329,976, 산업백분위=22p); 자산총계(위험↑, SHAP=+0.219, 값=111,581,334, 산업백분위=30p)","순이익률(위험↓, SHAP=-0.485, 값=0.0649, 산업백분위=74p); 배당금 지급 여부(위험↓, SHAP=-0.282, 값=1.000, 산업백분위=72p); 총자산영업이익률(위험↓, SHAP=-0.250, 값=0.0537, 산업백분위=64p); 자기자본비율(위험↓, SHAP=-0.179, 값=0.6127, 산업백분위=64p)",수익성 또는 현금흐름 지표 악화가 모델 위험 판단을 키웠지만 실제 라벨은 안정적이었던 사례입니다.,일시적 부진인지 구조적 악화인지 구분하는 추세 변수와 산업 내 비교 지표를 보강합니다.
중,false_positive,False Positive: 실제 투자적격인데 모델은 투기등급,규모/상장맥락 과민반응,KOSPI,378850,(주)화승알앤에이,2023,2024,manufacturing,mid_sized,투자적격,투기등급,0.4878414573619524,0.315,0.1728414573619524,"자기자본비율(위험↑, SHAP=+0.620, 값=0.2612, 산업백분위=7p); 상장연도(위험↑, SHAP=+0.476, 값=2,021.00, 산업백분위=98p); 매출총이익(위험↓, SHAP=-0.393, 값=124,826,253, 산업백분위=71p); 이자보상배율(위험↑, SHAP=+0.337, 값=2.870, 산업백분위=36p); 배당금 지급 여부(위험↓, SHAP=-0.310, 값=1.000, 산업백분위=72p)","자기자본비율(위험↑, SHAP=+0.620, 값=0.2612, 산업백분위=7p); 상장연도(위험↑, SHAP=+0.476, 값=2,021.00, 산업백분위=98p); 이자보상배율(위험↑, SHAP=+0.337, 값=2.870, 산업백분위=36p); 세전계속사업이익 기준 ROE(위험↑, SHAP=+0.237, 값=0.2814, 산업백분위=97p); 단기차입금 비중(위험↑, SHAP=+0.195, 값=0.7551, 산업백분위=66p)","매출총이익(위험↓, SHAP=-0.393, 값=124,826,253, 산업백분위=71p); 배당금 지급 여부(위험↓, SHAP=-0.310, 값=1.000, 산업백분위=72p); 시장구분(위험↓, SHAP=-0.237, 값=-, 산업백분위=-); 자산총계(위험↓, SHAP=-0.218, 값=430,773,740, 산업백분위=61p)","절대금액, 기업규모, 상장연차 같은 맥락 변수가 위험 신호처럼 작동했지만 실제 등급은 투자적격으로 유지된 사례입니다.","절대금액을 단독으로 늘리기보다 산업 내 위치, 규모조정 비율, 외부근거 확인을 함께 쓰는 방향이 적절합니다."
중,false_positive,False Positive: 실제 투자적격인데 모델은 투기등급,규모/상장맥락 보조 신호 과민반응,KOSDAQ,131090,(주)시큐브,2023,2024,it_services,small_and_medium,투자적격,투기등급,0.4808645838322964,0.315,0.1658645838322964,"총자산증가율(위험↑, SHAP=+0.757, 값=-1.000, 산업백분위=1p); 이자보상배율(위험↓, SHAP=-0.593, 값=1,000,000, 산업백분위=93p); 상장연도(위험↓, SHAP=-0.486, 값=2,011.00, 산업백분위=66p); 기업규모 그룹(위험↑, SHAP=+0.396, 값=small_and_medium, 산업백분위=-); 자산총계(위험↑, SHAP=+0.298, 값=0.0000, 산업백분위=6p)","총자산증가율(위험↑, SHAP=+0.757, 값=-1.000, 산업백분위=1p); 기업규모 그룹(위험↑, SHAP=+0.396, 값=small_and_medium, 산업백분위=-); 자산총계(위험↑, SHAP=+0.298, 값=0.0000, 산업백분위=6p); 자본잠식률(위험↑, SHAP=+0.283, 값=-, 산업백분위=-); 매출총이익(위험↑, SHAP=+0.255, 값=0.0000, 산업백분위=7p)","이자보상배율(위험↓, SHAP=-0.593, 값=1,000,000, 산업백분위=93p); 상장연도(위험↓, SHAP=-0.486, 값=2,011.00, 산업백분위=66p); 산업 대분류(위험↓, SHAP=-0.280, 값=it_services, 산업백분위=-); 현금흐름 커버리지(위험↓, SHAP=-0.155, 값=1,000,000, 산업백분위=93p)",핵심 위험 요인은 다른 재무지표였지만 절대금액·규모·상장연차가 보조적으로 위험 판단을 키운 사례입니다.,"보조 맥락 변수가 FP를 키우는지 세그먼트별로 확인하고, 필요하면 committee_view에서 근거 강도를 낮춰 해석합니다."
중,false_positive,False Positive: 실제 투자적격인데 모델은 투기등급,부채·상환능력 경고 과대반응,KOSDAQ,109740,(주)디에스케이,2023,2024,manufacturing,small_and_medium,투자적격,투기등급,0.46834606652304,0.315,0.15334606652304,"순이익률 변화(위험↑, SHAP=+1.030, 값=0.2494, 산업백분위=96p); 이자보상배율(위험↑, SHAP=+0.491, 값=-9.085, 산업백분위=4p); 순이익률(위험↓, SHAP=-0.468, 값=0.0500, 산업백분위=66p); 매출총이익(위험↑, SHAP=+0.419, 값=3,532,845, 산업백분위=19p); 총부채회전율(위험↓, SHAP=-0.389, 값=3.351, 산업백분위=82p)","순이익률 변화(위험↑, SHAP=+1.030, 값=0.2494, 산업백분위=96p); 이자보상배율(위험↑, SHAP=+0.491, 값=-9.085, 산업백분위=4p); 매출총이익(위험↑, SHAP=+0.419, 값=3,532,845, 산업백분위=19p); 기업규모 그룹(위험↑, SHAP=+0.297, 값=small_and_medium, 산업백분위=-); 배당금 지급 여부(위험↑, SHAP=+0.255, 값=0.0000, 산업백분위=22p)","순이익률(위험↓, SHAP=-0.468, 값=0.0500, 산업백분위=66p); 총부채회전율(위험↓, SHAP=-0.389, 값=3.351, 산업백분위=82p); 자기자본비율(위험↓, SHAP=-0.352, 값=0.8751, 산업백분위=96p); 자본잠식률(위험↓, SHAP=-0.210, 값=-10.066, 산업백분위=57p)",부채·상환능력 지표가 경고를 냈지만 실제 신용등급 하락으로 이어지지 않은 사례입니다.,단기 경고와 지속 악화를 구분하도록 2년 이상 지속 여부나 현금흐름 보완 지표를 추가 점검합니다.
중,false_positive,False Positive: 실제 투자적격인데 모델은 투기등급,수익성·상환능력 복합 경고 과대반응,KOSPI,025750,(주)한솔홈데코,2024,2025,manufacturing,mid_sized,투자적격,투기등급,0.4649353993925872,0.315,0.1499353993925872,"자본잠식률(위험↑, SHAP=+0.474, 값=-0.4786, 산업백분위=96p); 순이익률(위험↑, SHAP=+0.380, 값=-0.0517, 산업백분위=15p); 매출총이익(위험↓, SHAP=-0.360, 값=55,116,104, 산업백분위=57p); 이자보상배율(위험↑, SHAP=+0.343, 값=2.098, 산업백분위=30p); 배당금 지급 여부(위험↑, SHAP=+0.266, 값=0.0000, 산업백분위=22p)","자본잠식률(위험↑, SHAP=+0.474, 값=-0.4786, 산업백분위=96p); 순이익률(위험↑, SHAP=+0.380, 값=-0.0517, 산업백분위=15p); 이자보상배율(위험↑, SHAP=+0.343, 값=2.098, 산업백분위=30p); 배당금 지급 여부(위험↑, SHAP=+0.266, 값=0.0000, 산업백분위=22p); 감가상각비(위험↑, SHAP=+0.243, 값=8,971,366, 산업백분위=55p)","매출총이익(위험↓, SHAP=-0.360, 값=55,116,104, 산업백분위=57p); 자산총계(위험↓, SHAP=-0.228, 값=290,379,147, 산업백분위=52p); 시장구분(위험↓, SHAP=-0.219, 값=-, 산업백분위=-)",수익성 악화와 이자보상·상환능력 경고가 동시에 나타나 모델 확률을 크게 끌어올렸지만 실제 등급은 유지된 사례입니다.,"이 조합이 실제 등급 하락으로 이어지는 조건을 외부근거, 지속기간, 산업 내 위치와 함께 재점검합니다."
중,false_positive,False Positive: 실제 투자적격인데 모델은 투기등급,규모/상장맥락 과민반응,KOSDAQ,275630,(주)에스에스알,2023,2024,it_services,small_and_medium,투자적격,투기등급,0.4638658622422149,0.315,0.1488658622422148,"이자보상배율(위험↓, SHAP=-0.619, 값=1,000,000, 산업백분위=93p); 상장연도(위험↑, SHAP=+0.364, 값=2,018.00, 산업백분위=90p); 기업규모 그룹(위험↑, SHAP=+0.333, 값=small_and_medium, 산업백분위=-); 산업 대분류(위험↓, SHAP=-0.293, 값=it_services, 산업백분위=-); 자산총계(위험↑, SHAP=+0.286, 값=0.0000, 산업백분위=6p)","상장연도(위험↑, SHAP=+0.364, 값=2,018.00, 산업백분위=90p); 기업규모 그룹(위험↑, SHAP=+0.333, 값=small_and_medium, 산업백분위=-); 자산총계(위험↑, SHAP=+0.286, 값=0.0000, 산업백분위=6p); 자본잠식률(위험↑, SHAP=+0.281, 값=-, 산업백분위=-); 매출총이익(위험↑, SHAP=+0.278, 값=0.0000, 산업백분위=7p)","이자보상배율(위험↓, SHAP=-0.619, 값=1,000,000, 산업백분위=93p); 산업 대분류(위험↓, SHAP=-0.293, 값=it_services, 산업백분위=-); 현금흐름 커버리지(위험↓, SHAP=-0.175, 값=1,000,000, 산업백분위=93p)","절대금액, 기업규모, 상장연차 같은 맥락 변수가 위험 신호처럼 작동했지만 실제 등급은 투자적격으로 유지된 사례입니다.","절대금액을 단독으로 늘리기보다 산업 내 위치, 규모조정 비율, 외부근거 확인을 함께 쓰는 방향이 적절합니다."
중,false_positive,False Positive: 실제 투자적격인데 모델은 투기등급,수익성·현금흐름 경고 과대반응,KOSDAQ,241770,(주)메카로,2023,2024,manufacturing,small_and_medium,투자적격,투기등급,0.4536382231122386,0.315,0.1386382231122386,"매출총이익(위험↑, SHAP=+0.740, 값=14,298,558, 산업백분위=33p); 순이익률(위험↑, SHAP=+0.584, 값=-0.0578, 산업백분위=14p); OCF/매출액(위험↑, SHAP=+0.477, 값=-0.2321, 산업백분위=3p); 총부채회전율(위험↓, SHAP=-0.452, 값=4.042, 산업백분위=87p); 배당금 지급 여부(위험↓, SHAP=-0.433, 값=1.000, 산업백분위=72p)","매출총이익(위험↑, SHAP=+0.740, 값=14,298,558, 산업백분위=33p); 순이익률(위험↑, SHAP=+0.584, 값=-0.0578, 산업백분위=14p); OCF/매출액(위험↑, SHAP=+0.477, 값=-0.2321, 산업백분위=3p); 이자보상배율(위험↑, SHAP=+0.276, 값=-96.041, 산업백분위=1p); 기업규모 그룹(위험↑, SHAP=+0.275, 값=small_and_medium, 산업백분위=-)","총부채회전율(위험↓, SHAP=-0.452, 값=4.042, 산업백분위=87p); 배당금 지급 여부(위험↓, SHAP=-0.433, 값=1.000, 산업백분위=72p); 단기차입금 비중(위험↓, SHAP=-0.432, 값=0.0000, 산업백분위=2p); 자본잠식률(위험↓, SHAP=-0.296, 값=-35.529, 산업백분위=17p)",수익성 또는 현금흐름 지표 악화가 모델 위험 판단을 키웠지만 실제 라벨은 안정적이었던 사례입니다.,일시적 부진인지 구조적 악화인지 구분하는 추세 변수와 산업 내 비교 지표를 보강합니다.
중,false_positive,False Positive: 실제 투자적격인데 모델은 투기등급,규모/상장맥락 과민반응,KOSDAQ,089150,(주)케이씨티,2023,2024,it_services,small_and_medium,투자적격,투기등급,0.4511150639588942,0.315,0.1361150639588942,"이자보상배율(위험↓, SHAP=-0.652, 값=1,000,000, 산업백분위=93p); 기업규모 그룹(위험↑, SHAP=+0.401, 값=small_and_medium, 산업백분위=-); 상장연도(위험↑, SHAP=+0.365, 값=2,006.00, 산업백분위=47p); 산업 대분류(위험↓, SHAP=-0.298, 값=it_services, 산업백분위=-); 자본잠식률(위험↑, SHAP=+0.292, 값=-, 산업백분위=-)","기업규모 그룹(위험↑, SHAP=+0.401, 값=small_and_medium, 산업백분위=-); 상장연도(위험↑, SHAP=+0.365, 값=2,006.00, 산업백분위=47p); 자본잠식률(위험↑, SHAP=+0.292, 값=-, 산업백분위=-); 자산총계(위험↑, SHAP=+0.284, 값=0.0000, 산업백분위=6p); 매출총이익(위험↑, SHAP=+0.258, 값=0.0000, 산업백분위=7p)","이자보상배율(위험↓, SHAP=-0.652, 값=1,000,000, 산업백분위=93p); 산업 대분류(위험↓, SHAP=-0.298, 값=it_services, 산업백분위=-); 현금흐름 커버리지(위험↓, SHAP=-0.183, 값=1,000,000, 산업백분위=93p)","절대금액, 기업규모, 상장연차 같은 맥락 변수가 위험 신호처럼 작동했지만 실제 등급은 투자적격으로 유지된 사례입니다.","절대금액을 단독으로 늘리기보다 산업 내 위치, 규모조정 비율, 외부근거 확인을 함께 쓰는 방향이 적절합니다."
중,false_positive,False Positive: 실제 투자적격인데 모델은 투기등급,수익성·현금흐름 경고 과대반응,KOSDAQ,079650,(주)서산,2023,2024,manufacturing,small_and_medium,투자적격,투기등급,0.4396140311355817,0.315,0.1246140311355816,"총부채회전율(위험↓, SHAP=-0.421, 값=5.428, 산업백분위=94p); 매출총이익(위험↑, SHAP=+0.381, 값=5,447,483, 산업백분위=21p); 상장연도(위험↑, SHAP=+0.364, 값=2,005.00, 산업백분위=49p); 총차입금비율(위험↓, SHAP=-0.345, 값=0.0000, 산업백분위=3p); 현금흐름 커버리지(위험↓, SHAP=-0.319, 값=402.02, 산업백분위=83p)","매출총이익(위험↑, SHAP=+0.381, 값=5,447,483, 산업백분위=21p); 상장연도(위험↑, SHAP=+0.364, 값=2,005.00, 산업백분위=49p); 기업규모 그룹(위험↑, SHAP=+0.305, 값=small_and_medium, 산업백분위=-); 배당금 지급 여부(위험↑, SHAP=+0.305, 값=0.0000, 산업백분위=22p); 감가상각비(위험↑, SHAP=+0.292, 값=2,265,857, 산업백분위=30p)","총부채회전율(위험↓, SHAP=-0.421, 값=5.428, 산업백분위=94p); 총차입금비율(위험↓, SHAP=-0.345, 값=0.0000, 산업백분위=3p); 현금흐름 커버리지(위험↓, SHAP=-0.319, 값=402.02, 산업백분위=83p); 자본잠식률(위험↓, SHAP=-0.304, 값=-52.159, 산업백분위=9p); 순이익률(위험↓, SHAP=-0.297, 값=0.0372, 산업백분위=57p)",수익성 또는 현금흐름 지표 악화가 모델 위험 판단을 키웠지만 실제 라벨은 안정적이었던 사례입니다.,일시적 부진인지 구조적 악화인지 구분하는 추세 변수와 산업 내 비교 지표를 보강합니다.
중,false_positive,False Positive: 실제 투자적격인데 모델은 투기등급,규모/상장맥락 과민반응,KOSDAQ,290560,파라택시스이더리움(주),2023,2024,it_services,small_and_medium,투자적격,투기등급,0.4391520077164831,0.315,0.1241520077164831,"이자보상배율(위험↓, SHAP=-0.609, 값=1,000,000, 산업백분위=93p); 상장연도(위험↑, SHAP=+0.464, 값=2,023.00, 산업백분위=100p); 산업 대분류(위험↓, SHAP=-0.386, 값=it_services, 산업백분위=-); 자산총계(위험↑, SHAP=+0.292, 값=0.0000, 산업백분위=6p); 매출총이익(위험↑, SHAP=+0.282, 값=0.0000, 산업백분위=7p)","상장연도(위험↑, SHAP=+0.464, 값=2,023.00, 산업백분위=100p); 자산총계(위험↑, SHAP=+0.292, 값=0.0000, 산업백분위=6p); 매출총이익(위험↑, SHAP=+0.282, 값=0.0000, 산업백분위=7p); 자본잠식률(위험↑, SHAP=+0.281, 값=-, 산업백분위=-); 배당금 지급 여부(위험↑, SHAP=+0.236, 값=0.0000, 산업백분위=19p)","이자보상배율(위험↓, SHAP=-0.609, 값=1,000,000, 산업백분위=93p); 산업 대분류(위험↓, SHAP=-0.386, 값=it_services, 산업백분위=-); 현금흐름 커버리지(위험↓, SHAP=-0.172, 값=1,000,000, 산업백분위=93p)","절대금액, 기업규모, 상장연차 같은 맥락 변수가 위험 신호처럼 작동했지만 실제 등급은 투자적격으로 유지된 사례입니다.","절대금액을 단독으로 늘리기보다 산업 내 위치, 규모조정 비율, 외부근거 확인을 함께 쓰는 방향이 적절합니다."
중,false_positive,False Positive: 실제 투자적격인데 모델은 투기등급,규모/상장맥락 과민반응,KOSDAQ,303530,이노뎁(주),2023,2024,it_services,small_and_medium,투자적격,투기등급,0.4391520077164831,0.315,0.1241520077164831,"이자보상배율(위험↓, SHAP=-0.609, 값=1,000,000, 산업백분위=93p); 상장연도(위험↑, SHAP=+0.464, 값=2,021.00, 산업백분위=97p); 산업 대분류(위험↓, SHAP=-0.386, 값=it_services, 산업백분위=-); 자산총계(위험↑, SHAP=+0.292, 값=0.0000, 산업백분위=6p); 매출총이익(위험↑, SHAP=+0.282, 값=0.0000, 산업백분위=7p)","상장연도(위험↑, SHAP=+0.464, 값=2,021.00, 산업백분위=97p); 자산총계(위험↑, SHAP=+0.292, 값=0.0000, 산업백분위=6p); 매출총이익(위험↑, SHAP=+0.282, 값=0.0000, 산업백분위=7p); 자본잠식률(위험↑, SHAP=+0.281, 값=-, 산업백분위=-); 배당금 지급 여부(위험↑, SHAP=+0.236, 값=0.0000, 산업백분위=19p)","이자보상배율(위험↓, SHAP=-0.609, 값=1,000,000, 산업백분위=93p); 산업 대분류(위험↓, SHAP=-0.386, 값=it_services, 산업백분위=-); 현금흐름 커버리지(위험↓, SHAP=-0.172, 값=1,000,000, 산업백분위=93p)","절대금액, 기업규모, 상장연차 같은 맥락 변수가 위험 신호처럼 작동했지만 실제 등급은 투자적격으로 유지된 사례입니다.","절대금액을 단독으로 늘리기보다 산업 내 위치, 규모조정 비율, 외부근거 확인을 함께 쓰는 방향이 적절합니다."
중,false_positive,False Positive: 실제 투자적격인데 모델은 투기등급,규모/상장맥락 과민반응,KOSDAQ,373170,엠아이큐브솔루션(주),2023,2024,it_services,small_and_medium,투자적격,투기등급,0.4391520077164831,0.315,0.1241520077164831,"이자보상배율(위험↓, SHAP=-0.609, 값=1,000,000, 산업백분위=93p); 상장연도(위험↑, SHAP=+0.464, 값=2,023.00, 산업백분위=100p); 산업 대분류(위험↓, SHAP=-0.386, 값=it_services, 산업백분위=-); 자산총계(위험↑, SHAP=+0.292, 값=0.0000, 산업백분위=6p); 매출총이익(위험↑, SHAP=+0.282, 값=0.0000, 산업백분위=7p)","상장연도(위험↑, SHAP=+0.464, 값=2,023.00, 산업백분위=100p); 자산총계(위험↑, SHAP=+0.292, 값=0.0000, 산업백분위=6p); 매출총이익(위험↑, SHAP=+0.282, 값=0.0000, 산업백분위=7p); 자본잠식률(위험↑, SHAP=+0.281, 값=-, 산업백분위=-); 배당금 지급 여부(위험↑, SHAP=+0.236, 값=0.0000, 산업백분위=19p)","이자보상배율(위험↓, SHAP=-0.609, 값=1,000,000, 산업백분위=93p); 산업 대분류(위험↓, SHAP=-0.386, 값=it_services, 산업백분위=-); 현금흐름 커버리지(위험↓, SHAP=-0.172, 값=1,000,000, 산업백분위=93p)","절대금액, 기업규모, 상장연차 같은 맥락 변수가 위험 신호처럼 작동했지만 실제 등급은 투자적격으로 유지된 사례입니다.","절대금액을 단독으로 늘리기보다 산업 내 위치, 규모조정 비율, 외부근거 확인을 함께 쓰는 방향이 적절합니다."
중,false_positive,False Positive: 실제 투자적격인데 모델은 투기등급,규모/상장맥락 과민반응,KOSDAQ,393210,(주)토마토시스템,2023,2024,it_services,small_and_medium,투자적격,투기등급,0.4391520077164831,0.315,0.1241520077164831,"이자보상배율(위험↓, SHAP=-0.609, 값=1,000,000, 산업백분위=93p); 상장연도(위험↑, SHAP=+0.464, 값=2,023.00, 산업백분위=100p); 산업 대분류(위험↓, SHAP=-0.386, 값=it_services, 산업백분위=-); 자산총계(위험↑, SHAP=+0.292, 값=0.0000, 산업백분위=6p); 매출총이익(위험↑, SHAP=+0.282, 값=0.0000, 산업백분위=7p)","상장연도(위험↑, SHAP=+0.464, 값=2,023.00, 산업백분위=100p); 자산총계(위험↑, SHAP=+0.292, 값=0.0000, 산업백분위=6p); 매출총이익(위험↑, SHAP=+0.282, 값=0.0000, 산업백분위=7p); 자본잠식률(위험↑, SHAP=+0.281, 값=-, 산업백분위=-); 배당금 지급 여부(위험↑, SHAP=+0.236, 값=0.0000, 산업백분위=19p)","이자보상배율(위험↓, SHAP=-0.609, 값=1,000,000, 산업백분위=93p); 산업 대분류(위험↓, SHAP=-0.386, 값=it_services, 산업백분위=-); 현금흐름 커버리지(위험↓, SHAP=-0.172, 값=1,000,000, 산업백분위=93p)","절대금액, 기업규모, 상장연차 같은 맥락 변수가 위험 신호처럼 작동했지만 실제 등급은 투자적격으로 유지된 사례입니다.","절대금액을 단독으로 늘리기보다 산업 내 위치, 규모조정 비율, 외부근거 확인을 함께 쓰는 방향이 적절합니다."
중,false_positive,False Positive: 실제 투자적격인데 모델은 투기등급,규모/상장맥락 과민반응,KOSDAQ,456700,(주)길교이앤씨,2023,2024,it_services,small_and_medium,투자적격,투기등급,0.4391520077164831,0.315,0.1241520077164831,"이자보상배율(위험↓, SHAP=-0.609, 값=1,000,000, 산업백분위=93p); 상장연도(위험↑, SHAP=+0.464, 값=2,023.00, 산업백분위=100p); 산업 대분류(위험↓, SHAP=-0.386, 값=it_services, 산업백분위=-); 자산총계(위험↑, SHAP=+0.292, 값=0.0000, 산업백분위=6p); 매출총이익(위험↑, SHAP=+0.282, 값=0.0000, 산업백분위=7p)","상장연도(위험↑, SHAP=+0.464, 값=2,023.00, 산업백분위=100p); 자산총계(위험↑, SHAP=+0.292, 값=0.0000, 산업백분위=6p); 매출총이익(위험↑, SHAP=+0.282, 값=0.0000, 산업백분위=7p); 자본잠식률(위험↑, SHAP=+0.281, 값=-, 산업백분위=-); 배당금 지급 여부(위험↑, SHAP=+0.236, 값=0.0000, 산업백분위=19p)","이자보상배율(위험↓, SHAP=-0.609, 값=1,000,000, 산업백분위=93p); 산업 대분류(위험↓, SHAP=-0.386, 값=it_services, 산업백분위=-); 현금흐름 커버리지(위험↓, SHAP=-0.172, 값=1,000,000, 산업백분위=93p)","절대금액, 기업규모, 상장연차 같은 맥락 변수가 위험 신호처럼 작동했지만 실제 등급은 투자적격으로 유지된 사례입니다.","절대금액을 단독으로 늘리기보다 산업 내 위치, 규모조정 비율, 외부근거 확인을 함께 쓰는 방향이 적절합니다."
중,false_positive,False Positive: 실제 투자적격인데 모델은 투기등급,수익성·현금흐름 경고 과대반응,KOSDAQ,038070,(주)서린바이오사이언스,2023,2024,wholesale_retail,small_and_medium,투자적격,투기등급,0.4217431418754884,0.315,0.1067431418754883,"매출총이익(위험↑, SHAP=+0.799, 값=19,920,885, 산업백분위=26p); 자본잠식률(위험↓, SHAP=-0.707, 값=-18.594, 산업백분위=51p); 산업 대분류(위험↑, SHAP=+0.591, 값=wholesale_retail, 산업백분위=-); 배당금 지급 여부(위험↓, SHAP=-0.526, 값=1.000, 산업백분위=69p); 총부채회전율(위험↓, SHAP=-0.491, 값=3.104, 산업백분위=72p)","매출총이익(위험↑, SHAP=+0.799, 값=19,920,885, 산업백분위=26p); 산업 대분류(위험↑, SHAP=+0.591, 값=wholesale_retail, 산업백분위=-); 순이익률(위험↑, SHAP=+0.449, 값=-0.0259, 산업백분위=18p); 이자보상배율(위험↑, SHAP=+0.425, 값=1.005, 산업백분위=22p); 기업규모 그룹(위험↑, SHAP=+0.378, 값=small_and_medium, 산업백분위=-)","자본잠식률(위험↓, SHAP=-0.707, 값=-18.594, 산업백분위=51p); 배당금 지급 여부(위험↓, SHAP=-0.526, 값=1.000, 산업백분위=69p); 총부채회전율(위험↓, SHAP=-0.491, 값=3.104, 산업백분위=72p); 자기자본비율(위험↓, SHAP=-0.367, 값=0.7471, 산업백분위=88p); 총차입금비율(위험↓, SHAP=-0.303, 값=0.0068, 산업백분위=12p)",수익성 또는 현금흐름 지표 악화가 모델 위험 판단을 키웠지만 실제 라벨은 안정적이었던 사례입니다.,일시적 부진인지 구조적 악화인지 구분하는 추세 변수와 산업 내 비교 지표를 보강합니다.
중,false_positive,False Positive: 실제 투자적격인데 모델은 투기등급,규모/상장맥락 보조 신호 과민반응,KOSPI,004540,깨끗한나라(주),2024,2025,manufacturing,mid_sized,투자적격,투기등급,0.4209242219048103,0.315,0.1059242219048103,"감가상각비(위험↓, SHAP=-0.966, 값=28,010,324, 산업백분위=72p); 자기자본비율(위험↑, SHAP=+0.477, 값=0.3061, 산업백분위=11p); 매출총이익(위험↓, SHAP=-0.473, 값=81,894,921, 산업백분위=64p); 현금흐름 커버리지(위험↑, SHAP=+0.326, 값=-0.3225, 산업백분위=17p); 상장연도(위험↑, SHAP=+0.293, 값=1,974.00, 산업백분위=3p)","자기자본비율(위험↑, SHAP=+0.477, 값=0.3061, 산업백분위=11p); 현금흐름 커버리지(위험↑, SHAP=+0.326, 값=-0.3225, 산업백분위=17p); 상장연도(위험↑, SHAP=+0.293, 값=1,974.00, 산업백분위=3p); 이자보상배율(위험↑, SHAP=+0.284, 값=-0.0516, 산업백분위=16p); 산업 대분류(위험↑, SHAP=+0.251, 값=manufacturing, 산업백분위=-)","감가상각비(위험↓, SHAP=-0.966, 값=28,010,324, 산업백분위=72p); 매출총이익(위험↓, SHAP=-0.473, 값=81,894,921, 산업백분위=64p); 자산총계(위험↓, SHAP=-0.224, 값=621,077,310, 산업백분위=66p)",핵심 위험 요인은 다른 재무지표였지만 절대금액·규모·상장연차가 보조적으로 위험 판단을 키운 사례입니다.,"보조 맥락 변수가 FP를 키우는지 세그먼트별로 확인하고, 필요하면 committee_view에서 근거 강도를 낮춰 해석합니다."
하,false_negative,False Negative: 실제 투기등급인데 모델은 투자적격,현재 재무비율 안정 신호가 위험을 가림,KOSDAQ,086670,(주)비엠티,2023,2024,manufacturing,small_and_medium,투기등급,투자적격,0.231637033411979,0.315,0.083362966588021,"순이익률(위험↓, SHAP=-0.504, 값=0.1118, 산업백분위=89p); 매출총이익(위험↑, SHAP=+0.503, 값=37,657,325, 산업백분위=49p); 자본잠식률(위험↓, SHAP=-0.501, 값=-25.579, 산업백분위=25p); 배당금 지급 여부(위험↓, SHAP=-0.379, 값=1.000, 산업백분위=72p); 기업규모 그룹(위험↑, SHAP=+0.372, 값=small_and_medium, 산업백분위=-)","매출총이익(위험↑, SHAP=+0.503, 값=37,657,325, 산업백분위=49p); 기업규모 그룹(위험↑, SHAP=+0.372, 값=small_and_medium, 산업백분위=-); 상장연도(위험↑, SHAP=+0.206, 값=2,007.00, 산업백분위=54p); 이자보상배율(위험↑, SHAP=+0.199, 값=4.092, 산업백분위=43p); 현금흐름 커버리지(위험↑, SHAP=+0.164, 값=3.400, 산업백분위=34p)","순이익률(위험↓, SHAP=-0.504, 값=0.1118, 산업백분위=89p); 자본잠식률(위험↓, SHAP=-0.501, 값=-25.579, 산업백분위=25p); 배당금 지급 여부(위험↓, SHAP=-0.379, 값=1.000, 산업백분위=72p); OCF/매출액(위험↓, SHAP=-0.209, 값=0.0968, 산업백분위=70p); 자기자본비율(위험↓, SHAP=-0.174, 값=0.4864, 산업백분위=42p)",현재 재무비율은 양호해 보였지만 다음 연도 라벨은 투기등급으로 나타난 사례입니다.,"단일 연도 수준값보다 악화 속도, 최근 공시 이슈, 산업 충격 신호를 함께 보도록 보완합니다."
하,false_negative,False Negative: 실제 투기등급인데 모델은 투자적격,현재 재무비율 안정 신호가 위험을 가림,KOSDAQ,086890,(주)이수앱지스,2024,2025,manufacturing,mid_sized,투기등급,투자적격,0.2316820960708796,0.315,0.0833179039291203,"이자보상배율(위험↓, SHAP=-0.722, 값=1,000,000, 산업백분위=93p); 자산총계(위험↑, SHAP=+0.264, 값=0.0000, 산업백분위=7p); 상장연도(위험↓, SHAP=-0.260, 값=2,009.00, 산업백분위=60p); 매출총이익(위험↑, SHAP=+0.238, 값=0.0000, 산업백분위=9p); 자본잠식률(위험↑, SHAP=+0.223, 값=-, 산업백분위=-)","자산총계(위험↑, SHAP=+0.264, 값=0.0000, 산업백분위=7p); 매출총이익(위험↑, SHAP=+0.238, 값=0.0000, 산업백분위=9p); 자본잠식률(위험↑, SHAP=+0.223, 값=-, 산업백분위=-); 배당금 지급 여부(위험↑, SHAP=+0.219, 값=0.0000, 산업백분위=22p)","이자보상배율(위험↓, SHAP=-0.722, 값=1,000,000, 산업백분위=93p); 상장연도(위험↓, SHAP=-0.260, 값=2,009.00, 산업백분위=60p); 현금흐름 커버리지(위험↓, SHAP=-0.201, 값=1,000,000, 산업백분위=93p); 자기자본비율(위험↓, SHAP=-0.115, 값=-, 산업백분위=-); 기업규모 그룹(위험↓, SHAP=-0.096, 값=mid_sized, 산업백분위=-)",현재 재무비율은 양호해 보였지만 다음 연도 라벨은 투기등급으로 나타난 사례입니다.,"단일 연도 수준값보다 악화 속도, 최근 공시 이슈, 산업 충격 신호를 함께 보도록 보완합니다."
하,false_negative,False Negative: 실제 투기등급인데 모델은 투자적격,규모·우량기업 안정 신호가 위험을 가림,KOSDAQ,140070,(주)서플러스글로벌,2023,2024,wholesale_retail,mid_sized,투기등급,투자적격,0.2326359080701688,0.315,0.0823640919298312,"산업 대분류(위험↑, SHAP=+0.552, 값=wholesale_retail, 산업백분위=-); 매출총이익(위험↑, SHAP=+0.526, 값=39,255,762, 산업백분위=36p); 배당금 지급 여부(위험↓, SHAP=-0.519, 값=1.000, 산업백분위=69p); 이자보상배율(위험↑, SHAP=+0.295, 값=2.198, 산업백분위=32p); 자산총계(위험↓, SHAP=-0.257, 값=344,199,779, 산업백분위=41p)","산업 대분류(위험↑, SHAP=+0.552, 값=wholesale_retail, 산업백분위=-); 매출총이익(위험↑, SHAP=+0.526, 값=39,255,762, 산업백분위=36p); 이자보상배율(위험↑, SHAP=+0.295, 값=2.198, 산업백분위=32p); 감가상각비(위험↑, SHAP=+0.210, 값=5,719,534, 산업백분위=45p); 현금흐름 커버리지(위험↑, SHAP=+0.146, 값=-3.459, 산업백분위=9p)","배당금 지급 여부(위험↓, SHAP=-0.519, 값=1.000, 산업백분위=69p); 자산총계(위험↓, SHAP=-0.257, 값=344,199,779, 산업백분위=41p); 상장연도(위험↓, SHAP=-0.254, 값=2,017.00, 산업백분위=92p); 자본잠식률(위험↓, SHAP=-0.254, 값=-50.131, 산업백분위=19p); 순이익률(위험↓, SHAP=-0.179, 값=0.0335, 산업백분위=65p)","자산규모, 배당, 매출총이익, 감가상각비 같은 우량·규모성 안정 신호가 실제 투기등급 위험을 낮춰 본 사례입니다.","규모가 큰 기업의 이벤트성 위험은 뉴스, 공시, 등급전망, 감사의견 같은 외부근거 플래그로 보완하는 편이 좋습니다."
하,false_negative,False Negative: 실제 투기등급인데 모델은 투자적격,현재 재무비율 안정 신호가 위험을 가림,KOSDAQ,024830,(주)세원물산,2023,2024,manufacturing,mid_sized,투기등급,투자적격,0.2412288857051393,0.315,0.0737711142948606,"이자보상배율(위험↓, SHAP=-0.724, 값=1,000,000, 산업백분위=93p); 매출총이익(위험↑, SHAP=+0.246, 값=0.0000, 산업백분위=9p); 자산총계(위험↑, SHAP=+0.242, 값=0.0000, 산업백분위=7p); 자본잠식률(위험↑, SHAP=+0.241, 값=-, 산업백분위=-); 배당금 지급 여부(위험↑, SHAP=+0.209, 값=0.0000, 산업백분위=22p)","매출총이익(위험↑, SHAP=+0.246, 값=0.0000, 산업백분위=9p); 자산총계(위험↑, SHAP=+0.242, 값=0.0000, 산업백분위=7p); 자본잠식률(위험↑, SHAP=+0.241, 값=-, 산업백분위=-); 배당금 지급 여부(위험↑, SHAP=+0.209, 값=0.0000, 산업백분위=22p); 산업 대분류(위험↑, SHAP=+0.098, 값=manufacturing, 산업백분위=-)","이자보상배율(위험↓, SHAP=-0.724, 값=1,000,000, 산업백분위=93p); 현금흐름 커버리지(위험↓, SHAP=-0.203, 값=1,000,000, 산업백분위=93p); 상장연도(위험↓, SHAP=-0.153, 값=1,994.00, 산업백분위=21p); 기업규모 그룹(위험↓, SHAP=-0.108, 값=mid_sized, 산업백분위=-); 총부채회전율(위험↓, SHAP=-0.100, 값=-, 산업백분위=-)",현재 재무비율은 양호해 보였지만 다음 연도 라벨은 투기등급으로 나타난 사례입니다.,"단일 연도 수준값보다 악화 속도, 최근 공시 이슈, 산업 충격 신호를 함께 보도록 보완합니다."
하,false_negative,False Negative: 실제 투기등급인데 모델은 투자적격,현재 재무비율 안정 신호가 위험을 가림,KOSDAQ,161580,(주)필옵틱스,2023,2024,manufacturing,mid_sized,투기등급,투자적격,0.2569062583037855,0.315,0.0580937416962145,"자본잠식률(위험↓, SHAP=-0.623, 값=-14.080, 산업백분위=46p); 현금흐름 커버리지(위험↓, SHAP=-0.490, 값=25.445, 산업백분위=70p); 매출총이익(위험↑, SHAP=+0.439, 값=43,643,337, 산업백분위=52p); 배당금 지급 여부(위험↓, SHAP=-0.429, 값=1.000, 산업백분위=72p); 상장연도(위험↓, SHAP=-0.416, 값=2,017.00, 산업백분위=87p)","매출총이익(위험↑, SHAP=+0.439, 값=43,643,337, 산업백분위=52p); 순이익률(위험↑, SHAP=+0.402, 값=-0.1445, 산업백분위=8p); 이자보상배율(위험↑, SHAP=+0.347, 값=2.351, 산업백분위=33p); 자기자본비율(위험↑, SHAP=+0.334, 값=0.3922, 산업백분위=24p); 발생액 비율(위험↑, SHAP=+0.231, 값=-0.3425, 산업백분위=1p)","자본잠식률(위험↓, SHAP=-0.623, 값=-14.080, 산업백분위=46p); 현금흐름 커버리지(위험↓, SHAP=-0.490, 값=25.445, 산업백분위=70p); 배당금 지급 여부(위험↓, SHAP=-0.429, 값=1.000, 산업백분위=72p); 상장연도(위험↓, SHAP=-0.416, 값=2,017.00, 산업백분위=87p); 자산총계(위험↓, SHAP=-0.292, 값=450,911,370, 산업백분위=61p)",현재 재무비율은 양호해 보였지만 다음 연도 라벨은 투기등급으로 나타난 사례입니다.,"단일 연도 수준값보다 악화 속도, 최근 공시 이슈, 산업 충격 신호를 함께 보도록 보완합니다."
하,false_negative,False Negative: 실제 투기등급인데 모델은 투자적격,현재 재무비율 안정 신호가 위험을 가림,KOSDAQ,051490,나라엠앤디(주),2023,2024,manufacturing,mid_sized,투기등급,투자적격,0.2647707185638435,0.315,0.0502292814361565,"매출총이익(위험↑, SHAP=+0.570, 값=29,468,767, 산업백분위=45p); 자본잠식률(위험↓, SHAP=-0.555, 값=-13.540, 산업백분위=48p); 배당금 지급 여부(위험↓, SHAP=-0.343, 값=1.000, 산업백분위=72p); 이자보상배율(위험↑, SHAP=+0.264, 값=3.434, 산업백분위=39p); 자기자본비율(위험↓, SHAP=-0.157, 값=0.4219, 산업백분위=30p)","매출총이익(위험↑, SHAP=+0.570, 값=29,468,767, 산업백분위=45p); 이자보상배율(위험↑, SHAP=+0.264, 값=3.434, 산업백분위=39p); 현금흐름 커버리지(위험↑, SHAP=+0.150, 값=4.018, 산업백분위=37p); 산업 대분류(위험↑, SHAP=+0.141, 값=manufacturing, 산업백분위=-); 총부채회전율(위험↑, SHAP=+0.137, 값=1.604, 산업백분위=40p)","자본잠식률(위험↓, SHAP=-0.555, 값=-13.540, 산업백분위=48p); 배당금 지급 여부(위험↓, SHAP=-0.343, 값=1.000, 산업백분위=72p); 자기자본비율(위험↓, SHAP=-0.157, 값=0.4219, 산업백분위=30p); OCF/총차입금(위험↓, SHAP=-0.127, 값=0.1846, 산업백분위=43p)",현재 재무비율은 양호해 보였지만 다음 연도 라벨은 투기등급으로 나타난 사례입니다.,"단일 연도 수준값보다 악화 속도, 최근 공시 이슈, 산업 충격 신호를 함께 보도록 보완합니다."
하,false_negative,False Negative: 실제 투기등급인데 모델은 투자적격,규모·우량기업 안정 신호가 위험을 가림,KOSDAQ,033640,(주)네패스,2024,2025,manufacturing,mid_sized,투기등급,투자적격,0.2774527565801999,0.315,0.0375472434198,"감가상각비(위험↓, SHAP=-1.144, 값=146,983,670, 산업백분위=90p); 매출총이익(위험↓, SHAP=-0.491, 값=67,779,706, 산업백분위=61p); 자기자본비율(위험↑, SHAP=+0.474, 값=0.2918, 산업백분위=10p); 자본잠식률(위험↓, SHAP=-0.442, 값=-16.820, 산업백분위=40p); 순이익률(위험↑, SHAP=+0.380, 값=-0.1710, 산업백분위=7p)","자기자본비율(위험↑, SHAP=+0.474, 값=0.2918, 산업백분위=10p); 순이익률(위험↑, SHAP=+0.380, 값=-0.1710, 산업백분위=7p); 이자보상배율(위험↑, SHAP=+0.366, 값=0.1575, 산업백분위=17p); 발생액 비율(위험↑, SHAP=+0.333, 값=-0.2655, 산업백분위=2p); 배당금 지급 여부(위험↑, SHAP=+0.217, 값=0.0000, 산업백분위=22p)","감가상각비(위험↓, SHAP=-1.144, 값=146,983,670, 산업백분위=90p); 매출총이익(위험↓, SHAP=-0.491, 값=67,779,706, 산업백분위=61p); 자본잠식률(위험↓, SHAP=-0.442, 값=-16.820, 산업백분위=40p); 자산총계(위험↓, SHAP=-0.221, 값=710,112,536, 산업백분위=69p)","자산규모, 배당, 매출총이익, 감가상각비 같은 우량·규모성 안정 신호가 실제 투기등급 위험을 낮춰 본 사례입니다.","규모가 큰 기업의 이벤트성 위험은 뉴스, 공시, 등급전망, 감사의견 같은 외부근거 플래그로 보완하는 편이 좋습니다."
하,false_negative,False Negative: 실제 투기등급인데 모델은 투자적격,규모·우량기업 안정 신호가 위험을 가림,KOSDAQ,038290,(주)마크로젠,2023,2024,it_services,mid_sized,투기등급,투자적격,0.2832689977304288,0.315,0.0317310022695712,"순이익률(위험↑, SHAP=+0.643, 값=-0.1261, 산업백분위=9p); 산업 대분류(위험↓, SHAP=-0.548, 값=it_services, 산업백분위=-); 배당금 지급 여부(위험↓, SHAP=-0.536, 값=1.000, 산업백분위=69p); 매출총이익(위험↑, SHAP=+0.511, 값=49,239,677, 산업백분위=41p); 단기차입금 비중(위험↓, SHAP=-0.498, 값=0.2482, 산업백분위=32p)","순이익률(위험↑, SHAP=+0.643, 값=-0.1261, 산업백분위=9p); 매출총이익(위험↑, SHAP=+0.511, 값=49,239,677, 산업백분위=41p); 이자보상배율(위험↑, SHAP=+0.432, 값=-0.4302, 산업백분위=13p); 발생액 비율(위험↑, SHAP=+0.315, 값=-0.0835, 산업백분위=21p); 감가상각비(위험↑, SHAP=+0.211, 값=10,207,712, 산업백분위=52p)","산업 대분류(위험↓, SHAP=-0.548, 값=it_services, 산업백분위=-); 배당금 지급 여부(위험↓, SHAP=-0.536, 값=1.000, 산업백분위=69p); 단기차입금 비중(위험↓, SHAP=-0.498, 값=0.2482, 산업백분위=32p); 자본잠식률(위험↓, SHAP=-0.458, 값=-28.693, 산업백분위=34p)","자산규모, 배당, 매출총이익, 감가상각비 같은 우량·규모성 안정 신호가 실제 투기등급 위험을 낮춰 본 사례입니다.","규모가 큰 기업의 이벤트성 위험은 뉴스, 공시, 등급전망, 감사의견 같은 외부근거 플래그로 보완하는 편이 좋습니다."
하,false_negative,False Negative: 실제 투기등급인데 모델은 투자적격,현재 재무비율 안정 신호가 위험을 가림,KOSDAQ,311390,(주)네오크레마,2023,2024,manufacturing,small_and_medium,투기등급,투자적격,0.283625267156044,0.315,0.0313747328439559,"현금비율(위험↓, SHAP=-0.607, 값=0.3285, 산업백분위=58p); 순이익률(위험↑, SHAP=+0.592, 값=-0.1994, 산업백분위=6p); 현금흐름 커버리지(위험↓, SHAP=-0.519, 값=35.631, 산업백분위=73p); OCF/매출액(위험↓, SHAP=-0.416, 값=0.0913, 산업백분위=68p); 매출총이익(위험↑, SHAP=+0.330, 값=5,701,944, 산업백분위=21p)","순이익률(위험↑, SHAP=+0.592, 값=-0.1994, 산업백분위=6p); 매출총이익(위험↑, SHAP=+0.330, 값=5,701,944, 산업백분위=21p); 자산총계(위험↑, SHAP=+0.313, 값=71,136,284, 산업백분위=20p); 배당금 지급 여부(위험↑, SHAP=+0.279, 값=0.0000, 산업백분위=22p); 감가상각비(위험↑, SHAP=+0.243, 값=1,319,888, 산업백분위=22p)","현금비율(위험↓, SHAP=-0.607, 값=0.3285, 산업백분위=58p); 현금흐름 커버리지(위험↓, SHAP=-0.519, 값=35.631, 산업백분위=73p); OCF/매출액(위험↓, SHAP=-0.416, 값=0.0913, 산업백분위=68p); 순이익률 변화(위험↓, SHAP=-0.212, 값=-0.1306, 산업백분위=7p)",현재 재무비율은 양호해 보였지만 다음 연도 라벨은 투기등급으로 나타난 사례입니다.,"단일 연도 수준값보다 악화 속도, 최근 공시 이슈, 산업 충격 신호를 함께 보도록 보완합니다."
하,false_negative,False Negative: 실제 투기등급인데 모델은 투자적격,현재 재무비율 안정 신호가 위험을 가림,KOSDAQ,088290,이원컴포텍(주),2023,2024,manufacturing,small_and_medium,투기등급,투자적격,0.3147086048314541,0.315,0.0002913951685459,"이자보상배율(위험↓, SHAP=-0.686, 값=1,000,000, 산업백분위=93p); 기업규모 그룹(위험↑, SHAP=+0.394, 값=small_and_medium, 산업백분위=-); 상장연도(위험↓, SHAP=-0.275, 값=2,009.00, 산업백분위=60p); 자산총계(위험↑, SHAP=+0.261, 값=0.0000, 산업백분위=7p); 매출총이익(위험↑, SHAP=+0.237, 값=0.0000, 산업백분위=9p)","기업규모 그룹(위험↑, SHAP=+0.394, 값=small_and_medium, 산업백분위=-); 자산총계(위험↑, SHAP=+0.261, 값=0.0000, 산업백분위=7p); 매출총이익(위험↑, SHAP=+0.237, 값=0.0000, 산업백분위=9p); 배당금 지급 여부(위험↑, SHAP=+0.229, 값=0.0000, 산업백분위=22p); 자본잠식률(위험↑, SHAP=+0.228, 값=-, 산업백분위=-)","이자보상배율(위험↓, SHAP=-0.686, 값=1,000,000, 산업백분위=93p); 상장연도(위험↓, SHAP=-0.275, 값=2,009.00, 산업백분위=60p); 현금흐름 커버리지(위험↓, SHAP=-0.192, 값=1,000,000, 산업백분위=93p); 자기자본비율(위험↓, SHAP=-0.112, 값=-, 산업백분위=-)",현재 재무비율은 양호해 보였지만 다음 연도 라벨은 투기등급으로 나타난 사례입니다.,"단일 연도 수준값보다 악화 속도, 최근 공시 이슈, 산업 충격 신호를 함께 보도록 보완합니다."
하,false_positive,False Positive: 실제 투자적격인데 모델은 투기등급,수익성·현금흐름 경고 과대반응,KOSDAQ,272110,(주)케이엔제이,2023,2024,manufacturing,small_and_medium,투자적격,투기등급,0.3851820916229586,0.315,0.0701820916229585,"매출총이익(위험↑, SHAP=+0.680, 값=22,945,149, 산업백분위=40p); 순이익률(위험↓, SHAP=-0.543, 값=0.1738, 산업백분위=96p); 자본잠식률(위험↓, SHAP=-0.391, 값=-15.363, 산업백분위=44p); 상장연도(위험↑, SHAP=+0.297, 값=2,019.00, 산업백분위=94p); 배당금 지급 여부(위험↑, SHAP=+0.271, 값=0.0000, 산업백분위=22p)","매출총이익(위험↑, SHAP=+0.680, 값=22,945,149, 산업백분위=40p); 상장연도(위험↑, SHAP=+0.297, 값=2,019.00, 산업백분위=94p); 배당금 지급 여부(위험↑, SHAP=+0.271, 값=0.0000, 산업백분위=22p); 기업규모 그룹(위험↑, SHAP=+0.186, 값=small_and_medium, 산업백분위=-); 이자보상배율(위험↑, SHAP=+0.162, 값=5.180, 산업백분위=49p)","순이익률(위험↓, SHAP=-0.543, 값=0.1738, 산업백분위=96p); 자본잠식률(위험↓, SHAP=-0.391, 값=-15.363, 산업백분위=44p); 현금비율(위험↓, SHAP=-0.220, 값=0.6028, 산업백분위=78p)",수익성 또는 현금흐름 지표 악화가 모델 위험 판단을 키웠지만 실제 라벨은 안정적이었던 사례입니다.,일시적 부진인지 구조적 악화인지 구분하는 추세 변수와 산업 내 비교 지표를 보강합니다.
하,false_positive,False Positive: 실제 투자적격인데 모델은 투기등급,규모/상장맥락 보조 신호 과민반응,KOSPI,042660,한화오션(주),2024,2025,manufacturing,large,투자적격,투기등급,0.3804751947112185,0.315,0.0654751947112184,"무형자산 비중(위험↑, SHAP=+0.938, 값=0.0023, 산업백분위=8p); 기업규모 그룹(위험↓, SHAP=-0.843, 값=large, 산업백분위=-); 감가상각비(위험↓, SHAP=-0.775, 값=173,293,000, 산업백분위=91p); 매출총이익(위험↓, SHAP=-0.693, 값=683,926,234, 산업백분위=89p); 자산총계(위험↓, SHAP=-0.617, 값=17,843,809,161, 산업백분위=95p)","무형자산 비중(위험↑, SHAP=+0.938, 값=0.0023, 산업백분위=8p); 자기자본비율(위험↑, SHAP=+0.414, 값=0.2726, 산업백분위=8p); 2년 연속 OCF 적자 여부(위험↑, SHAP=+0.350, 값=1.000, 산업백분위=97p); OCF/총차입금(위험↑, SHAP=+0.308, 값=-0.5546, 산업백분위=5p); 산업 대분류(위험↑, SHAP=+0.291, 값=manufacturing, 산업백분위=-)","기업규모 그룹(위험↓, SHAP=-0.843, 값=large, 산업백분위=-); 감가상각비(위험↓, SHAP=-0.775, 값=173,293,000, 산업백분위=91p); 매출총이익(위험↓, SHAP=-0.693, 값=683,926,234, 산업백분위=89p); 자산총계(위험↓, SHAP=-0.617, 값=17,843,809,161, 산업백분위=95p); 순이익률(위험↓, SHAP=-0.434, 값=0.0490, 산업백분위=65p)",핵심 위험 요인은 다른 재무지표였지만 절대금액·규모·상장연차가 보조적으로 위험 판단을 키운 사례입니다.,"보조 맥락 변수가 FP를 키우는지 세그먼트별로 확인하고, 필요하면 committee_view에서 근거 강도를 낮춰 해석합니다."
하,false_positive,False Positive: 실제 투자적격인데 모델은 투기등급,규모/상장맥락 과민반응,KOSPI,484870,(주)엠앤씨솔루션,2024,2025,manufacturing,mid_sized,투자적격,투기등급,0.3740644066920322,0.315,0.0590644066920322,"상장연도(위험↑, SHAP=+0.693, 값=2,024.00, 산업백분위=100p); 이자보상배율(위험↓, SHAP=-0.679, 값=1,000,000, 산업백분위=93p); 시장구분(위험↓, SHAP=-0.442, 값=-, 산업백분위=-); 매출총이익(위험↑, SHAP=+0.266, 값=0.0000, 산업백분위=9p); 자산총계(위험↑, SHAP=+0.260, 값=0.0000, 산업백분위=7p)","상장연도(위험↑, SHAP=+0.693, 값=2,024.00, 산업백분위=100p); 매출총이익(위험↑, SHAP=+0.266, 값=0.0000, 산업백분위=9p); 자산총계(위험↑, SHAP=+0.260, 값=0.0000, 산업백분위=7p); 자본잠식률(위험↑, SHAP=+0.242, 값=-, 산업백분위=-); 배당금 지급 여부(위험↑, SHAP=+0.240, 값=0.0000, 산업백분위=22p)","이자보상배율(위험↓, SHAP=-0.679, 값=1,000,000, 산업백분위=93p); 시장구분(위험↓, SHAP=-0.442, 값=-, 산업백분위=-); 현금흐름 커버리지(위험↓, SHAP=-0.183, 값=1,000,000, 산업백분위=93p); 자기자본비율(위험↓, SHAP=-0.099, 값=-, 산업백분위=-)","절대금액, 기업규모, 상장연차 같은 맥락 변수가 위험 신호처럼 작동했지만 실제 등급은 투자적격으로 유지된 사례입니다.","절대금액을 단독으로 늘리기보다 산업 내 위치, 규모조정 비율, 외부근거 확인을 함께 쓰는 방향이 적절합니다."
하,false_positive,False Positive: 실제 투자적격인데 모델은 투기등급,부채·상환능력 경고 과대반응,KOSPI,006390,한일현대시멘트(주),2024,2025,manufacturing,mid_sized,투자적격,투기등급,0.3712236651474705,0.315,0.0562236651474705,"상장연도(위험↑, SHAP=+0.715, 값=1,975.00, 산업백분위=4p); 이자보상배율(위험↓, SHAP=-0.710, 값=1,000,000, 산업백분위=93p); 자본잠식률(위험↑, SHAP=+0.271, 값=-, 산업백분위=-); 매출총이익(위험↑, SHAP=+0.264, 값=0.0000, 산업백분위=9p); 자산총계(위험↑, SHAP=+0.256, 값=0.0000, 산업백분위=7p)","상장연도(위험↑, SHAP=+0.715, 값=1,975.00, 산업백분위=4p); 자본잠식률(위험↑, SHAP=+0.271, 값=-, 산업백분위=-); 매출총이익(위험↑, SHAP=+0.264, 값=0.0000, 산업백분위=9p); 자산총계(위험↑, SHAP=+0.256, 값=0.0000, 산업백분위=7p); 배당금 지급 여부(위험↑, SHAP=+0.243, 값=0.0000, 산업백분위=22p)","이자보상배율(위험↓, SHAP=-0.710, 값=1,000,000, 산업백분위=93p); 현금흐름 커버리지(위험↓, SHAP=-0.197, 값=1,000,000, 산업백분위=93p); 기업규모 그룹(위험↓, SHAP=-0.189, 값=mid_sized, 산업백분위=-); 투기경계 스프레드(위험↓, SHAP=-0.158, 값=6.084, 산업백분위=34p); 시장구분(위험↓, SHAP=-0.141, 값=-, 산업백분위=-)",부채·상환능력 지표가 경고를 냈지만 실제 신용등급 하락으로 이어지지 않은 사례입니다.,단기 경고와 지속 악화를 구분하도록 2년 이상 지속 여부나 현금흐름 보완 지표를 추가 점검합니다.
하,false_positive,False Positive: 실제 투자적격인데 모델은 투기등급,수익성·현금흐름 경고 과대반응,KOSPI,298000,효성화학(주),2023,2024,manufacturing,large,투자적격,투기등급,0.3678817292420358,0.315,0.0528817292420358,"기업규모 그룹(위험↓, SHAP=-1.376, 값=large, 산업백분위=-); 감가상각비(위험↓, SHAP=-0.904, 값=245,271,000, 산업백분위=93p); 세전계속사업이익 기준 ROE(위험↑, SHAP=+0.888, 값=-6.010, 산업백분위=0p); 자산총계(위험↓, SHAP=-0.825, 값=3,115,610,853, 산업백분위=86p); 자기자본비율(위험↑, SHAP=+0.791, 값=0.0199, 산업백분위=0p)","세전계속사업이익 기준 ROE(위험↑, SHAP=+0.888, 값=-6.010, 산업백분위=0p); 자기자본비율(위험↑, SHAP=+0.791, 값=0.0199, 산업백분위=0p); 순이익률(위험↑, SHAP=+0.424, 값=-0.1243, 산업백분위=9p); 이자보상배율(위험↑, SHAP=+0.404, 값=-1.091, 산업백분위=13p); 매출총이익(위험↑, SHAP=+0.345, 값=-77,793,612, 산업백분위=0p)","기업규모 그룹(위험↓, SHAP=-1.376, 값=large, 산업백분위=-); 감가상각비(위험↓, SHAP=-0.904, 값=245,271,000, 산업백분위=93p); 자산총계(위험↓, SHAP=-0.825, 값=3,115,610,853, 산업백분위=86p); 시장구분(위험↓, SHAP=-0.293, 값=-, 산업백분위=-)",수익성 또는 현금흐름 지표 악화가 모델 위험 판단을 키웠지만 실제 라벨은 안정적이었던 사례입니다.,일시적 부진인지 구조적 악화인지 구분하는 추세 변수와 산업 내 비교 지표를 보강합니다.
하,false_positive,False Positive: 실제 투자적격인데 모델은 투기등급,수익성·현금흐름 경고 과대반응,KOSDAQ,086710,선진뷰티사이언스(주),2023,2024,manufacturing,small_and_medium,투자적격,투기등급,0.3676197289425737,0.315,0.0526197289425737,"매출총이익(위험↑, SHAP=+0.647, 값=24,440,673, 산업백분위=41p); 순이익률(위험↓, SHAP=-0.632, 값=0.0918, 산업백분위=84p); 상장연도(위험↑, SHAP=+0.439, 값=2,021.00, 산업백분위=98p); 배당금 지급 여부(위험↓, SHAP=-0.376, 값=1.000, 산업백분위=72p); 기업규모 그룹(위험↑, SHAP=+0.264, 값=small_and_medium, 산업백분위=-)","매출총이익(위험↑, SHAP=+0.647, 값=24,440,673, 산업백분위=41p); 상장연도(위험↑, SHAP=+0.439, 값=2,021.00, 산업백분위=98p); 기업규모 그룹(위험↑, SHAP=+0.264, 값=small_and_medium, 산업백분위=-); 현금흐름 커버리지(위험↑, SHAP=+0.223, 값=1.233, 산업백분위=24p); 현금비율(위험↑, SHAP=+0.156, 값=0.3534, 산업백분위=61p)","순이익률(위험↓, SHAP=-0.632, 값=0.0918, 산업백분위=84p); 배당금 지급 여부(위험↓, SHAP=-0.376, 값=1.000, 산업백분위=72p); 순이익률 변화(위험↓, SHAP=-0.208, 값=-0.2207, 산업백분위=4p); 자기자본비율(위험↓, SHAP=-0.199, 값=0.5791, 산업백분위=59p); 자본잠식률(위험↓, SHAP=-0.188, 값=-10.937, 산업백분위=55p)",수익성 또는 현금흐름 지표 악화가 모델 위험 판단을 키웠지만 실제 라벨은 안정적이었던 사례입니다.,일시적 부진인지 구조적 악화인지 구분하는 추세 변수와 산업 내 비교 지표를 보강합니다.
하,false_positive,False Positive: 실제 투자적격인데 모델은 투기등급,규모/상장맥락 보조 신호 과민반응,KOSPI,079980,(주)휴비스,2023,2024,manufacturing,mid_sized,투자적격,투기등급,0.3600017655984642,0.315,0.0450017655984641,"감가상각비(위험↓, SHAP=-1.041, 값=41,838,964, 산업백분위=77p); 자산총계(위험↓, SHAP=-0.706, 값=782,722,787, 산업백분위=71p); 상장연도(위험↓, SHAP=-0.603, 값=2,012.00, 산업백분위=71p); 매출총이익(위험↑, SHAP=+0.431, 값=8,191,571, 산업백분위=25p); 자본잠식률(위험↑, SHAP=+0.398, 값=-0.5733, 산업백분위=96p)","매출총이익(위험↑, SHAP=+0.431, 값=8,191,571, 산업백분위=25p); 자본잠식률(위험↑, SHAP=+0.398, 값=-0.5733, 산업백분위=96p); 자기자본비율(위험↑, SHAP=+0.342, 값=0.3467, 산업백분위=16p); 이자보상배율(위험↑, SHAP=+0.330, 값=-4.978, 산업백분위=7p); 세전계속사업이익 기준 ROE(위험↑, SHAP=+0.261, 값=-0.4369, 산업백분위=4p)","감가상각비(위험↓, SHAP=-1.041, 값=41,838,964, 산업백분위=77p); 자산총계(위험↓, SHAP=-0.706, 값=782,722,787, 산업백분위=71p); 상장연도(위험↓, SHAP=-0.603, 값=2,012.00, 산업백분위=71p); 순이익률 변화(위험↓, SHAP=-0.244, 값=-0.0367, 산업백분위=23p)",핵심 위험 요인은 다른 재무지표였지만 절대금액·규모·상장연차가 보조적으로 위험 판단을 키운 사례입니다.,"보조 맥락 변수가 FP를 키우는지 세그먼트별로 확인하고, 필요하면 committee_view에서 근거 강도를 낮춰 해석합니다."
하,false_positive,False Positive: 실제 투자적격인데 모델은 투기등급,규모/상장맥락 과민반응,KOSDAQ,053080,케이엔솔(주),2023,2024,manufacturing,mid_sized,투자적격,투기등급,0.3529088937433356,0.315,0.0379088937433356,"상장연도(위험↑, SHAP=+0.764, 값=2,020.00, 산업백분위=96p); 배당금 지급 여부(위험↓, SHAP=-0.417, 값=1.000, 산업백분위=72p); 자본잠식률(위험↓, SHAP=-0.399, 값=-25.077, 산업백분위=26p); 현금흐름 커버리지(위험↑, SHAP=+0.334, 값=-2.142, 산업백분위=12p); 자산총계(위험↓, SHAP=-0.260, 값=396,459,542, 산업백분위=59p)","상장연도(위험↑, SHAP=+0.764, 값=2,020.00, 산업백분위=96p); 현금흐름 커버리지(위험↑, SHAP=+0.334, 값=-2.142, 산업백분위=12p); 현금비율(위험↑, SHAP=+0.155, 값=0.3891, 산업백분위=65p); 총자산증가율(위험↑, SHAP=+0.150, 값=0.2361, 산업백분위=87p); 단기차입금 비중(위험↑, SHAP=+0.125, 값=0.8067, 산업백분위=71p)","배당금 지급 여부(위험↓, SHAP=-0.417, 값=1.000, 산업백분위=72p); 자본잠식률(위험↓, SHAP=-0.399, 값=-25.077, 산업백분위=26p); 자산총계(위험↓, SHAP=-0.260, 값=396,459,542, 산업백분위=59p); 매출총이익(위험↓, SHAP=-0.163, 값=53,397,947, 산업백분위=57p); 자기자본비율(위험↓, SHAP=-0.123, 값=0.4275, 산업백분위=31p)","절대금액, 기업규모, 상장연차 같은 맥락 변수가 위험 신호처럼 작동했지만 실제 등급은 투자적격으로 유지된 사례입니다.","절대금액을 단독으로 늘리기보다 산업 내 위치, 규모조정 비율, 외부근거 확인을 함께 쓰는 방향이 적절합니다."
하,false_positive,False Positive: 실제 투자적격인데 모델은 투기등급,부채·상환능력 경고 과대반응,KOSPI,003010,(주)혜인,2023,2024,wholesale_retail,mid_sized,투자적격,투기등급,0.3453609822802965,0.315,0.0303609822802964,"이자보상배율(위험↓, SHAP=-0.718, 값=1,000,000, 산업백분위=93p); 산업 대분류(위험↑, SHAP=+0.635, 값=wholesale_retail, 산업백분위=-); 자본잠식률(위험↑, SHAP=+0.291, 값=-, 산업백분위=-); 자산총계(위험↑, SHAP=+0.278, 값=0.0000, 산업백분위=6p); 매출총이익(위험↑, SHAP=+0.260, 값=0.0000, 산업백분위=6p)","산업 대분류(위험↑, SHAP=+0.635, 값=wholesale_retail, 산업백분위=-); 자본잠식률(위험↑, SHAP=+0.291, 값=-, 산업백분위=-); 자산총계(위험↑, SHAP=+0.278, 값=0.0000, 산업백분위=6p); 매출총이익(위험↑, SHAP=+0.260, 값=0.0000, 산업백분위=6p); 배당금 지급 여부(위험↑, SHAP=+0.237, 값=0.0000, 산업백분위=19p)","이자보상배율(위험↓, SHAP=-0.718, 값=1,000,000, 산업백분위=93p); 기업규모 그룹(위험↓, SHAP=-0.237, 값=mid_sized, 산업백분위=-); 현금흐름 커버리지(위험↓, SHAP=-0.193, 값=1,000,000, 산업백분위=93p); 시장구분(위험↓, SHAP=-0.185, 값=-, 산업백분위=-); 상장연도(위험↓, SHAP=-0.178, 값=1,988.00, 산업백분위=15p)",부채·상환능력 지표가 경고를 냈지만 실제 신용등급 하락으로 이어지지 않은 사례입니다.,단기 경고와 지속 악화를 구분하도록 2년 이상 지속 여부나 현금흐름 보완 지표를 추가 점검합니다.
하,false_positive,False Positive: 실제 투자적격인데 모델은 투기등급,규모/상장맥락 보조 신호 과민반응,KOSDAQ,015710,(주)코콤,2023,2024,manufacturing,mid_sized,투자적격,투기등급,0.3445906590888958,0.315,0.0295906590888958,"총자산증가율(위험↑, SHAP=+0.738, 값=-1.000, 산업백분위=0p); 이자보상배율(위험↓, SHAP=-0.672, 값=1,000,000, 산업백분위=93p); 상장연도(위험↓, SHAP=-0.431, 값=1,997.00, 산업백분위=29p); 자본잠식률(위험↑, SHAP=+0.259, 값=-, 산업백분위=-); 자산총계(위험↑, SHAP=+0.255, 값=0.0000, 산업백분위=7p)","총자산증가율(위험↑, SHAP=+0.738, 값=-1.000, 산업백분위=0p); 자본잠식률(위험↑, SHAP=+0.259, 값=-, 산업백분위=-); 자산총계(위험↑, SHAP=+0.255, 값=0.0000, 산업백분위=7p); 매출총이익(위험↑, SHAP=+0.253, 값=0.0000, 산업백분위=9p); 배당금 지급 여부(위험↑, SHAP=+0.219, 값=0.0000, 산업백분위=22p)","이자보상배율(위험↓, SHAP=-0.672, 값=1,000,000, 산업백분위=93p); 상장연도(위험↓, SHAP=-0.431, 값=1,997.00, 산업백분위=29p); 기업규모 그룹(위험↓, SHAP=-0.183, 값=mid_sized, 산업백분위=-); 현금흐름 커버리지(위험↓, SHAP=-0.183, 값=1,000,000, 산업백분위=93p); 자기자본비율(위험↓, SHAP=-0.116, 값=-, 산업백분위=-)",핵심 위험 요인은 다른 재무지표였지만 절대금액·규모·상장연차가 보조적으로 위험 판단을 키운 사례입니다.,"보조 맥락 변수가 FP를 키우는지 세그먼트별로 확인하고, 필요하면 committee_view에서 근거 강도를 낮춰 해석합니다."
하,false_positive,False Positive: 실제 투자적격인데 모델은 투기등급,수익성·상환능력 복합 경고 과대반응,KOSDAQ,014470,(주)부방,2023,2024,other,mid_sized,투자적격,투기등급,0.3389805020019079,0.315,0.0239805020019078,"산업 대분류(위험↓, SHAP=-0.777, 값=other, 산업백분위=-); 순이익률(위험↑, SHAP=+0.571, 값=-0.0786, 산업백분위=3p); 이자보상배율(위험↑, SHAP=+0.546, 값=-0.0983, 산업백분위=7p); 매출총이익(위험↓, SHAP=-0.466, 값=82,916,038, 산업백분위=35p); 감가상각비(위험↑, SHAP=+0.315, 값=7,100,256, 산업백분위=23p)","순이익률(위험↑, SHAP=+0.571, 값=-0.0786, 산업백분위=3p); 이자보상배율(위험↑, SHAP=+0.546, 값=-0.0983, 산업백분위=7p); 감가상각비(위험↑, SHAP=+0.315, 값=7,100,256, 산업백분위=23p); 현금흐름 커버리지(위험↑, SHAP=+0.274, 값=2.723, 산업백분위=27p); 배당금 지급 여부(위험↑, SHAP=+0.265, 값=0.0000, 산업백분위=13p)","산업 대분류(위험↓, SHAP=-0.777, 값=other, 산업백분위=-); 매출총이익(위험↓, SHAP=-0.466, 값=82,916,038, 산업백분위=35p); 자산총계(위험↓, SHAP=-0.244, 값=299,873,288, 산업백분위=22p); 순이익률 변화(위험↓, SHAP=-0.142, 값=-0.1709, 산업백분위=4p)",수익성 악화와 이자보상·상환능력 경고가 동시에 나타나 모델 확률을 크게 끌어올렸지만 실제 등급은 유지된 사례입니다.,"이 조합이 실제 등급 하락으로 이어지는 조건을 외부근거, 지속기간, 산업 내 위치와 함께 재점검합니다."
하,false_positive,False Positive: 실제 투자적격인데 모델은 투기등급,부채·상환능력 경고 과대반응,KOSDAQ,045300,성우테크론(주),2023,2024,manufacturing,small_and_medium,투자적격,투기등급,0.3308874730683,0.315,0.0158874730683,"자본잠식률(위험↓, SHAP=-0.604, 값=-12.808, 산업백분위=49p); 배당금 지급 여부(위험↓, SHAP=-0.478, 값=1.000, 산업백분위=72p); 이자보상배율(위험↑, SHAP=+0.466, 값=-2.389, 산업백분위=10p); 자기자본비율(위험↓, SHAP=-0.464, 값=0.7364, 산업백분위=82p); 순이익률(위험↑, SHAP=+0.464, 값=-0.0311, 산업백분위=18p)","이자보상배율(위험↑, SHAP=+0.466, 값=-2.389, 산업백분위=10p); 순이익률(위험↑, SHAP=+0.464, 값=-0.0311, 산업백분위=18p); 기업규모 그룹(위험↑, SHAP=+0.315, 값=small_and_medium, 산업백분위=-); 감가상각비(위험↑, SHAP=+0.252, 값=1,685,651, 산업백분위=26p); 매출총이익(위험↑, SHAP=+0.229, 값=2,265,092, 산업백분위=17p)","자본잠식률(위험↓, SHAP=-0.604, 값=-12.808, 산업백분위=49p); 배당금 지급 여부(위험↓, SHAP=-0.478, 값=1.000, 산업백분위=72p); 자기자본비율(위험↓, SHAP=-0.464, 값=0.7364, 산업백분위=82p); 순이익률 변화(위험↓, SHAP=-0.207, 값=-0.1395, 산업백분위=7p)",부채·상환능력 지표가 경고를 냈지만 실제 신용등급 하락으로 이어지지 않은 사례입니다.,단기 경고와 지속 악화를 구분하도록 2년 이상 지속 여부나 현금흐름 보완 지표를 추가 점검합니다.
하,false_positive,False Positive: 실제 투자적격인데 모델은 투기등급,규모/상장맥락 과민반응,KOSDAQ,087600,(주)픽셀플러스,2023,2024,manufacturing,small_and_medium,투자적격,투기등급,0.3268851283594954,0.315,0.0118851283594954,"이자보상배율(위험↓, SHAP=-0.679, 값=1,000,000, 산업백분위=93p); 기업규모 그룹(위험↑, SHAP=+0.394, 값=small_and_medium, 산업백분위=-); 상장연도(위험↓, SHAP=-0.298, 값=2,015.00, 산업백분위=79p); 자산총계(위험↑, SHAP=+0.264, 값=0.0000, 산업백분위=7p); 매출총이익(위험↑, SHAP=+0.244, 값=0.0000, 산업백분위=9p)","기업규모 그룹(위험↑, SHAP=+0.394, 값=small_and_medium, 산업백분위=-); 자산총계(위험↑, SHAP=+0.264, 값=0.0000, 산업백분위=7p); 매출총이익(위험↑, SHAP=+0.244, 값=0.0000, 산업백분위=9p); 배당금 지급 여부(위험↑, SHAP=+0.238, 값=0.0000, 산업백분위=22p); 자본잠식률(위험↑, SHAP=+0.231, 값=-, 산업백분위=-)","이자보상배율(위험↓, SHAP=-0.679, 값=1,000,000, 산업백분위=93p); 상장연도(위험↓, SHAP=-0.298, 값=2,015.00, 산업백분위=79p); 현금흐름 커버리지(위험↓, SHAP=-0.192, 값=1,000,000, 산업백분위=93p); 자기자본비율(위험↓, SHAP=-0.097, 값=-, 산업백분위=-)","절대금액, 기업규모, 상장연차 같은 맥락 변수가 위험 신호처럼 작동했지만 실제 등급은 투자적격으로 유지된 사례입니다.","절대금액을 단독으로 늘리기보다 산업 내 위치, 규모조정 비율, 외부근거 확인을 함께 쓰는 방향이 적절합니다."
하,false_positive,False Positive: 실제 투자적격인데 모델은 투기등급,규모/상장맥락 과민반응,KOSDAQ,219130,(주)타이거일렉,2023,2024,manufacturing,small_and_medium,투자적격,투기등급,0.3268851283594954,0.315,0.0118851283594954,"이자보상배율(위험↓, SHAP=-0.679, 값=1,000,000, 산업백분위=93p); 기업규모 그룹(위험↑, SHAP=+0.394, 값=small_and_medium, 산업백분위=-); 상장연도(위험↓, SHAP=-0.298, 값=2,015.00, 산업백분위=79p); 자산총계(위험↑, SHAP=+0.264, 값=0.0000, 산업백분위=7p); 매출총이익(위험↑, SHAP=+0.244, 값=0.0000, 산업백분위=9p)","기업규모 그룹(위험↑, SHAP=+0.394, 값=small_and_medium, 산업백분위=-); 자산총계(위험↑, SHAP=+0.264, 값=0.0000, 산업백분위=7p); 매출총이익(위험↑, SHAP=+0.244, 값=0.0000, 산업백분위=9p); 배당금 지급 여부(위험↑, SHAP=+0.238, 값=0.0000, 산업백분위=22p); 자본잠식률(위험↑, SHAP=+0.231, 값=-, 산업백분위=-)","이자보상배율(위험↓, SHAP=-0.679, 값=1,000,000, 산업백분위=93p); 상장연도(위험↓, SHAP=-0.298, 값=2,015.00, 산업백분위=79p); 현금흐름 커버리지(위험↓, SHAP=-0.192, 값=1,000,000, 산업백분위=93p); 자기자본비율(위험↓, SHAP=-0.097, 값=-, 산업백분위=-)","절대금액, 기업규모, 상장연차 같은 맥락 변수가 위험 신호처럼 작동했지만 실제 등급은 투자적격으로 유지된 사례입니다.","절대금액을 단독으로 늘리기보다 산업 내 위치, 규모조정 비율, 외부근거 확인을 함께 쓰는 방향이 적절합니다."
하,false_positive,False Positive: 실제 투자적격인데 모델은 투기등급,규모/상장맥락 과민반응,KOSDAQ,220260,(주)켐트로스,2023,2024,manufacturing,small_and_medium,투자적격,투기등급,0.3268851283594954,0.315,0.0118851283594954,"이자보상배율(위험↓, SHAP=-0.679, 값=1,000,000, 산업백분위=93p); 기업규모 그룹(위험↑, SHAP=+0.394, 값=small_and_medium, 산업백분위=-); 상장연도(위험↓, SHAP=-0.298, 값=2,015.00, 산업백분위=79p); 자산총계(위험↑, SHAP=+0.264, 값=0.0000, 산업백분위=7p); 매출총이익(위험↑, SHAP=+0.244, 값=0.0000, 산업백분위=9p)","기업규모 그룹(위험↑, SHAP=+0.394, 값=small_and_medium, 산업백분위=-); 자산총계(위험↑, SHAP=+0.264, 값=0.0000, 산업백분위=7p); 매출총이익(위험↑, SHAP=+0.244, 값=0.0000, 산업백분위=9p); 배당금 지급 여부(위험↑, SHAP=+0.238, 값=0.0000, 산업백분위=22p); 자본잠식률(위험↑, SHAP=+0.231, 값=-, 산업백분위=-)","이자보상배율(위험↓, SHAP=-0.679, 값=1,000,000, 산업백분위=93p); 상장연도(위험↓, SHAP=-0.298, 값=2,015.00, 산업백분위=79p); 현금흐름 커버리지(위험↓, SHAP=-0.192, 값=1,000,000, 산업백분위=93p); 자기자본비율(위험↓, SHAP=-0.097, 값=-, 산업백분위=-)","절대금액, 기업규모, 상장연차 같은 맥락 변수가 위험 신호처럼 작동했지만 실제 등급은 투자적격으로 유지된 사례입니다.","절대금액을 단독으로 늘리기보다 산업 내 위치, 규모조정 비율, 외부근거 확인을 함께 쓰는 방향이 적절합니다."
하,false_positive,False Positive: 실제 투자적격인데 모델은 투기등급,규모/상장맥락 보조 신호 과민반응,KOSPI,010140,삼성중공업(주),2023,2024,manufacturing,large,투자적격,투기등급,0.3243935344809786,0.315,0.0093935344809785,"기업규모 그룹(위험↓, SHAP=-1.001, 값=large, 산업백분위=-); 감가상각비(위험↓, SHAP=-0.953, 값=237,788,775, 산업백분위=93p); 매출총이익(위험↓, SHAP=-0.779, 값=645,473,765, 산업백분위=89p); 무형자산 비중(위험↑, SHAP=+0.728, 값=0.0017, 산업백분위=6p); 자산총계(위험↓, SHAP=-0.617, 값=15,593,389,152, 산업백분위=95p)","무형자산 비중(위험↑, SHAP=+0.728, 값=0.0017, 산업백분위=6p); 자기자본비율(위험↑, SHAP=+0.552, 값=0.2186, 산업백분위=4p); 순이익률(위험↑, SHAP=+0.316, 값=-0.0194, 산업백분위=21p); 2년 연속 OCF 적자 여부(위험↑, SHAP=+0.294, 값=1.000, 산업백분위=97p); 산업 대분류(위험↑, SHAP=+0.282, 값=manufacturing, 산업백분위=-)","기업규모 그룹(위험↓, SHAP=-1.001, 값=large, 산업백분위=-); 감가상각비(위험↓, SHAP=-0.953, 값=237,788,775, 산업백분위=93p); 매출총이익(위험↓, SHAP=-0.779, 값=645,473,765, 산업백분위=89p); 자산총계(위험↓, SHAP=-0.617, 값=15,593,389,152, 산업백분위=95p)",핵심 위험 요인은 다른 재무지표였지만 절대금액·규모·상장연차가 보조적으로 위험 판단을 키운 사례입니다.,"보조 맥락 변수가 FP를 키우는지 세그먼트별로 확인하고, 필요하면 committee_view에서 근거 강도를 낮춰 해석합니다."
하,false_positive,False Positive: 실제 투자적격인데 모델은 투기등급,규모/상장맥락 과민반응,KOSDAQ,059120,(주)아진엑스텍,2023,2024,manufacturing,small_and_medium,투자적격,투기등급,0.3240185597236945,0.315,0.0090185597236944,"이자보상배율(위험↓, SHAP=-0.679, 값=1,000,000, 산업백분위=93p); 기업규모 그룹(위험↑, SHAP=+0.394, 값=small_and_medium, 산업백분위=-); 상장연도(위험↓, SHAP=-0.313, 값=2,014.00, 산업백분위=76p); 자산총계(위험↑, SHAP=+0.264, 값=0.0000, 산업백분위=7p); 매출총이익(위험↑, SHAP=+0.244, 값=0.0000, 산업백분위=9p)","기업규모 그룹(위험↑, SHAP=+0.394, 값=small_and_medium, 산업백분위=-); 자산총계(위험↑, SHAP=+0.264, 값=0.0000, 산업백분위=7p); 매출총이익(위험↑, SHAP=+0.244, 값=0.0000, 산업백분위=9p); 배당금 지급 여부(위험↑, SHAP=+0.238, 값=0.0000, 산업백분위=22p); 자본잠식률(위험↑, SHAP=+0.231, 값=-, 산업백분위=-)","이자보상배율(위험↓, SHAP=-0.679, 값=1,000,000, 산업백분위=93p); 상장연도(위험↓, SHAP=-0.313, 값=2,014.00, 산업백분위=76p); 현금흐름 커버리지(위험↓, SHAP=-0.192, 값=1,000,000, 산업백분위=93p); 자기자본비율(위험↓, SHAP=-0.097, 값=-, 산업백분위=-)","절대금액, 기업규모, 상장연차 같은 맥락 변수가 위험 신호처럼 작동했지만 실제 등급은 투자적격으로 유지된 사례입니다.","절대금액을 단독으로 늘리기보다 산업 내 위치, 규모조정 비율, 외부근거 확인을 함께 쓰는 방향이 적절합니다."
하,false_positive,False Positive: 실제 투자적격인데 모델은 투기등급,규모/상장맥락 과민반응,KOSDAQ,067730,(주)로지시스,2023,2024,it_services,small_and_medium,투자적격,투기등급,0.322255304424888,0.315,0.0072553044248879,"이자보상배율(위험↓, SHAP=-0.637, 값=1,000,000, 산업백분위=93p); 기업규모 그룹(위험↑, SHAP=+0.389, 값=small_and_medium, 산업백분위=-); 자산총계(위험↑, SHAP=+0.289, 값=0.0000, 산업백분위=6p); 산업 대분류(위험↓, SHAP=-0.283, 값=it_services, 산업백분위=-); 자본잠식률(위험↑, SHAP=+0.265, 값=-, 산업백분위=-)","기업규모 그룹(위험↑, SHAP=+0.389, 값=small_and_medium, 산업백분위=-); 자산총계(위험↑, SHAP=+0.289, 값=0.0000, 산업백분위=6p); 자본잠식률(위험↑, SHAP=+0.265, 값=-, 산업백분위=-); 매출총이익(위험↑, SHAP=+0.256, 값=0.0000, 산업백분위=7p); 배당금 지급 여부(위험↑, SHAP=+0.236, 값=0.0000, 산업백분위=19p)","이자보상배율(위험↓, SHAP=-0.637, 값=1,000,000, 산업백분위=93p); 산업 대분류(위험↓, SHAP=-0.283, 값=it_services, 산업백분위=-); 상장연도(위험↓, SHAP=-0.248, 값=2,015.00, 산업백분위=80p); 현금흐름 커버리지(위험↓, SHAP=-0.182, 값=1,000,000, 산업백분위=93p)","절대금액, 기업규모, 상장연차 같은 맥락 변수가 위험 신호처럼 작동했지만 실제 등급은 투자적격으로 유지된 사례입니다.","절대금액을 단독으로 늘리기보다 산업 내 위치, 규모조정 비율, 외부근거 확인을 함께 쓰는 방향이 적절합니다."
하,false_positive,False Positive: 실제 투자적격인데 모델은 투기등급,부채·상환능력 경고 과대반응,KOSDAQ,033050,제이엠아이(주),2023,2024,manufacturing,small_and_medium,투자적격,투기등급,0.3213278016820243,0.315,0.0063278016820242,"자본잠식률(위험↑, SHAP=+0.513, 값=-0.5715, 산업백분위=96p); 이자보상배율(위험↓, SHAP=-0.464, 값=7.796, 산업백분위=57p); 기업규모 그룹(위험↑, SHAP=+0.396, 값=small_and_medium, 산업백분위=-); 현금흐름 커버리지(위험↓, SHAP=-0.333, 값=14.170, 산업백분위=63p); 자산총계(위험↑, SHAP=+0.267, 값=89,657,744, 산업백분위=24p)","자본잠식률(위험↑, SHAP=+0.513, 값=-0.5715, 산업백분위=96p); 기업규모 그룹(위험↑, SHAP=+0.396, 값=small_and_medium, 산업백분위=-); 자산총계(위험↑, SHAP=+0.267, 값=89,657,744, 산업백분위=24p); 매출총이익(위험↑, SHAP=+0.254, 값=10,513,671, 산업백분위=28p); 감가상각비(위험↑, SHAP=+0.226, 값=3,745,316, 산업백분위=39p)","이자보상배율(위험↓, SHAP=-0.464, 값=7.796, 산업백분위=57p); 현금흐름 커버리지(위험↓, SHAP=-0.333, 값=14.170, 산업백분위=63p); 총자산영업이익률(위험↓, SHAP=-0.189, 값=0.0496, 산업백분위=60p); 총차입금비율(위험↓, SHAP=-0.181, 값=0.0878, 산업백분위=28p)",부채·상환능력 지표가 경고를 냈지만 실제 신용등급 하락으로 이어지지 않은 사례입니다.,단기 경고와 지속 악화를 구분하도록 2년 이상 지속 여부나 현금흐름 보완 지표를 추가 점검합니다.
하,false_positive,False Positive: 실제 투자적격인데 모델은 투기등급,부채·상환능력 경고 과대반응,KOSDAQ,104540,(주)코렌텍,2023,2024,manufacturing,small_and_medium,투자적격,투기등급,0.3183565006468821,0.315,0.003356500646882,"무형자산 비중(위험↓, SHAP=-0.558, 값=0.0643, 산업백분위=93p); 이자보상배율(위험↑, SHAP=+0.538, 값=1.806, 산업백분위=28p); 순이익률(위험↓, SHAP=-0.466, 값=0.0558, 산업백분위=70p); 자본잠식률(위험↓, SHAP=-0.445, 값=-12.501, 산업백분위=50p); 매출총이익(위험↑, SHAP=+0.441, 값=51,698,028, 산업백분위=56p)","이자보상배율(위험↑, SHAP=+0.538, 값=1.806, 산업백분위=28p); 매출총이익(위험↑, SHAP=+0.441, 값=51,698,028, 산업백분위=56p); 배당금 지급 여부(위험↑, SHAP=+0.349, 값=0.0000, 산업백분위=22p); 기업규모 그룹(위험↑, SHAP=+0.339, 값=small_and_medium, 산업백분위=-); 현금흐름 커버리지(위험↑, SHAP=+0.293, 값=0.6747, 산업백분위=22p)","무형자산 비중(위험↓, SHAP=-0.558, 값=0.0643, 산업백분위=93p); 순이익률(위험↓, SHAP=-0.466, 값=0.0558, 산업백분위=70p); 자본잠식률(위험↓, SHAP=-0.445, 값=-12.501, 산업백분위=50p); 상장연도(위험↓, SHAP=-0.368, 값=2,013.00, 산업백분위=73p)",부채·상환능력 지표가 경고를 냈지만 실제 신용등급 하락으로 이어지지 않은 사례입니다.,단기 경고와 지속 악화를 구분하도록 2년 이상 지속 여부나 현금흐름 보완 지표를 추가 점검합니다.
