variant,note,added_features,folds,eval_pr_auc_mean,eval_pr_auc_std,eval_pr_auc_min,eval_pr_auc_max,eval_roc_auc_mean,eval_roc_auc_std,eval_roc_auc_min,eval_roc_auc_max,eval_precision_mean,eval_precision_std,eval_precision_min,eval_precision_max,eval_recall_mean,eval_recall_std,eval_recall_min,eval_recall_max,eval_f1_mean,eval_f1_std,eval_f1_min,eval_f1_max,eval_false_positive_mean,eval_false_positive_std,eval_false_positive_min,eval_false_positive_max,eval_false_negative_mean,eval_false_negative_std,eval_false_negative_min,eval_false_negative_max,total_false_positive,total_false_negative,selection_stage
pair_rolling_pool__interest_burden_ratio__is_operating_income_turn_negative,"rolling 상위 단일 후보 2개 조합: interest_burden_ratio, is_operating_income_turn_negative","interest_burden_ratio, is_operating_income_turn_negative",4,0.7994086412216038,0.024552753304273187,0.7673467093384756,0.8362080028645708,0.9171251227382937,0.006431731501935067,0.908589835361489,0.926646838187892,0.6274708814960411,0.04776510938787545,0.5669642857142857,0.7005988023952096,0.8435056871936012,0.057040082010893875,0.7748344370860927,0.9071428571428571,0.7163960432270945,0.019215692195714288,0.6965699208443272,0.7358490566037735,80.75,18.619546181365433,50.0,97.0,24.75,9.01041064547005,13.0,34.0,323,99,pair_rolling_pool
pair_rolling_pool__interest_burden_ratio__ap_days_diff,"rolling 상위 단일 후보 2개 조합: interest_burden_ratio, ap_days_diff","interest_burden_ratio, ap_days_diff",4,0.8037741878032261,0.018776630489789975,0.7778882302547011,0.830716102124563,0.9176553844354417,0.005753797252438325,0.9099319971367216,0.9258116978257047,0.6206058704875734,0.05037645463431767,0.5589519650655022,0.6982248520710059,0.8557538488002064,0.05745108221902607,0.7814569536423841,0.9142857142857143,0.7160960910907592,0.022175808730363827,0.6937669376693767,0.7390300230946882,84.5,19.817921182606415,51.0,101.0,22.75,8.926785535678562,12.0,33.0,338,91,pair_rolling_pool
pair_rolling_pool__interest_burden_ratio__is_3y_consecutive_operating_loss,"rolling 상위 단일 후보 2개 조합: interest_burden_ratio, is_3y_consecutive_operating_loss","interest_burden_ratio, is_3y_consecutive_operating_loss",4,0.8006047689118858,0.025182641979125606,0.7648117859893372,0.8343418200550133,0.9169802845874975,0.006777722148592485,0.9071760916249105,0.9260607747758307,0.6172716404401126,0.037919584068043015,0.5669642857142857,0.6703910614525139,0.8542490897623348,0.05402166975625305,0.7947019867549668,0.9090909090909091,0.7145950356427523,0.02217752732009164,0.689119170984456,0.7441860465116279,84.5,15.074813431681335,59.0,97.0,23.0,8.573214099741124,13.0,32.0,338,92,pair_rolling_pool
pair_rolling_pool__interest_burden_ratio__equity_growth,"rolling 상위 단일 후보 2개 조합: interest_burden_ratio, equity_growth","interest_burden_ratio, equity_growth",4,0.8010511987278792,0.01980121262954659,0.7705830457246448,0.8256879316493688,0.9173538802925327,0.00489627495922902,0.9095561918396564,0.9230791771669695,0.6229661964956082,0.04381027263887488,0.5882352941176471,0.696969696969697,0.8468773293483558,0.07061554562052497,0.7615894039735099,0.9285714285714286,0.7144651668391453,0.020987450510864866,0.6787564766839378,0.7310344827586207,82.75,19.30511590226798,50.0,100.0,24.25,11.053845484717073,10.0,36.0,331,97,pair_rolling_pool
single__rolling_3y_cv_operating_margin,단일 후보 변수: rolling_3y_cv_operating_margin,rolling_3y_cv_operating_margin,4,0.7916871486906962,0.012837132293549077,0.7702336526386422,0.8040558281102874,0.9160730435308098,0.0034840980831095316,0.9106895728942973,0.9192807768268598,0.6156350981252716,0.04473469810108599,0.5777777777777777,0.6882352941176471,0.8583325270204409,0.054843613757833996,0.7748344370860927,0.9285714285714286,0.7139204424442314,0.013607037901684887,0.6926829268292682,0.7289719626168224,86.5,19.615045245933032,53.0,103.0,22.5,8.5,10.0,34.0,346,90,single
pair_rolling_pool__ar_days__capital_impairment_diff,"rolling 상위 단일 후보 2개 조합: ar_days, capital_impairment_diff","ar_days, capital_impairment_diff",4,0.7962571816906228,0.017790463312713334,0.766016267900709,0.8117841401984269,0.9170896343739975,0.005561901354928251,0.9076473395371033,0.9219510050987516,0.6231667780155372,0.049986303351009176,0.5676855895196506,0.703030303030303,0.841525382729853,0.06214634930636928,0.7682119205298014,0.9285714285714286,0.7124042575967355,0.01876742075455329,0.6857142857142857,0.7341772151898734,82.25,19.587942719948924,49.0,99.0,25.25,9.908960591303208,10.0,35.0,329,101,pair_rolling_pool
pair_rolling_pool__interest_burden_ratio__ocf_deficit_flag,"rolling 상위 단일 후보 2개 조합: interest_burden_ratio, ocf_deficit_flag","interest_burden_ratio, ocf_deficit_flag",4,0.7983083646819299,0.02470636166753479,0.7648117859893372,0.8343418200550133,0.9166251709511339,0.00670417360711303,0.9071760916249105,0.9260607747758307,0.6161658274715146,0.03759770068091822,0.5669642857142857,0.6703910614525139,0.8499877261259712,0.050054136633249514,0.7947019867549668,0.9071428571428571,0.7123892734293652,0.019388073952779483,0.689119170984456,0.7353629976580797,84.5,15.074813431681335,59.0,97.0,23.75,8.042853971072706,13.0,32.0,338,95,pair_rolling_pool
pair_rolling_pool__interest_burden_ratio__is_3y_consecutive_ocf_deficit,"rolling 상위 단일 후보 2개 조합: interest_burden_ratio, is_3y_consecutive_ocf_deficit","interest_burden_ratio, is_3y_consecutive_ocf_deficit",4,0.7983083646819299,0.02470636166753479,0.7648117859893372,0.8343418200550133,0.9166251709511339,0.00670417360711303,0.9071760916249105,0.9260607747758307,0.6161658274715146,0.03759770068091822,0.5669642857142857,0.6703910614525139,0.8499877261259712,0.050054136633249514,0.7947019867549668,0.9071428571428571,0.7123892734293652,0.019388073952779483,0.689119170984456,0.7353629976580797,84.5,15.074813431681335,59.0,97.0,23.75,8.042853971072706,13.0,32.0,338,95,pair_rolling_pool
pair_rolling_pool__interest_burden_ratio__negative_equity_flag,"rolling 상위 단일 후보 2개 조합: interest_burden_ratio, negative_equity_flag","interest_burden_ratio, negative_equity_flag",4,0.7983083646819299,0.02470636166753479,0.7648117859893372,0.8343418200550133,0.9166251709511339,0.00670417360711303,0.9071760916249105,0.9260607747758307,0.6161658274715146,0.03759770068091822,0.5669642857142857,0.6703910614525139,0.8499877261259712,0.050054136633249514,0.7947019867549668,0.9071428571428571,0.7123892734293652,0.019388073952779483,0.689119170984456,0.7353629976580797,84.5,15.074813431681335,59.0,97.0,23.75,8.042853971072706,13.0,32.0,338,95,pair_rolling_pool
pair_rolling_pool__interest_burden_ratio__is_negative_equity_entry,"rolling 상위 단일 후보 2개 조합: interest_burden_ratio, is_negative_equity_entry","interest_burden_ratio, is_negative_equity_entry",4,0.7983083646819299,0.02470636166753479,0.7648117859893372,0.8343418200550133,0.9166251709511339,0.00670417360711303,0.9071760916249105,0.9260607747758307,0.6161658274715146,0.03759770068091822,0.5669642857142857,0.6703910614525139,0.8499877261259712,0.050054136633249514,0.7947019867549668,0.9071428571428571,0.7123892734293652,0.019388073952779483,0.689119170984456,0.7353629976580797,84.5,15.074813431681335,59.0,97.0,23.75,8.042853971072706,13.0,32.0,338,95,pair_rolling_pool
pair_rolling_pool__interest_burden_ratio__ocf_to_total_borrowings_diff,"rolling 상위 단일 후보 2개 조합: interest_burden_ratio, ocf_to_total_borrowings_diff","interest_burden_ratio, ocf_to_total_borrowings_diff",4,0.8005843869706256,0.020769626109533725,0.7675675600444475,0.8249383954447906,0.9167696338271754,0.004810893685965646,0.9095204008589836,0.9223759010724961,0.6213819239550487,0.0403965678621808,0.5859030837004405,0.6867469879518072,0.8418396655772483,0.06441287119925385,0.7549668874172185,0.9142857142857143,0.7121365063316522,0.02039748960151936,0.6785714285714286,0.7336448598130841,82.5,17.755280904564703,52.0,95.0,25.0,9.974968671630002,12.0,37.0,330,100,pair_rolling_pool
pair_rolling_pool__is_operating_income_turn_negative__ar_days,"rolling 상위 단일 후보 2개 조합: is_operating_income_turn_negative, ar_days","is_operating_income_turn_negative, ar_days",4,0.7945300611831072,0.018723598482554685,0.7631090095140708,0.8125705716182879,0.9161390563265881,0.006053787206112685,0.9059293724648055,0.9217751860751333,0.6214572156629861,0.046235059268723004,0.5789473684210527,0.6964285714285714,0.8406647781026921,0.05479041080806881,0.7748344370860927,0.9071428571428571,0.7120482389283385,0.02443886842483793,0.6717557251908397,0.7335423197492164,82.5,18.364367672206956,51.0,96.0,25.25,8.728545125048045,13.0,34.0,330,101,pair_rolling_pool
pair_rolling_pool__interest_burden_ratio__ebitda_margin,"rolling 상위 단일 후보 2개 조합: interest_burden_ratio, ebitda_margin","interest_burden_ratio, ebitda_margin",4,0.8009831192047092,0.02366182046746375,0.7647219608648207,0.8309775650917349,0.9176453395919099,0.0056226142418533,0.9086196611787163,0.9240974623454258,0.6141607840762875,0.051701590798905864,0.5622317596566524,0.6946107784431138,0.8578944303489006,0.06577029021040191,0.7682119205298014,0.9357142857142857,0.7120239704959797,0.02346423829776757,0.6783042394014963,0.7378190255220418,87.25,21.040140208658308,51.0,102.0,22.5,10.136567466356647,9.0,35.0,349,90,pair_rolling_pool
pair_rolling_pool__interest_burden_ratio__delta_accruals_ratio,"rolling 상위 단일 후보 2개 조합: interest_burden_ratio, delta_accruals_ratio","interest_burden_ratio, delta_accruals_ratio",4,0.8032184094605712,0.021779528865671922,0.7713901520446689,0.8317621825373391,0.9176637105855997,0.005948850237905209,0.908542114053925,0.9249252769149623,0.6159539526874349,0.04816056276847236,0.5676855895196506,0.688622754491018,0.8528432384392649,0.06870972450567052,0.7615894039735099,0.9285714285714286,0.711781626281463,0.025405577384114152,0.6750629722921915,0.7441860465116279,85.75,19.57517560585345,52.0,99.0,23.25,10.615436872781073,10.0,36.0,343,93,pair_rolling_pool
pair_rolling_pool__rolling_3y_cv_operating_margin__market_spread,"rolling 상위 단일 후보 2개 조합: rolling_3y_cv_operating_margin, market_spread","rolling_3y_cv_operating_margin, market_spread",4,0.7909441455681208,0.017357257865371047,0.7611737147746898,0.8045782539383036,0.9143455752692671,0.005503498040226464,0.9050823192555476,0.9195523370638577,0.6122945213092496,0.033809564145938636,0.5785123966942148,0.659217877094972,0.8533864245577821,0.04785503790861199,0.7814569536423841,0.9142857142857143,0.7111333941882868,0.015172939612269051,0.687960687960688,0.7303102625298329,86.25,15.270478054075452,61.0,102.0,23.25,7.495832175282475,12.0,33.0,345,93,pair_rolling_pool
pair_rolling_pool__interest_burden_ratio__market_spread,"rolling 상위 단일 후보 2개 조합: interest_burden_ratio, market_spread","interest_burden_ratio, market_spread",4,0.7989712961664803,0.02184255334288687,0.7660333627630436,0.8274561524884141,0.9164093545706276,0.005548414137996559,0.9084824624194703,0.9241487428939812,0.6163672263100044,0.04065503369702768,0.5793991416309013,0.6826347305389222,0.8477108776984604,0.0652071946005594,0.7549668874172185,0.9142857142857143,0.7107939461915912,0.019920317293309682,0.678391959798995,0.7327188940092166,85.0,18.801595676963167,53.0,99.0,24.0,9.974968671630002,12.0,37.0,340,96,pair_rolling_pool
pair_rolling_pool__interest_burden_ratio__treasury_3y_diff,"rolling 상위 단일 후보 2개 조합: interest_burden_ratio, treasury_3y_diff","interest_burden_ratio, treasury_3y_diff",4,0.7967262793448715,0.023743714650541623,0.7605054241460756,0.8266271197425801,0.9154870827869299,0.006309769116294174,0.9059293724648056,0.9235700052745708,0.6130575326781795,0.04380792342504823,0.5695067264573991,0.68,0.8514570969868983,0.04763594327108158,0.7880794701986755,0.9071428571428571,0.7105450584491927,0.02184240466554405,0.68,0.7323943661971831,86.25,17.55526986406076,56.0,99.0,23.5,7.5,13.0,32.0,345,94,pair_rolling_pool
pair_rolling_pool__gross_margin__treasury_3y_diff,"rolling 상위 단일 후보 2개 조합: gross_margin, treasury_3y_diff","gross_margin, treasury_3y_diff",4,0.7958058660213528,0.019763719413040476,0.7633578455360449,0.8168823305387064,0.9159530875083757,0.005836861579279734,0.9064602720114531,0.9218850729648946,0.6138719116816957,0.03773871502872185,0.575107296137339,0.6703910614525139,0.8461863191995642,0.046779000816261684,0.7947019867549668,0.9142857142857143,0.709817119072312,0.021743736411726527,0.6733668341708543,0.7272727272727273,85.0,15.362291495737216,59.0,99.0,24.5,7.762087348130012,12.0,31.0,340,98,pair_rolling_pool
pair_rolling_pool__ebitda_margin__treasury_3y_diff,"rolling 상위 단일 후보 2개 조합: ebitda_margin, treasury_3y_diff","ebitda_margin, treasury_3y_diff",4,0.7937675086459673,0.020573806894053737,0.7611828195775783,0.8181419858067971,0.9158128417053543,0.005773742611168308,0.9066511572417085,0.92241253003575,0.6091718911496881,0.03519085187340454,0.5752212389380531,0.6666666666666666,0.855534262922508,0.052589442983782896,0.7947019867549668,0.9285714285714286,0.7095649716907063,0.01590807030546719,0.6835443037974683,0.7250755287009063,87.75,16.13032857693854,60.0,100.0,23.0,8.455767262643882,10.0,31.0,351,92,pair_rolling_pool
pair_rolling_pool__interest_burden_ratio__gross_margin,"rolling 상위 단일 후보 2개 조합: interest_burden_ratio, gross_margin","interest_burden_ratio, gross_margin",4,0.8002048958539354,0.02123410744129769,0.7722650373909573,0.8310127666065608,0.9173284402868795,0.004896170138294103,0.9105464089716058,0.9241267655160288,0.6161579161165838,0.047429414641966275,0.5545851528384279,0.686046511627907,0.8437408617872194,0.05391906465099165,0.7814569536423841,0.9071428571428571,0.7092764225447663,0.022273839179242524,0.6857142857142857,0.7323943661971831,84.5,18.296174463531987,54.0,102.0,24.75,8.613216588476108,13.0,33.0,338,99,pair_rolling_pool
pair_rolling_pool__rolling_3y_cv_operating_margin__equity_growth,"rolling 상위 단일 후보 2개 조합: rolling_3y_cv_operating_margin, equity_growth","rolling_3y_cv_operating_margin, equity_growth",4,0.7948755092519807,0.013434477143964871,0.772353660613022,0.8066273927990081,0.9158981132393361,0.003310215637619221,0.9102421856358864,0.9186635944700462,0.6053249710574246,0.046153610464833614,0.5617021276595745,0.6781609195402298,0.8632754938218514,0.05915097081018932,0.7814569536423841,0.9428571428571428,0.7084395898634464,0.018695247888040025,0.6797066014669927,0.7261538461538461,90.75,20.17888748172208,56.0,105.0,21.75,9.175374651751284,8.0,33.0,363,87,pair_rolling_pool
pair_rolling_pool__gross_margin__equity_growth,"rolling 상위 단일 후보 2개 조합: gross_margin, equity_growth","gross_margin, equity_growth",4,0.7958296737216398,0.0187009631129318,0.764179062424967,0.8108500824268206,0.9162669566066646,0.004033278526514537,0.9095561918396564,0.9196675444371296,0.6086095158079674,0.039627839579891105,0.5714285714285714,0.6724137931034483,0.8538276568905708,0.05703453424817095,0.7748344370860927,0.9090909090909091,0.7082631159828461,0.020901685680886007,0.674937965260546,0.730593607305936,88.25,18.498310733685926,57.0,102.0,23.0,8.74642784226795,13.0,34.0,353,92,pair_rolling_pool
single__interest_burden_ratio,단일 후보 변수: interest_burden_ratio,interest_burden_ratio,4,0.8014636892983251,0.022462374602239224,0.7678506428841336,0.8287878865869044,0.9170765991531553,0.006069075309906437,0.9074027678358386,0.9238337338099982,0.6207913569034946,0.052716550468739104,0.5758928571428571,0.7105263157894737,0.8393734232103438,0.08505732149795495,0.7152317880794702,0.9214285714285714,0.7080823564130871,0.015536496040226638,0.6838046272493573,0.7268623024830699,84.0,23.73815494093844,44.0,106.0,25.25,12.93010054098575,11.0,43.0,336,101,single
pair_rolling_pool__interest_burden_ratio__ar_days,"rolling 상위 단일 후보 2개 조합: interest_burden_ratio, ar_days","interest_burden_ratio, ar_days",4,0.8014553336377681,0.0278934115780757,0.7570488414481654,0.8341696166859252,0.9186441166031767,0.00621299094762169,0.9087508947745169,0.9258996073375139,0.6119940521056059,0.058946669256301286,0.5258964143426295,0.6904761904761905,0.8538089325134027,0.06792703783205335,0.7682119205298014,0.9428571428571428,0.7080150512389398,0.025169651896547778,0.6751918158567775,0.7370892018779343,88.0,23.885141824992374,52.0,119.0,23.25,10.59186008215743,8.0,35.0,352,93,pair_rolling_pool
pair_rolling_pool__gross_margin__is_3y_consecutive_ocf_deficit,"rolling 상위 단일 후보 2개 조합: gross_margin, is_3y_consecutive_ocf_deficit","gross_margin, is_3y_consecutive_ocf_deficit",4,0.794817494425468,0.016468225533626115,0.7676995063780937,0.8118168937615583,0.9149113118194331,0.00522055966813029,0.9063230732522071,0.9195334935239994,0.615704117779253,0.03896905498164725,0.5614035087719298,0.6704545454545454,0.8396553639517215,0.05676002396213825,0.7814569536423841,0.9142857142857143,0.7078782327451909,0.01752897544144563,0.6860158311345647,0.7281323877068558,83.75,15.911866640969563,58.0,100.0,25.5,9.233092656309694,12.0,35.0,335,102,pair_rolling_pool
pair_rolling_pool__delta_accruals_ratio__capital_impairment_diff,"rolling 상위 단일 후보 2개 조합: delta_accruals_ratio, capital_impairment_diff","delta_accruals_ratio, capital_impairment_diff",4,0.7992252499479763,0.01576712439605936,0.7730602144400139,0.8152901746033404,0.916116030685806,0.005979427917736451,0.9063827248866619,0.9221927562562269,0.6136733802768866,0.039523103963055715,0.5779816513761468,0.68,0.8433266857314871,0.058432248886820644,0.7818181818181819,0.9034090909090909,0.7077795970827769,0.01728517221102558,0.6825396825396826,0.7300613496932515,85.5,19.461500456028563,56.0,110.0,24.75,9.41740410091868,14.0,36.0,342,99,pair_rolling_pool
pair_rolling_pool__delta_accruals_ratio__ocf_deficit_flag,"rolling 상위 단일 후보 2개 조합: delta_accruals_ratio, ocf_deficit_flag","delta_accruals_ratio, ocf_deficit_flag",4,0.796470881117566,0.016087004498651806,0.7692494498518786,0.8110762411347295,0.9157775190448307,0.005511840138945747,0.9063827248866619,0.9203100275449804,0.6079243662066351,0.026100921686337448,0.5825688073394495,0.6458333333333334,0.8493185760155959,0.04433152978198714,0.793939393939394,0.9071428571428571,0.7076892524818601,0.02058912194589887,0.6735218508997429,0.7247058823529412,86.75,10.917302780449024,68.0,95.0,24.0,7.648529270389178,13.0,34.0,347,96,pair_rolling_pool
pair_rolling_pool__delta_accruals_ratio__negative_equity_flag,"rolling 상위 단일 후보 2개 조합: delta_accruals_ratio, negative_equity_flag","delta_accruals_ratio, negative_equity_flag",4,0.796470881117566,0.016087004498651806,0.7692494498518786,0.8110762411347295,0.9157775190448307,0.005511840138945747,0.9063827248866619,0.9203100275449804,0.6079243662066351,0.026100921686337448,0.5825688073394495,0.6458333333333334,0.8493185760155959,0.04433152978198714,0.793939393939394,0.9071428571428571,0.7076892524818601,0.02058912194589887,0.6735218508997429,0.7247058823529412,86.75,10.917302780449024,68.0,95.0,24.0,7.648529270389178,13.0,34.0,347,96,pair_rolling_pool
pair_rolling_pool__delta_accruals_ratio__is_negative_equity_entry,"rolling 상위 단일 후보 2개 조합: delta_accruals_ratio, is_negative_equity_entry","delta_accruals_ratio, is_negative_equity_entry",4,0.796470881117566,0.016087004498651806,0.7692494498518786,0.8110762411347295,0.9157775190448307,0.005511840138945747,0.9063827248866619,0.9203100275449804,0.6079243662066351,0.026100921686337448,0.5825688073394495,0.6458333333333334,0.8493185760155959,0.04433152978198714,0.793939393939394,0.9071428571428571,0.7076892524818601,0.02058912194589887,0.6735218508997429,0.7247058823529412,86.75,10.917302780449024,68.0,95.0,24.0,7.648529270389178,13.0,34.0,347,96,pair_rolling_pool
pair_rolling_pool__delta_accruals_ratio__is_3y_consecutive_ocf_deficit,"rolling 상위 단일 후보 2개 조합: delta_accruals_ratio, is_3y_consecutive_ocf_deficit","delta_accruals_ratio, is_3y_consecutive_ocf_deficit",4,0.7957484670174594,0.017311489008129118,0.766359793451452,0.8110762411347295,0.9158043622803353,0.005466092759088508,0.9064900978286805,0.9203100275449804,0.6070934584029851,0.02686488709351838,0.5814977973568282,0.6458333333333334,0.8508337275307474,0.042477710412539796,0.8,0.9071428571428571,0.7076761366956998,0.020610888463145825,0.673469387755102,0.7247058823529412,87.25,11.233320969330485,68.0,95.0,23.75,7.327175444876422,13.0,33.0,349,95,pair_rolling_pool
single__gross_margin,단일 후보 변수: gross_margin,gross_margin,4,0.7993597068549478,0.01814974597814977,0.7679958553543815,0.811821423535986,0.9168855369944531,0.0045169861394184895,0.9091207349081365,0.920038973216902,0.6114642951222569,0.04107228320663001,0.5569620253164557,0.6726190476190477,0.8503571966113357,0.07371570812880505,0.7483443708609272,0.9428571428571428,0.7074446751635268,0.01118829251344865,0.6958762886597938,0.7251732101616628,87.0,19.480759738778158,55.0,105.0,23.75,11.321991874224253,8.0,38.0,348,95,single
pair_rolling_pool__is_operating_income_turn_negative__ebitda_margin,"rolling 상위 단일 후보 2개 조합: is_operating_income_turn_negative, ebitda_margin","is_operating_income_turn_negative, ebitda_margin",4,0.7959500407093665,0.019000845426851595,0.7660730891483731,0.8174985081477355,0.9159825223468562,0.005523124102614096,0.907456454306848,0.9224857879622574,0.608708844027878,0.03474570950518678,0.5745614035087719,0.6666666666666666,0.8521147795361371,0.0684448222963045,0.7814569536423841,0.9357142857142857,0.7074101213921412,0.017846150089242774,0.6770833333333334,0.7210884353741497,87.75,17.65467360219384,59.0,106.0,23.5,10.897247358851684,9.0,35.0,351,94,pair_rolling_pool
pair_rolling_pool__gross_margin__roe,"rolling 상위 단일 후보 2개 조합: gross_margin, roe","gross_margin, roe",4,0.7916342474354054,0.018658950521798716,0.7606625037786695,0.8103790219485112,0.9138031863902234,0.004966173432395706,0.9055833929849677,0.9188155658442244,0.6120311714429362,0.041605607844258444,0.5746606334841629,0.6823529411764706,0.8462061186605888,0.06058098557901475,0.7682119205298014,0.9071428571428571,0.7073705646201199,0.01642953473327275,0.6820512820512821,0.7227414330218068,86.5,19.512816301087856,54.0,106.0,24.25,9.41740410091868,13.0,35.0,346,97,pair_rolling_pool
pair_rolling_pool__rolling_3y_cv_operating_margin__ap_days_diff,"rolling 상위 단일 후보 2개 조합: rolling_3y_cv_operating_margin, ap_days_diff","rolling_3y_cv_operating_margin, ap_days_diff",4,0.7952748926615217,0.01652246462130568,0.7683213037809192,0.8130063634915615,0.9163359642308383,0.004834578681195618,0.9082856120257695,0.9206221198156681,0.6057326645948973,0.03897384573298867,0.5622317596566524,0.6609195402298851,0.8579433466643731,0.06468422835422931,0.7615894039735099,0.9357142857142857,0.7071197750443772,0.017517183156091742,0.6847290640394089,0.7336448598130841,89.5,17.839562774911272,59.0,102.0,22.5,9.86154146165801,9.0,36.0,358,90,pair_rolling_pool
pair_rolling_pool__interest_burden_ratio__roe,"rolling 상위 단일 후보 2개 조합: interest_burden_ratio, roe","interest_burden_ratio, roe",4,0.7982373692808483,0.02326689592849832,0.7661186551819321,0.8300255736490717,0.9159168681835983,0.006156509225728099,0.9070627535194464,0.9241853718572349,0.6120133276522439,0.046538544358593684,0.548936170212766,0.6802325581395349,0.8469824187953328,0.06351409999568987,0.7748344370860927,0.9214285714285714,0.7070582113518642,0.01926987292226995,0.6876640419947506,0.728110599078341,86.5,19.72941965694886,55.0,106.0,24.25,10.059199769365355,11.0,34.0,346,97,pair_rolling_pool
pair_rolling_pool__is_3y_consecutive_operating_loss__capital_impairment_diff,"rolling 상위 단일 후보 2개 조합: is_3y_consecutive_operating_loss, capital_impairment_diff","is_3y_consecutive_operating_loss, capital_impairment_diff",4,0.7963643145590598,0.01597806184553199,0.7700811273575066,0.8123646636451795,0.915427626863902,0.0063822155500397985,0.9048079217370556,0.9212623805895799,0.6062164871546162,0.03240363075703413,0.5638766519823789,0.6458333333333334,0.8508201993922193,0.055316403014562476,0.7757575757575758,0.9142857142857143,0.7065190666193615,0.02617347940074227,0.6684073107049608,0.7370892018779343,87.5,11.715374513859981,68.0,99.0,23.75,9.310612224768036,12.0,37.0,350,95,pair_rolling_pool
pair_rolling_pool__treasury_3y_diff__ar_days,"rolling 상위 단일 후보 2개 조합: treasury_3y_diff, ar_days","treasury_3y_diff, ar_days",4,0.7958752037032527,0.021418005039547883,0.7616403992913532,0.8160997580757411,0.9167146741312778,0.0062759040951428586,0.9072417084228107,0.9242000234425365,0.6081374615426166,0.046886655677848624,0.5663716814159292,0.6839080459770115,0.8503072052120066,0.04980009596649661,0.7880794701986755,0.9142857142857143,0.7065020462519567,0.022500288112387613,0.6733167082294265,0.7323076923076923,88.25,19.22725929507375,55.0,101.0,23.75,7.949056547792323,12.0,32.0,353,95,pair_rolling_pool
pair_rolling_pool__gross_margin__rolling_3y_cv_ocf_to_total_borrowings,"rolling 상위 단일 후보 2개 조합: gross_margin, rolling_3y_cv_ocf_to_total_borrowings","gross_margin, rolling_3y_cv_ocf_to_total_borrowings",4,0.795157185316032,0.01636574412322805,0.7692856557024651,0.8143712450896295,0.9145355564429694,0.004983410281511574,0.9068301121450728,0.9194382582195393,0.6098500721659404,0.05254658705193496,0.5435684647302904,0.6826347305389222,0.8514581720707549,0.07381079202339154,0.7549668874172185,0.9357142857142857,0.7064232058860669,0.027399316797217958,0.6751269035532995,0.745920745920746,88.0,21.20141504711419,53.0,110.0,23.5,11.412712210513327,9.0,37.0,352,94,pair_rolling_pool
pair_rolling_pool__gross_margin__ocf_deficit_flag,"rolling 상위 단일 후보 2개 조합: gross_margin, ocf_deficit_flag","gross_margin, ocf_deficit_flag",4,0.7943520735039213,0.01723643989065079,0.7658378226919069,0.8118168937615583,0.914765165315019,0.005461556714171938,0.9057384872345503,0.9195334935239994,0.6103107298258584,0.04116553357460917,0.5614035087719298,0.6704545454545454,0.8442008184971761,0.05303760595218557,0.7814569536423841,0.9142857142857143,0.706017132104407,0.01997579350377381,0.6785714285714286,0.7281323877068558,86.25,16.528384676065595,58.0,100.0,24.75,8.525696452489967,12.0,33.0,345,99,pair_rolling_pool
pair_rolling_pool__gross_margin__negative_equity_flag,"rolling 상위 단일 후보 2개 조합: gross_margin, negative_equity_flag","gross_margin, negative_equity_flag",4,0.7943520735039213,0.01723643989065079,0.7658378226919069,0.8118168937615583,0.914765165315019,0.005461556714171938,0.9057384872345503,0.9195334935239994,0.6103107298258584,0.04116553357460917,0.5614035087719298,0.6704545454545454,0.8442008184971761,0.05303760595218557,0.7814569536423841,0.9142857142857143,0.706017132104407,0.01997579350377381,0.6785714285714286,0.7281323877068558,86.25,16.528384676065595,58.0,100.0,24.75,8.525696452489967,12.0,33.0,345,99,pair_rolling_pool
pair_rolling_pool__gross_margin__is_negative_equity_entry,"rolling 상위 단일 후보 2개 조합: gross_margin, is_negative_equity_entry","gross_margin, is_negative_equity_entry",4,0.7943520735039213,0.01723643989065079,0.7658378226919069,0.8118168937615583,0.914765165315019,0.005461556714171938,0.9057384872345503,0.9195334935239994,0.6103107298258584,0.04116553357460917,0.5614035087719298,0.6704545454545454,0.8442008184971761,0.05303760595218557,0.7814569536423841,0.9142857142857143,0.706017132104407,0.01997579350377381,0.6785714285714286,0.7281323877068558,86.25,16.528384676065595,58.0,100.0,24.75,8.525696452489967,12.0,33.0,345,99,pair_rolling_pool
pair_rolling_pool__rolling_3y_cv_operating_margin__rolling_3y_cv_ocf_to_total_borrowings,"rolling 상위 단일 후보 2개 조합: rolling_3y_cv_operating_margin, rolling_3y_cv_ocf_to_total_borrowings","rolling_3y_cv_operating_margin, rolling_3y_cv_ocf_to_total_borrowings",4,0.7875872998298983,0.015307911042170072,0.7615532661346858,0.799254930597486,0.9134102287084559,0.004108995403474519,0.9064304461942259,0.9165152669518842,0.6017356646450136,0.05445860299558024,0.5435684647302904,0.6896551724137931,0.864422249935495,0.05932313229878266,0.7947019867549668,0.9357142857142857,0.7058683025632821,0.0255838545687284,0.675,0.7384615384615385,92.75,22.664675157610354,54.0,110.0,21.5,9.340770846134703,9.0,31.0,371,86,pair_rolling_pool
pair_rolling_pool__ap_days_diff__market_spread,"rolling 상위 단일 후보 2개 조합: ap_days_diff, market_spread","ap_days_diff, market_spread",4,0.7966654496125605,0.014418437910095226,0.771864980860457,0.8068310123181942,0.9160768179380834,0.005038193653744687,0.9073848723455022,0.919701986754967,0.6092655770721678,0.03781131887800101,0.5646551724137931,0.6647727272727273,0.8463871807000947,0.06338294480871745,0.7748344370860927,0.9357142857142857,0.7058088942016865,0.01841923822261593,0.676923076923077,0.7264150943396226,86.75,16.315253599009733,59.0,101.0,24.5,10.111874208078342,9.0,34.0,347,98,pair_rolling_pool
pair_rolling_pool__treasury_3y_diff__market_spread,"rolling 상위 단일 후보 2개 조합: treasury_3y_diff, market_spread","treasury_3y_diff, market_spread",4,0.7928217255315924,0.01850332532477311,0.7618561513841386,0.8100905215493069,0.9152549196830013,0.005433743159118427,0.9060725363874971,0.9195340909090909,0.6063630093717343,0.03686111735109722,0.5682819383259912,0.657608695652174,0.8493435717152604,0.0537442711381288,0.793939393939394,0.9214285714285714,0.7057960192610542,0.02477978386223757,0.6666666666666666,0.7311320754716981,87.75,14.411367041332339,63.0,98.0,24.0,8.860022573334675,11.0,34.0,351,96,pair_rolling_pool
pair_rolling_pool__gross_margin__is_3y_consecutive_operating_loss,"rolling 상위 단일 후보 2개 조합: gross_margin, is_3y_consecutive_operating_loss","gross_margin, is_3y_consecutive_operating_loss",4,0.793874574664382,0.017042557290786797,0.7658378226919069,0.8118168937615583,0.914621699405928,0.005364812155599279,0.9057384872345503,0.9195334935239994,0.6077605969817289,0.040582444785255085,0.5614035087719298,0.6704545454545454,0.8484621821335397,0.055946030506507545,0.7814569536423841,0.9142857142857143,0.705696998140656,0.019626005566566414,0.6785714285714286,0.7268518518518519,87.75,17.32591988899868,58.0,100.0,24.0,8.860022573334675,12.0,33.0,351,96,pair_rolling_pool
pair_rolling_pool__equity_growth__market_spread,"rolling 상위 단일 후보 2개 조합: equity_growth, market_spread","equity_growth, market_spread",4,0.7983624536248755,0.02118176556078556,0.7631741791754377,0.8187737085822816,0.9170531382167832,0.006175824213906501,0.9067287043664997,0.9230278966184141,0.6091832525024874,0.03696318059231261,0.5745614035087719,0.6629834254143646,0.8437918386800837,0.05541489180260447,0.793939393939394,0.9285714285714286,0.7056071962176103,0.023037365165007043,0.6666666666666666,0.7228915662650602,86.25,14.7542366796795,61.0,97.0,25.0,9.246621004453464,10.0,34.0,345,100,pair_rolling_pool
single__equity_growth,단일 후보 변수: equity_growth,equity_growth,4,0.7968130481287041,0.015471365394051329,0.7706651694781363,0.810802647983477,0.9162794892127406,0.004832499273148476,0.908178239083751,0.9202556818181817,0.6110183124229385,0.045744099298804866,0.5684647302904564,0.6785714285714286,0.8432736482612311,0.057976219178538055,0.7549668874172185,0.9071428571428571,0.7055488569028221,0.02124253098681242,0.6748768472906403,0.7328605200945626,86.5,19.254869513969705,54.0,104.0,24.75,8.842369591913696,13.0,37.0,346,99,single
pair_rolling_pool__interest_burden_ratio__capital_impairment_diff,"rolling 상위 단일 후보 2개 조합: interest_burden_ratio, capital_impairment_diff","interest_burden_ratio, capital_impairment_diff",4,0.8050171336510837,0.020940414506154942,0.7740059397438673,0.8290741563623152,0.9180871266161956,0.005458972013951339,0.9101407778573132,0.9235773310672215,0.6068806318859967,0.04116680636333291,0.5536480686695279,0.6685714285714286,0.8512437824316963,0.0672384050148631,0.7748344370860927,0.9214285714285714,0.7054545203558756,0.02036226324850212,0.6805194805194805,0.7318181818181818,88.5,18.580904176062045,58.0,104.0,23.5,10.594810050208546,11.0,34.0,354,94,pair_rolling_pool
pair_rolling_pool__delta_accruals_ratio__is_3y_consecutive_operating_loss,"rolling 상위 단일 후보 2개 조합: delta_accruals_ratio, is_3y_consecutive_operating_loss","delta_accruals_ratio, is_3y_consecutive_operating_loss",4,0.7951069654156839,0.01579023676768434,0.7692494498518786,0.8110762411347295,0.9152675758630127,0.00541878301497223,0.9063827248866619,0.9203100275449804,0.6033058923110528,0.02545198546644646,0.5825688073394495,0.6458333333333334,0.852159485106505,0.046210540009062995,0.793939393939394,0.9071428571428571,0.7054118644624322,0.019025364466346405,0.6735218508997429,0.7230320699708455,89.0,13.095800853708795,68.0,104.0,23.5,7.826237921249264,13.0,34.0,356,94,pair_rolling_pool
pair_rolling_pool__delta_accruals_ratio__market_spread,"rolling 상위 단일 후보 2개 조합: delta_accruals_ratio, market_spread","delta_accruals_ratio, market_spread",4,0.7929690986724554,0.01979223849265969,0.7597372475196836,0.8111430741512988,0.9151938846137284,0.006069469522982968,0.9049272250059652,0.9203173533376312,0.5989721780379934,0.01963979841451236,0.5769230769230769,0.6231155778894473,0.8596405457125657,0.04032263753015473,0.8181818181818182,0.9071428571428571,0.7054030541126248,0.018105191091009144,0.6766917293233082,0.7268518518518519,91.0,9.797958971132712,75.0,99.0,22.25,6.684870978560469,13.0,30.0,364,89,pair_rolling_pool
pair_rolling_pool__ebitda_margin__ar_days,"rolling 상위 단일 후보 2개 조합: ebitda_margin, ar_days","ebitda_margin, ar_days",4,0.793576595682821,0.023114718722542605,0.7588485797170887,0.8190902426151281,0.9164240849835019,0.006348452108770414,0.9062634216177523,0.9231597608861278,0.6134399237641712,0.03480597285797823,0.5782608695652174,0.6705882352941176,0.8361578473954301,0.06062463872470682,0.7549668874172185,0.9142857142857143,0.7053631226436412,0.018841904917650112,0.6734177215189874,0.7211267605633803,84.5,17.00735135169495,56.0,98.0,26.0,9.513148795220223,12.0,37.0,338,104,pair_rolling_pool
single__rolling_3y_cv_ocf_to_total_borrowings,단일 후보 변수: rolling_3y_cv_ocf_to_total_borrowings,rolling_3y_cv_ocf_to_total_borrowings,4,0.7918630999407064,0.018170749184545195,0.7617337034043512,0.8102526903238702,0.9144717721728206,0.004726120987121935,0.9065676449534718,0.9185225341381937,0.6100896835477674,0.051200820816704476,0.5584415584415584,0.6946107784431138,0.848073001777472,0.07041134259639438,0.7682119205298014,0.9214285714285714,0.705340298554803,0.01792397031852615,0.6824146981627297,0.7295597484276729,88.25,23.689396362085716,51.0,114.0,24.0,11.090536506409418,11.0,35.0,353,96,single
single__is_operating_income_turn_negative,단일 후보 변수: is_operating_income_turn_negative,is_operating_income_turn_negative,4,0.7976981868740339,0.01761220640389077,0.7710720011093002,0.820587762333803,0.9162870638650434,0.005390550341877113,0.9082319255547602,0.9233648830803494,0.6107406727953728,0.046889407400865335,0.5589519650655022,0.6842105263157895,0.8427345832974973,0.05188862326508344,0.7748344370860927,0.9142857142857143,0.7052423292382906,0.01817704822101387,0.6818181818181818,0.7267080745341615,86.5,18.9010581714358,54.0,101.0,25.0,8.306623862918075,12.0,34.0,346,100,single
pair_rolling_pool__equity_growth__capital_impairment_diff,"rolling 상위 단일 후보 2개 조합: equity_growth, capital_impairment_diff","equity_growth, capital_impairment_diff",4,0.7943240115753392,0.016533170252888967,0.7671076475911989,0.8117704982990299,0.9149587198311014,0.004765740986504346,0.9073848723455022,0.9203423304805792,0.6015053799951708,0.027417748094774774,0.5733333333333334,0.6354166666666666,0.8554499584300909,0.05001167402751066,0.806060606060606,0.9214285714285714,0.7051539765212501,0.02127834070196876,0.6717171717171717,0.7306791569086651,89.75,11.453711188955307,70.0,98.0,23.0,8.215838362577491,11.0,32.0,359,92,pair_rolling_pool
pair_rolling_pool__ar_days__delta_accruals_ratio,"rolling 상위 단일 후보 2개 조합: ar_days, delta_accruals_ratio","ar_days, delta_accruals_ratio",4,0.7959372388085262,0.016939493173704582,0.7677466415135147,0.8107822294627062,0.9163876261988564,0.004409435524374608,0.9089596754951085,0.9199437379124421,0.6137616734284039,0.05369274893066164,0.5521739130434783,0.696969696969697,0.8388686713396979,0.05800465069271805,0.7615894039735099,0.9071428571428571,0.7051513867100425,0.02279491344437369,0.6785714285714286,0.7278481012658228,85.5,20.79062288629179,50.0,103.0,25.5,9.069178573608527,13.0,36.0,342,102,pair_rolling_pool
pair_rolling_pool__is_operating_income_turn_negative__delta_accruals_ratio,"rolling 상위 단일 후보 2개 조합: is_operating_income_turn_negative, delta_accruals_ratio","is_operating_income_turn_negative, delta_accruals_ratio",4,0.7984178831340667,0.01618547530887618,0.7705095257243538,0.8098375491782833,0.9167577519004396,0.004795911712677867,0.9084586017656884,0.9198238973008559,0.6148772901821683,0.045621105841931735,0.5720720720720721,0.6890243902439024,0.8355574130615522,0.06252372368732247,0.7483443708609272,0.9071428571428571,0.7050654062898567,0.018245445409038764,0.6768447837150128,0.7242990654205608,84.5,19.35846068260594,51.0,97.0,26.0,9.669539802906858,13.0,38.0,338,104,pair_rolling_pool
pair_rolling_pool__gross_margin__is_operating_income_turn_negative,"rolling 상위 단일 후보 2개 조합: gross_margin, is_operating_income_turn_negative","gross_margin, is_operating_income_turn_negative",4,0.7931532048640257,0.018553734236592543,0.7623288022964424,0.8118168937615583,0.9145032051623108,0.004801108080216691,0.906645192078263,0.9195334935239994,0.6075648042542932,0.03964001410193867,0.5614035087719298,0.6704545454545454,0.8470417275880852,0.05488347007957498,0.7814569536423841,0.9142857142857143,0.7050158371513225,0.015882199953134918,0.6838046272493573,0.7217125382262997,87.75,17.66882848408462,58.0,102.0,24.25,8.728545125048045,12.0,33.0,351,97,pair_rolling_pool
single__roe,단일 후보 변수: roe,roe,4,0.793753701654327,0.01620150368505964,0.7702325737625161,0.8127118919584196,0.915622679278137,0.004980954770101082,0.907993319016941,0.921284357967532,0.6035905956850177,0.04027513016053703,0.5589519650655022,0.6666666666666666,0.8553781965826668,0.06238028919052705,0.7682119205298014,0.9147727272727273,0.7048690205814725,0.01857431479051256,0.681704260651629,0.7301587301587301,90.25,18.73999733191016,58.0,104.0,22.75,9.54921462739214,12.0,35.0,361,91,single
pair_rolling_pool__rolling_3y_cv_ocf_to_total_borrowings__capital_impairment_diff,"rolling 상위 단일 후보 2개 조합: rolling_3y_cv_ocf_to_total_borrowings, capital_impairment_diff","rolling_3y_cv_ocf_to_total_borrowings, capital_impairment_diff",4,0.7935132147091454,0.017436912286064914,0.7648348583307225,0.8106522942448611,0.9142577148642181,0.006701605365466343,0.9030422333571939,0.9205056818181818,0.6027040769370651,0.04470843492126975,0.5555555555555556,0.6763005780346821,0.8589954058083197,0.06689227810380484,0.7748344370860927,0.9285714285714286,0.7048358075592023,0.01695461921577255,0.6819338422391857,0.7222222222222222,91.5,21.465087933665682,56.0,112.0,22.25,10.40132203135736,10.0,34.0,366,89,pair_rolling_pool
single__ebitda_margin,단일 후보 변수: ebitda_margin,ebitda_margin,4,0.7948909812928651,0.020545917413398253,0.7611591985772935,0.816651072345028,0.9160622582962188,0.0054435156719487105,0.9072655690765927,0.9221927562562269,0.6120101587278031,0.05140652289291578,0.5608695652173913,0.6951219512195121,0.8420155313781141,0.06946043920943157,0.7549668874172185,0.9214285714285714,0.7048235366319682,0.023274127751045523,0.670076726342711,0.728110599078341,86.5,21.195518394226642,50.0,101.0,25.0,10.8397416943394,11.0,37.0,346,100,single
single__treasury_3y_diff,단일 후보 변수: treasury_3y_diff,treasury_3y_diff,4,0.7950410796757137,0.01851837977224728,0.7641400418338345,0.8134469734093376,0.9158735268179554,0.005067749842972852,0.9077785731329038,0.9216799507706734,0.6038491793952454,0.040981755392834066,0.5619469026548672,0.6703910614525139,0.8528286352168802,0.052617423478428064,0.7947019867549668,0.9071428571428571,0.7047789936478877,0.021352854909802148,0.6751269035532995,0.7272727272727273,89.75,18.046814123273947,59.0,105.0,23.25,8.37779804005802,13.0,32.0,359,93,single
single__ap_days_diff,단일 후보 변수: ap_days_diff,ap_days_diff,4,0.7971851445770854,0.019521063959499724,0.7639897555795663,0.8133234479898496,0.9158104695793555,0.006293432678935644,0.9053388212837032,0.9218118150383872,0.6095167693930812,0.04371210081297644,0.5565217391304348,0.6781609195402298,0.8439167275880851,0.059811459386139035,0.7814569536423841,0.9142857142857143,0.7047489763290048,0.018113257829438956,0.6824146981627297,0.7261538461538461,87.0,19.209372712298546,56.0,104.0,24.75,9.60143218483576,12.0,35.0,348,99,single
pair_rolling_pool__rolling_3y_cv_operating_margin__is_operating_income_turn_negative,"rolling 상위 단일 후보 2개 조합: rolling_3y_cv_operating_margin, is_operating_income_turn_negative","rolling_3y_cv_operating_margin, is_operating_income_turn_negative",4,0.7873037453686862,0.01757781499810758,0.7581998844727863,0.8045782539383036,0.9139299082411807,0.00412101852035206,0.9079336673824863,0.9195523370638577,0.6112775593722495,0.03685451091212397,0.57421875,0.6666666666666666,0.8431748301367508,0.07711600229377971,0.7152317880794702,0.9142857142857143,0.7047421775874133,0.011310065330606358,0.6900958466453674,0.7194244604316546,86.5,20.081085628023203,54.0,109.0,24.75,11.648497757221744,12.0,43.0,346,99,pair_rolling_pool
single__ocf_to_total_borrowings_diff,단일 후보 변수: ocf_to_total_borrowings_diff,ocf_to_total_borrowings_diff,4,0.7975754021627836,0.018488672098147623,0.7673750720142961,0.8134002324786743,0.9165872052957331,0.005126669867236259,0.9084943927463613,0.9211964484557229,0.6049677504426918,0.037263912389462944,0.5720338983050848,0.6647727272727273,0.8505673755052895,0.05868520732948952,0.7748344370860927,0.9285714285714286,0.7046382731922766,0.018356461566391515,0.6733167082294265,0.7192575406032483,89.0,17.421251390184345,59.0,101.0,23.75,9.229707470987366,10.0,34.0,356,95,single
pair_rolling_pool__gross_margin__ap_days_diff,"rolling 상위 단일 후보 2개 조합: gross_margin, ap_days_diff","gross_margin, ap_days_diff",4,0.7980694087792602,0.017934199666269544,0.7689955174687103,0.8180125557873906,0.9169711460223972,0.005141010323313638,0.9089716058219995,0.9233209283244448,0.6180040995223108,0.05264859950894775,0.5594713656387665,0.7025316455696202,0.8309203972076488,0.06484469534470222,0.7350993377483444,0.9071428571428571,0.7044310454410716,0.014904245680783749,0.6871794871794872,0.72,83.5,21.313141485947114,47.0,100.0,26.75,9.959292143521045,13.0,40.0,334,107,pair_rolling_pool
pair_rolling_pool__is_operating_income_turn_negative__capital_impairment_diff,"rolling 상위 단일 후보 2개 조합: is_operating_income_turn_negative, capital_impairment_diff","is_operating_income_turn_negative, capital_impairment_diff",4,0.7957107706322932,0.015987220344626824,0.7700811273575066,0.8140511737870003,0.9156281487933293,0.006584388815453249,0.9048079217370556,0.9221781046709253,0.6040354990196514,0.033969298476223084,0.5638766519823789,0.6559139784946236,0.8503498502049827,0.05971826598225346,0.7757575757575758,0.9142857142857143,0.7044198475306567,0.023824100532939783,0.6684073107049608,0.7276887871853547,88.75,14.956186011146023,64.0,102.0,23.75,9.832980219648569,12.0,37.0,355,95,pair_rolling_pool
pair_rolling_pool__ap_days_diff__ocf_deficit_flag,"rolling 상위 단일 후보 2개 조합: ap_days_diff, ocf_deficit_flag","ap_days_diff, ocf_deficit_flag",4,0.7946493498232197,0.015483221789380996,0.7712138845461782,0.8145304285032229,0.9153643489881582,0.004853519253066612,0.9086435218324983,0.9223392721092422,0.604060820666428,0.04236432519799005,0.5545851528384279,0.6703910614525139,0.8514081806714258,0.05129280505545601,0.7947019867549668,0.9071428571428571,0.7043257918648609,0.021202010622088124,0.6785714285714286,0.7272727272727273,89.5,17.95132307101624,59.0,103.0,23.5,8.200609733428363,13.0,32.0,358,94,pair_rolling_pool
pair_rolling_pool__ap_days_diff__negative_equity_flag,"rolling 상위 단일 후보 2개 조합: ap_days_diff, negative_equity_flag","ap_days_diff, negative_equity_flag",4,0.7946493498232197,0.015483221789380996,0.7712138845461782,0.8145304285032229,0.9153643489881582,0.004853519253066612,0.9086435218324983,0.9223392721092422,0.604060820666428,0.04236432519799005,0.5545851528384279,0.6703910614525139,0.8514081806714258,0.05129280505545601,0.7947019867549668,0.9071428571428571,0.7043257918648609,0.021202010622088124,0.6785714285714286,0.7272727272727273,89.5,17.95132307101624,59.0,103.0,23.5,8.200609733428363,13.0,32.0,358,94,pair_rolling_pool
pair_rolling_pool__ap_days_diff__is_negative_equity_entry,"rolling 상위 단일 후보 2개 조합: ap_days_diff, is_negative_equity_entry","ap_days_diff, is_negative_equity_entry",4,0.7946493498232197,0.015483221789380996,0.7712138845461782,0.8145304285032229,0.9153643489881582,0.004853519253066612,0.9086435218324983,0.9223392721092422,0.604060820666428,0.04236432519799005,0.5545851528384279,0.6703910614525139,0.8514081806714258,0.05129280505545601,0.7947019867549668,0.9071428571428571,0.7043257918648609,0.021202010622088124,0.6785714285714286,0.7272727272727273,89.5,17.95132307101624,59.0,103.0,23.5,8.200609733428363,13.0,32.0,358,94,pair_rolling_pool
pair_rolling_pool__ebitda_margin__delta_accruals_ratio,"rolling 상위 단일 후보 2개 조합: ebitda_margin, delta_accruals_ratio","ebitda_margin, delta_accruals_ratio",4,0.7977446196826441,0.018399650295433695,0.7674327176411838,0.8171231426460043,0.916928655333277,0.0055931165574874065,0.9076771653543306,0.9226323038152728,0.6047975939007674,0.04568671787164163,0.5648535564853556,0.6783625730994152,0.8513873957168658,0.06138794781642338,0.7682119205298014,0.9214285714285714,0.7041454108748252,0.022236099497789305,0.6683168316831684,0.7247706422018348,89.75,20.17888748172208,55.0,104.0,23.5,9.5,11.0,35.0,359,94,pair_rolling_pool
pair_rolling_pool__roe__ocf_to_total_borrowings_diff,"rolling 상위 단일 후보 2개 조합: roe, ocf_to_total_borrowings_diff","roe, ocf_to_total_borrowings_diff",4,0.7915114525840204,0.012005335867919315,0.7714170780400242,0.8028832395758744,0.9151319131309179,0.0026889457626066877,0.9108327368169887,0.9177007899934166,0.6104145856985769,0.049790306142609105,0.5669642857142857,0.691358024691358,0.8433714808921763,0.061552348587585536,0.7417218543046358,0.9071428571428571,0.7041404417321586,0.011106979978960454,0.689156626506024,0.7156549520766773,87.5,22.073740054644116,50.0,107.0,24.75,9.33742469849155,13.0,39.0,350,99,pair_rolling_pool
pair_rolling_pool__is_operating_income_turn_negative__treasury_3y_diff,"rolling 상위 단일 후보 2개 조합: is_operating_income_turn_negative, treasury_3y_diff","is_operating_income_turn_negative, treasury_3y_diff",4,0.7921186648563588,0.019190948097067565,0.7600586653950934,0.8104183151340635,0.9151994240884747,0.004574147139356358,0.9075757575757576,0.9197605930961731,0.6051345099090677,0.05405888556342653,0.5579399141630901,0.6946107784431138,0.8531731100025803,0.0634680511734508,0.7682119205298014,0.9285714285714286,0.7041009101308628,0.02296431579888558,0.6699751861042184,0.7295597484276729,90.5,22.819947414488052,51.0,105.0,23.25,9.832980219648569,10.0,35.0,362,93,pair_rolling_pool
single__ar_days,단일 후보 변수: ar_days,ar_days,4,0.7954322227038704,0.020539671862199703,0.7626474128443053,0.8163999932502102,0.9158488872001143,0.00459220046183882,0.908440706275352,0.9207642266893279,0.6051879595345653,0.04024792809103317,0.5669642857142857,0.6724137931034483,0.8480511417390557,0.0540374701449774,0.7748344370860927,0.9071428571428571,0.7037205846545254,0.01510765731888592,0.6818181818181818,0.72,89.0,18.881207588499205,57.0,106.0,24.0,8.396427811873332,13.0,34.0,356,96,single
pair_rolling_pool__interest_burden_ratio__non_paid_in_equity_ratio,"rolling 상위 단일 후보 2개 조합: interest_burden_ratio, non_paid_in_equity_ratio","interest_burden_ratio, non_paid_in_equity_ratio",4,0.7993957580677239,0.024179297757892168,0.7623443420249145,0.8296864881560146,0.9161868364072064,0.006713221994105016,0.9056788356000954,0.9238483853952997,0.6112775482093664,0.047790049086126024,0.5413223140495868,0.6666666666666666,0.8399051417677246,0.07024670484023669,0.7549668874172185,0.9357142857142857,0.7037106261027841,0.023560353165535588,0.6805194805194805,0.7403846153846154,85.75,19.201236939322424,57.0,111.0,25.5,11.05667219374799,9.0,37.0,343,102,pair_rolling_pool
pair_rolling_pool__is_operating_income_turn_negative__ap_days_diff,"rolling 상위 단일 후보 2개 조합: is_operating_income_turn_negative, ap_days_diff","is_operating_income_turn_negative, ap_days_diff",4,0.7960458571817361,0.018393719873672946,0.7642938173359033,0.8090593872864793,0.9154998853771588,0.004828855760675087,0.907182056788356,0.9188155658442243,0.6114300983381551,0.054151814282097525,0.5474137931034483,0.6946107784431138,0.8388197550242252,0.06140331790372097,0.7682119205298014,0.9071428571428571,0.7036056577037341,0.026575644559662694,0.6718346253229974,0.7302325581395349,86.25,20.873128658636684,51.0,105.0,25.5,9.733961166965893,13.0,35.0,345,102,pair_rolling_pool
pair_rolling_pool__equity_growth__ocf_to_total_borrowings_diff,"rolling 상위 단일 후보 2개 조합: equity_growth, ocf_to_total_borrowings_diff","equity_growth, ocf_to_total_borrowings_diff",4,0.7975603944180614,0.01953688749045594,0.7649684274444257,0.8157244854880794,0.9164999854265364,0.0052371390832185345,0.9080410403245049,0.9220292955892034,0.6106105018883992,0.04746455971918322,0.5690376569037657,0.6890243902439024,0.8401434520225912,0.06700898737708717,0.7483443708609272,0.9357142857142857,0.7034609900286717,0.01767556237272747,0.6732673267326733,0.7174603174603175,86.75,20.813156896540228,51.0,103.0,25.5,10.5,9.0,38.0,347,102,pair_rolling_pool
pair_rolling_pool__treasury_3y_diff__delta_accruals_ratio,"rolling 상위 단일 후보 2개 조합: treasury_3y_diff, delta_accruals_ratio","treasury_3y_diff, delta_accruals_ratio",4,0.7941376504754868,0.017762031528776798,0.7637531619482573,0.8086930394205546,0.9155915557532043,0.005535373905173769,0.9060486757337151,0.919606751450507,0.6080657871097199,0.03613267547505536,0.5746606334841629,0.6647058823529411,0.8415233221524612,0.06184157894830932,0.7483443708609272,0.9071428571428571,0.7033080869047096,0.01612454068745958,0.68,0.7255813953488373,87.0,17.421251390184345,57.0,99.0,25.0,9.40744386111339,13.0,38.0,348,100,pair_rolling_pool
pair_rolling_pool__rolling_3y_cv_operating_margin__interest_burden_ratio,"rolling 상위 단일 후보 2개 조합: rolling_3y_cv_operating_margin, interest_burden_ratio","rolling_3y_cv_operating_margin, interest_burden_ratio",4,0.7975786869040125,0.015805492655876573,0.7726571302237761,0.8132209426538676,0.9159535799389208,0.004009402791198819,0.9093653066094011,0.9191874999999999,0.5981945719483635,0.037245372633617074,0.5609756097560976,0.655367231638418,0.8609247333792036,0.06441527560731553,0.7682119205298014,0.9357142857142857,0.7032463563136107,0.01977959734104842,0.6715328467153284,0.726027397260274,92.75,18.606114586339622,61.0,108.0,22.0,9.848857801796104,9.0,35.0,371,88,pair_rolling_pool
single__ocf_to_total_liabilities_diff,단일 후보 변수: ocf_to_total_liabilities_diff,ocf_to_total_liabilities_diff,4,0.7947443917704793,0.017992734509073863,0.7660549116590654,0.8156667814964188,0.9152095524410049,0.0053224054928347605,0.9065736101169172,0.9209913262615015,0.6113227584190567,0.03635619183568804,0.5669642857142857,0.6607142857142857,0.8354658517531033,0.06399934611242256,0.7350993377483444,0.9071428571428571,0.7031198590693972,0.016084140427504258,0.6884422110552764,0.7303102625298329,85.0,16.38596960817394,57.0,97.0,26.0,9.72111104761179,13.0,40.0,340,104,single
pair_rolling_pool__equity_growth__delta_accruals_ratio,"rolling 상위 단일 후보 2개 조합: equity_growth, delta_accruals_ratio","equity_growth, delta_accruals_ratio",4,0.7972830501212612,0.016732074629959015,0.7684324298928548,0.8088783279334967,0.9159878834841351,0.004760775163110091,0.9078262944404677,0.9193693181818181,0.6116203207784342,0.05005268885457595,0.5661157024793388,0.691358024691358,0.8371214808921763,0.06141498331848028,0.7417218543046358,0.9071428571428571,0.7030572992666084,0.01869815471594876,0.6732186732186732,0.7216981132075472,86.25,21.323402636539974,50.0,105.0,25.75,9.364160400164021,13.0,39.0,345,103,pair_rolling_pool
pair_rolling_pool__ap_days_diff__delta_accruals_ratio,"rolling 상위 단일 후보 2개 조합: ap_days_diff, delta_accruals_ratio","ap_days_diff, delta_accruals_ratio",4,0.7956908231435209,0.017208012620789876,0.7660891124152379,0.8080210689517163,0.9156811540756216,0.005263896835637558,0.9066153662610354,0.9192670454545455,0.5991061135201432,0.03944367439988648,0.559322033898305,0.6611111111111111,0.8585864259912273,0.0661706602978102,0.7880794701986755,0.9428571428571428,0.7030502837948321,0.022554136471366087,0.6666666666666666,0.724373576309795,92.0,18.01388353465182,61.0,104.0,22.5,10.5,8.0,33.0,368,90,pair_rolling_pool
single__advances_from_customers_ratio,단일 후보 변수: advances_from_customers_ratio,advances_from_customers_ratio,4,0.794774886203993,0.017904214410439115,0.7644830440140286,0.8110852896658614,0.9148118949679012,0.005114954739266813,0.9060009544261514,0.9184859051749399,0.60574830158942,0.05538339582558304,0.5466101694915254,0.6904761904761905,0.8484517896562599,0.06120532198627888,0.7682119205298014,0.9214285714285714,0.7030011688088941,0.026533399746725632,0.6683291770573566,0.7302325581395349,89.5,21.937410968480304,52.0,107.0,24.0,9.539392014169456,11.0,35.0,358,96,single
pair_rolling_pool__equity_growth__ap_days_diff,"rolling 상위 단일 후보 2개 조합: equity_growth, ap_days_diff","equity_growth, ap_days_diff",4,0.7969750627517127,0.016333732752454505,0.769756169687761,0.8124754234127981,0.9157406800338859,0.004539288848647773,0.908142448103078,0.9198238973008558,0.6112978273142629,0.03909549763249295,0.5707964601769911,0.6706586826347305,0.8358633640090594,0.07157500496762269,0.7417218543046358,0.9214285714285714,0.7029486443034231,0.020889776829637868,0.6717948717948717,0.7306791569086651,85.25,17.498214194597114,55.0,97.0,26.0,11.113055385446435,11.0,39.0,341,104,pair_rolling_pool
pair_rolling_pool__rolling_3y_cv_operating_margin__non_paid_in_equity_ratio,"rolling 상위 단일 후보 2개 조합: rolling_3y_cv_operating_margin, non_paid_in_equity_ratio","rolling_3y_cv_operating_margin, non_paid_in_equity_ratio",4,0.7917892971996027,0.02099210511357976,0.7557778190001795,0.8083966111696913,0.9136642396661968,0.005055526718034563,0.9050942495824386,0.9180097286526401,0.6109818453960005,0.059386369888401305,0.5423728813559322,0.7018633540372671,0.8404681273472664,0.06203133546990732,0.7483443708609272,0.9142857142857143,0.702906283132096,0.02249451416827883,0.68,0.7264150943396226,87.25,23.209642392764263,48.0,108.0,25.25,9.522998477370455,12.0,38.0,349,101,pair_rolling_pool
pair_rolling_pool__interest_burden_ratio__rolling_3y_cv_ocf_to_total_borrowings,"rolling 상위 단일 후보 2개 조합: interest_burden_ratio, rolling_3y_cv_ocf_to_total_borrowings","interest_burden_ratio, rolling_3y_cv_ocf_to_total_borrowings",4,0.7988089403597125,0.026123112840356535,0.7582069722689287,0.8285888964937037,0.9153502136960241,0.007283956323659543,0.9033882128370317,0.9222147336341793,0.6009386691661212,0.03588797731291281,0.5555555555555556,0.6464088397790055,0.8532188906568046,0.06435271466530103,0.7748344370860927,0.9285714285714286,0.702810797481216,0.023193116952442274,0.6734177215189874,0.7378190255220418,90.25,15.465687828221544,64.0,104.0,23.25,10.084022015049353,10.0,34.0,361,93,pair_rolling_pool
pair_rolling_pool__rolling_3y_cv_operating_margin__treasury_3y_diff,"rolling 상위 단일 후보 2개 조합: rolling_3y_cv_operating_margin, treasury_3y_diff","rolling_3y_cv_operating_margin, treasury_3y_diff",4,0.7879304978362859,0.018749776141813654,0.7560150855157663,0.801617959934292,0.9138247748143417,0.004808536794214773,0.90567287043665,0.9176102699144173,0.6019216342255527,0.03925199708854996,0.5579399141630901,0.655367231638418,0.8522261403056106,0.057077102733658854,0.7682119205298014,0.9285714285714286,0.7027760911465875,0.014914727445774448,0.6829268292682927,0.7238095238095238,90.25,17.597940220378067,61.0,105.0,23.5,8.902246907382429,10.0,35.0,361,94,pair_rolling_pool
single__operating_roe,단일 후보 변수: operating_roe,operating_roe,4,0.7932889327683241,0.0180818478536365,0.7620897554228107,0.805915486135933,0.914393280417264,0.003942966165558509,0.9079098067287044,0.9178705385922757,0.6116305968164721,0.04810347515749262,0.5560344827586207,0.6871165644171779,0.837283818554514,0.07261199000363386,0.7417218543046358,0.9214285714285714,0.7026946547765747,0.018982845324790325,0.6770025839793282,0.7268518518518519,86.0,20.663978319771825,51.0,103.0,25.75,11.255554184490428,11.0,39.0,344,103,single
pair_rolling_pool__ocf_to_total_borrowings_diff__capital_impairment_diff,"rolling 상위 단일 후보 2개 조합: ocf_to_total_borrowings_diff, capital_impairment_diff","ocf_to_total_borrowings_diff, capital_impairment_diff",4,0.7968477986092295,0.017740295756545253,0.7673895685990988,0.8148488556261871,0.9162504141043842,0.0060315283666655195,0.9063827248866618,0.9226323038152728,0.604281766501737,0.04387815154230306,0.5565217391304348,0.6685714285714286,0.8469959469338609,0.05408370417983903,0.7748344370860927,0.9142857142857143,0.7026748854201738,0.02140629420574618,0.6733167082294265,0.7276995305164319,89.0,18.096961070853858,58.0,102.0,24.25,8.496322733983215,12.0,34.0,356,97,pair_rolling_pool
pair_rolling_pool__gross_margin__ar_days,"rolling 상위 단일 후보 2개 조합: gross_margin, ar_days","gross_margin, ar_days",4,0.7928605041785819,0.018416581875405926,0.7632993480036653,0.813205740963636,0.9161950496727804,0.004906036627882597,0.9084705320925792,0.9219510050987516,0.6040854914214249,0.04731359610550943,0.5423728813559322,0.6742857142857143,0.8485568791032366,0.0538042481925662,0.7814569536423841,0.9142857142857143,0.7026682839519657,0.02043928349589905,0.6808510638297872,0.7239263803680982,89.5,19.5,57.0,108.0,24.0,8.514693182963201,12.0,33.0,358,96,pair_rolling_pool
pair_rolling_pool__ar_days__non_paid_in_equity_ratio,"rolling 상위 단일 후보 2개 조합: ar_days, non_paid_in_equity_ratio","ar_days, non_paid_in_equity_ratio",4,0.7960588582289111,0.02095823007487169,0.7602438763598326,0.8122018812791061,0.9159716488943276,0.006116381469442417,0.9055595323311859,0.921284357967532,0.610424765366602,0.05259021199483621,0.5416666666666666,0.688622754491018,0.8396803596513862,0.06775754926974219,0.7615894039735099,0.9285714285714286,0.7026578017306621,0.02121486866871082,0.6788511749347258,0.7242990654205608,86.75,21.533404282648853,52.0,110.0,25.5,10.735455276791944,10.0,36.0,347,102,pair_rolling_pool
pair_rolling_pool__equity_growth__ar_days,"rolling 상위 단일 후보 2개 조합: equity_growth, ar_days","equity_growth, ar_days",4,0.7986609763139609,0.02030797584134551,0.7651025246780118,0.8166461216513463,0.9173429745753923,0.004793994910546536,0.9094010975900738,0.9216652991853719,0.6071667277121812,0.04035686736007232,0.5637860082304527,0.6627906976744186,0.8407979989105817,0.057877368808248286,0.7549668874172185,0.9142857142857143,0.7024894668611246,0.019933347195254626,0.6715686274509803,0.7272727272727273,87.25,17.851820635442202,58.0,106.0,25.25,8.98262211161084,12.0,37.0,349,101,pair_rolling_pool
pair_rolling_pool__roe__is_3y_consecutive_ocf_deficit,"rolling 상위 단일 후보 2개 조합: roe, is_3y_consecutive_ocf_deficit","roe, is_3y_consecutive_ocf_deficit",4,0.7905326022151482,0.013923826049901921,0.7729952769807764,0.8070881299656018,0.9139946489715466,0.003425007482473056,0.9083512288236699,0.9171193181818182,0.6113738598456355,0.043888452647048465,0.5644444444444444,0.6829268292682927,0.83513284452854,0.06986776406951056,0.7417218543046358,0.9071428571428571,0.7022175317251016,0.01662929248901598,0.6787564766839378,0.7231121281464531,85.75,20.029665498954294,52.0,103.0,26.0,10.793516572461451,13.0,39.0,343,104,pair_rolling_pool
single__is_zombie_3y,단일 후보 변수: is_zombie_3y,is_zombie_3y,4,0.7968080859093496,0.02093381591079048,0.7621956687223574,0.8182739356054812,0.9158361326228249,0.005879728466448285,0.906221665473634,0.9216433218074196,0.607958014193106,0.0406507364735101,0.5594713656387665,0.6685714285714286,0.83791856598148,0.0511075936916974,0.7748344370860927,0.9071428571428571,0.7022100197942142,0.01756367700288502,0.6785714285714286,0.7203791469194313,86.5,16.635804759614125,58.0,100.0,25.75,8.257572282456872,13.0,34.0,346,103,single
pair_rolling_pool__ap_days_diff__is_3y_consecutive_ocf_deficit,"rolling 상위 단일 후보 2개 조합: ap_days_diff, is_3y_consecutive_ocf_deficit","ap_days_diff, is_3y_consecutive_ocf_deficit",4,0.7951227166828718,0.014772110219100314,0.7731073519847873,0.8145304285032229,0.9151391640680914,0.005170650997333461,0.9077427821522309,0.9223392721092422,0.6033249600552191,0.042697583641728015,0.5545851528384279,0.6703910614525139,0.8468627261259711,0.0557241958202321,0.7878787878787878,0.9071428571428571,0.70220870791788,0.02391693303752193,0.6701030927835051,0.7272727272727273,89.25,17.893783836852393,59.0,103.0,24.25,9.03811374126261,13.0,35.0,357,97,pair_rolling_pool
pair_rolling_pool__gross_margin__capital_impairment_diff,"rolling 상위 단일 후보 2개 조합: gross_margin, capital_impairment_diff","gross_margin, capital_impairment_diff",4,0.7957111169345524,0.022202269573822535,0.7592630457409958,0.8184573245720143,0.9155420861797272,0.006453214925377117,0.9050524934383202,0.9215554122956103,0.6067231677696263,0.03130986621856359,0.5594713656387665,0.6451612903225806,0.838339998853244,0.0495589277854132,0.7878787878787878,0.9071428571428571,0.7021923060488167,0.015719840525654737,0.6824146981627297,0.7220902612826603,86.25,12.695963925594622,66.0,100.0,25.75,8.347903928532,13.0,35.0,345,103,pair_rolling_pool
baseline_43_native,현재 43개 변수 baseline,,4,0.795544747909847,0.02557344654515097,0.75221195545463,0.8144094094531393,0.9147970909200891,0.007842151395401573,0.9013719875924601,0.9211231905292152,0.6165791473991463,0.05459509091501046,0.5589519650655022,0.6993865030674846,0.8256464837590666,0.06600397265369527,0.7549668874172185,0.9142857142857143,0.7021596584154771,0.028129122296981026,0.6597402597402597,0.7290167865707434,83.0,20.09975124224178,49.0,101.0,27.75,10.638961415476606,12.0,38.0,332,111,baseline
pair_rolling_pool__capital_impairment_diff__ocf_deficit_flag,"rolling 상위 단일 후보 2개 조합: capital_impairment_diff, ocf_deficit_flag","capital_impairment_diff, ocf_deficit_flag",4,0.7953412821074496,0.018674509711348472,0.7635194699092194,0.8110707504487485,0.9156288038480315,0.005844208061702159,0.90567287043665,0.9201635116919651,0.6035268514092015,0.04309864894397834,0.5565217391304348,0.6704545454545454,0.8468523336486913,0.05960674283425503,0.7814569536423841,0.9142857142857143,0.7021021396665406,0.02355327965568068,0.6683673469387755,0.7264367816091954,89.25,18.18481509391833,58.0,102.0,24.25,9.496709956611289,12.0,34.0,357,97,pair_rolling_pool
pair_rolling_pool__capital_impairment_diff__negative_equity_flag,"rolling 상위 단일 후보 2개 조합: capital_impairment_diff, negative_equity_flag","capital_impairment_diff, negative_equity_flag",4,0.7953412821074496,0.018674509711348472,0.7635194699092194,0.8110707504487485,0.9156288038480315,0.005844208061702159,0.90567287043665,0.9201635116919651,0.6035268514092015,0.04309864894397834,0.5565217391304348,0.6704545454545454,0.8468523336486913,0.05960674283425503,0.7814569536423841,0.9142857142857143,0.7021021396665406,0.02355327965568068,0.6683673469387755,0.7264367816091954,89.25,18.18481509391833,58.0,102.0,24.25,9.496709956611289,12.0,34.0,357,97,pair_rolling_pool
pair_rolling_pool__capital_impairment_diff__is_negative_equity_entry,"rolling 상위 단일 후보 2개 조합: capital_impairment_diff, is_negative_equity_entry","capital_impairment_diff, is_negative_equity_entry",4,0.7953412821074496,0.018674509711348472,0.7635194699092194,0.8110707504487485,0.9156288038480315,0.005844208061702159,0.90567287043665,0.9201635116919651,0.6035268514092015,0.04309864894397834,0.5565217391304348,0.6704545454545454,0.8468523336486913,0.05960674283425503,0.7814569536423841,0.9142857142857143,0.7021021396665406,0.02355327965568068,0.6683673469387755,0.7264367816091954,89.25,18.18481509391833,58.0,102.0,24.25,9.496709956611289,12.0,34.0,357,97,pair_rolling_pool
pair_rolling_pool__roe__ar_days,"rolling 상위 단일 후보 2개 조합: roe, ar_days","roe, ar_days",4,0.7936157431780699,0.02025398085909481,0.7601944820508704,0.8144218346512246,0.9157405744073844,0.006106631164868534,0.9065020281555715,0.922251362597433,0.6110164287935469,0.048399454299067904,0.5603448275862069,0.6809815950920245,0.8363722370344887,0.07041149584280525,0.7350993377483444,0.9285714285714286,0.7020661488524292,0.019919472218519148,0.6733167082294265,0.7290167865707434,86.0,20.285462775100793,52.0,102.0,26.0,10.862780491200215,10.0,40.0,344,104,pair_rolling_pool
pair_rolling_pool__market_spread__non_paid_in_equity_ratio,"rolling 상위 단일 후보 2개 조합: market_spread, non_paid_in_equity_ratio","market_spread, non_paid_in_equity_ratio",4,0.79452830108727,0.02259733114677553,0.7572729347032824,0.8182521521337883,0.9144608224841925,0.006405966692249928,0.9046170365068003,0.9224857879622576,0.6043743647656691,0.0314981165267255,0.5727272727272728,0.6428571428571429,0.8417199729078869,0.05509865402510739,0.7748344370860927,0.9,0.7020365837400959,0.02432984217535101,0.6683544303797468,0.7370892018779343,87.5,13.124404748406688,65.0,98.0,25.0,8.689073598491383,14.0,34.0,350,100,pair_rolling_pool
single__is_current_ratio_below_1,단일 후보 변수: is_current_ratio_below_1,is_current_ratio_below_1,4,0.7972551565327975,0.014129480510341012,0.7736386739520932,0.8106564133893882,0.9158474338499711,0.003922114592123052,0.9094010975900739,0.91963605462111,0.6128120653404496,0.046421636172008375,0.5589519650655022,0.6851851851851852,0.8326114145236662,0.06833928951815293,0.7350993377483444,0.9142857142857143,0.7020220225687974,0.01548961512214815,0.6820512820512821,0.7230046948356808,85.0,19.887181801351343,51.0,101.0,26.5,10.523782589924593,12.0,40.0,340,106,single
pair_rolling_pool__ebitda_margin__market_spread,"rolling 상위 단일 후보 2개 조합: ebitda_margin, market_spread","ebitda_margin, market_spread",4,0.7938994037544743,0.019994730463276066,0.7620635820809338,0.816639931527065,0.915638890228375,0.006019879062125233,0.9058935814841326,0.9221927562562269,0.5975548717986723,0.03494437033263387,0.5521739130434783,0.6486486486486487,0.8561430291562742,0.04381921275321883,0.7947019867549668,0.9071428571428571,0.7019863779336066,0.014707755121014673,0.6864864864864865,0.7188940092165899,92.0,15.700318468107582,65.0,103.0,22.75,6.869315832017043,13.0,31.0,368,91,pair_rolling_pool
pair_rolling_pool__ap_days_diff__is_3y_consecutive_operating_loss,"rolling 상위 단일 후보 2개 조합: ap_days_diff, is_3y_consecutive_operating_loss","ap_days_diff, is_3y_consecutive_operating_loss",4,0.7953988469154951,0.015526042304482292,0.7712138845461782,0.8145304285032229,0.9154822467154309,0.0048652365884094585,0.9086435218324983,0.9223392721092422,0.6047198244978456,0.042399958582277755,0.5545851528384279,0.6703910614525139,0.8428854533986985,0.04537986902502272,0.7947019867549668,0.9071428571428571,0.7019515156967923,0.01942238181450714,0.6785714285714286,0.7272727272727273,88.25,17.122718826167766,59.0,102.0,25.0,7.582875444051551,13.0,32.0,353,100,pair_rolling_pool
pair_rolling_pool__rolling_3y_cv_operating_margin__is_3y_consecutive_ocf_deficit,"rolling 상위 단일 후보 2개 조합: rolling_3y_cv_operating_margin, is_3y_consecutive_ocf_deficit","rolling_3y_cv_operating_margin, is_3y_consecutive_ocf_deficit",4,0.7888767021764798,0.01634364168515708,0.7615821002783859,0.8045782539383036,0.9144009615907385,0.00401427169009144,0.908291577189215,0.9195523370638577,0.6106086334165989,0.033603426365977886,0.5780590717299579,0.6606060606060606,0.833940307760672,0.07121004178892998,0.7218543046357616,0.9142857142857143,0.7019237630114868,0.017182783606651934,0.681592039800995,0.7251184834123223,85.25,17.166464400102893,56.0,100.0,26.25,10.779030568655049,12.0,42.0,341,105,pair_rolling_pool
pair_rolling_pool__rolling_3y_cv_operating_margin__ocf_to_total_borrowings_diff,"rolling 상위 단일 후보 2개 조합: rolling_3y_cv_operating_margin, ocf_to_total_borrowings_diff","rolling_3y_cv_operating_margin, ocf_to_total_borrowings_diff",4,0.7930676269034603,0.01457485387165438,0.7690924204192492,0.8071982071539117,0.9151183022357738,0.0033824309305713353,0.9104628966833692,0.9200049374588545,0.6136779167310311,0.03663271888787107,0.5774058577405857,0.6666666666666666,0.8276382557839512,0.061349341044450195,0.7417218543046358,0.9142857142857143,0.7018962241051692,0.011408896521470839,0.6831683168316832,0.7111111111111111,83.5,16.859715300087366,56.0,101.0,27.5,9.912113800799505,12.0,39.0,334,110,pair_rolling_pool
pair_rolling_pool__is_operating_income_turn_negative__non_paid_in_equity_ratio,"rolling 상위 단일 후보 2개 조합: is_operating_income_turn_negative, non_paid_in_equity_ratio","is_operating_income_turn_negative, non_paid_in_equity_ratio",4,0.794136796931031,0.02140201535193369,0.7593418653470491,0.8166178998264007,0.9144492352152813,0.006911056461215254,0.9034001431639226,0.922471136376956,0.6026185341296997,0.0346893644929861,0.5695067264573991,0.6590909090909091,0.8474371792666494,0.06714714884586763,0.7682119205298014,0.9204545454545454,0.7018428135534139,0.020980996499907045,0.670076726342711,0.7280898876404495,89.5,17.67059704707229,60.0,107.0,24.0,10.51189802081432,13.0,35.0,358,96,pair_rolling_pool
single__market_spread,단일 후보 변수: market_spread,market_spread,4,0.7985433569731648,0.018375913365196495,0.7705125583720005,0.8220845124640419,0.916711426291223,0.005433885947408171,0.9085421140539252,0.9233209283244448,0.6046161289648426,0.03959808241813166,0.5526315789473685,0.659217877094972,0.842333935380293,0.04419411199214944,0.7814569536423841,0.9,0.7017907310431621,0.017008477328514782,0.6847826086956522,0.7220902612826603,88.0,15.921683328090658,61.0,102.0,25.0,7.106335201775948,14.0,33.0,352,100,single
single__ocf_deficit_flag,단일 후보 변수: ocf_deficit_flag,ocf_deficit_flag,4,0.7975968144614309,0.017741630013425526,0.7710720011093002,0.8210130077530663,0.9162811367993031,0.0056376847869618885,0.9082319255547602,0.9241707202719335,0.609857127413119,0.045619538940521585,0.5589519650655022,0.6809815950920245,0.8370621720994238,0.0682257948746492,0.7350993377483444,0.9142857142857143,0.7017226385837176,0.015788393177509318,0.6818181818181818,0.7242990654205608,86.5,20.006249023742555,52.0,101.0,25.75,10.40132203135736,12.0,40.0,346,103,single
single__is_3y_consecutive_ocf_deficit,단일 후보 변수: is_3y_consecutive_ocf_deficit,is_3y_consecutive_ocf_deficit,4,0.7975968144614309,0.017741630013425526,0.7710720011093002,0.8210130077530663,0.9162811367993031,0.0056376847869618885,0.9082319255547602,0.9241707202719335,0.609857127413119,0.045619538940521585,0.5589519650655022,0.6809815950920245,0.8370621720994238,0.0682257948746492,0.7350993377483444,0.9142857142857143,0.7017226385837176,0.015788393177509318,0.6818181818181818,0.7242990654205608,86.5,20.006249023742555,52.0,101.0,25.75,10.40132203135736,12.0,40.0,346,103,single
single__negative_equity_flag,단일 후보 변수: negative_equity_flag,negative_equity_flag,4,0.7975968144614309,0.017741630013425526,0.7710720011093002,0.8210130077530663,0.9162811367993031,0.0056376847869618885,0.9082319255547602,0.9241707202719335,0.609857127413119,0.045619538940521585,0.5589519650655022,0.6809815950920245,0.8370621720994238,0.0682257948746492,0.7350993377483444,0.9142857142857143,0.7017226385837176,0.015788393177509318,0.6818181818181818,0.7242990654205608,86.5,20.006249023742555,52.0,101.0,25.75,10.40132203135736,12.0,40.0,346,103,single
single__is_negative_equity_entry,단일 후보 변수: is_negative_equity_entry,is_negative_equity_entry,4,0.7975968144614309,0.017741630013425526,0.7710720011093002,0.8210130077530663,0.9162811367993031,0.0056376847869618885,0.9082319255547602,0.9241707202719335,0.609857127413119,0.045619538940521585,0.5589519650655022,0.6809815950920245,0.8370621720994238,0.0682257948746492,0.7350993377483444,0.9142857142857143,0.7017226385837176,0.015788393177509318,0.6818181818181818,0.7242990654205608,86.5,20.006249023742555,52.0,101.0,25.75,10.40132203135736,12.0,40.0,346,103,single
single__audit_qualified_flag,단일 후보 변수: audit_qualified_flag,audit_qualified_flag,4,0.7975968144614309,0.017741630013425526,0.7710720011093002,0.8210130077530663,0.9162811367993031,0.0056376847869618885,0.9082319255547602,0.9241707202719335,0.609857127413119,0.045619538940521585,0.5589519650655022,0.6809815950920245,0.8370621720994238,0.0682257948746492,0.7350993377483444,0.9142857142857143,0.7017226385837176,0.015788393177509318,0.6818181818181818,0.7242990654205608,86.5,20.006249023742555,52.0,101.0,25.75,10.40132203135736,12.0,40.0,346,103,single
pair_rolling_pool__rolling_3y_cv_ocf_to_total_borrowings__treasury_3y_diff,"rolling 상위 단일 후보 2개 조합: rolling_3y_cv_ocf_to_total_borrowings, treasury_3y_diff","rolling_3y_cv_ocf_to_total_borrowings, treasury_3y_diff",4,0.7921324168032517,0.019526710662491554,0.7613273396343985,0.8141234150371918,0.9136230403884626,0.005946610527634937,0.9037341923168695,0.9186983531618121,0.6054594270530089,0.050692787200743245,0.5493562231759657,0.6845238095238095,0.8448210522920787,0.06556357896209167,0.7615894039735099,0.9142857142857143,0.7016846930326712,0.024369883649028874,0.6700507614213198,0.7293577981651376,89.0,20.97617696340303,53.0,105.0,24.5,10.21028892833107,12.0,36.0,356,98,pair_rolling_pool
pair_rolling_pool__rolling_3y_cv_operating_margin__capital_impairment_diff,"rolling 상위 단일 후보 2개 조합: rolling_3y_cv_operating_margin, capital_impairment_diff","rolling_3y_cv_operating_margin, capital_impairment_diff",4,0.7934846319670685,0.014913217803014633,0.7678562641665511,0.8038208814477706,0.9150288067472216,0.0036589886755663656,0.9088284418993081,0.9182954545454546,0.603835099750865,0.0469977710735647,0.548936170212766,0.6686046511627907,0.8467014635474901,0.06535196216816354,0.7615894039735099,0.9214285714285714,0.701683442239408,0.026215218918873708,0.6683417085427136,0.7383177570093458,89.25,19.09679292446771,57.0,106.0,24.25,10.158124826955023,11.0,36.0,357,97,pair_rolling_pool
pair_rolling_pool__roe__treasury_3y_diff,"rolling 상위 단일 후보 2개 조합: roe, treasury_3y_diff","roe, treasury_3y_diff",4,0.7904695748469792,0.02046599832858532,0.7611516166535827,0.8158737976303545,0.9153408626559244,0.0050513441808421634,0.907832259603913,0.9216506476000703,0.6059497731143234,0.042011851785478956,0.5594713656387665,0.6724137931034483,0.8406647781026921,0.05479041080806881,0.7748344370860927,0.9071428571428571,0.7016368622757694,0.018960628536577047,0.6751918158567775,0.72,87.75,17.92170471802278,57.0,100.0,25.25,8.728545125048045,13.0,34.0,351,101,pair_rolling_pool
single__inventory_days_diff,단일 후보 변수: inventory_days_diff,inventory_days_diff,4,0.7951765615983435,0.016177005764776094,0.7677504403011476,0.8093360523435487,0.9154264876055835,0.004567840985201946,0.9083750894774517,0.9210572583953585,0.612774023001215,0.04906228414712081,0.5619469026548672,0.691358024691358,0.8310608748315702,0.06296539445920925,0.7417218543046358,0.9071428571428571,0.7016222017074853,0.017369849446610887,0.6768447837150128,0.72,85.0,20.26079958935481,50.0,99.0,26.75,9.756408150543928,13.0,39.0,340,107,single
pair_rolling_pool__gross_margin__market_spread,"rolling 상위 단일 후보 2개 조합: gross_margin, market_spread","gross_margin, market_spread",4,0.7926868728852519,0.017176360094973243,0.7652699413099677,0.8126120652483835,0.9141580866158394,0.004688018032892431,0.9069434502505368,0.9200536248022035,0.6098605255753302,0.04980699315042536,0.5614035087719298,0.6932515337423313,0.8371537334078725,0.06840509033558376,0.7483443708609272,0.9142857142857143,0.701509086114668,0.016692061088136763,0.6770025839793282,0.7197452229299363,87.0,22.102036105300343,50.0,107.0,25.75,10.638961415476606,12.0,38.0,348,103,pair_rolling_pool
pair_rolling_pool__gross_margin__ocf_to_total_borrowings_diff,"rolling 상위 단일 후보 2개 조합: gross_margin, ocf_to_total_borrowings_diff","gross_margin, ocf_to_total_borrowings_diff",4,0.7955859643600307,0.017205807801688296,0.7682623649038438,0.8130422383035141,0.915394339977215,0.0038992688736366847,0.9093533762825102,0.9194089550489364,0.6106271902027771,0.05545404064328134,0.5446808510638298,0.6932515337423313,0.8360173697715088,0.06223435330343055,0.7483443708609272,0.9142857142857143,0.7015051053677921,0.02203082641416805,0.6767676767676768,0.7268408551068883,86.5,21.754309917807092,50.0,107.0,26.0,9.669539802906858,12.0,38.0,346,104,pair_rolling_pool
single__is_3y_consecutive_operating_loss,단일 후보 변수: is_3y_consecutive_operating_loss,is_3y_consecutive_operating_loss,4,0.7979911496871512,0.017765235059108257,0.7710720011093002,0.8210130077530663,0.9166376708902122,0.005689421947860294,0.9082319255547602,0.9241707202719335,0.6109455857384194,0.04578280172567597,0.5589519650655022,0.6809815950920245,0.8342212630085146,0.06656675207241762,0.7350993377483444,0.9142857142857143,0.7014989360583647,0.01547005753685082,0.6818181818181818,0.723404255319149,85.75,19.651653874419832,52.0,101.0,26.25,10.207227831296802,12.0,40.0,343,105,single
pair_rolling_pool__ebitda_margin__ocf_to_total_borrowings_diff,"rolling 상위 단일 후보 2개 조합: ebitda_margin, ocf_to_total_borrowings_diff","ebitda_margin, ocf_to_total_borrowings_diff",4,0.7975049548299655,0.018969505698376455,0.7692892352794843,0.8187112141486996,0.9165124522394645,0.005621517051685272,0.9087091386303985,0.923218367227334,0.6050530441192123,0.05017433351040849,0.5528455284552846,0.6848484848484848,0.84472949098363,0.06478171017455427,0.7483443708609272,0.9142857142857143,0.7014317059907015,0.023777566516208565,0.6618004866180048,0.7235023041474654,89.5,22.299103120977758,52.0,110.0,24.5,9.86154146165801,12.0,38.0,358,98,pair_rolling_pool
pair_rolling_pool__rolling_3y_cv_operating_margin__ebitda_margin,"rolling 상위 단일 후보 2개 조합: rolling_3y_cv_operating_margin, ebitda_margin","rolling_3y_cv_operating_margin, ebitda_margin",4,0.7910288555145469,0.016042814759496336,0.7661015208741792,0.808806583493934,0.9143226169884165,0.003706758602048083,0.9090073968026725,0.9193630678077682,0.6077203897187601,0.04946486309621425,0.5676855895196506,0.691358024691358,0.8411528661735616,0.06677155891886447,0.7417218543046358,0.9285714285714286,0.7014265458978308,0.012417737475489255,0.6814814814814815,0.7156549520766773,88.25,22.117583502724706,50.0,102.0,25.25,10.304731922762475,10.0,39.0,353,101,pair_rolling_pool
single__spec_spread_diff,단일 후보 변수: spec_spread_diff,spec_spread_diff,4,0.79694921317407,0.018863965447783782,0.7654293476518369,0.815557765654703,0.9161637382641981,0.004836780044458704,0.9086733476497255,0.9211964484557229,0.6076819499657351,0.04676572099620764,0.5589519650655022,0.6764705882352942,0.837813476534503,0.058435656115946984,0.7615894039735099,0.9142857142857143,0.7013651011864426,0.022509364239427242,0.6683417085427136,0.7268408551068883,87.0,18.801595676963167,55.0,101.0,25.75,9.229707470987366,12.0,36.0,348,103,single
pair_rolling_pool__equity_growth__treasury_3y_diff,"rolling 상위 단일 후보 2개 조합: equity_growth, treasury_3y_diff","equity_growth, treasury_3y_diff",4,0.7969546997749749,0.019396880139808,0.7645138713830256,0.8152602237357011,0.9158862699876258,0.006029969225047465,0.9065736101169171,0.9226323038152728,0.5987233464837027,0.04288885818749929,0.5622317596566524,0.6685714285714286,0.8551939988819128,0.06258815197040547,0.7748344370860927,0.9357142857142857,0.7013540221319426,0.0200267704981019,0.6683168316831684,0.7177914110429447,92.25,19.803724397193573,58.0,105.0,23.0,9.772410142846033,9.0,34.0,369,92,pair_rolling_pool
pair_rolling_pool__ar_days__ocf_deficit_flag,"rolling 상위 단일 후보 2개 조합: ar_days, ocf_deficit_flag","ar_days, ocf_deficit_flag",4,0.797922949927325,0.018588634216488053,0.7674212362281219,0.8175362685537024,0.9169724074532676,0.004670324654869835,0.9092221426867096,0.9215920412588642,0.6097903425568605,0.034163305141684294,0.5657894736842105,0.6588235294117647,0.8334012427969382,0.06469483107690932,0.7417218543046358,0.9214285714285714,0.7013462826624655,0.010465236524710124,0.6887755102040817,0.7177033492822966,85.25,15.990231392947383,58.0,99.0,26.5,10.111874208078342,11.0,39.0,341,106,pair_rolling_pool
pair_rolling_pool__ar_days__is_3y_consecutive_ocf_deficit,"rolling 상위 단일 후보 2개 조합: ar_days, is_3y_consecutive_ocf_deficit","ar_days, is_3y_consecutive_ocf_deficit",4,0.797922949927325,0.018588634216488053,0.7674212362281219,0.8175362685537024,0.9169724074532676,0.004670324654869835,0.9092221426867096,0.9215920412588642,0.6097903425568605,0.034163305141684294,0.5657894736842105,0.6588235294117647,0.8334012427969382,0.06469483107690932,0.7417218543046358,0.9214285714285714,0.7013462826624655,0.010465236524710124,0.6887755102040817,0.7177033492822966,85.25,15.990231392947383,58.0,99.0,26.5,10.111874208078342,11.0,39.0,341,106,pair_rolling_pool
pair_rolling_pool__ar_days__negative_equity_flag,"rolling 상위 단일 후보 2개 조합: ar_days, negative_equity_flag","ar_days, negative_equity_flag",4,0.797922949927325,0.018588634216488053,0.7674212362281219,0.8175362685537024,0.9169724074532676,0.004670324654869835,0.9092221426867096,0.9215920412588642,0.6097903425568605,0.034163305141684294,0.5657894736842105,0.6588235294117647,0.8334012427969382,0.06469483107690932,0.7417218543046358,0.9214285714285714,0.7013462826624655,0.010465236524710124,0.6887755102040817,0.7177033492822966,85.25,15.990231392947383,58.0,99.0,26.5,10.111874208078342,11.0,39.0,341,106,pair_rolling_pool
pair_rolling_pool__ar_days__is_negative_equity_entry,"rolling 상위 단일 후보 2개 조합: ar_days, is_negative_equity_entry","ar_days, is_negative_equity_entry",4,0.797922949927325,0.018588634216488053,0.7674212362281219,0.8175362685537024,0.9169724074532676,0.004670324654869835,0.9092221426867096,0.9215920412588642,0.6097903425568605,0.034163305141684294,0.5657894736842105,0.6588235294117647,0.8334012427969382,0.06469483107690932,0.7417218543046358,0.9214285714285714,0.7013462826624655,0.010465236524710124,0.6887755102040817,0.7177033492822966,85.25,15.990231392947383,58.0,99.0,26.5,10.111874208078342,11.0,39.0,341,106,pair_rolling_pool
pair_rolling_pool__ocf_to_total_borrowings_diff__delta_accruals_ratio,"rolling 상위 단일 후보 2개 조합: ocf_to_total_borrowings_diff, delta_accruals_ratio","ocf_to_total_borrowings_diff, delta_accruals_ratio",4,0.7914241920835828,0.015392518351471018,0.7657962297306624,0.806860155763841,0.914536018718813,0.003364727379490163,0.9089238845144356,0.917153409090909,0.5952059459404611,0.031994203994589805,0.5622317596566524,0.6417112299465241,0.8588351287233738,0.05407725428027282,0.7947019867549668,0.9357142857142857,0.7012492268915657,0.01722102847586557,0.6732673267326733,0.7192575406032483,93.0,15.049916943292411,67.0,103.0,22.5,8.645808232895291,9.0,31.0,372,90,pair_rolling_pool
pair_rolling_pool__rolling_3y_cv_ocf_to_total_borrowings__delta_accruals_ratio,"rolling 상위 단일 후보 2개 조합: rolling_3y_cv_ocf_to_total_borrowings, delta_accruals_ratio","rolling_3y_cv_ocf_to_total_borrowings, delta_accruals_ratio",4,0.793172337053178,0.015642176208056087,0.7669684105027681,0.8060437629977723,0.9134603674917543,0.005081142342803683,0.9048437127177286,0.9180056818181819,0.6053304869552009,0.03667365835942976,0.5614035087719298,0.6571428571428571,0.8404649916860182,0.06421844130895978,0.7615894039735099,0.9142857142857143,0.7012258125088212,0.02155653117183317,0.6717948717948717,0.7319347319347319,87.5,16.023420358962067,60.0,100.0,25.25,10.084022015049353,12.0,36.0,350,101,pair_rolling_pool
single__ebitda_margin_diff,단일 후보 변수: ebitda_margin_diff,ebitda_margin_diff,4,0.7958245898476632,0.016912453262749306,0.767322847177939,0.8106432815652217,0.9144743360814671,0.004009113687859316,0.9083273681698879,0.9194382582195393,0.6043693094677239,0.04195338165642432,0.5427350427350427,0.6610169491525424,0.8434109902239042,0.059502503907738036,0.7748344370860927,0.9071428571428571,0.7012149187819561,0.019414803919798166,0.679144385026738,0.7264367816091954,88.5,18.145247311624054,60.0,107.0,24.75,9.41740410091868,13.0,34.0,354,99,single
pair_rolling_pool__ebitda_margin__ap_days_diff,"rolling 상위 단일 후보 2개 조합: ebitda_margin, ap_days_diff","ebitda_margin, ap_days_diff",4,0.7974552442816102,0.019962695459270766,0.7642789919308517,0.814720728939562,0.9163243018020912,0.005802209216897376,0.907366976855166,0.9235846568598722,0.6006619866155077,0.04646235552670793,0.5584415584415584,0.6781609195402298,0.8528047146010721,0.06817553134180579,0.7814569536423841,0.9214285714285714,0.7011343305464421,0.01774576839296934,0.6770833333333334,0.7261538461538461,92.0,23.695991222145572,56.0,121.0,23.25,10.825317547305483,11.0,35.0,368,93,pair_rolling_pool
pair_rolling_pool__rolling_3y_cv_operating_margin__delta_accruals_ratio,"rolling 상위 단일 후보 2개 조합: rolling_3y_cv_operating_margin, delta_accruals_ratio","rolling_3y_cv_operating_margin, delta_accruals_ratio",4,0.7920459576367324,0.016177724705735568,0.7641061790180226,0.8024414361205252,0.914584662001131,0.004203501535293967,0.9075578620854211,0.9187129690585912,0.6014667215147613,0.038935429868819774,0.5560344827586207,0.6609195402298851,0.8487847968808234,0.05722939264254716,0.7615894039735099,0.9214285714285714,0.7011277226692634,0.009850027855314651,0.6896551724137931,0.7136150234741784,90.25,18.129740759315894,59.0,103.0,24.0,8.860022573334675,11.0,36.0,361,96,pair_rolling_pool
single__delta_accruals_ratio,단일 후보 변수: delta_accruals_ratio,delta_accruals_ratio,4,0.7999037326152565,0.01626079837868187,0.7733042426000315,0.8168541562120518,0.9160688417966958,0.00447086179316175,0.9090551181102362,0.9200536248022037,0.6019454590548341,0.03750583923302012,0.5584415584415584,0.6611111111111111,0.8461270104068117,0.05477497748435743,0.7880794701986755,0.9214285714285714,0.7010842655679628,0.01642513968878128,0.676923076923077,0.7190332326283988,89.5,16.859715300087366,61.0,102.0,24.5,8.902246907382429,11.0,33.0,358,98,single
pair_rolling_pool__rolling_3y_cv_operating_margin__ocf_deficit_flag,"rolling 상위 단일 후보 2개 조합: rolling_3y_cv_operating_margin, ocf_deficit_flag","rolling_3y_cv_operating_margin, ocf_deficit_flag",4,0.7890238058059931,0.01660687578855837,0.7611093102443288,0.8045782539383036,0.9141827894659473,0.004112059638071552,0.90798138869005,0.9195523370638577,0.6078155597596999,0.03400274258934535,0.5743801652892562,0.6606060606060606,0.836970610790975,0.07124867826945042,0.7218543046357616,0.9142857142857143,0.7010078029698283,0.015077771280779093,0.683046683046683,0.72,86.75,18.18481509391833,56.0,103.0,25.75,10.732543966832841,12.0,42.0,347,103,pair_rolling_pool
pair_rolling_pool__rolling_3y_cv_operating_margin__negative_equity_flag,"rolling 상위 단일 후보 2개 조합: rolling_3y_cv_operating_margin, negative_equity_flag","rolling_3y_cv_operating_margin, negative_equity_flag",4,0.7890238058059931,0.01660687578855837,0.7611093102443288,0.8045782539383036,0.9141827894659473,0.004112059638071552,0.90798138869005,0.9195523370638577,0.6078155597596999,0.03400274258934535,0.5743801652892562,0.6606060606060606,0.836970610790975,0.07124867826945042,0.7218543046357616,0.9142857142857143,0.7010078029698283,0.015077771280779093,0.683046683046683,0.72,86.75,18.18481509391833,56.0,103.0,25.75,10.732543966832841,12.0,42.0,347,103,pair_rolling_pool
pair_rolling_pool__rolling_3y_cv_operating_margin__is_negative_equity_entry,"rolling 상위 단일 후보 2개 조합: rolling_3y_cv_operating_margin, is_negative_equity_entry","rolling_3y_cv_operating_margin, is_negative_equity_entry",4,0.7890238058059931,0.01660687578855837,0.7611093102443288,0.8045782539383036,0.9141827894659473,0.004112059638071552,0.90798138869005,0.9195523370638577,0.6078155597596999,0.03400274258934535,0.5743801652892562,0.6606060606060606,0.836970610790975,0.07124867826945042,0.7218543046357616,0.9142857142857143,0.7010078029698283,0.015077771280779093,0.683046683046683,0.72,86.75,18.18481509391833,56.0,103.0,25.75,10.732543966832841,12.0,42.0,347,103,pair_rolling_pool
pair_rolling_pool__ar_days__is_3y_consecutive_operating_loss,"rolling 상위 단일 후보 2개 조합: ar_days, is_3y_consecutive_operating_loss","ar_days, is_3y_consecutive_operating_loss",4,0.798989194096836,0.01887689510416211,0.7674212362281219,0.8175362685537024,0.9173715551805404,0.004795026752302506,0.9092221426867096,0.9215920412588642,0.6031525603932981,0.03414626214339558,0.5657894736842105,0.6588235294117647,0.8461853337060291,0.07182081631004696,0.7417218543046358,0.9214285714285714,0.7009744993959454,0.009888037044464615,0.6887755102040817,0.7162162162162162,89.5,19.1637678967368,58.0,109.0,24.25,10.940178243520533,11.0,39.0,358,97,pair_rolling_pool
pair_rolling_pool__roe__ap_days_diff,"rolling 상위 단일 후보 2개 조합: roe, ap_days_diff","roe, ap_days_diff",4,0.7952626739755817,0.014654827842963104,0.7724708828382921,0.8132125597244894,0.9155965816957401,0.005487340482413446,0.9074087329992842,0.9228520775947957,0.6010005433787637,0.04291898201231026,0.5454545454545454,0.664804469273743,0.8499690017488031,0.06368749621940066,0.7880794701986755,0.9428571428571428,0.7009620998445292,0.01872604337438807,0.6752577319587629,0.7212121212121212,90.5,18.728320800328042,60.0,110.0,24.0,10.295630140987,8.0,34.0,362,96,pair_rolling_pool
pair_rolling_pool__capital_impairment_diff__is_3y_consecutive_ocf_deficit,"rolling 상위 단일 후보 2개 조합: capital_impairment_diff, is_3y_consecutive_ocf_deficit","capital_impairment_diff, is_3y_consecutive_ocf_deficit",4,0.7970706816896164,0.02030061214983289,0.7635194699092194,0.8179883487774159,0.9162936195310883,0.006442840781148995,0.90567287043665,0.9228227744241928,0.6002778559295431,0.03813483846618779,0.5565217391304348,0.6574585635359116,0.8485079627877641,0.05783291555376648,0.7880794701986755,0.9142857142857143,0.7008908725798453,0.022619717631743474,0.6683673469387755,0.7264367816091954,90.25,16.467771555374455,62.0,102.0,24.0,9.273618495495704,12.0,34.0,361,96,pair_rolling_pool
pair_rolling_pool__is_3y_consecutive_operating_loss__non_paid_in_equity_ratio,"rolling 상위 단일 후보 2개 조합: is_3y_consecutive_operating_loss, non_paid_in_equity_ratio","is_3y_consecutive_operating_loss, non_paid_in_equity_ratio",4,0.7955381650765039,0.020955225678906772,0.7623108766442952,0.820222781836139,0.9146440879531726,0.006422001005063167,0.9047959914101646,0.9226762585711774,0.6039270982186009,0.034585861127709484,0.5727272727272728,0.6573033707865169,0.8402995183624323,0.053841848319286414,0.7748344370860927,0.9,0.7008746357051491,0.020591074184048083,0.6683544303797468,0.7238979118329466,88.0,15.700318468107582,61.0,99.0,25.25,8.525696452489967,14.0,34.0,352,101,pair_rolling_pool
pair_rolling_pool__ebitda_margin__ocf_deficit_flag,"rolling 상위 단일 후보 2개 조합: ebitda_margin, ocf_deficit_flag","ebitda_margin, ocf_deficit_flag",4,0.7944992705581458,0.018697400610751168,0.7651200280905726,0.8163391132371298,0.9155658627169243,0.005605363611709186,0.9065736101169172,0.9217092539412765,0.608199333399295,0.056589294904518785,0.5521739130434783,0.7005988023952096,0.8373503841632981,0.06519506516060447,0.7696969696969697,0.9071428571428571,0.7008696898299036,0.030660660871150335,0.6580310880829016,0.7358490566037735,87.5,21.96019125599775,50.0,103.0,25.75,10.497023387608508,13.0,38.0,350,103,pair_rolling_pool
pair_rolling_pool__ebitda_margin__negative_equity_flag,"rolling 상위 단일 후보 2개 조합: ebitda_margin, negative_equity_flag","ebitda_margin, negative_equity_flag",4,0.7944992705581458,0.018697400610751168,0.7651200280905726,0.8163391132371298,0.9155658627169243,0.005605363611709186,0.9065736101169172,0.9217092539412765,0.608199333399295,0.056589294904518785,0.5521739130434783,0.7005988023952096,0.8373503841632981,0.06519506516060447,0.7696969696969697,0.9071428571428571,0.7008696898299036,0.030660660871150335,0.6580310880829016,0.7358490566037735,87.5,21.96019125599775,50.0,103.0,25.75,10.497023387608508,13.0,38.0,350,103,pair_rolling_pool
pair_rolling_pool__ebitda_margin__is_negative_equity_entry,"rolling 상위 단일 후보 2개 조합: ebitda_margin, is_negative_equity_entry","ebitda_margin, is_negative_equity_entry",4,0.7944992705581458,0.018697400610751168,0.7651200280905726,0.8163391132371298,0.9155658627169243,0.005605363611709186,0.9065736101169172,0.9217092539412765,0.608199333399295,0.056589294904518785,0.5521739130434783,0.7005988023952096,0.8373503841632981,0.06519506516060447,0.7696969696969697,0.9071428571428571,0.7008696898299036,0.030660660871150335,0.6580310880829016,0.7358490566037735,87.5,21.96019125599775,50.0,103.0,25.75,10.497023387608508,13.0,38.0,350,103,pair_rolling_pool
pair_rolling_pool__market_spread__capital_impairment_diff,"rolling 상위 단일 후보 2개 조합: market_spread, capital_impairment_diff","market_spread, capital_impairment_diff",4,0.7951343837950722,0.01815523481682592,0.7665091115623257,0.8165250369960938,0.9153618883386422,0.0062256670384718245,0.90523741350513,0.9220828693664656,0.60328092982278,0.03727664595199597,0.5594713656387665,0.6611111111111111,0.8422714909262923,0.05761319141878134,0.7818181818181819,0.9071428571428571,0.7007750689652726,0.021162887624019775,0.6701298701298701,0.7218390804597701,88.5,16.408839081421938,61.0,102.0,25.0,9.354143466934854,13.0,36.0,354,100,pair_rolling_pool
pair_rolling_pool__treasury_3y_diff__ocf_deficit_flag,"rolling 상위 단일 후보 2개 조합: treasury_3y_diff, ocf_deficit_flag","treasury_3y_diff, ocf_deficit_flag",4,0.7915092825395489,0.01829403738971153,0.7609694120924795,0.8095417827541874,0.9148378459519626,0.005522704930633255,0.9057026962538773,0.9205517787024555,0.6072837366137526,0.046234671266952757,0.5672268907563025,0.6807228915662651,0.8378977810269201,0.0633411399548819,0.7483443708609272,0.9214285714285714,0.7007218368318168,0.0184663867073951,0.6699751861042184,0.7169811320754716,87.5,20.081085628023203,53.0,103.0,25.75,9.858372076565177,11.0,38.0,350,103,pair_rolling_pool
pair_rolling_pool__treasury_3y_diff__negative_equity_flag,"rolling 상위 단일 후보 2개 조합: treasury_3y_diff, negative_equity_flag","treasury_3y_diff, negative_equity_flag",4,0.7915092825395489,0.01829403738971153,0.7609694120924795,0.8095417827541874,0.9148378459519626,0.005522704930633255,0.9057026962538773,0.9205517787024555,0.6072837366137526,0.046234671266952757,0.5672268907563025,0.6807228915662651,0.8378977810269201,0.0633411399548819,0.7483443708609272,0.9214285714285714,0.7007218368318168,0.0184663867073951,0.6699751861042184,0.7169811320754716,87.5,20.081085628023203,53.0,103.0,25.75,9.858372076565177,11.0,38.0,350,103,pair_rolling_pool
pair_rolling_pool__treasury_3y_diff__is_negative_equity_entry,"rolling 상위 단일 후보 2개 조합: treasury_3y_diff, is_negative_equity_entry","treasury_3y_diff, is_negative_equity_entry",4,0.7915092825395489,0.01829403738971153,0.7609694120924795,0.8095417827541874,0.9148378459519626,0.005522704930633255,0.9057026962538773,0.9205517787024555,0.6072837366137526,0.046234671266952757,0.5672268907563025,0.6807228915662651,0.8378977810269201,0.0633411399548819,0.7483443708609272,0.9214285714285714,0.7007218368318168,0.0184663867073951,0.6699751861042184,0.7169811320754716,87.5,20.081085628023203,53.0,103.0,25.75,9.858372076565177,11.0,38.0,350,103,pair_rolling_pool
single__inventory_days,단일 후보 변수: inventory_days,inventory_days,4,0.7952659523236139,0.015112789470757658,0.7703322970470322,0.8088758206618992,0.9147331579792121,0.004352987334306015,0.9073729420186113,0.9180681818181817,0.5973800996198819,0.028885001458462834,0.5695067264573991,0.6373626373626373,0.8523614216908919,0.05566896305723293,0.7682119205298014,0.9071428571428571,0.7006661229535129,0.017871754041874546,0.6781326781326781,0.728110599078341,91.5,14.99166435056495,66.0,104.0,23.25,8.437268515343103,13.0,35.0,366,93,single
pair_rolling_pool__roe__capital_impairment_diff,"rolling 상위 단일 후보 2개 조합: roe, capital_impairment_diff","roe, capital_impairment_diff",4,0.7948662448425726,0.01636553635938,0.7676424210102389,0.8096089099142374,0.9143825136324022,0.005977227714137121,0.9042829873538535,0.9190397727272728,0.6056720146623156,0.05029823240945439,0.5466101694915254,0.6848484848484848,0.8432955082996474,0.07177854468412266,0.7483443708609272,0.9214285714285714,0.7006641848541377,0.019664983499427677,0.676923076923077,0.724373576309795,89.0,21.988633427296023,52.0,107.0,24.75,11.098986440211556,11.0,38.0,356,99,pair_rolling_pool
pair_rolling_pool__treasury_3y_diff__capital_impairment_diff,"rolling 상위 단일 후보 2개 조합: treasury_3y_diff, capital_impairment_diff","treasury_3y_diff, capital_impairment_diff",4,0.793202243496123,0.017877707194483627,0.7626399594025385,0.8078109273282204,0.9144689210482742,0.006654524542981436,0.9031853972798856,0.9193920454545454,0.5984606974088402,0.0345440837790644,0.5614035087719298,0.6521739130434783,0.8502582888965339,0.05352120310071033,0.7947019867549668,0.9142857142857143,0.700576083005164,0.0199465153399127,0.6700507614213198,0.7201834862385321,91.0,15.732132722552274,64.0,103.0,23.75,8.642193008721803,12.0,33.0,364,95,pair_rolling_pool
single__non_paid_in_equity_ratio,단일 후보 변수: non_paid_in_equity_ratio,non_paid_in_equity_ratio,4,0.7978028794467866,0.020436562987701263,0.7637158853617233,0.8169238362275592,0.9153599712824656,0.006680408607472659,0.9044738725841088,0.9226616069858758,0.6042387888600206,0.03975158203273543,0.5675675675675675,0.6666666666666666,0.8422486453943409,0.06798520992418274,0.7417218543046358,0.9090909090909091,0.7005593173968041,0.020411317550290842,0.6733167082294265,0.730593607305936,88.75,19.044356119333624,56.0,102.0,24.75,10.280442597476044,14.0,39.0,355,99,single
pair_rolling_pool__ocf_to_total_borrowings_diff__is_3y_consecutive_ocf_deficit,"rolling 상위 단일 후보 2개 조합: ocf_to_total_borrowings_diff, is_3y_consecutive_ocf_deficit","ocf_to_total_borrowings_diff, is_3y_consecutive_ocf_deficit",4,0.7894301018406596,0.01536707683681812,0.7634718243710621,0.8026965471444012,0.9137866621581113,0.004640925956833018,0.9061321880219517,0.9179394338380513,0.6043062610616445,0.05212253600186284,0.5565217391304348,0.691358024691358,0.8459147709354663,0.06947308329679733,0.7417218543046358,0.9142857142857143,0.7004991791255161,0.017136257074312846,0.6766169154228856,0.7178329571106095,90.25,23.39203924415313,50.0,108.0,24.25,10.520812706250407,12.0,39.0,361,97,pair_rolling_pool
pair_rolling_pool__rolling_3y_cv_ocf_to_total_borrowings__ocf_to_total_borrowings_diff,"rolling 상위 단일 후보 2개 조합: rolling_3y_cv_ocf_to_total_borrowings, ocf_to_total_borrowings_diff","rolling_3y_cv_ocf_to_total_borrowings, ocf_to_total_borrowings_diff",4,0.7921572421621406,0.015471925287993892,0.7672890556528905,0.8078648937776616,0.9140481190317739,0.004289649959753535,0.9068122166547363,0.9177727272727273,0.6046481493913729,0.04729154996499087,0.5450643776824035,0.6571428571428571,0.8404785198245464,0.055579901869958453,0.7615894039735099,0.9071428571428571,0.7004930006934857,0.02684229524322013,0.6733167082294265,0.7421686746987952,88.0,17.930421077041107,60.0,106.0,25.25,8.642193008721803,13.0,36.0,352,101,pair_rolling_pool
pair_rolling_pool__roe__ocf_deficit_flag,"rolling 상위 단일 후보 2개 조합: roe, ocf_deficit_flag","roe, ocf_deficit_flag",4,0.7890522795286313,0.01588611967873547,0.767073986234709,0.8070881299656018,0.9139827186446556,0.003444671094225139,0.908303507516106,0.9171193181818182,0.6095802109931631,0.04475064928903156,0.5644444444444444,0.6829268292682927,0.8336176930133883,0.07080409696171061,0.7417218543046358,0.9071428571428571,0.7004870688848664,0.019149773927971965,0.6718346253229974,0.7231121281464531,86.25,20.154093876927337,52.0,103.0,26.25,10.985786271359915,13.0,39.0,345,105,pair_rolling_pool
pair_rolling_pool__roe__negative_equity_flag,"rolling 상위 단일 후보 2개 조합: roe, negative_equity_flag","roe, negative_equity_flag",4,0.7890522795286313,0.01588611967873547,0.767073986234709,0.8070881299656018,0.9139827186446556,0.003444671094225139,0.908303507516106,0.9171193181818182,0.6095802109931631,0.04475064928903156,0.5644444444444444,0.6829268292682927,0.8336176930133883,0.07080409696171061,0.7417218543046358,0.9071428571428571,0.7004870688848664,0.019149773927971965,0.6718346253229974,0.7231121281464531,86.25,20.154093876927337,52.0,103.0,26.25,10.985786271359915,13.0,39.0,345,105,pair_rolling_pool
pair_rolling_pool__roe__is_negative_equity_entry,"rolling 상위 단일 후보 2개 조합: roe, is_negative_equity_entry","roe, is_negative_equity_entry",4,0.7890522795286313,0.01588611967873547,0.767073986234709,0.8070881299656018,0.9139827186446556,0.003444671094225139,0.908303507516106,0.9171193181818182,0.6095802109931631,0.04475064928903156,0.5644444444444444,0.6829268292682927,0.8336176930133883,0.07080409696171061,0.7417218543046358,0.9071428571428571,0.7004870688848664,0.019149773927971965,0.6718346253229974,0.7231121281464531,86.25,20.154093876927337,52.0,103.0,26.25,10.985786271359915,13.0,39.0,345,105,pair_rolling_pool
pair_rolling_pool__market_spread__is_3y_consecutive_operating_loss,"rolling 상위 단일 후보 2개 조합: market_spread, is_3y_consecutive_operating_loss","market_spread, is_3y_consecutive_operating_loss",4,0.7947975434001215,0.0195114880081931,0.7623481873482314,0.8133518642764159,0.9148511951668304,0.005635598186614562,0.9052851348126938,0.9198704799859345,0.6095009025973386,0.05660996748923358,0.5517241379310345,0.7018633540372671,0.835827975832115,0.06539210366658743,0.7483443708609272,0.9142857142857143,0.7004698337882898,0.021445370111229642,0.6717557251908397,0.7243589743589743,87.25,22.84047941703501,48.0,104.0,26.0,10.173494974687902,12.0,38.0,349,104,pair_rolling_pool
single__ap_days,단일 후보 변수: ap_days,ap_days,4,0.7918002784020219,0.015494401551487952,0.7653552134541897,0.8047151006540112,0.9129810526247771,0.00276563958761047,0.9082319255547602,0.9150940631776358,0.6027398761575977,0.0468096255643057,0.5541125541125541,0.6787878787878788,0.8474299224506179,0.06904869714373786,0.7417218543046358,0.9142857142857143,0.7003920472116782,0.01549947582119741,0.681592039800995,0.7210884353741497,90.5,21.754309917807092,53.0,106.0,24.0,10.41633332799983,12.0,39.0,362,96,single
pair_rolling_pool__rolling_3y_cv_ocf_to_total_borrowings__ebitda_margin,"rolling 상위 단일 후보 2개 조합: rolling_3y_cv_ocf_to_total_borrowings, ebitda_margin","rolling_3y_cv_ocf_to_total_borrowings, ebitda_margin",4,0.7932143428786689,0.023219582727396635,0.7551231875717688,0.8176290169374061,0.9147372239249392,0.005948009184518533,0.9047363397757098,0.9203613080935358,0.6006656280387328,0.05234326063557111,0.5458333333333333,0.6842105263157895,0.8505538473667613,0.0678532566460852,0.7748344370860927,0.9357142857142857,0.7002335212999515,0.02565165421348319,0.6632911392405063,0.7267080745341615,91.5,21.937410968480304,54.0,109.0,23.75,10.732543966832841,9.0,34.0,366,95,pair_rolling_pool
single__ar_days_diff,단일 후보 변수: ar_days_diff,ar_days_diff,4,0.793649817768629,0.02299995289193534,0.757092379605336,0.8194754744295702,0.9153413265473203,0.006384819568398235,0.9055356716774039,0.9233722088730001,0.6050256666543269,0.04354440903043276,0.5682819383259912,0.6764705882352942,0.8395044938505203,0.06245568770886819,0.7615894039735099,0.9214285714285714,0.7001980036678419,0.020038771921051825,0.6666666666666666,0.7165109034267912,88.25,19.22725929507375,55.0,101.0,25.5,9.86154146165801,11.0,36.0,353,102,single
pair_rolling_pool__roe__market_spread,"rolling 상위 단일 후보 2개 조합: roe, market_spread","roe, market_spread",4,0.7927370290979014,0.021221829133948374,0.7658198314047614,0.8220655981559957,0.9155125202379111,0.006686464278166307,0.9055476020042948,0.9238337338099982,0.6036450489838879,0.0357402879100231,0.5644444444444444,0.659217877094972,0.8393848011811588,0.05310488935695943,0.7814569536423841,0.9071428571428571,0.7001963789635023,0.01846610819687257,0.6717948717948717,0.717948717948718,88.0,15.700318468107582,61.0,99.0,25.5,8.616843969807043,13.0,34.0,352,102,pair_rolling_pool
single__corp_aa_3y,단일 후보 변수: corp_aa_3y,corp_aa_3y,4,0.7938371520323984,0.018252464328407825,0.76327692524032,0.810396973405425,0.9153280326491401,0.004565252149096024,0.9075638272488666,0.9191159233429058,0.6102079882518736,0.048713704693010944,0.5545851528384279,0.6871165644171779,0.8321972384679338,0.06954957751192233,0.7417218543046358,0.9071428571428571,0.7001177548356301,0.020289257456184567,0.6735751295336787,0.7251732101616628,86.0,20.627651344736268,51.0,102.0,26.5,10.805091392487155,13.0,39.0,344,106,single
pair_rolling_pool__ocf_to_total_borrowings_diff__ocf_deficit_flag,"rolling 상위 단일 후보 2개 조합: ocf_to_total_borrowings_diff, ocf_deficit_flag","ocf_to_total_borrowings_diff, ocf_deficit_flag",4,0.789383903577271,0.015445125704461122,0.7632870313175074,0.8026965471444012,0.9138552615377343,0.0045279274516381455,0.9064065855404438,0.9179394338380513,0.6029625280224443,0.052953314957685245,0.5565217391304348,0.691358024691358,0.8474299224506179,0.06904869714373786,0.7417218543046358,0.9142857142857143,0.7000641620924547,0.017748166355190324,0.6748768472906403,0.7178329571106095,91.0,23.769728648009426,50.0,108.0,24.0,10.41633332799983,12.0,39.0,364,96,pair_rolling_pool
pair_rolling_pool__ocf_to_total_borrowings_diff__negative_equity_flag,"rolling 상위 단일 후보 2개 조합: ocf_to_total_borrowings_diff, negative_equity_flag","ocf_to_total_borrowings_diff, negative_equity_flag",4,0.789383903577271,0.015445125704461122,0.7632870313175074,0.8026965471444012,0.9138552615377343,0.0045279274516381455,0.9064065855404438,0.9179394338380513,0.6029625280224443,0.052953314957685245,0.5565217391304348,0.691358024691358,0.8474299224506179,0.06904869714373786,0.7417218543046358,0.9142857142857143,0.7000641620924547,0.017748166355190324,0.6748768472906403,0.7178329571106095,91.0,23.769728648009426,50.0,108.0,24.0,10.41633332799983,12.0,39.0,364,96,pair_rolling_pool
pair_rolling_pool__ocf_to_total_borrowings_diff__is_negative_equity_entry,"rolling 상위 단일 후보 2개 조합: ocf_to_total_borrowings_diff, is_negative_equity_entry","ocf_to_total_borrowings_diff, is_negative_equity_entry",4,0.789383903577271,0.015445125704461122,0.7632870313175074,0.8026965471444012,0.9138552615377343,0.0045279274516381455,0.9064065855404438,0.9179394338380513,0.6029625280224443,0.052953314957685245,0.5565217391304348,0.691358024691358,0.8474299224506179,0.06904869714373786,0.7417218543046358,0.9142857142857143,0.7000641620924547,0.017748166355190324,0.6748768472906403,0.7178329571106095,91.0,23.769728648009426,50.0,108.0,24.0,10.41633332799983,12.0,39.0,364,96,pair_rolling_pool
pair_rolling_pool__roe__is_3y_consecutive_operating_loss,"rolling 상위 단일 후보 2개 조합: roe, is_3y_consecutive_operating_loss","roe, is_3y_consecutive_operating_loss",4,0.7886288962033665,0.015585613164454936,0.767073986234709,0.8070881299656018,0.9140509004628374,0.003508193744234465,0.908303507516106,0.9173920454545454,0.6116256690078476,0.04469814402666231,0.5644444444444444,0.6829268292682927,0.8279358748315702,0.06619328794389123,0.7417218543046358,0.9071428571428571,0.7000369057007122,0.018626643410227985,0.6718346253229974,0.7213114754098361,84.75,19.044356119333624,52.0,98.0,27.25,10.353139620424328,13.0,39.0,339,109,pair_rolling_pool
single__usd_krw,단일 후보 변수: usd_krw,usd_krw,4,0.7968168738096961,0.018307714034121347,0.7658476299248131,0.8135231251154181,0.9153018145956394,0.005587012458381617,0.9059413027916964,0.9204492176053449,0.6118373943229128,0.041685774232997685,0.5545851528384279,0.6707317073170732,0.8286965862503942,0.07839374322868076,0.7284768211920529,0.9071428571428571,0.7000298425603303,0.0221356393713747,0.6772486772486772,0.7361111111111112,84.5,18.661457606521523,54.0,102.0,27.0,12.165525060596439,13.0,41.0,338,108,single
pair_rolling_pool__gross_margin__ebitda_margin,"rolling 상위 단일 후보 2개 조합: gross_margin, ebitda_margin","gross_margin, ebitda_margin",4,0.796549309008219,0.021884551437555452,0.7618455444337563,0.8210052335784513,0.9173962298594517,0.005951095256090358,0.9078919112383679,0.9236725663716814,0.6062729969972398,0.04312951749651858,0.5508474576271186,0.6686390532544378,0.838168343797483,0.06627242441963872,0.7483443708609272,0.9285714285714286,0.7000130877151862,0.014604695002690493,0.6819338422391857,0.7203791469194313,87.5,18.83480820183736,56.0,106.0,25.75,10.353139620424328,10.0,38.0,350,103,pair_rolling_pool
pair_rolling_pool__gross_margin__non_paid_in_equity_ratio,"rolling 상위 단일 후보 2개 조합: gross_margin, non_paid_in_equity_ratio","gross_margin, non_paid_in_equity_ratio",4,0.8006809746003144,0.018175352527001903,0.7733106266060551,0.8236983926012703,0.9169546420290393,0.004465749973426474,0.9105464089716058,0.9231597608861278,0.6000784929356359,0.046378259516457444,0.5387755102040817,0.6666666666666666,0.8518234318110146,0.0748726304866848,0.7549668874172185,0.9428571428571428,0.6999978504389817,0.020416439885574955,0.6768447837150128,0.7293577981651376,91.5,20.946360065653412,57.0,113.0,23.5,11.586630226256467,8.0,37.0,366,94,pair_rolling_pool
single__treasury_3y,단일 후보 변수: treasury_3y,treasury_3y,4,0.7957880140263933,0.016697280706969492,0.7676098119771164,0.8108145987228708,0.9157976994858119,0.004308583888188102,0.9085421140539249,0.919482212975444,0.6087741185024457,0.04927614637042002,0.5545851528384279,0.6848484848484848,0.8337581706373096,0.06976861376450852,0.7483443708609272,0.9071428571428571,0.6999916729940713,0.025427454073802102,0.6649484536082474,0.7314814814814815,86.5,20.11839953873071,52.0,102.0,26.25,10.917302780449024,13.0,38.0,346,105,single
pair_rolling_pool__rolling_3y_cv_operating_margin__is_3y_consecutive_operating_loss,"rolling 상위 단일 후보 2개 조합: rolling_3y_cv_operating_margin, is_3y_consecutive_operating_loss","rolling_3y_cv_operating_margin, is_3y_consecutive_operating_loss",4,0.787040477000571,0.016423071730062473,0.7611093102443288,0.8045782539383036,0.9135876190114018,0.004183233580950676,0.90798138869005,0.9195523370638577,0.6049793120451061,0.03380297548733839,0.5743801652892562,0.6606060606060606,0.8398115198818842,0.0726937374588219,0.7218543046357616,0.9142857142857143,0.6999916366880731,0.01385057789606601,0.683046683046683,0.7159353348729792,88.25,19.109879643786353,56.0,103.0,25.25,10.894379284750462,12.0,42.0,353,101,pair_rolling_pool
pair_rolling_pool__ebitda_margin__is_3y_consecutive_ocf_deficit,"rolling 상위 단일 후보 2개 조합: ebitda_margin, is_3y_consecutive_ocf_deficit","ebitda_margin, is_3y_consecutive_ocf_deficit",4,0.7938046739410509,0.01873949070117655,0.7651200280905726,0.8163391132371298,0.9153385899896516,0.00561125617334201,0.9065736101169172,0.9217092539412765,0.6080211279283871,0.05659906464482979,0.5521739130434783,0.7005988023952096,0.8345094750723889,0.06270213960846545,0.7696969696969697,0.9071428571428571,0.6998151600974378,0.029941636542964317,0.6580310880829016,0.7358490566037735,87.25,21.787324296480282,50.0,103.0,26.25,10.158124826955023,13.0,38.0,349,105,pair_rolling_pool
pair_rolling_pool__ap_days_diff__ar_days,"rolling 상위 단일 후보 2개 조합: ap_days_diff, ar_days","ap_days_diff, ar_days",4,0.7936037141764131,0.018926291464942274,0.7641691564186595,0.8162825066739795,0.9146503880036992,0.005744957781188316,0.9055297065139585,0.9213576158940397,0.6019802566997353,0.043966109164669955,0.5517241379310345,0.6685393258426966,0.842636750666552,0.05856835683472858,0.7818181818181819,0.9142857142857143,0.6996783211782442,0.02554271742802745,0.6632390745501285,0.7238979118329466,89.25,17.75352077758099,59.0,104.0,25.0,9.539392014169456,12.0,36.0,357,100,pair_rolling_pool
pair_rolling_pool__equity_growth__non_paid_in_equity_ratio,"rolling 상위 단일 후보 2개 조합: equity_growth, non_paid_in_equity_ratio","equity_growth, non_paid_in_equity_ratio",4,0.800592708739366,0.01808956120089635,0.7699711017913282,0.8157326958094439,0.9164707296134723,0.005071836483346998,0.9083989501312336,0.921972982476704,0.5977000183998528,0.05005868694831173,0.5428571428571428,0.672514619883041,0.8553594722054987,0.07316801359477862,0.7615894039735099,0.95,0.6995794528052592,0.023981014725733794,0.6650124069478908,0.728110599078341,93.0,21.79449471770337,56.0,112.0,23.0,11.335784048754634,7.0,36.0,372,92,pair_rolling_pool
pair_rolling_pool__treasury_3y_diff__is_3y_consecutive_operating_loss,"rolling 상위 단일 후보 2개 조합: treasury_3y_diff, is_3y_consecutive_operating_loss","treasury_3y_diff, is_3y_consecutive_operating_loss",4,0.791423172842972,0.018259794774189396,0.7609694120924795,0.8095417827541874,0.9148250618610534,0.0055184265816897475,0.9057026962538773,0.9205517787024555,0.6029128919942007,0.04632314591025642,0.5672268907563025,0.6807228915662651,0.8435795992087383,0.06634329715673458,0.7483443708609272,0.9214285714285714,0.6995587455937708,0.01752836826523566,0.6699751861042184,0.7129337539432177,90.0,21.552262062252307,53.0,106.0,24.75,10.18270592720815,11.0,38.0,360,99,pair_rolling_pool
pair_rolling_pool__market_spread__ocf_deficit_flag,"rolling 상위 단일 후보 2개 조합: market_spread, ocf_deficit_flag","market_spread, ocf_deficit_flag",4,0.7945001693422348,0.01947042530844721,0.7623481873482314,0.8133518642764159,0.9144477860759214,0.005516102709902627,0.9052851348126938,0.9198704799859345,0.606807957521581,0.056992639960249565,0.5517241379310345,0.7018633540372671,0.838668884923024,0.06749215430194162,0.7483443708609272,0.9142857142857143,0.6994807765492326,0.02071153844546472,0.6717557251908397,0.7243589743589743,88.75,23.8681272830526,48.0,107.0,25.5,10.452272480183437,12.0,38.0,355,102,pair_rolling_pool
pair_rolling_pool__market_spread__negative_equity_flag,"rolling 상위 단일 후보 2개 조합: market_spread, negative_equity_flag","market_spread, negative_equity_flag",4,0.7945001693422348,0.01947042530844721,0.7623481873482314,0.8133518642764159,0.9144477860759214,0.005516102709902627,0.9052851348126938,0.9198704799859345,0.606807957521581,0.056992639960249565,0.5517241379310345,0.7018633540372671,0.838668884923024,0.06749215430194162,0.7483443708609272,0.9142857142857143,0.6994807765492326,0.02071153844546472,0.6717557251908397,0.7243589743589743,88.75,23.8681272830526,48.0,107.0,25.5,10.452272480183437,12.0,38.0,355,102,pair_rolling_pool
pair_rolling_pool__market_spread__is_negative_equity_entry,"rolling 상위 단일 후보 2개 조합: market_spread, is_negative_equity_entry","market_spread, is_negative_equity_entry",4,0.7945001693422348,0.01947042530844721,0.7623481873482314,0.8133518642764159,0.9144477860759214,0.005516102709902627,0.9052851348126938,0.9198704799859345,0.606807957521581,0.056992639960249565,0.5517241379310345,0.7018633540372671,0.838668884923024,0.06749215430194162,0.7483443708609272,0.9142857142857143,0.6994807765492326,0.02071153844546472,0.6717557251908397,0.7243589743589743,88.75,23.8681272830526,48.0,107.0,25.5,10.452272480183437,12.0,38.0,355,102,pair_rolling_pool
single__base_rate,단일 후보 변수: base_rate,base_rate,4,0.7969065396579922,0.01595107418196842,0.7696458499112153,0.8097729547977759,0.915996607327252,0.004512011836456713,0.9084824624194704,0.9203320049229327,0.6020427990675614,0.046270696384727715,0.5423728813559322,0.6705202312138728,0.8437304693099394,0.05898664962027764,0.7682119205298014,0.9142857142857143,0.6994235243348719,0.019849093047355968,0.6785714285714286,0.7222222222222222,89.75,19.549616364522347,57.0,108.0,24.75,9.256754290786809,12.0,35.0,359,99,single
pair_rolling_pool__is_operating_income_turn_negative__roe,"rolling 상위 단일 후보 2개 조합: is_operating_income_turn_negative, roe","is_operating_income_turn_negative, roe",4,0.7907322527839078,0.016897471474725867,0.7649235658497207,0.8122924563987499,0.913840661922167,0.005517780850835698,0.9051419708900024,0.9204345660200434,0.5999436090225565,0.04285042411207451,0.5526315789473685,0.6685714285714286,0.8461707304836443,0.05432288597174923,0.7748344370860927,0.9,0.699380878672023,0.01882079578087407,0.6767676767676768,0.7181818181818181,90.75,19.17517926904466,58.0,106.0,24.25,8.437268515343103,14.0,34.0,363,97,pair_rolling_pool
pair_rolling_pool__ocf_to_total_borrowings_diff__is_3y_consecutive_operating_loss,"rolling 상위 단일 후보 2개 조합: ocf_to_total_borrowings_diff, is_3y_consecutive_operating_loss","ocf_to_total_borrowings_diff, is_3y_consecutive_operating_loss",4,0.789697961824624,0.01553023431667978,0.7632870313175074,0.8026965471444012,0.9139262842650071,0.0045332915585112425,0.9064065855404438,0.9179394338380513,0.6058718378137765,0.05278311181220864,0.5565217391304348,0.691358024691358,0.8389071951778906,0.06349364414090794,0.7417218543046358,0.9142857142857143,0.6993442405718117,0.01705778397389992,0.6748768472906403,0.7156549520766773,88.75,22.442983313276336,50.0,104.0,25.5,9.7082439194738,12.0,39.0,355,102,pair_rolling_pool
single__capital_impairment_diff,단일 후보 변수: capital_impairment_diff,capital_impairment_diff,4,0.7979055169501883,0.01777118251395617,0.7680286231692466,0.8148332133277465,0.9162081463371002,0.0057313675382537396,0.9068241469816273,0.9218850729648947,0.6042144450984006,0.04380108821651697,0.5594713656387665,0.672514619883041,0.8384898834609099,0.06718091210222683,0.7615894039735099,0.9071428571428571,0.6993200166580913,0.025523726790396026,0.6615384615384615,0.7293577981651376,88.25,18.713297411199342,56.0,101.0,25.5,10.594810050208546,13.0,36.0,353,102,single
pair_rolling_pool__ocf_to_total_borrowings_diff__non_paid_in_equity_ratio,"rolling 상위 단일 후보 2개 조합: ocf_to_total_borrowings_diff, non_paid_in_equity_ratio","ocf_to_total_borrowings_diff, non_paid_in_equity_ratio",4,0.7955762127811981,0.021819519904529586,0.7614657148364832,0.816426137164032,0.9155623148752594,0.0055289376526691265,0.908005249343832,0.9215627380882611,0.6098496645034825,0.05964981773246621,0.5387755102040817,0.6993464052287581,0.8373931187465956,0.08898952725846929,0.7086092715231788,0.9428571428571428,0.6991810588668524,0.022669223701257016,0.6734177215189874,0.7336448598130841,87.75,25.093574874855914,46.0,113.0,25.75,13.534677683639163,8.0,44.0,351,103,pair_rolling_pool
pair_rolling_pool__ocf_to_total_borrowings_diff__ar_days,"rolling 상위 단일 후보 2개 조합: ocf_to_total_borrowings_diff, ar_days","ocf_to_total_borrowings_diff, ar_days",4,0.7979101278999569,0.020401292360457776,0.7656705743194573,0.8209321628801716,0.9164201906136691,0.00559255155108955,0.9079992841803866,0.9231744124714294,0.605487178204772,0.04204616122858382,0.5579399141630901,0.6589595375722543,0.835752003239586,0.06179487520856664,0.7549668874172185,0.9285714285714286,0.6990702106490423,0.01636258972986254,0.674937965260546,0.7205882352941176,87.25,17.80975856096876,59.0,103.0,26.25,9.934158243152764,10.0,37.0,349,105,pair_rolling_pool
pair_rolling_pool__treasury_3y_diff__is_3y_consecutive_ocf_deficit,"rolling 상위 단일 후보 2개 조합: treasury_3y_diff, is_3y_consecutive_ocf_deficit","treasury_3y_diff, is_3y_consecutive_ocf_deficit",4,0.7918924297554814,0.017655301660122653,0.7625020009562092,0.8095417827541874,0.9148169678799034,0.005557249864803217,0.9056191839656407,0.9205517787024555,0.6056443779414133,0.047718365364069634,0.5606694560669456,0.6807228915662651,0.8363826295117686,0.06386495443574973,0.7483443708609272,0.9214285714285714,0.6990696244641781,0.02123197702385737,0.6633663366336634,0.7169811320754716,88.0,20.481699148264042,53.0,105.0,26.0,9.974968671630002,11.0,38.0,352,104,pair_rolling_pool
pair_rolling_pool__capital_impairment_diff__non_paid_in_equity_ratio,"rolling 상위 단일 후보 2개 조합: capital_impairment_diff, non_paid_in_equity_ratio","capital_impairment_diff, non_paid_in_equity_ratio",4,0.7975894276523168,0.022501995783311555,0.7613660077747609,0.8230647067163629,0.9151107113396182,0.0077470552775414665,0.9033941780004773,0.9251377249018342,0.5979939145934503,0.037966866939877296,0.5619469026548672,0.6610169491525424,0.8477670508299648,0.0610060637556214,0.7748344370860927,0.9090909090909091,0.6987358139608951,0.018791658065081634,0.6700507614213198,0.7174887892376681,91.5,18.848076824970764,60.0,110.0,24.0,9.565563234854496,13.0,34.0,366,96,pair_rolling_pool
single__base_rate_diff,단일 후보 변수: base_rate_diff,base_rate_diff,4,0.7943794043325296,0.015230271656629133,0.7706404240449235,0.8127380984849828,0.9149689290052052,0.004237973115487291,0.9081484132665235,0.9197898962667761,0.5996981089086352,0.03935442293615415,0.5570175438596491,0.6607142857142857,0.8469241850864367,0.07090012642654675,0.7350993377483444,0.9090909090909091,0.6987240912372097,0.01726653108198882,0.6814814814814815,0.7272727272727273,91.0,19.6596032513375,57.0,104.0,24.0,10.606601717798213,13.0,40.0,364,96,single
pair_rolling_pool__ebitda_margin__is_3y_consecutive_operating_loss,"rolling 상위 단일 후보 2개 조합: ebitda_margin, is_3y_consecutive_operating_loss","ebitda_margin, is_3y_consecutive_operating_loss",4,0.7956334517610343,0.018794742544211863,0.7651200280905726,0.8163391132371298,0.9161894422623789,0.005729788505430297,0.9065736101169172,0.9217092539412765,0.6105468618208766,0.05661774318556942,0.5521739130434783,0.7005988023952096,0.8259867477996616,0.05714535154054732,0.7696969696969697,0.9071428571428571,0.698663086364719,0.02926641315034138,0.6580310880829016,0.7358490566037735,85.25,20.680606857633556,50.0,103.0,27.75,9.54921462739214,13.0,38.0,341,111,pair_rolling_pool
single__ocf_to_total_assets,단일 후보 변수: ocf_to_total_assets,ocf_to_total_assets,4,0.7916191607341634,0.017464623569693763,0.7616158324657659,0.8049663656957261,0.9143875045077297,0.005001498607892821,0.9063111429253161,0.9195701224872531,0.6091680356496093,0.04279872523866534,0.5681818181818182,0.6785714285714286,0.8262552499928327,0.05666791798188519,0.7549668874172185,0.8928571428571429,0.6985465210373877,0.019466409750704586,0.6683804627249358,0.7166276346604216,85.25,18.102140757380052,54.0,98.0,27.5,8.986100377805714,15.0,37.0,341,110,single
pair_rolling_pool__ar_days__market_spread,"rolling 상위 단일 후보 2개 조합: ar_days, market_spread","ar_days, market_spread",4,0.7963328907943336,0.021034575369748478,0.7627834998711785,0.8200464799892799,0.9168267224810007,0.006366334468031818,0.906024815079933,0.9225077653402098,0.592286178521364,0.029058190625488582,0.5635593220338984,0.6326530612244898,0.8544998530718729,0.04515198336084979,0.806060606060606,0.9214285714285714,0.6985198199437802,0.021070516939833545,0.6633416458852868,0.7149532710280374,93.25,12.376893794486563,72.0,103.0,23.25,7.75806032459145,11.0,32.0,373,93,pair_rolling_pool
pair_rolling_pool__ebitda_margin__capital_impairment_diff,"rolling 상위 단일 후보 2개 조합: ebitda_margin, capital_impairment_diff","ebitda_margin, capital_impairment_diff",4,0.7988144355638921,0.0187843818544633,0.76731939829249,0.8169739996856722,0.9168360051280526,0.0056364740664771994,0.9074803149606299,0.9224857879622574,0.5941569036023939,0.04075349801812378,0.5521739130434783,0.6611111111111111,0.8541086121384135,0.054677402706388455,0.7880794701986755,0.9090909090909091,0.6982930668928635,0.019017305697532037,0.6733668341708543,0.7190332326283988,93.75,19.48557158514987,61.0,112.0,23.0,8.573214099741124,13.0,32.0,375,92,pair_rolling_pool
pair_rolling_pool__ocf_to_total_borrowings_diff__market_spread,"rolling 상위 단일 후보 2개 조합: ocf_to_total_borrowings_diff, market_spread","ocf_to_total_borrowings_diff, market_spread",4,0.7928626011371067,0.016959326428398633,0.7650587629504065,0.8100128791721563,0.9147699459134633,0.0042974008116073706,0.9075876879026485,0.9185005567602416,0.6027821876138933,0.051155287102257425,0.5565217391304348,0.6867469879518072,0.8402298170923999,0.0674588833402803,0.7549668874172185,0.9142857142857143,0.6981421808425035,0.02391802509747785,0.6616161616161617,0.7198177676537585,89.75,21.867498713844707,52.0,105.0,25.25,10.520812706250407,12.0,37.0,359,101,pair_rolling_pool
pair_rolling_pool__is_3y_consecutive_operating_loss__ocf_deficit_flag,"rolling 상위 단일 후보 2개 조합: is_3y_consecutive_operating_loss, ocf_deficit_flag","is_3y_consecutive_operating_loss, ocf_deficit_flag",4,0.7934193239396119,0.01811234697544726,0.7621685200792093,0.8055551216532566,0.9147853174059208,0.005209237414250215,0.905810069195896,0.918610443650003,0.6012804191804579,0.04319211548742019,0.5517241379310345,0.6629213483146067,0.8394659700123276,0.06168709492483197,0.7757575757575758,0.9142857142857143,0.6981417299916055,0.02748376759926992,0.6580976863753213,0.7289719626168224,89.0,17.05872210923198,60.0,104.0,25.5,10.012492197250394,12.0,37.0,356,102,pair_rolling_pool
pair_rolling_pool__is_3y_consecutive_operating_loss__is_3y_consecutive_ocf_deficit,"rolling 상위 단일 후보 2개 조합: is_3y_consecutive_operating_loss, is_3y_consecutive_ocf_deficit","is_3y_consecutive_operating_loss, is_3y_consecutive_ocf_deficit",4,0.7934193239396119,0.01811234697544726,0.7621685200792093,0.8055551216532566,0.9147853174059208,0.005209237414250215,0.905810069195896,0.918610443650003,0.6012804191804579,0.04319211548742019,0.5517241379310345,0.6629213483146067,0.8394659700123276,0.06168709492483197,0.7757575757575758,0.9142857142857143,0.6981417299916055,0.02748376759926992,0.6580976863753213,0.7289719626168224,89.0,17.05872210923198,60.0,104.0,25.5,10.012492197250394,12.0,37.0,356,102,pair_rolling_pool
pair_rolling_pool__is_3y_consecutive_operating_loss__negative_equity_flag,"rolling 상위 단일 후보 2개 조합: is_3y_consecutive_operating_loss, negative_equity_flag","is_3y_consecutive_operating_loss, negative_equity_flag",4,0.7934193239396119,0.01811234697544726,0.7621685200792093,0.8055551216532566,0.9147853174059208,0.005209237414250215,0.905810069195896,0.918610443650003,0.6012804191804579,0.04319211548742019,0.5517241379310345,0.6629213483146067,0.8394659700123276,0.06168709492483197,0.7757575757575758,0.9142857142857143,0.6981417299916055,0.02748376759926992,0.6580976863753213,0.7289719626168224,89.0,17.05872210923198,60.0,104.0,25.5,10.012492197250394,12.0,37.0,356,102,pair_rolling_pool
pair_rolling_pool__is_3y_consecutive_operating_loss__is_negative_equity_entry,"rolling 상위 단일 후보 2개 조합: is_3y_consecutive_operating_loss, is_negative_equity_entry","is_3y_consecutive_operating_loss, is_negative_equity_entry",4,0.7934193239396119,0.01811234697544726,0.7621685200792093,0.8055551216532566,0.9147853174059208,0.005209237414250215,0.905810069195896,0.918610443650003,0.6012804191804579,0.04319211548742019,0.5517241379310345,0.6629213483146067,0.8394659700123276,0.06168709492483197,0.7757575757575758,0.9142857142857143,0.6981417299916055,0.02748376759926992,0.6580976863753213,0.7289719626168224,89.0,17.05872210923198,60.0,104.0,25.5,10.012492197250394,12.0,37.0,356,102,pair_rolling_pool
single__accounts_receivable_ratio,단일 후보 변수: accounts_receivable_ratio,accounts_receivable_ratio,4,0.797125310001711,0.014553425665826257,0.7747920123380384,0.8148605200845936,0.915501917428484,0.004795377954418598,0.908589835361489,0.9219510050987517,0.6091514698283673,0.046819785660015704,0.5625,0.6871165644171779,0.8276653120610075,0.06323882360895929,0.7417218543046358,0.9,0.6980908729550508,0.014543366578443661,0.6770025839793282,0.7133757961783439,86.0,20.724381776062707,51.0,104.0,27.25,9.832980219648569,14.0,39.0,344,109,single
single__is_ocf_turn_negative,단일 후보 변수: is_ocf_turn_negative,is_ocf_turn_negative,4,0.7965894810529177,0.020286469697224974,0.7637298706940023,0.8191458438523732,0.9161304127798624,0.005992258148255662,0.9066929133858268,0.9231011545449218,0.6071242431659017,0.04535193777215545,0.5589519650655022,0.6787878787878788,0.831236740632436,0.06748400151138705,0.7417218543046358,0.9142857142857143,0.6980826479325144,0.018596020774327236,0.670076726342711,0.719626168224299,86.75,19.60070151805797,53.0,101.0,26.75,10.520812706250407,12.0,39.0,347,107,single
pair_rolling_pool__rolling_3y_cv_operating_margin__gross_margin,"rolling 상위 단일 후보 2개 조합: rolling_3y_cv_operating_margin, gross_margin","rolling_3y_cv_operating_margin, gross_margin",4,0.7935415541338223,0.016910070121505503,0.7646053553048947,0.8064910890743391,0.9155735451660927,0.0033541036792943536,0.9098067287043665,0.9180052666227781,0.6037490196347701,0.0613118734684067,0.5238095238095238,0.69375,0.8443944231816748,0.07493344374109595,0.7350993377483444,0.9428571428571428,0.698073938578647,0.019398472542516643,0.673469387755102,0.72,90.75,25.878321042911576,49.0,120.0,24.75,11.4755174175285,8.0,40.0,363,99,pair_rolling_pool
single__operating_margin_diff,단일 후보 변수: operating_margin_diff,operating_margin_diff,4,0.7951336573219265,0.01587528016362881,0.7683439258446316,0.8098188041271616,0.9156200718110329,0.0047879145184704834,0.9075459317585302,0.919577448279904,0.6034875361490127,0.039740447645141716,0.5575221238938053,0.6647727272727273,0.8344283062412201,0.05399999133681482,0.7748344370860927,0.9,0.6980431827928467,0.019846886101761642,0.6701030927835051,0.717948717948718,87.75,16.813313177360374,59.0,100.0,26.25,8.728545125048045,14.0,35.0,351,105,single
single__contract_assets_ratio,단일 후보 변수: contract_assets_ratio,contract_assets_ratio,4,0.7938936882192184,0.023025584609084555,0.755969715789433,0.8181566327249857,0.9158140178778162,0.006053659202056127,0.9059532331185876,0.921972982476704,0.6036574781191214,0.03777894512935755,0.5589519650655022,0.6627906976744186,0.8357790595166423,0.0685047179652316,0.7549668874172185,0.9142857142857143,0.6979269442122713,0.017710531066902523,0.671875,0.7201834862385321,88.0,18.01388353465182,58.0,103.0,26.0,10.793516572461451,12.0,37.0,352,104,single
pair_rolling_pool__ap_days_diff__capital_impairment_diff,"rolling 상위 단일 후보 2개 조합: ap_days_diff, capital_impairment_diff","ap_days_diff, capital_impairment_diff",4,0.7929073754083518,0.012924060433298797,0.7707019260134826,0.8029593245765777,0.9143191683685986,0.004859301066149169,0.9060606060606061,0.9186022727272727,0.5909549361662702,0.029377861606078477,0.5546218487394958,0.6363636363636364,0.8587758199306212,0.061949906674162725,0.7880794701986755,0.9428571428571428,0.6978607406810626,0.011966072073739124,0.6784810126582278,0.7104072398190046,94.75,16.17675801883678,68.0,109.0,22.5,9.810708435174291,8.0,32.0,379,90,pair_rolling_pool
pair_rolling_pool__is_operating_income_turn_negative__market_spread,"rolling 상위 단일 후보 2개 조합: is_operating_income_turn_negative, market_spread","is_operating_income_turn_negative, market_spread",4,0.7939794345426561,0.01822436052410882,0.7635052182780637,0.809871837012998,0.9148608557953113,0.004493381902674816,0.9074683846337389,0.9194382582195394,0.5972240050452341,0.03661231591232001,0.5512820512820513,0.6536312849162011,0.8470771157650298,0.06120774032632804,0.7748344370860927,0.9214285714285714,0.6978075209985841,0.014211428892414947,0.6786632390745502,0.7136363636363636,91.5,17.979154596365202,62.0,107.0,24.25,9.67923034130297,11.0,34.0,366,97,pair_rolling_pool
pair_rolling_pool__market_spread__is_3y_consecutive_ocf_deficit,"rolling 상위 단일 후보 2개 조합: market_spread, is_3y_consecutive_ocf_deficit","market_spread, is_3y_consecutive_ocf_deficit",4,0.7946718575156966,0.019187122297392206,0.7630349400420787,0.8133518642764159,0.9147758700654226,0.004973737835571791,0.9065974707706991,0.9198704799859345,0.6043124947266627,0.05836003033250455,0.5517241379310345,0.7018633540372671,0.838668884923024,0.06749215430194162,0.7483443708609272,0.9142857142857143,0.6977886966369131,0.023051751191831726,0.6649874055415617,0.7243589743589743,89.75,24.23195204683271,48.0,107.0,25.5,10.452272480183437,12.0,38.0,359,102,pair_rolling_pool
pair_rolling_pool__non_paid_in_equity_ratio__is_3y_consecutive_ocf_deficit,"rolling 상위 단일 후보 2개 조합: non_paid_in_equity_ratio, is_3y_consecutive_ocf_deficit","non_paid_in_equity_ratio, is_3y_consecutive_ocf_deficit",4,0.7946135482363388,0.02329987925588778,0.7565935089794583,0.8200354094250256,0.9140703725407973,0.00741469807162215,0.9026962538773563,0.9234820957627615,0.6073950000420588,0.06272480503518323,0.5336134453781513,0.7037037037037037,0.8324781937157765,0.06772795145488156,0.7549668874172185,0.9071428571428571,0.6976072919557463,0.031099743177056865,0.661498708010336,0.728538283062645,87.75,23.79469478686373,48.0,111.0,26.5,10.712142642814275,13.0,37.0,351,106,pair_rolling_pool
single__ppi,단일 후보 변수: ppi,ppi,4,0.7960728515243384,0.01583239902072595,0.7694367997914231,0.8104545900084845,0.9152324113214884,0.004544608788194427,0.9075161059413027,0.9189547559045889,0.6084647796307917,0.041475638454911416,0.5545851528384279,0.6706586826347305,0.8266101172558127,0.06350168986655742,0.7417218543046358,0.9071428571428571,0.6975837958764576,0.013031885935682835,0.6822916666666666,0.7152941176470589,85.5,18.309833423600555,55.0,102.0,27.5,9.962429422585638,13.0,39.0,342,110,single
pair_rolling_pool__rolling_3y_cv_ocf_to_total_borrowings__is_operating_income_turn_negative,"rolling 상위 단일 후보 2개 조합: rolling_3y_cv_ocf_to_total_borrowings, is_operating_income_turn_negative","rolling_3y_cv_ocf_to_total_borrowings, is_operating_income_turn_negative",4,0.7921848675527867,0.019889971143368768,0.7621380784130738,0.8160631398669819,0.9136462046510312,0.005578023831968777,0.9046289668336913,0.9189254527339858,0.6000899649175511,0.04262917078397571,0.5427350427350427,0.6609195402298851,0.8416148834609098,0.0624067132941144,0.7615894039735099,0.9071428571428571,0.6975491378128296,0.020624919225627262,0.676923076923077,0.7264367816091954,90.0,18.57417562100671,59.0,107.0,25.0,9.72111104761179,13.0,36.0,360,100,pair_rolling_pool
pair_rolling_pool__rolling_3y_cv_operating_margin__roe,"rolling 상위 단일 후보 2개 조합: rolling_3y_cv_operating_margin, roe","rolling_3y_cv_operating_margin, roe",4,0.7890240436813398,0.015521037754671901,0.7633144034892076,0.8016941065689908,0.9134256111404334,0.004478511813438254,0.906335003579098,0.9178242264647795,0.5967250919531588,0.04993338949579768,0.5416666666666666,0.6763005780346821,0.8491469209598349,0.05800391571855184,0.7748344370860927,0.9285714285714286,0.6973567190305692,0.019498957713604513,0.6733167082294265,0.7222222222222222,92.75,21.46363203188128,56.0,110.0,24.0,9.16515138991168,10.0,34.0,371,96,pair_rolling_pool
pair_rolling_pool__roe__delta_accruals_ratio,"rolling 상위 단일 후보 2개 조합: roe, delta_accruals_ratio","roe, delta_accruals_ratio",4,0.792988482233175,0.014156218647424414,0.7690668132508823,0.8059161111427611,0.9136664104194696,0.004545456581118964,0.9060009544261513,0.9177386743245619,0.603418759116789,0.05742416530056236,0.5454545454545454,0.6956521739130435,0.8398000523207477,0.07748324916232706,0.7417218543046358,0.9428571428571428,0.6970642371493156,0.02318253299788553,0.6616161616161617,0.717948717948718,90.0,23.98958107179031,49.0,110.0,25.5,12.05197079319395,8.0,39.0,360,102,pair_rolling_pool
pair_rolling_pool__equity_growth__roe,"rolling 상위 단일 후보 2개 조합: equity_growth, roe","equity_growth, roe",4,0.7931785367397342,0.017605174556907285,0.7642396162476474,0.8101963027098901,0.91472858416116,0.00480234034864225,0.9065497494631353,0.9188814979780813,0.5928310696431149,0.045697904164208755,0.542016806722689,0.6629213483146067,0.8532781994495571,0.05598531190395669,0.7814569536423841,0.9214285714285714,0.6966793028234821,0.021842074423462778,0.6683168316831684,0.7185354691075515,94.25,19.879323429131084,60.0,109.0,23.25,8.78564169540279,11.0,33.0,377,93,pair_rolling_pool
single__inventory_ratio,단일 후보 변수: inventory_ratio,inventory_ratio,4,0.7930220024242096,0.01725286086986684,0.7652463297479162,0.8089834914753699,0.9137471892231831,0.005455523383689053,0.9053268909568122,0.9186059907834102,0.5985394916745775,0.03520920487635942,0.5746606334841629,0.6590909090909091,0.8402402095696797,0.06267080577567503,0.7682119205298014,0.9071428571428571,0.6966407616395605,0.01842541125159298,0.6649616368286445,0.709480122324159,90.5,18.940696924875812,60.0,112.0,25.25,9.908960591303208,13.0,35.0,362,101,single
pair_rolling_pool__gross_margin__delta_accruals_ratio,"rolling 상위 단일 후보 2개 조합: gross_margin, delta_accruals_ratio","gross_margin, delta_accruals_ratio",4,0.7947444769900073,0.015174504987146462,0.7690429589857489,0.8083014314395877,0.9154822828620941,0.003919430701766391,0.9087449296110713,0.9183352272727273,0.6019571215634885,0.037408624558995615,0.5502183406113537,0.6551724137931034,0.8339121763997592,0.05902837068169829,0.7549668874172185,0.9,0.6964733435114153,0.015271322951680228,0.6821705426356589,0.7192575406032483,88.25,17.005513811702368,60.0,103.0,26.25,9.202581159652981,14.0,37.0,353,105,pair_rolling_pool
pair_rolling_pool__treasury_3y_diff__ap_days_diff,"rolling 상위 단일 후보 2개 조합: treasury_3y_diff, ap_days_diff","treasury_3y_diff, ap_days_diff",4,0.7953315037316597,0.01986146044772857,0.7614730326738958,0.8110126488172397,0.9157297338961358,0.005612882274506326,0.9062992125984252,0.9210938873586122,0.5975673559256693,0.0427528884097865,0.5378151260504201,0.6536312849162011,0.8423557954187093,0.059190128096110295,0.7748344370860927,0.9142857142857143,0.6963517963517962,0.02283834859156442,0.6717948717948717,0.7272727272727273,90.75,17.65467360219384,62.0,110.0,25.0,9.433981132056603,12.0,34.0,363,100,pair_rolling_pool
pair_rolling_pool__non_paid_in_equity_ratio__ocf_deficit_flag,"rolling 상위 단일 후보 2개 조합: non_paid_in_equity_ratio, ocf_deficit_flag","non_paid_in_equity_ratio, ocf_deficit_flag",4,0.7946232341194346,0.023284074803970132,0.7566322525118409,0.8200354094250256,0.9138735221470965,0.00771828978463581,0.9019088523025531,0.9234820957627615,0.6062688739159328,0.06330573836958679,0.5336134453781513,0.7037037037037037,0.830963042200625,0.06903508615983461,0.7549668874172185,0.9071428571428571,0.6963153022916635,0.032642082838560564,0.6563307493540051,0.728538283062645,88.0,23.86419912756345,48.0,111.0,26.75,10.96300597464035,13.0,38.0,352,107,pair_rolling_pool
pair_rolling_pool__non_paid_in_equity_ratio__negative_equity_flag,"rolling 상위 단일 후보 2개 조합: non_paid_in_equity_ratio, negative_equity_flag","non_paid_in_equity_ratio, negative_equity_flag",4,0.7946232341194346,0.023284074803970132,0.7566322525118409,0.8200354094250256,0.9138735221470965,0.00771828978463581,0.9019088523025531,0.9234820957627615,0.6062688739159328,0.06330573836958679,0.5336134453781513,0.7037037037037037,0.830963042200625,0.06903508615983461,0.7549668874172185,0.9071428571428571,0.6963153022916635,0.032642082838560564,0.6563307493540051,0.728538283062645,88.0,23.86419912756345,48.0,111.0,26.75,10.96300597464035,13.0,38.0,352,107,pair_rolling_pool
pair_rolling_pool__non_paid_in_equity_ratio__is_negative_equity_entry,"rolling 상위 단일 후보 2개 조합: non_paid_in_equity_ratio, is_negative_equity_entry","non_paid_in_equity_ratio, is_negative_equity_entry",4,0.7946232341194346,0.023284074803970132,0.7566322525118409,0.8200354094250256,0.9138735221470965,0.00771828978463581,0.9019088523025531,0.9234820957627615,0.6062688739159328,0.06330573836958679,0.5336134453781513,0.7037037037037037,0.830963042200625,0.06903508615983461,0.7549668874172185,0.9071428571428571,0.6963153022916635,0.032642082838560564,0.6563307493540051,0.728538283062645,88.0,23.86419912756345,48.0,111.0,26.75,10.96300597464035,13.0,38.0,352,107,pair_rolling_pool
pair_rolling_pool__ebitda_margin__non_paid_in_equity_ratio,"rolling 상위 단일 후보 2개 조합: ebitda_margin, non_paid_in_equity_ratio","ebitda_margin, non_paid_in_equity_ratio",4,0.7961459303286661,0.021091286830624823,0.7633860242433697,0.8174625400470384,0.91467834265645,0.0058519068344959685,0.905112145072775,0.920353982300885,0.5991182474400314,0.05595796734002069,0.532258064516129,0.6845238095238095,0.8446722427682692,0.07332581660961136,0.7615894039735099,0.9428571428571428,0.6963087711425072,0.025210226332484792,0.6632653061224489,0.7210031347962382,91.75,23.466731770743024,53.0,116.0,24.75,11.562331079847178,8.0,36.0,367,99,pair_rolling_pool
pair_rolling_pool__rolling_3y_cv_ocf_to_total_borrowings__roe,"rolling 상위 단일 후보 2개 조합: rolling_3y_cv_ocf_to_total_borrowings, roe","rolling_3y_cv_ocf_to_total_borrowings, roe",4,0.7931218171617515,0.013821711932076174,0.7712327866161307,0.8066089028256027,0.914526638630037,0.004275731770819078,0.9078024337866857,0.9189147727272726,0.6003508465349205,0.055762078492205804,0.5271966527196653,0.6804733727810651,0.8398291691751956,0.060581645019501425,0.7615894039735099,0.9,0.696301381177971,0.028344432494673832,0.6649076517150396,0.7297921478060047,90.5,22.02839077191069,54.0,113.0,25.25,9.41740410091868,14.0,36.0,362,101,pair_rolling_pool
pair_rolling_pool__is_operating_income_turn_negative__ocf_to_total_borrowings_diff,"rolling 상위 단일 후보 2개 조합: is_operating_income_turn_negative, ocf_to_total_borrowings_diff","is_operating_income_turn_negative, ocf_to_total_borrowings_diff",4,0.7941276803063246,0.018400137468624116,0.7646134809741089,0.8133338517307387,0.9158807729132172,0.004588093202012908,0.9092579336673825,0.921284357967532,0.6011555083009201,0.04785043012162689,0.5493562231759657,0.6728395061728395,0.8398115198818842,0.0726937374588219,0.7218543046357616,0.9142857142857143,0.6962901366648875,0.01743952352495345,0.6780487804878049,0.7242990654205608,90.25,21.787324296480282,53.0,106.0,25.25,10.894379284750462,12.0,42.0,361,101,pair_rolling_pool
pair_rolling_pool__equity_growth__is_3y_consecutive_operating_loss,"rolling 상위 단일 후보 2개 조합: equity_growth, is_3y_consecutive_operating_loss","equity_growth, is_3y_consecutive_operating_loss",4,0.795076232966322,0.017043828034797093,0.7664675657814894,0.8086320496730977,0.9150894619979703,0.004443571509902599,0.9075876879026484,0.9191408821593154,0.5991693125931933,0.038229497249174745,0.5625,0.6569767441860465,0.8385877160918552,0.06130249347144517,0.7483443708609272,0.9071428571428571,0.696272374875946,0.019355433183695796,0.6666666666666666,0.7209302325581395,90.0,18.138357147217054,59.0,105.0,25.5,9.394147114027968,13.0,38.0,360,102,pair_rolling_pool
pair_rolling_pool__is_operating_income_turn_negative__ocf_deficit_flag,"rolling 상위 단일 후보 2개 조합: is_operating_income_turn_negative, ocf_deficit_flag","is_operating_income_turn_negative, ocf_deficit_flag",4,0.795334711870772,0.019448320312633882,0.7621685200792093,0.811470671359615,0.9151529204807617,0.0055945831525096145,0.905810069195896,0.9206909687628202,0.6001829392759215,0.04346629563113228,0.5512820512820513,0.6647398843930635,0.8377052514262779,0.0699885503876305,0.7615894039735099,0.9214285714285714,0.6961664134073908,0.02558720720072,0.6580976863753213,0.7268518518518519,89.5,18.472953201911167,58.0,105.0,25.75,11.121488209767612,11.0,37.0,358,103,pair_rolling_pool
pair_rolling_pool__is_operating_income_turn_negative__is_3y_consecutive_ocf_deficit,"rolling 상위 단일 후보 2개 조합: is_operating_income_turn_negative, is_3y_consecutive_ocf_deficit","is_operating_income_turn_negative, is_3y_consecutive_ocf_deficit",4,0.795334711870772,0.019448320312633882,0.7621685200792093,0.811470671359615,0.9151529204807617,0.0055945831525096145,0.905810069195896,0.9206909687628202,0.6001829392759215,0.04346629563113228,0.5512820512820513,0.6647398843930635,0.8377052514262779,0.0699885503876305,0.7615894039735099,0.9214285714285714,0.6961664134073908,0.02558720720072,0.6580976863753213,0.7268518518518519,89.5,18.472953201911167,58.0,105.0,25.75,11.121488209767612,11.0,37.0,358,103,pair_rolling_pool
pair_rolling_pool__is_operating_income_turn_negative__negative_equity_flag,"rolling 상위 단일 후보 2개 조합: is_operating_income_turn_negative, negative_equity_flag","is_operating_income_turn_negative, negative_equity_flag",4,0.795334711870772,0.019448320312633882,0.7621685200792093,0.811470671359615,0.9151529204807617,0.0055945831525096145,0.905810069195896,0.9206909687628202,0.6001829392759215,0.04346629563113228,0.5512820512820513,0.6647398843930635,0.8377052514262779,0.0699885503876305,0.7615894039735099,0.9214285714285714,0.6961664134073908,0.02558720720072,0.6580976863753213,0.7268518518518519,89.5,18.472953201911167,58.0,105.0,25.75,11.121488209767612,11.0,37.0,358,103,pair_rolling_pool
pair_rolling_pool__is_operating_income_turn_negative__is_negative_equity_entry,"rolling 상위 단일 후보 2개 조합: is_operating_income_turn_negative, is_negative_equity_entry","is_operating_income_turn_negative, is_negative_equity_entry",4,0.795334711870772,0.019448320312633882,0.7621685200792093,0.811470671359615,0.9151529204807617,0.0055945831525096145,0.905810069195896,0.9206909687628202,0.6001829392759215,0.04346629563113228,0.5512820512820513,0.6647398843930635,0.8377052514262779,0.0699885503876305,0.7615894039735099,0.9214285714285714,0.6961664134073908,0.02558720720072,0.6580976863753213,0.7268518518518519,89.5,18.472953201911167,58.0,105.0,25.75,11.121488209767612,11.0,37.0,358,103,pair_rolling_pool
single__corp_bbb_3y,단일 후보 변수: corp_bbb_3y,corp_bbb_3y,4,0.7941475137972032,0.019055391140840944,0.7617291339095047,0.8102135477559816,0.9154605969954132,0.0048976035583286354,0.9071939871152469,0.9198485026079822,0.6016276015855431,0.04391326207770721,0.5521739130434783,0.6705882352941176,0.8353191028066855,0.07035437475584864,0.7549668874172185,0.9071428571428571,0.6960882179653044,0.023315708880800222,0.6632124352331606,0.724373576309795,89.0,19.53202498462461,56.0,104.0,26.0,11.090536506409418,13.0,37.0,356,104,single
pair_rolling_pool__equity_growth__ebitda_margin,"rolling 상위 단일 후보 2개 조합: equity_growth, ebitda_margin","equity_growth, ebitda_margin",4,0.8001696216168691,0.01955918292155752,0.7681335545963844,0.8189839860551427,0.9173370483217789,0.005530713689144721,0.9083273681698878,0.9224564847916544,0.5972083254747892,0.03552424709249181,0.5652173913043478,0.6551724137931034,0.8415555746681574,0.07111521075735935,0.7549668874172185,0.9142857142857143,0.6959459334142879,0.023031251781238996,0.6582278481012658,0.7207207207207207,91.0,18.411952639521967,60.0,108.0,25.0,11.113055385446435,12.0,37.0,364,100,pair_rolling_pool
pair_rolling_pool__equity_growth__ocf_deficit_flag,"rolling 상위 단일 후보 2개 조합: equity_growth, ocf_deficit_flag","equity_growth, ocf_deficit_flag",4,0.79548946328049,0.017124292436507187,0.7664675657814894,0.8086320496730977,0.9153153142706976,0.004526794824737859,0.9075876879026484,0.9191408821593154,0.600456411321237,0.03866461865118243,0.5625,0.6569767441860465,0.8343263524554916,0.05876833172753374,0.7483443708609272,0.9071428571428571,0.6957088474692716,0.018649255372672358,0.6666666666666666,0.7186761229314421,89.0,17.72004514666935,59.0,105.0,26.25,9.12071817347735,13.0,38.0,356,105,pair_rolling_pool
pair_rolling_pool__equity_growth__negative_equity_flag,"rolling 상위 단일 후보 2개 조합: equity_growth, negative_equity_flag","equity_growth, negative_equity_flag",4,0.79548946328049,0.017124292436507187,0.7664675657814894,0.8086320496730977,0.9153153142706976,0.004526794824737859,0.9075876879026484,0.9191408821593154,0.600456411321237,0.03866461865118243,0.5625,0.6569767441860465,0.8343263524554916,0.05876833172753374,0.7483443708609272,0.9071428571428571,0.6957088474692716,0.018649255372672358,0.6666666666666666,0.7186761229314421,89.0,17.72004514666935,59.0,105.0,26.25,9.12071817347735,13.0,38.0,356,105,pair_rolling_pool
pair_rolling_pool__equity_growth__is_negative_equity_entry,"rolling 상위 단일 후보 2개 조합: equity_growth, is_negative_equity_entry","equity_growth, is_negative_equity_entry",4,0.79548946328049,0.017124292436507187,0.7664675657814894,0.8086320496730977,0.9153153142706976,0.004526794824737859,0.9075876879026484,0.9191408821593154,0.600456411321237,0.03866461865118243,0.5625,0.6569767441860465,0.8343263524554916,0.05876833172753374,0.7483443708609272,0.9071428571428571,0.6957088474692716,0.018649255372672358,0.6666666666666666,0.7186761229314421,89.0,17.72004514666935,59.0,105.0,26.25,9.12071817347735,13.0,38.0,356,105,pair_rolling_pool
pair_rolling_pool__rolling_3y_cv_ocf_to_total_borrowings__ocf_deficit_flag,"rolling 상위 단일 후보 2개 조합: rolling_3y_cv_ocf_to_total_borrowings, ocf_deficit_flag","rolling_3y_cv_ocf_to_total_borrowings, ocf_deficit_flag",4,0.7931126184121793,0.018506079608961185,0.7654417373073349,0.8160631398669819,0.9136108911337822,0.005227826117586806,0.9052851348126939,0.9189254527339858,0.5970897221359379,0.04391254300051722,0.5427350427350427,0.6609195402298851,0.8418989743700009,0.05650885728877734,0.7615894039735099,0.9071428571428571,0.6956917313192964,0.01925459810268288,0.675,0.7209302325581395,91.25,18.872930350107268,59.0,107.0,25.0,8.74642784226795,13.0,36.0,365,100,pair_rolling_pool
pair_rolling_pool__rolling_3y_cv_ocf_to_total_borrowings__negative_equity_flag,"rolling 상위 단일 후보 2개 조합: rolling_3y_cv_ocf_to_total_borrowings, negative_equity_flag","rolling_3y_cv_ocf_to_total_borrowings, negative_equity_flag",4,0.7931126184121793,0.018506079608961185,0.7654417373073349,0.8160631398669819,0.9136108911337822,0.005227826117586806,0.9052851348126939,0.9189254527339858,0.5970897221359379,0.04391254300051722,0.5427350427350427,0.6609195402298851,0.8418989743700009,0.05650885728877734,0.7615894039735099,0.9071428571428571,0.6956917313192964,0.01925459810268288,0.675,0.7209302325581395,91.25,18.872930350107268,59.0,107.0,25.0,8.74642784226795,13.0,36.0,365,100,pair_rolling_pool
pair_rolling_pool__rolling_3y_cv_ocf_to_total_borrowings__is_negative_equity_entry,"rolling 상위 단일 후보 2개 조합: rolling_3y_cv_ocf_to_total_borrowings, is_negative_equity_entry","rolling_3y_cv_ocf_to_total_borrowings, is_negative_equity_entry",4,0.7931126184121793,0.018506079608961185,0.7654417373073349,0.8160631398669819,0.9136108911337822,0.005227826117586806,0.9052851348126939,0.9189254527339858,0.5970897221359379,0.04391254300051722,0.5427350427350427,0.6609195402298851,0.8418989743700009,0.05650885728877734,0.7615894039735099,0.9071428571428571,0.6956917313192964,0.01925459810268288,0.675,0.7209302325581395,91.25,18.872930350107268,59.0,107.0,25.0,8.74642784226795,13.0,36.0,365,100,pair_rolling_pool
pair_rolling_pool__rolling_3y_cv_ocf_to_total_borrowings__non_paid_in_equity_ratio,"rolling 상위 단일 후보 2개 조합: rolling_3y_cv_ocf_to_total_borrowings, non_paid_in_equity_ratio","rolling_3y_cv_ocf_to_total_borrowings, non_paid_in_equity_ratio",4,0.7926069084488986,0.02082299092284306,0.7586269615163154,0.8153226825306303,0.9117888527049101,0.005682308538358175,0.9028513481269387,0.9179437965187833,0.5964620747827605,0.04645787311307285,0.5371900826446281,0.6609195402298851,0.8440364202574467,0.06848039417225107,0.7615894039735099,0.9285714285714286,0.6954583705739004,0.024459868848364704,0.6649746192893401,0.728538283062645,91.75,19.753164303473,59.0,112.0,24.75,10.755812382149477,10.0,36.0,367,99,pair_rolling_pool
pair_rolling_pool__equity_growth__is_3y_consecutive_ocf_deficit,"rolling 상위 단일 후보 2개 조합: equity_growth, is_3y_consecutive_ocf_deficit","equity_growth, is_3y_consecutive_ocf_deficit",4,0.795785923132854,0.016622196060913533,0.7676534051909458,0.8086320496730977,0.9153406662153409,0.004483523038498972,0.9076890956812217,0.9191408821593154,0.5998729050971705,0.03924627088629274,0.5601659751037344,0.6569767441860465,0.8343263524554916,0.05876833172753374,0.7483443708609272,0.9071428571428571,0.695298338438073,0.019291045434594385,0.6650246305418719,0.7186761229314421,89.25,17.949582167838894,59.0,106.0,26.25,9.12071817347735,13.0,38.0,357,105,pair_rolling_pool
pair_rolling_pool__ap_days_diff__ocf_to_total_borrowings_diff,"rolling 상위 단일 후보 2개 조합: ap_days_diff, ocf_to_total_borrowings_diff","ap_days_diff, ocf_to_total_borrowings_diff",4,0.7991527200540266,0.019738011919952492,0.7664934364272806,0.8150525580975223,0.9169590198909607,0.005999194919755275,0.9071581961345742,0.9220169372326086,0.6013409961685824,0.041638802503204286,0.5555555555555556,0.6666666666666666,0.8356635775923855,0.08101876002343113,0.7284768211920529,0.9285714285714286,0.6952921230585226,0.019963775297781077,0.6666666666666666,0.7231121281464531,89.25,20.07952937695503,55.0,104.0,26.0,12.509996003196804,10.0,41.0,357,104,pair_rolling_pool
pair_rolling_pool__equity_growth__is_operating_income_turn_negative,"rolling 상위 단일 후보 2개 조합: equity_growth, is_operating_income_turn_negative","equity_growth, is_operating_income_turn_negative",4,0.7963788534914908,0.016949232107180724,0.7678803742989684,0.8105074389789872,0.9155792258401534,0.004582692136932491,0.9077010260081126,0.918793588466272,0.6036012588973911,0.036723248654859895,0.5677966101694916,0.6585365853658537,0.8298901981021186,0.07800493059242018,0.7152317880794702,0.9285714285714286,0.6952916130470246,0.019612458724542377,0.6683291770573566,0.7186761229314421,87.5,18.364367672206956,56.0,102.0,27.0,11.937336386313323,10.0,43.0,350,108,pair_rolling_pool
pair_rolling_pool__rolling_3y_cv_ocf_to_total_borrowings__is_3y_consecutive_operating_loss,"rolling 상위 단일 후보 2개 조합: rolling_3y_cv_ocf_to_total_borrowings, is_3y_consecutive_operating_loss","rolling_3y_cv_ocf_to_total_borrowings, is_3y_consecutive_operating_loss",4,0.7920987241132,0.018140919011923794,0.7654417373073349,0.8160631398669819,0.9129773684065096,0.004921226138274148,0.9052851348126939,0.9189254527339858,0.593229551776192,0.043261053292367034,0.5427350427350427,0.6609195402298851,0.8490012470972736,0.062413704052416114,0.7615894039735099,0.9090909090909091,0.6952344540786379,0.018662391891464628,0.675,0.7191011235955056,93.75,20.339309231141552,59.0,109.0,23.75,9.54921462739214,13.0,36.0,375,95,pair_rolling_pool
pair_rolling_pool__ocf_deficit_flag__is_3y_consecutive_ocf_deficit,"rolling 상위 단일 후보 2개 조합: ocf_deficit_flag, is_3y_consecutive_ocf_deficit","ocf_deficit_flag, is_3y_consecutive_ocf_deficit",4,0.7925233427188902,0.01778622206456404,0.7621685200792093,0.8055551216532566,0.9145694083150118,0.005105820812474081,0.905810069195896,0.918610443650003,0.5980933175681594,0.042222978905504444,0.5517241379310345,0.6629213483146067,0.8366250609214185,0.0596912553084114,0.7757575757575758,0.9142857142857143,0.6949685067792604,0.024287920835265008,0.6580976863753213,0.7173252279635258,90.0,17.549928774784245,60.0,104.0,26.0,9.772410142846033,12.0,37.0,360,104,pair_rolling_pool
pair_rolling_pool__ocf_deficit_flag__negative_equity_flag,"rolling 상위 단일 후보 2개 조합: ocf_deficit_flag, negative_equity_flag","ocf_deficit_flag, negative_equity_flag",4,0.7925233427188902,0.01778622206456404,0.7621685200792093,0.8055551216532566,0.9145694083150118,0.005105820812474081,0.905810069195896,0.918610443650003,0.5980933175681594,0.042222978905504444,0.5517241379310345,0.6629213483146067,0.8366250609214185,0.0596912553084114,0.7757575757575758,0.9142857142857143,0.6949685067792604,0.024287920835265008,0.6580976863753213,0.7173252279635258,90.0,17.549928774784245,60.0,104.0,26.0,9.772410142846033,12.0,37.0,360,104,pair_rolling_pool
pair_rolling_pool__ocf_deficit_flag__is_negative_equity_entry,"rolling 상위 단일 후보 2개 조합: ocf_deficit_flag, is_negative_equity_entry","ocf_deficit_flag, is_negative_equity_entry",4,0.7925233427188902,0.01778622206456404,0.7621685200792093,0.8055551216532566,0.9145694083150118,0.005105820812474081,0.905810069195896,0.918610443650003,0.5980933175681594,0.042222978905504444,0.5517241379310345,0.6629213483146067,0.8366250609214185,0.0596912553084114,0.7757575757575758,0.9142857142857143,0.6949685067792604,0.024287920835265008,0.6580976863753213,0.7173252279635258,90.0,17.549928774784245,60.0,104.0,26.0,9.772410142846033,12.0,37.0,360,104,pair_rolling_pool
pair_rolling_pool__is_3y_consecutive_ocf_deficit__negative_equity_flag,"rolling 상위 단일 후보 2개 조합: is_3y_consecutive_ocf_deficit, negative_equity_flag","is_3y_consecutive_ocf_deficit, negative_equity_flag",4,0.7925233427188902,0.01778622206456404,0.7621685200792093,0.8055551216532566,0.9145694083150118,0.005105820812474081,0.905810069195896,0.918610443650003,0.5980933175681594,0.042222978905504444,0.5517241379310345,0.6629213483146067,0.8366250609214185,0.0596912553084114,0.7757575757575758,0.9142857142857143,0.6949685067792604,0.024287920835265008,0.6580976863753213,0.7173252279635258,90.0,17.549928774784245,60.0,104.0,26.0,9.772410142846033,12.0,37.0,360,104,pair_rolling_pool
pair_rolling_pool__is_3y_consecutive_ocf_deficit__is_negative_equity_entry,"rolling 상위 단일 후보 2개 조합: is_3y_consecutive_ocf_deficit, is_negative_equity_entry","is_3y_consecutive_ocf_deficit, is_negative_equity_entry",4,0.7925233427188902,0.01778622206456404,0.7621685200792093,0.8055551216532566,0.9145694083150118,0.005105820812474081,0.905810069195896,0.918610443650003,0.5980933175681594,0.042222978905504444,0.5517241379310345,0.6629213483146067,0.8366250609214185,0.0596912553084114,0.7757575757575758,0.9142857142857143,0.6949685067792604,0.024287920835265008,0.6580976863753213,0.7173252279635258,90.0,17.549928774784245,60.0,104.0,26.0,9.772410142846033,12.0,37.0,360,104,pair_rolling_pool
pair_rolling_pool__negative_equity_flag__is_negative_equity_entry,"rolling 상위 단일 후보 2개 조합: negative_equity_flag, is_negative_equity_entry","negative_equity_flag, is_negative_equity_entry",4,0.7925233427188902,0.01778622206456404,0.7621685200792093,0.8055551216532566,0.9145694083150118,0.005105820812474081,0.905810069195896,0.918610443650003,0.5980933175681594,0.042222978905504444,0.5517241379310345,0.6629213483146067,0.8366250609214185,0.0596912553084114,0.7757575757575758,0.9142857142857143,0.6949685067792604,0.024287920835265008,0.6580976863753213,0.7173252279635258,90.0,17.549928774784245,60.0,104.0,26.0,9.772410142846033,12.0,37.0,360,104,pair_rolling_pool
single__usd_krw_diff,단일 후보 변수: usd_krw_diff,usd_krw_diff,4,0.7945513217333355,0.020153805281924262,0.7621360044488086,0.8174004685957595,0.9154051084159038,0.00540708997991588,0.9068837986160821,0.9218997245501964,0.5977523783333962,0.03713433236254392,0.5594713656387665,0.6569767441860465,0.8382089282130673,0.06898981465801543,0.7483443708609272,0.9071428571428571,0.694885899290162,0.01945349007160102,0.6666666666666666,0.7210884353741497,90.5,18.472953201911167,59.0,106.0,25.5,10.688779163215974,13.0,38.0,362,102,single
single__market_spread_diff,단일 후보 변수: market_spread_diff,market_spread_diff,4,0.7970207784308005,0.019423969414180807,0.7647209234479091,0.8166453224896304,0.9158105546130586,0.005235660082634536,0.9076890956812216,0.9220022856473071,0.5979500867046768,0.03232519320735673,0.5541125541125541,0.6453488372093024,0.8381985357357873,0.07438119386597515,0.7350993377483444,0.9142857142857143,0.6947402529840512,0.014546406071477322,0.6821705426356589,0.7194570135746606,90.25,18.019087102292392,61.0,107.0,25.5,11.412712210513327,12.0,40.0,361,102,single
pair_rolling_pool__is_operating_income_turn_negative__is_3y_consecutive_operating_loss,"rolling 상위 단일 후보 2개 조합: is_operating_income_turn_negative, is_3y_consecutive_operating_loss","is_operating_income_turn_negative, is_3y_consecutive_operating_loss",4,0.7931538378714929,0.019074856124388917,0.7621685200792093,0.811470671359615,0.9145875795716707,0.005485675939164844,0.905810069195896,0.9206909687628202,0.5994216818940318,0.04325638707566148,0.5512820512820513,0.6647398843930635,0.8348643423353689,0.06792538792428124,0.7615894039735099,0.9214285714285714,0.6946860085839627,0.0238835974152114,0.6580976863753213,0.7209302325581395,89.5,18.472953201911167,58.0,105.0,26.25,10.848386976873567,11.0,37.0,358,105,pair_rolling_pool
pair_rolling_pool__rolling_3y_cv_ocf_to_total_borrowings__ar_days,"rolling 상위 단일 후보 2개 조합: rolling_3y_cv_ocf_to_total_borrowings, ar_days","rolling_3y_cv_ocf_to_total_borrowings, ar_days",4,0.7938054083275057,0.02158379300365401,0.7588224803588575,0.8178918529021374,0.9145011706853867,0.0067629316103826,0.9030004772130756,0.9201122311434098,0.5920082212488159,0.04046396133590541,0.5413223140495868,0.6497175141242938,0.8488524375734641,0.06865965928926784,0.7615894039735099,0.9357142857142857,0.6943160438857888,0.019693150353626444,0.6683417085427136,0.7218390804597701,93.75,18.793283374652763,62.0,111.0,24.0,10.700467279516348,9.0,36.0,375,96,pair_rolling_pool
pair_rolling_pool__roe__ebitda_margin,"rolling 상위 단일 후보 2개 조합: roe, ebitda_margin","roe, ebitda_margin",4,0.7912317574526178,0.019846609514066776,0.7595690989411747,0.8142928678820441,0.9147044632929991,0.005523978145065179,0.9060128847530422,0.9213722674793412,0.6025254567579115,0.05188669601575832,0.5423728813559322,0.6851851851851852,0.8323273236145753,0.07367561762201294,0.7350993377483444,0.9142857142857143,0.6943032059673391,0.018363871539614766,0.6718346253229974,0.715261958997722,89.25,22.92787604642,51.0,108.0,26.5,11.412712210513327,12.0,40.0,357,106,pair_rolling_pool
pair_rolling_pool__equity_growth__rolling_3y_cv_ocf_to_total_borrowings,"rolling 상위 단일 후보 2개 조합: equity_growth, rolling_3y_cv_ocf_to_total_borrowings","equity_growth, rolling_3y_cv_ocf_to_total_borrowings",4,0.7933276429108885,0.019187490723096414,0.7624527942955487,0.8151240683148474,0.9144898568214188,0.005677577910142655,0.9048198520639466,0.9193210455371271,0.5937907662452512,0.0371545583792172,0.5446808510638298,0.6453488372093024,0.8440697478569994,0.07553881858800911,0.7350993377483444,0.9147727272727273,0.693798717666394,0.021442656626211313,0.6750629722921915,0.7301587301587301,92.5,18.472953201911167,61.0,107.0,24.5,11.5,12.0,40.0,370,98,pair_rolling_pool
pair_rolling_pool__treasury_3y_diff__non_paid_in_equity_ratio,"rolling 상위 단일 후보 2개 조합: treasury_3y_diff, non_paid_in_equity_ratio","treasury_3y_diff, non_paid_in_equity_ratio",4,0.7902451300728356,0.01769605543064136,0.7631709890068963,0.8121310266215369,0.9124635281484632,0.00536913157284853,0.9045215938916725,0.9196287288284593,0.589617280763069,0.04718361677701521,0.5358649789029536,0.659217877094972,0.8495173769387345,0.05644848305723324,0.7814569536423841,0.9071428571428571,0.6933286930758179,0.027070423632619724,0.6600496277915633,0.724373576309795,95.0,19.761072845369505,61.0,110.0,23.75,8.870597499605086,13.0,33.0,380,95,pair_rolling_pool
pair_rolling_pool__rolling_3y_cv_operating_margin__ar_days,"rolling 상위 단일 후보 2개 조합: rolling_3y_cv_operating_margin, ar_days","rolling_3y_cv_operating_margin, ar_days",4,0.7956120050411318,0.013713371142000913,0.7745031594761679,0.8105074596472505,0.9160832239586679,0.0031907297813076434,0.9113338105464089,0.9197416063199474,0.6012182263836412,0.04827553585112256,0.5458333333333333,0.6728395061728395,0.8318163900117543,0.07836182756939163,0.7218543046357616,0.9357142857142857,0.6932442846719693,0.01796969947680448,0.6683417085427136,0.7186761229314421,89.25,21.52179128232592,53.0,109.0,26.75,12.07010770457331,9.0,42.0,357,107,pair_rolling_pool
pair_rolling_pool__ap_days_diff__non_paid_in_equity_ratio,"rolling 상위 단일 후보 2개 조합: ap_days_diff, non_paid_in_equity_ratio","ap_days_diff, non_paid_in_equity_ratio",4,0.7940674777185086,0.022439323598363217,0.7565556304165602,0.8147779022679041,0.9147818382773709,0.006581483198084107,0.9042591267000716,0.9220755435738147,0.5982092541248838,0.052577703602485856,0.5470085470085471,0.6851851851851852,0.8366833842206358,0.07520107839560995,0.7350993377483444,0.9142857142857143,0.6929137587855039,0.02053278054713162,0.6632911392405063,0.7146067415730337,91.5,23.71181140275875,51.0,110.0,25.75,11.583932838203095,12.0,40.0,366,103,pair_rolling_pool
pair_rolling_pool__rolling_3y_cv_ocf_to_total_borrowings__is_3y_consecutive_ocf_deficit,"rolling 상위 단일 후보 2개 조합: rolling_3y_cv_ocf_to_total_borrowings, is_3y_consecutive_ocf_deficit","rolling_3y_cv_ocf_to_total_borrowings, is_3y_consecutive_ocf_deficit",4,0.7929931322098764,0.018685031183972002,0.7649637924981241,0.8160631398669819,0.9136168562972278,0.005218327669926736,0.9053089954664757,0.9189254527339858,0.5943625313678167,0.0455413128989825,0.5427350427350427,0.6609195402298851,0.8388686713396979,0.05800465069271805,0.7615894039735099,0.9071428571428571,0.6927771427906181,0.022734110768925595,0.6633416458852868,0.7209302325581395,92.0,19.261360284258224,59.0,107.0,25.5,9.069178573608527,13.0,36.0,368,102,pair_rolling_pool
pair_rolling_pool__roe__non_paid_in_equity_ratio,"rolling 상위 단일 후보 2개 조합: roe, non_paid_in_equity_ratio","roe, non_paid_in_equity_ratio",4,0.7922832034522962,0.018304482064781805,0.7638795506363605,0.8136028844810093,0.9135747714505176,0.0057168566242217726,0.9048854688618468,0.9208594619937878,0.5922520661157025,0.046791464325520365,0.5371900826446281,0.6666666666666666,0.8463611995068949,0.07626773338676467,0.7417218543046358,0.9285714285714286,0.6923004453510115,0.013874569261498073,0.6768447837150128,0.7095343680709535,94.5,23.5,56.0,115.0,24.25,11.712706775122479,10.0,39.0,378,97,pair_rolling_pool
pair_rolling_pool__treasury_3y_diff__ocf_to_total_borrowings_diff,"rolling 상위 단일 후보 2개 조합: treasury_3y_diff, ocf_to_total_borrowings_diff","treasury_3y_diff, ocf_to_total_borrowings_diff",4,0.7916053355327888,0.020220569529771092,0.7611340320969834,0.8180250214429339,0.915013366066473,0.006325328077317278,0.9053209257933668,0.922778819668288,0.5940189691839003,0.04592754821400216,0.5517241379310345,0.6706586826347305,0.8401382557839512,0.06671301343126686,0.7417218543046358,0.9142857142857143,0.6921080244448545,0.014545111929630863,0.6699751861042184,0.7058823529411765,93.0,22.102036105300343,55.0,110.0,25.25,10.18270592720815,12.0,39.0,372,101,pair_rolling_pool
pair_rolling_pool__rolling_3y_cv_ocf_to_total_borrowings__market_spread,"rolling 상위 단일 후보 2개 조합: rolling_3y_cv_ocf_to_total_borrowings, market_spread","rolling_3y_cv_ocf_to_total_borrowings, market_spread",4,0.7882712977230134,0.01746470019925805,0.7598209011987086,0.8064565556624776,0.9120749452500017,0.004131063827007214,0.9050584586017657,0.9154969817734279,0.5855914515114833,0.035532241760431654,0.5427350427350427,0.6397849462365591,0.8513624000172014,0.04967959978765673,0.7880794701986755,0.9071428571428571,0.6918562174741134,0.016740680806225393,0.6716417910447762,0.7104072398190046,96.25,17.07886120325357,67.0,109.0,23.5,7.826237921249264,13.0,32.0,385,94,pair_rolling_pool
pair_rolling_pool__delta_accruals_ratio__non_paid_in_equity_ratio,"rolling 상위 단일 후보 2개 조합: delta_accruals_ratio, non_paid_in_equity_ratio","delta_accruals_ratio, non_paid_in_equity_ratio",4,0.7941228932383487,0.019468104192719417,0.7626544849988219,0.8126826268925987,0.91357804997791,0.005369032649739777,0.9051300405631115,0.9188961495633827,0.5951325631516994,0.04915816017892549,0.5394190871369294,0.6729559748427673,0.8381777507812276,0.08644807508484498,0.7086092715231788,0.9285714285714286,0.6905623584783719,0.017078503752014106,0.6716791979949874,0.7178329571106095,92.75,23.8681272830526,52.0,111.0,25.5,13.0862523283024,10.0,44.0,371,102,pair_rolling_pool
pair_rolling_pool__rolling_3y_cv_ocf_to_total_borrowings__ap_days_diff,"rolling 상위 단일 후보 2개 조합: rolling_3y_cv_ocf_to_total_borrowings, ap_days_diff","rolling_3y_cv_ocf_to_total_borrowings, ap_days_diff",4,0.7933401949999395,0.018248307151148543,0.7639375867974229,0.8132168218708177,0.9138035123408941,0.006259500577710323,0.9032510140777856,0.9194382582195393,0.5805277911152649,0.03387311312867801,0.5375,0.6324324324324324,0.8498233278862418,0.06592856911351198,0.7748344370860927,0.9214285714285714,0.6871110931301764,0.015358763266700265,0.6666666666666666,0.7064017660044151,98.25,18.91262805640718,68.0,117.0,23.75,10.40132203135736,11.0,34.0,393,95,pair_rolling_pool
