market,stock_code,corp_name,fiscal_year,eval_year,split,is_speculative,credit_rating,rating_boundary_group,prob_speculative,threshold,stage1_risk,financial_support_count,financial_blocker_count,financial_blocker_count_extended,current_ratio,cash_ratio,equity_ratio,debt_ratio,total_borrowings_ratio,capital_impairment_ratio,interest_coverage_ratio,net_margin,ocf_to_sales,ocf_to_total_liabilities,ocf_to_total_borrowings,cashflow_coverage_ratio,short_term_borrowings_share,dividend_payer,is_2y_consecutive_operating_loss,is_2y_consecutive_ocf_deficit,icr_under_1,candidate__dashboard_composite_filter,candidate__financial_resilience_v1_support8_block0,candidate__financial_resilience_strict_support9_block0,candidate__financial_resilience_lax_support7_block0,candidate__financial_resilience_v1_support8_block0_prob_lt_0_85,candidate__financial_resilience_v1_support8_block0_prob_lt_0_90,candidate__extended_blocker_support8_block0,candidate__liquidity_capital_profit_core,candidate__liquidity_capital_profit_core_prob_lt_0_85,candidate__liquidity_capital_profit_core_prob_lt_0_80,candidate__liquidity_capital_profit_core_plus_support8,candidate__liquidity_capital_profit_core_plus_support8_prob_lt_0_85,candidate__liquidity_capital_profit_core_plus_ocf_not_deep_negative,candidate__cashflow_quality_core,candidate__low_borrowing_buffer,candidate__dividend_balance_sheet_buffer,candidate__dashboard_or_financial_resilience_v1
KOSDAQ,000250,삼천당제약(주),2023,2024,test,0,BBB-,near_investment_BBB_plus_to_BBB_minus,0.0508338584206783,0.315,False,12,0,0,2.828051,0.697536,0.731481,0.36709,0.069178,-24.446909,3.709573,-0.021736,0.121598,0.213834,0.830018,9.090985,0.433147,1,0,0,0,False,False,False,False,False,False,False,False,False,False,False,False,False,False,False,False,False
KOSDAQ,002290,(주)삼일기업공사,2023,2024,test,0,A+,upper_investment_A_or_above,0.047494990740888,0.315,False,4,0,0,,,,,,,1000000.0,,,,,1000000.0,,0,0,0,0,False,False,False,False,False,False,False,False,False,False,False,False,False,False,False,False,False
KOSDAQ,003380,(주)하림지주,2023,2024,test,0,A-,upper_investment_A_or_above,0.0091076212041632,0.315,False,10,0,1,0.771063,0.224113,0.392042,1.550745,0.383126,-465.775615,1.646604,0.014782,0.074668,0.110681,0.175632,2.613095,0.560057,1,0,0,0,False,False,False,False,False,False,False,False,False,False,False,False,False,False,False,False,False
KOSDAQ,003380,(주)하림지주,2024,2025,test,0,A-,upper_investment_A_or_above,0.0076211773880255,0.315,False,10,0,1,0.790136,0.213936,0.369548,1.706006,0.445899,-527.549368,2.041792,0.014244,0.071602,0.08669,0.12257,2.343985,0.468187,1,0,0,0,False,False,False,False,False,False,False,False,False,False,False,False,False,False,False,False,False
KOSDAQ,005160,동국산업(주),2023,2024,test,0,BBB+,near_investment_BBB_plus_to_BBB_minus,0.0558800452800201,0.315,False,8,1,1,1.357304,0.074338,0.588616,0.6989,0.221843,-8.686303,-2.554987,-0.027267,0.010657,0.021969,0.04074,0.760361,0.802099,1,0,0,1,False,False,False,False,False,False,False,False,False,False,False,False,False,False,False,False,False
KOSDAQ,006140,(주)피제이전자,2023,2024,test,0,BBB+,near_investment_BBB_plus_to_BBB_minus,0.191647630796431,0.315,False,4,0,0,,,,,,,1000000.0,,,,,1000000.0,,0,0,0,0,False,False,False,False,False,False,False,False,False,False,False,False,False,False,False,False,False
KOSDAQ,007390,(주)네이처셀,2023,2024,test,1,BB-,near_speculative_BB_plus_to_BB_minus,0.9111421751293016,0.315,True,6,4,4,9.639219,7.092991,0.897959,0.113637,0.0,-0.914648,-8.955396,-0.603607,-0.109982,-0.304928,,-1.855281,,0,1,1,1,False,False,False,False,False,False,False,False,False,False,False,False,False,False,False,False,False
KOSDAQ,007530,(주)와이엠,2024,2025,test,1,BB-,near_speculative_BB_plus_to_BB_minus,0.8360515871348821,0.315,True,9,0,0,0.895481,0.277738,0.358585,1.788736,0.355379,-4.040322,1.891738,0.030166,0.061049,0.104792,0.189137,3.2562,0.860383,0,0,0,0,False,True,True,True,True,True,True,False,False,False,False,False,False,False,False,False,True
KOSDAQ,007680,(주)대원,2023,2024,test,0,A-,upper_investment_A_or_above,0.2830263920697127,0.315,False,8,3,3,3.675881,0.554911,0.615656,0.624284,0.168435,-43.552478,-39.210689,-0.131547,-0.128599,-0.299905,-0.684341,-35.424795,0.558264,1,0,1,1,False,False,False,False,False,False,False,False,False,False,False,False,False,False,False,False,False
KOSDAQ,007770,한일화학공업(주),2023,2024,test,0,BBB-,near_investment_BBB_plus_to_BBB_minus,0.203513090352219,0.315,False,6,4,4,1.472023,0.122,0.709383,0.409677,0.128651,-58.51573,-6.791389,-0.124679,-0.018304,-0.052158,-0.117823,-1.611419,1.0,1,0,1,1,False,False,False,False,False,False,False,False,False,False,False,False,False,False,False,False,False
KOSDAQ,007820,(주)에스엠코어,2023,2024,test,0,BBB+,near_investment_BBB_plus_to_BBB_minus,0.1157130850451894,0.315,False,9,2,2,2.008641,0.40492,0.594901,0.680953,0.0,-3.858459,-57.94287,-0.107342,0.04497,0.235806,,24.072464,,1,0,0,1,False,False,False,False,False,False,False,False,False,False,False,False,False,False,False,False,False
KOSDAQ,009520,(주)포스코엠텍,2023,2024,test,0,A+,upper_investment_A_or_above,0.0522706688576811,0.315,False,4,0,0,,,,,,,1000000.0,,,,,1000000.0,,0,0,0,0,False,False,False,False,False,False,False,False,False,False,False,False,False,False,False,False,False
KOSDAQ,009620,삼보산업(주),2023,2024,test,1,B-,deep_speculative_B_plus_or_lower,0.8771214171462651,0.315,True,5,2,3,0.740195,0.057463,0.115285,7.674146,0.510745,-6.859885,-0.044298,-0.039202,0.032903,0.046546,0.080628,1.003766,0.77977,1,0,0,1,False,False,False,False,False,False,False,False,False,False,False,False,False,False,False,False,False
KOSDAQ,010170,대한광통신(주),2023,2024,test,1,BB+,near_speculative_BB_plus_to_BB_minus,0.9529166836556404,0.315,True,6,2,2,0.981488,0.116043,0.323768,2.088633,0.311128,-1.040533,-3.502007,-0.163409,0.033332,0.037841,0.082247,0.906057,0.785545,0,0,0,1,False,False,False,False,False,False,False,False,False,False,False,False,False,False,False,False,False
KOSDAQ,010240,(주)흥국,2023,2024,test,0,A,upper_investment_A_or_above,0.0080062095663413,0.315,False,13,0,0,4.583632,1.206148,0.812221,0.231192,0.038205,-15.118437,69.180574,0.088226,0.081615,0.531003,2.609887,53.375635,0.0,1,0,0,0,False,False,False,False,False,False,False,False,False,False,False,False,False,False,False,False,False
KOSDAQ,010280,(주)아이티센엔텍,2023,2024,test,0,BBB+,near_investment_BBB_plus_to_BBB_minus,0.1254757332618049,0.315,False,8,1,1,1.157854,0.479246,0.323234,2.093734,0.073616,-0.995715,11.48379,0.012621,-0.050159,-0.144679,-1.33007,-26.883054,1.0,0,0,0,0,False,False,False,False,False,False,False,False,False,False,False,False,False,False,False,False,False
KOSDAQ,010280,(주)아이티센엔텍,2024,2025,test,0,BBB+,near_investment_BBB_plus_to_BBB_minus,0.2288234733017743,0.315,False,9,1,1,0.958137,0.364561,0.285771,2.499305,0.123875,-1.359217,10.424517,0.024408,0.025042,0.057621,0.332226,12.220004,1.0,0,0,0,0,False,False,False,False,False,False,False,False,False,False,False,False,False,False,False,False,False
KOSDAQ,011040,경동제약(주),2023,2024,test,0,BBB+,near_investment_BBB_plus_to_BBB_minus,0.1328599613738407,0.315,False,7,4,4,1.520468,0.199559,0.779863,0.282277,0.051252,-13.567168,-15.632054,-0.127435,-0.000196,-0.000495,-0.002127,-0.020005,1.0,1,0,1,1,False,False,False,False,False,False,False,False,False,False,False,False,False,False,False,False,False
KOSDAQ,011080,(주)형지아이앤씨,2023,2024,test,1,B,deep_speculative_B_plus_or_lower,0.6559667738966308,0.315,True,4,0,0,,,,,,,1000000.0,,,,,1000000.0,,0,0,0,0,False,False,False,False,False,False,False,False,False,False,False,False,False,False,False,False,False
KOSDAQ,011080,(주)형지아이앤씨,2024,2025,test,1,B+,deep_speculative_B_plus_or_lower,0.8851836913924586,0.315,True,8,1,1,1.343417,0.143521,0.435041,1.298636,0.128786,-0.928109,-2.356841,-0.068146,-0.105945,-0.164046,-0.719639,-2.823462,0.667504,0,0,0,1,False,False,False,False,False,False,False,False,False,False,False,False,False,False,False,False,False
KOSDAQ,011370,(주)서한,2023,2024,test,0,AA-,upper_investment_A_or_above,0.246161369762408,0.315,False,9,1,1,1.635558,0.283437,0.354847,1.818119,0.246827,-6.932177,1.358098,0.013738,-0.01183,-0.010109,-0.026422,-0.412184,0.594945,1,0,1,0,False,False,False,False,False,False,False,False,False,False,False,False,False,False,False,False,False
KOSDAQ,012340,(주)뉴인텍,2023,2024,test,1,BB-,near_speculative_BB_plus_to_BB_minus,0.9450953711927896,0.315,True,4,4,4,0.865819,0.12621,0.417327,1.396204,0.317577,-0.249028,-6.873235,-0.162179,-0.051324,-0.091453,-0.167794,-2.515351,0.885798,0,1,1,1,False,False,False,False,False,False,False,False,False,False,False,False,False,False,False,False,False
KOSDAQ,012860,(주)모베이스전자,2023,2024,test,1,BB,near_speculative_BB_plus_to_BB_minus,0.48690290424839,0.315,True,9,0,1,0.925435,0.010871,0.279086,2.583128,0.224447,-5.010919,2.080322,0.0082,0.004768,0.007878,0.025305,0.335807,0.785758,1,0,0,0,False,True,True,True,True,True,False,False,False,False,False,False,False,False,False,False,True
KOSDAQ,013030,하이록코리아(주),2023,2024,test,0,A,upper_investment_A_or_above,0.0111025658041862,0.315,False,12,0,0,12.978386,6.597728,0.918097,0.08921,0.0,-58.774117,2755.058402,0.252756,0.146985,0.76473,,1473.667321,,1,0,0,0,False,False,False,False,False,False,False,False,False,False,False,False,False,False,False,False,False
KOSDAQ,013120,(주)동원개발,2023,2024,test,0,AA+,upper_investment_A_or_above,0.0218730155540515,0.315,False,11,1,1,3.675091,0.321039,0.724045,0.381129,0.09138,-21.808617,1000000.0,0.057769,-0.102627,-0.191516,-0.578354,1000000.0,0.998674,1,0,0,0,False,False,False,False,False,False,False,False,False,False,False,False,False,False,False,False,False
KOSDAQ,013310,아진산업(주),2024,2025,test,1,BB,near_speculative_BB_plus_to_BB_minus,0.0723103593852828,0.315,False,10,0,0,0.882337,0.306999,0.257153,2.888736,0.455381,-16.09426,1.326392,0.023955,0.077981,0.063224,0.103135,2.489797,0.167309,1,0,0,0,False,False,False,False,False,False,False,False,False,False,False,False,False,False,False,False,False
KOSDAQ,013720,더큐브앤(주),2023,2024,test,1,B,deep_speculative_B_plus_or_lower,0.9720680561439538,0.315,True,10,2,2,1.333816,0.442308,0.625419,0.598929,0.039079,-0.091397,0.29343,-0.530258,0.180256,0.196578,1.884228,2.10658,0.0,0,0,0,1,False,False,False,False,False,False,False,False,False,False,False,False,False,False,False,False,False
KOSDAQ,013810,(주)스페코,2023,2024,test,1,BB,near_speculative_BB_plus_to_BB_minus,0.7401696183019921,0.315,True,8,3,3,2.21263,0.3128,0.556471,0.79704,0.094104,-5.455845,-4.293795,-0.089491,0.128313,0.078228,0.368704,3.05295,1.0,0,1,0,1,False,False,False,False,False,False,False,False,False,False,False,False,False,False,False,False,False
KOSDAQ,014190,(주)원익큐브,2023,2024,test,0,BBB+,near_investment_BBB_plus_to_BBB_minus,0.2263694748660663,0.315,False,12,1,1,3.275592,0.928127,0.746955,0.338768,0.091958,-4.887057,7.311013,0.020265,0.013118,0.090818,0.249907,4.184639,1.0,0,0,0,0,False,False,False,False,False,False,False,False,False,False,False,False,False,False,False,False,False
KOSDAQ,014200,(주)광림,2023,2024,test,1,BB-,near_speculative_BB_plus_to_BB_minus,0.3628107245524449,0.315,True,11,0,0,1.872726,0.67306,0.656741,0.52267,0.076067,-2.963781,1.158065,0.067555,-0.115803,-0.224481,-1.012991,-2.346978,0.89984,0,0,0,0,False,True,True,True,True,True,True,True,True,True,True,True,False,False,False,False,True
KOSDAQ,014470,(주)부방,2023,2024,test,0,A+,upper_investment_A_or_above,0.3389805020019079,0.315,True,8,2,3,0.623591,0.188346,0.524789,0.905526,0.066695,-4.241113,-0.098331,-0.078554,0.028636,0.066523,0.473985,2.722759,1.0,0,0,0,1,True,False,False,False,False,False,False,False,False,False,False,False,False,False,False,False,True
KOSDAQ,014970,삼륭물산(주),2023,2024,test,0,A-,upper_investment_A_or_above,0.5271679886155555,0.315,True,9,2,2,1.137916,0.239209,0.574869,0.739528,0.256329,-6.959507,0.722066,0.023487,0.080622,0.156264,0.259171,4.261414,0.912071,0,0,0,1,False,False,False,False,False,False,False,False,False,False,False,False,False,False,False,False,False
KOSDAQ,015710,(주)코콤,2023,2024,test,0,A-,upper_investment_A_or_above,0.3445906590888958,0.315,True,4,0,0,,,,,,,1000000.0,,,,,1000000.0,,0,0,0,0,False,False,False,False,False,False,False,False,False,False,False,False,False,False,False,False,False
KOSDAQ,015750,(주)성우하이텍,2024,2025,test,0,A-,upper_investment_A_or_above,0.1425295613186508,0.315,False,12,0,0,1.02578,0.153645,0.403686,1.47717,0.3498,-45.051645,2.526029,0.031816,0.097912,0.152752,0.2604,5.099643,0.573591,1,0,0,0,False,False,False,False,False,False,False,False,False,False,False,False,False,False,False,False,False
KOSDAQ,016100,(주)리더스코스메틱,2023,2024,test,1,BB,near_speculative_BB_plus_to_BB_minus,0.8128668271634945,0.315,True,8,1,1,0.830755,0.175281,0.552852,0.808804,0.325071,-3.629994,-3.558624,0.002502,-0.081459,-0.157794,-0.217052,-4.65838,0.884615,0,0,0,1,False,False,False,False,False,False,False,False,False,False,False,False,False,False,False,False,False
KOSDAQ,017000,신원종합개발(주),2023,2024,test,0,A+,upper_investment_A_or_above,0.0818652909335618,0.315,False,4,0,0,,,,,,,1000000.0,,,,,1000000.0,,0,0,0,0,False,False,False,False,False,False,False,False,False,False,False,False,False,False,False,False,False
KOSDAQ,017480,삼현철강(주),2023,2024,test,0,A-,upper_investment_A_or_above,0.2182501322653288,0.315,False,4,0,0,,,,,,,1000000.0,,,,,1000000.0,,0,0,0,0,False,False,False,False,False,False,False,False,False,False,False,False,False,False,False,False,False
KOSDAQ,017890,한국알콜산업(주),2023,2024,test,0,AA-,upper_investment_A_or_above,0.008593197827858,0.315,False,13,0,0,2.407297,0.446196,0.805323,0.241739,0.019177,-47.691885,12.170995,0.032705,0.082278,0.283589,2.878958,20.057601,0.638695,1,0,0,0,False,False,False,False,False,False,False,False,False,False,False,False,False,False,False,False,False
KOSDAQ,018000,유니슨(주),2023,2024,test,1,BB-,near_speculative_BB_plus_to_BB_minus,0.9335672587759326,0.315,True,3,5,7,0.559753,0.107117,0.224185,3.4606,0.246505,0.066456,-2.039541,-0.242597,-0.240826,-0.127142,-0.400148,-2.704116,0.0,0,0,1,1,False,False,False,False,False,False,False,False,False,False,False,False,False,False,False,False,False
KOSDAQ,018000,유니슨(주),2024,2025,test,1,B+,deep_speculative_B_plus_or_lower,0.964133029867564,0.315,True,1,5,6,0.248571,0.067531,0.265936,2.760299,0.0,0.213614,-1.093026,-0.87628,-0.09071,-0.012772,,-0.203916,,0,1,1,1,False,False,False,False,False,False,False,False,False,False,False,False,False,False,False,False,False
KOSDAQ,018290,(주)브이티,2023,2024,test,0,A-,upper_investment_A_or_above,0.0756166997169041,0.315,False,12,1,1,1.526617,0.489278,0.574055,0.741993,0.095943,-7.230442,26.150109,0.107243,0.106705,0.288464,1.280652,18.103443,1.0,0,0,0,0,False,False,False,False,False,False,False,False,False,False,False,False,False,False,False,False,False
KOSDAQ,018310,삼목에스폼(주),2023,2024,test,0,A+,upper_investment_A_or_above,0.0024133759485139,0.315,False,13,0,0,2.246474,0.242008,0.776847,0.287255,0.01504,-77.229675,111.56404,0.271697,0.209738,0.557952,8.278624,82.82579,0.00026,1,0,0,0,False,False,False,False,False,False,False,False,False,False,False,False,False,False,False,False,False
KOSDAQ,018700,(주)바른손,2023,2024,test,1,BB+,near_speculative_BB_plus_to_BB_minus,0.7613534865855436,0.315,True,7,4,4,1.716814,0.640268,0.621943,0.607865,0.001267,-0.215597,-8.435813,-0.259531,-0.082601,-0.195766,-58.393701,-7.529233,1.0,0,1,0,1,False,False,False,False,False,False,False,False,False,False,False,False,False,False,False,False,False
KOSDAQ,019210,(주)와이지-원,2023,2024,test,0,BBB,near_investment_BBB_plus_to_BBB_minus,0.0788469941466216,0.315,False,9,0,0,1.103481,0.072176,0.369578,1.705786,0.453155,-18.96195,1.905658,0.044024,0.072698,0.066275,0.0922,1.401395,0.667793,1,0,0,0,False,False,False,False,False,False,False,False,False,False,False,False,False,False,False,False,False
KOSDAQ,019210,(주)와이지-원,2024,2025,test,0,BBB,near_investment_BBB_plus_to_BBB_minus,0.0613682888999052,0.315,False,9,0,0,1.055729,0.072078,0.375016,1.66655,0.424768,-19.889135,1.842057,0.029535,0.088438,0.075604,0.11124,1.678194,0.757849,1,0,0,0,False,False,False,False,False,False,False,False,False,False,False,False,False,False,False,False,False
KOSDAQ,019540,(주)일지테크,2023,2024,test,0,BBB-,near_investment_BBB_plus_to_BBB_minus,0.2259056566760231,0.315,False,9,1,2,0.664095,0.058205,0.232524,3.300632,0.410179,-17.154568,3.686857,0.051393,0.074031,0.114919,0.215022,4.843569,0.514322,0,0,0,0,False,False,False,False,False,False,False,False,False,False,False,False,False,False,False,False,False
KOSDAQ,021320,(주)케이씨씨건설,2023,2024,test,0,A-,upper_investment_A_or_above,0.0528724944124177,0.315,False,4,0,0,,,,,,,1000000.0,,,,,1000000.0,,0,0,0,0,False,False,False,False,False,False,False,False,False,False,False,False,False,False,False,False,False
KOSDAQ,021320,(주)케이씨씨건설,2024,2025,test,0,A-,upper_investment_A_or_above,0.0538915127273776,0.315,False,4,0,0,,,,,,,1000000.0,,,,,1000000.0,,0,0,0,0,False,False,False,False,False,False,False,False,False,False,False,False,False,False,False,False,False
KOSDAQ,021650,(주)한국큐빅,2023,2024,test,0,BBB+,near_investment_BBB_plus_to_BBB_minus,0.136493678576838,0.315,False,12,0,0,1.364012,0.163465,0.499129,1.00349,0.103969,-9.580222,9.166787,0.032779,0.049225,0.142969,0.688755,10.683381,0.817222,1,0,0,0,False,False,False,False,False,False,False,False,False,False,False,False,False,False,False,False,False
KOSDAQ,023410,유진기업(주),2023,2024,test,0,BBB,near_investment_BBB_plus_to_BBB_minus,0.090702723316561,0.315,False,12,0,1,0.630434,0.200208,0.467124,1.140761,0.254034,-26.627307,2.199346,0.047042,0.056025,0.067758,0.142134,2.150001,0.742653,1,0,0,0,False,False,False,False,False,False,False,False,False,False,False,False,False,False,False,False,False
KOSDAQ,024830,(주)세원물산,2023,2024,test,1,BB+,near_speculative_BB_plus_to_BB_minus,0.2412288857051393,0.315,False,4,0,0,,,,,,,1000000.0,,,,,1000000.0,,0,0,0,0,False,False,False,False,False,False,False,False,False,False,False,False,False,False,False,False,False
KOSDAQ,024880,(주)케이피에프,2023,2024,test,1,BB+,near_speculative_BB_plus_to_BB_minus,0.3590529962232343,0.315,True,8,0,0,1.015837,0.086245,0.358277,1.791137,0.380826,-21.628927,2.678499,0.0274,0.090703,0.175206,0.295237,4.162815,0.864795,1,0,0,0,True,True,False,True,True,True,True,False,False,False,False,False,False,False,False,False,True
KOSDAQ,025440,(주)디에이치오토웨어,2023,2024,test,1,BB,near_speculative_BB_plus_to_BB_minus,0.8684089210027136,0.315,True,8,1,1,0.915644,0.105539,0.392272,1.549249,0.290475,0.096248,1.072101,0.001656,0.018612,0.06791,0.14208,2.825929,0.521186,0,0,0,0,False,False,False,False,False,False,False,False,False,False,False,False,False,False,False,False,False
KOSDAQ,025440,(주)디에이치오토웨어,2024,2025,test,1,BB,near_speculative_BB_plus_to_BB_minus,0.8690070603663724,0.315,True,6,2,3,0.835023,0.013331,0.211545,3.727125,0.469582,-2.758485,0.415216,-0.006456,0.027107,0.046762,0.078516,2.207596,0.297352,0,0,0,1,False,False,False,False,False,False,False,False,False,False,False,False,False,False,False,False,False
KOSDAQ,025900,동화기업(주),2023,2024,test,0,A-,upper_investment_A_or_above,0.041499698367396,0.315,False,8,2,3,0.558914,0.120561,0.425037,1.352735,0.327024,-92.029891,-0.370966,-0.112551,0.082809,0.059752,0.105054,1.785528,0.522515,0,0,0,1,False,False,False,False,False,False,False,False,False,False,False,False,False,False,False,False,False
KOSDAQ,025900,동화기업(주),2024,2025,test,0,BBB+,near_investment_BBB_plus_to_BBB_minus,0.0594868361220711,0.315,False,8,1,2,0.475897,0.091934,0.407886,1.451668,0.325422,-91.14417,0.321257,-0.017689,0.105863,0.068465,0.124573,1.868995,0.566811,1,0,0,1,False,False,False,False,False,False,False,False,False,False,False,False,False,False,False,False,False
KOSDAQ,027050,(주)코리아나화장품,2023,2024,test,0,BBB+,near_investment_BBB_plus_to_BBB_minus,0.5191398270374129,0.315,True,12,1,1,2.041358,0.769564,0.762768,0.311014,0.062227,-3.290216,2.654475,0.020537,0.018916,0.060995,0.232534,4.61777,1.0,0,0,0,0,False,False,False,False,False,False,False,False,False,False,False,False,False,False,False,False,False
KOSDAQ,027710,(주)팜스토리,2023,2024,test,0,BBB-,near_investment_BBB_plus_to_BBB_minus,0.7248952160471525,0.315,True,3,3,3,0.991354,0.070179,0.271985,2.676668,0.532626,-3.435077,0.900717,0.006514,-0.009246,-0.020318,-0.027771,-0.476029,0.923171,1,0,1,1,False,False,False,False,False,False,False,False,False,False,False,False,False,False,False,False,False
KOSDAQ,029960,(주)코엔텍,2023,2024,test,0,AA-,upper_investment_A_or_above,0.2362938098379535,0.315,False,4,0,0,,,,,,,1000000.0,,,,,1000000.0,,0,0,0,0,False,False,False,False,False,False,False,False,False,False,False,False,False,False,False,False,False
KOSDAQ,030530,(주)원익홀딩스,2023,2024,test,0,A-,upper_investment_A_or_above,0.0296595295906645,0.315,False,11,0,0,0.894492,0.214998,0.721954,0.38513,0.190492,-33.117938,2.510068,-0.031756,0.176403,0.260557,0.380315,7.250256,0.603057,1,0,0,0,False,False,False,False,False,False,False,False,False,False,False,False,False,False,False,False,False
KOSDAQ,031310,(주)아이즈비전,2023,2024,test,1,BB+,near_speculative_BB_plus_to_BB_minus,0.16479115898162,0.315,False,11,1,1,2.160921,0.598676,0.746716,0.339196,0.032573,-16.316178,2.868235,-0.004231,0.111877,0.34443,2.678213,9.030934,0.945474,0,0,0,0,False,False,False,False,False,False,False,False,False,False,False,False,False,False,False,False,False
KOSDAQ,032190,(주)다우데이타,2024,2025,test,0,A,upper_investment_A_or_above,0.1332447149770607,0.315,False,6,2,4,0.995348,0.045271,0.112037,7.925626,0.404713,-336.907579,39.467189,0.071349,-0.400518,-0.094777,-0.207945,-159.088085,0.889823,1,0,1,0,False,False,False,False,False,False,False,False,False,False,False,False,False,False,False,False,False
KOSDAQ,032620,(주)유비케어,2023,2024,test,0,A,upper_investment_A_or_above,0.0559332967261632,0.315,False,12,0,0,2.820927,1.044568,0.732511,0.365167,0.002903,-3.350294,4.870776,-0.00624,0.016168,0.060072,5.534556,3.456961,0.0,1,0,0,0,False,False,False,False,False,False,False,False,False,False,False,False,False,False,False,False,False
KOSDAQ,032680,(주)소프트센,2023,2024,test,1,BB+,near_speculative_BB_plus_to_BB_minus,0.7317505489073927,0.315,True,10,2,2,1.862578,1.381291,0.637591,0.568404,0.066687,-2.085213,-0.856689,-0.163197,0.117112,0.192453,1.045874,4.319582,0.350877,0,0,0,1,False,False,False,False,False,False,False,False,False,False,False,False,False,False,False,False,False
KOSDAQ,032790,(주)엠젠솔루션,2023,2024,test,1,BB+,near_speculative_BB_plus_to_BB_minus,0.8805941746773932,0.315,True,9,2,2,1.602817,0.680821,0.549678,0.819245,0.059338,-0.77157,-10.897036,-0.237399,-0.022876,-0.068347,-0.518689,-3.577033,0.724504,0,0,0,1,False,False,False,False,False,False,False,False,False,False,False,False,False,False,False,False,False
KOSDAQ,032940,(주)원익,2023,2024,test,1,BB,near_speculative_BB_plus_to_BB_minus,0.5400992394556947,0.315,True,9,1,2,0.704194,0.125792,0.677528,0.475954,0.113843,-26.663541,5.241414,-0.020253,0.076472,0.082925,0.234893,4.169452,1.0,0,0,0,0,False,False,False,False,False,False,False,False,False,False,False,False,False,False,False,False,False
KOSDAQ,033050,제이엠아이(주),2023,2024,test,0,BBB,near_investment_BBB_plus_to_BBB_minus,0.3213278016820243,0.315,True,12,1,1,1.440699,0.294422,0.571055,0.751143,0.087758,-0.571534,7.795788,0.032853,0.108357,0.210093,1.026894,14.1697,1.0,0,0,0,0,False,False,False,False,False,False,False,False,False,False,False,False,False,False,False,False,False
KOSDAQ,033100,제룡전기(주),2023,2024,test,0,A,upper_investment_A_or_above,0.2988461521560207,0.315,False,4,0,0,,,,,,,1000000.0,,,,,1000000.0,,0,0,0,0,False,False,False,False,False,False,False,False,False,False,False,False,False,False,False,False,False
KOSDAQ,033130,(주)디지틀조선일보,2023,2024,test,0,AA-,upper_investment_A_or_above,0.0287802598288921,0.315,False,12,0,0,6.191834,1.086152,0.888207,0.125864,0.0,-3.589451,16.739773,0.090911,0.173212,0.590931,,48.754474,,1,0,0,0,False,False,False,False,False,False,False,False,False,False,False,False,False,False,False,False,False
KOSDAQ,033160,엠케이전자(주),2023,2024,test,1,BB+,near_speculative_BB_plus_to_BB_minus,0.3638202140694684,0.315,True,8,1,3,0.696871,0.08767,0.423379,1.36195,0.130247,-87.561637,2.35823,-0.035046,-0.291635,-0.24478,-1.083674,-16.537612,0.976713,1,0,0,0,False,False,False,False,False,False,False,False,False,False,False,False,False,False,False,False,False
KOSDAQ,033290,로젠(주),2024,2025,test,0,AAA,upper_investment_A_or_above,0.0439462493802431,0.315,False,10,0,1,0.463099,0.18342,0.394865,1.532509,0.341835,-10.774231,1.72755,0.02279,0.046307,0.068353,0.121002,1.955454,0.261746,1,0,0,0,False,False,False,False,False,False,False,False,False,False,False,False,False,False,False,False,False
KOSDAQ,033320,제이씨현시스템(주),2023,2024,test,0,BBB+,near_investment_BBB_plus_to_BBB_minus,0.1341850502129277,0.315,False,9,2,2,3.043133,0.335106,0.747958,0.336973,0.098322,-10.462924,-81.186513,-0.012195,0.035966,0.206113,0.528354,110.751932,0.545191,1,1,0,1,False,False,False,False,False,False,False,False,False,False,False,False,False,False,False,False,False
KOSDAQ,033500,(주)동성화인텍,2023,2024,test,0,BBB+,near_investment_BBB_plus_to_BBB_minus,0.0299735559646135,0.315,False,11,1,1,1.240869,0.145466,0.463536,1.157332,0.059094,-10.018553,7.643037,0.054094,0.121799,0.331204,3.006737,13.248432,1.0,1,0,0,0,False,False,False,False,False,False,False,False,False,False,False,False,False,False,False,False,False
KOSDAQ,033540,(주)파라텍,2023,2024,test,0,BBB+,near_investment_BBB_plus_to_BBB_minus,0.6004055530051304,0.315,True,8,2,2,1.480998,0.247539,0.480337,1.081871,0.234537,-4.300561,-4.071186,-0.069783,-0.072374,-0.148061,-0.328058,-4.016533,0.357411,0,1,0,1,False,False,False,False,False,False,False,False,False,False,False,False,False,False,False,False,False
KOSDAQ,033640,(주)네패스,2023,2024,test,0,BBB+,near_investment_BBB_plus_to_BBB_minus,0.2169710206487902,0.315,False,6,3,4,0.708956,0.251673,0.29401,2.401247,0.383605,-23.348756,-2.90808,-0.227985,0.166546,0.117597,0.216427,3.321747,0.271155,0,1,0,1,False,False,False,False,False,False,False,False,False,False,False,False,False,False,False,False,False
KOSDAQ,033640,(주)네패스,2024,2025,test,1,BB+,near_speculative_BB_plus_to_BB_minus,0.2774527565801999,0.315,False,7,2,3,0.495699,0.209391,0.291836,2.426581,0.381736,-16.819739,0.157467,-0.170999,0.235033,0.217018,0.402594,5.051726,0.393174,0,0,0,1,False,False,False,False,False,False,False,False,False,False,False,False,False,False,False,False,False
KOSDAQ,035760,(주)씨제이이엔엠,2023,2024,test,0,AA-,upper_investment_A_or_above,0.0027767580929,0.315,False,9,1,1,0.818113,0.303619,0.419882,1.381623,0.284394,-36.78137,-0.084287,-0.090829,0.29669,0.224537,0.458019,7.481973,0.322631,0,0,0,1,False,False,False,False,False,False,False,False,False,False,False,False,False,False,False,False,False
KOSDAQ,035760,(주)씨제이이엔엠,2024,2025,test,0,AA-,upper_investment_A_or_above,0.0126198032985193,0.315,False,7,2,3,0.762812,0.255161,0.394785,1.533023,0.220682,-32.262418,0.584955,-0.111032,0.268109,0.248747,0.682182,7.852776,0.508626,0,0,0,1,False,False,False,False,False,False,False,False,False,False,False,False,False,False,False,False,False
KOSDAQ,035810,(주)이지홀딩스,2024,2025,test,0,BBB+,near_investment_BBB_plus_to_BBB_minus,0.0304067005009186,0.315,False,12,0,0,1.071896,0.20946,0.422477,1.366993,0.377633,-35.618743,2.061263,0.010684,0.050185,0.099953,0.15286,2.75383,0.796167,1,0,0,0,False,False,False,False,False,False,False,False,False,False,False,False,False,False,False,False,False
KOSDAQ,035890,(주)서희건설,2023,2024,test,0,A,upper_investment_A_or_above,0.0146971185463776,0.315,False,13,0,0,1.675562,0.373275,0.548252,0.82398,0.053696,-6.342393,44.185284,0.08786,0.055953,0.116056,0.976392,15.620375,0.717736,1,0,0,0,False,False,False,False,False,False,False,False,False,False,False,False,False,False,False,False,False
KOSDAQ,035890,(주)서희건설,2024,2025,test,0,,missing_rating,0.0218951121074199,0.315,False,13,0,0,2.116959,0.408309,0.632088,0.582059,0.049386,-7.47478,56.031365,0.108092,0.16474,0.428301,3.190754,57.699641,0.728928,1,0,0,0,False,False,False,False,False,False,False,False,False,False,False,False,False,False,False,False,False
KOSDAQ,036000,(주)예림당,2023,2024,test,0,BBB+,near_investment_BBB_plus_to_BBB_minus,0.64028759502118,0.315,True,10,2,2,4.128466,0.358788,0.888473,0.125527,0.030872,-16.341397,-3.132961,0.882013,0.1106,0.089866,0.324652,2.590404,1.0,0,0,0,1,False,False,False,False,False,False,False,False,False,False,False,False,False,False,False,False,False
KOSDAQ,036010,아비코전자(주),2023,2024,test,1,BB,near_speculative_BB_plus_to_BB_minus,0.1658940244075512,0.315,False,10,1,1,3.698679,1.54453,0.780855,0.280648,0.075828,-15.425059,-16.700062,-0.01898,0.025617,0.100748,0.291167,11.352407,0.454545,1,0,0,1,False,False,False,False,False,False,False,False,False,False,False,False,False,False,False,False,False
KOSDAQ,036090,(주)위지트,2023,2024,test,0,BBB-,near_investment_BBB_plus_to_BBB_minus,0.6488161186615135,0.315,True,11,1,1,1.497389,0.412642,0.714345,0.399883,0.026241,-2.104154,6.814151,-0.682855,0.082598,0.039604,0.431129,5.425587,0.888889,0,0,0,0,False,False,False,False,False,False,False,False,False,False,False,False,False,False,False,False,False
KOSDAQ,036170,(주)에이치엠넥스,2023,2024,test,1,BB+,near_speculative_BB_plus_to_BB_minus,0.5323931228712057,0.315,True,4,0,0,,,,,,,1000000.0,,,,,1000000.0,,0,0,0,0,False,False,False,False,False,False,False,False,False,False,False,False,False,False,False,False,False
KOSDAQ,036190,(주)금화피에스시,2023,2024,test,0,A+,upper_investment_A_or_above,0.0023501532512609,0.315,False,13,0,0,3.249317,0.736897,0.76739,0.303119,0.048919,-109.113484,20.663739,0.11256,0.118979,0.401154,1.907509,19.099544,0.0,1,0,0,0,False,False,False,False,False,False,False,False,False,False,False,False,False,False,False,False,False
KOSDAQ,036200,유니셈(주),2023,2024,test,0,AA-,upper_investment_A_or_above,0.0090222332836048,0.315,False,11,1,1,6.057739,1.775207,0.880921,0.135176,0.012327,-12.982712,40.773353,0.07854,-0.04439,-0.355537,-3.43445,-24.160347,1.0,1,0,0,0,False,False,False,False,False,False,False,False,False,False,False,False,False,False,False,False,False
KOSDAQ,036480,(주)대성미생물연구소,2023,2024,test,0,BBB,near_investment_BBB_plus_to_BBB_minus,0.3105308176725,0.315,False,4,0,0,,,,,,,1000000.0,,,,,1000000.0,,0,0,0,0,False,False,False,False,False,False,False,False,False,False,False,False,False,False,False,False,False
KOSDAQ,036540,(주)에스에프에이반도체,2023,2024,test,0,BBB,near_investment_BBB_plus_to_BBB_minus,0.1004018876084878,0.315,False,10,1,1,3.749152,1.616116,0.770869,0.297237,0.100998,-4.699785,-3.947569,-0.032093,0.082306,0.257717,0.584672,8.508301,0.0,1,0,0,1,False,False,False,False,False,False,False,False,False,False,False,False,False,False,False,False,False
KOSDAQ,036930,주성엔지니어링(주),2023,2024,test,0,BBB+,near_investment_BBB_plus_to_BBB_minus,0.0604913481207574,0.315,False,13,0,0,3.883637,1.797605,0.639231,0.56438,0.055882,-20.337046,7.847452,0.119408,0.003114,0.003052,0.019703,0.240442,0.0,0,0,0,0,False,False,False,False,False,False,False,False,False,False,False,False,False,False,False,False,False
KOSDAQ,037030,(주)파워넷,2023,2024,test,0,BBB-,near_investment_BBB_plus_to_BBB_minus,0.1930707193873163,0.315,False,11,1,1,1.523671,0.414178,0.631549,0.583409,0.040455,-3.5449,4.932769,-0.001057,0.137859,0.469629,4.277267,17.716031,1.0,0,0,0,0,False,False,False,False,False,False,False,False,False,False,False,False,False,False,False,False,False
KOSDAQ,037070,(주)파세코,2023,2024,test,0,BBB,near_investment_BBB_plus_to_BBB_minus,0.2058306796179106,0.315,False,4,0,0,,,,,,,1000000.0,,,,,1000000.0,,0,0,0,0,False,False,False,False,False,False,False,False,False,False,False,False,False,False,False,False,False
KOSDAQ,038070,(주)서린바이오사이언스,2023,2024,test,0,A,upper_investment_A_or_above,0.4217431418754884,0.315,True,11,0,0,2.602719,0.520932,0.747058,0.338584,0.006767,-18.593706,1.004852,-0.025936,0.010389,0.032243,1.205242,0.374856,0.872296,1,0,0,0,False,True,True,True,True,True,True,False,False,False,False,False,False,True,False,True,True
KOSDAQ,038110,에코플라스틱(주),2023,2024,test,0,BBB,near_investment_BBB_plus_to_BBB_minus,0.1264244716629186,0.315,False,9,1,1,0.800878,0.11826,0.220395,3.537318,0.287686,-9.58208,4.066227,0.020047,0.027306,0.076569,0.207496,3.312636,0.415411,1,0,0,0,False,False,False,False,False,False,False,False,False,False,False,False,False,False,False,False,False
KOSDAQ,038290,(주)마크로젠,2023,2024,test,1,BB+,near_speculative_BB_plus_to_BB_minus,0.2832689977304288,0.315,False,10,2,2,1.285332,0.402997,0.62431,0.601769,0.140643,-28.693261,-0.43016,-0.126131,0.035883,0.049198,0.13142,4.844677,0.248206,1,0,0,1,False,False,False,False,False,False,False,False,False,False,False,False,False,False,False,False,False
KOSDAQ,038540,(주)상상인,2023,2024,test,0,BBB+,near_investment_BBB_plus_to_BBB_minus,0.1784979437433513,0.315,False,6,3,4,1.985727,0.248687,0.118832,7.415276,0.225749,-12.952092,-8.235317,-0.066351,-1.703651,-0.269797,-1.053101,-203.125298,0.994842,0,0,0,1,False,False,False,False,False,False,False,False,False,False,False,False,False,False,False,False,False
KOSDAQ,038680,에스넷시스템(주),2023,2024,test,1,BB+,near_speculative_BB_plus_to_BB_minus,0.1190812625086837,0.315,False,10,1,1,1.310866,0.234573,0.368381,1.714583,0.055584,-10.102437,3.183976,0.044222,0.035374,0.091281,1.037264,3.715674,1.0,0,0,0,0,False,False,False,False,False,False,False,False,False,False,False,False,False,False,False,False,False
KOSDAQ,039010,현대에이치티(주),2023,2024,test,0,A-,upper_investment_A_or_above,0.2058306796179106,0.315,False,4,0,0,,,,,,,1000000.0,,,,,1000000.0,,0,0,0,0,False,False,False,False,False,False,False,False,False,False,False,False,False,False,False,False,False
KOSDAQ,039290,인포뱅크(주),2023,2024,test,0,BBB,near_investment_BBB_plus_to_BBB_minus,0.0776634482193241,0.315,False,8,2,2,1.829073,0.918771,0.772702,0.29416,0.0,-16.912941,-279.774994,0.043454,-0.02294,-0.137068,,-399.340499,,1,1,0,1,False,False,False,False,False,False,False,False,False,False,False,False,False,False,False,False,False
KOSDAQ,039310,(주)세중,2023,2024,test,1,BB+,near_speculative_BB_plus_to_BB_minus,0.3868383102210763,0.315,True,11,1,2,3.558111,1.185333,0.772786,0.294019,0.038159,-10.175496,3.323704,0.379083,-0.217769,-0.265523,-1.581042,-22.243012,1.0,0,0,0,0,False,False,False,False,False,False,False,False,False,False,False,False,False,False,False,False,False
KOSDAQ,039420,(주)케이엘넷,2023,2024,test,0,A+,upper_investment_A_or_above,0.0314903698988557,0.315,False,12,0,0,5.768987,1.125246,0.894379,0.118094,0.0,-3.635035,1000000.0,0.159839,0.17358,1.337254,,1000000.0,,1,0,0,0,False,False,False,False,False,False,False,False,False,False,False,False,False,False,False,False,False
KOSDAQ,040160,(주)누리플렉스,2023,2024,test,1,BB+,near_speculative_BB_plus_to_BB_minus,0.3462586531519765,0.315,True,10,2,2,1.693121,0.216877,0.541266,0.847521,0.191816,-12.672496,0.758919,0.018818,0.189259,0.359613,0.860025,9.627631,0.957202,0,0,0,1,False,False,False,False,False,False,False,False,False,False,False,False,False,False,False,False,False
KOSDAQ,040910,(주)아이씨디,2023,2024,test,1,BB-,near_speculative_BB_plus_to_BB_minus,0.3784780688937063,0.315,True,7,4,4,1.70847,0.393364,0.623517,0.603806,0.036226,-13.150825,-26.548663,-0.600692,-0.023532,-0.018577,-0.193064,-1.045474,0.79046,1,1,1,1,False,False,False,False,False,False,False,False,False,False,False,False,False,False,False,False,False
KOSDAQ,041830,(주)인바디,2023,2024,test,0,A+,upper_investment_A_or_above,0.00668539801054,0.315,False,12,0,0,8.536095,1.277056,0.910291,0.09855,0.0,-35.515472,116.379815,0.214621,0.227096,1.571249,,117.405007,,1,0,0,0,False,False,False,False,False,False,False,False,False,False,False,False,False,False,False,False,False
KOSDAQ,042000,카페24(주),2023,2024,test,0,BBB,near_investment_BBB_plus_to_BBB_minus,0.0390055395847021,0.315,False,9,2,2,0.982358,0.252763,0.542454,0.843473,0.069971,-14.520243,-0.585645,0.007131,0.129417,0.244424,1.598317,6.7884,0.77106,0,1,0,1,False,False,False,False,False,False,False,False,False,False,False,False,False,False,False,False,False
KOSDAQ,042420,(주)네오위즈홀딩스,2023,2024,test,0,A,upper_investment_A_or_above,0.050088141437974,0.315,False,12,0,0,2.626966,1.082901,0.788418,0.268363,0.0,-150.116789,9.299852,0.102386,0.158004,0.306926,,30.997754,,0,0,0,0,False,False,False,False,False,False,False,False,False,False,False,False,False,False,False,False,False
KOSDAQ,042510,라온시큐어(주),2023,2024,test,1,BB+,near_speculative_BB_plus_to_BB_minus,0.3338609065999036,0.315,True,10,2,2,1.588407,0.361207,0.606986,0.647485,0.013228,-0.637991,-0.734089,0.116649,0.154242,0.269141,7.996142,3.55085,1.0,0,0,0,1,True,False,False,False,False,False,False,False,False,False,False,False,False,False,False,False,True
KOSDAQ,043220,(주)티에스넥스젠,2023,2024,test,1,B+,deep_speculative_B_plus_or_lower,0.9553547729376062,0.315,True,9,3,3,2.091054,0.723397,0.65628,0.523739,0.012333,0.106087,-0.776083,0.001475,0.22939,0.239089,6.66355,2.740414,0.005276,0,1,0,1,False,False,False,False,False,False,False,False,False,False,False,False,False,False,False,False,False
KOSDAQ,043910,(주)자연과환경,2023,2024,test,0,BBB-,near_investment_BBB_plus_to_BBB_minus,0.5192400851420796,0.315,True,13,0,0,1.330276,0.320669,0.613233,0.630701,0.133172,-0.920361,2.953573,0.057094,0.060311,0.085301,0.247736,2.739926,0.606546,0,0,0,0,False,True,True,True,True,True,True,True,True,True,True,True,True,True,True,False,True
KOSDAQ,044180,케이디(주),2023,2024,test,1,BB+,near_speculative_BB_plus_to_BB_minus,0.8017080088378425,0.315,True,5,3,4,1.741673,0.003079,0.110451,8.053749,0.351938,-1.437124,0.891165,-0.021005,-0.087107,-0.059602,-0.150647,-3.163731,0.031502,0,0,1,1,False,False,False,False,False,False,False,False,False,False,False,False,False,False,False,False,False
KOSDAQ,044340,(주)위닉스,2023,2024,test,1,BB+,near_speculative_BB_plus_to_BB_minus,0.098162978100263,0.315,False,8,1,1,1.078627,0.122096,0.575996,0.736124,0.153532,-22.449574,0.863462,0.026648,0.147301,0.358363,0.989683,7.320524,0.841117,1,0,0,1,False,False,False,False,False,False,False,False,False,False,False,False,False,False,False,False,False
KOSDAQ,045060,(주)오공,2023,2024,test,0,BBB,near_investment_BBB_plus_to_BBB_minus,0.0090925209172946,0.315,False,13,0,0,3.367883,0.791778,0.798129,0.25293,0.014334,-12.146032,39.785523,0.056601,0.086868,0.488613,6.881187,53.787848,0.5,1,0,0,0,False,False,False,False,False,False,False,False,False,False,False,False,False,False,False,False,False
KOSDAQ,045300,성우테크론(주),2023,2024,test,0,BBB+,near_investment_BBB_plus_to_BBB_minus,0.3308874730683,0.315,True,9,2,2,1.341133,0.498894,0.736442,0.35788,0.128526,-12.807595,-2.389491,-0.031141,0.082056,0.112628,0.230958,8.193977,1.0,1,0,0,1,False,False,False,False,False,False,False,False,False,False,False,False,False,False,False,False,False
KOSDAQ,046120,(주)오르비텍,2023,2024,test,0,BBB,near_investment_BBB_plus_to_BBB_minus,0.7475273711977932,0.315,True,9,2,2,1.424604,0.358246,0.51785,0.931062,0.189163,-2.866201,-2.560429,-0.034505,0.090737,0.119216,0.303866,3.433206,0.529145,0,1,0,1,False,False,False,False,False,False,False,False,False,False,False,False,False,False,False,False,False
KOSDAQ,046940,우원개발(주),2023,2024,test,0,A,upper_investment_A_or_above,0.1249567115377585,0.315,False,11,0,0,1.684333,0.13839,0.539174,0.854689,0.115065,-10.424994,4.170242,0.005842,-0.054942,-0.157211,-0.629616,-42.603585,0.160407,0,0,0,0,False,False,False,False,False,False,False,False,False,False,False,False,False,False,False,False,False
KOSDAQ,046970,(주)우리로,2023,2024,test,1,B,deep_speculative_B_plus_or_lower,0.8716428887164203,0.315,True,8,2,2,3.545698,1.294838,0.749017,0.335083,0.152318,-1.057441,-6.416518,-0.087622,-0.032222,-0.116479,-0.191929,-3.272607,0.999117,0,0,0,1,False,False,False,False,False,False,False,False,False,False,False,False,False,False,False,False,False
KOSDAQ,048430,(주)유라테크,2023,2024,test,0,A-,upper_investment_A_or_above,0.0161459399232482,0.315,False,12,0,0,4.047475,1.133466,0.810359,0.234022,0.0,-22.250624,69.778928,0.082322,0.062773,0.420018,,152.291735,,1,0,0,0,False,False,False,False,False,False,False,False,False,False,False,False,False,False,False,False,False
KOSDAQ,048550,(주)에스엠컬처앤콘텐츠,2023,2024,test,0,BBB,near_investment_BBB_plus_to_BBB_minus,0.2485917580202716,0.315,False,9,0,0,1.212326,0.302363,0.307161,2.255617,5.2e-05,-1.030705,1.642024,-0.077883,-0.081001,-0.046561,-620.477256,-8.118534,0.0,0,0,0,0,False,False,False,False,False,False,False,False,False,False,False,False,False,False,False,False,False
KOSDAQ,048830,(주)엔피케이,2023,2024,test,0,BBB,near_investment_BBB_plus_to_BBB_minus,0.1351299688097936,0.315,False,12,1,1,1.717584,0.919916,0.652599,0.532334,0.023895,-3.748007,10.154693,0.027195,0.098738,0.262832,3.82124,33.795201,1.0,1,0,0,0,False,False,False,False,False,False,False,False,False,False,False,False,False,False,False,False,False
KOSDAQ,049480,(주)오픈베이스,2023,2024,test,0,BBB-,near_investment_BBB_plus_to_BBB_minus,0.1502080643877773,0.315,False,10,1,1,1.60124,0.464599,0.554177,0.804476,0.072196,-5.02112,13.51484,0.028238,-0.000744,-0.001996,-0.012325,-0.310769,0.853944,1,0,1,0,False,False,False,False,False,False,False,False,False,False,False,False,False,False,False,False,False
KOSDAQ,050110,(주)캠시스,2024,2025,test,1,BB,near_speculative_BB_plus_to_BB_minus,0.8989185843876245,0.315,True,7,1,1,1.039291,0.226851,0.314111,2.183583,0.321383,-1.136611,-1.74539,-0.051872,0.031902,0.070058,0.149517,1.795599,0.608111,0,0,0,1,False,False,False,False,False,False,False,False,False,False,False,False,False,False,False,False,False
KOSDAQ,050760,(주)에스폴리텍,2023,2024,test,1,BB-,near_speculative_BB_plus_to_BB_minus,0.686673380634913,0.315,True,7,3,3,1.224868,0.675233,0.548494,0.823174,0.327193,-6.345978,-1.50628,-0.074793,-0.006878,-0.010196,-0.01407,-0.293053,0.963956,0,1,0,1,False,False,False,False,False,False,False,False,False,False,False,False,False,False,False,False,False
KOSDAQ,051490,나라엠앤디(주),2023,2024,test,1,BB,near_speculative_BB_plus_to_BB_minus,0.2647707185638435,0.315,False,11,1,1,1.129891,0.158695,0.421876,1.370367,0.272417,-13.540115,3.434171,0.038605,0.054254,0.086997,0.184626,4.018046,0.984433,1,0,0,0,False,False,False,False,False,False,False,False,False,False,False,False,False,False,False,False,False
KOSDAQ,051500,씨제이프레시웨이(주),2023,2024,test,0,A,upper_investment_A_or_above,0.0027405126944919,0.315,False,9,0,1,0.797921,0.09705,0.268777,2.720552,0.142968,-30.124743,4.753812,0.019419,0.071043,0.217265,1.111216,10.460391,0.279142,1,0,0,0,False,False,False,False,False,False,False,False,False,False,False,False,False,False,False,False,False
KOSDAQ,051500,씨제이프레시웨이(주),2024,2025,test,0,A,upper_investment_A_or_above,0.0027192029495607,0.315,False,10,0,0,0.802327,0.172185,0.265528,2.766087,0.124857,-33.98954,3.962307,0.008498,0.034486,0.096789,0.569364,4.686452,0.365668,1,0,0,0,False,False,False,False,False,False,False,False,False,False,False,False,False,False,False,False,False
KOSDAQ,052900,(주)케이엑스하이텍,2023,2024,test,0,BBB-,near_investment_BBB_plus_to_BBB_minus,0.7938743126833293,0.315,True,13,0,0,1.424571,0.353983,0.600411,0.665525,0.186184,-3.252407,1.976862,0.030635,0.095136,0.188708,0.405005,3.582019,0.515601,0,0,0,0,False,True,True,True,True,True,True,True,True,True,True,True,True,True,True,False,True
KOSDAQ,053060,(주)세동,2023,2024,test,1,BB,near_speculative_BB_plus_to_BB_minus,0.5623264724742781,0.315,True,10,0,0,1.070256,0.180271,0.317504,2.149563,0.285068,-3.238886,5.464093,0.057695,0.081571,0.172273,0.412448,6.031484,0.145831,0,0,0,0,False,True,True,True,True,True,True,False,False,False,False,False,False,False,False,False,True
KOSDAQ,053080,케이엔솔(주),2023,2024,test,0,BBB,near_investment_BBB_plus_to_BBB_minus,0.3529088937433356,0.315,True,11,0,0,1.261307,0.38909,0.42753,1.339018,0.233576,-25.07704,4.225865,0.026987,-0.022428,-0.041252,-0.101104,-2.142356,0.806714,1,0,0,0,True,True,True,True,True,True,True,True,True,True,True,True,True,False,False,True,True
KOSDAQ,053260,금강철강(주),2023,2024,test,0,A-,upper_investment_A_or_above,0.0299888696213381,0.315,False,11,1,1,4.688566,1.048484,0.831371,0.202832,0.013643,-11.795494,75.877784,0.020045,-0.0473,-0.416551,-5.148603,-152.888498,1.0,1,0,0,0,False,False,False,False,False,False,False,False,False,False,False,False,False,False,False,False,False
KOSDAQ,053580,웹케시(주),2023,2024,test,0,A+,upper_investment_A_or_above,0.5415594068747114,0.315,True,4,0,0,,,,,,,1000000.0,,,,,1000000.0,,0,0,0,0,False,False,False,False,False,False,False,False,False,False,False,False,False,False,False,False,False
KOSDAQ,053700,삼보모터스(주),2023,2024,test,1,BB,near_speculative_BB_plus_to_BB_minus,0.0683659191324484,0.315,False,10,0,0,0.940517,0.359931,0.30733,2.253828,0.371437,-27.03992,2.353625,0.020689,0.095804,0.192051,0.358144,6.289251,0.613662,1,0,0,0,False,False,False,False,False,False,False,False,False,False,False,False,False,False,False,False,False
KOSDAQ,053700,삼보모터스(주),2024,2025,test,1,BB+,near_speculative_BB_plus_to_BB_minus,0.1383835367834019,0.315,False,10,0,0,0.847973,0.304073,0.315496,2.169617,0.354436,-32.347429,1.979848,0.027904,0.057333,0.108808,0.210135,3.284994,0.71301,1,0,0,0,False,False,False,False,False,False,False,False,False,False,False,False,False,False,False,False,False
KOSDAQ,054090,(주)삼진엘앤디,2023,2024,test,1,B-,deep_speculative_B_plus_or_lower,0.9409352775557488,0.315,True,6,3,3,1.0646,0.206613,0.391292,1.555638,0.376574,-4.687919,-3.574868,-0.107848,0.018175,0.035015,0.056599,0.956771,0.762739,0,1,0,1,False,False,False,False,False,False,False,False,False,False,False,False,False,False,False,False,False
KOSDAQ,054540,삼영엠텍(주),2023,2024,test,0,BBB-,near_investment_BBB_plus_to_BBB_minus,0.4912679089891913,0.315,True,11,1,1,1.596311,0.101934,0.612685,0.632161,0.247809,-8.099265,4.582865,0.064874,0.03565,0.078984,0.123448,2.609998,0.981917,1,0,0,0,False,False,False,False,False,False,False,False,False,False,False,False,False,False,False,False,False
KOSDAQ,054930,(주)유신,2023,2024,test,0,BBB+,near_investment_BBB_plus_to_BBB_minus,0.2609328163096718,0.315,False,4,0,0,,,,,,,1000000.0,,,,,1000000.0,,0,0,0,0,False,False,False,False,False,False,False,False,False,False,False,False,False,False,False,False,False
KOSDAQ,054930,(주)유신,2024,2025,test,0,BB+,near_speculative_BB_plus_to_BB_minus,0.1210576833559693,0.315,False,10,1,1,1.185645,0.072284,0.503267,0.987017,0.105611,-8.848293,3.722811,0.071921,0.000482,0.001123,0.005282,0.104856,1.0,1,0,0,0,False,False,False,False,False,False,False,False,False,False,False,False,False,False,False,False,False
KOSDAQ,054940,(주)엑사이엔씨,2023,2024,test,1,BB,near_speculative_BB_plus_to_BB_minus,0.5546372971560961,0.315,True,11,0,0,1.525832,0.283667,0.527506,0.895713,0.2242,-3.387565,1.979341,-0.004959,0.013522,0.03732,0.078651,1.306767,0.854515,0,0,0,0,False,True,True,True,True,True,True,False,False,False,False,False,False,True,False,False,True
KOSDAQ,054940,(주)엑사이엔씨,2024,2025,test,1,BB,near_speculative_BB_plus_to_BB_minus,0.624580936947201,0.315,True,12,1,1,1.327024,0.166327,0.493987,1.024344,0.160651,-4.044095,4.887675,0.037998,0.028235,0.066909,0.210747,3.292384,0.995406,0,0,0,0,False,False,False,False,False,False,False,False,False,False,False,False,False,False,False,False,False
KOSDAQ,056190,(주)에스에프에이,2023,2024,test,0,AA-,upper_investment_A_or_above,0.0044774001317023,0.315,False,12,0,0,2.066095,0.303766,0.572598,0.746427,0.124402,-89.105172,7.240473,0.025312,-0.040755,-0.06349,-0.218128,-6.494376,0.247039,1,0,0,0,False,False,False,False,False,False,False,False,False,False,False,False,False,False,False,False,False
KOSDAQ,058400,(주)케이엔엔,2023,2024,test,0,A+,upper_investment_A_or_above,0.0140375189777621,0.315,False,12,0,0,4.538534,0.592799,0.936516,0.067788,0.0,-2.25409,263.15033,0.12786,0.17489,0.791195,,499.216035,,1,0,0,0,False,False,False,False,False,False,False,False,False,False,False,False,False,False,False,False,False
KOSDAQ,059120,(주)아진엑스텍,2023,2024,test,0,BBB+,near_investment_BBB_plus_to_BBB_minus,0.3240185597236945,0.315,True,4,0,0,,,,,,,1000000.0,,,,,1000000.0,,0,0,0,0,True,False,False,False,False,False,False,False,False,False,False,False,False,False,False,False,True
KOSDAQ,060150,인선이엔티(주),2023,2024,test,0,A+,upper_investment_A_or_above,0.1407087744378249,0.315,False,13,0,0,1.220134,0.543195,0.630478,0.586098,0.265165,-13.758502,4.012967,0.007747,0.133499,0.146474,0.20412,4.586698,0.505147,0,0,0,0,False,False,False,False,False,False,False,False,False,False,False,False,False,False,False,False,False
KOSDAQ,060250,엔에이치엔케이씨피(주),2023,2024,test,0,AA-,upper_investment_A_or_above,0.0179323011274032,0.315,False,12,0,0,1.462416,0.866531,0.428394,1.334302,0.0,-10.13653,593.310591,0.036229,0.065273,0.212632,,897.142986,,1,0,0,0,False,False,False,False,False,False,False,False,False,False,False,False,False,False,False,False,False
KOSDAQ,061040,(주)알에프텍,2023,2024,test,1,BB-,near_speculative_BB_plus_to_BB_minus,0.4406340453742496,0.315,True,11,1,1,1.672549,0.907002,0.552435,0.810167,0.176003,-13.655737,0.989124,0.00486,0.088729,0.146422,0.372341,5.474956,0.310649,0,0,0,1,False,False,False,False,False,False,False,False,False,False,False,False,False,False,False,False,False
KOSDAQ,062970,(주)한국첨단소재,2023,2024,test,1,B-,deep_speculative_B_plus_or_lower,0.5401962495621305,0.315,True,4,0,0,,,,,,,1000000.0,,,,,1000000.0,,0,0,0,0,False,False,False,False,False,False,False,False,False,False,False,False,False,False,False,False,False
KOSDAQ,063080,(주)컴투스홀딩스,2023,2024,test,0,BBB,near_investment_BBB_plus_to_BBB_minus,0.2525844213248578,0.315,False,5,3,4,0.285038,0.089863,0.459859,1.174577,0.239675,-82.202367,-0.272552,-0.093903,-0.019701,-0.00936,-0.021093,-0.245286,0.580414,0,1,1,1,False,False,False,False,False,False,False,False,False,False,False,False,False,False,False,False,False
KOSDAQ,064480,(주)브리지텍,2023,2024,test,0,AA-,upper_investment_A_or_above,0.2841213507208738,0.315,False,4,0,0,,,,,,,1000000.0,,,,,1000000.0,,0,0,0,0,False,False,False,False,False,False,False,False,False,False,False,False,False,False,False,False,False
KOSDAQ,065370,(주)위세아이텍,2023,2024,test,0,BBB,near_investment_BBB_plus_to_BBB_minus,0.4945913455800306,0.315,True,6,3,4,0.441055,0.082971,0.646558,0.546652,0.198929,-7.838335,-5.339553,-0.11923,-0.085142,-0.131859,-0.234277,-4.377982,1.0,1,0,0,1,False,False,False,False,False,False,False,False,False,False,False,False,False,False,False,False,False
KOSDAQ,067170,(주)오텍,2024,2025,test,1,BB-,near_speculative_BB_plus_to_BB_minus,0.4931815954056576,0.315,True,4,4,4,0.936646,0.115564,0.236179,3.234076,0.370312,-15.654785,-0.804824,-0.034814,0.001026,0.002251,0.004644,0.050488,0.930173,1,1,0,1,False,False,False,False,False,False,False,False,False,False,False,False,False,False,False,False,False
KOSDAQ,067280,(주)멀티캠퍼스,2023,2024,test,0,AA,upper_investment_A_or_above,0.002519157323489,0.315,False,12,0,0,2.844975,0.451962,0.633079,0.579582,0.0,-65.607704,23.338046,0.08907,0.165553,0.518938,,34.391915,,1,0,0,0,False,False,False,False,False,False,False,False,False,False,False,False,False,False,False,False,False
KOSDAQ,067310,하나마이크론(주),2023,2024,test,0,BBB,near_investment_BBB_plus_to_BBB_minus,0.0876131494380141,0.315,False,10,0,1,0.679979,0.165481,0.31557,2.168865,0.460637,-21.692331,1.272737,0.000995,0.085865,0.070395,0.104595,1.826858,0.36784,1,0,0,0,False,False,False,False,False,False,False,False,False,False,False,False,False,False,False,False,False
KOSDAQ,067310,하나마이크론(주),2024,2025,test,0,BBB,near_investment_BBB_plus_to_BBB_minus,0.0442933246869622,0.315,False,9,0,0,0.994199,0.249963,0.311536,2.209897,0.490848,-17.283122,1.639431,-0.008921,0.032759,0.030602,0.042923,0.628967,0.25968,1,0,0,0,False,False,False,False,False,False,False,False,False,False,False,False,False,False,False,False,False
KOSDAQ,067570,엔브이에이치코리아(주),2023,2024,test,0,BBB,near_investment_BBB_plus_to_BBB_minus,0.1262600550162288,0.315,False,10,0,1,0.785001,0.220152,0.274653,2.640961,0.362988,-15.261987,2.121417,0.007703,0.016575,0.024011,0.047981,0.766461,0.66655,1,0,0,0,False,False,False,False,False,False,False,False,False,False,False,False,False,False,False,False,False
KOSDAQ,067730,(주)로지시스,2023,2024,test,0,A-,upper_investment_A_or_above,0.322255304424888,0.315,True,4,0,0,,,,,,,1000000.0,,,,,1000000.0,,0,0,0,0,True,False,False,False,False,False,False,False,False,False,False,False,False,False,False,False,True
KOSDAQ,068240,(주)다원시스,2023,2024,test,0,A,upper_investment_A_or_above,0.5461565275851201,0.315,True,7,1,1,1.01929,0.141073,0.317386,2.150735,0.285095,-11.327083,1.397375,0.0081,-0.007524,-0.005928,-0.014193,-0.195237,0.509192,0,0,1,0,False,False,False,False,False,False,False,False,False,False,False,False,False,False,False,False,False
KOSDAQ,068240,(주)다원시스,2024,2025,test,1,BB-,near_speculative_BB_plus_to_BB_minus,0.4379178617471244,0.315,True,5,2,2,1.082507,0.131819,0.347215,1.880061,0.286444,-12.569472,0.480873,0.039511,-0.168864,-0.104592,-0.238357,-3.201638,0.601173,0,0,1,1,False,False,False,False,False,False,False,False,False,False,False,False,False,False,False,False,False
KOSDAQ,068940,(주)셀피글로벌,2023,2024,test,1,CCC,deep_speculative_B_plus_or_lower,0.8008620482347961,0.315,True,12,1,1,1.678025,0.380461,0.565646,0.76789,0.224906,-1.434597,2.910385,0.006792,0.057399,0.138618,0.267708,2.802954,1.0,0,0,0,0,False,False,False,False,False,False,False,False,False,False,False,False,False,False,False,False,False
KOSDAQ,069140,(주)누리플랜,2023,2024,test,1,BB-,near_speculative_BB_plus_to_BB_minus,0.9422058917027908,0.315,True,4,3,4,0.67211,0.112488,0.280653,2.563119,0.265027,-5.487905,-6.778363,-0.232097,-0.107259,-0.120292,-0.3265,-3.604336,0.730202,0,1,0,1,False,False,False,False,False,False,False,False,False,False,False,False,False,False,False,False,False
KOSDAQ,069510,에스텍(주),2023,2024,test,0,BBB+,near_investment_BBB_plus_to_BBB_minus,0.0242176975314301,0.315,False,12,1,1,2.057411,0.537276,0.581746,0.718963,0.077695,-27.556459,14.996527,0.052244,0.115122,0.426164,2.294172,29.14991,1.0,1,0,0,0,False,False,False,False,False,False,False,False,False,False,False,False,False,False,False,False,False
KOSDAQ,071200,(주)인피니트헬스케어,2023,2024,test,0,A,upper_investment_A_or_above,0.038763587626201,0.315,False,12,1,1,4.243958,0.411555,0.763541,0.309687,0.005125,-9.767931,23.0858,0.187774,0.114273,0.251155,11.588634,76.395606,1.0,0,0,0,0,False,False,False,False,False,False,False,False,False,False,False,False,False,False,False,False,False
KOSDAQ,072990,(주)에이치시티,2023,2024,test,0,A,upper_investment_A_or_above,0.2593128347591744,0.315,False,12,0,0,0.926368,0.254006,0.593551,0.684777,0.253547,-22.357823,5.169477,0.083751,0.188955,0.244194,0.391457,9.034872,0.567466,0,0,0,0,False,False,False,False,False,False,False,False,False,False,False,False,False,False,False,False,False
KOSDAQ,073190,(주)듀오백,2023,2024,test,1,BB,near_speculative_BB_plus_to_BB_minus,0.6559667738966308,0.315,True,4,0,0,,,,,,,1000000.0,,,,,1000000.0,,0,0,0,0,False,False,False,False,False,False,False,False,False,False,False,False,False,False,False,False,False
KOSDAQ,073560,우리손에프앤지농업회사법인(주),2023,2024,test,0,BBB,near_investment_BBB_plus_to_BBB_minus,0.0670725309303017,0.315,False,11,1,1,1.283794,0.1854,0.53684,0.862752,0.361756,-6.503973,0.466352,0.006119,0.078248,0.097502,0.124833,2.199634,0.648949,1,0,0,1,False,False,False,False,False,False,False,False,False,False,False,False,False,False,False,False,False
KOSDAQ,073560,우리손에프앤지농업회사법인(주),2024,2025,test,0,BBB,near_investment_BBB_plus_to_BBB_minus,0.0724322445184506,0.315,False,13,0,0,1.301169,0.218367,0.578563,0.72842,0.312499,-8.533807,2.825124,0.053239,0.128142,0.155991,0.21037,3.848862,0.702049,1,0,0,0,False,False,False,False,False,False,False,False,False,False,False,False,False,False,False,False,False
KOSDAQ,075130,(주)플랜티넷,2023,2024,test,0,BBB,near_investment_BBB_plus_to_BBB_minus,0.0699684607109728,0.315,False,12,1,1,3.715249,1.803928,0.852175,0.173467,0.025264,-8.422208,8.578296,0.07216,0.140927,0.343043,2.007232,31.443438,1.0,1,0,0,0,False,False,False,False,False,False,False,False,False,False,False,False,False,False,False,False,False
KOSDAQ,078140,대봉엘에스(주),2023,2024,test,0,A-,upper_investment_A_or_above,0.158054282494296,0.315,False,12,1,1,2.770666,0.347053,0.786099,0.272104,0.143807,-26.641773,5.920496,0.07055,0.067206,0.141238,0.210081,9.172945,0.995541,1,0,0,0,False,False,False,False,False,False,False,False,False,False,False,False,False,False,False,False,False
KOSDAQ,078150,(주)에이치비테크놀러지,2023,2024,test,0,BBB,near_investment_BBB_plus_to_BBB_minus,0.5863587144178806,0.315,True,9,2,2,1.646434,0.399018,0.77004,0.298634,0.023253,-5.714752,-53.559258,0.71027,-0.131314,-0.157712,-1.559662,-35.589801,1.0,1,0,0,1,False,False,False,False,False,False,False,False,False,False,False,False,False,False,False,False,False
KOSDAQ,078340,(주)컴투스,2023,2024,test,0,A-,upper_investment_A_or_above,0.0048748861845432,0.315,False,8,3,3,1.296584,0.413853,0.720721,0.3875,0.050445,-191.247118,-2.287063,0.056909,-0.012477,-0.019256,-0.106608,-0.635915,0.173742,1,1,1,1,False,False,False,False,False,False,False,False,False,False,False,False,False,False,False,False,False
KOSDAQ,078340,(주)컴투스,2024,2025,test,0,A-,upper_investment_A_or_above,0.0318879660163613,0.315,False,9,2,2,1.028174,0.346201,0.63784,0.567791,0.157948,-162.195936,0.404924,-0.219009,0.022377,0.026049,0.059728,1.025979,0.660973,1,0,0,1,False,False,False,False,False,False,False,False,False,False,False,False,False,False,False,False,False
KOSDAQ,079190,(주)케스피온,2023,2024,test,1,B,deep_speculative_B_plus_or_lower,0.9319621746144072,0.315,True,10,2,2,2.531186,1.345236,0.595236,0.680007,0.118198,-0.202353,0.737352,0.043107,0.063518,0.256071,0.876903,2.765135,1.0,0,0,0,1,False,False,False,False,False,False,False,False,False,False,False,False,False,False,False,False,False
KOSDAQ,079650,(주)서산,2023,2024,test,0,BBB-,near_investment_BBB_plus_to_BBB_minus,0.4396140311355817,0.315,True,9,2,2,11.673798,1.137157,0.933283,0.071487,0.0,-52.159292,-151.972436,0.037193,0.101118,0.548842,,402.024865,,0,1,0,1,False,False,False,False,False,False,False,False,False,False,False,False,False,False,False,False,False
KOSDAQ,079810,(주)디이엔티,2023,2024,test,1,BB,near_speculative_BB_plus_to_BB_minus,0.6870209373510994,0.315,True,9,2,3,2.139884,0.642634,0.619522,0.614147,0.126339,-12.195131,0.830848,0.007969,-0.382462,-0.545716,-1.643455,-23.154019,0.951497,0,0,0,1,False,False,False,False,False,False,False,False,False,False,False,False,False,False,False,False,False
KOSDAQ,079940,(주)가비아,2023,2024,test,0,A-,upper_investment_A_or_above,0.0044751061419192,0.315,False,13,0,0,2.395225,0.863069,0.630587,0.585823,0.172721,-42.108489,78.098881,0.132422,0.222465,0.34049,0.728234,106.682436,0.076959,1,0,0,0,False,False,False,False,False,False,False,False,False,False,False,False,False,False,False,False,False
KOSDAQ,079950,인베니아(주),2023,2024,test,1,B+,deep_speculative_B_plus_or_lower,0.9669156610914048,0.315,True,3,4,6,0.780824,0.047467,0.397438,1.516113,0.256574,-2.004568,-7.669392,-0.770348,-0.175076,-0.075202,-0.176612,-2.154817,0.955556,0,1,0,1,False,False,False,False,False,False,False,False,False,False,False,False,False,False,False,False,False
KOSDAQ,079960,동양이엔피(주),2023,2024,test,0,A-,upper_investment_A_or_above,0.0327529567724404,0.315,False,12,0,0,3.346907,0.19746,0.768904,0.300552,0.0,-82.011148,782.955383,0.087469,0.142959,0.782832,,1398.959775,,0,0,0,0,False,False,False,False,False,False,False,False,False,False,False,False,False,False,False,False,False
KOSDAQ,080520,(주)오디텍,2023,2024,test,0,BBB-,near_investment_BBB_plus_to_BBB_minus,0.2455539047087339,0.315,False,9,2,2,4.702772,1.106996,0.891318,0.121934,0.0,-19.948238,-11.801124,0.084396,0.109359,0.254873,,10.610381,,1,1,0,1,False,False,False,False,False,False,False,False,False,False,False,False,False,False,False,False,False
KOSDAQ,080530,(주)코디,2023,2024,test,1,BB,near_speculative_BB_plus_to_BB_minus,0.9781781016859166,0.315,True,5,3,3,2.839218,0.847882,0.39938,1.503878,0.479138,-0.612092,-0.238601,-0.078442,-0.01077,-0.022249,-0.02789,-0.263643,0.0,0,1,1,1,False,False,False,False,False,False,False,False,False,False,False,False,False,False,False,False,False
KOSDAQ,080720,한국유니온제약(주),2024,2025,test,1,D,deep_speculative_B_plus_or_lower,0.984138058252985,0.315,True,4,5,6,0.62859,0.06762,0.110138,8.079522,0.252336,-1.085059,-3.430746,-0.407023,0.008097,0.00623,0.021969,0.105909,1.0,0,1,0,1,False,False,False,False,False,False,False,False,False,False,False,False,False,False,False,False,False
KOSDAQ,082800,(주)비보존제약,2024,2025,test,1,B-,deep_speculative_B_plus_or_lower,0.9142348157181942,0.315,True,8,3,4,0.614962,0.090359,0.576998,0.733107,0.051217,0.150364,1.265878,-0.113948,0.065425,0.073457,0.606679,2.542647,1.0,0,0,0,0,False,False,False,False,False,False,False,False,False,False,False,False,False,False,False,False,False
KOSDAQ,083310,(주)엘오티베큠,2023,2024,test,0,A,upper_investment_A_or_above,0.0088429695553046,0.315,False,12,0,0,2.292408,1.071889,0.70672,0.414988,0.044465,-28.209962,45.887528,0.106317,0.175566,0.769353,5.074425,56.750108,0.867658,1,0,0,0,False,False,False,False,False,False,False,False,False,False,False,False,False,False,False,False,False
KOSDAQ,083450,(주)글로벌스탠다드테크놀로지,2023,2024,test,0,A+,upper_investment_A_or_above,0.0034683102185194,0.315,False,13,0,0,4.546874,1.202889,0.833156,0.200255,0.029597,-49.033731,462.129954,0.132289,0.169925,1.016412,5.729671,515.445724,0.640042,1,0,0,0,False,False,False,False,False,False,False,False,False,False,False,False,False,False,False,False,False
KOSDAQ,083930,(주)아바코,2023,2024,test,0,A,upper_investment_A_or_above,0.0198131162649337,0.315,False,12,0,0,1.623727,0.307721,0.533952,0.872826,0.0,-22.0271,128.432921,0.022783,0.097232,0.113017,,529.293518,,1,0,0,0,False,False,False,False,False,False,False,False,False,False,False,False,False,False,False,False,False
KOSDAQ,085670,(주)뉴프렉스,2023,2024,test,0,BBB-,near_investment_BBB_plus_to_BBB_minus,0.6318451066735515,0.315,True,10,1,1,0.87694,0.098842,0.451218,1.216225,0.327748,-4.981317,3.804959,0.034786,0.030182,0.066214,0.110869,2.16978,0.959877,0,0,0,0,False,False,False,False,False,False,False,False,False,False,False,False,False,False,False,False,False
KOSDAQ,086450,동국제약(주),2023,2024,test,0,BBB+,near_investment_BBB_plus_to_BBB_minus,0.0067937639294857,0.315,False,13,0,0,1.813503,0.261957,0.686301,0.457087,0.07978,-24.477265,11.396836,0.066856,0.057173,0.15869,0.623983,7.122534,0.720058,1,0,0,0,False,False,False,False,False,False,False,False,False,False,False,False,False,False,False,False,False
KOSDAQ,086520,(주)에코프로,2023,2024,test,0,A-,upper_investment_A_or_above,0.0064544718978889,0.315,False,13,0,0,1.449585,0.40676,0.461313,1.167724,0.319024,-260.843073,2.548183,0.018632,0.011143,0.019873,0.033556,0.69137,0.66074,1,0,0,0,False,False,False,False,False,False,False,False,False,False,False,False,False,False,False,False,False
KOSDAQ,086520,(주)에코프로,2024,2025,test,0,BBB+,near_investment_BBB_plus_to_BBB_minus,0.0347815208172025,0.315,False,10,1,1,1.215044,0.43684,0.471656,1.120189,0.352989,-287.306253,-2.394066,-0.094431,0.156283,0.113686,0.170163,3.993634,0.449035,1,0,0,1,False,False,False,False,False,False,False,False,False,False,False,False,False,False,False,False,False
KOSDAQ,086670,(주)비엠티,2023,2024,test,1,BB,near_speculative_BB_plus_to_BB_minus,0.231637033411979,0.315,False,12,0,0,1.405118,0.098016,0.486367,1.056059,0.38122,-25.578599,4.092266,0.111793,0.09681,0.113093,0.152375,3.399961,0.583338,1,0,0,0,False,False,False,False,False,False,False,False,False,False,False,False,False,False,False,False,False
KOSDAQ,086710,선진뷰티사이언스(주),2023,2024,test,0,A-,upper_investment_A_or_above,0.3676197289425737,0.315,True,13,0,0,1.479679,0.353415,0.57911,0.726788,0.284837,-10.93708,5.074278,0.091819,0.030266,0.041521,0.061354,1.233254,0.340549,1,0,0,0,False,True,True,True,True,True,True,True,True,True,True,True,True,True,True,True,True
KOSDAQ,086890,(주)이수앱지스,2023,2024,test,1,B+,deep_speculative_B_plus_or_lower,0.21432536801147,0.315,False,4,0,0,,,,,,,1000000.0,,,,,1000000.0,,0,0,0,0,False,False,False,False,False,False,False,False,False,False,False,False,False,False,False,False,False
KOSDAQ,086890,(주)이수앱지스,2024,2025,test,1,B+,deep_speculative_B_plus_or_lower,0.2316820960708796,0.315,False,4,0,0,,,,,,,1000000.0,,,,,1000000.0,,0,0,0,0,False,False,False,False,False,False,False,False,False,False,False,False,False,False,False,False,False
KOSDAQ,087600,(주)픽셀플러스,2023,2024,test,0,A-,upper_investment_A_or_above,0.3268851283594954,0.315,True,4,0,0,,,,,,,1000000.0,,,,,1000000.0,,0,0,0,0,True,False,False,False,False,False,False,False,False,False,False,False,False,False,False,False,True
KOSDAQ,088290,이원컴포텍(주),2023,2024,test,1,BB,near_speculative_BB_plus_to_BB_minus,0.3147086048314541,0.315,False,4,0,0,,,,,,,1000000.0,,,,,1000000.0,,0,0,0,0,False,False,False,False,False,False,False,False,False,False,False,False,False,False,False,False,False
KOSDAQ,088800,(주)에이스테크놀로지,2023,2024,test,1,B-,deep_speculative_B_plus_or_lower,0.9684955261795304,0.315,True,3,5,7,0.680211,0.03758,0.083158,11.02524,0.250788,0.422248,-7.791406,-0.563012,0.211837,0.124692,0.455854,3.710821,0.891359,0,1,0,1,False,False,False,False,False,False,False,False,False,False,False,False,False,False,False,False,False
KOSDAQ,089150,(주)케이씨티,2023,2024,test,0,BBB-,near_investment_BBB_plus_to_BBB_minus,0.4511150639588942,0.315,True,4,0,0,,,,,,,1000000.0,,,,,1000000.0,,0,0,0,0,False,False,False,False,False,False,False,False,False,False,False,False,False,False,False,False,False
KOSDAQ,089970,브이엠(주),2023,2024,test,0,BBB,near_investment_BBB_plus_to_BBB_minus,0.8973145283121365,0.315,True,7,3,4,5.21306,2.524982,0.809501,0.23533,0.0,-49.947166,-16.321037,-0.268192,-0.599392,-0.542213,,-23.208676,,0,0,1,1,False,False,False,False,False,False,False,False,False,False,False,False,False,False,False,False,False
KOSDAQ,089980,(주)상아프론테크,2023,2024,test,0,BBB-,near_investment_BBB_plus_to_BBB_minus,0.1124922403512682,0.315,False,13,0,0,1.704291,0.209652,0.553159,0.807799,0.282203,-23.144803,1.206228,0.065328,0.156181,0.1839,0.291187,3.861005,0.615895,1,0,0,0,False,False,False,False,False,False,False,False,False,False,False,False,False,False,False,False,False
KOSDAQ,090150,(주)아이윈,2023,2024,test,1,B,deep_speculative_B_plus_or_lower,0.9691116147301356,0.315,True,7,2,3,0.682727,0.089137,0.320486,2.120266,0.304258,-1.1381,1.604927,-0.325704,0.061028,0.069616,0.155478,1.669038,0.971765,1,0,0,0,False,False,False,False,False,False,False,False,False,False,False,False,False,False,False,False,False
KOSDAQ,090360,(주)로보스타,2023,2024,test,0,BBB-,near_investment_BBB_plus_to_BBB_minus,0.0150214266270732,0.315,False,12,1,1,2.884855,0.909013,0.775892,0.288838,0.0001,-17.45127,69.69135,0.006754,0.07133,0.281902,631.769085,449.331227,1.0,0,0,0,0,False,False,False,False,False,False,False,False,False,False,False,False,False,False,False,False,False
KOSDAQ,090710,휴림로봇(주),2024,2025,test,1,B,deep_speculative_B_plus_or_lower,0.9086463240458568,0.315,True,7,3,4,1.602999,0.382635,0.634121,0.576986,0.066192,-2.874903,-2.945801,-0.070562,-0.2315,-0.251434,-1.389814,-18.379749,1.0,0,1,0,1,False,False,False,False,False,False,False,False,False,False,False,False,False,False,False,False,False
KOSDAQ,091120,(주)이엠텍,2023,2024,test,0,BBB-,near_investment_BBB_plus_to_BBB_minus,0.2211137532047654,0.315,False,10,1,1,2.900034,1.108713,0.604629,0.653906,0.282953,-27.619097,-2.22522,-0.046217,0.115056,0.187186,0.261555,4.620296,0.17174,1,0,0,1,False,False,False,False,False,False,False,False,False,False,False,False,False,False,False,False,False
KOSDAQ,091580,상신이디피(주),2023,2024,test,0,BBB-,near_investment_BBB_plus_to_BBB_minus,0.1150856730438136,0.315,False,11,0,0,1.18291,0.632927,0.505979,0.976365,0.325766,-20.226317,7.952165,0.086935,0.154541,0.32461,0.492268,12.273237,0.883401,1,0,0,0,False,False,False,False,False,False,False,False,False,False,False,False,False,False,False,False,False
KOSDAQ,091590,남화토건(주),2023,2024,test,0,A+,upper_investment_A_or_above,0.2417266561193138,0.315,False,8,2,3,2.109109,0.548944,0.863391,0.158224,0.0,-26.255254,-34.659013,-0.156432,-0.315243,-0.894103,,-179.317963,,1,0,0,1,False,False,False,False,False,False,False,False,False,False,False,False,False,False,False,False,False
KOSDAQ,092730,(주)네오팜,2023,2024,test,0,AA-,upper_investment_A_or_above,0.0081309487804294,0.315,False,12,0,0,7.93768,0.701155,0.901765,0.108936,0.0,-37.99571,1186.854805,0.239049,0.239563,1.334441,,1090.968907,,1,0,0,0,False,False,False,False,False,False,False,False,False,False,False,False,False,False,False,False,False
KOSDAQ,092870,(주)엑시콘,2023,2024,test,1,BB+,near_speculative_BB_plus_to_BB_minus,0.0168424239424952,0.315,False,13,0,0,3.668164,1.861962,0.879343,0.137213,0.048197,-25.907651,1000000.0,0.059372,0.257512,1.058169,2.64904,1000000.0,0.578192,1,0,0,0,False,False,False,False,False,False,False,False,False,False,False,False,False,False,False,False,False
KOSDAQ,094480,갤럭시아머니트리(주),2023,2024,test,0,BBB,near_investment_BBB_plus_to_BBB_minus,0.126640118763558,0.315,False,8,1,1,1.258866,0.126787,0.313923,2.185494,0.215644,-4.779087,1.718506,-0.002655,0.156286,0.083518,0.265713,3.84789,1.0,1,0,0,0,False,False,False,False,False,False,False,False,False,False,False,False,False,False,False,False,False
KOSDAQ,094850,참좋은여행(주),2023,2024,test,0,BBB-,near_investment_BBB_plus_to_BBB_minus,0.0383824399683652,0.315,False,11,0,0,1.771201,0.14406,0.589536,0.69625,0.0,-11.075616,68.18131,0.105012,0.294197,0.343242,,214.566459,,0,0,0,0,False,False,False,False,False,False,False,False,False,False,False,False,False,False,False,False,False
KOSDAQ,094970,제이엠티(주),2023,2024,test,1,BB,near_speculative_BB_plus_to_BB_minus,0.0123269867060947,0.315,False,12,1,1,2.636693,0.255561,0.713055,0.402416,0.027052,-17.885609,53.294298,0.18941,0.355906,0.686385,7.280508,157.019738,1.0,1,0,0,0,False,False,False,False,False,False,False,False,False,False,False,False,False,False,False,False,False
KOSDAQ,095500,미래나노텍(주),2023,2024,test,1,BB,near_speculative_BB_plus_to_BB_minus,0.4288648596485238,0.315,True,12,0,0,1.251845,0.524183,0.435972,1.293724,0.253323,-16.570173,1.694476,0.001158,0.093653,0.184421,0.410615,8.036975,0.871227,0,0,0,0,True,True,True,True,True,True,True,True,True,True,True,True,True,True,False,False,True
KOSDAQ,095610,(주)테스,2023,2024,test,0,A-,upper_investment_A_or_above,0.1039249733572184,0.315,False,10,1,1,9.316899,1.002261,0.928748,0.076719,0.0,-29.240313,-399.119425,0.010657,0.1948,1.248235,,1948.898209,,1,0,0,1,False,False,False,False,False,False,False,False,False,False,False,False,False,False,False,False,False
KOSDAQ,095910,(주)에스에너지,2023,2024,test,0,BBB,near_investment_BBB_plus_to_BBB_minus,0.6662770098217004,0.315,True,5,2,2,1.307902,0.094741,0.331944,2.012552,0.361602,-10.192117,0.329462,-0.041142,-0.014005,-0.010829,-0.020006,-0.249722,0.777642,1,0,1,1,False,False,False,False,False,False,False,False,False,False,False,False,False,False,False,False,False
KOSDAQ,096350,(주)대창솔루션,2023,2024,test,1,B+,deep_speculative_B_plus_or_lower,0.9603022568965236,0.315,True,7,1,2,0.498353,0.092051,0.277611,2.602159,0.487087,-1.183812,1.540375,0.039056,-0.007866,-0.006062,-0.00899,-0.155258,0.71169,0,0,1,0,False,False,False,False,False,False,False,False,False,False,False,False,False,False,False,False,False
KOSDAQ,096690,(주)에이루트,2023,2024,test,1,BB,near_speculative_BB_plus_to_BB_minus,0.7882378309340603,0.315,True,7,4,5,2.152128,0.343314,0.791638,0.263204,0.081564,-0.958843,-16.855789,-0.212873,-0.300073,-0.432729,-1.105445,-44.515478,1.0,1,0,1,1,False,False,False,False,False,False,False,False,False,False,False,False,False,False,False,False,False
KOSDAQ,099320,(주)쎄트렉아이,2023,2024,test,0,A+,upper_investment_A_or_above,0.2554217445300786,0.315,False,9,2,2,2.028626,1.253451,0.695463,0.437891,0.0,-38.85942,-3.035621,0.330581,0.227651,0.29878,,19.909787,,1,1,0,1,False,False,False,False,False,False,False,False,False,False,False,False,False,False,False,False,False
KOSDAQ,099520,(주)디지아이티엑스,2023,2024,test,1,BB,near_speculative_BB_plus_to_BB_minus,0.862875057927861,0.315,True,8,2,2,16.445377,9.332891,0.897542,0.114154,0.0,-0.125727,-45.342135,-0.37594,-0.085351,-0.39286,,-11.799445,,0,0,0,1,False,False,False,False,False,False,False,False,False,False,False,False,False,False,False,False,False
KOSDAQ,100030,(주)인지소프트,2023,2024,test,0,A-,upper_investment_A_or_above,0.0138010889153756,0.315,False,12,0,0,4.293453,0.270727,0.839733,0.190855,0.0,-31.459058,29.012239,0.221095,0.179108,0.426233,,33.01693,,1,0,0,0,False,False,False,False,False,False,False,False,False,False,False,False,False,False,False,False,False
KOSDAQ,100120,(주)뷰웍스,2023,2024,test,0,A,upper_investment_A_or_above,0.008578902240953,0.315,False,12,1,1,2.550907,0.56382,0.736809,0.357203,0.173658,-42.120861,7.554133,0.067011,0.105585,0.301902,0.457552,9.375968,0.995081,1,0,0,0,False,False,False,False,False,False,False,False,False,False,False,False,False,False,False,False,False
KOSDAQ,100590,(주)머큐리,2023,2024,test,0,BBB,near_investment_BBB_plus_to_BBB_minus,0.1456624979411198,0.315,False,12,1,1,2.673121,0.389528,0.728934,0.371866,0.057744,-11.722934,3.534062,0.021524,0.1121,0.459883,2.158817,12.317411,0.945474,0,0,0,0,False,False,False,False,False,False,False,False,False,False,False,False,False,False,False,False,False
KOSDAQ,101490,(주)에스앤에스텍,2023,2024,test,0,A+,upper_investment_A_or_above,0.0063861668745367,0.315,False,12,1,1,4.044321,2.02292,0.859946,0.162863,0.045114,-19.585909,338.100744,0.171998,0.170022,0.710727,2.206403,345.099259,1.0,1,0,0,0,False,False,False,False,False,False,False,False,False,False,False,False,False,False,False,False,False
KOSDAQ,101670,(주)하이드로리튬,2023,2024,test,1,B-,deep_speculative_B_plus_or_lower,0.5586761862677095,0.315,True,4,0,0,,,,,,,1000000.0,,,,,1000000.0,,0,0,0,0,False,False,False,False,False,False,False,False,False,False,False,False,False,False,False,False,False
KOSDAQ,102710,(주)이엔에프테크놀로지,2023,2024,test,0,A-,upper_investment_A_or_above,0.0262775634257265,0.315,False,11,0,0,1.000895,0.211544,0.556091,0.798267,0.286902,-50.266258,2.551037,-0.040442,0.090081,0.177094,0.274009,5.347262,0.747591,1,0,0,0,False,False,False,False,False,False,False,False,False,False,False,False,False,False,False,False,False
KOSDAQ,104540,(주)코렌텍,2023,2024,test,0,BBB+,near_investment_BBB_plus_to_BBB_minus,0.3183565006468821,0.315,True,12,1,1,1.23614,0.182823,0.460227,1.17284,0.090468,-12.5014,1.806394,0.055785,0.028618,0.02608,0.155604,0.674736,0.919303,0,0,0,0,False,False,False,False,False,False,False,False,False,False,False,False,False,False,False,False,False
KOSDAQ,104620,(주)노랑풍선,2023,2024,test,0,BBB,near_investment_BBB_plus_to_BBB_minus,0.623986405387911,0.315,True,8,1,1,0.812033,0.064211,0.382691,1.613077,0.164307,-4.086413,3.799773,0.060028,0.030614,0.046451,0.174519,1.733725,0.996629,0,0,0,0,False,False,False,False,False,False,False,False,False,False,False,False,False,False,False,False,False
KOSDAQ,104830,(주)원익머트리얼즈,2023,2024,test,0,A+,upper_investment_A_or_above,0.0032006381214617,0.315,False,12,1,1,2.798561,1.081076,0.899707,0.111473,0.055201,-70.107582,15.476744,0.035348,0.341824,2.679339,4.868041,83.924257,1.0,1,0,0,0,False,False,False,False,False,False,False,False,False,False,False,False,False,False,False,False,False
KOSDAQ,108230,(주)톱텍,2023,2024,test,0,BBB+,near_investment_BBB_plus_to_BBB_minus,0.0559197346769941,0.315,False,11,0,0,1.635116,0.366377,0.504921,0.980508,0.136624,-19.507706,19.996235,0.080022,-0.071896,-0.112348,-0.407109,-12.544832,0.859527,1,0,0,0,False,False,False,False,False,False,False,False,False,False,False,False,False,False,False,False,False
KOSDAQ,108230,(주)톱텍,2024,2025,test,1,BB,near_speculative_BB_plus_to_BB_minus,0.0314177294021568,0.315,False,12,0,0,2.335787,1.094441,0.67222,0.487607,0.07941,-20.642183,2.030646,0.068742,0.267965,0.628091,2.592552,20.635395,0.826368,1,0,0,0,False,False,False,False,False,False,False,False,False,False,False,False,False,False,False,False,False
KOSDAQ,108380,대양전기공업(주),2023,2024,test,0,A+,upper_investment_A_or_above,0.0784490177364385,0.315,False,12,0,0,2.14642,0.554177,0.757434,0.320246,0.0,-46.176739,1000000.0,0.054285,0.155179,0.331405,,1000000.0,,0,0,0,0,False,False,False,False,False,False,False,False,False,False,False,False,False,False,False,False,False
KOSDAQ,109670,씨싸이트(주),2023,2024,test,1,BB+,near_speculative_BB_plus_to_BB_minus,0.550034772998894,0.315,True,9,2,2,2.031376,0.532369,0.544408,0.836858,0.25403,-17.786176,0.384102,-0.027881,0.06292,0.213375,0.382678,4.716109,0.968238,1,0,0,1,False,False,False,False,False,False,False,False,False,False,False,False,False,False,False,False,False
KOSDAQ,109670,씨싸이트(주),2024,2025,test,1,BB+,near_speculative_BB_plus_to_BB_minus,0.5880012490100814,0.315,True,10,2,2,2.142337,0.420066,0.564236,0.772309,0.197387,-18.153442,0.646312,0.001124,0.013328,0.053677,0.1185,1.194018,1.0,0,0,0,1,False,False,False,False,False,False,False,False,False,False,False,False,False,False,False,False,False
KOSDAQ,109740,(주)디에스케이,2023,2024,test,0,BBB,near_investment_BBB_plus_to_BBB_minus,0.46834606652304,0.315,True,8,3,3,4.135701,0.76344,0.875109,0.142715,0.076081,-10.066055,-9.08466,0.050011,-0.14445,-0.483982,-0.794476,-9.665651,1.0,0,1,0,1,False,False,False,False,False,False,False,False,False,False,False,False,False,False,False,False,False
KOSDAQ,109860,동일금속(주),2023,2024,test,0,A+,upper_investment_A_or_above,0.0905425986289541,0.315,False,12,0,0,7.133867,1.967434,0.929588,0.075745,0.0,-32.095485,197.191658,0.002887,0.110688,1.071803,,194.910572,,1,0,0,0,False,False,False,False,False,False,False,False,False,False,False,False,False,False,False,False,False
KOSDAQ,109960,(주)앱토크롬,2024,2025,test,1,B-,deep_speculative_B_plus_or_lower,0.8680629140720226,0.315,True,9,3,3,1.692263,0.150728,0.901356,0.10944,0.016946,-2.006691,0.198682,-1.708558,0.287013,0.142485,0.829398,0.967503,1.0,0,0,0,1,False,False,False,False,False,False,False,False,False,False,False,False,False,False,False,False,False
KOSDAQ,110990,디아이티(주),2023,2024,test,0,BBB+,near_investment_BBB_plus_to_BBB_minus,0.0555356163843549,0.315,False,12,1,1,6.823645,0.234527,0.878573,0.138209,4.7e-05,-97.479737,17.085691,0.122954,0.019678,0.081898,210.6775,4.16413,1.0,1,0,0,0,False,False,False,False,False,False,False,False,False,False,False,False,False,False,False,False,False
KOSDAQ,114840,(주)아이패밀리에스씨,2023,2024,test,0,A-,upper_investment_A_or_above,0.085800717453343,0.315,False,13,0,0,6.160829,1.503774,0.768029,0.302034,0.111318,-15.043368,51.402757,0.134492,0.03155,0.225113,0.469104,10.048774,0.0,1,0,0,0,False,False,False,False,False,False,False,False,False,False,False,False,False,False,False,False,False
KOSDAQ,115160,(주)휴맥스,2023,2024,test,1,BB+,near_speculative_BB_plus_to_BB_minus,0.432282488946381,0.315,True,6,2,2,1.038792,0.103205,0.297802,2.357932,0.182327,-10.275926,0.47602,-0.120154,0.05637,0.062937,0.242391,1.562301,0.530309,0,0,0,1,True,False,False,False,False,False,False,False,False,False,False,False,False,False,False,False,True
KOSDAQ,115310,(주)인포바인,2023,2024,test,0,A+,upper_investment_A_or_above,0.0185706113024389,0.315,False,12,0,0,10.384834,2.26002,0.925536,0.080455,0.0,-65.54935,120.330888,0.314038,0.309524,0.825297,,109.428272,,1,0,0,0,False,False,False,False,False,False,False,False,False,False,False,False,False,False,False,False,False
KOSDAQ,115450,에이치엘비테라퓨틱스(주),2023,2024,test,1,BB+,near_speculative_BB_plus_to_BB_minus,0.7636618149555956,0.315,True,9,2,2,1.859781,0.884973,0.854199,0.170687,0.012451,-3.633637,-7.814839,-0.057291,0.061896,0.113638,1.330751,2.988302,0.0,0,1,0,1,False,False,False,False,False,False,False,False,False,False,False,False,False,False,False,False,False
KOSDAQ,119500,(주)포메탈,2023,2024,test,0,BBB+,near_investment_BBB_plus_to_BBB_minus,0.3075521615798087,0.315,False,4,0,0,,,,,,,1000000.0,,,,,1000000.0,,0,0,0,0,False,False,False,False,False,False,False,False,False,False,False,False,False,False,False,False,False
KOSDAQ,119830,아이텍(주),2023,2024,test,1,B+,deep_speculative_B_plus_or_lower,0.5628291753868905,0.315,True,9,2,2,1.929623,0.934235,0.668421,0.496064,0.063103,-12.760081,-3.215013,-0.126563,-0.071245,-0.081092,-0.426106,-2.65776,0.796328,0,0,0,1,False,False,False,False,False,False,False,False,False,False,False,False,False,False,False,False,False
KOSDAQ,120240,대정화금(주),2023,2024,test,0,A,upper_investment_A_or_above,0.3075521615798087,0.315,False,4,0,0,,,,,,,1000000.0,,,,,1000000.0,,0,0,0,0,False,False,False,False,False,False,False,False,False,False,False,False,False,False,False,False,False
KOSDAQ,121600,(주)나노신소재,2023,2024,test,0,BBB+,near_investment_BBB_plus_to_BBB_minus,0.0834638321614241,0.315,False,13,0,0,18.023541,2.850265,0.556927,0.795566,0.330558,-38.357384,6.481362,0.201685,0.111904,0.048846,0.065472,5.072486,0.0,1,0,0,0,False,False,False,False,False,False,False,False,False,False,False,False,False,False,False,False,False
KOSDAQ,122350,(주)삼기,2023,2024,test,1,BB,near_speculative_BB_plus_to_BB_minus,0.7251884809085563,0.315,True,7,1,2,0.742399,0.146421,0.287667,2.476238,0.40621,-43.648844,0.636545,0.015383,0.108375,0.137408,0.24096,4.747779,0.506781,1,0,0,1,False,False,False,False,False,False,False,False,False,False,False,False,False,False,False,False,False
KOSDAQ,123330,(주)제닉,2023,2024,test,1,BB+,near_speculative_BB_plus_to_BB_minus,0.9201634201769096,0.315,True,5,4,4,0.807533,0.143008,0.492758,1.029393,0.299122,-2.294699,-9.732157,-0.15713,-0.009554,-0.022593,-0.038313,-0.648756,1.0,0,1,0,1,False,False,False,False,False,False,False,False,False,False,False,False,False,False,False,False,False
KOSDAQ,123410,코리아에프티(주),2023,2024,test,1,BB+,near_speculative_BB_plus_to_BB_minus,0.0488009836753811,0.315,False,12,0,0,1.259359,0.204016,0.427192,1.34087,0.22282,-62.702042,5.317328,0.044641,0.07384,0.210999,0.542418,7.864055,0.875978,1,0,0,0,False,False,False,False,False,False,False,False,False,False,False,False,False,False,False,False,False
KOSDAQ,123570,(주)이엠넷,2023,2024,test,0,BBB+,near_investment_BBB_plus_to_BBB_minus,0.0145697803538319,0.315,False,12,0,0,3.968757,0.630421,0.743162,0.345602,0.0,-7.418337,76.632097,0.111855,0.237582,0.256743,,173.921837,,1,0,0,0,False,False,False,False,False,False,False,False,False,False,False,False,False,False,False,False,False
KOSDAQ,123840,(주)뉴온,2023,2024,test,1,B-,deep_speculative_B_plus_or_lower,0.9878926664973108,0.315,True,4,5,7,0.382032,0.120642,0.565576,0.76811,0.272936,-2.328081,-8.435651,-4.961362,-1.652572,-0.30737,-0.489231,-6.412102,1.0,0,1,1,1,False,False,False,False,False,False,False,False,False,False,False,False,False,False,False,False,False
KOSDAQ,124500,(주)아이티센글로벌,2023,2024,test,0,BBB+,near_investment_BBB_plus_to_BBB_minus,0.0318492668387823,0.315,False,7,1,1,1.168917,0.286523,0.365863,1.733261,0.112747,-24.050817,4.002752,-0.002203,-0.01042,-0.059503,-0.334668,-3.847155,0.996308,0,0,0,0,False,False,False,False,False,False,False,False,False,False,False,False,False,False,False,False,False
KOSDAQ,124560,(주)태웅로직스,2023,2024,test,0,BBB+,near_investment_BBB_plus_to_BBB_minus,0.1969959139847629,0.315,False,11,0,0,1.531059,0.219952,0.540679,0.849527,0.136477,-57.44263,7.712732,0.035212,-0.003522,-0.014224,-0.047871,-0.580651,0.823546,1,0,0,0,False,False,False,False,False,False,False,False,False,False,False,False,False,False,False,False,False
KOSDAQ,124560,(주)태웅로직스,2024,2025,test,0,BBB+,near_investment_BBB_plus_to_BBB_minus,0.1639663583793821,0.315,False,13,0,0,1.497183,0.250676,0.475355,1.10369,0.131723,-65.224367,6.613352,0.030062,0.030552,0.113576,0.452367,5.166372,0.75886,1,0,0,0,False,False,False,False,False,False,False,False,False,False,False,False,False,False,False,False,False
KOSDAQ,126600,(주)비지에프에코머티리얼즈,2023,2024,test,0,A-,upper_investment_A_or_above,0.138515664997564,0.315,False,11,0,0,2.836213,1.406457,0.765613,0.306143,0.048771,-15.165994,3.798397,-0.034329,0.085093,0.181795,0.873689,5.370159,0.884982,1,0,0,0,False,False,False,False,False,False,False,False,False,False,False,False,False,False,False,False,False
KOSDAQ,126640,(주)화신정공,2023,2024,test,0,A-,upper_investment_A_or_above,0.2087562811498277,0.315,False,4,0,0,,,,,,,1000000.0,,,,,1000000.0,,0,0,0,0,False,False,False,False,False,False,False,False,False,False,False,False,False,False,False,False,False
KOSDAQ,129890,(주)앱코,2023,2024,test,1,BB+,near_speculative_BB_plus_to_BB_minus,0.7280750516827005,0.315,True,4,0,0,,,,,,,1000000.0,,,,,1000000.0,,0,0,0,0,False,False,False,False,False,False,False,False,False,False,False,False,False,False,False,False,False
KOSDAQ,130500,지에이치신소재(주),2023,2024,test,1,BB+,near_speculative_BB_plus_to_BB_minus,0.5062859817671002,0.315,True,11,0,0,0.808832,0.353447,0.490873,1.037188,0.403654,-11.155972,1.905535,0.030771,-0.023364,-0.022619,-0.028529,-0.841483,0.696198,0,0,0,0,False,True,True,True,True,True,True,False,False,False,False,False,False,False,False,False,True
KOSDAQ,131090,(주)시큐브,2023,2024,test,0,A,upper_investment_A_or_above,0.4808645838322964,0.315,True,4,0,0,,,,,,,1000000.0,,,,,1000000.0,,0,0,0,0,False,False,False,False,False,False,False,False,False,False,False,False,False,False,False,False,False
KOSDAQ,131290,(주)티에스이,2023,2024,test,0,BBB+,near_investment_BBB_plus_to_BBB_minus,0.0295767705848769,0.315,False,10,1,1,3.173657,0.591213,0.78494,0.273983,0.078082,-61.889434,-1.194246,-0.008409,0.010435,0.027283,0.075144,1.304561,0.728325,1,0,0,1,False,False,False,False,False,False,False,False,False,False,False,False,False,False,False,False,False
KOSDAQ,131400,(주)이브이첨단소재,2023,2024,test,1,BB-,near_speculative_BB_plus_to_BB_minus,0.5418735619541699,0.315,True,8,2,2,3.574044,1.14122,0.895962,0.116119,0.0,-3.068947,-17.989637,0.024845,-0.016103,-0.072312,,-3.152651,,0,1,0,1,False,False,False,False,False,False,False,False,False,False,False,False,False,False,False,False,False
KOSDAQ,136540,(주)윈스테크넷,2023,2024,test,0,AA,upper_investment_A_or_above,0.0067192655510999,0.315,False,12,0,0,5.923585,1.071379,0.866206,0.15446,0.0,-26.593547,117.298851,0.197315,0.275706,0.997134,,149.661697,,1,0,0,0,False,False,False,False,False,False,False,False,False,False,False,False,False,False,False,False,False
KOSDAQ,137080,(주)나래나노텍,2023,2024,test,1,B+,deep_speculative_B_plus_or_lower,0.7411128988384202,0.315,True,6,3,5,1.015527,0.043604,0.540611,0.849759,0.345268,-13.536854,-5.450581,-0.250984,-0.543755,-0.362,-0.481651,-10.463522,0.769878,1,0,1,1,False,False,False,False,False,False,False,False,False,False,False,False,False,False,False,False,False
KOSDAQ,138080,(주)오이솔루션,2023,2024,test,1,B+,deep_speculative_B_plus_or_lower,0.606192661599779,0.315,True,6,5,5,1.895618,0.371712,0.733196,0.363891,0.22373,-19.975521,-19.061943,-0.735114,-0.159933,-0.181458,-0.216393,-4.512312,1.0,1,1,1,1,False,False,False,False,False,False,False,False,False,False,False,False,False,False,False,False,False
KOSDAQ,139050,(주)비에프랩스,2023,2024,test,1,C,deep_speculative_B_plus_or_lower,0.5184757535593348,0.315,True,6,4,4,1.021292,0.323003,0.71772,0.393301,0.019395,-9.494907,-3.72314,0.002832,-0.064789,-0.108759,-1.582888,-3.710754,1.0,0,1,1,1,False,False,False,False,False,False,False,False,False,False,False,False,False,False,False,False,False
KOSDAQ,140070,(주)서플러스글로벌,2023,2024,test,1,B+,deep_speculative_B_plus_or_lower,0.2326359080701688,0.315,False,11,0,0,1.849892,0.149371,0.549459,0.819973,0.27107,-50.131069,2.198383,0.033467,-0.123489,-0.132216,-0.219753,-3.458575,0.527611,1,0,0,0,False,False,False,False,False,False,False,False,False,False,False,False,False,False,False,False,False
KOSDAQ,140670,알에스오토메이션(주),2023,2024,test,0,BBB-,near_investment_BBB_plus_to_BBB_minus,0.7819006692873243,0.315,True,8,1,1,1.478744,0.363728,0.478735,1.088836,0.29682,-6.707417,-3.015954,-0.070098,-0.005573,-0.011604,-0.020378,-0.458794,0.860841,0,0,0,1,False,False,False,False,False,False,False,False,False,False,False,False,False,False,False,False,False
KOSDAQ,142210,(주)유니트론텍,2023,2024,test,0,BBB,near_investment_BBB_plus_to_BBB_minus,0.2228278538276158,0.315,False,13,0,0,1.724104,0.190117,0.455978,1.193089,0.248698,-10.775326,6.507393,0.033504,0.014828,0.0656,0.143498,1.866274,0.791372,1,0,0,0,False,False,False,False,False,False,False,False,False,False,False,False,False,False,False,False,False
KOSDAQ,145170,(주)노브랜드,2024,2025,test,1,BB+,near_speculative_BB_plus_to_BB_minus,0.421423573538363,0.315,True,10,0,0,1.543117,0.200705,0.391548,1.553964,0.426932,-16.97743,2.322481,-0.031073,0.025012,0.057005,0.081242,1.805536,0.732413,1,0,0,0,False,True,True,True,True,True,True,False,False,False,False,False,False,False,False,False,True
KOSDAQ,146060,(주)율촌,2023,2024,test,1,BB+,near_speculative_BB_plus_to_BB_minus,0.778993007840775,0.315,True,11,1,1,1.235179,0.501994,0.503429,0.986378,0.277661,-20.234094,1.829617,-0.246401,0.107797,0.172824,0.30908,3.476042,0.833848,0,0,0,0,False,False,False,False,False,False,False,False,False,False,False,False,False,False,False,False,False
KOSDAQ,146320,비씨엔씨(주),2023,2024,test,1,BB,near_speculative_BB_plus_to_BB_minus,0.583178062527552,0.315,True,8,1,1,0.911989,0.11298,0.556285,0.797638,0.24447,-10.719855,-0.041258,0.019494,-0.00985,-0.010786,-0.019577,-0.634077,0.599951,0,0,0,1,False,False,False,False,False,False,False,False,False,False,False,False,False,False,False,False,False
KOSDAQ,147830,제룡산업(주),2023,2024,test,0,A,upper_investment_A_or_above,0.299057213357816,0.315,False,4,0,0,,,,,,,1000000.0,,,,,1000000.0,,0,0,0,0,False,False,False,False,False,False,False,False,False,False,False,False,False,False,False,False,False
KOSDAQ,149950,(주)아바텍,2023,2024,test,0,A,upper_investment_A_or_above,0.299057213357816,0.315,False,4,0,0,,,,,,,1000000.0,,,,,1000000.0,,0,0,0,0,False,False,False,False,False,False,False,False,False,False,False,False,False,False,False,False,False
KOSDAQ,155650,와이엠씨(주),2023,2024,test,0,A,upper_investment_A_or_above,0.0039629665487799,0.315,False,13,0,0,1.993041,0.678847,0.725817,0.377757,0.023664,-11.2847,22.116325,0.072357,0.093598,0.41326,4.788329,26.8613,0.0,1,0,0,0,False,False,False,False,False,False,False,False,False,False,False,False,False,False,False,False,False
KOSDAQ,161580,(주)필옵틱스,2023,2024,test,1,BB,near_speculative_BB_plus_to_BB_minus,0.2569062583037855,0.315,False,9,1,1,1.428554,0.712104,0.39222,1.54959,0.134779,-14.079689,2.351169,-0.144531,0.370312,0.405371,1.828008,25.44501,0.824377,1,0,0,0,False,False,False,False,False,False,False,False,False,False,False,False,False,False,False,False,False
KOSDAQ,163730,(주)핑거,2023,2024,test,0,A-,upper_investment_A_or_above,0.0171309218767701,0.315,False,12,1,1,3.62214,2.249462,0.794703,0.258332,3.2e-05,-9.664678,13.817638,0.053699,0.089633,0.579042,3725.4815,28.054698,1.0,1,0,0,0,False,False,False,False,False,False,False,False,False,False,False,False,False,False,False,False,False
KOSDAQ,166090,하나머티리얼즈(주),2023,2024,test,0,BBB,near_investment_BBB_plus_to_BBB_minus,0.0085228786881418,0.315,False,12,0,0,1.072425,0.232618,0.594285,0.682695,0.293295,-39.469884,10.232881,0.146392,0.189213,0.161966,0.224048,10.954892,0.47146,1,0,0,0,False,False,False,False,False,False,False,False,False,False,False,False,False,False,False,False,False
KOSDAQ,170030,(주)현대공업,2023,2024,test,0,A-,upper_investment_A_or_above,0.0159907251687199,0.315,False,12,1,1,1.753964,0.566136,0.626769,0.595485,0.02079,-17.752005,36.19593,0.042641,0.110522,0.396861,7.124634,79.897098,1.0,1,0,0,0,False,False,False,False,False,False,False,False,False,False,False,False,False,False,False,False,False
KOSDAQ,171010,램테크놀러지(주),2023,2024,test,1,B+,deep_speculative_B_plus_or_lower,0.8121764015382223,0.315,True,8,1,1,1.027567,0.376372,0.525854,0.901669,0.337732,-5.841455,-1.478313,-0.066769,-0.00186,-0.001825,-0.002562,-0.040029,0.711594,0,0,0,1,False,False,False,False,False,False,False,False,False,False,False,False,False,False,False,False,False
KOSDAQ,172670,(주)에이엘티,2023,2024,test,1,BB-,near_speculative_BB_plus_to_BB_minus,0.0656312599881557,0.315,False,12,0,1,0.685517,0.154127,0.543752,0.839075,0.364763,-23.035184,1.268346,0.105321,0.315417,0.166477,0.208231,3.89717,0.189935,1,0,0,0,False,False,False,False,False,False,False,False,False,False,False,False,False,False,False,False,False
KOSDAQ,174880,(주)장원테크,2023,2024,test,1,B,deep_speculative_B_plus_or_lower,0.695096104232948,0.315,True,8,3,3,3.144182,0.501771,0.833103,0.200332,0.010901,-29.030106,-9.144531,-0.036561,0.077252,0.33432,5.118583,14.467376,1.0,0,1,0,1,False,False,False,False,False,False,False,False,False,False,False,False,False,False,False,False,False
KOSDAQ,175140,(주)휴먼테크놀로지,2023,2024,test,1,B,deep_speculative_B_plus_or_lower,0.6992839318860048,0.315,True,6,5,6,3.612357,0.877098,0.833387,0.199923,0.039544,-4.144077,-22.457429,-0.385325,-0.395258,-1.805978,-7.609328,-42.755757,1.0,0,1,1,1,False,False,False,False,False,False,False,False,False,False,False,False,False,False,False,False,False
KOSDAQ,178320,(주)서진시스템,2024,2025,test,1,BB+,near_speculative_BB_plus_to_BB_minus,0.045508394316246,0.315,False,11,0,1,1.290204,0.046466,0.416308,1.402069,0.330247,-30.133017,2.198697,0.069142,-0.09348,-0.092423,-0.163352,-2.294987,0.593936,0,0,0,0,False,False,False,False,False,False,False,False,False,False,False,False,False,False,False,False,False
KOSDAQ,179900,(주)유티아이,2023,2024,test,1,CCC,deep_speculative_B_plus_or_lower,0.9509992366339636,0.315,True,3,5,7,0.546363,0.127706,0.170741,4.856828,0.141676,-1.113997,-12.154576,-1.527163,-0.432032,-0.100042,-0.585566,-5.152527,1.0,0,1,0,1,False,False,False,False,False,False,False,False,False,False,False,False,False,False,False,False,False
KOSDAQ,183490,(주)엔지켐생명과학,2023,2024,test,1,B-,deep_speculative_B_plus_or_lower,0.8225199122917742,0.315,True,7,4,4,12.326822,1.092986,0.920023,0.08693,0.015623,-3.575921,-23.151563,-0.123656,-0.134904,-0.606302,-3.103764,-16.542556,0.689864,0,1,1,1,False,False,False,False,False,False,False,False,False,False,False,False,False,False,False,False,False
KOSDAQ,184230,에스지에이솔루션즈(주),2023,2024,test,1,BB+,near_speculative_BB_plus_to_BB_minus,0.5547701063223488,0.315,True,8,2,2,1.060614,0.490061,0.621361,0.609371,0.030019,-9.531993,0.376718,0.001177,-0.001898,-0.002987,-0.037677,-0.030648,1.0,0,0,0,1,False,False,False,False,False,False,False,False,False,False,False,False,False,False,False,False,False
KOSDAQ,186230,(주)그린플러스,2023,2024,test,1,BB+,near_speculative_BB_plus_to_BB_minus,0.7840559818093772,0.315,True,8,2,2,0.861236,0.224157,0.474065,1.109418,0.344405,-6.777689,-3.602447,-0.260387,-0.082098,-0.094505,-0.144317,-2.121387,0.765896,1,0,0,1,False,False,False,False,False,False,False,False,False,False,False,False,False,False,False,False,False
KOSDAQ,187790,(주)나노,2023,2024,test,1,B,deep_speculative_B_plus_or_lower,0.96907447966549,0.315,True,6,2,3,0.714812,0.143731,0.123003,7.129885,0.26992,0.459304,1.675193,-0.060178,0.002467,0.003654,0.011873,0.224258,0.899981,0,0,0,0,False,False,False,False,False,False,False,False,False,False,False,False,False,False,False,False,False
KOSDAQ,189300,(주)인텔리안테크놀로지스,2023,2024,test,0,A-,upper_investment_A_or_above,0.0628258247373908,0.315,False,13,0,0,2.784593,0.549869,0.606213,0.649585,0.2185,-50.248253,1.828254,0.018137,0.097751,0.166903,0.300796,5.082759,0.510633,1,0,0,0,False,False,False,False,False,False,False,False,False,False,False,False,False,False,False,False,False
KOSDAQ,192410,(주)오늘이엔엠,2023,2024,test,1,B+,deep_speculative_B_plus_or_lower,0.8459181428515959,0.315,True,8,4,4,1.737396,0.548196,0.80078,0.248783,0.098425,-1.056482,-22.239646,-0.796793,0.610271,0.956594,1.936219,27.904233,1.0,0,1,0,1,False,False,False,False,False,False,False,False,False,False,False,False,False,False,False,False,False
KOSDAQ,194700,(주)노바렉스,2023,2024,test,0,A-,upper_investment_A_or_above,0.0093141520609796,0.315,False,12,0,0,2.028774,0.503393,0.757056,0.320907,0.050995,-20.372404,18.6542,0.072722,0.083736,0.393409,1.874245,18.509612,0.833333,1,0,0,0,False,False,False,False,False,False,False,False,False,False,False,False,False,False,False,False,False
KOSDAQ,195940,에이치케이이노엔(주),2023,2024,test,0,A,upper_investment_A_or_above,0.5169704648938986,0.315,True,4,0,0,,,,,,,1000000.0,,,,,1000000.0,,0,0,0,0,False,False,False,False,False,False,False,False,False,False,False,False,False,False,False,False,False
KOSDAQ,195940,에이치케이이노엔(주),2024,2025,test,0,A,upper_investment_A_or_above,0.5494762988027108,0.315,True,4,0,0,,,,,,,1000000.0,,,,,1000000.0,,0,0,0,0,False,False,False,False,False,False,False,False,False,False,False,False,False,False,False,False,False
KOSDAQ,196700,(주)웹스,2023,2024,test,0,BBB-,near_investment_BBB_plus_to_BBB_minus,0.8104276524755917,0.315,True,12,0,0,1.524443,0.294554,0.505909,0.97664,0.435027,-3.755095,1.788012,0.027627,-0.149206,-0.162078,-0.184084,-3.766472,0.788875,0,0,0,0,False,True,True,True,True,True,True,True,True,False,True,True,False,False,False,False,True
KOSDAQ,197140,(주)디지캡,2023,2024,test,0,BBB,near_investment_BBB_plus_to_BBB_minus,0.2718028089334512,0.315,False,9,2,2,5.194586,1.802665,0.850722,0.175473,0.0,-7.93048,-16.286575,-0.135403,0.193737,0.635565,,116.88148,,1,0,0,1,False,False,False,False,False,False,False,False,False,False,False,False,False,False,False,False,False
KOSDAQ,198440,(주)강동씨앤엘,2023,2024,test,1,BB-,near_speculative_BB_plus_to_BB_minus,0.3240185597236945,0.315,True,4,0,0,,,,,,,1000000.0,,,,,1000000.0,,0,0,0,0,True,False,False,False,False,False,False,False,False,False,False,False,False,False,False,False,True
KOSDAQ,198940,한주라이트메탈(주),2024,2025,test,1,B+,deep_speculative_B_plus_or_lower,0.9152039149044128,0.315,True,4,3,4,0.687129,0.080301,0.230345,3.34131,0.268683,-1.443018,-1.210327,-0.029039,0.086726,0.13431,0.384737,3.040013,0.820126,0,1,0,1,False,False,False,False,False,False,False,False,False,False,False,False,False,False,False,False,False
KOSDAQ,200130,콜마비앤에이치(주),2023,2024,test,0,A,upper_investment_A_or_above,0.0581516941926911,0.315,False,12,0,0,1.032014,0.235323,0.570623,0.752471,0.198106,-25.828338,4.097528,0.032329,0.097114,0.188737,0.409071,7.622287,0.502692,1,0,0,0,False,False,False,False,False,False,False,False,False,False,False,False,False,False,False,False,False
KOSDAQ,200350,(주)아티스트스튜디오,2023,2024,test,1,BB,near_speculative_BB_plus_to_BB_minus,0.7850470040879739,0.315,True,7,4,4,4.851194,3.278469,0.78847,0.268279,0.112074,-10.351071,-21.539632,-0.177588,-0.072494,-0.282096,-0.532432,-8.394202,0.736842,0,1,1,1,False,False,False,False,False,False,False,False,False,False,False,False,False,False,False,False,False
KOSDAQ,200710,(주)에이디테크놀로지,2023,2024,test,1,BB+,near_speculative_BB_plus_to_BB_minus,0.620138363344322,0.315,True,10,2,2,1.724157,0.627644,0.513949,0.945719,0.210763,-21.156608,-6.894921,-0.162285,0.189183,0.134714,0.310671,7.506368,0.721311,0,0,0,1,False,False,False,False,False,False,False,False,False,False,False,False,False,False,False,False,False
KOSDAQ,203650,(주)드림시큐리티,2023,2024,test,0,BBB-,near_investment_BBB_plus_to_BBB_minus,0.0398254719228269,0.315,False,10,0,1,0.462615,0.177228,0.262631,2.80763,0.25837,-20.06724,2.145756,0.096066,0.089093,0.069273,0.1977,1.336967,0.412128,1,0,0,0,False,False,False,False,False,False,False,False,False,False,False,False,False,False,False,False,False
KOSDAQ,204020,(주)그리티,2023,2024,test,0,BBB+,near_investment_BBB_plus_to_BBB_minus,0.0156542811477114,0.315,False,12,1,1,4.851577,0.559934,0.805798,0.241005,0.031929,-6.214953,30.189113,0.047707,0.078177,0.75448,4.589033,37.365206,1.0,1,0,0,0,False,False,False,False,False,False,False,False,False,False,False,False,False,False,False,False,False
KOSDAQ,206560,(주)덱스터스튜디오,2023,2024,test,1,BB,near_speculative_BB_plus_to_BB_minus,0.5963722444540347,0.315,True,9,2,2,3.131859,1.585403,0.681155,0.468095,0.051462,-3.606554,-0.115538,-0.013085,0.174129,0.430383,2.666559,32.9385,0.0,0,1,0,1,False,False,False,False,False,False,False,False,False,False,False,False,False,False,False,False,False
KOSDAQ,208350,(주)지란지교시큐리티,2023,2024,test,0,BBB,near_investment_BBB_plus_to_BBB_minus,0.661889733290722,0.315,True,12,0,0,3.396149,1.049975,0.752739,0.328482,0.131675,-14.764733,1.367061,0.310077,-0.046787,-0.072131,-0.135448,-1.2286,0.27078,0,0,0,0,False,True,True,True,True,True,True,True,True,True,True,True,True,False,True,False,True
KOSDAQ,214180,(주)헥토이노베이션,2023,2024,test,0,A,upper_investment_A_or_above,0.0052049148945122,0.315,False,12,1,1,1.648672,0.702315,0.511729,0.954161,0.000816,-42.426307,27.057577,0.108552,0.212783,0.218228,130.607434,44.572712,1.0,1,0,0,0,False,False,False,False,False,False,False,False,False,False,False,False,False,False,False,False,False
KOSDAQ,214260,(주)라파스,2023,2024,test,1,BB-,near_speculative_BB_plus_to_BB_minus,0.9619829878569912,0.315,True,4,4,4,0.840569,0.291574,0.321781,2.107707,0.102108,-6.46415,-0.755565,-0.331051,-0.064714,-0.026549,-0.17634,-0.337271,0.564763,0,1,1,1,False,False,False,False,False,False,False,False,False,False,False,False,False,False,False,False,False
KOSDAQ,214270,(주)에프에스엔,2023,2024,test,1,BB,near_speculative_BB_plus_to_BB_minus,0.3162284980373328,0.315,True,9,2,2,1.544243,0.409785,0.44804,1.231944,0.051617,-4.623115,-1.439523,-0.14114,-0.053312,-0.08129,-0.86926,-2.258817,0.023212,1,0,0,1,True,False,False,False,False,False,False,False,False,False,False,False,False,False,False,False,True
KOSDAQ,215090,(주)솔디펜스,2023,2024,test,1,B-,deep_speculative_B_plus_or_lower,0.3268851283594954,0.315,True,4,0,0,,,,,,,1000000.0,,,,,1000000.0,,0,0,0,0,True,False,False,False,False,False,False,False,False,False,False,False,False,False,False,False,True
KOSDAQ,215360,우리산업(주),2024,2025,test,1,BB,near_speculative_BB_plus_to_BB_minus,0.2081999929864626,0.315,False,10,0,0,1.306631,0.081383,0.344929,1.899145,0.307617,-23.515943,2.465806,0.026039,0.080692,0.193793,0.412682,6.789566,0.583887,1,0,0,0,False,False,False,False,False,False,False,False,False,False,False,False,False,False,False,False,False
KOSDAQ,215480,(주)토박스코리아,2023,2024,test,0,BBB,near_investment_BBB_plus_to_BBB_minus,0.0777585484934712,0.315,False,13,0,0,5.511589,0.281325,0.803626,0.24436,0.060194,-5.942641,63.565698,0.050954,0.056463,0.336789,1.09873,59.24478,0.0,0,0,0,0,False,False,False,False,False,False,False,False,False,False,False,False,False,False,False,False,False
KOSDAQ,217270,(주)넵튠,2023,2024,test,0,BBB,near_investment_BBB_plus_to_BBB_minus,0.0653465106553867,0.315,False,11,1,1,2.142008,1.26865,0.891784,0.121347,0.0273,-14.638016,3.342142,-0.167839,0.014605,0.03296,0.130652,2.258522,0.852018,0,0,0,0,False,False,False,False,False,False,False,False,False,False,False,False,False,False,False,False,False
KOSDAQ,217480,(주)에스디생명공학,2023,2024,test,1,B-,deep_speculative_B_plus_or_lower,0.9192191345323656,0.315,True,5,6,6,1.912643,0.653108,0.592592,0.687501,0.00867,0.17783,-3.140074,-0.127961,-0.066366,-0.100454,-4.720277,-0.71638,1.0,0,1,1,1,False,False,False,False,False,False,False,False,False,False,False,False,False,False,False,False,False
KOSDAQ,217500,(주)러셀,2023,2024,test,0,A-,upper_investment_A_or_above,0.1505347594782361,0.315,False,12,0,0,3.716255,1.752393,0.752295,0.329265,0.0,-16.630488,2.175208,0.033699,0.007754,0.018773,,0.402937,,1,0,0,0,False,False,False,False,False,False,False,False,False,False,False,False,False,False,False,False,False
KOSDAQ,218150,(주)미래생명자원,2023,2024,test,0,BBB,near_investment_BBB_plus_to_BBB_minus,0.2410009996704031,0.315,False,10,2,2,5.323144,0.279543,0.855974,0.168259,0.053036,-20.630381,0.050511,0.005985,0.053812,0.434648,1.180332,8.081382,0.981726,0,0,0,1,False,False,False,False,False,False,False,False,False,False,False,False,False,False,False,False,False
KOSDAQ,219130,(주)타이거일렉,2023,2024,test,0,BBB-,near_investment_BBB_plus_to_BBB_minus,0.3268851283594954,0.315,True,4,0,0,,,,,,,1000000.0,,,,,1000000.0,,0,0,0,0,True,False,False,False,False,False,False,False,False,False,False,False,False,False,False,False,True
KOSDAQ,219550,(주)디와이디,2024,2025,test,1,B-,deep_speculative_B_plus_or_lower,0.6313605995109155,0.315,True,4,0,0,,,,,,,1000000.0,,,,,1000000.0,,0,0,0,0,False,False,False,False,False,False,False,False,False,False,False,False,False,False,False,False,False
KOSDAQ,220100,(주)퓨쳐켐,2023,2024,test,1,B+,deep_speculative_B_plus_or_lower,0.930016781319527,0.315,True,7,4,5,8.791098,2.368526,0.877545,0.139543,0.03597,-4.783542,-17.592056,-0.480511,-0.266327,-0.417103,-1.419981,-7.780239,0.0,0,1,1,1,False,False,False,False,False,False,False,False,False,False,False,False,False,False,False,False,False
KOSDAQ,220180,(주)핸디소프트,2023,2024,test,0,A-,upper_investment_A_or_above,0.3066892373944731,0.315,False,10,1,1,8.964727,1.722171,0.904706,0.105332,0.0,-6.005597,-12.285502,0.065326,0.088912,0.324335,,29.494603,,0,0,0,1,False,False,False,False,False,False,False,False,False,False,False,False,False,False,False,False,False
KOSDAQ,220260,(주)켐트로스,2023,2024,test,0,BBB,near_investment_BBB_plus_to_BBB_minus,0.3268851283594954,0.315,True,4,0,0,,,,,,,1000000.0,,,,,1000000.0,,0,0,0,0,True,False,False,False,False,False,False,False,False,False,False,False,False,False,False,False,True
KOSDAQ,221840,하이즈항공(주),2023,2024,test,1,BB,near_speculative_BB_plus_to_BB_minus,0.8320061053176654,0.315,True,5,3,3,0.946928,0.119076,0.416599,1.400391,0.270593,-4.492497,-1.397724,-0.09429,-0.051872,-0.058251,-0.125591,-1.28894,0.748901,1,1,1,1,False,False,False,False,False,False,False,False,False,False,False,False,False,False,False,False,False
KOSDAQ,222080,씨아이에스(주),2023,2024,test,1,BB,near_speculative_BB_plus_to_BB_minus,0.3552397895588833,0.315,True,11,1,2,1.471091,0.244521,0.444907,1.247662,0.008375,-36.806914,14.812325,0.092286,-0.230823,-0.216027,-14.318557,-27.231148,1.0,0,0,0,0,True,False,False,False,False,False,False,False,False,False,False,False,False,False,False,False,True
KOSDAQ,222980,한국맥널티(주),2023,2024,test,0,BBB-,near_investment_BBB_plus_to_BBB_minus,0.8424745910594227,0.315,True,8,2,2,1.139213,0.163959,0.443932,1.252599,0.247255,-5.801163,-1.744714,-0.054938,0.025006,0.041722,0.093832,0.817131,0.769261,0,1,0,1,False,False,False,False,False,False,False,False,False,False,False,False,False,False,False,False,False
KOSDAQ,222980,한국맥널티(주),2024,2025,test,0,BBB-,near_investment_BBB_plus_to_BBB_minus,0.7509064461066357,0.315,True,8,1,1,1.308166,0.072102,0.469827,1.128444,0.353879,-5.92657,0.269792,-0.003959,-0.035359,-0.072857,-0.109153,-1.483339,0.742985,0,0,0,1,False,False,False,False,False,False,False,False,False,False,False,False,False,False,False,False,False
KOSDAQ,225430,케이엠제약(주),2023,2024,test,1,BB+,near_speculative_BB_plus_to_BB_minus,0.3268851283594954,0.315,True,4,0,0,,,,,,,1000000.0,,,,,1000000.0,,0,0,0,0,True,False,False,False,False,False,False,False,False,False,False,False,False,False,False,False,True
KOSDAQ,232140,(주)와이씨,2023,2024,test,0,A-,upper_investment_A_or_above,0.0094555401578558,0.315,False,13,0,0,2.504086,0.27538,0.761659,0.312923,0.063609,-43.585641,9.423708,0.050471,0.094371,0.210378,0.788278,26.475773,0.0,0,0,0,0,False,False,False,False,False,False,False,False,False,False,False,False,False,False,False,False,False
KOSDAQ,234100,(주)폴라리스세원,2023,2024,test,0,BBB,near_investment_BBB_plus_to_BBB_minus,0.1101049903316634,0.315,False,12,0,0,4.064587,1.203702,0.820373,0.218958,0.0,-42.679701,4.899669,0.076135,0.126277,0.389585,,13.473059,,0,0,0,0,False,False,False,False,False,False,False,False,False,False,False,False,False,False,False,False,False
KOSDAQ,236200,(주)슈프리마,2023,2024,test,0,A+,upper_investment_A_or_above,0.009278525984253,0.315,False,13,0,0,8.897837,2.958649,0.934414,0.07019,5e-06,-55.748739,1399.524738,0.242571,0.247415,1.634293,23412.976,1966.650651,0.0,0,0,0,0,False,False,False,False,False,False,False,False,False,False,False,False,False,False,False,False,False
KOSDAQ,237750,피앤씨테크(주),2023,2024,test,0,BBB,near_investment_BBB_plus_to_BBB_minus,0.2776096790114264,0.315,False,4,0,0,,,,,,,1000000.0,,,,,1000000.0,,0,0,0,0,False,False,False,False,False,False,False,False,False,False,False,False,False,False,False,False,False
KOSDAQ,238490,(주)힘스,2023,2024,test,0,BBB-,near_investment_BBB_plus_to_BBB_minus,0.2684282144556414,0.315,False,11,1,1,1.515669,0.107591,0.716871,0.394952,0.062763,-11.116283,21.893981,0.111762,0.234181,0.433484,1.955484,45.182325,1.0,0,0,0,0,False,False,False,False,False,False,False,False,False,False,False,False,False,False,False,False,False
KOSDAQ,239610,(주)에이치엘사이언스,2023,2024,test,0,BBB+,near_investment_BBB_plus_to_BBB_minus,0.5799712379970611,0.315,True,7,2,2,11.981759,0.714026,0.968145,0.032903,0.0,-37.053116,-246970.684211,-0.05437,-0.076413,-0.579209,,-102906.052632,,0,1,0,1,False,False,False,False,False,False,False,False,False,False,False,False,False,False,False,False,False
KOSDAQ,240600,(주)유진테크놀로지,2023,2024,test,1,BB+,near_speculative_BB_plus_to_BB_minus,0.7363885301331032,0.315,True,12,0,0,2.231405,1.419089,0.678759,0.473276,0.195819,-12.812382,4.700979,-0.038182,0.225115,0.472179,0.77461,7.878949,0.754545,0,0,0,0,False,True,True,True,True,True,True,False,False,False,False,False,False,True,True,False,True
KOSDAQ,241770,(주)메카로,2023,2024,test,0,BBB+,near_investment_BBB_plus_to_BBB_minus,0.4536382231122386,0.315,True,9,1,2,13.235989,1.581062,0.948617,0.054167,0.000285,-35.529079,-96.040548,-0.057817,-0.232082,-0.938118,-168.926054,-107.293565,0.0,1,0,0,1,True,False,False,False,False,False,False,False,False,False,False,False,False,False,False,False,True
KOSDAQ,247540,(주)에코프로비엠,2023,2024,test,0,BBB+,near_investment_BBB_plus_to_BBB_minus,0.0618110313637501,0.315,False,10,0,0,1.146476,0.240536,0.366684,1.727145,0.3818,-31.680069,2.239966,0.007924,0.002988,0.007465,0.012382,0.296031,0.644258,1,0,0,0,False,False,False,False,False,False,False,False,False,False,False,False,False,False,False,False,False
KOSDAQ,247540,(주)에코프로비엠,2024,2025,test,0,A-,upper_investment_A_or_above,0.0530764733518868,0.315,False,9,1,1,1.062277,0.384822,0.457256,1.186958,0.414987,-39.396057,-0.395553,-0.021147,0.242206,0.285576,0.373493,7.771409,0.428713,0,0,0,1,False,False,False,False,False,False,False,False,False,False,False,False,False,False,False,False,False
KOSDAQ,250930,(주)예선테크,2023,2024,test,1,B,deep_speculative_B_plus_or_lower,0.8943798196220827,0.315,True,7,3,3,1.025892,0.08828,0.406502,1.460014,0.354967,-5.677224,-8.762235,-0.231396,0.01527,0.020939,0.035009,0.670797,0.486628,0,1,0,1,False,False,False,False,False,False,False,False,False,False,False,False,False,False,False,False,False
KOSDAQ,251370,와이엠티(주),2023,2024,test,1,BB-,near_speculative_BB_plus_to_BB_minus,0.6359321407780508,0.315,True,9,1,1,1.123941,0.488049,0.592992,0.686362,0.199874,-17.167209,-0.796035,-0.000595,0.059981,0.075134,0.152996,1.919105,0.760354,0,0,0,1,False,False,False,False,False,False,False,False,False,False,False,False,False,False,False,False,False
KOSDAQ,251970,펌텍코리아(주),2023,2024,test,0,A+,upper_investment_A_or_above,0.0076473594513879,0.315,False,12,0,0,2.805921,0.411927,0.807843,0.237864,0.056155,-45.397495,37.592988,0.102389,0.13539,0.562892,1.926157,41.030902,0.897148,1,0,0,0,False,False,False,False,False,False,False,False,False,False,False,False,False,False,False,False,False
KOSDAQ,252990,(주)샘씨엔에스,2023,2024,test,1,BB+,near_speculative_BB_plus_to_BB_minus,0.5169704648938986,0.315,True,4,0,0,,,,,,,1000000.0,,,,,1000000.0,,0,0,0,0,False,False,False,False,False,False,False,False,False,False,False,False,False,False,False,False,False
KOSDAQ,253590,(주)네오셈,2023,2024,test,0,BBB+,near_investment_BBB_plus_to_BBB_minus,0.0242702056708486,0.315,False,13,0,0,4.300848,1.809456,0.815547,0.226171,0.024608,-18.980772,13.765566,0.082055,0.10478,0.538644,4.03745,18.002227,0.649013,1,0,0,0,False,False,False,False,False,False,False,False,False,False,False,False,False,False,False,False,False
KOSDAQ,254490,미래반도체(주),2023,2024,test,1,BB-,near_speculative_BB_plus_to_BB_minus,0.7715455599943224,0.315,True,13,0,0,2.720829,1.235309,0.537001,0.862193,0.166157,-54.538502,2.315265,0.013308,0.127928,0.704087,1.96195,11.980725,0.443352,0,0,0,0,False,True,True,True,True,True,True,True,True,True,True,True,True,True,True,False,True
KOSDAQ,255220,에스지이(주),2024,2025,test,1,B,deep_speculative_B_plus_or_lower,0.9225433645767552,0.315,True,6,3,3,0.946369,0.428853,0.372689,1.6832,0.115763,-7.941804,-0.799293,-0.304705,0.156338,0.127311,0.689892,2.449273,0.679075,0,1,0,1,False,False,False,False,False,False,False,False,False,False,False,False,False,False,False,False,False
KOSDAQ,255440,(주)야스,2023,2024,test,0,BBB+,near_investment_BBB_plus_to_BBB_minus,0.666486412922378,0.315,True,6,3,4,2.151478,0.115082,0.762719,0.311099,0.019661,-22.622454,-22.491113,-0.096396,-0.277184,-0.241084,-2.90959,-48.14074,0.025,0,1,1,1,False,False,False,False,False,False,False,False,False,False,False,False,False,False,False,False,False
KOSDAQ,256940,(주)킵스바이오파마,2023,2024,test,1,B+,deep_speculative_B_plus_or_lower,0.9003005761335061,0.315,True,8,2,2,0.836907,0.073479,0.499488,1.002051,0.136425,-5.248895,1.507341,0.037587,-0.00062,-0.000973,-0.003571,-0.028139,1.0,0,0,1,0,False,False,False,False,False,False,False,False,False,False,False,False,False,False,False,False,False
KOSDAQ,258790,소프트캠프(주),2023,2024,test,1,BB-,near_speculative_BB_plus_to_BB_minus,0.7294158202118697,0.315,True,10,2,2,1.479373,0.181636,0.473452,1.112146,0.235844,-3.603278,-4.585989,-0.322458,0.005736,0.008287,0.018502,0.189312,0.7557,0,0,0,1,False,False,False,False,False,False,False,False,False,False,False,False,False,False,False,False,False
KOSDAQ,259630,(주)엠플러스,2023,2024,test,0,BBB-,near_investment_BBB_plus_to_BBB_minus,0.3048407910607055,0.315,False,10,1,1,1.069914,0.313827,0.231501,3.319636,0.088834,-11.07265,5.028423,0.058826,0.325182,0.449288,3.886784,23.284532,0.778562,0,0,0,0,False,False,False,False,False,False,False,False,False,False,False,False,False,False,False,False,False
KOSDAQ,262260,(주)에이프로,2023,2024,test,0,BBB,near_investment_BBB_plus_to_BBB_minus,0.6073190746587307,0.315,True,8,0,0,1.068035,0.090228,0.293259,2.409956,0.144076,-8.993139,22.8648,0.051147,-0.053408,-0.072366,-0.354976,-18.572876,0.71831,0,0,0,0,False,True,False,True,True,True,True,False,False,False,False,False,False,False,False,False,True
KOSDAQ,263020,(주)디케이앤디,2023,2024,test,0,BBB+,near_investment_BBB_plus_to_BBB_minus,0.1444023448861155,0.315,False,12,1,1,2.275552,0.894616,0.728661,0.372381,0.054063,-7.863717,5.173651,0.084465,0.139646,0.489361,2.456076,7.950871,0.980969,1,0,0,0,False,False,False,False,False,False,False,False,False,False,False,False,False,False,False,False,False
KOSDAQ,263770,(주)유에스티,2023,2024,test,0,A-,upper_investment_A_or_above,0.210278924601182,0.315,False,4,0,0,,,,,,,1000000.0,,,,,1000000.0,,0,0,0,0,False,False,False,False,False,False,False,False,False,False,False,False,False,False,False,False,False
KOSDAQ,263920,(주)휴엠앤씨,2023,2024,test,1,BB-,near_speculative_BB_plus_to_BB_minus,0.1642768108210543,0.315,False,12,1,1,1.440363,0.511232,0.735774,0.359113,0.090849,-0.651313,9.657442,0.212872,0.126799,0.422242,1.228055,12.248072,1.0,0,0,0,0,False,False,False,False,False,False,False,False,False,False,False,False,False,False,False,False,False
KOSDAQ,264450,(주)유비쿼스,2023,2024,test,0,A,upper_investment_A_or_above,0.0076627531422361,0.315,False,12,1,1,5.430469,0.942122,0.808603,0.2367,0.061319,-31.22659,44.158167,0.17228,0.202696,0.779501,2.433098,46.320333,1.0,1,0,0,0,False,False,False,False,False,False,False,False,False,False,False,False,False,False,False,False,False
KOSDAQ,265520,에이피시스템(주),2023,2024,test,0,A+,upper_investment_A_or_above,0.0240008652838315,0.315,False,13,0,0,2.246158,1.434411,0.562697,0.777155,0.133068,-41.061056,10.270749,0.112512,0.092082,0.196722,0.646488,8.393598,0.210526,1,0,0,0,False,False,False,False,False,False,False,False,False,False,False,False,False,False,False,False,False
KOSDAQ,265740,(주)엔에프씨,2023,2024,test,0,BBB+,near_investment_BBB_plus_to_BBB_minus,0.7280750516827005,0.315,True,4,0,0,,,,,,,1000000.0,,,,,1000000.0,,0,0,0,0,False,False,False,False,False,False,False,False,False,False,False,False,False,False,False,False,False
KOSDAQ,267980,매일유업(주),2024,2025,test,0,AA-,upper_investment_A_or_above,0.0020059508193898,0.315,False,13,0,0,2.835927,0.87082,0.560508,0.784094,0.194878,-145.677075,13.733605,0.025139,0.041157,0.16529,0.372764,14.556921,0.0,1,0,0,0,False,False,False,False,False,False,False,False,False,False,False,False,False,False,False,False,False
KOSDAQ,270870,(주)뉴트리,2023,2024,test,0,A-,upper_investment_A_or_above,0.0747005619203382,0.315,False,12,1,1,4.050557,0.814469,0.763543,0.309684,0.03767,-21.0313,20.915378,0.030821,0.053992,0.260411,1.634623,16.244087,1.0,1,0,0,0,False,False,False,False,False,False,False,False,False,False,False,False,False,False,False,False,False
KOSDAQ,271830,팸텍(주),2023,2024,test,0,A-,upper_investment_A_or_above,0.0279063152959589,0.315,False,13,0,0,3.027767,1.794353,0.741233,0.349104,0.015538,-22.659232,91.316916,0.078132,0.109565,0.442194,7.364034,88.826727,0.0,0,0,0,0,False,False,False,False,False,False,False,False,False,False,False,False,False,False,False,False,False
KOSDAQ,271830,팸텍(주),2024,2025,test,0,A-,upper_investment_A_or_above,0.1961652161580356,0.315,False,9,1,1,3.384184,1.808408,0.760923,0.314194,0.116649,-21.653999,-17.717835,-0.002022,-0.011146,-0.023553,-0.048272,-2.35004,0.023583,1,0,0,1,False,False,False,False,False,False,False,False,False,False,False,False,False,False,False,False,False
KOSDAQ,272110,(주)케이엔제이,2023,2024,test,0,BBB-,near_investment_BBB_plus_to_BBB_minus,0.3851820916229586,0.315,True,13,0,0,1.746182,0.602817,0.51528,0.940691,0.343962,-15.363466,5.179884,0.173796,0.206617,0.208819,0.294272,5.512512,0.367342,0,0,0,0,False,True,True,True,True,True,True,True,True,True,True,True,True,True,True,False,True
KOSDAQ,275630,(주)에스에스알,2023,2024,test,0,BBB-,near_investment_BBB_plus_to_BBB_minus,0.4638658622422149,0.315,True,4,0,0,,,,,,,1000000.0,,,,,1000000.0,,0,0,0,0,False,False,False,False,False,False,False,False,False,False,False,False,False,False,False,False,False
KOSDAQ,277810,(주)레인보우로보틱스,2023,2024,test,0,BBB,near_investment_BBB_plus_to_BBB_minus,0.6693790894649959,0.315,True,8,1,1,117.078218,87.166821,0.985256,0.014965,0.0,-12.46981,-145.385647,-0.055228,-0.030702,-0.239582,,-1.527392,,0,0,0,1,False,False,False,False,False,False,False,False,False,False,False,False,False,False,False,False,False
KOSDAQ,281740,(주)레이크머티리얼즈,2023,2024,test,1,BB+,near_speculative_BB_plus_to_BB_minus,0.6568035379511985,0.315,True,9,0,0,1.148024,0.346016,0.369277,1.707994,0.535598,-15.846806,4.688118,0.206885,0.12542,0.078109,0.091982,2.345638,0.49469,0,0,0,0,False,True,True,True,True,True,True,False,False,False,False,False,False,False,False,False,True
KOSDAQ,288620,에스퓨얼셀(주),2023,2024,test,0,BBB-,near_investment_BBB_plus_to_BBB_minus,0.6936992290408686,0.315,True,6,3,3,1.72917,0.075056,0.479682,1.084716,0.241731,-18.881985,-0.678456,-0.070221,-0.109142,-0.047168,-0.101528,-0.970272,0.962819,1,0,1,1,False,False,False,False,False,False,False,False,False,False,False,False,False,False,False,False,False
KOSDAQ,289220,(주)자이언트스텝,2023,2024,test,1,BB-,near_speculative_BB_plus_to_BB_minus,0.813098256315492,0.315,True,7,4,5,2.998656,0.519333,0.775917,0.288797,4.4e-05,-7.916469,-53.18136,-0.594716,-0.313889,-0.466271,-2397.200903,-27.102494,0.0,0,1,1,1,False,False,False,False,False,False,False,False,False,False,False,False,False,False,False,False,False
KOSDAQ,290120,(주)디에이치오토리드,2024,2025,test,1,B+,deep_speculative_B_plus_or_lower,0.7419388523574431,0.315,True,10,0,0,1.237332,0.14807,0.351982,1.841051,0.166053,-11.545506,3.668889,0.008504,0.023129,0.034904,0.136211,1.387284,0.448494,0,0,0,0,False,True,True,True,True,True,True,False,False,False,False,False,False,False,False,False,True
KOSDAQ,290560,파라택시스이더리움(주),2023,2024,test,0,BBB-,near_investment_BBB_plus_to_BBB_minus,0.4391520077164831,0.315,True,4,0,0,,,,,,,1000000.0,,,,,1000000.0,,0,0,0,0,False,False,False,False,False,False,False,False,False,False,False,False,False,False,False,False,False
KOSDAQ,290720,(주)푸드나무,2023,2024,test,0,BBB+,near_investment_BBB_plus_to_BBB_minus,0.9168286904425104,0.315,True,3,5,5,1.042323,0.305516,0.199391,4.015269,0.596569,-2.444126,-6.805947,-0.104843,-0.117637,-0.242054,-0.324842,-8.579398,0.536615,1,1,1,1,False,False,False,False,False,False,False,False,False,False,False,False,False,False,False,False,False
KOSDAQ,294140,(주)레몬,2023,2024,test,1,B,deep_speculative_B_plus_or_lower,0.5241309381807383,0.315,True,4,0,0,,,,,,,1000000.0,,,,,1000000.0,,0,0,0,0,False,False,False,False,False,False,False,False,False,False,False,False,False,False,False,False,False
KOSDAQ,294570,(주)쿠콘,2023,2024,test,0,BBB+,near_investment_BBB_plus_to_BBB_minus,0.0147355754362346,0.315,False,13,0,0,1.434951,0.947284,0.617496,0.619444,0.027271,-23.995408,60.481793,0.10494,0.433608,0.373406,5.237449,108.097315,0.010601,1,0,0,0,False,False,False,False,False,False,False,False,False,False,False,False,False,False,False,False,False
KOSDAQ,297090,씨에스베어링(주),2023,2024,test,1,BB+,near_speculative_BB_plus_to_BB_minus,0.9334487642474472,0.315,True,7,3,3,1.417145,0.373634,0.571933,0.748457,0.254612,-5.283084,0.021245,-0.021017,-0.03309,-0.039535,-0.066468,-0.943625,1.0,0,0,1,1,False,False,False,False,False,False,False,False,False,False,False,False,False,False,False,False,False
KOSDAQ,297890,에이치비솔루션(주),2023,2024,test,0,BBB,near_investment_BBB_plus_to_BBB_minus,0.3005434285990345,0.315,False,12,0,0,2.283569,1.00282,0.77107,0.2969,0.0,-5.601028,3.509453,0.786357,0.134686,0.189834,,6.720384,,1,0,0,0,False,False,False,False,False,False,False,False,False,False,False,False,False,False,False,False,False
KOSDAQ,298830,슈어소프트테크(주),2023,2024,test,0,BBB+,near_investment_BBB_plus_to_BBB_minus,0.0735589938467225,0.315,False,13,0,0,1.516059,0.414128,0.606938,0.647614,0.151777,-16.955054,6.528683,0.092156,0.231868,0.23609,0.611408,8.350967,0.474153,0,0,0,0,False,False,False,False,False,False,False,False,False,False,False,False,False,False,False,False,False
KOSDAQ,299900,(주)위지윅스튜디오,2023,2024,test,0,BBB,near_investment_BBB_plus_to_BBB_minus,0.1993224172803691,0.315,False,6,4,5,0.717213,0.306326,0.693763,0.441415,0.022912,-1.734996,-8.499213,0.316783,-0.014056,-0.020058,-0.268091,-0.867884,0.93204,0,1,1,1,False,False,False,False,False,False,False,False,False,False,False,False,False,False,False,False,False
KOSDAQ,303530,이노뎁(주),2023,2024,test,0,BBB+,near_investment_BBB_plus_to_BBB_minus,0.4391520077164831,0.315,True,4,0,0,,,,,,,1000000.0,,,,,1000000.0,,0,0,0,0,False,False,False,False,False,False,False,False,False,False,False,False,False,False,False,False,False
KOSDAQ,306040,(주)에스제이그룹,2023,2024,test,0,A,upper_investment_A_or_above,0.0071746180129266,0.315,False,12,0,0,2.722233,0.673909,0.666263,0.500908,0.0,-26.658459,520.95779,0.064408,0.049193,0.146632,,338.393665,,1,0,0,0,False,False,False,False,False,False,False,False,False,False,False,False,False,False,False,False,False
KOSDAQ,307280,(주)원바이오젠,2023,2024,test,0,A,upper_investment_A_or_above,0.0270073305609079,0.315,False,13,0,0,2.261353,0.324814,0.760422,0.315059,0.026027,-7.827285,61.044369,0.201284,0.16327,0.470408,4.330016,41.439715,0.626865,1,0,0,0,False,False,False,False,False,False,False,False,False,False,False,False,False,False,False,False,False
KOSDAQ,307870,(주)비투엔,2023,2024,test,1,BB,near_speculative_BB_plus_to_BB_minus,0.4638658622422149,0.315,True,4,0,0,,,,,,,1000000.0,,,,,1000000.0,,0,0,0,0,False,False,False,False,False,False,False,False,False,False,False,False,False,False,False,False,False
KOSDAQ,308100,(주)형지글로벌,2024,2025,test,1,B+,deep_speculative_B_plus_or_lower,0.9093601613312224,0.315,True,5,4,4,1.085458,0.095399,0.453503,1.205057,0.006517,-11.204044,-3.060034,-0.410175,-0.098454,-0.08044,-6.745375,-1.277453,1.0,0,1,0,1,False,False,False,False,False,False,False,False,False,False,False,False,False,False,False,False,False
KOSDAQ,310870,디와이씨(주),2023,2024,test,0,BBB-,near_investment_BBB_plus_to_BBB_minus,0.2712191372776249,0.315,False,12,0,0,1.248333,0.121869,0.47774,1.093189,0.115884,-23.646474,6.237511,0.035965,0.158674,0.3485,1.57061,13.252243,0.480397,0,0,0,0,False,False,False,False,False,False,False,False,False,False,False,False,False,False,False,False,False
KOSDAQ,311390,(주)네오크레마,2023,2024,test,1,BB+,near_speculative_BB_plus_to_BB_minus,0.283625267156044,0.315,False,12,1,1,1.552598,0.328502,0.546296,0.830509,0.0149,-8.64712,4.376956,-0.199378,0.091294,0.070339,2.141799,35.631457,0.009382,0,0,0,0,False,False,False,False,False,False,False,False,False,False,False,False,False,False,False,False,False
KOSDAQ,314140,(주)알피바이오,2023,2024,test,0,BBB-,near_investment_BBB_plus_to_BBB_minus,0.5173260531970414,0.315,True,4,0,0,,,,,,,1000000.0,,,,,1000000.0,,0,0,0,0,False,False,False,False,False,False,False,False,False,False,False,False,False,False,False,False,False
KOSDAQ,317120,(주)라닉스,2023,2024,test,0,BBB-,near_investment_BBB_plus_to_BBB_minus,0.9559325644351472,0.315,True,4,4,4,1.899766,0.246816,0.363743,1.749193,0.61582,-1.166727,-1.922441,-0.465185,-0.112812,-0.070021,-0.072345,-0.846554,0.277778,0,1,1,1,False,False,False,False,False,False,False,False,False,False,False,False,False,False,False,False,False
KOSDAQ,317330,(주)덕산테코피아,2023,2024,test,0,BBB-,near_investment_BBB_plus_to_BBB_minus,0.6239495881712955,0.315,True,4,2,3,0.449309,0.095812,0.358315,1.790839,0.12623,-19.057816,-0.958676,-0.204872,-0.083199,-0.023714,-0.12055,-1.205315,0.845984,0,0,0,1,False,False,False,False,False,False,False,False,False,False,False,False,False,False,False,False,False
KOSDAQ,317770,(주)엑스페릭스,2023,2024,test,0,BBB+,near_investment_BBB_plus_to_BBB_minus,0.8033494161237027,0.315,True,9,2,2,12.607993,8.581255,0.938114,0.065969,1.7e-05,-3.949531,-224.82401,-0.311838,-0.043895,-0.140546,-522.73,-28.090171,0.0,0,0,0,1,False,False,False,False,False,False,False,False,False,False,False,False,False,False,False,False,False
KOSDAQ,317830,(주)에스피시스템스,2023,2024,test,1,BB,near_speculative_BB_plus_to_BB_minus,0.5642110272767352,0.315,True,9,1,1,2.190728,1.000634,0.683454,0.463156,0.109983,-63.022897,-0.497217,0.006931,-0.073866,-0.139834,-0.402459,-7.316305,0.801802,0,0,0,1,False,False,False,False,False,False,False,False,False,False,False,False,False,False,False,False,False
KOSDAQ,317850,대모엔지니어링(주),2023,2024,test,0,BBB+,near_investment_BBB_plus_to_BBB_minus,0.2662578382671912,0.315,False,10,1,1,3.229332,0.427072,0.733997,0.362404,0.130231,-10.135366,-0.787841,-0.005495,0.028224,0.074626,0.152426,2.609377,0.087964,1,0,0,1,False,False,False,False,False,False,False,False,False,False,False,False,False,False,False,False,False
KOSDAQ,318160,(주)셀바이오휴먼텍,2023,2024,test,0,BBB,near_investment_BBB_plus_to_BBB_minus,0.5003822994966263,0.315,True,11,1,1,3.145113,0.473479,0.837701,0.193743,0.110448,-7.777129,6.440114,-0.067965,0.064385,0.203767,0.299427,3.597461,1.0,0,0,0,0,False,False,False,False,False,False,False,False,False,False,False,False,False,False,False,False,False
KOSDAQ,319400,현대무벡스(주),2023,2024,test,0,AA-,upper_investment_A_or_above,0.148662296059271,0.315,False,10,2,2,2.109241,0.249766,0.645687,0.548738,0.040171,-12.67369,5.677061,0.015707,-0.037097,-0.112653,-0.993598,-13.613958,1.0,1,0,1,0,False,False,False,False,False,False,False,False,False,False,False,False,False,False,False,False,False
KOSDAQ,320000,(주)한울반도체,2023,2024,test,0,BBB+,near_investment_BBB_plus_to_BBB_minus,0.5401962495621305,0.315,True,4,0,0,,,,,,,1000000.0,,,,,1000000.0,,0,0,0,0,False,False,False,False,False,False,False,False,False,False,False,False,False,False,False,False,False
KOSDAQ,321820,(주)아티스트컴퍼니,2023,2024,test,1,B,deep_speculative_B_plus_or_lower,0.920452352318267,0.315,True,6,4,4,1.624337,1.506539,0.465583,1.147847,0.0,-3.265225,-0.894528,-0.248672,-0.060156,-0.039109,,-0.349248,,0,1,1,1,False,False,False,False,False,False,False,False,False,False,False,False,False,False,False,False,False
KOSDAQ,328380,솔트웨어(주),2023,2024,test,0,BBB-,near_investment_BBB_plus_to_BBB_minus,0.6725692323502536,0.315,True,4,0,0,,,,,,,1000000.0,,,,,1000000.0,,0,0,0,0,False,False,False,False,False,False,False,False,False,False,False,False,False,False,False,False,False
KOSDAQ,332290,(주)누보,2023,2024,test,1,B+,deep_speculative_B_plus_or_lower,0.975481928396003,0.315,True,2,4,4,0.930687,0.131728,0.279251,2.581012,0.246239,-5.952836,-0.81528,-0.072887,-0.041603,-0.057051,-0.166991,-1.223692,0.963366,0,1,1,1,False,False,False,False,False,False,False,False,False,False,False,False,False,False,False,False,False
KOSDAQ,332570,(주)피에스일렉트로닉스,2023,2024,test,1,BB+,near_speculative_BB_plus_to_BB_minus,0.7554948087738722,0.315,True,12,1,1,2.289294,0.56162,0.581279,0.720345,0.007702,-3.210161,1.702898,0.285515,0.088043,0.100327,5.454601,1.590456,1.0,0,0,0,0,False,False,False,False,False,False,False,False,False,False,False,False,False,False,False,False,False
KOSDAQ,333620,(주)엔시스,2023,2024,test,0,BBB+,near_investment_BBB_plus_to_BBB_minus,0.1773687286837014,0.315,False,11,1,1,1.580939,0.176321,0.597416,0.673875,0.047591,-53.696615,2.469951,0.04391,-0.007706,-0.010146,-0.085824,-0.525847,0.97834,1,0,0,0,False,False,False,False,False,False,False,False,False,False,False,False,False,False,False,False,False
KOSDAQ,335870,(주)윙스풋,2023,2024,test,0,BBB-,near_investment_BBB_plus_to_BBB_minus,0.7508587222818273,0.315,True,4,0,0,,,,,,,1000000.0,,,,,1000000.0,,0,0,0,0,False,False,False,False,False,False,False,False,False,False,False,False,False,False,False,False,False
KOSDAQ,347000,(주)센코,2023,2024,test,1,BB,near_speculative_BB_plus_to_BB_minus,0.6165529733103434,0.315,True,9,2,2,1.325257,0.334226,0.603647,0.656596,0.043088,-1.54681,0.534053,-0.034216,0.086314,0.106195,0.976847,0.696893,1.0,0,0,0,1,False,False,False,False,False,False,False,False,False,False,False,False,False,False,False,False,False
KOSDAQ,348340,(주)뉴로메카,2023,2024,test,1,B-,deep_speculative_B_plus_or_lower,0.9427199265479342,0.315,True,4,4,5,1.098874,0.166505,0.251317,2.979034,0.191181,-3.568381,-7.230343,-1.284548,-0.904756,-0.173503,-0.679456,-6.064107,0.0,0,1,1,1,False,False,False,False,False,False,False,False,False,False,False,False,False,False,False,False,False
KOSDAQ,348370,(주)엔켐,2024,2025,test,1,BB+,near_speculative_BB_plus_to_BB_minus,0.4631360925452842,0.315,True,8,2,3,0.716639,0.166074,0.418023,1.392216,0.123434,-44.934347,-1.49942,-1.52661,-0.133716,-0.072446,-0.341574,-1.454746,0.674378,0,0,0,1,False,False,False,False,False,False,False,False,False,False,False,False,False,False,False,False,False
KOSDAQ,352090,(주)스톰테크,2023,2024,test,0,BBB+,near_investment_BBB_plus_to_BBB_minus,0.5173260531970414,0.315,True,4,0,0,,,,,,,1000000.0,,,,,1000000.0,,0,0,0,0,False,False,False,False,False,False,False,False,False,False,False,False,False,False,False,False,False
KOSDAQ,352700,(주)씨앤투스,2023,2024,test,0,BBB,near_investment_BBB_plus_to_BBB_minus,0.1094598162941069,0.315,False,10,1,1,9.950796,3.048137,0.949529,0.053154,0.0,-10.346835,-7.960277,0.04238,0.089025,0.803444,,74.303867,,1,0,0,1,False,False,False,False,False,False,False,False,False,False,False,False,False,False,False,False,False
KOSDAQ,353190,(주)휴럼,2023,2024,test,1,BB+,near_speculative_BB_plus_to_BB_minus,0.5485432074478154,0.315,True,13,0,0,1.462982,0.383378,0.54341,0.840232,0.091742,-9.484412,2.929139,0.047621,0.031986,0.081517,0.4057,2.205711,0.064561,0,0,0,0,False,True,True,True,True,True,True,True,True,True,True,True,True,True,True,False,True
KOSDAQ,353590,오토앤(주),2023,2024,test,1,BB-,near_speculative_BB_plus_to_BB_minus,0.9334913401980546,0.315,True,9,2,2,1.504855,0.774065,0.443694,1.253803,0.056737,-3.494501,-2.488353,-0.018482,0.018929,0.031492,0.30878,1.014339,0.459459,0,1,0,1,False,False,False,False,False,False,False,False,False,False,False,False,False,False,False,False,False
KOSDAQ,354320,(주)알멕,2023,2024,test,1,BB+,near_speculative_BB_plus_to_BB_minus,0.634889217489688,0.315,True,12,0,0,2.409958,0.560288,0.492686,1.029688,0.360903,-44.978504,1.959391,-0.030697,0.1132,0.161631,0.227201,3.022536,0.429165,0,0,0,0,False,True,True,True,True,True,True,False,False,False,False,False,False,True,False,False,True
KOSDAQ,355390,(주)크라우드웍스,2023,2024,test,1,BB-,near_speculative_BB_plus_to_BB_minus,0.8529046508490591,0.315,True,5,3,3,1.363883,0.114969,0.34326,1.91324,0.268076,-2.636295,-2.738362,-0.399244,-0.027853,-0.023727,-0.058127,-1.024123,0.922541,0,0,0,1,False,False,False,False,False,False,False,False,False,False,False,False,False,False,False,False,False
KOSDAQ,357230,(주)에이치피오,2023,2024,test,0,A+,upper_investment_A_or_above,0.0052336388389701,0.315,False,12,0,0,2.085636,0.622817,0.771747,0.295761,0.0,-14.919201,80.341952,0.082215,0.10382,0.489678,,87.733053,,1,0,0,0,False,False,False,False,False,False,False,False,False,False,False,False,False,False,False,False,False
KOSDAQ,365340,성일하이텍(주),2023,2024,test,1,BB,near_speculative_BB_plus_to_BB_minus,0.4479248686844763,0.315,True,10,1,1,1.211867,0.253161,0.563638,0.774189,0.324276,-52.831395,-2.268327,0.10201,-0.014486,-0.014279,-0.019215,-0.974764,0.419276,0,0,0,1,False,False,False,False,False,False,False,False,False,False,False,False,False,False,False,False,False
KOSDAQ,370090,(주)퓨런티어,2023,2024,test,0,A,upper_investment_A_or_above,0.5169704648938986,0.315,True,4,0,0,,,,,,,1000000.0,,,,,1000000.0,,0,0,0,0,False,False,False,False,False,False,False,False,False,False,False,False,False,False,False,False,False
KOSDAQ,373170,엠아이큐브솔루션(주),2023,2024,test,0,BBB,near_investment_BBB_plus_to_BBB_minus,0.4391520077164831,0.315,True,4,0,0,,,,,,,1000000.0,,,,,1000000.0,,0,0,0,0,False,False,False,False,False,False,False,False,False,False,False,False,False,False,False,False,False
KOSDAQ,373200,(주)엑스플러스,2023,2024,test,1,BB,near_speculative_BB_plus_to_BB_minus,0.7223577615587641,0.315,True,4,0,0,,,,,,,1000000.0,,,,,1000000.0,,0,0,0,0,False,False,False,False,False,False,False,False,False,False,False,False,False,False,False,False,False
KOSDAQ,373200,(주)엑스플러스,2024,2025,test,1,BB-,near_speculative_BB_plus_to_BB_minus,0.5498288023853076,0.315,True,4,0,0,,,,,,,1000000.0,,,,,1000000.0,,0,0,0,0,False,False,False,False,False,False,False,False,False,False,False,False,False,False,False,False,False
KOSDAQ,377220,(주)프롬바이오,2023,2024,test,1,BB+,near_speculative_BB_plus_to_BB_minus,0.6463006621009163,0.315,True,7,4,5,1.718832,0.293995,0.772046,0.295259,0.188982,-52.104371,-81.740944,-0.173989,-0.312412,-0.939217,-1.132901,-110.497593,1.0,0,0,1,1,False,False,False,False,False,False,False,False,False,False,False,False,False,False,False,False,False
KOSDAQ,378340,(주)필에너지,2023,2024,test,1,BB+,near_speculative_BB_plus_to_BB_minus,0.3823050962949378,0.315,True,12,0,0,1.773459,1.001763,0.514759,0.942658,0.085144,-11.128151,7.726514,-0.032619,0.460185,0.746678,4.255368,45.67979,0.615798,0,0,0,0,False,True,True,True,True,True,True,False,False,False,False,False,False,True,True,False,True
KOSDAQ,382480,(주)지아이텍,2023,2024,test,0,A-,upper_investment_A_or_above,0.5173260531970414,0.315,True,4,0,0,,,,,,,1000000.0,,,,,1000000.0,,0,0,0,0,False,False,False,False,False,False,False,False,False,False,False,False,False,False,False,False,False
KOSDAQ,382800,(주)지앤비에스에코,2023,2024,test,1,B,deep_speculative_B_plus_or_lower,0.5173260531970414,0.315,True,4,0,0,,,,,,,1000000.0,,,,,1000000.0,,0,0,0,0,False,False,False,False,False,False,False,False,False,False,False,False,False,False,False,False,False
KOSDAQ,382840,(주)원준,2023,2024,test,0,BBB+,near_investment_BBB_plus_to_BBB_minus,0.0748219901620799,0.315,False,13,0,0,1.856319,0.551115,0.594748,0.681383,0.061094,-77.08819,14.117382,0.040726,0.075714,0.127893,0.848343,31.610026,0.734694,1,0,0,0,False,False,False,False,False,False,False,False,False,False,False,False,False,False,False,False,False
KOSDAQ,383310,(주)에코프로에이치엔,2023,2024,test,0,BBB+,near_investment_BBB_plus_to_BBB_minus,0.0836588655001797,0.315,False,13,0,0,1.87801,0.287319,0.489649,1.04228,0.310195,-13.448795,21.450941,0.146526,0.023762,0.047206,0.077666,2.793067,0.643092,1,0,0,0,False,False,False,False,False,False,False,False,False,False,False,False,False,False,False,False,False
KOSDAQ,388050,지투파워(주),2023,2024,test,1,BB+,near_speculative_BB_plus_to_BB_minus,0.4791516024456502,0.315,True,10,1,1,2.074499,0.536671,0.578247,0.729364,0.0,-2.4538,-31.326706,0.013584,0.136188,0.286133,,222.977634,,0,0,0,1,False,False,False,False,False,False,False,False,False,False,False,False,False,False,False,False,False
KOSDAQ,391710,코닉오토메이션(주),2023,2024,test,1,BB,near_speculative_BB_plus_to_BB_minus,0.5173260531970414,0.315,True,4,0,0,,,,,,,1000000.0,,,,,1000000.0,,0,0,0,0,False,False,False,False,False,False,False,False,False,False,False,False,False,False,False,False,False
KOSDAQ,393210,(주)토마토시스템,2023,2024,test,0,BBB,near_investment_BBB_plus_to_BBB_minus,0.4391520077164831,0.315,True,4,0,0,,,,,,,1000000.0,,,,,1000000.0,,0,0,0,0,False,False,False,False,False,False,False,False,False,False,False,False,False,False,False,False,False
KOSDAQ,399720,(주)가온칩스,2023,2024,test,0,A-,upper_investment_A_or_above,0.0425682086440128,0.315,False,13,0,0,2.593111,0.281967,0.655531,0.525482,0.050999,-9.796975,14.446401,0.09976,0.089097,0.173867,1.174373,18.8109,0.0,0,0,0,0,False,False,False,False,False,False,False,False,False,False,False,False,False,False,False,False,False
KOSDAQ,403490,농업회사법인우듬지팜(주),2023,2024,test,0,BBB+,near_investment_BBB_plus_to_BBB_minus,0.2943146659670111,0.315,False,13,0,0,1.683691,0.157112,0.692452,0.444143,0.239807,-7.576157,9.970503,0.025219,0.023343,0.077177,0.098978,3.927262,0.674519,0,0,0,0,False,False,False,False,False,False,False,False,False,False,False,False,False,False,False,False,False
KOSDAQ,405000,(주)플라즈맵,2023,2024,test,1,B,deep_speculative_B_plus_or_lower,0.9685922896590216,0.315,True,4,6,7,1.42251,0.468073,0.203062,3.924603,0.453784,0.201625,-9.816814,-1.454756,-1.706452,-0.695345,-1.221168,-10.51867,0.185589,0,1,1,1,False,False,False,False,False,False,False,False,False,False,False,False,False,False,False,False,False
KOSDAQ,406820,(주)뷰티스킨,2023,2024,test,1,BB-,near_speculative_BB_plus_to_BB_minus,0.8933115260600183,0.315,True,6,3,4,1.023846,0.081958,0.472767,1.115209,0.389777,-18.861635,-4.95196,-0.10692,-0.226794,-0.468798,-0.63412,-14.95219,0.963539,0,0,0,1,False,False,False,False,False,False,False,False,False,False,False,False,False,False,False,False,False
KOSDAQ,413630,씨피시스템(주),2023,2024,test,0,BBB+,near_investment_BBB_plus_to_BBB_minus,0.5169704648938986,0.315,True,4,0,0,,,,,,,1000000.0,,,,,1000000.0,,0,0,0,0,False,False,False,False,False,False,False,False,False,False,False,False,False,False,False,False,False
KOSDAQ,417200,엘에스머트리얼즈(주),2023,2024,test,0,BBB+,near_investment_BBB_plus_to_BBB_minus,0.0543148691632213,0.315,False,12,1,1,2.880387,1.928901,0.762812,0.310938,0.087178,-5.003011,8.918084,0.089304,0.050052,0.108511,0.29523,4.503233,1.0,1,0,0,0,False,False,False,False,False,False,False,False,False,False,False,False,False,False,False,False,False
KOSDAQ,419050,(주)삼기에너지솔루션즈,2023,2024,test,0,BBB-,near_investment_BBB_plus_to_BBB_minus,0.2545503611533966,0.315,False,9,1,1,1.336269,0.490722,0.392623,1.546974,0.360197,-16.905292,0.349485,0.052321,0.097297,0.055797,0.094087,4.147858,0.212871,0,0,0,1,False,False,False,False,False,False,False,False,False,False,False,False,False,False,False,False,False
KOSDAQ,419080,엔젯(주),2023,2024,test,0,BBB,near_investment_BBB_plus_to_BBB_minus,0.5173260531970414,0.315,True,4,0,0,,,,,,,1000000.0,,,,,1000000.0,,0,0,0,0,False,False,False,False,False,False,False,False,False,False,False,False,False,False,False,False,False
KOSDAQ,419530,(주)에스에이엠지엔터테인먼트,2023,2024,test,1,BB,near_speculative_BB_plus_to_BB_minus,0.8670817964647474,0.315,True,7,4,4,2.857206,0.239471,0.470283,1.12638,0.209601,-9.963078,-5.700478,-0.179801,-0.124751,-0.223718,-0.565395,-7.182343,0.206782,0,1,1,1,False,False,False,False,False,False,False,False,False,False,False,False,False,False,False,False,False
KOSDAQ,430690,(주)한싹,2023,2024,test,0,BBB+,near_investment_BBB_plus_to_BBB_minus,0.0786321195100307,0.315,False,12,1,1,2.826459,0.337935,0.78126,0.279984,0.04397,-12.046378,76.536502,0.134106,0.035965,0.087097,0.433287,25.234385,1.0,0,0,0,0,False,False,False,False,False,False,False,False,False,False,False,False,False,False,False,False,False
KOSDAQ,439090,(주)마녀공장,2023,2024,test,0,BBB+,near_investment_BBB_plus_to_BBB_minus,0.054115839231861,0.315,False,12,0,0,11.932966,5.470688,0.920149,0.086781,0.0,-58.252521,545.218472,0.110778,0.089901,1.120883,,324.466985,,0,0,0,0,False,False,False,False,False,False,False,False,False,False,False,False,False,False,False,False,False
KOSDAQ,448710,코츠테크놀로지(주),2023,2024,test,0,BBB+,near_investment_BBB_plus_to_BBB_minus,0.5173260531970414,0.315,True,4,0,0,,,,,,,1000000.0,,,,,1000000.0,,0,0,0,0,False,False,False,False,False,False,False,False,False,False,False,False,False,False,False,False,False
KOSDAQ,450520,(주)인스웨이브,2023,2024,test,0,BBB,near_investment_BBB_plus_to_BBB_minus,0.1308363787866448,0.315,False,12,1,1,4.834233,1.360897,0.806582,0.2398,0.078923,-17.765391,12.8328,0.144773,0.113611,0.335879,0.823148,9.17468,1.0,0,0,0,0,False,False,False,False,False,False,False,False,False,False,False,False,False,False,False,False,False
KOSDAQ,452160,(주)제이엔비,2023,2024,test,1,BB,near_speculative_BB_plus_to_BB_minus,0.5321364176070079,0.315,True,12,1,1,1.293421,0.22148,0.578257,0.729335,0.285459,-35.383928,3.859734,-0.166054,0.270339,0.164137,0.2425,4.85761,0.269462,0,0,0,0,False,False,False,False,False,False,False,False,False,False,False,False,False,False,False,False,False
KOSDAQ,452280,한선엔지니어링(주),2023,2024,test,1,B,deep_speculative_B_plus_or_lower,0.5169704648938986,0.315,True,4,0,0,,,,,,,1000000.0,,,,,1000000.0,,0,0,0,0,False,False,False,False,False,False,False,False,False,False,False,False,False,False,False,False,False
KOSDAQ,456700,(주)길교이앤씨,2023,2024,test,0,BBB+,near_investment_BBB_plus_to_BBB_minus,0.4391520077164831,0.315,True,4,0,0,,,,,,,1000000.0,,,,,1000000.0,,0,0,0,0,False,False,False,False,False,False,False,False,False,False,False,False,False,False,False,False,False
KOSPI,000020,동화약품(주),2023,2024,test,0,A+,upper_investment_A_or_above,0.0038056773513427,0.315,False,13,0,0,2.239625,0.681377,0.720489,0.387946,0.054512,-13.573396,60.95867,0.078195,0.08077,0.184697,0.947039,94.693705,0.476334,1,0,0,0,False,False,False,False,False,False,False,False,False,False,False,False,False,False,False,False,False
KOSPI,000070,(주)삼양홀딩스,2023,2024,test,0,AA-,upper_investment_A_or_above,0.0160003456753705,0.315,False,13,0,0,1.388606,0.181161,0.544427,0.836794,0.222104,-62.067942,2.000145,0.070702,0.095244,0.130683,0.268052,6.452052,0.33941,1,0,0,0,False,False,False,False,False,False,False,False,False,False,False,False,False,False,False,False,False
KOSPI,000070,(주)삼양홀딩스,2024,2025,test,0,AA-,upper_investment_A_or_above,0.0047335237951106,0.315,False,13,0,0,1.887179,0.304231,0.566692,0.764627,0.24049,-66.613379,2.063471,0.025186,0.072862,0.112936,0.203485,4.188737,0.205122,1,0,0,0,False,False,False,False,False,False,False,False,False,False,False,False,False,False,False,False,False
KOSPI,000080,하이트진로(주),2023,2024,test,0,A+,upper_investment_A_or_above,0.0285060835852638,0.315,False,10,0,1,0.651971,0.166395,0.332269,2.009607,0.23216,-2.025347,2.452361,0.014091,0.065241,0.073321,0.210883,3.253838,0.564297,1,0,0,0,False,False,False,False,False,False,False,False,False,False,False,False,False,False,False,False,False
KOSPI,000080,하이트진로(주),2024,2025,test,0,A+,upper_investment_A_or_above,0.0359590420326489,0.315,False,10,0,1,0.618881,0.156768,0.334006,1.993955,0.235763,-2.116497,3.822196,0.036833,0.113353,0.128543,0.363114,5.410341,0.583134,1,0,0,0,False,False,False,False,False,False,False,False,False,False,False,False,False,False,False,False,False
KOSPI,000120,씨제이대한통운(주),2023,2024,test,0,AA-,upper_investment_A_or_above,0.0002203596568708,0.315,False,11,0,0,0.948905,0.110642,0.432066,1.314461,0.162881,-34.446566,3.136019,0.020639,0.071092,0.157419,0.548887,5.463144,0.240109,1,0,0,0,False,False,False,False,False,False,False,False,False,False,False,False,False,False,False,False,False
KOSPI,000120,씨제이대한통운(주),2024,2025,test,0,AA-,upper_investment_A_or_above,0.001146465555944,0.315,False,11,0,0,0.928751,0.092492,0.433668,1.305911,0.168313,-36.046608,3.305018,0.022145,0.05003,0.109854,0.369632,3.77549,0.399772,1,0,0,0,False,False,False,False,False,False,False,False,False,False,False,False,False,False,False,False,False
KOSPI,000140,하이트진로홀딩스(주),2023,2024,test,0,A,upper_investment_A_or_above,0.0180997356330464,0.315,False,9,0,1,0.504958,0.12821,0.27769,2.60114,0.331599,-8.334879,1.735948,0.007306,0.054252,0.047311,0.103057,1.709909,0.651654,1,0,0,0,False,False,False,False,False,False,False,False,False,False,False,False,False,False,False,False,False
KOSPI,000140,하이트진로홀딩스(주),2024,2025,test,0,A,upper_investment_A_or_above,0.0339105046070776,0.315,False,9,0,1,0.49043,0.124833,0.283122,2.532044,0.327764,-8.751122,2.657061,0.035114,0.106046,0.093785,0.205125,3.28411,0.610727,1,0,0,0,False,False,False,False,False,False,False,False,False,False,False,False,False,False,False,False,False
KOSPI,000150,(주)두산,2023,2024,test,0,BBB,near_investment_BBB_plus_to_BBB_minus,0.0019844517414022,0.315,False,10,0,0,1.000654,0.309399,0.396182,1.524089,0.164485,-89.568209,3.079352,0.014222,0.099775,0.111751,0.410231,4.092279,0.369132,1,0,0,0,False,False,False,False,False,False,False,False,False,False,False,False,False,False,False,False,False
KOSPI,000150,(주)두산,2024,2025,test,0,BBB,near_investment_BBB_plus_to_BBB_minus,0.0026985043277293,0.315,False,10,0,0,1.080595,0.335995,0.394435,1.535271,0.248283,-95.08594,2.041713,0.016667,0.016976,0.016864,0.041132,0.626147,0.411697,1,0,0,0,False,False,False,False,False,False,False,False,False,False,False,False,False,False,False,False,False
KOSPI,000210,디엘(주),2023,2024,test,0,A+,upper_investment_A_or_above,0.0024635518349192,0.315,False,7,1,1,0.902259,0.283099,0.374056,1.673393,0.382675,-31.682585,0.525027,-0.02411,0.064776,0.042846,0.070083,1.132428,0.20922,1,0,0,1,False,False,False,False,False,False,False,False,False,False,False,False,False,False,False,False,False
KOSPI,000210,디엘(주),2024,2025,test,0,A-,upper_investment_A_or_above,0.0016715796910366,0.315,False,10,0,0,1.08973,0.332205,0.381809,1.619114,0.418472,-33.504296,1.341122,0.016889,0.099211,0.071892,0.106203,1.81118,0.183389,1,0,0,0,False,False,False,False,False,False,False,False,False,False,False,False,False,False,False,False,False
KOSPI,000270,기아(주),2024,2025,test,0,AAA,upper_investment_A_or_above,0.000356930213148,0.315,False,13,0,0,1.549352,0.502887,0.602014,0.661092,0.025836,-25.101933,124.812926,0.090974,0.116934,0.340354,5.242948,123.800294,0.092162,1,0,0,0,False,False,False,False,False,False,False,False,False,False,False,False,False,False,False,False,False
KOSPI,000490,(주)대동,2024,2025,test,0,BBB+,near_investment_BBB_plus_to_BBB_minus,0.0207294081620952,0.315,False,6,1,1,1.029724,0.056728,0.281913,2.547194,0.295091,-22.447616,0.249495,-0.031884,0.180472,0.166822,0.405951,3.453467,0.788782,1,0,0,1,False,False,False,False,False,False,False,False,False,False,False,False,False,False,False,False,False
KOSPI,000500,가온전선(주),2024,2025,test,0,A,upper_investment_A_or_above,0.0415246684028165,0.315,False,11,0,0,1.263286,0.122968,0.435048,1.298596,0.161733,-8.204455,5.203104,0.014681,0.022736,0.066648,0.23281,4.539118,0.84947,0,0,0,0,False,False,False,False,False,False,False,False,False,False,False,False,False,False,False,False,False
KOSPI,000640,동아쏘시오홀딩스(주),2023,2024,test,0,A,upper_investment_A_or_above,0.0027325700580789,0.315,False,12,0,1,0.657949,0.190575,0.524912,0.90508,0.279066,-31.361738,3.380053,0.049349,0.140192,0.17068,0.290569,6.977046,0.630033,1,0,0,0,False,False,False,False,False,False,False,False,False,False,False,False,False,False,False,False,False
KOSPI,000640,동아쏘시오홀딩스(주),2024,2025,test,0,A,upper_investment_A_or_above,0.005166507289554,0.315,False,12,0,1,0.63868,0.166919,0.523982,0.908462,0.251706,-32.515579,2.802455,0.043183,0.062251,0.085868,0.16239,2.833188,0.696033,1,0,0,0,False,False,False,False,False,False,False,False,False,False,False,False,False,False,False,False,False
KOSPI,000660,에스케이하이닉스(주),2023,2024,test,0,AA,upper_investment_A_or_above,0.0198835835879655,0.315,False,10,2,2,1.450323,0.361167,0.533277,0.875199,0.237104,-13.627896,-5.264902,-0.278875,0.130569,0.091363,0.179842,2.913757,0.17427,1,0,0,1,False,False,False,False,False,False,False,False,False,False,False,False,False,False,False,False,False
KOSPI,000660,에스케이하이닉스(주),2024,2025,test,0,AA,upper_investment_A_or_above,0.0054878590152183,0.315,False,13,0,0,1.693496,0.448825,0.616708,0.621512,0.156277,-19.208512,17.444721,0.299079,0.450137,0.64859,1.590755,22.149139,0.068523,1,0,0,0,False,False,False,False,False,False,False,False,False,False,False,False,False,False,False,False,False
KOSPI,000680,(주)엘에스네트웍스,2023,2024,test,0,BBB+,near_investment_BBB_plus_to_BBB_minus,0.0667105389778327,0.315,False,9,1,3,0.477511,0.032097,0.430797,1.321279,0.035663,-0.431159,0.556457,0.028198,0.039916,0.020335,0.324549,0.725778,0.348911,0,0,0,1,False,False,False,False,False,False,False,False,False,False,False,False,False,False,False,False,False
KOSPI,000680,(주)엘에스네트웍스,2024,2025,test,0,BBB+,near_investment_BBB_plus_to_BBB_minus,0.1009830111860329,0.315,False,5,2,4,0.863464,0.018803,0.096946,9.314969,0.540886,-1.36197,1.004605,-0.016491,-0.401889,-0.089633,-0.14965,-30.475432,0.909529,1,0,0,0,False,False,False,False,False,False,False,False,False,False,False,False,False,False,False,False,False
KOSPI,000700,(주)유수홀딩스,2023,2024,test,0,BBB-,near_investment_BBB_plus_to_BBB_minus,0.005960639074042,0.315,False,13,0,0,5.661303,4.344471,0.867617,0.152582,3.9e-05,-5.856128,23.313848,0.068067,0.088327,0.44324,1518.119185,33.505144,0.0,1,0,0,0,False,False,False,False,False,False,False,False,False,False,False,False,False,False,False,False,False
KOSPI,000720,현대건설(주),2023,2024,test,0,AA-,upper_investment_A_or_above,0.0046815362105129,0.315,False,11,1,1,1.797245,0.406084,0.440891,1.268133,0.085279,-17.602398,12.260466,0.022066,-0.024104,-0.053904,-0.353408,-11.15663,0.122997,1,0,1,0,False,False,False,False,False,False,False,False,False,False,False,False,False,False,False,False,False
KOSPI,000720,현대건설(주),2024,2025,test,0,AA-,upper_investment_A_or_above,0.0320186779234708,0.315,False,6,2,2,1.438965,0.349867,0.358055,1.792867,0.084164,-16.203769,-12.565592,-0.023453,-0.003636,-0.006853,-0.052268,-1.181549,0.327632,1,0,1,1,False,False,False,False,False,False,False,False,False,False,False,False,False,False,False,False,False
KOSPI,000860,강남제비스코(주),2023,2024,test,0,BBB-,near_investment_BBB_plus_to_BBB_minus,0.0205765926807235,0.315,False,13,0,0,1.493809,0.38934,0.702147,0.424202,0.086157,-105.476519,4.39961,0.034011,0.102956,0.22401,0.774422,12.489177,0.554234,1,0,0,0,False,False,False,False,False,False,False,False,False,False,False,False,False,False,False,False,False
KOSPI,000860,강남제비스코(주),2024,2025,test,0,BBB-,near_investment_BBB_plus_to_BBB_minus,0.0143995928960567,0.315,False,13,0,0,1.627891,0.286893,0.726976,0.375562,0.073476,-107.457993,4.654273,0.028179,0.073346,0.178166,0.662037,10.694081,0.590451,1,0,0,0,False,False,False,False,False,False,False,False,False,False,False,False,False,False,False,False,False
KOSPI,000880,(주)한화,2023,2024,test,0,A+,upper_investment_A_or_above,0.0205596067743542,0.315,False,10,1,1,0.884152,0.188273,0.158287,5.317654,0.075138,-66.814807,2.664219,0.03078,0.071392,0.021487,0.240708,4.190192,0.376251,1,0,0,0,False,False,False,False,False,False,False,False,False,False,False,False,False,False,False,False,False
KOSPI,000880,(주)한화,2024,2025,test,0,A-,upper_investment_A_or_above,0.0124204225450611,0.315,False,11,1,1,1.415125,0.150446,0.156968,5.37072,0.154482,-82.450982,2.036903,0.030378,0.123654,0.032385,0.176729,5.800994,0.516877,1,0,0,0,False,False,False,False,False,False,False,False,False,False,False,False,False,False,False,False,False
KOSPI,001020,페이퍼코리아(주),2023,2024,test,0,BBB+,near_investment_BBB_plus_to_BBB_minus,0.137890469251866,0.315,False,13,0,0,2.064951,0.740826,0.600312,0.665799,0.235131,-2.316655,1.440804,0.04207,0.155745,0.286955,0.487781,2.607722,0.407536,1,0,0,0,False,False,False,False,False,False,False,False,False,False,False,False,False,False,False,False,False
KOSPI,001040,씨제이(주),2023,2024,test,0,AA-,upper_investment_A_or_above,0.0042987990849701,0.315,False,10,0,0,0.932654,0.233192,0.379055,1.63814,0.237775,-98.933434,2.244243,0.012688,0.121322,0.171165,0.446993,5.521844,0.350803,1,0,0,0,False,False,False,False,False,False,False,False,False,False,False,False,False,False,False,False,False
KOSPI,001040,씨제이(주),2024,2025,test,0,AA-,upper_investment_A_or_above,0.0052638862025864,0.315,False,10,0,0,0.849237,0.182478,0.373632,1.676432,0.224315,-98.115591,2.64538,0.003464,0.11068,0.162377,0.453416,5.01647,0.462049,1,0,0,0,False,False,False,False,False,False,False,False,False,False,False,False,False,False,False,False,False
KOSPI,001060,제이더블유중외제약(주),2023,2024,test,0,BBB,near_investment_BBB_plus_to_BBB_minus,0.045562628678552,0.315,False,12,0,0,1.317726,0.055446,0.411511,1.43007,0.15963,-3.344394,7.984895,0.051341,0.116438,0.229604,0.846451,6.938337,0.708647,1,0,0,0,False,False,False,False,False,False,False,False,False,False,False,False,False,False,False,False,False
KOSPI,001070,대한방직(주),2023,2024,test,1,BB,near_speculative_BB_plus_to_BB_minus,0.5218299695015161,0.315,True,9,2,2,2.181586,0.419806,0.724532,0.380202,0.126191,-23.704957,-1.03773,-0.024573,0.070611,0.211914,0.462598,6.040102,0.676189,0,1,0,1,False,False,False,False,False,False,False,False,False,False,False,False,False,False,False,False,False
KOSPI,001070,대한방직(주),2024,2025,test,1,BB,near_speculative_BB_plus_to_BB_minus,0.6317322562869718,0.315,True,12,1,1,1.667148,0.434221,0.713802,0.400948,0.115875,-23.969414,1.623028,0.008331,0.039039,0.098523,0.24334,3.507992,0.982997,0,0,0,0,False,False,False,False,False,False,False,False,False,False,False,False,False,False,False,False,False
KOSPI,001120,(주)엘엑스인터내셔널,2023,2024,test,0,AA-,upper_investment_A_or_above,0.0012979972998265,0.315,False,11,0,0,1.546439,0.436626,0.384593,1.600149,0.236798,-14.86664,3.727534,0.013322,0.03709,0.10941,0.284341,4.633183,0.069114,1,0,0,0,False,False,False,False,False,False,False,False,False,False,False,False,False,False,False,False,False
KOSPI,001120,(주)엘엑스인터내셔널,2024,2025,test,0,AA-,upper_investment_A_or_above,0.00166003482141,0.315,False,11,0,0,1.347317,0.358529,0.371701,1.690335,0.203188,-16.129059,3.935554,0.016198,0.043501,0.128982,0.398837,5.822643,0.178314,1,0,0,0,False,False,False,False,False,False,False,False,False,False,False,False,False,False,False,False,False
KOSPI,001250,(주)지에스글로벌,2023,2024,test,0,A,upper_investment_A_or_above,0.0038085669474044,0.315,False,11,0,0,1.257006,0.266373,0.319741,2.127535,0.25321,-1.171175,2.470823,0.006659,0.061771,0.253828,0.68192,7.811858,0.509544,0,0,0,0,False,False,False,False,False,False,False,False,False,False,False,False,False,False,False,False,False
KOSPI,001250,(주)지에스글로벌,2024,2025,test,0,A,upper_investment_A_or_above,0.0087099777322483,0.315,False,10,0,0,1.40745,0.180042,0.393909,1.538659,0.238672,-1.748389,2.809831,0.013788,-0.005325,-0.024816,-0.063019,-0.781233,0.476137,1,0,0,0,False,False,False,False,False,False,False,False,False,False,False,False,False,False,False,False,False
KOSPI,001340,피케이씨(주),2023,2024,test,0,BBB,near_investment_BBB_plus_to_BBB_minus,0.0524980742781365,0.315,False,12,0,1,0.474427,0.171133,0.500463,0.998149,0.324838,-8.512885,2.6814,0.033097,0.128538,0.140753,0.21645,4.537354,0.695436,1,0,0,0,False,False,False,False,False,False,False,False,False,False,False,False,False,False,False,False,False
KOSPI,001390,케이지케미칼(주),2023,2024,test,1,BB,near_speculative_BB_plus_to_BB_minus,0.05702918296024,0.315,False,12,0,0,1.350839,0.121365,0.465112,1.150019,0.198328,-50.123292,5.449586,0.03926,0.031656,0.067622,0.182377,3.481974,0.341119,1,0,0,0,False,False,False,False,False,False,False,False,False,False,False,False,False,False,False,False,False
KOSPI,001430,(주)세아베스틸지주,2023,2024,test,0,A+,upper_investment_A_or_above,0.0016680801354787,0.315,False,12,0,0,2.221065,0.129808,0.556331,0.79749,0.201158,-8.297544,5.967785,0.030854,0.056268,0.141298,0.311644,6.971413,0.166584,1,0,0,0,False,False,False,False,False,False,False,False,False,False,False,False,False,False,False,False,False
KOSPI,001430,(주)세아베스틸지주,2024,2025,test,0,A+,upper_investment_A_or_above,0.0041209918906706,0.315,False,13,0,0,1.506006,0.231751,0.530858,0.883742,0.165445,-8.262694,1.521027,0.005576,0.087459,0.177138,0.502298,9.242782,0.224405,1,0,0,0,False,False,False,False,False,False,False,False,False,False,False,False,False,False,False,False,False
KOSPI,001440,대한전선(주),2024,2025,test,0,A,upper_investment_A_or_above,0.0085380773036527,0.315,False,13,0,0,1.929901,0.36242,0.566125,0.766395,0.133283,-7.024318,3.745602,0.022541,0.002051,0.005888,0.019168,0.219578,0.4038,0,0,0,0,False,False,False,False,False,False,False,False,False,False,False,False,False,False,False,False,False
KOSPI,001560,제일연마공업(주),2024,2025,test,0,A+,upper_investment_A_or_above,0.0037069784451509,0.315,False,13,0,0,4.922616,1.234155,0.8548,0.169864,0.000118,-18.847116,5956.379917,0.073278,0.082942,0.403355,497.596751,7038.469979,0.0,1,0,0,0,False,False,False,False,False,False,False,False,False,False,False,False,False,False,False,False,False
KOSPI,001570,(주)금양,2023,2024,test,1,BB+,near_speculative_BB_plus_to_BB_minus,0.8296223152239623,0.315,True,5,2,3,0.297943,0.137136,0.350457,1.853415,0.431112,-7.493888,-1.680692,-0.397,0.098208,0.032676,0.049232,1.71778,0.877566,0,0,0,1,False,False,False,False,False,False,False,False,False,False,False,False,False,False,False,False,False
KOSPI,001620,케이비아이동국실업(주),2023,2024,test,1,BB,near_speculative_BB_plus_to_BB_minus,0.5665521528940564,0.315,True,7,1,1,0.814183,0.062044,0.315077,2.173827,0.243361,-2.523181,0.449961,0.012433,0.088592,0.134996,0.379937,5.749254,0.681564,0,0,0,1,False,False,False,False,False,False,False,False,False,False,False,False,False,False,False,False,False
KOSPI,001630,(주)종근당홀딩스,2023,2024,test,0,A+,upper_investment_A_or_above,0.0289179676561042,0.315,False,9,1,1,0.807217,0.086923,0.565579,0.7681,0.227104,-64.749104,0.86748,0.04612,0.042223,0.058728,0.11234,1.894949,0.781916,1,0,0,1,False,False,False,False,False,False,False,False,False,False,False,False,False,False,False,False,False
KOSPI,001630,(주)종근당홀딩스,2024,2025,test,0,A+,upper_investment_A_or_above,0.0282221730380978,0.315,False,11,0,0,0.873414,0.058497,0.568106,0.760236,0.30191,-66.848061,1.722473,0.042071,0.025563,0.037898,0.054215,1.188386,0.762134,1,0,0,0,False,False,False,False,False,False,False,False,False,False,False,False,False,False,False,False,False
KOSPI,001680,대상(주),2023,2024,test,0,AA-,upper_investment_A_or_above,0.007760209496037,0.315,False,13,0,0,1.83134,0.773551,0.402999,1.481398,0.355485,-36.307384,2.33199,0.016692,0.091258,0.188303,0.316235,7.065522,0.271135,1,0,0,0,False,False,False,False,False,False,False,False,False,False,False,False,False,False,False,False,False
KOSPI,001680,대상(주),2024,2025,test,0,AA-,upper_investment_A_or_above,0.0102034586476528,0.315,False,13,0,0,1.539047,0.5733,0.412441,1.424591,0.308331,-39.190701,3.001663,0.022723,0.044122,0.091039,0.173485,3.184927,0.340322,1,0,0,0,False,False,False,False,False,False,False,False,False,False,False,False,False,False,False,False,False
KOSPI,001740,에스케이네트웍스(주),2023,2024,test,0,AA-,upper_investment_A_or_above,0.0032546780267862,0.315,False,9,1,2,0.606759,0.086289,0.236636,3.225896,0.329598,-2.323561,1.325892,0.000598,0.013956,0.018329,0.042451,0.712273,0.248607,1,0,0,0,False,False,False,False,False,False,False,False,False,False,False,False,False,False,False,False,False
KOSPI,001740,에스케이네트웍스(주),2024,2025,test,0,AA-,upper_investment_A_or_above,0.0033630385927587,0.315,False,10,0,0,1.02145,0.225985,0.39815,1.511619,0.257198,-2.165492,1.185947,0.006045,0.036095,0.089047,0.208373,2.877413,0.334678,1,0,0,0,False,False,False,False,False,False,False,False,False,False,False,False,False,False,False,False,False
KOSPI,001780,(주)알루코,2023,2024,test,0,BBB-,near_investment_BBB_plus_to_BBB_minus,0.0798912545797286,0.315,False,10,0,0,0.894933,0.104946,0.416703,1.399793,0.374652,-6.440565,1.550014,0.034611,0.118578,0.13956,0.217281,2.887377,0.893683,0,0,0,0,False,False,False,False,False,False,False,False,False,False,False,False,False,False,False,False,False
KOSPI,001780,(주)알루코,2024,2025,test,0,BBB-,near_investment_BBB_plus_to_BBB_minus,0.1050278681589277,0.315,False,10,0,0,0.925542,0.09897,0.410605,1.435433,0.378998,-7.087333,1.603724,0.028357,0.070154,0.077723,0.12087,1.841805,0.879311,0,0,0,0,False,False,False,False,False,False,False,False,False,False,False,False,False,False,False,False,False
KOSPI,001790,대한제당(주),2023,2024,test,0,A-,upper_investment_A_or_above,0.0691920748662722,0.315,False,13,0,0,1.919828,0.574409,0.467854,1.137418,0.262627,-10.532426,2.76486,0.024396,0.030044,0.063459,0.128583,2.344004,0.209434,1,0,0,0,False,False,False,False,False,False,False,False,False,False,False,False,False,False,False,False,False
KOSPI,001790,대한제당(주),2024,2025,test,0,A-,upper_investment_A_or_above,0.093396601881765,0.315,False,13,0,0,1.723828,0.567005,0.453289,1.206098,0.236129,-10.627269,2.031058,0.014938,0.036651,0.074663,0.172869,2.764261,0.192258,1,0,0,0,False,False,False,False,False,False,False,False,False,False,False,False,False,False,False,False,False
KOSPI,001940,KISCO홀딩스(주),2023,2024,test,0,AA,upper_investment_A_or_above,0.0133463830359338,0.315,False,12,1,1,9.503513,0.794117,0.887065,0.127313,0.007062,-85.540228,244.874614,0.084443,0.070414,0.533341,8.529378,178.102202,1.0,1,0,0,0,False,False,False,False,False,False,False,False,False,False,False,False,False,False,False,False,False
KOSPI,001940,KISCO홀딩스(주),2024,2025,test,0,AA+,upper_investment_A_or_above,0.0118416914429858,0.315,False,10,2,2,12.86382,0.930565,0.912565,0.095813,0.006352,-83.472986,-6.233593,0.044725,0.078234,0.530059,7.296292,136.210217,1.0,1,0,0,1,False,False,False,False,False,False,False,False,False,False,False,False,False,False,False,False,False
KOSPI,002020,(주)코오롱,2024,2025,test,0,BBB+,near_investment_BBB_plus_to_BBB_minus,0.0234316330178525,0.315,False,5,2,3,0.765256,0.114633,0.333478,1.998702,0.274459,-33.268055,-0.48649,0.026148,-0.031012,-0.039839,-0.096748,-1.015586,0.547225,1,0,1,1,False,False,False,False,False,False,False,False,False,False,False,False,False,False,False,False,False
KOSPI,002150,(주)도화엔지니어링,2023,2024,test,0,AA+,upper_investment_A_or_above,0.0077693515988328,0.315,False,12,0,0,1.036589,0.286666,0.453419,1.205464,0.073807,-15.273078,7.414984,0.036077,0.050619,0.088003,0.651703,9.858318,0.010979,1,0,0,0,False,False,False,False,False,False,False,False,False,False,False,False,False,False,False,False,False
KOSPI,002240,고려제강(주),2023,2024,test,0,BBB+,near_investment_BBB_plus_to_BBB_minus,0.0042602722124212,0.315,False,13,0,0,2.410643,0.412861,0.732356,0.365456,0.078207,-70.808427,4.513292,0.036071,0.101979,0.278062,0.951593,14.620004,0.764252,1,0,0,0,False,False,False,False,False,False,False,False,False,False,False,False,False,False,False,False,False
KOSPI,002320,(주)한진,2023,2024,test,0,BBB+,near_investment_BBB_plus_to_BBB_minus,0.0023171578745506,0.315,False,10,0,1,0.639942,0.250475,0.366447,1.728908,0.174198,-19.599611,1.085818,0.009299,0.097507,0.102846,0.374048,2.42597,0.238972,1,0,0,0,False,False,False,False,False,False,False,False,False,False,False,False,False,False,False,False,False
KOSPI,002320,(주)한진,2024,2025,test,0,BBB+,near_investment_BBB_plus_to_BBB_minus,0.0043692801594618,0.315,False,7,1,2,0.657096,0.214643,0.363745,1.749182,0.166366,-19.389991,0.809973,-0.000121,0.100934,0.114183,0.436684,2.463101,0.24517,1,0,0,1,False,False,False,False,False,False,False,False,False,False,False,False,False,False,False,False,False
KOSPI,002350,넥센타이어(주),2023,2024,test,0,A,upper_investment_A_or_above,0.0307112413198457,0.315,False,12,0,0,1.170022,0.178678,0.402792,1.48267,0.310351,-30.522904,3.094922,0.038167,0.089521,0.095681,0.184119,4.003065,0.349233,1,0,0,0,False,False,False,False,False,False,False,False,False,False,False,False,False,False,False,False,False
KOSPI,002350,넥센타이어(주),2024,2025,test,0,A,upper_investment_A_or_above,0.028724063235935,0.315,False,12,0,0,1.28933,0.094455,0.409142,1.44414,0.303222,-33.605641,1.809033,0.044495,0.09106,0.095947,0.186963,2.725388,0.372751,1,0,0,0,False,False,False,False,False,False,False,False,False,False,False,False,False,False,False,False,False
KOSPI,002380,(주)케이씨씨,2023,2024,test,0,AA-,upper_investment_A_or_above,0.0036877848376028,0.315,False,12,0,0,1.08908,0.272461,0.407949,1.451289,0.316691,-112.29038,1.22732,0.01471,0.125352,0.099706,0.186399,3.095556,0.287864,1,0,0,0,False,False,False,False,False,False,False,False,False,False,False,False,False,False,False,False,False
KOSPI,002380,(주)케이씨씨,2024,2025,test,0,AA-,upper_investment_A_or_above,0.0024667163196235,0.315,False,11,0,0,1.236355,0.155169,0.38443,1.601256,0.360032,-103.800895,1.354541,0.044046,0.089626,0.07396,0.126454,1.7159,0.192834,1,0,0,0,False,False,False,False,False,False,False,False,False,False,False,False,False,False,False,False,False
KOSPI,002390,(주)한독,2023,2024,test,0,BBB+,near_investment_BBB_plus_to_BBB_minus,0.0518248260386302,0.315,False,8,1,1,0.979507,0.054915,0.430996,1.320208,0.314939,-48.497917,0.912763,-0.055363,0.068823,0.080001,0.144538,2.610604,0.500739,1,0,0,1,False,False,False,False,False,False,False,False,False,False,False,False,False,False,False,False,False
KOSPI,002390,(주)한독,2024,2025,test,0,BBB,near_investment_BBB_plus_to_BBB_minus,0.1068552104473208,0.315,False,6,2,2,0.960581,0.155556,0.36657,1.727995,0.251141,-41.003786,0.03112,-0.103804,-0.005494,-0.005581,-0.014076,-0.16109,0.274694,1,0,0,1,False,False,False,False,False,False,False,False,False,False,False,False,False,False,False,False,False
KOSPI,002410,범양건영(주),2023,2024,test,0,A,upper_investment_A_or_above,0.851139155087024,0.315,True,2,4,6,0.705598,0.002119,0.322086,2.104761,0.20717,-1.50217,-3.254095,-0.075445,-0.050424,-0.046563,-0.152366,-1.899109,0.905211,0,1,1,1,False,False,False,False,False,False,False,False,False,False,False,False,False,False,False,False,False
KOSPI,002690,동일제강(주),2023,2024,test,0,BBB,near_investment_BBB_plus_to_BBB_minus,0.1630532108275291,0.315,False,4,0,0,,,,,,,1000000.0,,,,,1000000.0,,0,0,0,0,False,False,False,False,False,False,False,False,False,False,False,False,False,False,False,False,False
KOSPI,002780,진흥기업(주),2023,2024,test,0,BBB-,near_investment_BBB_plus_to_BBB_minus,0.306431460877102,0.315,False,4,0,0,,,,,,,1000000.0,,,,,1000000.0,,0,0,0,0,False,False,False,False,False,False,False,False,False,False,False,False,False,False,False,False,False
KOSPI,002780,진흥기업(주),2024,2025,test,0,,missing_rating,0.2176015513692757,0.315,False,4,0,0,,,,,,,1000000.0,,,,,1000000.0,,0,0,0,0,False,False,False,False,False,False,False,False,False,False,False,False,False,False,False,False,False
KOSPI,002900,티와이엠(주),2023,2024,test,0,BBB-,near_investment_BBB_plus_to_BBB_minus,0.0590018069579712,0.315,False,11,1,1,1.307421,0.104973,0.450668,1.218929,0.306507,-2.397638,8.197619,0.07224,0.01801,0.032298,0.057886,1.615178,0.920718,1,0,0,0,False,False,False,False,False,False,False,False,False,False,False,False,False,False,False,False,False
KOSPI,002900,티와이엠(주),2024,2025,test,0,BBB-,near_investment_BBB_plus_to_BBB_minus,0.0478494684749499,0.315,False,12,0,0,1.378453,0.164124,0.486313,1.056288,0.283007,-2.612212,1.691502,0.023085,0.113813,0.208906,0.379187,9.443389,0.829688,1,0,0,0,False,False,False,False,False,False,False,False,False,False,False,False,False,False,False,False,False
KOSPI,002990,금호건설(주),2023,2024,test,0,BBB-,near_investment_BBB_plus_to_BBB_minus,0.095471880549101,0.315,False,10,0,0,1.238323,0.177091,0.277609,2.602194,0.140218,-1.522774,1.337905,0.000337,-0.069687,-0.126408,-0.651244,-9.482534,0.275414,1,0,0,0,False,False,False,False,False,False,False,False,False,False,False,False,False,False,False,False,False
KOSPI,003010,(주)혜인,2023,2024,test,0,BBB,near_investment_BBB_plus_to_BBB_minus,0.3453609822802965,0.315,True,4,0,0,,,,,,,1000000.0,,,,,1000000.0,,0,0,0,0,True,False,False,False,False,False,False,False,False,False,False,False,False,False,False,False,True
KOSPI,003030,(주)세아제강지주,2023,2024,test,0,A+,upper_investment_A_or_above,0.0021010861032955,0.315,False,13,0,0,2.128553,0.62442,0.550342,0.817053,0.224397,-114.359545,15.332134,0.104681,0.142002,0.284704,0.570505,14.417724,0.467151,1,0,0,0,False,False,False,False,False,False,False,False,False,False,False,False,False,False,False,False,False
KOSPI,003160,(주)디아이,2023,2024,test,0,BBB,near_investment_BBB_plus_to_BBB_minus,0.2440519453501906,0.315,False,13,0,0,1.599525,0.544455,0.574681,0.740096,0.226059,-8.348663,1.870142,0.009139,0.069376,0.12472,0.234654,4.533713,0.622735,1,0,0,0,False,False,False,False,False,False,False,False,False,False,False,False,False,False,False,False,False
KOSPI,003230,삼양식품(주),2024,2025,test,0,A+,upper_investment_A_or_above,0.004374007643095,0.315,False,13,0,0,1.385268,0.679942,0.519214,0.925988,0.18069,-20.984115,23.908398,0.156975,0.207119,0.466782,1.242028,24.833702,0.269174,1,0,0,0,False,False,False,False,False,False,False,False,False,False,False,False,False,False,False,False,False
KOSPI,003300,한일홀딩스(주),2023,2024,test,0,A,upper_investment_A_or_above,0.0068821004900973,0.315,False,13,0,0,1.666005,0.403139,0.617403,0.619688,0.172465,-64.882931,9.115199,0.076311,0.11493,0.199408,0.442368,9.447752,0.235891,1,0,0,0,False,False,False,False,False,False,False,False,False,False,False,False,False,False,False,False,False
KOSPI,003490,(주)대한항공,2023,2024,test,0,A-,upper_investment_A_or_above,0.0035517905112534,0.315,False,9,0,0,0.913421,0.066185,0.322956,2.096396,0.159849,-4.315122,3.368532,0.070079,0.254004,0.19889,0.842399,7.701068,0.210248,1,0,0,0,False,False,False,False,False,False,False,False,False,False,False,False,False,False,False,False,False
KOSPI,003490,(주)대한항공,2024,2025,test,0,A-,upper_investment_A_or_above,0.0048077898995196,0.315,False,9,1,2,0.684413,0.130534,0.2332,3.288173,0.123463,-4.936777,4.104179,0.077325,0.255105,0.126465,0.785441,8.866744,0.43365,1,0,0,0,False,False,False,False,False,False,False,False,False,False,False,False,False,False,False,False,False
KOSPI,003620,케이지모빌리티(주),2023,2024,test,1,BB,near_speculative_BB_plus_to_BB_minus,0.0307287380482937,0.315,False,12,0,0,1.286608,0.06552,0.410829,1.434102,0.058343,-0.158239,6.169282,0.002388,0.002973,0.007155,0.072254,5.462292,0.294346,0,0,0,0,False,False,False,False,False,False,False,False,False,False,False,False,False,False,False,False,False
KOSPI,003620,케이지모빌리티(주),2024,2025,test,1,BB,near_speculative_BB_plus_to_BB_minus,0.0095734081981097,0.315,False,8,2,2,1.151892,0.090996,0.457582,1.185399,0.045039,-0.44655,0.06217,0.008667,0.033755,0.07828,0.942749,5.719188,1.0,0,0,0,1,False,False,False,False,False,False,False,False,False,False,False,False,False,False,False,False,False
KOSPI,003670,(주)포스코퓨처엠,2024,2025,test,0,AA-,upper_investment_A_or_above,0.0057005169122673,0.315,False,10,1,1,1.34564,0.410311,0.418597,1.388931,0.398544,-84.73116,0.010188,-0.062525,0.181314,0.145459,0.212198,9.476102,0.05858,1,0,0,1,False,False,False,False,False,False,False,False,False,False,False,False,False,False,False,False,False
KOSPI,003680,한성기업(주),2024,2025,test,1,BB+,near_speculative_BB_plus_to_BB_minus,0.3669717418866667,0.315,True,4,0,0,,,,,,,1000000.0,,,,,1000000.0,,0,0,0,0,True,False,False,False,False,False,False,False,False,False,False,False,False,False,False,False,True
KOSPI,003850,(주)보령,2023,2024,test,0,A,upper_investment_A_or_above,0.002194089438352,0.315,False,12,0,0,1.878127,0.081859,0.599941,0.666832,0.196414,-14.992214,7.149018,0.04678,0.049119,0.115284,0.234813,4.421746,0.156329,1,0,0,0,False,False,False,False,False,False,False,False,False,False,False,False,False,False,False,False,False
KOSPI,003850,(주)보령,2024,2025,test,0,A,upper_investment_A_or_above,0.0013538595884094,0.315,False,13,0,0,2.638821,0.782058,0.673922,0.483852,0.117061,-17.078776,7.832273,0.068465,0.079202,0.212225,0.591163,8.95311,0.092787,1,0,0,0,False,False,False,False,False,False,False,False,False,False,False,False,False,False,False,False,False
KOSPI,004020,현대제철(주),2023,2024,test,0,AA,upper_investment_A_or_above,0.0020217291592763,0.315,False,13,0,0,1.497161,0.173562,0.553567,0.806465,0.202491,-28.219357,1.928557,0.017094,0.075185,0.123921,0.27321,4.706839,0.180697,1,0,0,0,False,False,False,False,False,False,False,False,False,False,False,False,False,False,False,False,False
KOSPI,004020,현대제철(주),2024,2025,test,0,AA,upper_investment_A_or_above,0.0047208561739158,0.315,False,11,1,1,1.488485,0.168286,0.556461,0.797071,0.212254,-27.97591,0.379069,0.000379,0.076515,0.115322,0.240985,4.223788,0.164856,1,0,0,1,False,False,False,False,False,False,False,False,False,False,False,False,False,False,False,False,False
KOSPI,004090,한국석유공업(주),2023,2024,test,0,BBB+,near_investment_BBB_plus_to_BBB_minus,0.0794810537128407,0.315,False,10,1,1,1.168278,0.086798,0.501084,0.995674,0.296024,-26.94598,3.266537,0.021726,0.007912,0.030428,0.051283,1.155903,1.0,1,0,0,0,False,False,False,False,False,False,False,False,False,False,False,False,False,False,False,False,False
KOSPI,004090,한국석유공업(주),2024,2025,test,0,BBB+,near_investment_BBB_plus_to_BBB_minus,0.0597949872431719,0.315,False,11,1,1,1.231699,0.114502,0.513983,0.94559,0.301002,-30.128957,2.42955,0.017875,0.018216,0.070316,0.113536,2.293391,0.922184,1,0,0,0,False,False,False,False,False,False,False,False,False,False,False,False,False,False,False,False,False
KOSPI,004100,태양금속공업(주),2023,2024,test,1,B+,deep_speculative_B_plus_or_lower,0.653159936513115,0.315,True,7,1,2,0.845008,0.035345,0.217635,3.594859,0.338776,-4.431285,1.665441,0.000118,-0.014856,-0.023479,-0.054223,-0.688976,0.895086,1,0,0,0,False,False,False,False,False,False,False,False,False,False,False,False,False,False,False,False,False
KOSPI,004140,(주)동방,2023,2024,test,0,BBB-,near_investment_BBB_plus_to_BBB_minus,0.0741477486458976,0.315,False,10,1,1,0.851328,0.20712,0.240437,3.159102,0.270516,-1.739513,2.176587,0.019657,0.061958,0.1045,0.293418,2.942386,0.284612,0,0,0,0,False,False,False,False,False,False,False,False,False,False,False,False,False,False,False,False,False
KOSPI,004140,(주)동방,2024,2025,test,0,BBB,near_investment_BBB_plus_to_BBB_minus,0.0565238327122614,0.315,False,10,0,0,0.842665,0.221529,0.252526,2.959995,0.302502,-2.026134,2.090881,0.023842,0.065253,0.120719,0.298294,3.046329,0.313716,1,0,0,0,False,False,False,False,False,False,False,False,False,False,False,False,False,False,False,False,False
KOSPI,004170,(주)신세계,2023,2024,test,0,AA,upper_investment_A_or_above,0.0040515129777752,0.315,False,12,0,1,0.540813,0.162314,0.429772,1.326815,0.204711,-127.793748,3.789244,0.049074,0.124496,0.094084,0.262073,4.687439,0.37269,1,0,0,0,False,False,False,False,False,False,False,False,False,False,False,False,False,False,False,False,False
KOSPI,004170,(주)신세계,2024,2025,test,0,A-,upper_investment_A_or_above,0.0039429504226824,0.315,False,11,0,1,0.473517,0.117734,0.422956,1.364312,0.205828,-128.498857,2.435533,0.028401,0.11808,0.089207,0.250093,3.961178,0.285424,1,0,0,0,False,False,False,False,False,False,False,False,False,False,False,False,False,False,False,False,False
KOSPI,004430,송원산업(주),2023,2024,test,0,A,upper_investment_A_or_above,0.0021608392556727,0.315,False,12,1,1,1.849993,0.320397,0.647484,0.544439,0.099865,-57.799333,6.289018,0.033833,0.161926,0.434151,1.532524,17.93912,0.951758,1,0,0,0,False,False,False,False,False,False,False,False,False,False,False,False,False,False,False,False,False
KOSPI,004430,송원산업(주),2024,2025,test,0,A,upper_investment_A_or_above,0.0115396577583375,0.315,False,12,1,1,1.984669,0.344248,0.640666,0.560875,0.125644,-62.009167,8.517153,0.04213,0.075376,0.190215,0.544003,10.937898,0.984826,1,0,0,0,False,False,False,False,False,False,False,False,False,False,False,False,False,False,False,False,False
KOSPI,004540,깨끗한나라(주),2023,2024,test,0,BBB,near_investment_BBB_plus_to_BBB_minus,0.3104253686895245,0.315,False,6,1,2,0.604697,0.113988,0.329844,2.031734,0.270249,-4.626698,-1.338212,-0.059908,0.066507,0.079646,0.197504,2.422557,0.345105,0,0,0,1,False,False,False,False,False,False,False,False,False,False,False,False,False,False,False,False,False
KOSPI,004540,깨끗한나라(주),2024,2025,test,0,BBB,near_investment_BBB_plus_to_BBB_minus,0.4209242219048103,0.315,True,4,2,4,0.46871,0.036014,0.306137,2.266508,0.341456,-4.055859,-0.051629,-0.04123,-0.010495,-0.013079,-0.026578,-0.322549,0.737421,0,1,0,1,False,False,False,False,False,False,False,False,False,False,False,False,False,False,False,False,False
KOSPI,004560,현대비앤지스틸(주),2023,2024,test,0,A,upper_investment_A_or_above,0.0254801142276872,0.315,False,10,1,1,2.191185,0.250544,0.623129,0.604805,0.13006,-5.503018,-4.316967,-0.028891,0.056702,0.198436,0.575006,7.263312,0.1551,1,0,0,1,False,False,False,False,False,False,False,False,False,False,False,False,False,False,False,False,False
KOSPI,004560,현대비앤지스틸(주),2024,2025,test,0,A,upper_investment_A_or_above,0.0106330601948713,0.315,False,13,0,0,2.411986,0.257401,0.684837,0.460201,0.071949,-5.79597,5.716868,0.031394,0.093608,0.31347,1.373102,13.897535,0.002263,0,0,0,0,False,False,False,False,False,False,False,False,False,False,False,False,False,False,False,False,False
KOSPI,004690,(주)삼천리,2023,2024,test,0,AA+,upper_investment_A_or_above,0.0048781403402085,0.315,False,11,0,0,1.464509,0.264402,0.377875,1.646381,0.209415,-81.615002,4.415524,0.025642,0.019454,0.039955,0.118697,2.788273,0.101293,1,0,0,0,False,False,False,False,False,False,False,False,False,False,False,False,False,False,False,False,False
KOSPI,004690,(주)삼천리,2024,2025,test,0,AA+,upper_investment_A_or_above,0.0054217296086747,0.315,False,11,0,0,1.275296,0.276123,0.389656,1.566365,0.163979,-85.832705,2.795115,0.023759,0.041119,0.076351,0.284183,5.148681,0.160072,1,0,0,0,False,False,False,False,False,False,False,False,False,False,False,False,False,False,False,False,False
KOSPI,004710,한솔테크닉스(주),2023,2024,test,0,BBB+,near_investment_BBB_plus_to_BBB_minus,0.0043206511137453,0.315,False,12,0,0,1.148925,0.35266,0.497544,1.009871,0.195344,-1.956565,3.904041,0.029918,0.125769,0.341782,0.879118,13.07026,0.523237,1,0,0,0,False,False,False,False,False,False,False,False,False,False,False,False,False,False,False,False,False
KOSPI,004710,한솔테크닉스(주),2024,2025,test,0,BBB+,near_investment_BBB_plus_to_BBB_minus,0.0041022754755256,0.315,False,13,0,0,1.233806,0.25441,0.582231,0.717531,0.144943,-2.191369,2.715164,0.019322,0.080601,0.262971,0.757958,7.86999,0.568805,1,0,0,0,False,False,False,False,False,False,False,False,False,False,False,False,False,False,False,False,False
KOSPI,004840,(주)디알비동일,2023,2024,test,1,BB+,near_speculative_BB_plus_to_BB_minus,0.0609834831190192,0.315,False,12,0,0,1.282672,0.385142,0.516898,0.934617,0.285643,-48.985936,2.13414,0.029623,0.139429,0.220963,0.37371,6.124369,0.855518,1,0,0,0,False,False,False,False,False,False,False,False,False,False,False,False,False,False,False,False,False
KOSPI,004890,동일산업(주),2024,2025,test,0,BBB-,near_investment_BBB_plus_to_BBB_minus,0.0257001993912006,0.315,False,10,2,2,7.700086,2.240994,0.877095,0.140127,0.026452,-33.864101,-5.80295,0.035033,0.036294,0.254736,1.183587,21.057118,0.0,1,1,0,1,False,False,False,False,False,False,False,False,False,False,False,False,False,False,False,False,False
KOSPI,004960,한신공영(주),2023,2024,test,0,BBB,near_investment_BBB_plus_to_BBB_minus,0.189933103093651,0.315,False,7,2,2,1.495776,0.209131,0.304961,2.279106,0.266427,-12.010458,0.333963,0.018082,-0.085701,-0.065374,-0.170544,-2.539095,0.27136,1,0,1,1,False,False,False,False,False,False,False,False,False,False,False,False,False,False,False,False,False
KOSPI,004960,한신공영(주),2024,2025,test,0,BBB,near_investment_BBB_plus_to_BBB_minus,0.1054156794579096,0.315,False,9,1,1,1.320553,0.195236,0.337084,1.966622,0.243863,-12.500931,0.754065,0.009906,0.090279,0.08757,0.238051,2.723521,0.424808,1,0,0,1,False,False,False,False,False,False,False,False,False,False,False,False,False,False,False,False,False
KOSPI,004990,롯데지주(주),2023,2024,test,0,AA-,upper_investment_A_or_above,0.0010151536823235,0.315,False,12,0,0,0.870127,0.234822,0.417645,1.394377,0.278606,-456.496866,1.468688,0.010796,0.081631,0.091752,0.191784,3.681494,0.262127,1,0,0,0,False,False,False,False,False,False,False,False,False,False,False,False,False,False,False,False,False
KOSPI,004990,롯데지주(주),2024,2025,test,0,A+,upper_investment_A_or_above,0.0022479769174105,0.315,False,9,1,2,0.762644,0.190764,0.405986,1.463137,0.253403,-434.121708,0.840077,-0.060042,0.066822,0.078223,0.183365,2.59798,0.140393,1,0,0,1,False,False,False,False,False,False,False,False,False,False,False,False,False,False,False,False,False
KOSPI,005030,부산주공(주),2023,2024,test,1,B-,deep_speculative_B_plus_or_lower,0.4960885042956807,0.315,True,4,0,0,,,,,,,1000000.0,,,,,1000000.0,,0,0,0,0,False,False,False,False,False,False,False,False,False,False,False,False,False,False,False,False,False
KOSPI,005090,에스지씨에너지(주),2023,2024,test,0,A,upper_investment_A_or_above,0.0366973790295578,0.315,False,9,0,1,0.736352,0.173524,0.292769,2.415658,0.374957,-10.838877,1.589352,0.005678,-0.011014,-0.01587,-0.029934,-0.495561,0.664467,1,0,0,0,False,False,False,False,False,False,False,False,False,False,False,False,False,False,False,False,False
KOSPI,005180,(주)빙그레,2023,2024,test,0,AA-,upper_investment_A_or_above,0.0006790526998414,0.315,False,13,0,0,2.16902,0.811984,0.720316,0.38828,0.018378,-11.894825,65.563796,0.061836,0.112401,0.629105,9.573754,91.543432,0.305437,1,0,0,0,False,False,False,False,False,False,False,False,False,False,False,False,False,False,False,False,False
KOSPI,005180,(주)빙그레,2024,2025,test,0,AA-,upper_investment_A_or_above,0.0012703528086685,0.315,False,12,1,1,2.116958,0.781967,0.719631,0.389601,0.057324,-13.507608,43.897768,0.070556,0.100568,0.523182,2.55887,49.201,0.956522,1,0,0,0,False,False,False,False,False,False,False,False,False,False,False,False,False,False,False,False,False
KOSPI,005250,(주)녹십자홀딩스,2023,2024,test,0,A+,upper_investment_A_or_above,0.0026671108080494,0.315,False,7,1,1,0.899577,0.115343,0.503395,0.986513,0.218478,-69.78965,-0.309542,-0.035372,-0.019269,-0.021364,-0.04856,-0.746737,0.735059,1,0,0,1,False,False,False,False,False,False,False,False,False,False,False,False,False,False,False,False,False
KOSPI,005250,(주)녹십자홀딩스,2024,2025,test,0,A+,upper_investment_A_or_above,0.0045711358085156,0.315,False,5,3,3,1.083294,0.060709,0.504601,0.981763,0.240421,-68.684782,-0.160987,-0.00503,-0.040795,-0.049466,-0.101926,-1.351273,0.534053,1,1,1,1,False,False,False,False,False,False,False,False,False,False,False,False,False,False,False,False,False
KOSPI,005300,롯데칠성음료(주),2023,2024,test,0,AA,upper_investment_A_or_above,0.0036218077422122,0.315,False,10,0,0,0.908816,0.195694,0.360957,1.770413,0.297123,-304.710349,3.805605,0.051637,0.083029,0.098404,0.211645,4.83656,0.087748,1,0,0,0,False,False,False,False,False,False,False,False,False,False,False,False,False,False,False,False,False
KOSPI,005300,롯데칠성음료(주),2024,2025,test,0,AA,upper_investment_A_or_above,0.006609911492321,0.315,False,9,0,1,0.767441,0.12128,0.360981,1.770228,0.261803,-312.978496,2.256691,0.014912,0.08081,0.116394,0.284099,3.968711,0.14277,1,0,0,0,False,False,False,False,False,False,False,False,False,False,False,False,False,False,False,False,False
KOSPI,005320,(주)온타이드,2023,2024,test,1,BB-,near_speculative_BB_plus_to_BB_minus,0.6144290163105112,0.315,True,9,1,1,1.825308,0.325139,0.62979,0.587831,0.101745,-2.326784,-1.078774,-0.037898,0.013203,0.045501,0.165561,0.892664,0.885757,0,0,0,1,False,False,False,False,False,False,False,False,False,False,False,False,False,False,False,False,False
KOSPI,005380,현대자동차(주),2023,2024,test,0,AA+,upper_investment_A_or_above,0.0055890626945311,0.315,False,9,0,1,0.798833,0.26126,0.360434,1.774432,0.353444,-67.374694,27.131897,0.075446,-0.015484,-0.013942,-0.025229,-4.517696,0.090505,1,0,0,0,False,False,False,False,False,False,False,False,False,False,False,False,False,False,False,False,False
KOSPI,005380,현대자동차(주),2024,2025,test,0,AAA,upper_investment_A_or_above,0.0038832441644759,0.315,False,9,1,1,1.455978,0.239153,0.353963,1.825157,0.382632,-79.776695,31.538549,0.0755,-0.03231,-0.025791,-0.043545,-12.539681,0.071737,1,0,1,0,False,False,False,False,False,False,False,False,False,False,False,False,False,False,False,False,False
KOSPI,005430,한국공항(주),2023,2024,test,0,AA-,upper_investment_A_or_above,0.0047167049681727,0.315,False,12,0,0,2.83281,0.553432,0.730779,0.368404,0.0,-21.010981,30.437475,0.057685,0.067538,0.286571,,32.964798,,0,0,0,0,False,False,False,False,False,False,False,False,False,False,False,False,False,False,False,False,False
KOSPI,005440,(주)현대지에프홀딩스,2024,2025,test,0,AA+,upper_investment_A_or_above,0.0102004982019538,0.315,False,11,1,1,1.917721,0.126287,0.693332,0.442311,0.066376,-87.681668,5.475379,0.106888,0.04862,0.116479,0.538157,9.956807,0.925296,1,0,0,0,False,False,False,False,False,False,False,False,False,False,False,False,False,False,False,False,False
KOSPI,005610,(주)에스피씨삼립,2024,2025,test,0,A+,upper_investment_A_or_above,0.010533498387179,0.315,False,9,0,0,1.054284,0.074813,0.386711,1.58591,0.121112,-10.121318,7.162641,0.025232,0.07523,0.338886,1.71606,19.449674,0.535446,1,0,0,0,False,False,False,False,False,False,False,False,False,False,False,False,False,False,False,False,False
KOSPI,005750,대림바스(주),2024,2025,test,1,BB+,near_speculative_BB_plus_to_BB_minus,0.3226110972978495,0.315,True,11,0,0,1.129947,0.127181,0.464637,1.152216,0.230273,-8.706241,2.104062,0.020313,0.073603,0.110945,0.257935,4.310867,0.790524,1,0,0,0,True,True,True,True,True,True,True,False,False,False,False,False,False,True,False,True,True
KOSPI,005820,(주)원림,2023,2024,test,0,BBB-,near_investment_BBB_plus_to_BBB_minus,0.1996199612054545,0.315,False,13,0,0,6.284647,0.849312,0.86825,0.151743,0.044768,-12.221859,22.37939,0.119508,0.100486,0.367999,1.082996,37.472218,0.719141,1,0,0,0,False,False,False,False,False,False,False,False,False,False,False,False,False,False,False,False,False
KOSPI,005850,에스엘(주),2023,2024,test,0,AA-,upper_investment_A_or_above,0.0029050514714349,0.315,False,12,1,1,1.855507,0.281157,0.620916,0.610524,0.09861,-85.509512,15.858251,0.07218,0.089353,0.352487,1.355061,17.754582,1.0,1,0,0,0,False,False,False,False,False,False,False,False,False,False,False,False,False,False,False,False,False
KOSPI,005870,(주)휴니드테크놀러지스,2023,2024,test,0,A+,upper_investment_A_or_above,0.16351475154491,0.315,False,4,0,0,,,,,,,1000000.0,,,,,1000000.0,,0,0,0,0,False,False,False,False,False,False,False,False,False,False,False,False,False,False,False,False,False
KOSPI,005880,대한해운(주),2023,2024,test,0,BBB,near_investment_BBB_plus_to_BBB_minus,0.035550554606996,0.315,False,8,0,1,0.549787,0.092052,0.390628,1.559977,0.051124,-10.572338,1.540319,0.033173,0.300068,0.145542,1.734793,2.583891,0.821026,0,0,0,0,False,False,False,False,False,False,False,False,False,False,False,False,False,False,False,False,False
KOSPI,005880,대한해운(주),2024,2025,test,0,BBB+,near_investment_BBB_plus_to_BBB_minus,0.0176501117126068,0.315,False,13,0,0,1.265319,0.315795,0.499889,1.000444,0.035787,-13.256609,2.061396,0.094337,0.32465,0.247621,3.460411,3.557969,0.610061,0,0,0,0,False,False,False,False,False,False,False,False,False,False,False,False,False,False,False,False,False
KOSPI,005930,삼성전자(주),2023,2024,test,0,AA-,upper_investment_A_or_above,0.0006115361818866,0.315,False,12,1,1,2.587665,0.912327,0.797704,0.253598,0.016785,-404.205785,7.059344,0.059811,0.170457,0.478568,5.767925,47.446691,0.929744,1,0,0,0,False,False,False,False,False,False,False,False,False,False,False,False,False,False,False,False,False
KOSPI,005950,(주)이수화학,2023,2024,test,0,BBB,near_investment_BBB_plus_to_BBB_minus,0.1370766155874045,0.315,False,5,3,3,1.123975,0.314066,0.238384,3.194918,0.291217,-1.294306,-1.637225,-0.014069,-0.037668,-0.090256,-0.236045,-2.196837,0.603629,1,0,1,1,False,False,False,False,False,False,False,False,False,False,False,False,False,False,False,False,False
KOSPI,005960,동부건설(주),2023,2024,test,0,A,upper_investment_A_or_above,0.107360791198166,0.315,False,10,0,0,1.341425,0.161545,0.321192,2.113401,0.216499,-4.019367,2.176282,-0.002555,0.041475,0.064225,0.20137,5.686846,0.651233,1,0,0,0,False,False,False,False,False,False,False,False,False,False,False,False,False,False,False,False,False
KOSPI,006040,동원산업(주),2023,2024,test,0,AA-,upper_investment_A_or_above,0.0065614097745402,0.315,False,13,0,0,1.228007,0.207733,0.405911,1.463594,0.284851,-66.460015,3.893662,0.030417,0.073919,0.14413,0.300599,5.542,0.420001,1,0,0,0,False,False,False,False,False,False,False,False,False,False,False,False,False,False,False,False,False
KOSPI,006040,동원산업(주),2024,2025,test,0,AA-,upper_investment_A_or_above,0.0061917983794356,0.315,False,12,0,0,1.30867,0.146935,0.453523,1.204961,0.274404,-89.123307,4.175917,0.012697,0.047098,0.107688,0.214462,3.508988,0.393725,1,0,0,0,False,False,False,False,False,False,False,False,False,False,False,False,False,False,False,False,False
KOSPI,006120,에스케이디스커버리(주),2023,2024,test,0,A+,upper_investment_A_or_above,0.0039225662549385,0.315,False,13,0,0,1.771196,0.359019,0.495447,1.018381,0.318344,-53.349276,1.656418,0.027723,0.067192,0.097174,0.154014,3.875779,0.338461,1,0,0,0,False,False,False,False,False,False,False,False,False,False,False,False,False,False,False,False,False
KOSPI,006120,에스케이디스커버리(주),2024,2025,test,0,A+,upper_investment_A_or_above,0.0055391685029281,0.315,False,13,0,0,1.479992,0.35965,0.428007,1.336412,0.284262,-56.785807,1.006778,0.003531,0.012765,0.01338,0.026923,0.673246,0.295454,1,0,0,0,False,False,False,False,False,False,False,False,False,False,False,False,False,False,False,False,False
KOSPI,006260,(주)엘에스,2024,2025,test,0,A,upper_investment_A_or_above,0.0018523967359294,0.315,False,11,0,0,1.226816,0.150919,0.335209,1.983212,0.34497,-41.740081,2.498627,0.014214,0.031152,0.062877,0.121171,1.998244,0.660355,1,0,0,0,False,False,False,False,False,False,False,False,False,False,False,False,False,False,False,False,False
KOSPI,006280,(주)녹십자,2023,2024,test,0,A+,upper_investment_A_or_above,0.0094000884387287,0.315,False,9,0,0,1.195913,0.057205,0.58255,0.71659,0.151453,-25.352771,1.209,-0.012178,-0.003364,-0.00496,-0.01367,-0.192142,0.787952,1,0,0,0,False,False,False,False,False,False,False,False,False,False,False,False,False,False,False,False,False
KOSPI,006280,(주)녹십자,2024,2025,test,0,A+,upper_investment_A_or_above,0.0111448103227471,0.315,False,7,2,3,1.561889,0.029323,0.539753,0.852699,0.257518,-24.34567,0.793965,-0.025381,-0.031824,-0.042333,-0.075658,-1.321985,0.51952,1,0,1,1,False,False,False,False,False,False,False,False,False,False,False,False,False,False,False,False,False
KOSPI,006360,지에스건설(주),2023,2024,test,0,A,upper_investment_A_or_above,0.0127765671173831,0.315,False,7,1,1,1.077966,0.255215,0.275884,2.624712,0.237078,-10.416394,-1.26663,-0.031221,0.034964,0.03664,0.11191,1.533879,0.306387,1,0,0,1,False,False,False,False,False,False,False,False,False,False,False,False,False,False,False,False,False
KOSPI,006360,지에스건설(주),2024,2025,test,0,A,upper_investment_A_or_above,0.009948954742829,0.315,False,8,1,1,0.959548,0.23063,0.285741,2.499678,0.204483,-10.888374,0.908272,0.020517,0.020819,0.021061,0.073565,0.850648,0.310556,1,0,0,1,False,False,False,False,False,False,False,False,False,False,False,False,False,False,False,False,False
KOSPI,006370,(주)대구백화점,2023,2024,test,1,B,deep_speculative_B_plus_or_lower,0.8105460473666861,0.315,True,5,4,5,0.981848,0.066297,0.422395,1.367452,0.415323,-2.647501,-0.924979,-0.438555,-0.38786,-0.097179,-0.13515,-1.602167,0.370882,1,1,1,1,False,False,False,False,False,False,False,False,False,False,False,False,False,False,False,False,False
KOSPI,006390,한일현대시멘트(주),2023,2024,test,0,A,upper_investment_A_or_above,0.4960885042956807,0.315,True,4,0,0,,,,,,,1000000.0,,,,,1000000.0,,0,0,0,0,False,False,False,False,False,False,False,False,False,False,False,False,False,False,False,False,False
KOSPI,006390,한일현대시멘트(주),2024,2025,test,0,A,upper_investment_A_or_above,0.3712236651474705,0.315,True,4,0,0,,,,,,,1000000.0,,,,,1000000.0,,0,0,0,0,False,False,False,False,False,False,False,False,False,False,False,False,False,False,False,False,False
KOSPI,006400,삼성SDI(주),2024,2025,test,0,AA,upper_investment_A_or_above,0.0065210694177061,0.315,False,11,0,0,0.951972,0.173648,0.531247,0.882362,0.257587,-59.461182,1.082405,0.034686,-0.008294,-0.007231,-0.01316,-0.409996,0.515771,1,0,0,0,False,False,False,False,False,False,False,False,False,False,False,False,False,False,False,False,False
KOSPI,006490,(주)인스코비,2023,2024,test,1,B,deep_speculative_B_plus_or_lower,0.879840065821665,0.315,True,7,4,5,0.753095,0.265658,0.501416,0.99435,0.010742,0.338095,0.451246,-0.303604,0.030126,0.078852,3.659727,3.036814,1.0,0,0,0,1,False,False,False,False,False,False,False,False,False,False,False,False,False,False,False,False,False
KOSPI,006890,태경케미컬(주),2023,2024,test,0,A+,upper_investment_A_or_above,0.0061351674398395,0.315,False,12,0,0,5.546969,0.838447,0.885714,0.129033,0.0,-26.927819,1877.284679,0.245548,0.287583,0.973449,,2136.513494,,1,0,0,0,False,False,False,False,False,False,False,False,False,False,False,False,False,False,False,False,False
KOSPI,007070,(주)지에스리테일,2023,2024,test,0,AA,upper_investment_A_or_above,0.0018310464045185,0.315,False,12,0,1,0.697072,0.162069,0.441519,1.264909,0.064451,-41.339831,3.967273,0.001907,0.07699,0.159417,1.381384,9.003452,0.332192,1,0,0,0,False,False,False,False,False,False,False,False,False,False,False,False,False,False,False,False,False
KOSPI,007070,(주)지에스리테일,2024,2025,test,0,AA,upper_investment_A_or_above,0.0014593730176581,0.315,False,11,0,2,0.780194,0.04914,0.419634,1.383027,0.076276,-37.053062,2.189421,0.000842,0.056781,0.150037,1.141594,6.045127,0.127442,1,0,0,0,False,False,False,False,False,False,False,False,False,False,False,False,False,False,False,False,False
KOSPI,007120,(주)미래아이앤지,2023,2024,test,1,BB+,near_speculative_BB_plus_to_BB_minus,0.5005323806241974,0.315,True,4,0,0,,,,,,,1000000.0,,,,,1000000.0,,0,0,0,0,False,False,False,False,False,False,False,False,False,False,False,False,False,False,False,False,False
KOSPI,007340,(주)디엔오토모티브,2024,2025,test,0,A,upper_investment_A_or_above,0.004118837885406,0.315,False,13,0,0,1.472654,0.272869,0.433631,1.306107,0.387488,-357.420323,4.374592,0.092655,0.057402,0.069535,0.101635,1.649297,0.289084,1,0,0,0,False,False,False,False,False,False,False,False,False,False,False,False,False,False,False,False,False
KOSPI,007660,(주)이수페타시스,2024,2025,test,0,BBB,near_investment_BBB_plus_to_BBB_minus,0.0787896354723025,0.315,False,13,0,0,1.385131,0.212941,0.414519,1.412433,0.28286,-4.178581,8.684299,0.088466,0.101451,0.183526,0.379873,7.237076,0.675333,1,0,0,0,False,False,False,False,False,False,False,False,False,False,False,False,False,False,False,False,False
KOSPI,007690,국도화학(주),2024,2025,test,0,A+,upper_investment_A_or_above,0.0299027007065428,0.315,False,10,1,1,1.275984,0.106875,0.53588,0.86609,0.282213,-17.951513,0.951224,0.006847,0.041777,0.07377,0.12132,2.048313,0.663146,1,0,0,1,False,False,False,False,False,False,False,False,False,False,False,False,False,False,False,False,False
KOSPI,007980,티피(주),2023,2024,test,1,BB+,near_speculative_BB_plus_to_BB_minus,0.3470511956898489,0.315,True,9,0,0,1.093139,0.084325,0.302521,2.305558,0.451204,-6.870007,1.618794,0.006534,0.05327,0.102378,0.158257,1.955623,0.568528,1,0,0,0,False,True,True,True,True,True,True,False,False,False,False,False,False,False,False,False,True
KOSPI,007980,티피(주),2024,2025,test,1,BB,near_speculative_BB_plus_to_BB_minus,0.5817470435180484,0.315,True,8,0,1,0.856401,0.033074,0.321561,2.109826,0.273509,-8.139887,2.10895,0.021007,0.015179,0.031647,0.078499,0.696178,0.829544,1,0,0,0,False,True,False,True,True,True,False,False,False,False,False,False,False,False,False,False,True
KOSPI,008350,(주)남선알미늄,2023,2024,test,0,BBB,near_investment_BBB_plus_to_BBB_minus,0.2513389727846501,0.315,False,11,1,1,1.933791,0.748427,0.700631,0.427286,0.058683,-3.686224,5.271608,-0.000849,0.008998,0.021568,0.110029,2.284895,0.927801,0,0,0,0,False,False,False,False,False,False,False,False,False,False,False,False,False,False,False,False,False
KOSPI,008490,(주)서흥,2024,2025,test,0,A-,upper_investment_A_or_above,0.0429070244420728,0.315,False,11,0,0,1.170321,0.09874,0.498944,1.004235,0.396199,-82.452972,1.610922,0.032993,0.085971,0.110137,0.139286,2.673245,0.69105,1,0,0,0,False,False,False,False,False,False,False,False,False,False,False,False,False,False,False,False,False
KOSPI,008600,(주)윌비스,2024,2025,test,1,B+,deep_speculative_B_plus_or_lower,0.9100947953184008,0.315,True,4,4,5,1.066584,0.0298,0.293906,2.402446,0.457804,-0.187926,-0.939602,-0.126123,0.021438,0.022404,0.034555,0.349241,0.997261,0,1,0,1,False,False,False,False,False,False,False,False,False,False,False,False,False,False,False,False,False
KOSPI,008770,(주)호텔신라,2023,2024,test,0,AA-,upper_investment_A_or_above,0.0092112672128377,0.315,False,10,1,1,1.161369,0.346408,0.20239,3.94096,0.299348,-2.042464,1.768189,0.024094,0.067963,0.101135,0.269473,4.700522,0.166667,1,0,0,0,False,False,False,False,False,False,False,False,False,False,False,False,False,False,False,False,False
KOSPI,008770,(주)호텔신라,2024,2025,test,0,AA-,upper_investment_A_or_above,0.0073818165933288,0.315,False,8,1,1,1.226891,0.322078,0.336755,1.969518,0.22906,-5.421725,-0.087055,-0.01558,0.017414,0.027176,0.078689,1.154332,0.012375,1,0,0,1,False,False,False,False,False,False,False,False,False,False,False,False,False,False,False,False,False
KOSPI,008930,한미사이언스(주),2024,2025,test,0,AA-,upper_investment_A_or_above,0.0062818773808311,0.315,False,11,1,2,0.699543,0.181791,0.621686,0.608529,0.150325,-22.977713,8.713962,0.044173,0.06466,0.162599,0.409203,7.314206,0.998274,1,0,0,0,False,False,False,False,False,False,False,False,False,False,False,False,False,False,False,False,False
KOSPI,009180,한솔로지스틱스(주),2024,2025,test,0,A-,upper_investment_A_or_above,0.1055238504824008,0.315,False,12,0,0,1.585851,0.188183,0.485531,1.0596,0.044569,-7.863661,4.964784,0.012623,0.029421,0.146604,1.692282,5.981296,0.871597,1,0,0,0,False,False,False,False,False,False,False,False,False,False,False,False,False,False,False,False,False
KOSPI,009200,무림페이퍼(주),2024,2025,test,0,A-,upper_investment_A_or_above,0.1201396537319095,0.315,False,10,0,1,0.714431,0.181161,0.29192,2.425602,0.392933,-5.967182,1.86166,0.035645,0.131557,0.103601,0.186692,3.792831,0.669821,1,0,0,0,False,False,False,False,False,False,False,False,False,False,False,False,False,False,False,False,False
KOSPI,009270,(주)신원,2023,2024,test,0,BBB-,near_investment_BBB_plus_to_BBB_minus,0.0530830794600768,0.315,False,10,0,0,1.537674,0.088207,0.392262,1.549315,0.302397,-3.164253,1.903649,0.007112,0.032357,0.08152,0.163834,2.193814,0.529924,1,0,0,0,False,False,False,False,False,False,False,False,False,False,False,False,False,False,False,False,False
KOSPI,009270,(주)신원,2024,2025,test,0,BBB-,near_investment_BBB_plus_to_BBB_minus,0.0829277296651324,0.315,False,10,0,0,1.3923,0.139783,0.360593,1.77321,0.250648,-3.417298,1.630464,0.006012,0.036551,0.085399,0.217854,2.211562,0.362257,1,0,0,0,False,False,False,False,False,False,False,False,False,False,False,False,False,False,False,False,False
KOSPI,009310,참엔지니어링(주),2023,2024,test,1,CCC,deep_speculative_B_plus_or_lower,0.8674760060864304,0.315,True,6,4,4,8.388753,0.263791,0.107902,8.267701,0.036861,-0.707445,-10.104102,-0.340371,-0.109158,-0.013758,-0.332969,-2.994152,1.0,1,0,0,1,False,False,False,False,False,False,False,False,False,False,False,False,False,False,False,False,False
KOSPI,009320,아진전자부품(주),2023,2024,test,1,BB-,near_speculative_BB_plus_to_BB_minus,0.5853589788969624,0.315,True,4,0,0,,,,,,,1000000.0,,,,,1000000.0,,0,0,0,0,False,False,False,False,False,False,False,False,False,False,False,False,False,False,False,False,False
KOSPI,009410,(주)태영건설,2023,2024,test,1,C,deep_speculative_B_plus_or_lower,0.8147336392344817,0.315,True,3,5,6,0.507718,0.050872,-0.094865,-11.541289,0.206465,22.900827,-2.122864,-0.434535,-0.090157,-0.059498,-0.315512,-1.586332,0.834039,1,0,1,1,False,False,False,False,False,False,False,False,False,False,False,False,False,False,False,False,False
KOSPI,009450,(주)경동나비엔,2023,2024,test,0,A-,upper_investment_A_or_above,0.0031410548076822,0.315,False,12,1,1,1.353282,0.201876,0.551215,0.814175,0.095395,-39.127093,11.330413,0.069042,0.16388,0.414661,1.950763,21.114106,0.932208,1,0,0,0,False,False,False,False,False,False,False,False,False,False,False,False,False,False,False,False,False
KOSPI,009580,무림피앤피(주),2023,2024,test,0,A-,upper_investment_A_or_above,0.1067982535697044,0.315,False,7,1,1,0.97995,0.165929,0.388408,1.574614,0.385139,-3.042911,0.559033,-0.028138,0.115698,0.089626,0.142324,4.283668,0.48938,1,0,0,1,False,False,False,False,False,False,False,False,False,False,False,False,False,False,False,False,False
KOSPI,009830,한화솔루션(주),2023,2024,test,0,AA-,upper_investment_A_or_above,0.009709046302168,0.315,False,9,0,0,1.132159,0.254403,0.367884,1.718249,0.347398,-9.140515,1.452718,-0.011683,0.038977,0.033454,0.060873,1.244673,0.346353,0,0,0,0,False,False,False,False,False,False,False,False,False,False,False,False,False,False,False,False,False
KOSPI,009830,한화솔루션(주),2024,2025,test,0,AA-,upper_investment_A_or_above,0.010454176802252,0.315,False,7,2,2,0.929542,0.186579,0.353128,1.831832,0.383954,-10.93701,-0.54746,-0.110455,0.051516,0.032861,0.055363,1.164229,0.443077,1,0,0,1,False,False,False,False,False,False,False,False,False,False,False,False,False,False,False,False,False
KOSPI,010060,오씨아이홀딩스(주),2023,2024,test,0,A+,upper_investment_A_or_above,0.0010179245742645,0.315,False,13,0,0,4.540975,1.379997,0.64046,0.561378,0.239141,-34.632405,27.280187,0.268086,0.254445,0.314809,0.473306,34.623033,0.269704,1,0,0,0,False,False,False,False,False,False,False,False,False,False,False,False,False,False,False,False,False
KOSPI,010060,오씨아이홀딩스(주),2024,2025,test,0,A+,upper_investment_A_or_above,0.0056333775362962,0.315,False,13,0,0,2.505233,0.601287,0.597448,0.673785,0.17294,-44.254494,2.555805,0.03179,0.032534,0.035722,0.08315,2.929841,0.362294,1,0,0,0,False,False,False,False,False,False,False,False,False,False,False,False,False,False,False,False,False
KOSPI,010120,LS일렉트릭(주),2023,2024,test,0,AA-,upper_investment_A_or_above,0.0029731956688812,0.315,False,13,0,0,1.798326,0.403075,0.461852,1.165197,0.212279,-10.493615,7.717492,0.04909,0.050738,0.10685,0.270876,5.098938,0.349492,1,0,0,0,False,False,False,False,False,False,False,False,False,False,False,False,False,False,False,False,False
KOSPI,010120,LS일렉트릭(주),2024,2025,test,0,AA-,upper_investment_A_or_above,0.0052222217710232,0.315,False,13,0,0,1.653095,0.357519,0.421407,1.373005,0.212196,-11.600614,8.904506,0.053218,0.050561,0.088685,0.241817,5.258544,0.400653,1,0,0,0,False,False,False,False,False,False,False,False,False,False,False,False,False,False,False,False,False
KOSPI,010130,고려아연(주),2023,2024,test,0,AA+,upper_investment_A_or_above,0.0009466942487996,0.315,False,13,0,0,2.928106,0.35567,0.800427,0.249333,0.065417,-91.230072,15.570344,0.054962,0.084586,0.341448,1.041679,19.36725,0.785744,1,0,0,0,False,False,False,False,False,False,False,False,False,False,False,False,False,False,False,False,False
KOSPI,010130,고려아연(주),2024,2025,test,0,AA,upper_investment_A_or_above,0.0071462326095257,0.315,False,10,0,0,1.188608,0.140396,0.513471,0.94753,0.256898,-71.653665,6.131815,0.016161,0.042796,0.071672,0.135736,4.371788,0.873617,1,0,0,0,False,False,False,False,False,False,False,False,False,False,False,False,False,False,False,False,False
KOSPI,010140,삼성중공업(주),2023,2024,test,0,BBB+,near_investment_BBB_plus_to_BBB_minus,0.3243935344809786,0.315,True,6,2,2,0.823145,0.051978,0.218632,3.573904,0.151742,-2.873594,1.306656,-0.019422,-0.064482,-0.042388,-0.218271,-2.892047,0.781684,0,0,1,0,True,False,False,False,False,False,False,False,False,False,False,False,False,False,False,False,True
KOSPI,010140,삼성중공업(주),2024,2025,test,0,A-,upper_investment_A_or_above,0.0736525766750252,0.315,False,8,2,3,0.778934,0.07947,0.218059,3.585908,0.133338,-3.260184,2.357358,0.00544,0.066093,0.048681,0.28548,3.069309,0.940302,0,0,0,0,False,False,False,False,False,False,False,False,False,False,False,False,False,False,False,False,False
KOSPI,010690,(주)화신,2023,2024,test,0,BBB,near_investment_BBB_plus_to_BBB_minus,0.0301856767303797,0.315,False,10,0,0,1.080329,0.393554,0.371873,1.689087,0.329502,-24.490155,3.470928,0.042861,0.08608,0.206426,0.393508,6.432929,0.723952,1,0,0,0,False,False,False,False,False,False,False,False,False,False,False,False,False,False,False,False,False
KOSPI,010690,(주)화신,2024,2025,test,0,BBB,near_investment_BBB_plus_to_BBB_minus,0.0285974775714581,0.315,False,10,0,0,0.896604,0.248621,0.391499,1.554285,0.303477,-28.634956,2.546064,0.03128,0.079963,0.17025,0.341369,5.337731,0.723464,1,0,0,0,False,False,False,False,False,False,False,False,False,False,False,False,False,False,False,False,False
KOSPI,010780,아이에스동서(주),2023,2024,test,0,BBB,near_investment_BBB_plus_to_BBB_minus,0.0183068309589419,0.315,False,13,0,0,1.649694,0.403306,0.418233,1.39101,0.260052,-113.733667,3.00385,0.078966,0.0633,0.052112,0.116579,1.133217,0.353479,0,0,0,0,False,False,False,False,False,False,False,False,False,False,False,False,False,False,False,False,False
KOSPI,010780,아이에스동서(주),2024,2025,test,0,BBB,near_investment_BBB_plus_to_BBB_minus,0.0198560752886856,0.315,False,11,1,1,1.322444,0.227466,0.438153,1.282309,0.221787,-99.813123,1.44093,-0.105765,-0.086412,-0.065543,-0.166039,-1.111461,0.685524,1,0,0,0,False,False,False,False,False,False,False,False,False,False,False,False,False,False,False,False,False
KOSPI,010950,에쓰-오일(주),2023,2024,test,0,AA,upper_investment_A_or_above,0.0026572911487316,0.315,False,12,0,0,1.042492,0.212143,0.418869,1.387382,0.230912,-30.002377,5.718528,0.026559,0.070695,0.201435,0.506949,10.662579,0.430027,1,0,0,0,False,False,False,False,False,False,False,False,False,False,False,False,False,False,False,False,False
KOSPI,010950,에쓰-오일(주),2024,2025,test,0,AA,upper_investment_A_or_above,0.0037574026851476,0.315,False,9,0,0,0.861998,0.166929,0.355629,1.811916,0.292443,-28.829465,1.493422,-0.005269,0.040057,0.093146,0.205238,5.191474,0.469175,1,0,0,0,False,False,False,False,False,False,False,False,False,False,False,False,False,False,False,False,False
KOSPI,011070,엘지이노텍(주),2023,2024,test,0,AA-,upper_investment_A_or_above,0.0007334386759967,0.315,False,13,0,0,1.267794,0.329367,0.420782,1.376525,0.19883,-38.840734,8.158452,0.02743,0.102113,0.324214,0.94448,20.661296,0.017364,1,0,0,0,False,False,False,False,False,False,False,False,False,False,False,False,False,False,False,False,False
KOSPI,011070,엘지이노텍(주),2024,2025,test,0,AA-,upper_investment_A_or_above,0.0008065953909819,0.315,False,13,0,0,1.479982,0.33614,0.470537,1.125233,0.179384,-44.243093,6.238063,0.021191,0.052359,0.184262,0.543861,9.807648,0.035988,1,0,0,0,False,False,False,False,False,False,False,False,False,False,False,False,False,False,False,False,False
KOSPI,011170,롯데케미칼(주),2023,2024,test,0,AA,upper_investment_A_or_above,0.0046617649467897,0.315,False,9,2,2,1.50446,0.41412,0.604384,0.654578,0.273494,-93.598912,-0.917693,-0.001967,0.039583,0.059615,0.086235,2.083808,0.37618,1,1,0,1,False,False,False,False,False,False,False,False,False,False,False,False,False,False,False,False,False
KOSPI,011170,롯데케미칼(주),2024,2025,test,0,AA-,upper_investment_A_or_above,0.0129030880257247,0.315,False,8,2,2,1.05658,0.248377,0.578483,0.728658,0.229202,-92.455285,-2.122421,-0.089355,0.075495,0.105902,0.194759,3.661422,0.351989,1,1,0,1,False,False,False,False,False,False,False,False,False,False,False,False,False,False,False,False,False
KOSPI,011200,에이치엠엠(주),2023,2024,test,0,A-,upper_investment_A_or_above,0.0015116323885768,0.315,False,13,0,0,6.58534,1.623788,0.833839,0.199272,0.012456,-5.223392,3.692313,0.115307,0.235652,0.463355,6.181308,12.500117,0.0,1,0,0,0,False,False,False,False,False,False,False,False,False,False,False,False,False,False,False,False,False
KOSPI,011200,에이치엠엠(주),2024,2025,test,0,A+,upper_investment_A_or_above,0.0011883861825807,0.315,False,13,0,0,7.634875,0.624398,0.822946,0.215146,0.004853,-5.323337,26.27744,0.323253,0.416626,0.813383,29.673517,36.464001,0.0,1,0,0,0,False,False,False,False,False,False,False,False,False,False,False,False,False,False,False,False,False
KOSPI,011210,현대위아(주),2023,2024,test,0,AA-,upper_investment_A_or_above,0.0009574869897426,0.315,False,13,0,0,1.881682,0.237827,0.551832,0.812145,0.144356,-26.701813,3.010494,0.006117,0.054496,0.15303,0.475097,6.148518,0.051125,1,0,0,0,False,False,False,False,False,False,False,False,False,False,False,False,False,False,False,False,False
KOSPI,011210,현대위아(주),2024,2025,test,0,AA-,upper_investment_A_or_above,0.0007677449869378,0.315,False,13,0,0,1.652823,0.315992,0.569008,0.757443,0.088489,-28.610583,3.59873,0.015826,0.072362,0.194114,0.945441,9.736324,0.244381,1,0,0,0,False,False,False,False,False,False,False,False,False,False,False,False,False,False,False,False,False
KOSPI,011230,삼화전자공업(주),2023,2024,test,1,B-,deep_speculative_B_plus_or_lower,0.9614632582818168,0.315,True,2,5,6,0.521982,0.076164,0.391916,1.551569,0.281098,-0.69295,-3.158228,-0.152042,-0.062326,-0.058828,-0.127259,-1.648707,0.975638,0,1,1,1,False,False,False,False,False,False,False,False,False,False,False,False,False,False,False,False,False
KOSPI,011330,(주)유니켐,2024,2025,test,1,BB-,near_speculative_BB_plus_to_BB_minus,0.5725012320607102,0.315,True,4,0,0,,,,,,,1000000.0,,,,,1000000.0,,0,0,0,0,False,False,False,False,False,False,False,False,False,False,False,False,False,False,False,False,False
KOSPI,011420,(주)갤럭시아에스엠,2023,2024,test,0,BBB,near_investment_BBB_plus_to_BBB_minus,0.1236705957143124,0.315,False,4,0,0,,,,,,,1000000.0,,,,,1000000.0,,0,0,0,0,False,False,False,False,False,False,False,False,False,False,False,False,False,False,False,False,False
KOSPI,011760,현대코퍼레이션(주),2024,2025,test,0,A,upper_investment_A_or_above,0.0485206551044869,0.315,False,11,0,0,1.396221,0.252087,0.317764,2.146991,0.239253,-8.90746,4.416669,0.017293,0.005795,0.028815,0.082168,1.341009,0.650539,1,0,0,0,False,False,False,False,False,False,False,False,False,False,False,False,False,False,False,False,False
KOSPI,011780,금호석유화학(주),2023,2024,test,0,A+,upper_investment_A_or_above,0.0009507213836086,0.315,False,13,0,0,1.680732,0.295725,0.731108,0.367787,0.080316,-33.839143,11.83971,0.070706,0.099755,0.293942,0.984095,20.802626,0.539997,1,0,0,0,False,False,False,False,False,False,False,False,False,False,False,False,False,False,False,False,False
KOSPI,011780,금호석유화학(주),2024,2025,test,0,A+,upper_investment_A_or_above,0.0025995953671542,0.315,False,13,0,0,1.766686,0.27976,0.724466,0.380326,0.092804,-35.082477,8.173582,0.048721,0.04505,0.140267,0.416447,9.657582,0.446727,1,0,0,0,False,False,False,False,False,False,False,False,False,False,False,False,False,False,False,False,False
KOSPI,011790,에스케이씨(주),2023,2024,test,0,A+,upper_investment_A_or_above,0.0837194689406226,0.315,False,5,3,3,1.127702,0.28774,0.358974,1.785713,0.474171,-12.332652,-1.401267,-0.207773,-0.149446,-0.052073,-0.070397,-1.520735,0.346604,1,0,1,1,False,False,False,False,False,False,False,False,False,False,False,False,False,False,False,False,False
KOSPI,011790,에스케이씨(주),2024,2025,test,0,A,upper_investment_A_or_above,0.0768942550466892,0.315,False,4,4,5,0.687665,0.182521,0.339731,1.943509,0.453288,-11.108982,-1.598452,-0.264327,-0.116008,-0.04482,-0.065286,-1.153167,0.376147,1,1,1,1,False,False,False,False,False,False,False,False,False,False,False,False,False,False,False,False,False
KOSPI,011930,(주)신성이엔지,2024,2025,test,1,BB-,near_speculative_BB_plus_to_BB_minus,0.7238459585944991,0.315,True,7,1,1,0.822996,0.156516,0.392464,1.548003,0.249894,-1.305516,0.458331,-0.023974,0.004725,0.007482,0.01819,0.252614,0.775033,0,0,0,1,False,False,False,False,False,False,False,False,False,False,False,False,False,False,False,False,False
KOSPI,012330,현대모비스(주),2023,2024,test,0,AA+,upper_investment_A_or_above,0.0013968709597272,0.315,False,13,0,0,2.121092,0.421429,0.693944,0.441038,0.02134,-81.78483,15.29068,0.057773,0.090164,0.297963,4.273387,35.59144,0.446192,1,0,0,0,False,False,False,False,False,False,False,False,False,False,False,False,False,False,False,False,False
KOSPI,012330,현대모비스(주),2024,2025,test,0,AA+,upper_investment_A_or_above,0.0007300007345121,0.315,False,13,0,0,2.230182,0.37571,0.692498,0.444047,0.038673,-92.908792,23.772903,0.070936,0.0743,0.207665,1.651209,32.894202,0.251529,1,0,0,0,False,False,False,False,False,False,False,False,False,False,False,False,False,False,False,False,False
KOSPI,012450,한화에어로스페이스(주),2023,2024,test,0,AA-,upper_investment_A_or_above,0.0058348732744403,0.315,False,9,1,2,0.761145,0.149575,0.239689,3.172067,0.142104,-16.633071,4.070739,0.104383,0.148544,0.093563,0.500596,8.188544,0.49459,1,0,0,0,False,False,False,False,False,False,False,False,False,False,False,False,False,False,False,False,False
KOSPI,012450,한화에어로스페이스(주),2024,2025,test,0,AA-,upper_investment_A_or_above,0.0067830729619597,0.315,False,9,0,0,0.896216,0.116308,0.262232,2.813417,0.21515,-46.271391,7.140597,0.225965,0.123929,0.043568,0.149397,5.743275,0.552645,1,0,0,0,False,False,False,False,False,False,False,False,False,False,False,False,False,False,False,False,False
KOSPI,012510,(주)더존비즈온,2023,2024,test,0,AA-,upper_investment_A_or_above,0.0021917186610239,0.315,False,10,1,2,0.30239,0.130197,0.50416,0.983497,0.020377,-27.29523,4.77067,0.097094,0.286114,0.230963,5.619951,6.987044,1.0,1,0,0,0,False,False,False,False,False,False,False,False,False,False,False,False,False,False,False,False,False
KOSPI,012630,에이치디씨(주),2023,2024,test,0,A,upper_investment_A_or_above,0.0044853701468602,0.315,False,13,0,0,1.576772,0.180873,0.431501,1.317494,0.23631,-15.786958,3.074468,0.036041,0.041347,0.036977,0.088957,2.402267,0.442215,1,0,0,0,False,False,False,False,False,False,False,False,False,False,False,False,False,False,False,False,False
KOSPI,012630,에이치디씨(주),2024,2025,test,0,A,upper_investment_A_or_above,0.0064812066587896,0.315,False,13,0,0,1.482379,0.22654,0.41125,1.431613,0.246225,-16.069476,2.724885,0.041982,0.082086,0.069725,0.166719,4.023361,0.468144,1,0,0,0,False,False,False,False,False,False,False,False,False,False,False,False,False,False,False,False,False
KOSPI,012750,(주)에스원,2023,2024,test,0,AA+,upper_investment_A_or_above,0.0005168327128714,0.315,False,12,0,0,2.33685,0.515451,0.733151,0.363975,0.0,-83.102176,153.643653,0.072298,0.14055,0.633348,,266.193884,,1,0,0,0,False,False,False,False,False,False,False,False,False,False,False,False,False,False,False,False,False
KOSPI,013360,일성건설(주),2023,2024,test,1,BB+,near_speculative_BB_plus_to_BB_minus,0.3883155630193238,0.315,True,9,0,0,0.963481,0.114684,0.305503,2.273286,0.091991,-3.629224,1.088358,0.006715,0.029675,0.06344,0.478947,2.701264,0.028465,1,0,0,0,True,True,True,True,True,True,True,False,False,False,False,False,False,False,False,False,True
KOSPI,013360,일성건설(주),2024,2025,test,1,BB,near_speculative_BB_plus_to_BB_minus,0.8960071038440678,0.315,True,5,3,3,0.827283,0.095761,0.180368,4.544217,0.152727,-1.473379,-7.377216,-0.114985,-0.05284,-0.087087,-0.467364,-4.474773,0.08803,0,0,0,1,False,False,False,False,False,False,False,False,False,False,False,False,False,False,False,False,False
KOSPI,013520,(주)화승코퍼레이션,2023,2024,test,0,BBB-,near_investment_BBB_plus_to_BBB_minus,0.0534134085522506,0.315,False,8,1,1,0.817486,0.109399,0.234303,3.267973,0.415626,-9.80945,2.059244,0.020323,0.074151,0.137062,0.252505,3.190381,0.835477,1,0,0,0,False,False,False,False,False,False,False,False,False,False,False,False,False,False,False,False,False
KOSPI,013520,(주)화승코퍼레이션,2024,2025,test,0,BBB-,near_investment_BBB_plus_to_BBB_minus,0.2538782798651025,0.315,False,9,0,0,0.962081,0.121493,0.280939,2.559486,0.425506,-13.464783,2.619992,0.035295,0.01016,0.018625,0.031475,0.509629,0.743423,1,0,0,0,False,False,False,False,False,False,False,False,False,False,False,False,False,False,False,False,False
KOSPI,013580,계룡건설산업(주),2023,2024,test,0,BBB+,near_investment_BBB_plus_to_BBB_minus,0.0514213324035838,0.315,False,11,0,0,1.312746,0.226446,0.314704,2.177591,0.212341,-18.217834,3.230134,0.017442,0.007375,0.011748,0.037915,0.704233,0.569646,1,0,0,0,False,False,False,False,False,False,False,False,False,False,False,False,False,False,False,False,False
KOSPI,013580,계룡건설산업(주),2024,2025,test,0,BBB+,near_investment_BBB_plus_to_BBB_minus,0.0895240693444339,0.315,False,10,0,0,1.443892,0.230149,0.311928,2.205873,0.281889,-19.54613,3.503511,0.017201,-0.003202,-0.005015,-0.012241,-0.363895,0.47803,1,0,0,0,False,False,False,False,False,False,False,False,False,False,False,False,False,False,False,False,False
KOSPI,013700,(주)까뮤이앤씨,2023,2024,test,0,A-,upper_investment_A_or_above,0.6510900867545315,0.315,True,11,0,0,1.332493,0.199049,0.3416,1.927403,0.199526,-2.866704,2.158183,0.009352,0.005833,0.009667,0.031899,0.527755,0.42013,1,0,0,0,False,True,True,True,True,True,True,False,False,False,False,False,False,False,True,False,True
KOSPI,014280,금강공업(주),2024,2025,test,0,BBB-,near_investment_BBB_plus_to_BBB_minus,0.0385522954263867,0.315,False,12,0,0,0.884133,0.170645,0.42976,1.326878,0.370293,-15.689544,1.293429,0.02102,0.016236,0.019637,0.030241,0.509218,0.741347,1,0,0,0,False,False,False,False,False,False,False,False,False,False,False,False,False,False,False,False,False
KOSPI,014530,극동유화(주),2023,2024,test,0,A-,upper_investment_A_or_above,0.062288936462993,0.315,False,12,0,0,1.302169,0.099777,0.497373,1.010562,0.386614,-11.267373,4.197122,0.013035,0.008287,0.044399,0.057722,1.446625,0.757895,1,0,0,0,False,False,False,False,False,False,False,False,False,False,False,False,False,False,False,False,False
KOSPI,014580,(주)태경비케이,2023,2024,test,0,A-,upper_investment_A_or_above,0.0046700006850236,0.315,False,12,1,1,2.331384,0.425452,0.77479,0.290672,0.039678,-20.237819,27.15133,0.116451,0.186065,0.642873,3.648885,37.081105,1.0,1,0,0,0,False,False,False,False,False,False,False,False,False,False,False,False,False,False,False,False,False
KOSPI,014680,(주)한솔케미칼,2023,2024,test,0,A+,upper_investment_A_or_above,0.003606541064753,0.315,False,13,0,0,1.482605,0.270727,0.696892,0.434942,0.12557,-15.611756,21.438156,0.140853,0.186758,0.35193,0.849505,24.886413,0.112797,1,0,0,0,False,False,False,False,False,False,False,False,False,False,False,False,False,False,False,False,False
KOSPI,014680,(주)한솔케미칼,2024,2025,test,0,A+,upper_investment_A_or_above,0.003936371388472,0.315,False,13,0,0,1.277848,0.307238,0.731521,0.367014,0.119754,-17.904725,24.175602,0.160872,0.209127,0.412876,0.925632,30.468261,0.394529,1,0,0,0,False,False,False,False,False,False,False,False,False,False,False,False,False,False,False,False,False
KOSPI,014790,에이치엘디앤아이한라(주),2023,2024,test,0,BBB+,near_investment_BBB_plus_to_BBB_minus,0.0883523920747384,0.315,False,9,0,0,1.045552,0.101932,0.264222,2.784699,0.230608,-0.857711,1.221526,0.019516,0.019425,0.024068,0.076792,0.736221,0.156176,1,0,0,0,False,False,False,False,False,False,False,False,False,False,False,False,False,False,False,False,False
KOSPI,014790,에이치엘디앤아이한라(주),2024,2025,test,0,BBB+,near_investment_BBB_plus_to_BBB_minus,0.2110828277147927,0.315,False,8,0,0,0.95049,0.084233,0.278751,2.587437,0.174574,-0.935647,1.493168,0.013555,-0.001033,-0.001327,-0.005484,-0.042055,0.463271,1,0,0,0,False,False,False,False,False,False,False,False,False,False,False,False,False,False,False,False,False
KOSPI,014820,동원시스템즈(주),2023,2024,test,0,A+,upper_investment_A_or_above,0.01211818343903,0.315,False,11,0,0,0.997946,0.139393,0.503986,0.984182,0.175798,-4.291679,3.584916,0.050406,0.16798,0.281504,0.794265,9.508707,0.333333,1,0,0,0,False,False,False,False,False,False,False,False,False,False,False,False,False,False,False,False,False
KOSPI,014820,동원시스템즈(주),2024,2025,test,0,A+,upper_investment_A_or_above,0.0062988693643008,0.315,False,13,0,0,1.3126,0.29227,0.538727,0.856227,0.25441,-4.718156,4.206334,0.054348,0.11658,0.217192,0.393793,7.119207,0.379747,1,0,0,0,False,False,False,False,False,False,False,False,False,False,False,False,False,False,False,False,False
KOSPI,015230,대창단조(주),2023,2024,test,0,A,upper_investment_A_or_above,0.0025805663111818,0.315,False,13,0,0,5.937376,0.713816,0.814151,0.228273,0.010366,-18.077171,259.774256,0.091127,0.197295,1.180104,21.158542,410.656699,0.0,1,0,0,0,False,False,False,False,False,False,False,False,False,False,False,False,False,False,False,False,False
KOSPI,015360,(주)인베니,2024,2025,test,0,,missing_rating,0.00534168879427,0.315,False,8,0,1,0.780522,0.071356,0.392703,1.546451,0.094612,-14.889175,2.893186,0.024624,-0.062109,-0.097765,-0.627534,-8.591007,0.0,1,0,0,0,False,False,False,False,False,False,False,False,False,False,False,False,False,False,False,False,False
KOSPI,015760,한국전력공사(주),2024,2025,test,0,AAA,upper_investment_A_or_above,0.004350710994124,0.315,False,9,1,3,0.457336,0.037252,0.167591,4.966898,0.394745,-11.88634,1.793042,0.03878,0.169982,0.077277,0.162956,3.403171,0.093638,1,0,0,0,False,False,False,False,False,False,False,False,False,False,False,False,False,False,False,False,False
KOSPI,015890,태경산업(주),2023,2024,test,0,A,upper_investment_A_or_above,0.0137649895446316,0.315,False,12,1,1,1.71199,0.35676,0.708012,0.412405,0.112998,-29.794304,9.419355,0.055136,0.088496,0.312805,0.808292,12.392353,0.994952,1,0,0,0,False,False,False,False,False,False,False,False,False,False,False,False,False,False,False,False,False
KOSPI,016450,한세예스24홀딩스(주),2023,2024,test,0,BBB,near_investment_BBB_plus_to_BBB_minus,0.0536739828148603,0.315,False,10,1,1,0.983955,0.100496,0.447724,1.233519,0.317569,-47.182836,4.540572,0.040077,0.080602,0.188557,0.327914,5.363531,0.934513,1,0,0,0,False,False,False,False,False,False,False,False,False,False,False,False,False,False,False,False,False
KOSPI,016450,한세예스24홀딩스(주),2024,2025,test,0,BBB,near_investment_BBB_plus_to_BBB_minus,0.175907628882675,0.315,False,8,0,0,0.863982,0.062651,0.351939,1.841401,0.340094,-48.723003,3.23857,0.008825,0.027303,0.042207,0.080427,1.644012,0.800653,1,0,0,0,False,False,False,False,False,False,False,False,False,False,False,False,False,False,False,False,False
KOSPI,016710,대성홀딩스(주),2023,2024,test,0,A+,upper_investment_A_or_above,0.019674527511235,0.315,False,9,1,1,0.978101,0.134475,0.448669,1.228813,0.081271,-33.745372,1.322762,0.131013,-0.001285,-0.002277,-0.015447,-0.207658,0.98753,1,0,0,0,False,False,False,False,False,False,False,False,False,False,False,False,False,False,False,False,False
KOSPI,016710,대성홀딩스(주),2024,2025,test,0,A+,upper_investment_A_or_above,0.0057291596213347,0.315,False,13,0,0,1.262535,0.329352,0.471409,1.121301,0.160474,-35.614162,2.459807,0.036522,0.046051,0.08452,0.278404,5.894707,0.448792,1,0,0,0,False,False,False,False,False,False,False,False,False,False,False,False,False,False,False,False,False
KOSPI,016740,(주)두올,2023,2024,test,0,BBB+,near_investment_BBB_plus_to_BBB_minus,0.0435130401909946,0.315,False,12,1,1,1.568095,0.214363,0.451881,1.212973,0.122361,-1.607915,11.569595,0.02766,0.022207,0.063957,0.286497,4.388939,0.956165,1,0,0,0,False,False,False,False,False,False,False,False,False,False,False,False,False,False,False,False,False
KOSPI,017550,(주)수산세보틱스,2023,2024,test,0,BBB+,near_investment_BBB_plus_to_BBB_minus,0.104991135639285,0.315,False,12,1,1,1.811834,0.366071,0.66702,0.499206,0.219707,-4.625132,4.884326,0.074481,0.094677,0.244806,0.37102,6.388415,1.0,1,0,0,0,False,False,False,False,False,False,False,False,False,False,False,False,False,False,False,False,False
KOSPI,017670,에스케이텔레콤(주),2023,2024,test,0,AAA,upper_investment_A_or_above,0.0010406210814935,0.315,False,12,0,0,0.94161,0.208033,0.406,1.463056,0.246417,-400.023153,4.497551,0.065079,0.280955,0.276522,0.666571,12.691226,0.0,1,0,0,0,False,False,False,False,False,False,False,False,False,False,False,False,False,False,False,False,False
KOSPI,017670,에스케이텔레콤(주),2024,2025,test,0,AA+,upper_investment_A_or_above,0.0009341444449315,0.315,False,10,0,0,0.810544,0.219391,0.387597,1.579997,0.218473,-386.8803,4.52314,0.077316,0.283563,0.272228,0.763081,12.619496,0.015,1,0,0,0,False,False,False,False,False,False,False,False,False,False,False,False,False,False,False,False,False
KOSPI,017800,현대엘리베이터(주),2023,2024,test,0,A,upper_investment_A_or_above,0.0526655747127892,0.315,False,10,0,0,1.008995,0.290601,0.387949,1.577661,0.259689,-5.462462,1.786933,0.119077,0.018997,0.022845,0.053841,1.06914,0.502074,1,0,0,0,False,False,False,False,False,False,False,False,False,False,False,False,False,False,False,False,False
KOSPI,017800,현대엘리베이터(주),2024,2025,test,0,A,upper_investment_A_or_above,0.0330071445967416,0.315,False,10,0,0,0.937863,0.276043,0.375594,1.662447,0.255746,-5.324474,4.059311,0.067213,0.08888,0.114923,0.280584,4.611513,0.718282,1,0,0,0,False,False,False,False,False,False,False,False,False,False,False,False,False,False,False,False,False
KOSPI,017810,(주)풀무원,2024,2025,test,0,BBB,near_investment_BBB_plus_to_BBB_minus,0.0467080793981137,0.315,False,9,0,1,0.714494,0.148759,0.250279,2.995544,0.272409,-26.680591,1.390333,0.0107,0.053714,0.098768,0.27183,2.613526,0.699906,1,0,0,0,False,False,False,False,False,False,False,False,False,False,False,False,False,False,False,False,False
KOSPI,017940,(주)이원,2023,2024,test,0,A+,upper_investment_A_or_above,0.0081995139490999,0.315,False,9,0,0,0.913486,0.084991,0.369371,1.707303,0.155678,-48.50876,1.279235,0.027388,0.049799,0.134453,0.544648,5.351878,0.660772,1,0,0,0,False,False,False,False,False,False,False,False,False,False,False,False,False,False,False,False,False
KOSPI,017940,(주)이원,2024,2025,test,0,A+,upper_investment_A_or_above,0.0429552117990346,0.315,False,8,1,2,0.916365,0.027777,0.150558,5.641967,0.488521,-62.821476,1.927646,0.005861,-0.070936,-0.064283,-0.111776,-7.033076,0.774248,1,0,0,0,False,False,False,False,False,False,False,False,False,False,False,False,False,False,False,False,False
KOSPI,017960,(주)한국카본,2023,2024,test,0,A,upper_investment_A_or_above,0.0658126103743598,0.315,False,12,0,0,1.339186,0.224291,0.573748,0.742925,0.152111,-16.517537,3.63778,-0.022626,0.095084,0.16733,0.468901,12.486961,0.740288,1,0,0,0,False,False,False,False,False,False,False,False,False,False,False,False,False,False,False,False,False
KOSPI,018670,에스케이가스(주),2023,2024,test,0,AA-,upper_investment_A_or_above,0.0018715478663806,0.315,False,13,0,0,1.701056,0.337972,0.425581,1.349727,0.382167,-55.083149,3.904359,0.045234,0.088272,0.176677,0.265556,7.93774,0.3086,1,0,0,0,False,False,False,False,False,False,False,False,False,False,False,False,False,False,False,False,False
KOSPI,018670,에스케이가스(주),2024,2025,test,0,AA-,upper_investment_A_or_above,0.0022106376190276,0.315,False,11,0,0,1.290889,0.289222,0.363193,1.753359,0.285814,-58.333994,3.722586,0.025052,0.052612,0.077757,0.173245,4.839385,0.246843,1,0,0,0,False,False,False,False,False,False,False,False,False,False,False,False,False,False,False,False,False
KOSPI,018880,한온시스템(주),2023,2024,test,0,AA-,upper_investment_A_or_above,0.0262089106897671,0.315,False,10,0,0,1.033769,0.21771,0.271352,2.685252,0.394469,-45.993005,1.493486,0.00616,0.054121,0.076806,0.141873,2.786598,0.265308,1,0,0,0,False,False,False,False,False,False,False,False,False,False,False,False,False,False,False,False,False
KOSPI,018880,한온시스템(주),2024,2025,test,0,AA-,upper_investment_A_or_above,0.0146924469436154,0.315,False,7,1,1,0.881842,0.267491,0.28236,2.541573,0.384614,-43.179492,0.360831,-0.035864,0.056933,0.07469,0.139362,2.149989,0.479515,1,0,0,1,False,False,False,False,False,False,False,False,False,False,False,False,False,False,False,False,False
KOSPI,020560,아시아나항공(주),2024,2025,test,0,BBB,near_investment_BBB_plus_to_BBB_minus,0.2288105475131318,0.315,False,5,3,4,0.562849,0.156199,0.074582,12.408041,0.11447,0.026051,0.662909,-0.04965,0.175313,0.117167,0.94722,3.506659,0.896331,1,0,0,1,False,False,False,False,False,False,False,False,False,False,False,False,False,False,False,False,False
KOSPI,021240,코웨이(주),2024,2025,test,0,AA-,upper_investment_A_or_above,0.0015689249919221,0.315,False,11,0,0,0.943034,0.068687,0.554731,0.802676,0.174885,-77.601261,12.684509,0.131191,0.076642,0.128765,0.327843,5.2682,0.461497,1,0,0,0,False,False,False,False,False,False,False,False,False,False,False,False,False,False,False,False,False
KOSPI,023350,(주)한국종합기술,2023,2024,test,0,BBB+,near_investment_BBB_plus_to_BBB_minus,0.1549298355618998,0.315,False,4,0,0,,,,,,,1000000.0,,,,,1000000.0,,0,0,0,0,False,False,False,False,False,False,False,False,False,False,False,False,False,False,False,False,False
KOSPI,023350,(주)한국종합기술,2024,2025,test,0,,missing_rating,0.1685081477084104,0.315,False,4,0,0,,,,,,,1000000.0,,,,,1000000.0,,0,0,0,0,False,False,False,False,False,False,False,False,False,False,False,False,False,False,False,False,False
KOSPI,023530,롯데쇼핑(주),2023,2024,test,0,AA-,upper_investment_A_or_above,0.010892509330033,0.315,False,7,1,2,0.510281,0.1458,0.353616,1.827928,0.203835,-75.613126,0.853818,0.011623,0.112657,0.082784,0.262519,2.753913,0.31544,1,0,0,1,False,False,False,False,False,False,False,False,False,False,False,False,False,False,False,False,False
KOSPI,023530,롯데쇼핑(주),2024,2025,test,0,AA-,upper_investment_A_or_above,0.0080936852367732,0.315,False,9,1,2,0.56089,0.158076,0.436725,1.289769,0.208532,-119.426772,0.761448,-0.071074,0.11353,0.072278,0.195232,2.555625,0.258645,1,0,0,1,False,False,False,False,False,False,False,False,False,False,False,False,False,False,False,False,False
KOSPI,023590,(주)다우기술,2024,2025,test,0,A,upper_investment_A_or_above,0.0579547062976115,0.315,False,6,3,5,0.995199,0.04245,0.11011,8.081829,0.446289,-279.500605,73.282246,0.073351,-0.422147,-0.096505,-0.192428,-306.17139,0.900195,1,0,1,0,False,False,False,False,False,False,False,False,False,False,False,False,False,False,False,False,False
KOSPI,024720,콜마홀딩스(주),2024,2025,test,0,A-,upper_investment_A_or_above,0.026475616135702,0.315,False,12,0,1,0.732436,0.180726,0.631167,0.584368,0.187093,-43.105848,2.322866,0.049352,0.058381,0.082935,0.163498,2.407287,0.778996,1,0,0,0,False,False,False,False,False,False,False,False,False,False,False,False,False,False,False,False,False
KOSPI,025540,한국단자공업(주),2023,2024,test,0,A+,upper_investment_A_or_above,0.0027422375606581,0.315,False,12,0,0,1.896882,0.248457,0.653845,0.529414,0.097672,-177.927187,16.084315,0.056175,0.105073,0.276254,0.979057,19.614766,0.872513,1,0,0,0,False,False,False,False,False,False,False,False,False,False,False,False,False,False,False,False,False
KOSPI,025620,차에이아이헬스케어(주),2023,2024,test,1,B+,deep_speculative_B_plus_or_lower,0.8405332923276213,0.315,True,6,5,6,2.268108,0.578167,0.82694,0.209277,0.041549,-16.832086,-79.096664,-0.39906,-0.578912,-1.178376,-4.908135,-76.569596,1.0,0,1,1,1,False,False,False,False,False,False,False,False,False,False,False,False,False,False,False,False,False
KOSPI,025750,(주)한솔홈데코,2023,2024,test,0,BBB,near_investment_BBB_plus_to_BBB_minus,0.7129489595264891,0.315,True,8,1,1,0.920782,0.114674,0.447835,1.232964,0.32235,-0.668561,-0.407164,-0.047572,0.007449,0.012968,0.022213,0.430752,0.592179,0,0,0,1,False,False,False,False,False,False,False,False,False,False,False,False,False,False,False,False,False
KOSPI,025750,(주)한솔홈데코,2024,2025,test,0,BBB,near_investment_BBB_plus_to_BBB_minus,0.4649353993925872,0.315,True,11,0,0,1.07455,0.296982,0.426523,1.344537,0.381517,-0.478581,2.09756,-0.051719,0.079879,0.156979,0.235963,4.801322,0.516559,0,0,0,0,False,True,True,True,True,True,True,False,False,False,False,False,False,True,False,False,True
KOSPI,025860,남해화학(주),2023,2024,test,0,A,upper_investment_A_or_above,0.0128327091694873,0.315,False,9,1,1,1.835553,0.125087,0.623019,0.605087,0.209384,-9.453479,0.949582,0.006724,0.064143,0.324169,0.583643,8.751161,0.821393,1,0,0,1,False,False,False,False,False,False,False,False,False,False,False,False,False,False,False,False,False
KOSPI,026960,(주)동서,2023,2024,test,0,AAA,upper_investment_A_or_above,0.0019047666061339,0.315,False,12,1,1,14.689952,0.605166,0.958002,0.043839,0.000476,-31.55516,330.369517,0.298762,0.241152,1.65986,146.382191,891.689546,1.0,1,0,0,0,False,False,False,False,False,False,False,False,False,False,False,False,False,False,False,False,False
KOSPI,026960,(주)동서,2024,2025,test,0,B+,deep_speculative_B_plus_or_lower,0.0018198287160139,0.315,False,12,1,1,15.180204,0.495398,0.960841,0.040755,0.001428,-33.292408,208.661189,0.325341,0.231642,1.625387,44.561405,531.262327,1.0,1,0,0,0,False,False,False,False,False,False,False,False,False,False,False,False,False,False,False,False,False
KOSPI,028050,삼성이앤에이(주),2023,2024,test,0,BBB+,near_investment_BBB_plus_to_BBB_minus,0.0027395459655362,0.315,False,11,1,1,1.414611,0.216987,0.422788,1.365251,0.015296,-2.365651,43.411609,0.065469,-0.043275,-0.102107,-3.853094,-20.098418,1.0,0,0,0,0,False,False,False,False,False,False,False,False,False,False,False,False,False,False,False,False,False
KOSPI,028100,(주)동아지질,2023,2024,test,0,BBB,near_investment_BBB_plus_to_BBB_minus,0.0670289899528819,0.315,False,12,1,1,1.812313,0.937116,0.585562,0.707761,0.137823,-31.57985,2.889434,0.029655,0.127432,0.271324,0.815878,16.51065,0.944321,1,0,0,0,False,False,False,False,False,False,False,False,False,False,False,False,False,False,False,False,False
KOSPI,028100,(주)동아지질,2024,2025,test,0,BBB,near_investment_BBB_plus_to_BBB_minus,0.0935572922096039,0.315,False,12,1,1,1.804191,0.822492,0.567391,0.762454,0.134615,-31.321236,3.716713,0.028941,0.022877,0.051989,0.167074,3.48093,1.0,1,0,0,0,False,False,False,False,False,False,False,False,False,False,False,False,False,False,False,False,False
KOSPI,028260,삼성물산(주),2023,2024,test,0,AA+,upper_investment_A_or_above,0.0007971314275738,0.315,False,13,0,0,1.285823,0.211363,0.60334,0.657439,0.045521,-2130.038419,11.257352,0.064902,0.066801,0.106697,0.929728,10.976835,0.457352,1,0,0,0,False,False,False,False,False,False,False,False,False,False,False,False,False,False,False,False,False
KOSPI,028260,삼성물산(주),2024,2025,test,0,AA+,upper_investment_A_or_above,0.0003667308618498,0.315,False,13,0,0,1.368456,0.24563,0.601037,0.663791,0.041423,-2011.122128,13.328515,0.065838,0.078542,0.133709,1.287799,14.773694,0.320136,1,0,0,0,False,False,False,False,False,False,False,False,False,False,False,False,False,False,False,False,False
KOSPI,028670,팬오션(주),2023,2024,test,0,A,upper_investment_A_or_above,0.0089368309124904,0.315,False,13,0,0,1.358024,0.73629,0.600125,0.666319,0.02326,-7.817089,3.148646,0.056189,0.172161,0.23906,4.109898,6.126614,0.352914,1,0,0,0,False,False,False,False,False,False,False,False,False,False,False,False,False,False,False,False,False
KOSPI,028670,팬오션(주),2024,2025,test,0,A,upper_investment_A_or_above,0.0035415759196463,0.315,False,13,0,0,1.583419,0.678104,0.550395,0.816878,0.02782,-9.575571,3.518422,0.051953,0.131009,0.146416,2.366292,5.04912,0.0,1,0,0,0,False,False,False,False,False,False,False,False,False,False,False,False,False,False,False,False,False
KOSPI,029460,(주)케이씨,2023,2024,test,0,AA-,upper_investment_A_or_above,0.0087304447980262,0.315,False,13,0,0,3.263559,0.708804,0.814187,0.228219,0.013393,-126.625348,31.593382,0.08452,0.081015,0.298391,4.139827,28.032929,0.421715,1,0,0,0,False,False,False,False,False,False,False,False,False,False,False,False,False,False,False,False,False
KOSPI,030000,(주)제일기획,2023,2024,test,0,AA,upper_investment_A_or_above,0.0012776067034953,0.315,False,12,0,0,1.725354,0.441565,0.44913,1.226526,0.0,-55.404291,28.226266,0.045942,0.064447,0.167552,,24.479193,,1,0,0,0,False,False,False,False,False,False,False,False,False,False,False,False,False,False,False,False,False
KOSPI,030200,(주)케이티,2023,2024,test,0,AAA,upper_investment_A_or_above,0.0017077175561118,0.315,False,12,0,0,1.10426,0.219021,0.434585,1.301043,0.17824,-10.863949,4.62971,0.037485,0.208645,0.22789,0.722915,15.44371,0.057042,1,0,0,0,False,False,False,False,False,False,False,False,False,False,False,False,False,False,False,False,False
KOSPI,030200,(주)케이티,2024,2025,test,0,A+,upper_investment_A_or_above,0.0019499501437059,0.315,False,12,0,0,1.027186,0.267874,0.429717,1.32711,0.169491,-10.503075,2.160519,0.01578,0.19166,0.212105,0.713668,13.520868,0.06478,1,0,0,0,False,False,False,False,False,False,False,False,False,False,False,False,False,False,False,False,False
KOSPI,031440,(주)신세계푸드,2023,2024,test,0,A+,upper_investment_A_or_above,0.0026047270798479,0.315,False,9,1,1,0.824067,0.174038,0.331125,2.020004,0.05083,-13.971843,1.90243,0.007149,0.059626,0.151608,1.995032,6.391696,1.0,1,0,0,0,False,False,False,False,False,False,False,False,False,False,False,False,False,False,False,False,False
KOSPI,031440,(주)신세계푸드,2024,2025,test,0,A+,upper_investment_A_or_above,0.0030383879633471,0.315,False,11,0,0,1.680476,0.531054,0.352041,1.840576,0.197916,-14.157854,1.343625,0.007296,0.06444,0.183086,0.599408,6.399743,0.0,1,0,0,0,False,False,False,False,False,False,False,False,False,False,False,False,False,False,False,False,False
KOSPI,031820,(주)아이티센씨티에스,2023,2024,test,0,A+,upper_investment_A_or_above,0.0248565577865231,0.315,False,9,1,1,1.352521,0.32377,0.393951,1.538388,0.090898,-2.41959,6.620938,0.003714,-0.052764,-0.147911,-0.986174,-20.07987,0.995114,0,0,0,0,False,False,False,False,False,False,False,False,False,False,False,False,False,False,False,False,False
KOSPI,032560,(주)황금에스티,2023,2024,test,0,A+,upper_investment_A_or_above,0.013026800840751,0.315,False,12,1,1,2.804077,1.143714,0.7806,0.281066,0.07604,-46.159929,13.3579,0.08379,0.151249,0.476756,1.375596,24.505382,1.0,1,0,0,0,False,False,False,False,False,False,False,False,False,False,False,False,False,False,False,False,False
KOSPI,032560,(주)황금에스티,2024,2025,test,0,AA-,upper_investment_A_or_above,0.0357403881295563,0.315,False,12,1,1,3.073944,1.225178,0.799021,0.251532,0.081998,-48.121552,7.133842,0.061831,0.064127,0.196059,0.480547,7.58249,1.0,1,0,0,0,False,False,False,False,False,False,False,False,False,False,False,False,False,False,False,False,False
KOSPI,032640,(주)엘지유플러스,2023,2024,test,0,AA,upper_investment_A_or_above,0.001075071200408,0.315,False,11,0,0,0.885372,0.099798,0.435648,1.295432,0.208109,-2.402055,4.114031,0.04385,0.20699,0.262256,0.711188,12.263348,0.031077,1,0,0,0,False,False,False,False,False,False,False,False,False,False,False,False,False,False,False,False,False
KOSPI,032640,(주)엘지유플러스,2024,2025,test,0,AA,upper_investment_A_or_above,0.001680583313516,0.315,False,12,0,0,1.028851,0.175168,0.444921,1.247591,0.22821,-2.40656,3.132663,0.021511,0.228052,0.30489,0.74159,12.105213,0.0,1,0,0,0,False,False,False,False,False,False,False,False,False,False,False,False,False,False,False,False,False
KOSPI,033250,(주)체시스,2023,2024,test,1,BB,near_speculative_BB_plus_to_BB_minus,0.8431394087880352,0.315,True,9,0,2,0.790294,0.03232,0.36704,1.7245,0.228786,-1.077631,5.004567,0.067275,0.120334,0.102866,0.28459,6.463987,0.733422,0,0,0,0,False,True,True,True,True,True,False,False,False,False,False,False,False,False,False,False,True
KOSPI,033530,에스제이지세종(주),2023,2024,test,0,BBB,near_investment_BBB_plus_to_BBB_minus,0.0342942477485593,0.315,False,9,0,0,1.157402,0.251475,0.357608,1.79636,0.199452,-28.61037,2.984125,0.00242,0.090271,0.218667,0.70428,9.309232,0.845376,1,0,0,0,False,False,False,False,False,False,False,False,False,False,False,False,False,False,False,False,False
KOSPI,033780,(주)케이티앤지,2023,2024,test,0,AAA,upper_investment_A_or_above,0.0015053617895143,0.315,False,13,0,0,2.401714,0.38615,0.727733,0.37413,0.042212,-8.733334,25.540104,0.157329,0.215944,0.364051,2.348145,27.698617,0.11421,1,0,0,0,False,False,False,False,False,False,False,False,False,False,False,False,False,False,False,False,False
KOSPI,033780,(주)케이티앤지,2024,2025,test,0,AAA,upper_investment_A_or_above,0.0018204807530822,0.315,False,13,0,0,2.283349,0.361441,0.672051,0.487983,0.094221,-8.799861,28.245242,0.197164,0.139161,0.180056,0.626711,19.536577,0.219485,1,0,0,0,False,False,False,False,False,False,False,False,False,False,False,False,False,False,False,False,False
KOSPI,034020,두산에너빌리티(주),2023,2024,test,0,BBB+,near_investment_BBB_plus_to_BBB_minus,0.0030896324874455,0.315,False,12,0,0,1.00467,0.273029,0.439981,1.272823,0.128342,-2.318159,4.572624,0.029422,0.117717,0.150053,0.654754,6.452742,0.375207,1,0,0,0,False,False,False,False,False,False,False,False,False,False,False,False,False,False,False,False,False
KOSPI,034020,두산에너빌리티(주),2024,2025,test,0,BBB+,near_investment_BBB_plus_to_BBB_minus,0.002982461793934,0.315,False,12,0,0,1.12332,0.323983,0.443138,1.256636,0.209197,-2.569001,3.092285,0.024314,0.01492,0.016528,0.043997,0.73601,0.388966,1,0,0,0,False,False,False,False,False,False,False,False,False,False,False,False,False,False,False,False,False
KOSPI,034120,(주)에스비에스,2023,2024,test,0,AA,upper_investment_A_or_above,0.0020987703160612,0.315,False,13,0,0,2.021068,0.267511,0.654428,0.528051,0.090464,-8.499328,8.719054,0.047368,0.063613,0.136278,0.520582,9.479027,0.425287,1,0,0,0,False,False,False,False,False,False,False,False,False,False,False,False,False,False,False,False,False
KOSPI,034120,(주)에스비에스,2024,2025,test,0,AA,upper_investment_A_or_above,0.0050993896240873,0.315,False,11,1,1,2.263114,0.282221,0.599348,0.668478,0.191199,-8.772228,-1.074276,0.032273,0.007973,0.013772,0.028858,0.467255,0.172913,1,0,0,1,False,False,False,False,False,False,False,False,False,False,False,False,False,False,False,False,False
KOSPI,034220,엘지디스플레이(주),2023,2024,test,0,A,upper_investment_A_or_above,0.0127891981178648,0.315,False,6,4,5,0.68442,0.162587,0.245266,3.077204,0.369904,-3.902268,-3.469814,-0.120798,0.078888,0.06235,0.127216,2.326072,0.141798,1,1,0,1,False,False,False,False,False,False,False,False,False,False,False,False,False,False,False,False,False
KOSPI,034220,엘지디스플레이(주),2024,2025,test,0,A,upper_investment_A_or_above,0.0129254634173649,0.315,False,5,3,4,0.638312,0.127475,0.245676,3.070402,0.274867,-2.229123,-0.616283,-0.090523,0.090615,0.0973,0.267024,2.651336,0.107351,1,1,0,1,False,False,False,False,False,False,False,False,False,False,False,False,False,False,False,False,False
KOSPI,034230,(주)파라다이스,2024,2025,test,0,A,upper_investment_A_or_above,0.0031377094058589,0.315,False,13,0,0,1.293002,0.86458,0.527536,0.895607,0.225093,-42.737434,1.866865,0.103248,0.182752,0.10542,0.221274,2.688433,0.190319,1,0,0,0,False,False,False,False,False,False,False,False,False,False,False,False,False,False,False,False,False
KOSPI,034730,에스케이(주),2023,2024,test,0,AA+,upper_investment_A_or_above,0.0029319975403378,0.315,False,9,0,0,0.992064,0.347093,0.376281,1.657586,0.318686,-4823.323236,1.577221,-0.003097,0.086514,0.087952,0.172136,3.541583,0.263626,1,0,0,0,False,False,False,False,False,False,False,False,False,False,False,False,False,False,False,False,False
KOSPI,034730,에스케이(주),2024,2025,test,0,BBB+,near_investment_BBB_plus_to_BBB_minus,0.0056893385540193,0.315,False,8,1,1,0.943104,0.344556,0.373469,1.677598,0.316664,-4972.520164,0.637728,0.004241,0.065044,0.060215,0.119137,2.195987,0.293829,1,0,0,1,False,False,False,False,False,False,False,False,False,False,False,False,False,False,False,False,False
KOSPI,035000,(주)에이치에스애드,2023,2024,test,0,AA,upper_investment_A_or_above,0.004122597741143,0.315,False,10,1,1,1.412236,0.304745,0.333678,1.996899,0.003846,-9.402067,30.237537,0.029546,0.106194,0.159536,27.641932,66.582685,1.0,1,0,0,0,False,False,False,False,False,False,False,False,False,False,False,False,False,False,False,False,False
KOSPI,035150,(주)백산,2023,2024,test,0,BBB+,near_investment_BBB_plus_to_BBB_minus,0.0243709915588798,0.315,False,12,1,1,1.61613,0.367037,0.59235,0.688191,0.208341,-13.776542,12.422141,0.097007,0.110853,0.322778,0.631562,10.823319,0.977769,1,0,0,0,False,False,False,False,False,False,False,False,False,False,False,False,False,False,False,False,False
KOSPI,035420,네이버(주),2024,2025,test,0,AA+,upper_investment_A_or_above,0.0004461741148923,0.315,False,13,0,0,1.538848,0.688676,0.707425,0.413577,0.078908,-1637.271636,18.871447,0.179924,0.241194,0.231923,0.859925,24.693366,0.044954,1,0,0,0,False,False,False,False,False,False,False,False,False,False,False,False,False,False,False,False,False
KOSPI,036420,(주)콘텐트리중앙,2023,2024,test,0,BBB,near_investment_BBB_plus_to_BBB_minus,0.0157125037928751,0.315,False,5,4,5,0.466173,0.155188,0.207952,3.808812,0.19786,-4.296527,-0.78712,-0.172542,-0.085496,-0.043697,-0.174922,-0.980918,0.379918,0,1,0,1,False,False,False,False,False,False,False,False,False,False,False,False,False,False,False,False,False
KOSPI,036420,(주)콘텐트리중앙,2024,2025,test,0,BBB,near_investment_BBB_plus_to_BBB_minus,0.016763357675505,0.315,False,4,5,6,0.411429,0.180225,0.206236,3.848814,0.244861,-4.907246,-0.460348,-0.1045,-0.031772,-0.012761,-0.041366,-0.271497,0.469933,1,1,1,1,False,False,False,False,False,False,False,False,False,False,False,False,False,False,False,False,False
KOSPI,036460,한국가스공사(주),2023,2024,test,0,AAA,upper_investment_A_or_above,0.0136922915189324,0.315,False,5,2,4,0.772402,0.034591,0.17162,4.826831,0.624751,-20.288525,0.926731,-0.016775,0.132093,0.124093,0.164539,3.511175,0.411102,1,0,0,1,False,False,False,False,False,False,False,False,False,False,False,False,False,False,False,False,False
KOSPI,036460,한국가스공사(주),2024,2025,test,0,AA+,upper_investment_A_or_above,0.0075177600687448,0.315,False,8,1,3,0.797898,0.043882,0.187731,4.326782,0.54634,-22.455756,1.994008,0.02993,0.094553,0.077487,0.115204,2.409891,0.319968,1,0,0,0,False,False,False,False,False,False,False,False,False,False,False,False,False,False,False,False,False
KOSPI,037560,(주)엘지헬로비전,2023,2024,test,0,AA-,upper_investment_A_or_above,0.0016882668871671,0.315,False,11,0,0,1.104556,0.239078,0.428466,1.333906,0.219789,-1.919877,3.854793,-0.038103,0.070869,0.111857,0.290869,6.866839,0.0,1,0,0,0,False,False,False,False,False,False,False,False,False,False,False,False,False,False,False,False,False
KOSPI,037560,(주)엘지헬로비전,2024,2025,test,0,AA-,upper_investment_A_or_above,0.0043809702479508,0.315,False,8,1,1,1.228361,0.224425,0.35712,1.800177,0.273418,-1.293626,0.730815,-0.088787,0.073496,0.109994,0.258626,4.769752,0.0,1,0,0,1,False,False,False,False,False,False,False,False,False,False,False,False,False,False,False,False,False
KOSPI,037710,(주)광주신세계,2023,2024,test,0,AA-,upper_investment_A_or_above,0.0500095430322365,0.315,False,4,0,0,,,,,,,1000000.0,,,,,1000000.0,,0,0,0,0,False,False,False,False,False,False,False,False,False,False,False,False,False,False,False,False,False
KOSPI,037710,(주)광주신세계,2024,2025,test,0,AA-,upper_investment_A_or_above,0.0525086303653591,0.315,False,4,0,0,,,,,,,1000000.0,,,,,1000000.0,,0,0,0,0,False,False,False,False,False,False,False,False,False,False,False,False,False,False,False,False,False
KOSPI,039130,(주)하나투어,2023,2024,test,0,A+,upper_investment_A_or_above,0.0092116875159825,0.315,False,11,1,1,1.207739,0.320648,0.247138,3.046327,0.021751,-18.86436,12.088543,0.143477,0.283584,0.240528,8.32545,41.443114,0.619281,1,0,0,0,False,False,False,False,False,False,False,False,False,False,False,False,False,False,False,False,False
KOSPI,042660,한화오션(주),2023,2024,test,0,BBB,near_investment_BBB_plus_to_BBB_minus,0.5801104802865733,0.315,True,6,3,4,1.235685,0.241212,0.309231,2.233828,0.155697,-1.805943,-1.235582,0.021603,-0.261754,-0.201311,-0.893145,-12.193415,0.223728,0,1,1,1,False,False,False,False,False,False,False,False,False,False,False,False,False,False,False,False,False
KOSPI,042660,한화오션(주),2024,2025,test,0,BBB+,near_investment_BBB_plus_to_BBB_minus,0.3804751947112185,0.315,True,7,1,2,1.086929,0.056855,0.272551,2.669037,0.293492,-2.164046,1.378882,0.049018,-0.269541,-0.223765,-0.554623,-16.836746,0.610139,0,0,1,0,True,False,False,False,False,False,False,False,False,False,False,False,False,False,False,False,True
KOSPI,042670,에이치디현대인프라코어(주),2023,2024,test,0,A,upper_investment_A_or_above,0.0069312352837713,0.315,False,12,0,0,1.571149,0.132794,0.410399,1.436655,0.201722,-8.084592,6.022872,0.049513,0.096046,0.171791,0.502117,6.444347,0.323758,1,0,0,0,False,False,False,False,False,False,False,False,False,False,False,False,False,False,False,False,False
KOSPI,042670,에이치디현대인프라코어(주),2024,2025,test,0,A,upper_investment_A_or_above,0.0058982327994825,0.315,False,13,0,0,1.550236,0.154502,0.43087,1.320886,0.180307,-8.254473,3.23267,0.026352,0.107744,0.181674,0.573443,7.78106,0.267923,1,0,0,0,False,False,False,False,False,False,False,False,False,False,False,False,False,False,False,False,False
KOSPI,044380,(주)주연테크,2023,2024,test,1,BB,near_speculative_BB_plus_to_BB_minus,0.8295733636169218,0.315,True,7,3,3,4.424083,1.07022,0.806093,0.240552,0.0,-2.125934,-16.63499,-0.102175,-0.019668,-0.096107,,-3.056727,,0,1,0,1,False,False,False,False,False,False,False,False,False,False,False,False,False,False,False,False,False
KOSPI,047040,(주)대우건설,2023,2024,test,0,A,upper_investment_A_or_above,0.0216995741231608,0.315,False,9,1,1,1.593549,0.195024,0.36128,1.76794,0.138488,-0.954617,4.402323,0.044771,-0.071501,-0.115973,-0.534877,-5.533998,0.38697,1,0,1,0,False,False,False,False,False,False,False,False,False,False,False,False,False,False,False,False,False
KOSPI,047040,(주)대우건설,2024,2025,test,0,A,upper_investment_A_or_above,0.0143300910043503,0.315,False,9,1,1,2.110198,0.255676,0.342387,1.920671,0.247192,-1.08559,2.516968,0.023121,-0.122198,-0.154189,-0.410194,-8.013854,0.210593,1,0,1,0,False,False,False,False,False,False,False,False,False,False,False,False,False,False,False,False,False
KOSPI,047050,(주)포스코인터내셔널,2024,2025,test,0,AA-,upper_investment_A_or_above,0.0012133088561516,0.315,False,13,0,0,1.241524,0.158747,0.423934,1.358856,0.248944,-7.355328,3.820219,0.015566,0.027114,0.087803,0.203181,2.999208,0.370639,1,0,0,0,False,False,False,False,False,False,False,False,False,False,False,False,False,False,False,False,False
KOSPI,047400,유니온머티리얼(주),2023,2024,test,0,BBB+,near_investment_BBB_plus_to_BBB_minus,0.8522748635470783,0.315,True,5,2,3,0.914075,0.017348,0.340644,1.935615,0.48283,-2.034793,-0.875495,-0.154978,0.018924,0.017868,0.0244,0.413396,0.854677,1,0,0,1,False,False,False,False,False,False,False,False,False,False,False,False,False,False,False,False,False
KOSPI,047810,한국항공우주산업(주),2023,2024,test,0,AA-,upper_investment_A_or_above,0.0109058012993287,0.315,False,8,1,1,1.063782,0.149562,0.226896,3.407308,0.032358,-2.323804,8.508912,0.057968,-0.183384,-0.126894,-3.031745,-24.078593,0.092631,1,0,0,0,False,False,False,False,False,False,False,False,False,False,False,False,False,False,False,False,False
KOSPI,047810,한국항공우주산업(주),2024,2025,test,0,AA-,upper_investment_A_or_above,0.0308942955067834,0.315,False,7,2,4,1.106672,0.023341,0.21521,3.646622,0.125668,-2.543832,7.205967,0.04703,-0.200395,-0.115615,-0.722009,-21.798332,0.410361,1,0,1,0,False,False,False,False,False,False,False,False,False,False,False,False,False,False,False,False,False
KOSPI,049770,(주)동원에프앤비,2023,2024,test,0,A+,upper_investment_A_or_above,0.0054594671858126,0.315,False,11,0,0,1.195784,0.143343,0.441131,1.266901,0.207933,-49.436286,6.209417,0.024958,0.060508,0.214014,0.575212,9.827991,0.514378,1,0,0,0,False,False,False,False,False,False,False,False,False,False,False,False,False,False,False,False,False
KOSPI,049770,(주)동원에프앤비,2024,2025,test,0,A+,upper_investment_A_or_above,0.0078183845085964,0.315,False,11,0,0,1.168394,0.058139,0.504701,0.981373,0.18263,-55.122638,7.371707,0.028511,0.016068,0.067791,0.183851,2.89499,0.698733,1,0,0,0,False,False,False,False,False,False,False,False,False,False,False,False,False,False,False,False,False
KOSPI,051600,한전케이피에스(주),2023,2024,test,0,AA,upper_investment_A_or_above,0.0014585773524144,0.315,False,11,0,0,3.0373,0.153929,0.7967,0.255177,0.0,-140.399601,244.016818,0.106058,-0.02484,-0.117329,,-46.63189,,1,0,0,0,False,False,False,False,False,False,False,False,False,False,False,False,False,False,False,False,False
KOSPI,051600,한전케이피에스(주),2024,2025,test,0,AA,upper_investment_A_or_above,0.0014904288078774,0.315,False,12,0,0,3.025711,0.287047,0.785979,0.272298,0.0,-146.608171,299.370597,0.110746,0.347101,1.494067,,772.317994,,1,0,0,0,False,False,False,False,False,False,False,False,False,False,False,False,False,False,False,False,False
KOSPI,051910,(주)엘지화학,2023,2024,test,0,AA+,upper_investment_A_or_above,0.0032213055124266,0.315,False,13,0,0,1.569221,0.49399,0.528462,0.892285,0.211272,-103.592635,3.907712,0.037166,0.136407,0.206317,0.460479,11.644143,0.114585,1,0,0,0,False,False,False,False,False,False,False,False,False,False,False,False,False,False,False,False,False
KOSPI,051910,(주)엘지화학,2024,2025,test,0,AA+,upper_investment_A_or_above,0.0045260277886367,0.315,False,11,1,1,1.319169,0.372521,0.511364,0.955555,0.223616,-121.623217,0.961171,0.010528,0.143354,0.1529,0.33411,7.351739,0.086334,1,0,0,1,False,False,False,False,False,False,False,False,False,False,False,False,False,False,False,False,False
KOSPI,052690,한국전력기술(주),2024,2025,test,0,AA,upper_investment_A_or_above,0.0022235656172508,0.315,False,12,0,0,1.594713,0.128854,0.609891,0.639637,1.1e-05,-74.546004,694.847024,0.105739,0.08846,0.132523,4895.0324,620.606326,0.0,1,0,0,0,False,False,False,False,False,False,False,False,False,False,False,False,False,False,False,False,False
KOSPI,053210,(주)케이티스카이라이프,2023,2024,test,0,AA-,upper_investment_A_or_above,0.0028907978844218,0.315,False,12,1,1,1.201248,0.36673,0.606345,0.649225,0.041129,-5.165641,2.584256,-0.110906,0.202036,0.432977,4.144153,38.064877,0.0,1,0,0,0,False,False,False,False,False,False,False,False,False,False,False,False,False,False,False,False,False
KOSPI,053210,(주)케이티스카이라이프,2024,2025,test,0,AA-,upper_investment_A_or_above,0.001033641909446,0.315,False,10,2,2,1.786204,0.578225,0.554338,0.803953,0.163424,-3.823266,-0.179596,-0.152581,0.158641,0.350043,0.954579,27.091104,0.117647,1,0,0,1,False,False,False,False,False,False,False,False,False,False,False,False,False,False,False,False,False
KOSPI,058650,(주)세아홀딩스,2024,2025,test,0,A,upper_investment_A_or_above,0.0083171640900823,0.315,False,13,0,0,1.362653,0.216961,0.515942,0.938202,0.229912,-156.505283,1.296664,0.005679,0.044084,0.089749,0.188957,3.467572,0.56279,1,0,0,0,False,False,False,False,False,False,False,False,False,False,False,False,False,False,False,False,False
KOSPI,058730,다스코(주),2023,2024,test,0,BBB+,near_investment_BBB_plus_to_BBB_minus,0.0944795471425837,0.315,False,13,0,0,1.481409,0.3413,0.481527,1.076725,0.216817,-14.412901,3.496749,0.038034,0.04747,0.108166,0.258657,2.791951,0.656358,1,0,0,0,False,False,False,False,False,False,False,False,False,False,False,False,False,False,False,False,False
KOSPI,060980,에이치엘홀딩스(주),2023,2024,test,0,A,upper_investment_A_or_above,0.0104119916782302,0.315,False,12,0,1,0.777148,0.250671,0.439605,1.274769,0.225047,-17.340594,2.524108,0.037919,0.025157,0.02511,0.062527,0.885598,0.358933,1,0,0,0,False,False,False,False,False,False,False,False,False,False,False,False,False,False,False,False,False
KOSPI,060980,에이치엘홀딩스(주),2024,2025,test,0,A,upper_investment_A_or_above,0.0087036256456949,0.315,False,11,0,1,0.653803,0.120869,0.449045,1.226947,0.204111,-18.32572,2.22313,0.014464,0.046218,0.048514,0.130954,1.557637,0.455655,1,0,0,0,False,False,False,False,False,False,False,False,False,False,False,False,False,False,False,False,False
KOSPI,064350,현대로템(주),2023,2024,test,0,A,upper_investment_A_or_above,0.0062055477011344,0.315,False,9,0,0,1.151497,0.123614,0.314219,2.18249,0.062795,-2.018035,7.27479,0.043703,0.20466,0.204254,2.230646,25.428131,0.250954,0,0,0,0,False,False,False,False,False,False,False,False,False,False,False,False,False,False,False,False,False
KOSPI,064350,현대로템(주),2024,2025,test,0,A+,upper_investment_A_or_above,0.0052449513154658,0.315,False,10,1,1,1.220694,0.156385,0.38012,1.630747,0.011918,-2.681589,27.467724,0.092597,0.032551,0.043483,2.261587,8.57083,0.958725,1,0,0,0,False,False,False,False,False,False,False,False,False,False,False,False,False,False,False,False,False
KOSPI,066570,엘지전자(주),2023,2024,test,0,AA,upper_investment_A_or_above,0.0041231051392479,0.315,False,11,0,0,1.255825,0.351301,0.390077,1.563598,0.189912,-24.989097,6.203959,0.013661,0.07021,0.160948,0.516902,10.337262,0.061851,1,0,0,0,False,False,False,False,False,False,False,False,False,False,False,False,False,False,False,False,False
KOSPI,066570,엘지전자(주),2024,2025,test,0,AA,upper_investment_A_or_above,0.0020803516518031,0.315,False,11,0,0,1.242281,0.277325,0.384151,1.603144,0.177629,-26.883796,5.985359,0.006741,0.043802,0.095073,0.329625,6.725699,0.048415,1,0,0,0,False,False,False,False,False,False,False,False,False,False,False,False,False,False,False,False,False
KOSPI,066970,(주)엘앤에프,2024,2025,test,1,BB,near_speculative_BB_plus_to_BB_minus,0.4825199189192783,0.315,True,7,2,3,0.702123,0.180081,0.258354,2.870657,0.469719,-38.856983,-5.250919,-0.199598,0.147063,0.135093,0.213301,2.636517,0.618204,0,0,0,1,False,False,False,False,False,False,False,False,False,False,False,False,False,False,False,False,False
KOSPI,069260,티케이지휴켐스(주),2023,2024,test,0,A+,upper_investment_A_or_above,0.0023310233115177,0.315,False,13,0,0,2.542384,0.327655,0.764252,0.308469,0.01807,-19.559872,522.215507,0.128029,0.210476,0.854622,11.150035,954.423794,0.245142,1,0,0,0,False,False,False,False,False,False,False,False,False,False,False,False,False,False,False,False,False
KOSPI,069260,티케이지휴켐스(주),2024,2025,test,0,A+,upper_investment_A_or_above,0.0015054463465475,0.315,False,12,0,0,1.956727,0.117838,0.748903,0.335287,0.044355,-20.402121,41.081698,0.065181,0.066701,0.270189,1.529564,40.295933,0.658566,1,0,0,0,False,False,False,False,False,False,False,False,False,False,False,False,False,False,False,False,False
KOSPI,069460,(주)대호에이엘,2024,2025,test,0,BBB,near_investment_BBB_plus_to_BBB_minus,0.203409089342553,0.315,False,4,0,0,,,,,,,1000000.0,,,,,1000000.0,,0,0,0,0,False,False,False,False,False,False,False,False,False,False,False,False,False,False,False,False,False
KOSPI,069620,(주)대웅제약,2023,2024,test,0,A+,upper_investment_A_or_above,0.0083184396358238,0.315,False,12,0,0,0.861654,0.167146,0.515323,0.940532,0.131291,-30.494415,9.01219,0.087254,0.098892,0.158513,0.585171,9.998513,0.720341,1,0,0,0,False,False,False,False,False,False,False,False,False,False,False,False,False,False,False,False,False
KOSPI,069620,(주)대웅제약,2024,2025,test,0,A+,upper_investment_A_or_above,0.0075510947018364,0.315,False,12,0,0,0.97359,0.163565,0.46889,1.132697,0.268869,-31.002023,21.175838,0.01641,0.036194,0.049041,0.096872,7.370395,0.38848,1,0,0,0,False,False,False,False,False,False,False,False,False,False,False,False,False,False,False,False,False
KOSPI,069960,(주)현대백화점,2023,2024,test,0,AA+,upper_investment_A_or_above,0.007663013585394,0.315,False,10,0,1,0.904492,0.047597,0.536101,0.865322,0.155759,-52.66216,2.741486,-0.009454,0.180103,0.139465,0.41537,6.845598,0.506473,1,0,0,0,False,False,False,False,False,False,False,False,False,False,False,False,False,False,False,False,False
KOSPI,069960,(주)현대백화점,2024,2025,test,0,AA+,upper_investment_A_or_above,0.0066164346143392,0.315,False,10,0,1,0.926463,0.038298,0.555767,0.799314,0.115904,-52.280284,2.779286,-0.00018,0.175257,0.147274,0.564468,7.181121,0.429716,1,0,0,0,False,False,False,False,False,False,False,False,False,False,False,False,False,False,False,False,False
KOSPI,070960,모나용평(주),2023,2024,test,0,BBB,near_investment_BBB_plus_to_BBB_minus,0.061699919477665,0.315,False,8,1,2,0.613027,0.064368,0.383882,1.604965,0.141116,-0.60294,1.560151,0.047262,0.619606,0.211802,0.924734,9.558321,0.939979,0,0,0,0,False,False,False,False,False,False,False,False,False,False,False,False,False,False,False,False,False
KOSPI,071320,한국지역난방공사,2023,2024,test,0,AAA,upper_investment_A_or_above,0.0105271549962539,0.315,False,8,0,2,0.443546,0.006963,0.262693,2.806728,0.404874,-35.15666,3.568785,0.05043,-0.035866,-0.024136,-0.043954,-1.608008,0.16738,1,0,0,0,False,False,False,False,False,False,False,False,False,False,False,False,False,False,False,False,False
KOSPI,071320,한국지역난방공사,2024,2025,test,0,AA+,upper_investment_A_or_above,0.0077308604117723,0.315,False,9,0,2,0.62004,0.00408,0.271249,2.686649,0.460377,-38.179537,3.349364,0.058782,0.116718,0.068382,0.108245,4.256071,0.156821,1,0,0,0,False,False,False,False,False,False,False,False,False,False,False,False,False,False,False,False,False
KOSPI,071840,롯데하이마트(주),2023,2024,test,0,A+,upper_investment_A_or_above,0.0454747662422397,0.315,False,4,0,0,,,,,,,1000000.0,,,,,1000000.0,,0,0,0,0,False,False,False,False,False,False,False,False,False,False,False,False,False,False,False,False,False
KOSPI,071840,롯데하이마트(주),2024,2025,test,0,A+,upper_investment_A_or_above,0.0487408108680181,0.315,False,4,0,0,,,,,,,1000000.0,,,,,1000000.0,,0,0,0,0,False,False,False,False,False,False,False,False,False,False,False,False,False,False,False,False,False
KOSPI,071970,에이치디현대마린엔진(주),2023,2024,test,1,BB+,near_speculative_BB_plus_to_BB_minus,0.4178326669260307,0.315,True,11,1,1,0.950771,0.16403,0.496408,1.014474,0.192548,-2.157336,3.112806,0.129138,0.148453,0.15909,0.416086,6.316618,1.0,0,0,0,0,False,False,False,False,False,False,False,False,False,False,False,False,False,False,False,False,False
KOSPI,072710,(주)농심홀딩스,2024,2025,test,0,AA,upper_investment_A_or_above,0.0408203592013047,0.315,False,10,1,1,1.102655,0.072291,0.755526,0.323582,0.084549,-51.50458,12.516744,0.093765,0.069177,0.140168,0.405294,7.977901,0.932104,1,0,0,0,False,False,False,False,False,False,False,False,False,False,False,False,False,False,False,False,False
KOSPI,073240,금호타이어(주),2023,2024,test,0,A,upper_investment_A_or_above,0.2794673260652878,0.315,False,8,1,1,1.061427,0.137043,0.289601,2.453027,0.427325,0.025931,2.392726,0.042522,0.124996,0.147195,0.244701,2.940831,0.38989,0,0,0,0,False,False,False,False,False,False,False,False,False,False,False,False,False,False,False,False,False
KOSPI,073240,금호타이어(주),2024,2025,test,0,A,upper_investment_A_or_above,0.1299791608595724,0.315,False,9,0,0,1.034092,0.09203,0.355189,1.8154,0.342017,-0.326199,4.169223,0.077583,0.114717,0.150351,0.28346,3.682768,0.572867,0,0,0,0,False,False,False,False,False,False,False,False,False,False,False,False,False,False,False,False,False
KOSPI,078930,(주)지에스,2023,2024,test,0,AA,upper_investment_A_or_above,0.0090054747749161,0.315,False,12,0,0,0.91001,0.338004,0.51164,0.954499,0.191715,-36.223142,9.066178,0.06077,0.11628,0.179559,0.457396,7.358486,0.10093,1,0,0,0,False,False,False,False,False,False,False,False,False,False,False,False,False,False,False,False,False
KOSPI,078930,(주)지에스,2024,2025,test,0,A,upper_investment_A_or_above,0.003892549212595,0.315,False,12,0,0,0.941677,0.315926,0.52677,0.898361,0.180583,-38.008061,7.080056,0.034135,0.095907,0.146217,0.383172,5.613288,0.102469,1,0,0,0,False,False,False,False,False,False,False,False,False,False,False,False,False,False,False,False,False
KOSPI,079160,씨제이씨지브이(주),2023,2024,test,0,A-,upper_investment_A_or_above,0.0143872204915452,0.315,False,7,2,3,0.459661,0.184533,0.081786,11.227071,0.180886,-3.267547,0.33494,-0.079797,0.116514,0.06141,0.311728,1.22951,0.564471,1,0,0,1,False,False,False,False,False,False,False,False,False,False,False,False,False,False,False,False,False
KOSPI,079160,씨제이씨지브이(주),2024,2025,test,0,BBB+,near_investment_BBB_plus_to_BBB_minus,0.0038012574116928,0.315,False,6,2,3,0.457307,0.13559,0.144294,5.930301,0.176868,-5.966351,0.482049,-0.089622,0.097437,0.055776,0.269853,1.211065,0.79798,1,0,0,1,False,False,False,False,False,False,False,False,False,False,False,False,False,False,False,False,False
KOSPI,079550,엘아이지넥스원(주),2023,2024,test,0,AA-,upper_investment_A_or_above,0.0107190309997571,0.315,False,9,0,0,0.956701,0.168048,0.275793,2.62591,0.033436,-8.5669,19.287705,0.075788,0.202413,0.169098,3.662563,48.35784,0.845142,1,0,0,0,False,False,False,False,False,False,False,False,False,False,False,False,False,False,False,False,False
KOSPI,079980,(주)휴비스,2023,2024,test,0,BBB+,near_investment_BBB_plus_to_BBB_minus,0.3600017655984642,0.315,True,3,4,4,0.817625,0.05751,0.346722,1.884156,0.348378,-0.573259,-4.977631,-0.116405,-0.011365,-0.020618,-0.038663,-0.73264,0.511441,0,1,1,1,False,False,False,False,False,False,False,False,False,False,False,False,False,False,False,False,False
KOSPI,079980,(주)휴비스,2024,2025,test,0,BBB+,near_investment_BBB_plus_to_BBB_minus,0.5510681520733438,0.315,True,3,4,6,0.718481,0.034165,0.307017,2.257154,0.341101,-0.362224,-2.111176,-0.141143,-0.021363,-0.037838,-0.076872,-1.107557,0.601536,0,1,1,1,False,False,False,False,False,False,False,False,False,False,False,False,False,False,False,False,False
KOSPI,082740,한화엔진(주),2024,2025,test,0,BBB-,near_investment_BBB_plus_to_BBB_minus,0.0398136115020808,0.315,False,4,0,0,,,,,,,1000000.0,,,,,1000000.0,,0,0,0,0,False,False,False,False,False,False,False,False,False,False,False,False,False,False,False,False,False
KOSPI,084690,대상홀딩스(주),2023,2024,test,0,AA-,upper_investment_A_or_above,0.0077015309787938,0.315,False,11,0,0,1.605485,0.605908,0.380651,1.627076,0.358858,-41.647002,1.690535,0.012457,0.0613,0.125147,0.21599,4.755306,0.326139,1,0,0,0,False,False,False,False,False,False,False,False,False,False,False,False,False,False,False,False,False
KOSPI,084690,대상홀딩스(주),2024,2025,test,0,AA-,upper_investment_A_or_above,0.0174347048616648,0.315,False,11,0,0,1.476797,0.505151,0.37817,1.644315,0.345067,-44.007891,2.367555,0.014919,0.033269,0.064876,0.116909,2.293218,0.337593,1,0,0,0,False,False,False,False,False,False,False,False,False,False,False,False,False,False,False,False,False
KOSPI,086280,현대글로비스(주),2023,2024,test,0,AA,upper_investment_A_or_above,0.0018027079791137,0.315,False,13,0,0,1.963368,0.512907,0.528619,0.891722,0.12948,-414.142593,9.159462,0.041665,0.087305,0.323041,1.176056,13.215882,0.549235,1,0,0,0,False,False,False,False,False,False,False,False,False,False,False,False,False,False,False,False,False
KOSPI,086280,현대글로비스(주),2024,2025,test,0,AA,upper_investment_A_or_above,0.0013199729666592,0.315,False,13,0,0,1.856931,0.618742,0.522837,0.91264,0.104001,-233.91638,9.265396,0.038704,0.074713,0.263988,1.211191,11.218726,0.604083,1,0,0,0,False,False,False,False,False,False,False,False,False,False,False,False,False,False,False,False,False
KOSPI,089860,롯데렌탈(주),2023,2024,test,0,A+,upper_investment_A_or_above,0.0009280360350624,0.315,False,10,1,2,0.451356,0.224048,0.203224,3.920678,0.401408,-6.453616,2.168979,0.041858,0.181055,0.093094,0.184787,3.541495,0.058676,1,0,0,0,False,False,False,False,False,False,False,False,False,False,False,False,False,False,False,False,False
KOSPI,089860,롯데렌탈(주),2024,2025,test,0,A+,upper_investment_A_or_above,0.0009872745626387,0.315,False,9,1,2,0.299288,0.14591,0.2096,3.770997,0.298626,-7.017595,1.767997,0.036782,0.116573,0.058779,0.155575,2.020685,0.055242,1,0,0,0,False,False,False,False,False,False,False,False,False,False,False,False,False,False,False,False,False
KOSPI,092200,(주)디아이씨,2024,2025,test,1,BB,near_speculative_BB_plus_to_BB_minus,0.489393070269052,0.315,True,9,1,2,0.663823,0.082632,0.244196,3.095073,0.398638,-7.98009,1.070393,0.023019,0.013067,0.017388,0.032967,0.460732,0.789701,0,0,0,0,False,False,False,False,False,False,False,False,False,False,False,False,False,False,False,False,False
KOSPI,093050,(주)엘에프,2023,2024,test,0,AA-,upper_investment_A_or_above,0.0124688778094499,0.315,False,13,0,0,1.360975,0.205954,0.621836,0.60814,0.121268,-10.720587,3.76137,0.042117,0.048701,0.088829,0.277006,6.068018,0.695731,1,0,0,0,False,False,False,False,False,False,False,False,False,False,False,False,False,False,False,False,False
KOSPI,093370,(주)후성,2023,2024,test,1,BB+,near_speculative_BB_plus_to_BB_minus,0.3731291439581471,0.315,True,5,2,3,0.762055,0.082908,0.388421,1.574526,0.284209,-6.026226,-2.503428,-0.161302,-0.011164,-0.011192,-0.024083,-0.31715,0.30488,1,0,0,1,False,False,False,False,False,False,False,False,False,False,False,False,False,False,False,False,False
KOSPI,094280,효성아이티엑스(주),2023,2024,test,0,A+,upper_investment_A_or_above,0.0067573093639799,0.315,False,8,0,1,0.99184,0.046383,0.398299,1.510679,0.0,-10.299324,13.621788,0.02894,0.080549,0.38256,,28.803701,,1,0,0,0,False,False,False,False,False,False,False,False,False,False,False,False,False,False,False,False,False
KOSPI,095570,에이제이네트웍스(주),2023,2024,test,0,BBB+,near_investment_BBB_plus_to_BBB_minus,0.0038254281227308,0.315,False,9,0,1,0.449089,0.18082,0.2587,2.865484,0.385818,-7.962649,1.279938,0.01644,-0.018106,-0.015086,-0.028987,-0.296225,0.198722,1,0,0,0,False,False,False,False,False,False,False,False,False,False,False,False,False,False,False,False,False
KOSPI,095570,에이제이네트웍스(주),2024,2025,test,0,,missing_rating,0.0028740635818217,0.315,False,10,0,1,0.532555,0.166241,0.258313,2.871266,0.389359,-8.47675,1.049157,0.021299,0.032916,0.026202,0.049912,0.481155,0.108697,1,0,0,0,False,False,False,False,False,False,False,False,False,False,False,False,False,False,False,False,False
KOSPI,096760,제이더블유홀딩스(주),2024,2025,test,0,BBB,near_investment_BBB_plus_to_BBB_minus,0.0045975884551354,0.315,False,11,0,0,0.906472,0.094672,0.416913,1.398582,0.245406,-13.106064,4.555277,0.13832,0.110275,0.134244,0.318964,3.043397,0.508972,1,0,0,0,False,False,False,False,False,False,False,False,False,False,False,False,False,False,False,False,False
KOSPI,096770,에스케이이노베이션(주),2023,2024,test,0,AA,upper_investment_A_or_above,0.0160289119967301,0.315,False,10,0,0,1.13199,0.444721,0.371371,1.692725,0.321096,-57.91814,1.664297,0.00718,0.069453,0.105635,0.206808,4.692389,0.31534,1,0,0,0,False,False,False,False,False,False,False,False,False,False,False,False,False,False,False,False,False
KOSPI,096770,에스케이이노베이션(주),2024,2025,test,0,BB+,near_speculative_BB_plus_to_BB_minus,0.0151361156217781,0.315,False,7,1,1,0.962701,0.420539,0.358716,1.787721,0.354069,-49.442885,0.207583,-0.031753,0.02988,0.031497,0.057046,1.468939,0.307937,1,0,0,1,False,False,False,False,False,False,False,False,False,False,False,False,False,False,False,False,False
KOSPI,097950,씨제이제일제당(주),2023,2024,test,0,AA,upper_investment_A_or_above,0.0055660815786939,0.315,False,10,0,0,1.002575,0.193981,0.397887,1.513279,0.249712,-142.819024,2.505714,0.019276,0.084234,0.137143,0.330684,4.742917,0.334346,1,0,0,0,False,False,False,False,False,False,False,False,False,False,False,False,False,False,False,False,False
KOSPI,097950,씨제이제일제당(주),2024,2025,test,0,AA,upper_investment_A_or_above,0.0128412077865854,0.315,False,11,0,0,0.920026,0.1233,0.406063,1.462675,0.240237,-148.469789,2.805852,0.012324,0.076816,0.125941,0.311364,4.074589,0.426734,1,0,0,0,False,False,False,False,False,False,False,False,False,False,False,False,False,False,False,False,False
KOSPI,100090,에스케이오션플랜트(주),2023,2024,test,0,BBB+,near_investment_BBB_plus_to_BBB_minus,0.0547319016300513,0.315,False,10,0,0,1.098366,0.06516,0.48805,1.048971,0.095985,-22.611293,3.483099,0.062159,-0.149274,-0.188528,-1.005544,-6.367034,0.760868,0,0,0,0,False,False,False,False,False,False,False,False,False,False,False,False,False,False,False,False,False
KOSPI,101530,해태제과식품(주),2023,2024,test,0,A,upper_investment_A_or_above,0.0435096647896419,0.315,False,9,0,2,0.532692,0.044868,0.391693,1.553018,0.280368,-17.429123,3.778934,0.034733,0.093341,0.139979,0.303708,4.820406,0.412896,1,0,0,0,False,False,False,False,False,False,False,False,False,False,False,False,False,False,False,False,False
KOSPI,101530,해태제과식품(주),2024,2025,test,0,A,upper_investment_A_or_above,0.018192416248148,0.315,False,11,0,1,0.510741,0.06148,0.416616,1.40029,0.197346,-19.027047,4.356636,0.050604,0.127703,0.196806,0.581785,7.133535,0.42075,1,0,0,0,False,False,False,False,False,False,False,False,False,False,False,False,False,False,False,False,False
KOSPI,103140,(주)풍산,2023,2024,test,0,A+,upper_investment_A_or_above,0.007563093657913,0.315,False,13,0,0,1.656149,0.301645,0.537054,0.862011,0.151704,-13.030367,5.83357,0.037923,0.168761,0.410807,1.253638,17.762854,0.590525,0,0,0,0,False,False,False,False,False,False,False,False,False,False,False,False,False,False,False,False,False
KOSPI,103140,(주)풍산,2024,2025,test,0,A+,upper_investment_A_or_above,0.0255374081433054,0.315,False,13,0,0,1.885672,0.254096,0.536863,0.862674,0.154484,-14.69569,8.646613,0.051828,0.008761,0.021032,0.063053,1.065662,0.620728,0,0,0,0,False,False,False,False,False,False,False,False,False,False,False,False,False,False,False,False,False
KOSPI,104700,한국철강(주),2023,2024,test,0,A-,upper_investment_A_or_above,0.1683546951407001,0.315,False,4,0,0,,,,,,,1000000.0,,,,,1000000.0,,0,0,0,0,False,False,False,False,False,False,False,False,False,False,False,False,False,False,False,False,False
KOSPI,105630,한세실업(주),2023,2024,test,0,BBB+,near_investment_BBB_plus_to_BBB_minus,0.0039061421093001,0.315,False,11,0,0,1.356866,0.143734,0.520263,0.922104,0.328138,-31.184718,6.270503,0.065565,0.111198,0.320122,0.468017,7.082506,0.892703,1,0,0,0,False,False,False,False,False,False,False,False,False,False,False,False,False,False,False,False,False
KOSPI,105630,한세실업(주),2024,2025,test,0,BBB+,near_investment_BBB_plus_to_BBB_minus,0.0051541038003056,0.315,False,11,0,0,1.212225,0.121185,0.498176,1.007322,0.345699,-34.483288,4.868955,0.032474,0.031311,0.078743,0.114305,1.927429,0.854222,1,0,0,0,False,False,False,False,False,False,False,False,False,False,False,False,False,False,False,False,False
KOSPI,105840,(주)우진,2023,2024,test,0,BBB+,near_investment_BBB_plus_to_BBB_minus,0.0050253050800164,0.315,False,13,0,0,3.622749,0.988885,0.820984,0.218051,0.003654,-18.414197,40.072132,0.108048,0.13614,0.40844,20.012674,45.822826,0.0,0,0,0,0,False,False,False,False,False,False,False,False,False,False,False,False,False,False,False,False,False
KOSPI,108670,(주)엘엑스하우시스,2023,2024,test,0,A+,upper_investment_A_or_above,0.0052046944717063,0.315,False,10,0,0,1.061134,0.231111,0.349289,1.862957,0.267001,-15.65964,2.453081,0.017524,0.105321,0.239295,0.583187,8.294579,0.380488,1,0,0,0,False,False,False,False,False,False,False,False,False,False,False,False,False,False,False,False,False
KOSPI,108670,(주)엘엑스하우시스,2024,2025,test,0,A+,upper_investment_A_or_above,0.0081689468781735,0.315,False,10,0,0,1.110783,0.174315,0.369484,1.706477,0.229673,-16.3975,2.449177,0.012405,0.05151,0.123951,0.34028,4.623596,0.31924,1,0,0,0,False,False,False,False,False,False,False,False,False,False,False,False,False,False,False,False,False
KOSPI,117580,대성에너지(주),2023,2024,test,0,A+,upper_investment_A_or_above,0.0157452843863047,0.315,False,8,1,2,0.75455,0.080542,0.397914,1.513109,0.051373,-10.621944,5.541456,0.014944,0.020163,0.041674,0.488414,5.476599,0.969399,1,0,0,0,False,False,False,False,False,False,False,False,False,False,False,False,False,False,False,False,False
KOSPI,117580,대성에너지(주),2024,2025,test,0,A+,upper_investment_A_or_above,0.0157953149433728,0.315,False,11,0,1,0.896278,0.048603,0.412441,1.424589,0.113541,-10.959375,4.572741,0.017346,0.045606,0.096865,0.501261,10.134986,0.331351,1,0,0,0,False,False,False,False,False,False,False,False,False,False,False,False,False,False,False,False,False
KOSPI,119650,케이씨코트렐(주),2024,2025,test,1,C,deep_speculative_B_plus_or_lower,0.9796034089431044,0.315,True,4,4,4,1.282472,0.130911,0.219439,3.557068,0.146724,-0.708713,-7.555059,-0.090891,-0.033083,-0.057799,-0.307485,-1.256502,0.51398,0,1,1,1,False,False,False,False,False,False,False,False,False,False,False,False,False,False,False,False,False
KOSPI,120110,코오롱인더스트리(주),2023,2024,test,0,A,upper_investment_A_or_above,0.006429375221895,0.315,False,11,0,0,0.946574,0.072,0.488055,1.048949,0.275674,-18.346002,1.454674,0.010033,0.079338,0.130665,0.242653,3.705684,0.677116,1,0,0,0,False,False,False,False,False,False,False,False,False,False,False,False,False,False,False,False,False
KOSPI,120110,코오롱인더스트리(주),2024,2025,test,0,A,upper_investment_A_or_above,0.0093372779958646,0.315,False,11,0,0,1.018975,0.107064,0.520554,0.92103,0.282457,-23.915031,1.476631,0.022843,0.060001,0.083621,0.141939,2.703371,0.562792,1,0,0,0,False,False,False,False,False,False,False,False,False,False,False,False,False,False,False,False,False
KOSPI,128940,한미약품(주),2024,2025,test,0,AA-,upper_investment_A_or_above,0.0036323584579025,0.315,False,11,0,0,1.093075,0.281619,0.613978,0.628723,0.225878,-37.740222,8.869623,0.093902,0.129379,0.248032,0.423883,7.938317,0.811896,1,0,0,0,False,False,False,False,False,False,False,False,False,False,False,False,False,False,False,False,False
KOSPI,136490,(주)선진,2023,2024,test,0,BBB+,near_investment_BBB_plus_to_BBB_minus,0.0096255011922321,0.315,False,8,1,1,0.856291,0.071518,0.352193,1.839355,0.438445,-36.267421,2.444325,0.005486,0.034968,0.081775,0.120824,1.670492,0.973132,1,0,0,0,False,False,False,False,False,False,False,False,False,False,False,False,False,False,False,False,False
KOSPI,138490,코오롱이앤피(주),2023,2024,test,0,BBB+,near_investment_BBB_plus_to_BBB_minus,0.0021751212243622,0.315,False,13,0,0,2.596838,0.406352,0.776221,0.288294,0.017335,-6.414545,23.782255,0.071976,0.102128,0.573581,7.404404,32.768586,0.3643,1,0,0,0,False,False,False,False,False,False,False,False,False,False,False,False,False,False,False,False,False
KOSPI,139480,(주)이마트,2023,2024,test,0,AA-,upper_investment_A_or_above,0.002723036081572,0.315,False,9,1,2,0.615759,0.17074,0.413655,1.417472,0.176534,-98.256139,-0.112373,-0.006361,0.038515,0.057886,0.192266,2.717748,0.19626,1,0,0,1,False,False,False,False,False,False,False,False,False,False,False,False,False,False,False,False,False
KOSPI,139480,(주)이마트,2024,2025,test,0,AA-,upper_investment_A_or_above,0.0047713229355913,0.315,False,7,1,1,0.965292,0.164294,0.38856,1.573608,0.195035,-93.591491,0.095393,-0.019759,0.050302,0.070364,0.220594,2.956715,0.145285,1,0,0,1,False,False,False,False,False,False,False,False,False,False,False,False,False,False,False,False,False
KOSPI,139990,아주스틸(주),2023,2024,test,1,BB+,near_speculative_BB_plus_to_BB_minus,0.4338795651032554,0.315,True,6,2,4,0.762281,0.041248,0.176634,4.661424,0.454471,-12.293616,-0.702857,-0.068527,0.027895,0.032553,0.058977,0.983997,0.40859,0,0,0,1,False,False,False,False,False,False,False,False,False,False,False,False,False,False,False,False,False
KOSPI,139990,아주스틸(주),2024,2025,test,1,B-,deep_speculative_B_plus_or_lower,0.6435437199483528,0.315,True,5,4,6,0.538321,0.035277,0.123279,7.111704,0.442639,-7.938801,-1.200596,-0.122075,0.037033,0.043922,0.086995,1.048283,0.476431,0,1,0,1,False,False,False,False,False,False,False,False,False,False,False,False,False,False,False,False,False
KOSPI,143210,핸즈코퍼레이션(주),2024,2025,test,1,B-,deep_speculative_B_plus_or_lower,0.7071327798239957,0.315,True,3,5,6,0.509781,0.062269,0.192006,4.208172,0.520436,-14.536893,-1.445677,-0.159761,0.029934,0.031998,0.049677,0.711742,0.988811,0,1,0,1,False,False,False,False,False,False,False,False,False,False,False,False,False,False,False,False,False
KOSPI,145990,(주)삼양사,2023,2024,test,0,AA-,upper_investment_A_or_above,0.0074876185670456,0.315,False,13,0,0,1.466333,0.212156,0.534195,0.871977,0.224912,-31.051135,3.380599,0.046011,0.099302,0.176363,0.365257,7.862987,0.280399,1,0,0,0,False,False,False,False,False,False,False,False,False,False,False,False,False,False,False,False,False
KOSPI,145990,(주)삼양사,2024,2025,test,0,AA-,upper_investment_A_or_above,0.0083514640990487,0.315,False,13,0,0,1.713657,0.267489,0.586664,0.704553,0.207213,-35.461418,4.121821,0.051067,0.095016,0.185001,0.369027,7.836776,0.276528,1,0,0,0,False,False,False,False,False,False,False,False,False,False,False,False,False,False,False,False,False
KOSPI,161390,한국타이어앤테크놀로지(주),2023,2024,test,0,AA,upper_investment_A_or_above,0.0021547693706112,0.315,False,13,0,0,2.962775,0.982272,0.754472,0.325431,0.048022,-154.472012,18.870763,0.081524,0.220722,0.629652,3.219334,28.039762,0.544895,1,0,0,0,False,False,False,False,False,False,False,False,False,False,False,False,False,False,False,False,False
KOSPI,161390,한국타이어앤테크놀로지(주),2024,2025,test,0,AA,upper_investment_A_or_above,0.0013772608593433,0.315,False,12,0,0,1.973027,0.510509,0.706311,0.415806,0.070942,-179.744242,39.720104,0.120177,0.200395,0.405189,1.677427,42.511619,0.869265,1,0,0,0,False,False,False,False,False,False,False,False,False,False,False,False,False,False,False,False,False
KOSPI,161890,한국콜마(주),2023,2024,test,0,A,upper_investment_A_or_above,0.002697475969625,0.315,False,11,0,1,0.699825,0.1333,0.471382,1.121423,0.198867,-122.996239,3.022183,0.011662,0.052068,0.070555,0.187546,2.491597,0.668381,1,0,0,0,False,False,False,False,False,False,False,False,False,False,False,False,False,False,False,False,False
KOSPI,161890,한국콜마(주),2024,2025,test,0,A,upper_investment_A_or_above,0.0014853172991058,0.315,False,11,0,1,0.706736,0.117129,0.481573,1.076527,0.284132,-126.576953,4.167326,0.05111,0.087837,0.132874,0.242441,4.630224,0.652211,1,0,0,0,False,False,False,False,False,False,False,False,False,False,False,False,False,False,False,False,False
KOSPI,163560,동일고무벨트(주),2023,2024,test,0,BBB-,near_investment_BBB_plus_to_BBB_minus,0.1742298309433773,0.315,False,12,1,1,1.721909,0.456303,0.598057,0.672083,0.227775,-31.186698,2.575356,0.02343,0.117292,0.279124,0.492556,7.894731,0.968309,1,0,0,0,False,False,False,False,False,False,False,False,False,False,False,False,False,False,False,False,False
KOSPI,170900,동아에스티(주),2023,2024,test,0,A+,upper_investment_A_or_above,0.0023089538380215,0.315,False,11,1,1,1.403686,0.548669,0.540412,0.85044,0.141571,-14.863277,0.878571,0.003044,0.005082,0.005806,0.018849,0.265183,0.095046,1,0,0,1,False,False,False,False,False,False,False,False,False,False,False,False,False,False,False,False,False
KOSPI,170900,동아에스티(주),2024,2025,test,0,A+,upper_investment_A_or_above,0.0047755970120356,0.315,False,9,1,1,2.377366,0.745106,0.509298,0.963487,0.297211,-14.45426,-1.177392,-0.033294,-0.016888,-0.017258,-0.028493,-0.555019,0.051543,1,0,0,1,False,False,False,False,False,False,False,False,False,False,False,False,False,False,False,False,False
KOSPI,180640,(주)한진칼,2023,2024,test,0,BBB+,near_investment_BBB_plus_to_BBB_minus,0.0018623885194827,0.315,False,9,1,2,0.603812,0.074357,0.754012,0.326239,0.075035,-15.962354,0.586466,1.408383,0.491311,0.1455,0.476999,1.854375,0.137324,1,0,0,1,False,False,False,False,False,False,False,False,False,False,False,False,False,False,False,False,False
KOSPI,180640,(주)한진칼,2024,2025,test,0,BBB+,near_investment_BBB_plus_to_BBB_minus,0.0059958421896936,0.315,False,10,1,1,0.80245,0.61951,0.787506,0.269832,0.027097,-18.692172,0.695291,1.753084,0.219265,0.071656,0.561929,0.905423,0.0,1,0,0,1,False,False,False,False,False,False,False,False,False,False,False,False,False,False,False,False,False
KOSPI,185750,(주)종근당,2023,2024,test,0,AA-,upper_investment_A_or_above,0.0030456136609718,0.315,False,13,0,0,1.850704,0.429445,0.581588,0.719431,0.08625,-24.95815,26.599084,0.127951,0.190583,0.542201,2.630309,34.31787,0.751982,1,0,0,0,False,False,False,False,False,False,False,False,False,False,False,False,False,False,False,False,False
KOSPI,185750,(주)종근당,2024,2025,test,0,AA-,upper_investment_A_or_above,0.0005972506192719,0.315,False,13,0,0,2.610582,0.619901,0.614477,0.627399,0.123782,-26.215709,11.955983,0.070247,0.040524,0.114315,0.356036,7.728002,0.357845,1,0,0,0,False,False,False,False,False,False,False,False,False,False,False,False,False,False,False,False,False
KOSPI,192080,(주)더블유게임즈,2023,2024,test,0,A,upper_investment_A_or_above,0.0051703293971118,0.315,False,12,0,0,9.333502,4.782498,0.929278,0.076104,0.0,-129.259341,92.830307,0.331244,0.164646,1.052741,,41.729001,,1,0,0,0,False,False,False,False,False,False,False,False,False,False,False,False,False,False,False,False,False
KOSPI,192820,코스맥스(주),2024,2025,test,0,BBB+,near_investment_BBB_plus_to_BBB_minus,0.0422748550445607,0.315,False,10,0,0,0.845933,0.23014,0.263126,2.800459,0.337206,-88.662106,3.867652,0.040819,0.033686,0.051208,0.111901,1.608982,0.712224,1,0,0,0,False,False,False,False,False,False,False,False,False,False,False,False,False,False,False,False,False
KOSPI,194370,(주)제이에스코퍼레이션,2023,2024,test,0,BBB-,near_investment_BBB_plus_to_BBB_minus,0.0659469373258282,0.315,False,11,0,0,1.774977,0.411113,0.383822,1.605374,0.456122,-218.571479,6.076147,0.051377,0.11099,0.203709,0.275192,6.923199,0.46258,1,0,0,0,False,False,False,False,False,False,False,False,False,False,False,False,False,False,False,False,False
KOSPI,194370,(주)제이에스코퍼레이션,2024,2025,test,0,BBB-,near_investment_BBB_plus_to_BBB_minus,0.1337557648007732,0.315,False,10,0,0,1.110253,0.203275,0.277194,2.607584,0.468947,-369.922003,3.138621,0.091453,0.032274,0.027258,0.042015,0.933538,0.256637,1,0,0,0,False,False,False,False,False,False,False,False,False,False,False,False,False,False,False,False,False
KOSPI,200880,(주)서연이화,2024,2025,test,0,A-,upper_investment_A_or_above,0.0359324731559317,0.315,False,9,0,0,0.852469,0.143361,0.393217,1.543124,0.221772,-84.946598,4.913108,0.038183,0.065992,0.148805,0.40714,8.486612,0.596682,1,0,0,0,False,False,False,False,False,False,False,False,False,False,False,False,False,False,False,False,False
KOSPI,204320,에이치엘만도(주),2023,2024,test,0,AA-,upper_investment_A_or_above,0.0063244192817779,0.315,False,11,0,0,1.238777,0.233289,0.374784,1.668203,0.193197,-49.176739,2.91733,0.01842,0.05116,0.109244,0.35353,4.485381,0.142092,1,0,0,0,False,False,False,False,False,False,False,False,False,False,False,False,False,False,False,False,False
KOSPI,204320,에이치엘만도(주),2024,2025,test,0,AA-,upper_investment_A_or_above,0.0044244446997856,0.315,False,11,0,0,1.267666,0.184634,0.379004,1.638492,0.199928,-55.919052,3.181724,0.017885,0.049124,0.099253,0.30829,3.854834,0.164983,1,0,0,0,False,False,False,False,False,False,False,False,False,False,False,False,False,False,False,False,False
KOSPI,207940,삼성바이오로직스(주),2024,2025,test,0,AA,upper_investment_A_or_above,0.0008445491043358,0.315,False,12,0,0,1.432091,0.101532,0.629008,0.589804,0.070488,-60.284604,26.370827,0.238232,0.364886,0.257984,1.357819,33.147121,0.169394,0,0,0,0,False,False,False,False,False,False,False,False,False,False,False,False,False,False,False,False,False
KOSPI,210980,에스케이디앤디(주),2024,2025,test,0,BBB,near_investment_BBB_plus_to_BBB_minus,0.0110504115057258,0.315,False,10,0,0,1.45914,0.073781,0.389838,1.565168,0.205386,-29.618194,1.240801,0.050748,0.275282,0.268705,0.79827,5.542482,0.116542,1,0,0,0,False,False,False,False,False,False,False,False,False,False,False,False,False,False,False,False,False
KOSPI,213500,한솔제지(주),2023,2024,test,0,A,upper_investment_A_or_above,0.0226285089026713,0.315,False,9,0,0,0.982536,0.10035,0.349064,1.864806,0.274345,-5.084211,1.02545,0.000803,0.108685,0.176602,0.419021,5.176065,0.296,1,0,0,0,False,False,False,False,False,False,False,False,False,False,False,False,False,False,False,False,False
KOSPI,213500,한솔제지(주),2024,2025,test,0,A,upper_investment_A_or_above,0.0233815549666034,0.315,False,6,1,1,0.950307,0.055679,0.340772,1.934513,0.326641,-4.77488,0.47743,-0.013718,0.013244,0.022072,0.044547,0.637116,0.430764,1,0,0,1,False,False,False,False,False,False,False,False,False,False,False,False,False,False,False,False,False
KOSPI,214320,(주)이노션,2023,2024,test,0,AAA,upper_investment_A_or_above,0.0011126083708527,0.315,False,10,0,0,1.425787,0.376166,0.366169,1.730981,0.001538,-45.873438,26.722987,0.055768,0.039776,0.051301,21.136739,14.829047,0.888656,1,0,0,0,False,False,False,False,False,False,False,False,False,False,False,False,False,False,False,False,False
KOSPI,214330,(주)금호에이치티,2023,2024,test,1,BB,near_speculative_BB_plus_to_BB_minus,0.4377987576380167,0.315,True,10,0,0,1.883939,0.305559,0.686153,0.457401,0.088656,-2.013475,2.273299,-0.055529,-0.016528,-0.04343,-0.153745,-1.270541,0.869187,0,0,0,0,False,True,True,True,True,True,True,False,False,False,False,False,False,False,False,False,True
KOSPI,227840,현대코퍼레이션홀딩스(주),2024,2025,test,0,A-,upper_investment_A_or_above,0.0152032324944686,0.315,False,12,1,1,1.926579,0.906248,0.809434,0.23543,0.003858,-5.690285,13.909089,0.196208,0.087877,0.264347,13.056772,13.510742,1.0,1,0,0,0,False,False,False,False,False,False,False,False,False,False,False,False,False,False,False,False,False
KOSPI,234080,제이더블유생명과학(주),2024,2025,test,0,,missing_rating,0.0429347988343441,0.315,False,12,0,0,1.317847,0.093684,0.61614,0.623009,0.183199,-4.063477,17.401756,0.197716,0.227842,0.405912,0.850514,24.599578,0.464773,1,0,0,0,False,False,False,False,False,False,False,False,False,False,False,False,False,False,False,False,False
KOSPI,241560,두산밥캣(주),2024,2025,test,0,AA-,upper_investment_A_or_above,0.0009935505845565,0.315,False,13,0,0,1.818919,0.752725,0.574082,0.741911,0.147085,-107.830031,8.133356,0.065881,0.09165,0.153217,0.443675,7.314981,0.070977,1,0,0,0,False,False,False,False,False,False,False,False,False,False,False,False,False,False,False,False,False
KOSPI,244920,(주)에이플러스에셋어드바이저,2023,2024,test,0,BBB,near_investment_BBB_plus_to_BBB_minus,0.1045042154676205,0.315,False,10,1,1,2.031524,0.075897,0.508336,0.967202,0.061686,-15.767352,3.766153,0.03293,-0.009022,-0.017452,-0.139101,-1.575405,1.0,0,0,0,0,False,False,False,False,False,False,False,False,False,False,False,False,False,False,False,False,False
KOSPI,251270,넷마블(주),2023,2024,test,0,A+,upper_investment_A_or_above,0.0024985580129757,0.315,False,6,4,5,0.475343,0.225834,0.641628,0.558534,0.212614,-589.906105,-0.466703,-0.121454,-0.039214,-0.034586,-0.058297,-0.668784,0.779184,1,1,1,1,False,False,False,False,False,False,False,False,False,False,False,False,False,False,False,False,False
KOSPI,251270,넷마블(주),2024,2025,test,0,A+,upper_investment_A_or_above,0.0009041780451887,0.315,False,12,0,0,0.826869,0.428607,0.669416,0.493839,0.183788,-635.839711,2.007179,0.001207,0.108007,0.106432,0.191442,2.678152,0.336018,1,0,0,0,False,False,False,False,False,False,False,False,False,False,False,False,False,False,False,False,False
KOSPI,267250,에이치디현대(주),2023,2024,test,0,A,upper_investment_A_or_above,0.0024587352032344,0.315,False,10,0,0,1.124454,0.15423,0.341731,1.926278,0.209137,-284.287449,2.228298,0.012813,0.064158,0.087928,0.276759,4.315919,0.158793,1,0,0,0,False,False,False,False,False,False,False,False,False,False,False,False,False,False,False,False,False
KOSPI,267250,에이치디현대(주),2024,2025,test,0,A,upper_investment_A_or_above,0.0046380940465884,0.315,False,10,0,0,1.100817,0.175271,0.357199,1.79956,0.151331,-323.00961,3.065178,0.028483,0.110845,0.158198,0.671968,7.718,0.088041,1,0,0,0,False,False,False,False,False,False,False,False,False,False,False,False,False,False,False,False,False
KOSPI,267260,에이치디현대일렉트릭(주),2023,2024,test,0,A-,upper_investment_A_or_above,0.0127993283344395,0.315,False,8,1,1,1.317561,0.1176,0.363221,1.753147,0.211253,-4.864712,8.032062,0.095995,-0.008302,-0.012109,-0.036499,-0.571761,0.554674,1,0,1,0,False,False,False,False,False,False,False,False,False,False,False,False,False,False,False,False,False
KOSPI,267260,에이치디현대일렉트릭(주),2024,2025,test,0,A+,upper_investment_A_or_above,0.0044037984728351,0.315,False,11,0,0,1.381126,0.284732,0.397181,1.517746,0.049359,-7.364144,22.606472,0.150017,0.311142,0.451796,5.517731,34.932496,0.10625,1,0,0,0,False,False,False,False,False,False,False,False,False,False,False,False,False,False,False,False,False
KOSPI,267270,에이치디건설기계(주),2023,2024,test,0,A,upper_investment_A_or_above,0.0019640326476424,0.315,False,13,0,0,2.168477,0.421697,0.537185,0.861557,0.212638,-16.979716,5.61438,0.033321,0.083183,0.208517,0.453845,6.944561,0.48971,1,0,0,0,False,False,False,False,False,False,False,False,False,False,False,False,False,False,False,False,False
KOSPI,267270,에이치디건설기계(주),2024,2025,test,0,A,upper_investment_A_or_above,0.0011954687094307,0.315,False,13,0,0,1.986613,0.248431,0.539559,0.853367,0.151619,-18.035616,4.426351,0.025004,0.075803,0.170248,0.517015,6.057977,0.350697,1,0,0,0,False,False,False,False,False,False,False,False,False,False,False,False,False,False,False,False,False
KOSPI,267850,아시아나아이디티(주),2023,2024,test,0,A+,upper_investment_A_or_above,0.0515620564385109,0.315,False,4,0,0,,,,,,,1000000.0,,,,,1000000.0,,0,0,0,0,False,False,False,False,False,False,False,False,False,False,False,False,False,False,False,False,False
KOSPI,272210,한화시스템(주),2023,2024,test,0,AA-,upper_investment_A_or_above,0.0026382326066584,0.315,False,12,0,0,0.9686,0.243971,0.480487,1.08122,0.040672,-1.280471,6.471983,0.139858,0.033983,0.035792,0.457179,5.809424,0.725791,1,0,0,0,False,False,False,False,False,False,False,False,False,False,False,False,False,False,False,False,False
KOSPI,272210,한화시스템(주),2024,2025,test,0,AA-,upper_investment_A_or_above,0.0021427358819395,0.315,False,11,0,0,0.85398,0.07465,0.422155,1.368801,0.048917,-1.558146,9.819096,0.158855,0.047303,0.040097,0.473656,5.936963,0.107143,1,0,0,0,False,False,False,False,False,False,False,False,False,False,False,False,False,False,False,False,False
KOSPI,272550,(주)삼양패키징,2023,2024,test,0,A-,upper_investment_A_or_above,0.005048901587795,0.315,False,11,0,1,0.777667,0.119898,0.583413,0.714053,0.101935,-3.744851,5.978931,0.06032,0.126746,0.199819,0.816618,9.8419,0.14052,1,0,0,0,False,False,False,False,False,False,False,False,False,False,False,False,False,False,False,False,False
KOSPI,272550,(주)삼양패키징,2024,2025,test,0,A-,upper_investment_A_or_above,0.01526164369062,0.315,False,13,0,0,1.696122,0.361411,0.56886,0.757903,0.259128,-3.808347,5.257618,0.045614,0.137641,0.214392,0.356707,9.606257,0.125273,1,0,0,0,False,False,False,False,False,False,False,False,False,False,False,False,False,False,False,False,False
KOSPI,280360,롯데웰푸드(주),2023,2024,test,0,AA,upper_investment_A_or_above,0.0013087852027432,0.315,False,13,0,0,1.597368,0.53551,0.510261,0.95978,0.224684,-453.209556,3.654283,0.016666,0.111404,0.220288,0.480158,9.351822,0.073562,1,0,0,0,False,False,False,False,False,False,False,False,False,False,False,False,False,False,False,False,False
KOSPI,280360,롯데웰푸드(주),2024,2025,test,0,AA,upper_investment_A_or_above,0.0005426693063339,0.315,False,13,0,0,1.352863,0.304955,0.512787,0.950127,0.191476,-470.962365,2.939053,0.020271,0.070612,0.135001,0.343512,5.342528,0.036804,1,0,0,0,False,False,False,False,False,False,False,False,False,False,False,False,False,False,False,False,False
KOSPI,281820,(주)케이씨텍,2023,2024,test,0,A,upper_investment_A_or_above,0.1474265837832263,0.315,False,4,0,0,,,,,,,1000000.0,,,,,1000000.0,,0,0,0,0,False,False,False,False,False,False,False,False,False,False,False,False,False,False,False,False,False
KOSPI,282330,(주)비지에프리테일,2023,2024,test,0,AA,upper_investment_A_or_above,0.002398886259892,0.315,False,9,1,1,0.821777,0.253751,0.333777,1.996016,0.003321,-61.164944,5.397551,0.023899,0.078963,0.301722,60.531436,13.794716,1.0,1,0,0,0,False,False,False,False,False,False,False,False,False,False,False,False,False,False,False,False,False
KOSPI,285130,에스케이케미칼(주),2023,2024,test,0,A+,upper_investment_A_or_above,0.0018556749981848,0.315,False,13,0,0,2.655259,0.477002,0.643404,0.554232,0.21674,-26.084514,2.599373,0.027355,0.083524,0.098493,0.162047,4.557799,0.292563,1,0,0,0,False,False,False,False,False,False,False,False,False,False,False,False,False,False,False,False,False
KOSPI,285130,에스케이케미칼(주),2024,2025,test,0,A+,upper_investment_A_or_above,0.002801806807267,0.315,False,9,1,1,2.426411,0.551543,0.565109,0.769571,0.280771,-29.700057,-1.090155,-0.002513,-0.051443,-0.038279,-0.059291,-2.156052,0.201137,1,0,0,1,False,False,False,False,False,False,False,False,False,False,False,False,False,False,False,False,False
KOSPI,294870,에이치디씨현대산업개발(주),2023,2024,test,0,A,upper_investment_A_or_above,0.005656810126205,0.315,False,13,0,0,1.58448,0.177353,0.42872,1.332523,0.233287,-8.12802,4.297257,0.041255,0.152755,0.159712,0.391107,14.084829,0.694463,1,0,0,0,False,False,False,False,False,False,False,False,False,False,False,False,False,False,False,False,False
KOSPI,298000,효성화학(주),2023,2024,test,0,BBB+,near_investment_BBB_plus_to_BBB_minus,0.3678817292420358,0.315,True,4,4,6,0.325596,0.024594,0.019862,49.346284,0.501513,-2.264067,-1.091154,-0.124269,0.027731,0.025351,0.049544,0.447321,0.440965,0,1,0,1,False,False,False,False,False,False,False,False,False,False,False,False,False,False,False,False,False
KOSPI,298000,효성화학(주),2024,2025,test,0,BBB,near_investment_BBB_plus_to_BBB_minus,0.1731300351913872,0.315,False,3,5,7,0.348422,0.012173,-0.02078,-49.123273,0.451165,4.58629,-0.958017,-0.114765,-0.029557,-0.025116,-0.056825,-0.471376,0.817301,0,1,0,1,False,False,False,False,False,False,False,False,False,False,False,False,False,False,False,False,False
KOSPI,298020,효성티앤씨(주),2024,2025,test,0,A+,upper_investment_A_or_above,0.0058019473195195,0.315,False,9,0,1,0.873663,0.042136,0.385239,1.595794,0.243928,-83.106806,4.253453,0.023641,0.084218,0.225493,0.5683,10.289057,0.663027,1,0,0,0,False,False,False,False,False,False,False,False,False,False,False,False,False,False,False,False,False
KOSPI,298040,효성중공업(주),2023,2024,test,0,A,upper_investment_A_or_above,0.0127491797033558,0.315,False,9,0,0,0.836366,0.098811,0.257106,2.889445,0.20824,-25.256702,2.789749,0.030676,0.105722,0.12854,0.458563,4.91937,0.598315,0,0,0,0,False,False,False,False,False,False,False,False,False,False,False,False,False,False,False,False,False
KOSPI,298040,효성중공업(주),2024,2025,test,0,A,upper_investment_A_or_above,0.0062687719730641,0.315,False,9,0,0,0.981779,0.080535,0.330548,2.025276,0.143948,-43.090469,4.067639,0.045542,0.084187,0.098985,0.460344,4.624375,0.370843,1,0,0,0,False,False,False,False,False,False,False,False,False,False,False,False,False,False,False,False,False
KOSPI,298050,에이치에스효성첨단소재(주),2023,2024,test,0,A,upper_investment_A_or_above,0.0174326226197767,0.315,False,9,1,3,0.680757,0.011614,0.247197,3.04536,0.498846,-32.486754,2.085594,0.014757,0.110202,0.15449,0.233139,4.269848,0.660807,1,0,0,0,False,False,False,False,False,False,False,False,False,False,False,False,False,False,False,False,False
KOSPI,298050,에이치에스효성첨단소재(주),2024,2025,test,0,A,upper_investment_A_or_above,0.0161262960272893,0.315,False,9,0,2,0.637343,0.009882,0.302908,2.301335,0.458787,-50.667541,2.436377,0.023611,0.099324,0.123482,0.187622,3.646832,0.681528,1,0,0,0,False,False,False,False,False,False,False,False,False,False,False,False,False,False,False,False,False
KOSPI,300720,한일시멘트(주),2023,2024,test,0,A,upper_investment_A_or_above,0.001952205646143,0.315,False,13,0,0,1.598429,0.365148,0.599464,0.668156,0.182945,-48.644248,10.452684,0.098756,0.136852,0.214385,0.46937,10.442057,0.127159,1,0,0,0,False,False,False,False,False,False,False,False,False,False,False,False,False,False,False,False,False
KOSPI,300720,한일시멘트(주),2024,2025,test,0,A+,upper_investment_A_or_above,0.0015391172710687,0.315,False,13,0,0,1.491167,0.390139,0.615333,0.625137,0.169471,-52.097864,9.881221,0.114267,0.14051,0.212891,0.483223,8.910241,0.183576,1,0,0,0,False,False,False,False,False,False,False,False,False,False,False,False,False,False,False,False,False
KOSPI,306200,(주)세아제강,2023,2024,test,0,A+,upper_investment_A_or_above,0.0563531874691498,0.315,False,4,0,0,,,,,,,1000000.0,,,,,1000000.0,,0,0,0,0,False,False,False,False,False,False,False,False,False,False,False,False,False,False,False,False,False
KOSPI,306200,(주)세아제강,2024,2025,test,0,A+,upper_investment_A_or_above,0.0089997026445042,0.315,False,13,0,0,1.79914,0.727831,0.610005,0.639331,0.195301,-77.451261,25.723716,0.075749,0.165736,0.421611,0.841912,38.018323,0.380231,1,0,0,0,False,False,False,False,False,False,False,False,False,False,False,False,False,False,False,False,False
KOSPI,307950,현대오토에버(주),2023,2024,test,0,AA-,upper_investment_A_or_above,0.0006238281971886,0.315,False,13,0,0,1.986753,0.522939,0.560071,0.785489,0.017587,-115.125549,29.897253,0.045779,0.068154,0.167014,4.177832,34.425676,0.0,1,0,0,0,False,False,False,False,False,False,False,False,False,False,False,False,False,False,False,False,False
KOSPI,308170,(주)씨티알모빌리티,2023,2024,test,1,B,deep_speculative_B_plus_or_lower,0.714220556661543,0.315,True,6,1,3,0.765631,0.022816,0.285488,2.502769,0.42622,-18.76866,0.066454,-0.038072,0.009568,0.019953,0.033449,0.538386,0.418948,0,0,0,1,False,False,False,False,False,False,False,False,False,False,False,False,False,False,False,False,False
KOSPI,317400,자이에스앤디(주),2023,2024,test,0,A-,upper_investment_A_or_above,0.0097651001790158,0.315,False,13,0,0,2.046723,0.585608,0.505705,0.977436,0.083078,-15.185177,8.183754,0.040005,0.160281,0.490709,2.919613,24.605086,0.306836,1,0,0,0,False,False,False,False,False,False,False,False,False,False,False,False,False,False,False,False,False
KOSPI,317400,자이에스앤디(주),2024,2025,test,0,A-,upper_investment_A_or_above,0.0512434940748098,0.315,False,10,1,1,1.990859,0.51324,0.510341,0.959473,0.102187,-12.586288,0.231947,0.00421,-0.056421,-0.139319,-0.66759,-8.691425,0.323142,1,0,0,1,False,False,False,False,False,False,False,False,False,False,False,False,False,False,False,False,False
KOSPI,329180,에이치디현대중공업(주),2023,2024,test,0,A,upper_investment_A_or_above,0.0089954280815605,0.315,False,9,0,0,0.884833,0.093317,0.303931,2.290219,0.117188,-10.732021,1.354462,0.002064,0.014112,0.014157,0.084089,1.280136,0.218158,0,0,0,0,False,False,False,False,False,False,False,False,False,False,False,False,False,False,False,False,False
KOSPI,329180,에이치디현대중공업(주),2024,2025,test,0,A+,upper_investment_A_or_above,0.0070778831216033,0.315,False,9,0,0,0.881903,0.106633,0.294181,2.399268,0.040206,-11.851748,4.711887,0.042903,0.199074,0.21071,3.698992,19.268404,0.035453,0,0,0,0,False,False,False,False,False,False,False,False,False,False,False,False,False,False,False,False,False
KOSPI,336260,두산퓨얼셀(주),2023,2024,test,0,BBB,near_investment_BBB_plus_to_BBB_minus,0.0913481305870667,0.315,False,4,0,0,,,,,,,1000000.0,,,,,1000000.0,,0,0,0,0,False,False,False,False,False,False,False,False,False,False,False,False,False,False,False,False,False
KOSPI,336260,두산퓨얼셀(주),2024,2025,test,0,BBB,near_investment_BBB_plus_to_BBB_minus,0.0907257580214063,0.315,False,10,1,1,1.805055,0.375899,0.422917,1.364531,0.261093,-59.956752,-0.08584,-0.025437,0.245409,0.148445,0.328102,5.016986,0.324675,0,0,0,1,False,False,False,False,False,False,False,False,False,False,False,False,False,False,False,False,False
KOSPI,344820,(주)케이씨씨글라스,2023,2024,test,0,AA-,upper_investment_A_or_above,0.0006763276176898,0.315,False,13,0,0,2.832212,0.717513,0.669168,0.494393,0.14281,-92.172645,7.440321,0.048639,0.103048,0.235332,0.545169,13.556154,0.024525,1,0,0,0,False,False,False,False,False,False,False,False,False,False,False,False,False,False,False,False,False
KOSPI,344820,(주)케이씨씨글라스,2024,2025,test,0,AA-,upper_investment_A_or_above,0.0015014619428653,0.315,False,13,0,0,1.879783,0.486564,0.596938,0.675217,0.141101,-92.230649,5.06251,0.019415,0.106992,0.202554,0.578607,18.029281,0.019404,1,0,0,0,False,False,False,False,False,False,False,False,False,False,False,False,False,False,False,False,False
KOSPI,352820,(주)하이브,2024,2025,test,0,A+,upper_investment_A_or_above,0.0024057055620853,0.315,False,12,0,0,2.151438,0.495877,0.641296,0.559343,0.135433,-167.720368,3.732149,-0.001521,0.067209,0.077134,0.204295,3.074194,0.0,1,0,0,0,False,False,False,False,False,False,False,False,False,False,False,False,False,False,False,False,False
KOSPI,361610,에스케이아이이테크놀로지(주),2023,2024,test,0,A,upper_investment_A_or_above,0.004948364325103,0.315,False,13,0,0,1.245734,0.749766,0.590541,0.693362,0.256187,-32.825277,1.630322,0.126481,0.192894,0.074932,0.119762,6.378061,0.1013,0,0,0,0,False,False,False,False,False,False,False,False,False,False,False,False,False,False,False,False,False
KOSPI,361610,에스케이아이이테크놀로지(주),2024,2025,test,0,A,upper_investment_A_or_above,0.0851388106310228,0.315,False,8,2,4,0.592618,0.297696,0.560116,0.785346,0.245335,-31.603584,-11.810376,-1.131966,-0.400429,-0.047787,-0.085682,-3.540725,0.126818,0,0,0,1,False,False,False,False,False,False,False,False,False,False,False,False,False,False,False,False,False
KOSPI,372910,(주)한컴라이프케어,2023,2024,test,0,A,upper_investment_A_or_above,0.1145391586896902,0.315,False,11,0,0,1.951309,0.306418,0.70428,0.419889,0.0,-22.185131,10.061873,0.007724,-0.075064,-0.157113,,-46.493629,,0,0,0,0,False,False,False,False,False,False,False,False,False,False,False,False,False,False,False,False,False
KOSPI,373220,(주)엘지에너지솔루션,2023,2024,test,0,AA,upper_investment_A_or_above,0.0020918226166226,0.315,False,13,0,0,1.573384,0.463445,0.536423,0.864202,0.202977,-207.32059,6.851054,0.048539,0.131697,0.210988,0.481873,14.074904,0.17093,0,0,0,0,False,False,False,False,False,False,False,False,False,False,False,False,False,False,False,False,False
KOSPI,373220,(주)엘지에너지솔루션,2024,2025,test,0,AA,upper_investment_A_or_above,0.0019785343738166,0.315,False,13,0,0,1.271464,0.323412,0.513484,0.947482,0.231762,-263.671308,1.019828,0.013217,0.199523,0.174221,0.365726,9.060085,0.092368,0,0,0,0,False,False,False,False,False,False,False,False,False,False,False,False,False,False,False,False,False
KOSPI,375500,디엘이앤씨(주),2023,2024,test,0,AA-,upper_investment_A_or_above,0.0023806591302674,0.315,False,13,0,0,1.542642,0.534624,0.510354,0.959423,0.083393,-21.222001,6.789083,0.025299,0.028949,0.050561,0.29687,4.749645,0.185825,1,0,0,0,False,False,False,False,False,False,False,False,False,False,False,False,False,False,False,False,False
KOSPI,375500,디엘이앤씨(주),2024,2025,test,0,AA-,upper_investment_A_or_above,0.0050859775669882,0.315,False,13,0,0,1.558045,0.483694,0.49892,1.00433,0.104366,-20.133296,5.012162,0.027556,0.022585,0.038603,0.18534,3.475368,0.157846,1,0,0,0,False,False,False,False,False,False,False,False,False,False,False,False,False,False,False,False,False
KOSPI,378850,(주)화승알앤에이,2023,2024,test,0,BBB-,near_investment_BBB_plus_to_BBB_minus,0.4878414573619524,0.315,True,9,0,2,0.746418,0.038035,0.2612,2.828482,0.316943,-10.847994,2.869618,0.035568,0.076263,0.163103,0.380196,4.686941,0.755062,1,0,0,0,True,True,True,True,True,True,False,False,False,False,False,False,False,False,False,False,True
KOSPI,378850,(주)화승알앤에이,2024,2025,test,0,BBB-,near_investment_BBB_plus_to_BBB_minus,0.5780096796454889,0.315,True,7,0,1,0.827388,0.020641,0.320251,2.122546,0.346309,-14.844881,3.123408,0.045852,-0.011092,-0.024558,-0.048203,-0.781541,0.80493,1,0,0,0,False,False,False,True,False,False,False,False,False,False,False,False,False,False,False,False,False
KOSPI,383800,(주)엘엑스홀딩스,2024,2025,test,0,AA-,upper_investment_A_or_above,0.005687728917374,0.315,False,12,0,0,19.495642,19.005188,0.981265,0.019092,0.0,-23.044041,3120.34,0.824035,0.18089,0.985822,,703.68,,1,0,0,0,False,False,False,False,False,False,False,False,False,False,False,False,False,False,False,False,False
KOSPI,402340,에스케이스퀘어(주),2024,2025,test,0,,missing_rating,0.0022678211832193,0.315,False,12,1,1,1.935605,0.979914,0.893452,0.119254,0.000726,-1383.421786,223.129912,0.594695,0.030945,0.081329,11.933283,10.832849,0.982975,1,0,0,0,False,False,False,False,False,False,False,False,False,False,False,False,False,False,False,False,False
KOSPI,450080,(주)에코프로머티리얼즈,2023,2024,test,0,BBB-,near_investment_BBB_plus_to_BBB_minus,0.0899310155519817,0.315,False,4,0,0,,,,,,,1000000.0,,,,,1000000.0,,0,0,0,0,False,False,False,False,False,False,False,False,False,False,False,False,False,False,False,False,False
KOSPI,452260,한화갤러리아(주),2024,2025,test,0,,missing_rating,0.004551962498736,0.315,False,8,1,2,0.60896,0.126192,0.425107,1.352349,0.07962,-7.157278,0.117701,-0.035003,0.11799,0.058524,0.422567,2.389114,0.692598,0,0,0,1,False,False,False,False,False,False,False,False,False,False,False,False,False,False,False,False,False
KOSPI,456040,오씨아이(주),2024,2025,test,0,A+,upper_investment_A_or_above,0.0035820577697844,0.315,False,13,0,0,1.977117,0.466688,0.543845,0.83876,0.226642,-26.738012,3.264497,0.040478,0.073979,0.157366,0.316726,4.84196,0.319091,1,0,0,0,False,False,False,False,False,False,False,False,False,False,False,False,False,False,False,False,False
KOSPI,475150,에스케이이터닉스(주),2024,2025,test,0,BBB,near_investment_BBB_plus_to_BBB_minus,0.0263696765251975,0.315,False,10,0,0,0.858486,0.224283,0.330702,2.023872,0.21186,-34.909638,2.028374,0.067382,0.201094,0.136391,0.43088,3.599679,0.058058,0,0,0,0,False,False,False,False,False,False,False,False,False,False,False,False,False,False,False,False,False
KOSPI,484870,(주)엠앤씨솔루션,2024,2025,test,0,BBB,near_investment_BBB_plus_to_BBB_minus,0.3740644066920322,0.315,True,4,0,0,,,,,,,1000000.0,,,,,1000000.0,,0,0,0,0,True,False,False,False,False,False,False,False,False,False,False,False,False,False,False,False,True
KOSPI,487570,(주)에이치에스효성,2024,2025,test,0,A,upper_investment_A_or_above,0.0565296257907912,0.315,False,11,1,1,1.209066,0.056203,0.483902,1.066534,0.191477,-28.702061,2.052114,0.002614,0.008808,0.013588,0.036625,0.952957,1.0,0,0,0,0,False,False,False,False,False,False,False,False,False,False,False,False,False,False,False,False,False
KOSPI,489790,한화비전(주),2024,2025,test,0,A+,upper_investment_A_or_above,0.0077682625094446,0.315,False,10,2,2,1.87932,0.290047,0.518322,0.929301,0.130959,-31.669957,-0.030686,0.006509,0.115235,0.074173,0.272815,14.493273,1.0,0,0,0,1,False,False,False,False,False,False,False,False,False,False,False,False,False,False,False,False,False
