threshold_type,threshold,selection_rule,valid_precision,valid_recall,valid_f1,test_precision,test_recall,test_f1,test_pr_auc,test_roc_auc
default_0_5,0.5,fixed default,0.6412037037037037,0.8123167155425219,0.7166882276843467,0.6233183856502242,0.8323353293413174,0.7128205128205128,0.7621085941357423,0.8997747080097231
tuned,0.5374640226364136,maximize precision subject to recall >= 0.80,0.6642335766423357,0.8005865102639296,0.726063829787234,0.6232558139534884,0.8023952095808383,0.7015706806282722,0.7621085941357423,0.8997747080097231
