market,stock_code,corp_name,fiscal_year,eval_year,firm_size_group,industry_macro_category,listed_year,current_ratio,cash_ratio,assets_total,equity_ratio,debt_ratio,total_borrowings_ratio,capital_impairment_ratio,net_margin,gross_profit,interest_coverage_ratio,pretax_roa,operating_roa,pretax_roe,ocf_to_total_liabilities,ocf_to_total_borrowings,ocf_to_sales,cashflow_coverage_ratio,accruals_ratio,depreciation,intangible_assets_ratio,total_debt_turnover,dividend_payer,market_to_book,spec_spread,short_term_borrowings_share,total_assets_growth,net_margin_diff,is_2y_consecutive_ocf_deficit,icr_under_1,is_2y_consecutive_operating_loss,market_KOSDAQ,market_KOSPI,firm_size_group_large,firm_size_group_mid_sized,firm_size_group_other,firm_size_group_small_and_medium,industry_macro_category_construction,industry_macro_category_it_services,industry_macro_category_manufacturing,industry_macro_category_other,industry_macro_category_transport_storage,industry_macro_category_wholesale_retail
KOSDAQ,000250,삼천당제약(주),2025,2026,mid_sized,manufacturing,2000,,,561231384.0,,,,,,109375936.0,,,,,,,,,,9085019.0,,,1,14.999900575705444,5.803,,0.37549354897003523,,0,0,0,1,0,0,1,0,0,0,0,1,0,0,0
KOSDAQ,000440,(주)중앙에너비스,2025,2026,small_and_medium,wholesale_retail,1993,,,54994658.0,,,,,,8864469.0,,,,,,,,,,1354950.0,,,1,1.876259684200635,5.803,,,,0,0,0,1,0,0,0,0,1,0,0,0,0,0,1
KOSDAQ,0007C0,(주)아크릴,2025,2026,other,it_services,2025,,,50936357.0,,,,,,13312020.0,,,,,,,,,,1090230.0,,,0,6.819231122479092,5.803,,,,0,0,0,1,0,0,0,1,0,0,1,0,0,0,0
KOSDAQ,0008Z0,에스엔시스(주),2025,2026,other,manufacturing,2025,,,232525687.0,,,,,,38509670.0,,,,,,,,,,955796.0,,,1,1.6285769349656274,5.803,,,,0,0,0,1,0,0,0,1,0,0,0,1,0,0,0
KOSDAQ,0009K0,(주)에임드바이오,2025,2026,other,it_services,2025,,,198968699.0,,,,,,47278353.0,,,,,,,,,,1087691.0,,,0,19.18968393065717,5.803,,,,0,0,0,1,0,0,0,1,0,0,1,0,0,0,0
KOSDAQ,001000,신라섬유(주),2025,2026,small_and_medium,other,1994,0.04387120050888539,0.02513034856278198,30736244.622,0.47090675676234206,1.123562649377489,,-4.961850035052975,0.019975654244037522,1101951.929,0.7690508787956571,0.0023335284736985197,0.01587103551521181,0.004955393908005037,0.04425009793634025,,0.20041690882766186,1.1344784768895122,-0.021078899357023735,0.0,5.263528514612431e-05,0.22079024267553607,0,,5.803,,,,0,1,0,1,0,0,0,0,1,0,0,0,1,0,0
KOSDAQ,0010V0,제이피아이헬스케어(주),2025,2026,other,manufacturing,2025,,,82378185.0,,,,,,20321361.0,,,,,,,,,,1427954.0,,,1,1.1579166090342916,5.803,,,,0,0,0,1,0,0,0,1,0,0,0,1,0,0,0
KOSDAQ,0013V0,삼진식품(주),2025,2026,other,manufacturing,2025,,,83070754.0,,,,,,45954576.0,,,,,,,,,,4226343.0,,,0,3.3080528008064283,5.803,,,,0,0,0,1,0,0,0,1,0,0,0,1,0,0,0
KOSDAQ,001540,안국약품(주),2025,2026,mid_sized,manufacturing,2000,,,310952617.0,,,,,,200302298.0,,,,,,,,,,8207005.0,,,1,0.6635349741136031,5.803,,0.4137040034792056,,0,0,0,1,0,0,1,0,0,0,0,1,0,0,0
KOSDAQ,0015G0,(주)그린광학,2025,2026,other,manufacturing,2025,,,99906203.0,,,,,,11067217.0,,,,,,,,,,4567106.0,,,0,2.739875861208301,5.803,,,,0,0,0,1,0,0,0,1,0,0,0,1,0,0,0
KOSDAQ,0015N0,(주)아로마티카,2025,2026,other,manufacturing,2025,,,0.0,,,,,,0.0,,,,,,,,,,0.0,,,0,,5.803,,,,0,0,0,1,0,0,0,1,0,0,0,1,0,0,0
KOSDAQ,0015S0,(주)페스카로,2025,2026,other,it_services,2025,,,65755978.0,,,,,,16627917.0,,,,,,,,,,413757.0,,,0,2.382678638318225,5.803,,,,0,0,0,1,0,0,0,1,0,0,1,0,0,0,0
KOSDAQ,001810,무림에스피(주),2025,2026,mid_sized,manufacturing,2000,,,343812153.0,,,,,,18456997.0,,,,,,,,,,2116488.0,,,1,0.1649824797560608,5.803,,,,0,0,0,1,0,0,1,0,0,0,0,1,0,0,0
KOSDAQ,001840,이화공영(주),2025,2026,mid_sized,construction,1994,0.8856155442225815,0.02461098029467289,50469237.978,0.17723363374139192,4.6422699173405,,0.1971825029811114,0.018467792748864113,10575946.116,9.166886485583198,0.04283036137661258,0.06519336179464913,0.24166045954408363,-0.21100947773721454,,-0.07606549897007224,-24.41164070520176,0.21576229585132176,0.0,0.0011563402052045938,2.774049741266216,0,,5.803,,-0.4674565779947019,0.015529264594341816,1,0,0,1,0,0,1,0,0,1,0,0,0,0,0
KOSDAQ,002230,피에스텍(주),2025,2026,small_and_medium,manufacturing,1991,,,174884643.0,,,,,,16832163.0,,,,,,,,,,1639927.0,,,1,1.3882145611184271,5.803,,,,0,0,0,1,0,0,0,0,1,0,0,1,0,0,0
KOSDAQ,002290,(주)삼일기업공사,2025,2026,small_and_medium,construction,1992,3.563950694045408,0.7724005276270698,97803648.974,0.7492681434153952,0.33463568254976345,,-10.819541691290322,0.08028504222527301,12335123.907,32758.38516644663,0.08677656410607124,0.07560205841569012,0.11581509886502969,0.645251807631163,,0.18576799978266265,70101.54845869626,-0.09186501272962208,252351.426,0.00473793721257973,3.4734281920786607,0,,5.803,,0.27187277487873074,0.03146543189062752,0,0,0,1,0,0,0,0,1,1,0,0,0,0,0
KOSDAQ,002680,(주)한탑,2025,2026,small_and_medium,manufacturing,1995,,,138322419.0,,,,,,15127142.0,,,,,,,,,,859766.0,,,0,0.4882716656934978,5.803,,,,0,0,0,1,0,0,0,0,1,0,0,1,0,0,0
KOSDAQ,002800,신신제약(주),2025,2026,small_and_medium,manufacturing,2017,,,137497264.0,,,,,,43105657.0,,,,,,,,,,4134824.0,,,1,1.1929546868837024,5.803,,,,0,0,0,1,0,0,0,0,1,0,0,1,0,0,0
KOSDAQ,003100,(주)선광,2025,2026,mid_sized,transport_storage,1999,,,691288235.0,,,,,,60427170.0,,,,,,,,,,34293079.0,,,1,0.2938474266439098,5.803,,,,0,0,0,1,0,0,1,0,0,0,0,0,0,1,0
KOSDAQ,003310,대주산업(주),2025,2026,small_and_medium,manufacturing,1992,,,147121335.0,,,,,,25459656.0,,,,,,,,,,2650112.0,,,1,1.0757804777554962,5.803,,,,0,0,0,1,0,0,0,0,1,0,0,1,0,0,0
KOSDAQ,003380,(주)하림지주,2025,2026,large,it_services,2017,,,17008288000.0,,,,,,2336816000.0,,,,,,,,,,699531000.0,,,1,0.1896618259944536,5.803,,0.057797899590259515,,0,0,0,1,0,1,0,0,0,0,1,0,0,0,0
KOSDAQ,003800,(주)에이스침대,2025,2026,mid_sized,manufacturing,1996,,,818415436.0,,,,,,197545478.0,,,,,,,,,,12583172.0,,,1,0.4541540772666212,5.803,,0.27367057250882415,,0,0,0,1,0,0,1,0,0,0,0,1,0,0,0
KOSDAQ,004590,(주)한국가구,2025,2026,small_and_medium,wholesale_retail,1993,,,252695150.0,,,,,,41048172.0,,,,,,,,,,1105596.0,,,1,0.3602515889021416,5.803,,,,0,0,0,1,0,0,0,0,1,0,0,0,0,0,1
KOSDAQ,004650,(주)창해에탄올,2025,2026,mid_sized,manufacturing,2014,,,194591451.0,,,,,,27338251.0,,,,,,,,,,4731703.0,,,1,0.619664721011678,5.803,,,,0,0,0,1,0,0,1,0,0,0,0,1,0,0,0
KOSDAQ,004780,(주)대륙제관,2025,2026,mid_sized,manufacturing,1994,4.220887739637497,0.48427019503548047,210380608.892,0.7550373980262793,0.32443770681302686,,-18.97651259133461,0.03444690598872251,28301143.193,18.119898616671975,0.05337981391509814,0.04896989621457341,0.07069823833181868,0.3659731910707253,,0.0707547837963913,33.17230418011615,-0.046003843376878975,0.0,0.009109297839250024,5.1724162160381155,0,,5.803,,,,0,0,0,1,0,0,1,0,0,0,0,1,0,0,0
KOSDAQ,005160,동국산업(주),2025,2026,mid_sized,manufacturing,1999,,,872019766.0,,,,,,62488440.0,,,,,,,,,,19975553.0,,,1,0.3143828165707311,5.803,,-0.02311191114739237,,0,0,0,1,0,0,1,0,0,0,0,1,0,0,0
KOSDAQ,005290,(주)동진쎄미켐,2025,2026,mid_sized,manufacturing,1999,,,2006130721.0,,,,,,310195980.0,,,,,,,,,,65838125.0,,,1,1.7105796175235966,5.803,,,,0,0,0,1,0,0,1,0,0,0,0,1,0,0,0
KOSDAQ,005670,(주)푸드웰,2025,2026,mid_sized,manufacturing,1993,,,238033339.0,,,,,,49466195.0,,,,,,,,,,10405360.0,,,1,0.5329195742315255,5.803,,,,0,0,0,1,0,0,1,0,0,0,0,1,0,0,0
KOSDAQ,005710,대원산업(주),2025,2026,mid_sized,manufacturing,1993,,,757072601.0,,,,,,106831453.0,,,,,,,,,,17218162.0,,,1,0.4854229456095295,5.803,,,,0,0,0,1,0,0,1,0,0,0,0,1,0,0,0
KOSDAQ,005860,한일사료(주),2025,2026,mid_sized,manufacturing,1994,,,209428791.0,,,,,,42954121.0,,,,,,,,,,3003526.0,,,1,0.7345936235903284,5.803,,,,0,0,0,1,0,0,1,0,0,0,0,1,0,0,0
KOSDAQ,005990,매일홀딩스(주),2025,2026,mid_sized,manufacturing,1999,,,1423606243.0,,,,,,681948592.0,,,,,,,,,,75654497.0,,,1,0.1719613309680116,5.803,,,,0,0,0,1,0,0,1,0,0,0,0,1,0,0,0
KOSDAQ,006050,(주)국영지앤엠,2025,2026,small_and_medium,manufacturing,1994,2.028440259854984,1.0910843870140219,73663110.356,0.7111468322995285,0.40617936350282313,,-2.002431453880404,0.0281564855696617,4510944.64,3.8953111331735997,0.02659626737904127,0.012615805163653467,0.03739912233461116,0.170471918268096,,0.06025470972779642,15.20397552005161,-0.026231310593072342,1147988.679,0.008039961388241328,2.829188274878614,0,,5.803,,,,0,0,0,1,0,0,0,0,1,0,0,1,0,0,0
KOSDAQ,006140,(주)피제이전자,2025,2026,mid_sized,manufacturing,1993,1.8456240649221065,0.6088346351450474,198058302.5,0.7037575555611965,0.42094389196656135,,-17.584670243466668,0.05238962567209551,13680287.14,10.565793203279947,0.05725036472025705,0.05533579371660019,0.08134955606210717,0.45819620895843555,,0.15056575489876178,25.917597251147548,-0.0885071738812868,0.0,0.006870924827804177,3.043163495354704,0,,5.803,,0.060855200855711604,0.015765533108703086,0,0,0,1,0,0,1,0,0,0,0,1,0,0,0
KOSDAQ,006620,(주)동구바이오제약,2025,2026,mid_sized,manufacturing,2018,,,336349564.0,,,,,,144498542.0,,,,,,,,,,7244463.0,,,1,1.0232937638642257,5.803,,0.9548499119098794,,0,0,0,1,0,0,1,0,0,0,0,1,0,0,0
KOSDAQ,006730,(주)서부티엔디,2025,2026,mid_sized,it_services,1995,,,3255148136.0,,,,,,128216486.0,,,,,,,,,,17910351.0,,,1,0.6132486679126601,5.803,,,,0,0,0,1,0,0,1,0,0,0,1,0,0,0,0
KOSDAQ,006910,보성파워텍(주),2025,2026,small_and_medium,manufacturing,1994,4.151950346218468,1.1948346776306247,133280442.52,0.8270610457303874,0.20910059198458328,,-3.4873379626192023,0.13773754110389588,35072873.356,75.72281697097607,0.19417655792309116,0.20112470706253474,0.23477899113433826,1.896139672250037,,0.2963312453023325,123.45949344297814,-0.17549778932111545,1306265.658,0.009833840015974761,6.398716646688731,0,,5.803,,,,0,0,0,1,0,0,0,0,1,0,0,1,0,0,0
KOSDAQ,006920,(주)모헨즈,2025,2026,mid_sized,manufacturing,1989,,,59790460.0,,,,,,3215699.0,,,,,,,,,,1560117.0,,,0,0.9292282763380688,5.803,,,,0,0,0,1,0,0,1,0,0,0,0,1,0,0,0
KOSDAQ,007370,진양제약(주),2025,2026,small_and_medium,manufacturing,2000,0.5225391333805227,0.025018936357786598,267809077.303,0.5969056830815991,0.6753065489967809,0.28535263480086653,-21.61923326419088,0.18466770030856827,78151057.747,0.5662222397811507,0.10492829867826596,0.009432995985202556,0.17578706595078925,0.01357068452652429,0.019170195548227017,0.012138806841504554,0.3283565649363599,0.07774890229147118,0.0,0.027578077253310733,1.1179586843843592,0,,5.803,0.9953900071981856,,,0,1,0,1,0,0,0,0,1,0,0,1,0,0,0
KOSDAQ,007390,(주)네이처셀,2025,2026,small_and_medium,manufacturing,1992,,,74731473.0,,,,,,9457493.0,,,,,,,,,,1631618.0,,,0,22.286003231641622,5.803,,0.09258649571287773,,0,0,0,1,0,0,0,0,1,0,0,1,0,0,0
KOSDAQ,007530,(주)와이엠,2025,2026,mid_sized,manufacturing,1994,,,148546744.0,,,,,,26666546.0,,,,,,,,,,5470966.0,,,1,1.0649104457537548,5.803,,-0.05023789648561777,,0,0,0,1,0,0,1,0,0,0,0,1,0,0,0
KOSDAQ,007680,(주)대원,2025,2026,mid_sized,construction,2017,,,509462620.0,,,,,,12348941.0,,,,,,,,,,1643925.0,,,1,0.2125626704907349,5.803,,0.04712877609007172,,0,0,0,1,0,0,1,0,0,1,0,0,0,0,0
KOSDAQ,007720,(주)소노스퀘어,2025,2026,mid_sized,wholesale_retail,1994,,,126647088.0,,,,,,32702365.0,,,,,,,,,,1785013.0,,,0,0.8688064982273217,5.803,,-0.2504329448527671,,0,0,0,1,0,0,1,0,0,0,0,0,0,0,1
KOSDAQ,007770,한일화학공업(주),2025,2026,mid_sized,manufacturing,1992,,,127715930.0,,,,,,-536470.0,,,,,,,,,,5920898.0,,,1,0.3209006087169851,5.803,,-0.13260542582511806,,0,0,0,1,0,0,1,0,0,0,0,1,0,0,0
KOSDAQ,007820,(주)에스엠코어,2025,2026,large,manufacturing,2011,,,116625243.0,,,,,,9229356.0,,,,,,,,,,3826254.0,,,0,1.6606281930746525,5.803,,0.425614104686687,,0,0,0,1,0,1,0,0,0,0,0,1,0,0,0
KOSDAQ,008290,원풍물산(주),2025,2026,mid_sized,manufacturing,1997,2.8495389526629618,0.49607793026605085,19815736.437,0.7212582107881413,0.3864660187469738,,0.2975684204910547,-0.4473116028099579,6198004.655,-32.26568607963185,-0.4011249241869395,-0.3633212495982291,-0.5561460766576477,-0.6892738933623723,,-0.22480894773142251,-17.0625531797779,-0.19015840147955035,0.0,,3.066042968119945,0,,5.803,,,,0,1,0,1,0,0,1,0,0,0,0,1,0,0,0
KOSDAQ,008370,(주)원풍,2025,2026,small_and_medium,manufacturing,1992,35.460955676522225,2.6577584230394677,98559108.69,0.9443503983862985,0.05892897563107424,,-14.512388926,0.08035701535075865,12453907.983,4.354992633345584,0.08108222366474001,0.06692785591991944,0.08586031604719278,1.3416102533329493,,0.08396663014420257,4.858127860716046,-0.0032095382984332482,0.0,0.0005576661937241794,15.977898017687448,0,,5.803,,,,0,0,0,1,0,0,0,0,1,0,0,1,0,0,0
KOSDAQ,008470,(주)부-스타,2025,2026,small_and_medium,manufacturing,2011,,,100355167.0,,,,,,19057819.0,,,,,,,,,,1880279.0,,,1,0.4241259543239045,5.803,,0.04282348475105827,,0,0,0,1,0,0,0,0,1,0,0,1,0,0,0
KOSDAQ,008830,대동기어(주),2025,2026,mid_sized,manufacturing,1991,0.6566277995831356,0.034135199325254426,269547086.319,0.2936285300087885,2.4056636116731203,0.11706965000413612,-16.612581607384463,-0.021452053209364143,12195346.067,0.0322641996115498,-0.03492051581244085,0.0006026367719952234,-0.11892753000328563,0.0506001092660315,0.3053094765611736,0.043605982264366,1.9135943162913587,-0.05332605739610551,7847653.866,0.0026133569782547717,1.160393749629646,0,,5.803,0.16972429572307438,,,0,1,0,1,0,0,1,0,0,0,0,1,0,0,0
KOSDAQ,009300,삼아제약(주),2025,2026,small_and_medium,manufacturing,2000,,,247044687.0,,,,,,46358221.0,,,,,,,,,,4706848.0,,,1,0.4387022127946777,5.803,,,,0,0,0,1,0,0,0,0,1,0,0,1,0,0,0
KOSDAQ,009520,(주)포스코엠텍,2025,2026,large,manufacturing,1997,2.9393087033011667,0.574997318385986,155201620.131,0.7361527980156648,0.35841363735293524,,-4.487257007115988,0.00394899432299164,20691805.785,4.3251242132570855,0.010796048389093602,0.006665240730907664,0.014665499361266938,0.03800114794600251,,0.004353632869854783,6.506268083454277,-0.0009318900142789906,0.0,0.01549413326336586,8.72860644936973,0,,5.803,,0.0017704798880937317,-0.010310442605322157,0,0,0,1,0,1,0,0,0,0,0,1,0,0,0
KOSDAQ,009620,삼보산업(주),2025,2026,mid_sized,manufacturing,1993,,,323447213.0,,,,,,23495462.0,,,,,,,,,,11783343.0,,,1,0.9689892690618592,5.803,,-0.052225066971520046,,0,0,0,1,0,0,1,0,0,0,0,1,0,0,0
KOSDAQ,009730,(주)이렘,2025,2026,small_and_medium,manufacturing,1990,1.3689836377301883,0.005805155899169282,100256204.877,0.3973890067141365,1.516425928005991,0.4326529507796182,,-0.18296305947494157,-1485896.194,-2.342880791318327,-0.16788323204184355,-0.138540939526292,-0.4224657179875413,0.006772580307563727,0.009433037123392062,0.004447739549629467,0.06901814408613126,-0.17196753970641523,3507316.88,0.03484539022084451,1.522701640236092,0,,5.803,0.24206854976710673,,,0,1,0,1,0,0,0,0,1,0,0,1,0,0,0
KOSDAQ,009780,(주)엠에스씨,2025,2026,mid_sized,manufacturing,1993,,,277193367.0,,,,,,49667379.0,,,,,,,,,,6856842.0,,,1,0.7367113572227656,5.803,,,,0,0,0,1,0,0,1,0,0,0,0,1,0,0,0
KOSDAQ,010170,대한광통신(주),2025,2026,mid_sized,manufacturing,1994,,,219015700.0,,,,,,3601318.0,,,,,,,,,,5754622.0,,,0,4.406013989331517,5.803,,-0.06723163278524825,,0,0,0,1,0,0,1,0,0,0,0,1,0,0,0
KOSDAQ,010240,(주)흥국,2025,2026,small_and_medium,manufacturing,2009,,,135628627.0,,,,,,24566388.0,,,,,,,,,,3319394.0,,,1,0.5146730765016219,5.803,,0.10924312793698768,,0,0,0,1,0,0,0,0,1,0,0,1,0,0,0
KOSDAQ,010280,(주)아이티센엔텍,2025,2026,mid_sized,it_services,2000,,,319596833.0,,,,,,77387505.0,,,,,,,,,,5858147.0,,,0,0.6379663401791024,5.803,,0.18889407698075408,,0,0,0,1,0,0,1,0,0,0,1,0,0,0,0
KOSDAQ,010470,(주)오리콤,2025,2026,large,it_services,2000,,,243586233.0,,,,,,85988837.0,,,,,,,,,,1947000.0,,,1,0.5454714050637337,5.803,,,,0,0,0,1,0,1,0,0,0,0,1,0,0,0,0
KOSDAQ,011040,경동제약(주),2025,2026,mid_sized,manufacturing,1992,,,321895468.0,,,,,,117155604.0,,,,,,,,,,3314044.0,,,1,0.7851057685882818,5.803,,0.0987289738619483,,0,0,0,1,0,0,1,0,0,0,0,1,0,0,0
KOSDAQ,011080,(주)형지아이앤씨,2025,2026,small_and_medium,manufacturing,2004,,,61925890.0,,,,,,30377378.0,,,,,,,,,,1567576.0,,,0,0.903457988696979,5.803,,-0.04538431334844634,,0,0,0,1,0,0,0,0,1,0,0,1,0,0,0
KOSDAQ,011320,(주)유니크,2025,2026,mid_sized,manufacturing,1993,,,299697155.0,,,,,,53611188.0,,,,,,,,,,14418045.0,,,1,0.6095619995714231,5.803,,,,0,0,0,1,0,0,1,0,0,0,0,1,0,0,0
KOSDAQ,011370,(주)서한,2025,2026,mid_sized,construction,1994,,,1229627196.0,,,,,,116917978.0,,,,,,,,,,2463867.0,,,1,0.1695271408600416,5.803,,0.09039211446644226,,0,0,0,1,0,0,1,0,0,1,0,0,0,0,0
KOSDAQ,011560,(주)세보엠이씨,2025,2026,mid_sized,construction,1996,,,456891192.0,,,,,,49517851.0,,,,,,,,,,6835224.0,,,1,0.5380557487807018,5.803,,0.5806131407555664,,0,0,0,1,0,0,1,0,0,1,0,0,0,0,0
KOSDAQ,012210,삼미금속(주),2025,2026,small_and_medium,manufacturing,2025,1.0192723008763527,0.2766030395448522,188775423.839,0.49107950422648133,1.0363301489748376,,-3.177347306273987,0.022902837289441456,9849614.501,-2.299950628466074,0.002562492003262889,0.03078955990032431,0.0052180797227511485,-0.01867405065922053,,-0.024310597245160295,0.7099103474735335,0.018456886437566995,2349206.643,0.0003378794426884645,0.7681444627173084,0,,5.803,,,,0,1,0,1,0,0,0,0,1,0,0,1,0,0,0
KOSDAQ,012340,(주)뉴인텍,2025,2026,small_and_medium,manufacturing,1997,,,73083870.0,,,,,,309934.0,,,,,,,,,,5534992.0,,,0,1.7091157456297177,5.803,,-0.040651185353939884,,0,0,0,1,0,0,0,0,1,0,0,1,0,0,0
KOSDAQ,012620,(주)원일특강,2025,2026,mid_sized,manufacturing,1994,,,282828183.0,,,,,,28751054.0,,,,,,,,,,3222758.0,,,1,0.2140070800455748,5.803,,,,0,0,0,1,0,0,1,0,0,0,0,1,0,0,0
KOSDAQ,012700,(주)리드코프,2025,2026,mid_sized,wholesale_retail,1996,,,1104259036.0,,,,,,68596831.0,,,,,,,,,,3271115.0,,,1,0.2140547860960671,5.803,,-0.031911792406317044,,0,0,0,1,0,0,1,0,0,0,0,0,0,0,1
KOSDAQ,012790,신일제약(주),2025,2026,small_and_medium,manufacturing,1999,5.629259808132325,0.6350554300338157,169488875.383,0.8988766470290765,0.1124996998255007,,-24.420376653569896,0.09347811218200662,33437051.549,58.31556757140883,0.050726020327717294,0.043575254289171944,0.05643268238792772,0.6761518802638246,,0.14384601722738322,91.50404608855287,-0.023941522626959418,0.0,0.014054558711402765,4.700525557096265,0,,5.803,,,,0,0,0,1,0,0,0,0,1,0,0,1,0,0,0
KOSDAQ,012860,(주)모베이스전자,2025,2026,mid_sized,manufacturing,1994,,,774874073.0,,,,,,111258667.0,,,,,,,,,,29285840.0,,,1,0.4068347441218849,5.803,,-0.017464140428728656,,0,0,0,1,0,0,1,0,0,0,0,1,0,0,0
KOSDAQ,013030,하이록코리아(주),2025,2026,mid_sized,manufacturing,1989,,,498092200.0,,,,,,85800074.0,,,,,,,,,,4468993.0,,,1,0.7881346762122926,5.803,,0.12396756174758378,,0,0,0,1,0,0,1,0,0,0,0,1,0,0,0
KOSDAQ,013120,(주)동원개발,2025,2026,mid_sized,construction,1994,,,1485846193.0,,,,,,39337546.0,,,,,,,,,,3754796.0,,,1,0.2390546049722244,5.803,,0.038833979606342946,,0,0,0,1,0,0,1,0,0,1,0,0,0,0,0
KOSDAQ,013310,아진산업(주),2025,2026,mid_sized,manufacturing,2015,,,1538069814.0,,,,,,192523551.0,,,,,,,,,,75572775.0,,,1,0.3206184264719576,5.803,,0.1924546020518432,,0,0,0,1,0,0,1,0,0,0,0,1,0,0,0
KOSDAQ,013720,더큐브앤(주),2025,2026,small_and_medium,manufacturing,1993,,,84719383.0,,,,,,6317598.0,,,,,,,,,,1893661.0,,,0,0.6869140324028205,5.803,,0.10359398314927895,,0,0,0,1,0,0,0,0,1,0,0,1,0,0,0
KOSDAQ,013810,(주)스페코,2025,2026,small_and_medium,manufacturing,1997,,,72291118.0,,,,,,6541598.0,,,,,,,,,,1543321.0,,,0,0.7593398806510789,5.803,,-0.1496370603823045,,0,0,0,1,0,0,0,0,1,0,0,1,0,0,0
KOSDAQ,013990,(주)아가방앤컴퍼니,2025,2026,mid_sized,wholesale_retail,2002,,,235668837.0,,,,,,117914246.0,,,,,,,,,,6333084.0,,,0,0.8260539965727355,5.803,,,,0,0,0,1,0,0,1,0,0,0,0,0,0,0,1
KOSDAQ,014100,메디앙스(주),2025,2026,small_and_medium,wholesale_retail,1995,,,109330390.0,,,,,,23798494.0,,,,,,,,,,875070.0,,,0,0.3089190531762285,5.803,,,,0,0,0,1,0,0,0,0,1,0,0,0,0,0,1
KOSDAQ,014190,(주)원익큐브,2025,2026,mid_sized,wholesale_retail,1996,,,149809674.0,,,,,,23993306.0,,,,,,,,,,1477452.0,,,0,0.5201037630338882,5.803,,0.07390070869213942,,0,0,0,1,0,0,1,0,0,0,0,0,0,0,1
KOSDAQ,014470,(주)부방,2025,2026,mid_sized,other,1994,,,249762179.0,,,,,,75210698.0,,,,,,,,,,5315047.0,,,0,0.4940883862727843,5.803,,-0.16710761179902092,,0,0,0,1,0,0,1,0,0,0,0,0,1,0,0
KOSDAQ,014570,고려제약(주),2025,2026,small_and_medium,manufacturing,2000,8.329656656309641,0.5892255863111749,94318455.095,0.8807583574426442,0.13538519566658883,,-14.10395774290909,0.10417773976676398,26600531.407,327.8022097846338,0.082671804973334,0.0732961203513869,0.09386434346575889,1.1656759935322214,,0.20973025179484792,621.6367649912213,-0.06995411997953485,0.0,0.002213428727068571,5.5579773712018055,0,,5.803,,,,0,0,0,1,0,0,0,0,1,0,0,1,0,0,0
KOSDAQ,014620,(주)성광벤드,2025,2026,mid_sized,manufacturing,2001,,,590271819.0,,,,,,86894952.0,,,,,,,,,,4183930.0,,,1,1.2444965919179465,5.803,,,,0,0,0,1,0,0,1,0,0,0,0,1,0,0,0
KOSDAQ,014940,(주)오리엔탈정공,2025,2026,mid_sized,manufacturing,2001,,,237907823.0,,,,,,36190189.0,,,,,,,,,,1902198.0,,,1,2.8030683527355604,5.803,,,,0,0,0,1,0,0,1,0,0,0,0,1,0,0,0
KOSDAQ,014950,삼익제약(주),2025,2026,other,manufacturing,2025,,,85223223.0,,,,,,42359590.0,,,,,,,,,,1370580.0,,,1,1.8623475814966215,5.803,,,,0,0,0,1,0,0,0,1,0,0,0,1,0,0,0
KOSDAQ,014970,삼륭물산(주),2025,2026,small_and_medium,manufacturing,1992,,,99824977.0,,,,,,13085913.0,,,,,,,,,,2119018.0,,,0,2.00455673038332,5.803,,-0.04664156217612248,,0,0,0,1,0,0,0,0,1,0,0,1,0,0,0
KOSDAQ,015710,(주)코콤,2025,2026,mid_sized,manufacturing,1997,4.870861762402526,2.0440021803580977,150877041.28,0.8676929681570702,0.15248139226475735,,,0.05965008240852772,23922981.781,5.00507245314124,0.039312606223450994,0.019878911619388828,0.04530704715395896,0.5244160928500771,,0.1093071205688288,17.469348266895725,-0.031520369160568946,1427225.234,0.013885599433992294,4.797638892334204,0,,5.803,,0.061779527126649726,0.029491789128674558,0,0,0,1,0,0,1,0,0,0,0,1,0,0,0
KOSDAQ,015750,(주)성우하이텍,2025,2026,mid_sized,manufacturing,1995,,,4867042088.0,,,,,,541824020.0,,,,,,,,,,249698467.0,,,1,0.2627958724267297,5.803,,0.06660620860972549,,0,0,0,1,0,0,1,0,0,0,0,1,0,0,0
KOSDAQ,016100,(주)리더스코스메틱,2025,2026,small_and_medium,manufacturing,2003,,,69627860.0,,,,,,10745657.0,,,,,,,,,,2507866.0,,,0,1.2883705576600344,5.803,,-0.12946240807375603,,0,0,0,1,0,0,0,0,1,0,0,1,0,0,0
KOSDAQ,016250,에스지씨이앤씨(주),2025,2026,large,construction,1999,,,1363940218.0,,,,,,107852858.0,,,,,,,,,,11408036.0,,,1,0.2595906559668427,5.803,,1.3050353979808833,,0,0,0,1,0,1,0,0,0,1,0,0,0,0,0
KOSDAQ,016670,(주)디모아,2025,2026,small_and_medium,wholesale_retail,1993,2.1673524430893765,0.821028641531654,129530516.83,0.6644868701941703,0.5049206310243408,,-21.667546910722006,0.4818835105896197,22728511.83,0.5425123381783701,0.08932102870541754,0.03130321571496195,0.13442105888310021,0.22278133163420047,,0.41981379092095117,1.295415178654164,0.011051249875569581,0.0,0.010089565941555119,0.5306670158345252,0,,5.803,,,,0,1,0,1,0,0,0,0,1,0,0,0,0,0,1
KOSDAQ,016790,현대사료(주),2025,2026,mid_sized,manufacturing,2018,,,95757595.0,,,,,,16353674.0,,,,,,,,,,1147883.0,,,0,2.4473356524603567,5.803,,,,0,0,0,1,0,0,1,0,0,0,0,1,0,0,0
KOSDAQ,016920,(주)카스,2025,2026,mid_sized,wholesale_retail,1990,,,165660436.0,,,,,,48903431.0,,,,,,,,,,3687088.0,,,1,0.4192322009756855,5.803,,,,0,0,0,1,0,0,1,0,0,0,0,0,0,0,1
KOSDAQ,017000,신원종합개발(주),2025,2026,mid_sized,construction,1994,2.1009980143730433,0.20919051866656077,222107596.324,0.5047006187779233,0.9813726450769753,0.11612152509802783,-0.8379824083496442,0.0229881089920677,26338735.434,13.272068824581917,0.024447914055487213,0.03871786585117698,0.04844042813873527,0.030963994877153067,0.13207239131479456,0.016120073177931977,5.2571695858539504,0.006534168272583212,0.0,,1.9208346348912417,0,,5.803,0.809569897187067,-0.1292592774641746,-0.0036560394512083483,0,0,0,1,0,0,1,0,0,1,0,0,0,0,0
KOSDAQ,017480,삼현철강(주),2025,2026,mid_sized,manufacturing,2001,9.169924594339793,5.352483275012099,217456766.037,0.9060922404845964,0.1036403969922311,,-22.04123903585885,0.029112583155522356,13427570.682,67.1632648255116,0.037713962151927634,0.023449670354852802,0.04162265216150339,0.33251990144993615,,0.03115378292398369,89.43637318253931,-0.0020459444748861006,0.0,0.0018778624157894405,10.673499981087248,0,,5.803,,-0.01764416695195818,-0.010570134039267993,0,0,0,1,0,0,1,0,0,0,0,1,0,0,0
KOSDAQ,017510,세명전기공업(주),2025,2026,small_and_medium,manufacturing,1991,2.5861808611685277,0.4708256006153823,106780487.966,0.8440260695820839,0.18479752704219887,,-10.822840819362456,0.3947718216220808,17981833.436,32.13786631846494,0.1506643191790113,0.13874899875637828,0.17850671277678912,0.730831157726806,,0.3764542227207754,26.403180987831153,0.005546582060840402,288296.616,0.0035563206839897086,1.941354655141908,0,,5.803,,,,0,0,0,1,0,0,0,0,1,0,0,1,0,0,0
KOSDAQ,017650,(주)대림제지,2025,2026,small_and_medium,manufacturing,1994,,,328274455.0,,,,,,25353142.0,,,,,,,,,,10448025.0,,,1,0.2512327889394473,5.803,,,,0,0,0,1,0,0,0,0,1,0,0,1,0,0,0
KOSDAQ,017890,한국알콜산업(주),2025,2026,mid_sized,manufacturing,1992,,,703581691.0,,,,,,66196808.0,,,,,,,,,,15506716.0,,,1,0.3784322681550822,5.803,,0.07717990801305591,,0,0,0,1,0,0,1,0,0,0,0,1,0,0,0
KOSDAQ,018000,유니슨(주),2025,2026,mid_sized,manufacturing,1996,,,255828596.0,,,,,,3210587.0,,,,,,,,,,3517398.0,,,0,2.7844966108678104,5.803,,0.027544315386237323,,0,0,0,1,0,0,1,0,0,0,0,1,0,0,0
KOSDAQ,018120,(주)진로발효,2025,2026,mid_sized,manufacturing,1993,,,102329386.0,,,,,,18545341.0,,,,,,,,,,2959475.0,,,1,1.2724820655453506,5.803,,,,0,0,0,1,0,0,1,0,0,0,0,1,0,0,0
KOSDAQ,018290,(주)브이티,2025,2026,small_and_medium,manufacturing,1994,,,353501351.0,,,,,,264945441.0,,,,,,,,,,4777475.0,,,0,2.415855353045885,5.803,,0.3775030820685611,,0,0,0,1,0,0,0,0,1,0,0,1,0,0,0
KOSDAQ,018310,삼목에스폼(주),2025,2026,mid_sized,manufacturing,1996,,,766661920.0,,,,,,39420231.0,,,,,,,,,,82398785.0,,,1,0.4431239405083547,5.803,,0.03581052949796134,,0,0,0,1,0,0,1,0,0,0,0,1,0,0,0
KOSDAQ,018620,우진비앤지(주),2025,2026,small_and_medium,manufacturing,2008,,,109025088.0,,,,,,16532371.0,,,,,,,,,,2550226.0,,,0,0.3754854096319857,5.803,,,,0,0,0,1,0,0,0,0,1,0,0,1,0,0,0
KOSDAQ,018680,(주)서울제약,2025,2026,small_and_medium,manufacturing,2000,2.283071767285714,0.6677571502923799,71754417.627,0.5720887070729093,0.7479806673977154,0.3484106042077737,-6.041559117989653,0.014451625067707006,31502980.881,-1.755563076269006,0.008801874823695167,-0.017830417447616195,0.015385507028673827,0.06141736460411727,0.07543164179999999,0.03616138117028528,2.587616144370489,-0.0157781056475886,0.0,0.011315033246043573,1.6984241922315033,0,,5.803,0.2,0.021111393583004453,0.32508194936927115,0,1,1,1,0,0,0,0,1,0,0,1,0,0,0
KOSDAQ,018700,(주)바른손,2025,2026,small_and_medium,wholesale_retail,1994,,,39284058.0,,,,,,64222566.0,,,,,,,,,,1003642.0,,,0,1.2142968006707948,5.803,,-0.4276973586401524,,0,0,0,1,0,0,0,0,1,0,0,0,0,0,1
KOSDAQ,019010,베뉴지(주),2025,2026,small_and_medium,wholesale_retail,1993,,,726258937.0,,,,,,36020215.0,,,,,,,,,,5023818.0,,,1,0.2905783132623719,5.803,,,,0,0,0,1,0,0,0,0,1,0,0,0,0,0,1
KOSDAQ,019210,(주)와이지-원,2025,2026,mid_sized,manufacturing,1997,,,1176441362.0,,,,,,221444200.0,,,,,,,,,,42639458.0,,,1,0.4537240969957693,5.803,,0.09316710172890286,,0,0,0,1,0,0,1,0,0,0,0,1,0,0,0
KOSDAQ,019540,(주)일지테크,2025,2026,mid_sized,manufacturing,1992,,,646416056.0,,,,,,163244684.0,,,,,,,,,,54535960.0,,,1,0.2955470800408794,5.803,,0.2253385762014185,,0,0,0,1,0,0,1,0,0,0,0,1,0,0,0
KOSDAQ,019660,글로본(주),2025,2026,small_and_medium,wholesale_retail,1992,0.9399976376587029,0.46295437901311787,22984233.775,0.4700702724644124,1.1273415031275074,,-0.549619480974816,-0.44477482854916434,630425.973,-14.65671707352173,-0.25506500870943216,-0.2101522418055896,-0.5426103790231541,-0.32716709996413895,,-0.30775930422100434,-12.091789678384108,-0.07718741431048642,0.0,0.03984927272173119,1.0630616052120971,0,,5.803,,,,0,1,0,1,0,0,0,0,1,0,0,0,0,0,1
KOSDAQ,019770,(주)서연탑메탈,2025,2026,mid_sized,manufacturing,2011,1.63184728508765,0.2598291217376665,182743215.836,0.5513085894822745,0.8138661705580985,,-16.295777606866952,0.044907735393636655,16016487.991,68.73530023132083,0.06262700989278218,0.0651816297010434,0.11359701460772496,0.17081374012783984,,0.06764127047410727,80.82117817382223,-0.025758808815230905,0.0,0.011924583323277137,2.5252887612929515,0,,5.803,,0.33205438610769134,0.021537241040123462,0,0,0,1,0,0,1,0,0,0,0,1,0,0,0
KOSDAQ,019990,(주)에너토크,2025,2026,small_and_medium,manufacturing,2006,,,45757895.0,,,,,,4400048.0,,,,,,,,,,1135276.0,,,0,1.8108360750982144,5.803,,,,0,0,0,1,0,0,0,0,1,0,0,1,0,0,0
KOSDAQ,020400,대동금속(주),2025,2026,mid_sized,manufacturing,1993,0.7695442619573688,0.0012019324370004406,98820466.184,0.4405901550993639,1.2696830340534402,,-12.652260347376085,-0.013655977844052538,7358410.209,0.11411197866202205,-0.015349735612212643,0.0010161327190364754,-0.03483903449624493,-0.022604568980556676,,-0.012273039619022085,-1.420061443094822,-0.001424875700726031,3905681.669,,1.8418068939923953,0,,5.803,,,,0,1,0,1,0,0,1,0,0,0,0,1,0,0,0
KOSDAQ,020710,(주)시공테크,2025,2026,mid_sized,it_services,1999,,,239521122.0,,,,,,26036028.0,,,,,,,,,,2604871.0,,,1,0.4492378926685337,5.803,,,,0,0,0,1,0,0,1,0,0,0,1,0,0,0,0
KOSDAQ,021040,(주)대호특수강,2025,2026,mid_sized,manufacturing,1996,,,175036131.0,,,,,,15637052.0,,,,,,,,,,5255339.0,,,0,0.7683202830888476,5.803,,,,0,0,0,1,0,0,1,0,0,0,0,1,0,0,0
KOSDAQ,021320,(주)케이씨씨건설,2025,2026,large,construction,2001,1.1549726769710325,0.28456146003190447,1583197218.414,0.3490494008848704,1.8649239834387725,0.49881044472912434,-4.1646172015887855,0.02476232312677523,288303355.896,2.9668031545681997,0.03207170355747954,0.05579667133036876,0.09188299271156175,0.1095900914191868,0.1430157215435634,0.06160221008365526,3.7931477661399318,-0.04266201024510512,4863627.578,0.0022175078203566876,1.7789960988471747,0,,5.803,0.6758373390440386,0.07071340160724852,0.016026186065296405,0,0,0,1,0,1,0,0,0,1,0,0,0,0,0
KOSDAQ,021650,(주)한국큐빅,2025,2026,mid_sized,manufacturing,2003,,,163085717.0,,,,,,28212019.0,,,,,,,,,,8054176.0,,,1,0.385115415517834,5.803,,-0.058909691845333824,,0,0,0,1,0,0,1,0,0,0,0,1,0,0,0
KOSDAQ,022220,티케이지애강(주),2025,2026,mid_sized,manufacturing,2006,,,138925990.0,,,,,,4727601.0,,,,,,,,,,2984403.0,,,0,0.4213385937956807,5.803,,,,0,0,0,1,0,0,1,0,0,0,0,1,0,0,0
KOSDAQ,023160,(주)태광,2025,2026,mid_sized,manufacturing,1994,,,740815620.0,,,,,,85935480.0,,,,,,,,,,11210462.0,,,1,0.8587748448804429,5.803,,,,0,0,0,1,0,0,1,0,0,0,0,1,0,0,0
KOSDAQ,023410,유진기업(주),2025,2026,mid_sized,manufacturing,1994,,,2369584587.0,,,,,,169243083.0,,,,,,,,,,29345443.0,,,1,0.2675943108042385,5.803,,0.036465733085576116,,0,0,0,1,0,0,1,0,0,0,0,1,0,0,0
KOSDAQ,023440,제이스코홀딩스(주),2025,2026,small_and_medium,manufacturing,1994,,,116047236.0,,,,,,238366.0,,,,,,,,,,1858218.0,,,0,1.1053108203358648,5.803,,,,0,0,0,1,0,0,0,0,1,0,0,1,0,0,0
KOSDAQ,023600,(주)삼보판지,2025,2026,mid_sized,manufacturing,1996,,,858872719.0,,,,,,96847190.0,,,,,,,,,,25521032.0,,,1,0.231284088002951,5.803,,,,0,0,0,1,0,0,1,0,0,0,0,1,0,0,0
KOSDAQ,023770,(주)플레이위드코리아,2025,2026,small_and_medium,it_services,1994,1.735570331383843,0.9862110317777825,30127717.51,0.594809477686184,0.6812106019056925,,-3.006094434971461,-0.05785798494158804,0.0,-2.717159999514952,-0.06537831660650086,-0.1554130727110631,-0.10991471901359624,0.3493875864042022,,0.12306441395480565,2.475109484882338,-0.2081261251178002,674536.204,0.3811495762726965,2.839062692262215,0,,5.803,,,,0,1,0,1,0,0,0,0,1,0,1,0,0,0,0
KOSDAQ,023790,동일스틸럭스(주),2025,2026,small_and_medium,manufacturing,1994,0.32201500938101285,0.036493249213715766,74803061.045,0.26951341934886724,2.710390385814393,,-0.542519062922766,-0.2588327668684895,1017381.369,-0.7735216671561002,-0.08259020729490522,-0.03487022284329835,-0.30644191110943414,-0.011891084485297871,,-0.027022245828646117,-0.19268657949881327,-0.07451529231733996,632.28,0.003324284641913346,0.44004797235217974,0,,5.803,,-0.4834056324058431,-0.2588327668684895,0,1,1,1,0,0,0,0,1,0,0,1,0,0,0
KOSDAQ,023900,풍국주정공업(주),2025,2026,mid_sized,manufacturing,1994,,,223744587.0,,,,,,35507539.0,,,,,,,,,,9908368.0,,,1,0.5868749947581523,5.803,,,,0,0,0,1,0,0,1,0,0,0,0,1,0,0,0
KOSDAQ,023910,대한약품공업(주),2025,2026,mid_sized,manufacturing,1994,3.6428686876593805,1.0106923433757755,347663382.169,0.8635181243679709,0.15805328432674554,,-99.07121056066666,0.1325118298430881,64821277.904,123.85631835300079,0.09536074666294315,0.08970094335629669,0.11043282586887207,0.5396090560057827,,0.12273529366714939,101.68932577534059,0.005866374138328385,0.0,0.0011419465217277643,4.396527191837496,0,,5.803,,,,0,0,0,1,0,0,1,0,0,0,0,1,0,0,0
KOSDAQ,024060,흥구석유(주),2025,2026,mid_sized,wholesale_retail,1994,0.5388554542998164,0.10769587295961536,92004183.037,0.8525280671472999,0.1729819093770903,,-51.290765556000004,0.0014679112964028356,4813867.301,-3.4004153450189145,0.0024699443927306223,-0.010813154958399155,0.002897200089840403,0.06593687911206399,,0.008295037244012003,3.0578579060109328,-0.008003083247898477,0.0,,7.948955161070832,0,,5.803,,,,0,1,0,1,0,0,1,0,0,0,0,0,0,0,1
KOSDAQ,024120,KB오토시스(주),2025,2026,mid_sized,manufacturing,1994,,,256608158.0,,,,,,22898231.0,,,,,,,,,,9251908.0,,,1,0.3513989940234217,5.803,,,,0,0,0,1,0,0,1,0,0,0,0,1,0,0,0
KOSDAQ,024740,한일단조공업(주),2025,2026,mid_sized,manufacturing,1996,,,254277907.0,,,,,,15868289.0,,,,,,,,,,8935727.0,,,0,0.4929960563050815,5.803,,,,0,0,0,1,0,0,1,0,0,0,0,1,0,0,0
KOSDAQ,024800,(주)유성티엔에스,2025,2026,mid_sized,transport_storage,1999,,,649670179.0,,,,,,6918972.0,,,,,,,,,,1089261.0,,,0,0.1653570114441435,5.803,,,,0,0,0,1,0,0,1,0,0,0,0,0,0,1,0
KOSDAQ,024830,(주)세원물산,2025,2026,mid_sized,manufacturing,1994,5.431640130850007,0.11659191223502574,484759038.617,0.8170861516827621,0.22386115336862927,,-93.87183170227544,0.08797974307378001,22311160.565,21.466313578046577,0.04458575772132502,0.006305675031291317,0.0545667768686351,0.2148697210355728,,0.09003248545685114,133.79740516522378,-0.000896101112914383,0.0,0.0010324960550048578,2.3865799099653984,0,,5.803,,0.048200783828497316,0.022021217369409138,0,0,0,1,0,0,1,0,0,0,0,1,0,0,0
KOSDAQ,024840,케이비아이메탈(주),2025,2026,mid_sized,manufacturing,1994,,,389288153.0,,,,,,33387378.0,,,,,,,,,,3756678.0,,,1,0.4310578259158636,5.803,,,,0,0,0,1,0,0,1,0,0,0,0,1,0,0,0
KOSDAQ,024850,에이치엘비이노베이션(주),2025,2026,small_and_medium,manufacturing,2001,,,268750045.0,,,,,,4349729.0,,,,,,,,,,1979163.0,,,0,1.302861054602878,5.803,,,,0,0,0,1,0,0,0,0,1,0,0,1,0,0,0
KOSDAQ,024880,(주)케이피에프,2025,2026,mid_sized,manufacturing,1994,,,669249520.0,,,,,,93327718.0,,,,,,,,,,15959558.0,,,1,0.3171445369805434,5.803,,0.024621810670186324,,0,0,0,1,0,0,1,0,0,0,0,1,0,0,0
KOSDAQ,024910,경창산업(주),2025,2026,mid_sized,manufacturing,1994,,,491427944.0,,,,,,55891713.0,,,,,,,,,,27626257.0,,,1,0.4505760295983574,5.803,,,,0,0,0,1,0,0,1,0,0,0,0,1,0,0,0
KOSDAQ,024940,(주)피엔풍년,2025,2026,small_and_medium,wholesale_retail,1995,,,61015735.0,,,,,,16875120.0,,,,,,,,,,1247292.0,,,1,1.1046643013869686,5.803,,,,0,0,0,1,0,0,0,0,1,0,0,0,0,0,1
KOSDAQ,024950,삼천리자전거(주),2025,2026,mid_sized,wholesale_retail,1995,,,298998412.0,,,,,,93959214.0,,,,,,,,,,2635050.0,,,0,0.319694671540184,5.803,,,,0,0,0,1,0,0,1,0,0,0,0,0,0,0,1
KOSDAQ,025320,(주)시노펙스,2025,2026,mid_sized,manufacturing,1995,,,259491410.0,,,,,,49512863.0,,,,,,,,,,16171122.0,,,0,3.101266703563254,5.803,,,,0,0,0,1,0,0,1,0,0,0,0,1,0,0,0
KOSDAQ,025440,(주)디에이치오토웨어,2025,2026,mid_sized,manufacturing,1995,,,350053382.0,,,,,,17452670.0,,,,,,,,,,7459387.0,,,0,0.7176018450061912,5.803,,0.28017236450137284,,0,0,0,1,0,0,1,0,0,0,0,1,0,0,0
KOSDAQ,025550,한국선재(주),2025,2026,mid_sized,manufacturing,1995,,,335340384.0,,,,,,27472666.0,,,,,,,,,,3652164.0,,,0,0.5768792769338539,5.803,,,,0,0,0,1,0,0,1,0,0,0,0,1,0,0,0
KOSDAQ,025770,한국정보통신(주),2025,2026,mid_sized,it_services,1998,,,512488259.0,,,,,,63324913.0,,,,,,,,,,13768866.0,,,0,0.8541154545959426,5.803,,,,0,0,0,1,0,0,1,0,0,0,1,0,0,0,0
KOSDAQ,025870,신라에스지(주),2025,2026,small_and_medium,wholesale_retail,1995,,,45148124.0,,,,,,6292045.0,,,,,,,,,,1503438.0,,,0,1.518640103120196,5.803,,0.10596319715964111,,0,0,0,1,0,0,0,0,1,0,0,0,0,0,1
KOSDAQ,025880,(주)케이씨피드,2025,2026,small_and_medium,manufacturing,1995,,,100350220.0,,,,,,26874632.0,,,,,,,,,,4537505.0,,,1,0.5549150882505703,5.803,,,,0,0,0,1,0,0,0,0,1,0,0,1,0,0,0
KOSDAQ,025900,동화기업(주),2025,2026,mid_sized,manufacturing,1995,,,2270110569.0,,,,,,131319380.0,,,,,,,,,,54880184.0,,,1,0.4865178267416953,5.803,,-0.05301633517065664,,0,0,0,1,0,0,1,0,0,0,0,1,0,0,0
KOSDAQ,025950,동신건설(주),2025,2026,small_and_medium,construction,1995,7.489077445949401,1.7375310876452692,109902738.542,0.8854933619584855,0.12931394289422457,,-22.17098700952381,0.0044145017445890965,1337375.855,-126.0813064546797,0.005212718933123453,-0.020073333669996953,0.005886796171565022,-0.31849329012973915,,-0.12006767782011792,-229.06679934045633,0.03781046545452515,393382.251,0.001818583373367166,2.6526147245630667,0,,5.803,,,,0,1,0,1,0,0,0,0,1,1,0,0,0,0,0
KOSDAQ,025980,(주)아난티,2025,2026,mid_sized,it_services,1996,,,1610359434.0,,,,,,98883425.0,,,,,,,,,,35015226.0,,,0,1.0169260783469318,5.803,,,,0,0,0,1,0,0,1,0,0,0,1,0,0,0,0
KOSDAQ,026040,(주)제이에스티나,2025,2026,small_and_medium,manufacturing,1999,4.19672587791312,0.7302317748397575,55314581.66,0.8210302605766829,0.21798190397709674,,-4.229247828417367,0.02528428730517822,47246842.398,1.354626130662189,0.03750507758969825,0.012771670196158545,0.04568050581150942,-0.1490726042196589,,-0.02042790634952659,-2.8297573581066855,0.059701555808530364,0.0,0.019441846412402212,7.297497926071782,0,,5.803,,,,0,0,0,1,0,0,0,0,1,0,0,1,0,0,0
KOSDAQ,026150,(주)특수건설,2025,2026,mid_sized,construction,1997,,,195070766.0,,,,,,-20565575.0,,,,,,,,,,9884293.0,,,1,1.2728349473409892,5.803,,0.06091078389904333,,0,0,0,1,0,0,1,0,0,1,0,0,0,0,0
KOSDAQ,026910,광진실업(주),2025,2026,small_and_medium,manufacturing,1996,,,92888939.0,,,,,,2199224.0,,,,,,,,,,2859142.0,,,0,0.8782550908276852,5.803,,,,0,0,0,1,0,0,0,0,1,0,0,1,0,0,0
KOSDAQ,027040,서울전자통신(주),2025,2026,small_and_medium,manufacturing,1999,,,39471480.0,,,,,,5621753.0,,,,,,,,,,1129770.0,,,0,1.5190732068889494,5.803,,,,0,0,0,1,0,0,0,0,1,0,0,1,0,0,0
KOSDAQ,027050,(주)코리아나화장품,2025,2026,small_and_medium,manufacturing,1999,,,98970738.0,,,,,,26014714.0,,,,,,,,,,2483433.0,,,0,1.1035389311157742,5.803,,-0.12018695314453079,,0,0,0,1,0,0,0,0,1,0,0,1,0,0,0
KOSDAQ,027580,(주)상보,2025,2026,small_and_medium,manufacturing,2007,,,94303202.0,,,,,,6476121.0,,,,,,,,,,2056817.0,,,0,0.9644720852944354,5.803,,-0.15171682502112563,,0,0,0,1,0,0,0,0,1,0,0,1,0,0,0
KOSDAQ,027710,(주)팜스토리,2025,2026,mid_sized,manufacturing,1996,,,969038634.0,,,,,,163293527.0,,,,,,,,,,13051700.0,,,1,0.3775809268736879,5.803,,0.03336217535858149,,0,0,0,1,0,0,1,0,0,0,0,1,0,0,0
KOSDAQ,028080,(주)휴맥스홀딩스,2025,2026,mid_sized,it_services,1997,,,495072957.0,,,,,,400728418.0,,,,,,,,,,8318705.0,,,0,0.224485714807694,5.803,,,,0,0,0,1,0,0,1,0,0,0,1,0,0,0,0
KOSDAQ,028300,에이치엘비(주),2025,2026,small_and_medium,manufacturing,1996,,,930177639.0,,,,,,27711545.0,,,,,,,,,,4924584.0,,,0,13.638933426225028,5.803,,16.145749489195715,,0,0,0,1,0,0,0,0,1,0,0,1,0,0,0
KOSDAQ,029480,(주)광무,2025,2026,small_and_medium,manufacturing,1996,,,231440996.0,,,,,,1758292.0,,,,,,,,,,26207.0,,,0,0.6276046438655417,5.803,,,,0,0,0,1,0,0,0,0,1,0,0,1,0,0,0
KOSDAQ,030350,(주)드래곤플라이,2025,2026,small_and_medium,it_services,1997,,,13268730.0,,,,,,15879336.0,,,,,,,,,,352119.0,,,0,2.736370648343262,5.803,,,,0,0,0,1,0,0,0,0,1,0,1,0,0,0,0
KOSDAQ,030520,(주)한글과컴퓨터,2025,2026,mid_sized,it_services,1996,,,728546531.0,,,,,,198116098.0,,,,,,,,,,12401522.0,,,1,1.117672742771456,5.803,,,,0,0,0,1,0,0,1,0,0,0,1,0,0,0,0
KOSDAQ,030530,(주)원익홀딩스,2025,2026,mid_sized,manufacturing,1996,,,1969723238.0,,,,,,158175122.0,,,,,,,,,,47686440.0,,,1,2.890687368211307,5.803,,0.0792717714513105,,0,0,0,1,0,0,1,0,0,0,0,1,0,0,0
KOSDAQ,031310,(주)아이즈비전,2025,2026,mid_sized,it_services,1997,,,283990903.0,,,,,,42200218.0,,,,,,,,,,3503634.0,,,0,0.1893721702339756,5.803,,0.15960847407606502,,0,0,0,1,0,0,1,0,0,0,1,0,0,0,0
KOSDAQ,031330,(주)에스에이엠티,2025,2026,mid_sized,wholesale_retail,2000,,,1376246123.0,,,,,,162244864.0,,,,,,,,,,2176014.0,,,1,0.8537631930973951,5.803,,,,0,0,0,1,0,0,1,0,0,0,0,0,0,0,1
KOSDAQ,031510,(주)오스템,2025,2026,mid_sized,manufacturing,1997,,,131602601.0,,,,,,27961912.0,,,,,,,,,,3122442.0,,,1,0.4519427110420103,5.803,,,,0,0,0,1,0,0,1,0,0,0,0,1,0,0,0
KOSDAQ,031860,디에이치엑스컴퍼니(주),2025,2026,small_and_medium,wholesale_retail,1997,,,40724378.0,,,,,,3235184.0,,,,,,,,,,1104745.0,,,0,0.6420017852121659,5.803,,,,0,0,0,1,0,0,0,0,1,0,0,0,0,0,1
KOSDAQ,031980,피에스케이홀딩스(주),2025,2026,small_and_medium,manufacturing,1997,,,584879159.0,,,,,,130580073.0,,,,,,,,,,5176772.0,,,1,1.9715300749650688,5.803,,,,0,0,0,1,0,0,0,0,1,0,0,1,0,0,0
KOSDAQ,032080,(주)아즈텍더블유비이,2025,2026,small_and_medium,manufacturing,2000,13.159012742019842,3.2346852800861714,118388184.809,0.905840873006167,0.10394665310404022,0.10479132332348151,-8.98005788191901,0.030727665864177103,7528270.587,0.05693583791038145,0.008989906498837465,0.0038751730482240103,0.009924377191109881,0.5676057274305077,0.5100160783977826,0.20931166657272318,0.7852425193827492,-0.045599313527016815,0.0,0.000608200819331476,2.71177300684909,0,,5.803,0.16492387192269375,-0.1664691638330411,0.06196891509132248,0,1,0,1,0,0,0,0,1,0,0,1,0,0,0
KOSDAQ,032190,(주)다우데이타,2025,2026,mid_sized,wholesale_retail,1999,,,83638241038.0,,,,,,2718715245.0,,,,,,,,,,102201291.0,,,1,0.0913809190394072,5.803,,0.44810315443056364,,0,0,0,1,0,0,1,0,0,0,0,0,0,0,1
KOSDAQ,032280,(주)삼일,2025,2026,mid_sized,transport_storage,1997,0.37639956686375164,0.011404654013250623,103243877.642,0.6224733725504331,0.606494420641229,,-2.963746752631589,0.009606377072230849,8656924.41,1.3919424531585922,0.012735667518798247,0.02062270832545567,0.020459778812091108,0.0664594483869553,,0.025906737930843093,1.693479337024855,-0.015786607372997027,3193755.582,0.00566366755448292,2.56533449191349,0,,5.803,,0.04630781383413327,-0.02475121587085585,0,0,0,1,0,0,1,0,0,0,0,0,0,1,0
KOSDAQ,032300,(주)한국파마,2025,2026,small_and_medium,manufacturing,2020,1.1379202123935583,0.48667086922085545,126640396.444,0.5431618910591223,0.841071725503569,,-11.613573475059047,-0.030141161081992916,31403937.445,-0.18793088229265525,-0.03570103830967757,-0.007006677102376049,-0.06572817220306712,0.046435992725415466,,0.030667500981511765,0.5689880016937747,-0.042063375380821305,2301030.224,0.030904959001219468,1.5141759595413367,0,,5.803,,,,0,1,0,1,0,0,0,0,1,0,0,1,0,0,0
KOSDAQ,032500,(주)케이엠더블유,2025,2026,mid_sized,manufacturing,2000,,,247065549.0,,,,,,13002588.0,,,,,,,,,,8272650.0,,,0,4.484674565324415,5.803,,,,0,0,0,1,0,0,1,0,0,0,0,1,0,0,0
KOSDAQ,032540,티제이미디어(주),2025,2026,small_and_medium,manufacturing,1997,,,127346226.0,,,,,,30190641.0,,,,,,,,,,2519218.0,,,1,0.9360807613933476,5.803,,,,0,0,0,1,0,0,0,0,1,0,0,1,0,0,0
KOSDAQ,032580,(주)피델릭스,2025,2026,small_and_medium,manufacturing,1997,5.025978566977159,0.698845428905912,57422108.295,0.7801978368826452,0.2817261888287146,0.04876170665164881,-1.7043654558315475,-0.05527109631361815,7787860.823,-1.5004140010250746,-0.05158103880100663,-0.03597932661033793,-0.06611276827824028,-0.19267913937785447,-0.8685358764285714,-0.04535814508747399,-1.7661384161134057,-0.009255808133507334,0.0,0.006905139949982047,4.2479501533025505,0,,5.803,0.35714285714285715,,,0,1,0,1,0,0,0,0,1,0,0,1,0,0,0
KOSDAQ,032620,(주)유비케어,2025,2026,mid_sized,it_services,1997,,,227700115.0,,,,,,101943133.0,,,,,,,,,,6261968.0,,,1,1.19907151011116,5.803,,0.46906903484174495,,0,0,0,1,0,0,1,0,0,0,1,0,0,0,0
KOSDAQ,032680,(주)소프트센,2025,2026,small_and_medium,it_services,1997,,,93429974.0,,,,,,4553523.0,,,,,,,,,,522519.0,,,0,0.4944640747627251,5.803,,-0.08909222589380328,,0,0,0,1,0,0,0,0,1,0,1,0,0,0,0
KOSDAQ,032750,(주)삼진,2025,2026,mid_sized,manufacturing,1997,,,128247102.0,,,,,,22366248.0,,,,,,,,,,4340521.0,,,1,0.3074630451028309,5.803,,,,0,0,0,1,0,0,1,0,0,0,0,1,0,0,0
KOSDAQ,032790,(주)엠젠솔루션,2025,2026,small_and_medium,wholesale_retail,1997,,,59847229.0,,,,,,4377574.0,,,,,,,,,,3613520.0,,,0,1.6359296304710365,5.803,,-0.11059447244463633,,0,0,0,1,0,0,0,0,1,0,0,0,0,0,1
KOSDAQ,032820,(주)우리기술,2025,2026,small_and_medium,manufacturing,2000,,,338455309.0,,,,,,17648879.0,,,,,,,,,,5072681.0,,,0,4.879610092767903,5.803,,,,0,0,0,1,0,0,0,0,1,0,0,1,0,0,0
KOSDAQ,032850,(주)비트컴퓨터,2025,2026,small_and_medium,it_services,1997,,,82751602.0,,,,,,13395943.0,,,,,,,,,,1090934.0,,,1,1.0597752292089353,5.803,,,,0,0,0,1,0,0,0,0,1,0,1,0,0,0,0
KOSDAQ,032860,더라미(주),2025,2026,small_and_medium,other,1997,11.275731632379225,5.893206868446025,55651019.782,0.9420189987957119,0.06154971532252708,,-1.5955290489523641,-0.09124106234890303,7221644.921,-48.021798866479934,-0.06890370350841742,-0.030914987411541913,-0.07314470684402831,-0.6596499324219403,,-0.04180101078293126,-59.411235386146274,-0.045236746709433374,0.0,0.211867254655657,15.78071726177725,0,,5.803,,,,0,1,0,1,0,0,0,0,1,0,0,0,1,0,0
KOSDAQ,032940,(주)원익,2025,2026,mid_sized,wholesale_retail,1997,,,382206687.0,,,,,,71926805.0,,,,,,,,,,2136687.0,,,0,0.6715757011624136,5.803,,0.029052968702466955,,0,0,0,1,0,0,1,0,0,0,0,0,0,0,1
KOSDAQ,032960,(주)동일기연,2025,2026,small_and_medium,manufacturing,1997,,,68619262.0,,,,,,9054818.0,,,,,,,,,,939262.0,,,1,0.8628187539230033,5.803,,,,0,0,0,1,0,0,0,0,1,0,0,1,0,0,0
KOSDAQ,032980,바이온(주),2025,2026,small_and_medium,wholesale_retail,1997,,,53330992.0,,,,,,3620447.0,,,,,,,,,,1490544.0,,,0,1.0852395618518071,5.803,,,,0,0,0,1,0,0,0,0,1,0,0,0,0,0,1
KOSDAQ,033050,제이엠아이(주),2025,2026,small_and_medium,manufacturing,1997,,,104934467.0,,,,,,11797653.0,,,,,,,,,,4824180.0,,,0,0.4562350261879839,5.803,,0.17038933078664126,,0,0,0,1,0,0,0,0,1,0,0,1,0,0,0
KOSDAQ,033100,제룡전기(주),2025,2026,small_and_medium,manufacturing,1997,9.143393888626429,1.9363693667481299,266912013.218,0.8967167732181307,0.11517931844991282,,-28.801816057105757,0.2620891965521425,114419627.044,26.290231607989533,0.2791136596618947,0.2511209683891434,0.3112617807518127,2.436574413420243,,0.29984485146709844,26.34637759016047,-0.031688004346556026,0.0,0.0012897662523673333,8.1261172286215,0,,5.803,,0.6821484677049796,-0.044442629067142525,0,0,0,1,0,0,0,0,1,0,0,1,0,0,0
KOSDAQ,033130,(주)디지틀조선일보,2025,2026,small_and_medium,it_services,1997,,,107456360.0,,,,,,39901899.0,,,,,,,,,,5761613.0,,,1,0.6845485531030064,5.803,,0.1206318683980296,,0,0,0,1,0,0,0,0,1,0,1,0,0,0,0
KOSDAQ,033160,엠케이전자(주),2025,2026,mid_sized,manufacturing,1997,,,2534008826.0,,,,,,48491677.0,,,,,,,,,,16914277.0,,,1,0.1895247389969906,5.803,,0.09797294215341383,,0,0,0,1,0,0,1,0,0,0,0,1,0,0,0
KOSDAQ,033170,시그네틱스(주),2025,2026,large,manufacturing,2010,,,107129774.0,,,,,,-19813023.0,,,,,,,,,,4913340.0,,,0,1.284031798657852,5.803,,,,0,0,0,1,0,1,0,0,0,0,0,1,0,0,0
KOSDAQ,033230,(주)인성정보,2025,2026,mid_sized,it_services,1999,,,227467381.0,,,,,,34654518.0,,,,,,,,,,2567085.0,,,0,1.027225348741885,5.803,,,,0,0,0,1,0,0,1,0,0,0,1,0,0,0,0
KOSDAQ,033290,로젠(주),2025,2026,mid_sized,wholesale_retail,1997,,,982995977.0,,,,,,74105554.0,,,,,,,,,,27290926.0,,,0,0.2971446690120152,5.803,,0.0858333273352671,,0,0,0,1,0,0,1,0,0,0,0,0,0,0,1
KOSDAQ,033310,(주)엠투엔,2025,2026,small_and_medium,manufacturing,1997,,,191792669.0,,,,,,9749369.0,,,,,,,,,,2178161.0,,,0,0.5251389379256413,5.803,,,,0,0,0,1,0,0,0,0,1,0,0,1,0,0,0
KOSDAQ,033320,제이씨현시스템(주),2025,2026,mid_sized,wholesale_retail,1997,,,162680427.0,,,,,,25822985.0,,,,,,,,,,1482221.0,,,0,0.6559564657002981,5.803,,0.11067176758701253,,0,0,0,1,0,0,1,0,0,0,0,0,0,0,1
KOSDAQ,033340,(주)좋은사람들,2025,2026,small_and_medium,manufacturing,1997,,,84896798.0,,,,,,35948998.0,,,,,,,,,,4037025.0,,,0,2.8365808798418657,5.803,,,,0,0,0,1,0,0,0,0,1,0,0,1,0,0,0
KOSDAQ,033500,(주)동성화인텍,2025,2026,mid_sized,manufacturing,1997,,,501560927.0,,,,,,120954721.0,,,,,,,,,,13810142.0,,,1,2.9364471853693135,5.803,,0.37685698149914576,,0,0,0,1,0,0,1,0,0,0,0,1,0,0,0
KOSDAQ,033540,(주)파라텍,2025,2026,mid_sized,manufacturing,1997,,,179453985.0,,,,,,2675439.0,,,,,,,,,,4503340.0,,,0,0.521299517456713,5.803,,-0.1265091810753959,,0,0,0,1,0,0,1,0,0,0,0,1,0,0,0
KOSDAQ,033560,(주)블루콤,2025,2026,small_and_medium,manufacturing,2011,,,200886405.0,,,,,,3789617.0,,,,,,,,,,1692215.0,,,0,0.3115484120049494,5.803,,,,0,0,0,1,0,0,0,0,1,0,0,1,0,0,0
KOSDAQ,033640,(주)네패스,2025,2026,mid_sized,manufacturing,1999,,,696198458.0,,,,,,100867648.0,,,,,,,,,,121208753.0,,,0,1.465716637517711,5.803,,-0.019594187251469674,,0,0,0,1,0,0,1,0,0,0,0,1,0,0,0
KOSDAQ,033790,(주)피노,2025,2026,small_and_medium,manufacturing,2001,2.1540520887235024,0.7399265253654859,163677757.029,0.6004231705019498,0.6654920215087742,,-1.888882641807722,-0.02210420059075875,14215940.372,0.38271552645861284,-0.03575533444023854,0.05405241100922759,-0.05955022423659519,-0.16990529394456588,,-0.04197039429776958,-0.48069346573601196,0.03213503845894029,332835.43,0.0,4.048217720785032,0,,5.803,,,,0,1,0,1,0,0,0,0,1,0,0,1,0,0,0
KOSDAQ,033830,(주)티비씨,2025,2026,small_and_medium,it_services,2010,,,137292302.0,,,,,,7236249.0,,,,,,,,,,1298767.0,,,1,0.4652364759316152,5.803,,,,0,0,0,1,0,0,0,0,1,0,1,0,0,0,0
KOSDAQ,034810,해성산업(주),2025,2026,mid_sized,other,1999,,,2591018293.0,,,,,,305569580.0,,,,,,,,,,79291374.0,,,1,0.2209624258180587,5.803,,,,0,0,0,1,0,0,1,0,0,0,0,0,1,0,0
KOSDAQ,034940,조아제약(주),2025,2026,small_and_medium,manufacturing,1999,,,64683059.0,,,,,,21873989.0,,,,,,,,,,2199106.0,,,0,1.4375044802529815,5.803,,,,0,0,0,1,0,0,0,0,1,0,0,1,0,0,0
KOSDAQ,034950,한국기업평가(주),2025,2026,mid_sized,it_services,2002,,,187503476.0,,,,,,109781325.0,,,,,,,,,,1410558.0,,,1,3.0877680257644142,5.803,,,,0,0,0,1,0,0,1,0,0,0,1,0,0,0,0
KOSDAQ,035080,(주)그래디언트,2025,2026,mid_sized,wholesale_retail,1999,,,1746643371.0,,,,,,161690320.0,,,,,,,,,,20034087.0,,,1,0.2157654259261056,5.803,,,,0,0,0,1,0,0,1,0,0,0,0,0,0,0,1
KOSDAQ,035200,(주)프럼파스트,2025,2026,small_and_medium,manufacturing,2002,,,41680469.0,,,,,,3359809.0,,,,,,,,,,459240.0,,,1,0.9531031466563592,5.803,,,,0,0,0,1,0,0,0,0,1,0,0,1,0,0,0
KOSDAQ,035290,(주)골드앤에스,2025,2026,small_and_medium,it_services,1999,3.9802348544865827,0.3229817547800232,16544466.943,0.6953237916720711,0.43817889158554835,,0.034848085596923296,-0.16345560090471295,3029322.643,-7.85730746583643,-0.08923304015090262,-0.11350339835485143,-0.12833307477703387,-0.030824479891843042,,-0.017226409065407407,-0.6501284669763145,-0.07972116258227638,0.0,0.051899452303798534,1.7893735005830154,0,,5.803,,,,0,1,0,1,0,0,0,0,1,0,1,0,0,0,0
KOSDAQ,035460,(주)기산텔레콤,2025,2026,small_and_medium,manufacturing,1999,,,130233672.0,,,,,,22401609.0,,,,,,,,,,1477364.0,,,0,0.4201464296211968,5.803,,,,0,0,0,1,0,0,0,0,1,0,0,1,0,0,0
KOSDAQ,035600,(주)케이지이니시스,2025,2026,mid_sized,it_services,2002,,,1985094451.0,,,,,,310937768.0,,,,,,,,,,40010387.0,,,1,0.3714041541050316,5.803,,,,0,0,0,1,0,0,1,0,0,0,1,0,0,0,0
KOSDAQ,035610,(주)솔본,2025,2026,small_and_medium,it_services,1999,,,374525991.0,,,,,,79691397.0,,,,,,,,,,2429229.0,,,1,0.3195919060173263,5.803,,,,0,0,0,1,0,0,0,0,1,0,1,0,0,0,0
KOSDAQ,035620,(주)바른손이앤에이,2025,2026,small_and_medium,it_services,1999,,,102888264.0,,,,,,2905771.0,,,,,,,,,,551928.0,,,0,0.4743185052884906,5.803,,,,0,0,0,1,0,0,0,0,1,0,1,0,0,0,0
KOSDAQ,035760,(주)씨제이이엔엠,2025,2026,large,it_services,1999,,,8666766089.0,,,,,,1705597788.0,,,,,,,,,,81937167.0,,,0,0.4111110060247003,5.803,,-0.06975380137843863,,0,0,0,1,0,1,0,0,0,0,1,0,0,0,0
KOSDAQ,035810,(주)이지홀딩스,2025,2026,mid_sized,manufacturing,1999,,,2896618126.0,,,,,,566495049.0,,,,,,,,,,87721953.0,,,1,0.233690087074805,5.803,,0.01426268261535021,,0,0,0,1,0,0,1,0,0,0,0,1,0,0,0
KOSDAQ,035890,(주)서희건설,2025,2026,mid_sized,construction,1999,,,1623933171.0,,,,,,230805236.0,,,,,,,,,,11908525.0,,,1,0.3435277310408341,5.803,,0.054097896738445804,,0,0,0,1,0,0,1,0,0,1,0,0,0,0,0
KOSDAQ,035900,(주)제이와이피엔터테인먼트,2025,2026,mid_sized,it_services,2001,,,851090190.0,,,,,,303443463.0,,,,,,,,,,11137848.0,,,1,4.127799559502033,5.803,,,,0,0,0,1,0,0,1,0,0,0,1,0,0,0,0
KOSDAQ,036000,(주)예림당,2025,2026,mid_sized,it_services,1999,5.101520986208619,0.5056543445603816,300699923.43,0.8508364978335572,0.17531394403772108,,-21.023191834202546,12.301717103013377,3961774.365,-0.5916519615472641,0.006877893477353852,-0.0047228369093036985,0.008083684109540072,0.053040699429145945,,0.23191537654448877,0.9911403887155347,0.4117583409056739,0.0,0.009743370901396441,0.22870712679532507,0,,5.803,,0.3261547406257871,11.419704436795426,0,1,1,1,0,0,1,0,0,0,1,0,0,0,0
KOSDAQ,036010,아비코전자(주),2025,2026,mid_sized,manufacturing,2002,,,152985922.0,,,,,,21076355.0,,,,,,,,,,6537256.0,,,0,0.8073713608692025,5.803,,0.05460066656068219,,0,0,0,1,0,0,1,0,0,0,0,1,0,0,0
KOSDAQ,036030,(주)케이티알파,2025,2026,large,wholesale_retail,1999,2.2926993640823987,0.8728797934413356,495895985.784,0.6111637605370966,0.6362226698801488,,,0.11024466173211098,64523449.676,67.13402860196592,0.10524762957192699,0.08905471121566169,0.17220855745673525,0.2598579606418994,,0.12656771443801584,76.17080926170888,-0.013031103834776193,0.0,0.017814430280240094,2.0531141120444265,0,,5.803,,,,0,0,0,1,0,1,0,0,0,0,0,0,0,0,1
KOSDAQ,036090,(주)위지트,2025,2026,small_and_medium,manufacturing,1999,,,679926617.0,,,,,,92873451.0,,,,,,,,,,8130302.0,,,0,0.179596966606586,5.803,,1.6432218926991187,,0,0,0,1,0,0,0,0,1,0,0,1,0,0,0
KOSDAQ,036120,서울평가정보(주),2025,2026,small_and_medium,it_services,1999,,,41758423.0,,,,,,41257827.0,,,,,,,,,,1215690.0,,,1,2.069817953147617,5.803,,,,0,0,0,1,0,0,0,0,1,0,1,0,0,0,0
KOSDAQ,036170,(주)에이치엠넥스,2025,2026,small_and_medium,manufacturing,1999,,,162859122.0,,,,,,6525349.0,,,,,,,,,,491662.0,,,0,0.3810926733880175,5.803,,0.3454045128198737,,0,0,0,1,0,0,0,0,1,0,0,1,0,0,0
KOSDAQ,036190,(주)금화피에스시,2025,2026,mid_sized,construction,2000,,,490634811.0,,,,,,63372540.0,,,,,,,,,,5886902.0,,,1,0.4650042778446308,5.803,,0.13975762727103855,,0,0,0,1,0,0,1,0,0,1,0,0,0,0,0
KOSDAQ,036200,유니셈(주),2025,2026,mid_sized,manufacturing,1999,,,282810734.0,,,,,,28780271.0,,,,,,,,,,2951347.0,,,1,1.2159603681747206,5.803,,0.1620886931270191,,0,0,0,1,0,0,1,0,0,0,0,1,0,0,0
KOSDAQ,036220,(주)오상헬스케어,2025,2026,mid_sized,manufacturing,2024,,,336205562.0,,,,,,57144759.0,,,,,,,,,,7122413.0,,,1,0.6106647817636278,5.803,,,,0,0,0,1,0,0,1,0,0,0,0,1,0,0,0
KOSDAQ,036480,(주)대성미생물연구소,2025,2026,small_and_medium,manufacturing,2000,2.9577215521245024,0.40387634267370043,57979205.426,0.6109339100414045,0.6368382628036271,,-17.642875090526314,0.02301713890415892,6436650.823,0.7847234317080346,0.0057767710084865006,0.012319407221122342,0.0094556398221454,0.06251128383623202,,0.05425848506910852,1.5492039955265093,-0.014003734684433996,0.0,0.007393518742631277,1.152101533181621,0,,5.803,,-0.09816537212052474,0.02301713890415892,0,1,0,1,0,0,0,0,1,0,0,1,0,0,0
KOSDAQ,036540,(주)에스에프에이반도체,2025,2026,mid_sized,manufacturing,2001,,,549454598.0,,,,,,-5330336.0,,,,,,,,,,38127798.0,,,0,1.5912915020973797,5.803,,-0.0991219398908528,,0,0,0,1,0,0,1,0,0,0,0,1,0,0,0
KOSDAQ,036560,케이젯정밀(주),2025,2026,large,manufacturing,1999,1.8455738160491446,0.22888859388773136,734007614.682,0.7917731565629381,0.26298800573256087,,-72.79905092292064,0.08418115764979707,35127945.568,4.630434206904196,0.01730755132901966,0.01386918101988683,0.021859229737152475,0.07959053602580944,,0.11007437764805618,5.533106714880337,-0.0038985038530420756,0.0,0.004765243571097484,0.7230614219803853,0,,5.803,,,,0,0,0,1,0,1,0,0,0,0,0,1,0,0,0
KOSDAQ,036620,감성코퍼레이션(주),2025,2026,small_and_medium,wholesale_retail,2000,3.459216948835586,0.8391093188822994,184823626.775,0.724786024451716,0.3797175528549642,,-1.8530373559976556,0.14155857381308978,173027297.596,24.40731193946122,0.2372452701806365,0.2414791595791636,0.32733146360004267,0.7667270137343546,,0.15587984097434548,21.328069374514367,-0.019386648723012,0.0,0.015133595502944323,4.918705388341662,0,,5.803,,3.7123106118938405,0.9464292520519775,0,0,0,1,0,0,0,0,1,0,0,0,0,0,1
KOSDAQ,036630,세종텔레콤(주),2025,2026,mid_sized,construction,2000,,,355959702.0,,,,,,169853302.0,,,,,,,,,,18097541.0,,,1,0.5728644006783108,5.803,,-0.2667187326466518,,0,0,0,1,0,0,1,0,0,1,0,0,0,0,0
KOSDAQ,036640,(주)에이치알에스,2025,2026,small_and_medium,manufacturing,2000,,,142539923.0,,,,,,24285464.0,,,,,,,,,,1230807.0,,,1,0.6521765851324287,5.803,,,,0,0,0,1,0,0,0,0,1,0,0,1,0,0,0
KOSDAQ,036670,(주)삼양케이씨아이,2025,2026,mid_sized,manufacturing,2001,5.578033424519057,0.2715747289431548,144227657.162,0.8703566513945534,0.14895428029155852,,-21.276752568944097,0.08338524198311581,34366792.908,10.787802295118635,0.0803995151982208,0.07553121441724553,0.09237536712036201,-0.047789835915564696,,-0.007647936544885437,-0.8848961195200971,0.07374646549970006,0.0,0.006386052253247514,6.248722859439018,0,,5.803,,,,0,0,0,1,0,0,1,0,0,0,0,1,0,0,0
KOSDAQ,036690,(주)코맥스,2025,2026,mid_sized,manufacturing,2000,,,93400414.0,,,,,,6687903.0,,,,,,,,,,825361.0,,,0,4.191495775596345,5.803,,,,0,0,0,1,0,0,1,0,0,0,0,1,0,0,0
KOSDAQ,036710,(주)심텍홀딩스,2025,2026,mid_sized,it_services,2000,,,1596446603.0,,,,,,109567689.0,,,,,,,,,,109307665.0,,,1,0.3842924108141827,5.803,,,,0,0,0,1,0,0,1,0,0,0,1,0,0,0,0
KOSDAQ,036800,나이스정보통신(주),2025,2026,mid_sized,it_services,2000,,,1196040535.0,,,,,,158352480.0,,,,,,,,,,19831539.0,,,1,0.57920824987765,5.803,,,,0,0,0,1,0,0,1,0,0,0,1,0,0,0,0
KOSDAQ,036810,(주)에프에스티,2025,2026,mid_sized,manufacturing,2000,,,540070063.0,,,,,,84374136.0,,,,,,,,,,22718041.0,,,0,2.7772165580249513,5.803,,3.0242188620429578,,0,0,0,1,0,0,1,0,0,0,0,1,0,0,0
KOSDAQ,036830,솔브레인홀딩스(주),2025,2026,mid_sized,it_services,2000,,,2658817185.0,,,,,,106688720.0,,,,,,,,,,46710963.0,,,1,0.4014971424933678,5.803,,,,0,0,0,1,0,0,1,0,0,0,1,0,0,0,0
KOSDAQ,036890,(주)진성티이씨,2025,2026,mid_sized,manufacturing,2000,,,514178423.0,,,,,,99010543.0,,,,,,,,,,12256199.0,,,1,1.0004269927521352,5.803,,,,0,0,0,1,0,0,1,0,0,0,0,1,0,0,0
KOSDAQ,036930,주성엔지니어링(주),2025,2026,mid_sized,manufacturing,1999,,,887892914.0,,,,,,177308434.0,,,,,,,,,,17776579.0,,,0,2.2174916278261865,5.803,,0.10261453476291153,,0,0,0,1,0,0,1,0,0,0,0,1,0,0,0
KOSDAQ,037030,(주)파워넷,2025,2026,mid_sized,manufacturing,2018,,,583813969.0,,,,,,86045592.0,,,,,,,,,,6772175.0,,,0,0.2022753229673614,5.803,,2.936331907718109,,0,0,0,1,0,0,1,0,0,0,0,1,0,0,0
KOSDAQ,037070,(주)파세코,2025,2026,mid_sized,manufacturing,2000,2.774609071932996,0.9499772938721711,110766145.071,0.7726797741055242,0.2941971998136331,,-7.558675995200001,0.022042874280263497,22932241.476,1.87619755890052,0.03161052450417637,0.029800619357874703,0.04091025229794529,0.5585984746460957,,0.08376621515613063,7.9944962047840775,-0.09356606308142988,0.0,0.010018096362283938,6.668541411414281,0,,5.803,,-0.172150140670804,0.016767812147043457,0,0,0,1,0,0,1,0,0,0,0,1,0,0,0
KOSDAQ,037230,(주)한국팩키지,2025,2026,mid_sized,manufacturing,1999,0.6992909966884782,0.01970129805678439,219425207.451,0.509899094022664,0.9611723411996336,0.28101853066161464,-6.508958843639535,0.025400618026740353,31984416.014,3.4333100100097202,0.033349762477194594,0.045320985822564296,0.06540463175585141,0.18144942082578402,0.316450752647561,0.08708165080748223,6.73681720191942,-0.06298919746987808,0.0,0.0847651976546655,2.083669971150725,0,,5.803,1.0,,,0,0,0,1,0,0,1,0,0,0,0,1,0,0,0
KOSDAQ,037330,(주)인지디스플레이,2025,2026,mid_sized,manufacturing,1999,,,482177887.0,,,,,,53892484.0,,,,,,,,,,31532351.0,,,1,0.2909616214048552,5.803,,0.05932970543358397,,0,0,0,1,0,0,1,0,0,0,0,1,0,0,0
KOSDAQ,037350,(주)성도이엔지,2025,2026,mid_sized,it_services,2000,,,601886642.0,,,,,,89552975.0,,,,,,,,,,3789963.0,,,1,0.3392679737180705,5.803,,,,0,0,0,1,0,0,1,0,0,0,1,0,0,0,0
KOSDAQ,037370,(주)이지,2025,2026,small_and_medium,manufacturing,2000,,,151597053.0,,,,,,11753663.0,,,,,,,,,,4677608.0,,,0,2.0328036948649983,5.803,,,,0,0,0,1,0,0,0,0,1,0,0,1,0,0,0
KOSDAQ,037400,우리엔터프라이즈(주),2025,2026,mid_sized,wholesale_retail,1999,,,858450916.0,,,,,,101843430.0,,,,,,,,,,26615899.0,,,0,0.0785613984356727,5.803,,,,0,0,0,1,0,0,1,0,0,0,0,0,0,0,1
KOSDAQ,037440,(주)희림종합건축사사무소,2025,2026,mid_sized,it_services,2000,,,211798544.0,,,,,,30957209.0,,,,,,,,,,6565176.0,,,1,0.7343699267365322,5.803,,,,0,0,0,1,0,0,1,0,0,0,1,0,0,0,0
KOSDAQ,037460,삼지전자(주),2025,2026,mid_sized,manufacturing,1999,,,1825577701.0,,,,,,238324210.0,,,,,,,,,,5286978.0,,,1,0.3230080641089893,5.803,,,,0,0,0,1,0,0,1,0,0,0,0,1,0,0,0
KOSDAQ,037760,(주)쎄니트,2025,2026,small_and_medium,manufacturing,2000,,,222592550.0,,,,,,21796197.0,,,,,,,,,,6134182.0,,,1,0.6185501521800407,5.803,,,,0,0,0,1,0,0,0,0,1,0,0,1,0,0,0
KOSDAQ,037950,엘컴텍(주),2025,2026,mid_sized,manufacturing,2000,,,87321822.0,,,,,,6467145.0,,,,,,,,,,2776530.0,,,0,0.8943306601893269,5.803,,,,0,0,0,1,0,0,1,0,0,0,0,1,0,0,0
KOSDAQ,038010,(주)제일테크노스,2025,2026,mid_sized,manufacturing,2000,,,179514853.0,,,,,,20185690.0,,,,,,,,,,3498528.0,,,1,0.3687479904251806,5.803,,,,0,0,0,1,0,0,1,0,0,0,0,1,0,0,0
KOSDAQ,038060,(주)루멘스,2025,2026,mid_sized,manufacturing,2006,,,156110248.0,,,,,,18000318.0,,,,,,,,,,3581015.0,,,0,0.2783466927061966,5.803,,,,0,0,0,1,0,0,1,0,0,0,0,1,0,0,0
KOSDAQ,038070,(주)서린바이오사이언스,2025,2026,small_and_medium,wholesale_retail,2005,,,118797948.0,,,,,,17321825.0,,,,,,,,,,1081644.0,,,1,0.6884862206129672,5.803,,0.04117477393277523,,0,0,0,1,0,0,0,0,1,0,0,0,0,0,1
KOSDAQ,038110,에코플라스틱(주),2025,2026,mid_sized,manufacturing,2000,,,1696948723.0,,,,,,136381083.0,,,,,,,,,,71067295.0,,,1,0.3502041318066006,5.803,,0.7169365809964701,,0,0,0,1,0,0,1,0,0,0,0,1,0,0,0
KOSDAQ,038290,(주)마크로젠,2025,2026,mid_sized,it_services,2000,,,351624587.0,,,,,,70192730.0,,,,,,,,,,14638271.0,,,1,1.0614404695171311,5.803,,0.36384797942421565,,0,0,0,1,0,0,1,0,0,0,1,0,0,0,0
KOSDAQ,038390,(주)레드캡투어,2025,2026,mid_sized,it_services,2000,,,710291517.0,,,,,,271014455.0,,,,,,,,,,145974706.0,,,1,0.953734377084376,5.803,,,,0,0,0,1,0,0,1,0,0,0,1,0,0,0,0
KOSDAQ,038460,(주)바이오스마트,2025,2026,mid_sized,manufacturing,2000,,,309881100.0,,,,,,85256369.0,,,,,,,,,,6592105.0,,,0,0.5437650210230376,5.803,,,,0,0,0,1,0,0,1,0,0,0,0,1,0,0,0
KOSDAQ,038500,(주)삼표시멘트,2025,2026,mid_sized,manufacturing,2001,,,1446731199.0,,,,,,130366908.0,,,,,,,,,,77315176.0,,,1,0.6848866343297221,5.803,,,,0,0,0,1,0,0,1,0,0,0,0,1,0,0,0
KOSDAQ,038530,(주)케이바이오컴퍼니,2025,2026,small_and_medium,wholesale_retail,2000,,,118841882.0,,,,,,12655078.0,,,,,,,,,,917613.0,,,0,0.2726530260198702,5.803,,,,0,0,0,1,0,0,0,0,1,0,0,0,0,0,1
KOSDAQ,038540,(주)상상인,2025,2026,mid_sized,it_services,2000,,,4517784073.0,,,,,,45924277.0,,,,,,,,,,8358902.0,,,0,0.2049236095384043,5.803,,-0.32714938931521187,,0,0,0,1,0,0,1,0,0,0,1,0,0,0,0
KOSDAQ,038620,위즈코프(주),2025,2026,small_and_medium,wholesale_retail,2000,,,115967607.0,,,,,,19584934.0,,,,,,,,,,3657554.0,,,0,0.4608119450283306,5.803,,,,0,0,0,1,0,0,0,0,1,0,0,0,0,0,1
KOSDAQ,038680,에스넷시스템(주),2025,2026,mid_sized,it_services,2000,,,251380974.0,,,,,,61868810.0,,,,,,,,,,3013063.0,,,1,0.5823910094213467,5.803,,-0.14130463999797668,,0,0,0,1,0,0,1,0,0,0,1,0,0,0,0
KOSDAQ,038870,에코바이오홀딩스(주),2025,2026,small_and_medium,it_services,2001,,,107634064.0,,,,,,3425558.0,,,,,,,,,,1184566.0,,,0,0.5890526778508242,5.803,,-0.183351766848062,,0,0,0,1,0,0,0,0,1,0,1,0,0,0,0
KOSDAQ,038880,(주)아이에이,2025,2026,small_and_medium,manufacturing,2000,,,105816149.0,,,,,,6195615.0,,,,,,,,,,1482418.0,,,0,0.9632148252737474,5.803,,,,0,0,0,1,0,0,0,0,1,0,0,1,0,0,0
KOSDAQ,038950,(주)파인디지털,2025,2026,small_and_medium,manufacturing,2000,,,103392699.0,,,,,,20403652.0,,,,,,,,,,1295646.0,,,1,0.3469745092897781,5.803,,,,0,0,0,1,0,0,0,0,1,0,0,1,0,0,0
KOSDAQ,039010,현대에이치티(주),2025,2026,mid_sized,manufacturing,2000,,,141946538.0,,,,,,32865779.0,,,,,,,,,,2695298.0,,,1,0.7411835871797214,5.803,,0.13480870674541406,,0,0,0,1,0,0,1,0,0,0,0,1,0,0,0
KOSDAQ,039020,(주)이건홀딩스,2025,2026,mid_sized,manufacturing,2000,,,734413821.0,,,,,,52611801.0,,,,,,,,,,19130817.0,,,1,0.2732006890921861,5.803,,0.04145025759327882,,0,0,0,1,0,0,1,0,0,0,0,1,0,0,0
KOSDAQ,039030,(주)이오테크닉스,2025,2026,mid_sized,manufacturing,2000,,,777751432.0,,,,,,139098843.0,,,,,,,,,,5365467.0,,,1,4.871233346484872,5.803,,,,0,0,0,1,0,0,1,0,0,0,0,1,0,0,0
KOSDAQ,039200,(주)오스코텍,2025,2026,small_and_medium,manufacturing,2007,,,229853201.0,,,,,,97892909.0,,,,,,,,,,1622906.0,,,0,9.254974372453605,5.803,,,,0,0,0,1,0,0,0,0,1,0,0,1,0,0,0
KOSDAQ,039240,경남스틸(주),2025,2026,mid_sized,manufacturing,2000,2.521851396762476,0.312476115154292,159149627.172,0.7160128112511743,0.396623055183302,,-41.23678448393831,0.012972078472051854,19289885.076,3.011492991899535,0.036448425384816456,0.037436101647671416,0.05090471121756298,0.3504772228275272,,0.044353375663781086,8.006630497091923,-0.070421092824098,2689474.599,0.00822568927280729,7.901928941875927,0,,5.803,,,,0,0,0,1,0,0,1,0,0,0,0,1,0,0,0
KOSDAQ,039290,인포뱅크(주),2025,2026,mid_sized,it_services,2006,,,96790825.0,,,,,,13972209.0,,,,,,,,,,1119689.0,,,1,0.7652802836595498,5.803,,-0.03951476409715157,,0,0,0,1,0,0,1,0,0,0,1,0,0,0,0
KOSDAQ,039310,(주)세중,2025,2026,small_and_medium,it_services,2000,7.292829503570893,0.6232194001768206,115109241.353,0.8623622554994184,0.15960548322105275,,-9.955489360002035,-0.07719308389014781,12803769.496,-1.112639302294309,-0.02822702953132893,-0.008966933417923175,-0.032732218219571604,0.1302989713975772,,0.05794278177925104,2.2253021427938755,-0.0418263359171598,0.0,0.02470700052030079,2.2487524312171785,0,,5.803,,-0.12151462596969921,-0.4562757660216583,0,1,0,1,0,0,0,0,1,0,1,0,0,0,0
KOSDAQ,039340,(주)한국경제티브이,2025,2026,mid_sized,it_services,2004,,,167245065.0,,,,,,75910006.0,,,,,,,,,,4080409.0,,,1,0.8463558589062136,5.803,,,,0,0,0,1,0,0,1,0,0,0,1,0,0,0,0
KOSDAQ,039420,(주)케이엘넷,2025,2026,small_and_medium,it_services,2002,,,76367029.0,,,,,,17294625.0,,,,,,,,,,2152003.0,,,1,1.0328213899686849,5.803,,0.2201195134145992,,0,0,0,1,0,0,0,0,1,0,1,0,0,0,0
KOSDAQ,039440,(주)에스티아이,2025,2026,mid_sized,manufacturing,2002,,,366268499.0,,,,,,57428958.0,,,,,,,,,,4608236.0,,,1,1.6454154395239269,5.803,,,,0,0,0,1,0,0,1,0,0,0,0,1,0,0,0
KOSDAQ,039560,(주)다산네트웍스,2025,2026,mid_sized,manufacturing,2000,,,615660837.0,,,,,,163365543.0,,,,,,,,,,13127129.0,,,0,0.3653886058077145,5.803,,0.682150812055247,,0,0,0,1,0,0,1,0,0,0,0,1,0,0,0
KOSDAQ,039610,화성밸브(주),2025,2026,small_and_medium,manufacturing,2000,,,128787513.0,,,,,,8068930.0,,,,,,,,,,1611065.0,,,0,0.8957101747641746,5.803,,0.9304532180787259,,0,0,0,1,0,0,0,0,1,0,0,1,0,0,0
KOSDAQ,039740,한국정보공학(주),2025,2026,mid_sized,wholesale_retail,2000,,,111391219.0,,,,,,15736375.0,,,,,,,,,,1639184.0,,,0,0.4588947202869102,5.803,,,,0,0,0,1,0,0,1,0,0,0,0,0,0,0,1
KOSDAQ,039830,오로라월드(주),2025,2026,mid_sized,it_services,2001,,,582524011.0,,,,,,182885700.0,,,,,,,,,,13037211.0,,,1,0.8726814513816381,5.803,,1.5416621733095197,,0,0,0,1,0,0,1,0,0,0,1,0,0,0,0
KOSDAQ,039840,(주)디오,2025,2026,small_and_medium,manufacturing,2000,,,328467730.0,,,,,,110226492.0,,,,,,,,,,8798175.0,,,1,1.2666487546242131,5.803,,,,0,0,0,1,0,0,0,0,1,0,0,1,0,0,0
KOSDAQ,039860,(주)나노엔텍,2025,2026,small_and_medium,manufacturing,2000,,,98005252.0,,,,,,22387212.0,,,,,,,,,,2954338.0,,,0,2.5122221452077285,5.803,,,,0,0,0,1,0,0,0,0,1,0,0,1,0,0,0
KOSDAQ,039980,(주)폴라리스에이아이,2025,2026,small_and_medium,it_services,2002,3.578292312411887,1.0718978655587046,106953014.956,0.8880341000491992,0.12608288346652188,,-1.6100445653001914,-0.01794366058532312,10787757.745,-6.174897960944275,-0.007050627748177343,-0.04384837793426701,-0.007939591224916612,-0.3749344905581061,,-0.10289327941678045,-5.911768534271923,0.03465896534590441,835673.237,0.02153005060163402,3.643916227408722,0,,5.803,,,,0,1,0,1,0,0,0,0,1,0,1,0,0,0,0
KOSDAQ,040160,(주)누리플렉스,2025,2026,mid_sized,it_services,2000,,,153564760.0,,,,,,27987603.0,,,,,,,,,,2051216.0,,,0,0.6424002172089436,5.803,,0.008550875007010905,,0,0,0,1,0,0,1,0,0,0,1,0,0,0,0
KOSDAQ,040300,(주)와이티엔,2025,2026,mid_sized,it_services,2001,5.694129535714138,1.0949095259958872,349994207.376,0.6584303016147641,0.5187636376204966,,-3.833502279842389,-0.10572537671314997,-5274569.463,-54.859738459293744,-0.03327701624355126,-0.0388621416079262,-0.05053992223921227,-0.039324198968036496,,-0.035032407132786055,-18.9612176730603,-0.02710475381042125,1625961.16,0.05637884972136568,1.1225091903899989,0,,5.803,,0.22391767675962135,-0.11094452760549334,0,1,0,1,0,0,1,0,0,0,1,0,0,0,0
KOSDAQ,040350,(주)크레오에스지,2025,2026,small_and_medium,it_services,2002,,,88916567.0,,,,,,3775890.0,,,,,,,,,,559723.0,,,0,2.023827186542538,5.803,,,,0,0,0,1,0,0,0,0,1,0,1,0,0,0,0
KOSDAQ,040420,(주)정상제이엘에스,2025,2026,mid_sized,it_services,2000,,,103209670.0,,,,,,20840577.0,,,,,,,,,,6738194.0,,,1,1.125579301282074,5.803,,,,0,0,0,1,0,0,1,0,0,0,1,0,0,0,0
KOSDAQ,040610,(주)에스지엔지,2025,2026,small_and_medium,manufacturing,2000,,,488759327.0,,,,,,6825137.0,,,,,,,,,,2659186.0,,,0,0.1476704288735018,5.803,,,,0,0,0,1,0,0,0,0,1,0,0,1,0,0,0
KOSDAQ,040910,(주)아이씨디,2025,2026,mid_sized,manufacturing,2011,,,144397433.0,,,,,,33071128.0,,,,,,,,,,3562635.0,,,0,0.7327708300457629,5.803,,-0.31085564591190895,,0,0,0,1,0,0,1,0,0,0,0,1,0,0,0
KOSDAQ,041020,(주)폴라리스오피스,2025,2026,small_and_medium,it_services,2005,,,644668197.0,,,,,,78298977.0,,,,,,,,,,8541264.0,,,0,0.4439646043339693,5.803,,17.30479879415768,,0,0,0,1,0,0,0,0,1,0,1,0,0,0,0
KOSDAQ,041440,(주)현대에버다임,2025,2026,large,manufacturing,2003,,,295123017.0,,,,,,49586040.0,,,,,,,,,,4834590.0,,,1,0.7681932420356586,5.803,,,,0,0,0,1,0,1,0,0,0,0,0,1,0,0,0
KOSDAQ,041460,한국전자인증(주),2025,2026,small_and_medium,it_services,2010,,,86427992.0,,,,,,36746210.0,,,,,,,,,,944526.0,,,1,1.0940833964083423,5.803,,,,0,0,0,1,0,0,0,0,1,0,1,0,0,0,0
KOSDAQ,041510,(주)에스엠엔터테인먼트,2025,2026,large,it_services,2000,,,2007711294.0,,,,,,432535410.0,,,,,,,,,,33732003.0,,,1,2.2747323486775235,5.803,,,,0,0,0,1,0,1,0,0,0,0,1,0,0,0,0
KOSDAQ,041520,(주)이엘씨,2025,2026,mid_sized,manufacturing,2003,,,182458044.0,,,,,,18234462.0,,,,,,,,,,1253721.0,,,1,0.5036802161727818,5.803,,,,0,0,0,1,0,0,1,0,0,0,0,1,0,0,0
KOSDAQ,041590,(주)플래스크,2025,2026,small_and_medium,construction,2002,,,47079825.0,,,,,,2824833.0,,,,,,,,,,247686.0,,,0,2.805293648687772,5.803,,,,0,0,0,1,0,0,0,0,1,1,0,0,0,0,0
KOSDAQ,041830,(주)인바디,2025,2026,small_and_medium,manufacturing,2000,,,361061686.0,,,,,,181010197.0,,,,,,,,,,7913952.0,,,1,1.3805948516978308,5.803,,0.31555332896216737,,0,0,0,1,0,0,0,0,1,0,0,1,0,0,0
KOSDAQ,041910,(주)폴라리스에이아이파마,2025,2026,small_and_medium,manufacturing,2004,2.6148421273546116,0.9272013440380511,195928871.523,0.6937576170138027,0.4414256153386556,,-19.134958307111145,0.1109218683597631,12266129.353,12.602307927230115,0.03878152249301362,0.0162746477495313,0.05590067992326207,0.14718797359534114,,0.15900329539274088,34.9040732464095,-0.013630407669073426,0.0,0.016457624764206712,0.925691340118356,0,,5.803,,,,0,0,0,1,0,0,0,0,1,0,0,1,0,0,0
KOSDAQ,041920,(주)메디아나,2025,2026,small_and_medium,manufacturing,2014,,,146835882.0,,,,,,22291469.0,,,,,,,,,,1355016.0,,,0,1.2592695326945358,5.803,,,,0,0,0,1,0,0,0,0,1,0,0,1,0,0,0
KOSDAQ,041930,동아화성(주),2025,2026,mid_sized,manufacturing,2001,,,307715897.0,,,,,,51211130.0,,,,,,,,,,10150796.0,,,1,0.5782230663247294,5.803,,,,0,0,0,1,0,0,1,0,0,0,0,1,0,0,0
KOSDAQ,041960,(주)코미팜,2025,2026,small_and_medium,manufacturing,2001,,,133915481.0,,,,,,17058945.0,,,,,,,,,,2599996.0,,,0,7.185765971493278,5.803,,,,0,0,0,1,0,0,0,0,1,0,0,1,0,0,0
KOSDAQ,042000,카페24(주),2025,2026,mid_sized,it_services,2018,,,415599635.0,,,,,,288296936.0,,,,,,,,,,23804886.0,,,0,2.7498528570460437,5.803,,0.29134242943807936,,0,0,0,1,0,0,1,0,0,0,1,0,0,0,0
KOSDAQ,042040,(주)케이피엠테크,2025,2026,small_and_medium,wholesale_retail,2003,,,143168666.0,,,,,,37749987.0,,,,,,,,,,1841934.0,,,0,0.6682408537258112,5.803,,,,0,0,0,1,0,0,0,0,1,0,0,0,0,0,1
KOSDAQ,042110,(주)에스씨디,2025,2026,mid_sized,manufacturing,2000,,,174654185.0,,,,,,21058179.0,,,,,,,,,,3019545.0,,,1,0.4501236880430992,5.803,,,,0,0,0,1,0,0,1,0,0,0,0,1,0,0,0
KOSDAQ,042370,(주)비츠로테크,2025,2026,mid_sized,it_services,2000,,,647413293.0,,,,,,104270793.0,,,,,,,,,,15615491.0,,,1,0.4793277403271148,5.803,,0.2592718806075739,,0,0,0,1,0,0,1,0,0,0,1,0,0,0,0
KOSDAQ,042420,(주)네오위즈홀딩스,2025,2026,mid_sized,it_services,2000,,,895906544.0,,,,,,436800979.0,,,,,,,,,,4721350.0,,,1,0.2890667423862196,5.803,,0.0044610019507938725,,0,0,0,1,0,0,1,0,0,0,1,0,0,0,0
KOSDAQ,042500,(주)링네트,2025,2026,mid_sized,it_services,2002,,,168180302.0,,,,,,29516292.0,,,,,,,,,,463430.0,,,0,0.7097721668552063,5.803,,,,0,0,0,1,0,0,1,0,0,0,1,0,0,0,0
KOSDAQ,042510,라온시큐어(주),2025,2026,small_and_medium,it_services,2001,,,74488761.0,,,,,,35904848.0,,,,,,,,,,3173517.0,,,0,1.8869552840491608,5.803,,-0.014630630482853573,,0,0,0,1,0,0,0,0,1,0,1,0,0,0,0
KOSDAQ,042600,(주)새로닉스,2025,2026,mid_sized,manufacturing,2002,,,216888398.0,,,,,,11984400.0,,,,,,,,,,4021825.0,,,1,1.5565232744378712,5.803,,,,0,0,0,1,0,0,1,0,0,0,0,1,0,0,0
KOSDAQ,042940,(주)상지건설,2025,2026,small_and_medium,construction,2000,,,215256467.0,,,,,,3146788.0,,,,,,,,,,960500.0,,,0,0.8409489368020532,5.803,,,,0,0,0,1,0,0,0,0,1,1,0,0,0,0,0
KOSDAQ,043090,(주)더테크놀로지,2025,2026,small_and_medium,wholesale_retail,2001,,,19972372.0,,,,,,2442932.0,,,,,,,,,,799033.0,,,0,0.2944251174345144,5.803,,,,0,0,0,1,0,0,0,0,1,0,0,0,0,0,1
KOSDAQ,043100,(주)알파AI,2025,2026,small_and_medium,manufacturing,2000,,,72724392.0,,,,,,5111860.0,,,,,,,,,,358853.0,,,0,1.1019640245453877,5.803,,,,0,0,0,1,0,0,0,0,1,0,0,1,0,0,0
KOSDAQ,043150,(주)바텍,2025,2026,mid_sized,manufacturing,2006,,,689273534.0,,,,,,221231510.0,,,,,,,,,,16484929.0,,,1,0.5836959085801928,5.803,,,,0,0,0,1,0,0,1,0,0,0,0,1,0,0,0
KOSDAQ,043200,(주)파루,2025,2026,small_and_medium,manufacturing,2000,,,56080579.0,,,,,,7415508.0,,,,,,,,,,384401.0,,,0,1.3550320232598951,5.803,,,,0,0,0,1,0,0,0,0,1,0,0,1,0,0,0
KOSDAQ,043220,(주)티에스넥스젠,2025,2026,small_and_medium,manufacturing,2001,,,37287493.0,,,,,,3386230.0,,,,,,,,,,1505261.0,,,0,1.4538348243319874,5.803,,-0.4967778390514182,,0,0,0,1,0,0,0,0,1,0,0,1,0,0,0
KOSDAQ,043260,성호전자(주),2025,2026,small_and_medium,manufacturing,2001,,,581089727.0,,,,,,44252976.0,,,,,,,,,,8106783.0,,,0,2.5799218659430982,5.803,,,,0,0,0,1,0,0,0,0,1,0,0,1,0,0,0
KOSDAQ,043340,(주)에쎈테크,2025,2026,mid_sized,manufacturing,2000,0.916961498819217,0.049684238145185855,67176154.263,0.38557753893730073,1.5935120670050529,0.5141038284476764,0.4547028160842105,0.006528574248374404,6141472.704,0.7739183938646288,0.005874112076364309,0.029321957748404667,0.01523458055299094,0.02770478337642376,0.03311090142384289,0.019746520023866444,0.4492872015866304,-0.01139449909566491,0.0,0.017086481752233918,1.403021056010813,0,,5.803,0.6774335346023559,,,0,1,0,1,0,0,1,0,0,0,0,1,0,0,0
KOSDAQ,043360,(주)디지아이,2025,2026,small_and_medium,manufacturing,2001,7.490637466652682,0.23398762752363805,43764106.692,0.9209200764599945,0.08587056093291796,,-7.956276551333333,-0.029551775187865982,8588303.832,-13.923977573766397,-0.014386989992305633,-0.017517529773780124,-0.015622408893081197,0.12507677497941277,,0.020316858140472027,7.862005915808978,-0.024278051794308062,0.0,0.02076438295417361,6.156304981539179,0,,5.803,,,,0,1,0,1,0,0,0,0,1,0,0,1,0,0,0
KOSDAQ,043370,피에이치에이(주),2025,2026,mid_sized,manufacturing,2001,,,1138284616.0,,,,,,146201170.0,,,,,,,,,,38796172.0,,,1,0.2917819002891679,5.803,,,,0,0,0,1,0,0,1,0,0,0,0,1,0,0,0
KOSDAQ,043590,웰킵스하이텍(주),2025,2026,small_and_medium,manufacturing,2001,,,56409495.0,,,,,,970409.0,,,,,,,,,,601173.0,,,0,0.4749799156627415,5.803,,,,0,0,0,1,0,0,0,0,1,0,0,1,0,0,0
KOSDAQ,043610,(주)케이티지니뮤직,2025,2026,large,it_services,2000,,,322409423.0,,,,,,104676267.0,,,,,,,,,,3549518.0,,,0,0.5259982155390388,5.803,,,,0,0,0,1,0,1,0,0,0,0,1,0,0,0,0
KOSDAQ,043650,(주)국순당,2025,2026,small_and_medium,manufacturing,2000,,,258361185.0,,,,,,28833669.0,,,,,,,,,,2693914.0,,,1,0.308800649823792,5.803,,,,0,0,0,1,0,0,0,0,1,0,0,1,0,0,0
KOSDAQ,043710,(주)서울리거,2025,2026,small_and_medium,wholesale_retail,2002,,,226449976.0,,,,,,-542721.0,,,,,,,,,,1849553.0,,,0,1.7962926109791466,5.803,,,,0,0,0,1,0,0,0,0,1,0,0,0,0,0,1
KOSDAQ,043910,(주)자연과환경,2025,2026,small_and_medium,manufacturing,2005,,,132196463.0,,,,,,962100.0,,,,,,,,,,3030204.0,,,0,0.8145827095676517,5.803,,0.03732214667336639,,0,0,0,1,0,0,0,0,1,0,0,1,0,0,0
KOSDAQ,044180,케이디(주),2025,2026,small_and_medium,construction,2000,,,302089443.0,,,,,,5697338.0,,,,,,,,,,909054.0,,,0,1.162687070337317,5.803,,0.024846440002110424,,0,0,0,1,0,0,0,0,1,1,0,0,0,0,0
KOSDAQ,044340,(주)위닉스,2025,2026,mid_sized,manufacturing,2000,,,487732160.0,,,,,,57628157.0,,,,,,,,,,18700636.0,,,1,0.6876577680660224,5.803,,0.3405650799946847,,0,0,0,1,0,0,1,0,0,0,0,1,0,0,0
KOSDAQ,044480,(주)빌리언스,2025,2026,small_and_medium,manufacturing,2001,,,48703728.0,,,,,,5114263.0,,,,,,,,,,1140129.0,,,0,0.9738170209845012,5.803,,-0.7174104348856863,,0,0,0,1,0,0,0,0,1,0,0,1,0,0,0
KOSDAQ,044490,(주)태웅,2025,2026,mid_sized,manufacturing,2001,1.9572270597376062,0.1542131173187491,809910868.576,0.7524231857123372,0.32903932120762047,,-59.91709013558546,0.015485356612890019,35227044.526,0.8986096720865944,0.007586505348178848,0.006201017588306043,0.010082763918281598,0.13871804330296242,,0.07955036027274145,4.976809875715388,-0.027658054557762723,19487335.62,0.000463709726059514,1.743776430771178,0,,5.803,,-0.1846280574359641,0.10586517226573376,0,1,0,1,0,0,1,0,0,0,0,1,0,0,0
KOSDAQ,044780,(주)에이치케이,2025,2026,small_and_medium,manufacturing,2000,,,82666279.0,,,,,,14200656.0,,,,,,,,,,1248420.0,,,0,0.3957846934431815,5.803,,,,0,0,0,1,0,0,0,0,1,0,0,1,0,0,0
KOSDAQ,044960,(주)이글벳,2025,2026,small_and_medium,wholesale_retail,2000,3.5837516598515085,0.528787686003345,63982119.435,0.8113505554428809,0.23251286794786688,,-7.212689223907546,0.09107407047119337,14790072.573,6.441141475676732,0.06904788912921386,0.0665762798202935,0.08510241185639372,0.45613661452018217,,0.12708373492523004,8.325182836310127,-0.024382575081540823,1370514.033,0.0031200981268338004,3.589260378509894,0,,5.803,,,,0,0,0,1,0,0,0,0,1,0,0,0,0,0,1
KOSDAQ,044990,에이치엔에스하이텍(주),2025,2026,small_and_medium,manufacturing,2024,,,115761732.0,,,,,,32906552.0,,,,,,,,,,5477270.0,,,1,1.1430460627907666,5.803,,,,0,0,0,1,0,0,0,0,1,0,0,1,0,0,0
KOSDAQ,045060,(주)오공,2025,2026,mid_sized,manufacturing,2000,,,147932599.0,,,,,,26525891.0,,,,,,,,,,3069568.0,,,1,0.323786712876076,5.803,,0.06025050570831624,,0,0,0,1,0,0,1,0,0,0,0,1,0,0,0
KOSDAQ,045100,한양이엔지(주),2025,2026,mid_sized,it_services,2000,,,923696416.0,,,,,,105413947.0,,,,,,,,,,15575102.0,,,1,0.6156410890051034,5.803,,,,0,0,0,1,0,0,1,0,0,0,1,0,0,0,0
KOSDAQ,045300,성우테크론(주),2025,2026,small_and_medium,manufacturing,2001,,,100443142.0,,,,,,5116890.0,,,,,,,,,,1239242.0,,,0,0.4028139045324594,5.803,,0.0757949331236677,,0,0,0,1,0,0,0,0,1,0,0,1,0,0,0
KOSDAQ,045340,(주)토탈소프트뱅크,2025,2026,small_and_medium,it_services,2002,3.835730487725238,1.5820217710558806,54988641.371,0.664889518606688,0.5040092707365189,,-7.544332882295478,0.3102493277845849,14048416.154,1000000.0,0.18476041709148414,0.17018206872692948,0.2778813801707381,0.5719456352825135,,0.38332013271681326,1000000.0,-0.03653633859482029,209315.808,0.0008280497910976473,1.4920834740111388,0,,5.803,,,,0,0,0,1,0,0,0,0,1,0,1,0,0,0,0
KOSDAQ,045390,대아티아이(주),2025,2026,small_and_medium,manufacturing,2001,,,336415771.0,,,,,,27372144.0,,,,,,,,,,3811574.0,,,0,1.877950872308198,5.803,,,,0,0,0,1,0,0,0,0,1,0,0,1,0,0,0
KOSDAQ,045510,(주)정원엔시스,2025,2026,mid_sized,wholesale_retail,2000,,,91003588.0,,,,,,12486257.0,,,,,,,,,,604741.0,,,0,0.6385141771129519,5.803,,,,0,0,0,1,0,0,1,0,0,0,0,0,0,0,1
KOSDAQ,045520,(주)크린앤사이언스,2025,2026,small_and_medium,manufacturing,2000,,,74852053.0,,,,,,12782319.0,,,,,,,,,,3727941.0,,,0,1.337247784573799,5.803,,,,0,0,0,1,0,0,0,0,1,0,0,1,0,0,0
KOSDAQ,045660,(주)에이텍,2025,2026,small_and_medium,manufacturing,2001,,,172312824.0,,,,,,44465165.0,,,,,,,,,,3141129.0,,,1,0.833522494624358,5.803,,0.7438694565455283,,0,0,0,1,0,0,0,0,1,0,0,1,0,0,0
KOSDAQ,045970,(주)코아시아,2025,2026,mid_sized,manufacturing,2000,,,360325583.0,,,,,,66848004.0,,,,,,,,,,17590032.0,,,0,1.2535738015269744,5.803,,,,0,0,0,1,0,0,1,0,0,0,0,1,0,0,0
KOSDAQ,046070,(주)코다코,2025,2026,mid_sized,manufacturing,2000,,,360580181.0,,,,,,27554532.0,,,,,,,,,,22129419.0,,,0,13.94865666468356,5.803,,-0.13616300362599337,,0,0,0,1,0,0,1,0,0,0,0,1,0,0,0
KOSDAQ,046120,(주)오르비텍,2025,2026,mid_sized,it_services,2010,,,232402812.0,,,,,,-4304871.0,,,,,,,,,,3270991.0,,,0,0.9553031552683886,5.803,,1.2999657859487725,,0,0,0,1,0,0,1,0,0,0,1,0,0,0,0
KOSDAQ,046210,에이치엘비파나진(주),2025,2026,small_and_medium,manufacturing,2000,,,92936428.0,,,,,,8973129.0,,,,,,,,,,1411056.0,,,0,1.089757591043918,5.803,,,,0,0,0,1,0,0,0,0,1,0,0,1,0,0,0
KOSDAQ,046310,(주)백금티앤에이,2025,2026,small_and_medium,manufacturing,2002,,,126288878.0,,,,,,38375935.0,,,,,,,,,,2147364.0,,,1,0.5663773050723249,5.803,,,,0,0,0,1,0,0,0,0,1,0,0,1,0,0,0
KOSDAQ,046390,(주)삼화네트웍스,2025,2026,small_and_medium,it_services,2001,,,68136792.0,,,,,,2421254.0,,,,,,,,,,936401.0,,,0,0.8715921972500454,5.803,,,,0,0,0,1,0,0,0,0,1,0,1,0,0,0,0
KOSDAQ,046440,(주)케이지모빌리언스,2025,2026,mid_sized,it_services,2004,,,556232137.0,,,,,,81584750.0,,,,,,,,,,2539053.0,,,1,0.4967863964925947,5.803,,,,0,0,0,1,0,0,1,0,0,0,1,0,0,0,0
KOSDAQ,046890,서울반도체(주),2025,2026,mid_sized,manufacturing,2002,,,1103260274.0,,,,,,204474628.0,,,,,,,,,,83759579.0,,,0,0.5780629145029406,5.803,,,,0,0,0,1,0,0,1,0,0,0,0,1,0,0,0
KOSDAQ,046940,우원개발(주),2025,2026,mid_sized,construction,2002,,,264149989.0,,,,,,84745215.0,,,,,,,,,,2514493.0,,,0,0.4070469511481051,5.803,,0.3794021304852432,,0,0,0,1,0,0,1,0,0,1,0,0,0,0,0
KOSDAQ,046970,(주)우리로,2025,2026,small_and_medium,wholesale_retail,2012,,,56467354.0,,,,,,7995456.0,,,,,,,,,,1026817.0,,,0,1.392697433148722,5.803,,-0.061855105229335426,,0,0,0,1,0,0,0,0,1,0,0,0,0,0,1
KOSDAQ,047080,(주)한빛소프트,2025,2026,small_and_medium,it_services,2002,,,25154959.0,,,,,,37885851.0,,,,,,,,,,660773.0,,,1,1.473354558043836,5.803,,,,0,0,0,1,0,0,0,0,1,0,1,0,0,0,0
KOSDAQ,047310,(주)파워로직스,2025,2026,mid_sized,manufacturing,2003,,,365080087.0,,,,,,39777324.0,,,,,,,,,,16637766.0,,,0,0.7848402610103391,5.803,,,,0,0,0,1,0,0,1,0,0,0,0,1,0,0,0
KOSDAQ,047560,(주)이스트소프트,2025,2026,small_and_medium,it_services,2008,,,196509193.0,,,,,,106793498.0,,,,,,,,,,3244758.0,,,0,2.9600777942726224,5.803,,,,0,0,0,1,0,0,0,0,1,0,1,0,0,0,0
KOSDAQ,047770,(주)코데즈컴바인,2025,2026,small_and_medium,manufacturing,2001,,,92866096.0,,,,,,20260215.0,,,,,,,,,,1832049.0,,,0,1.4839840103032005,5.803,,,,0,0,0,1,0,0,0,0,1,0,0,1,0,0,0
KOSDAQ,047820,(주)초록뱀미디어,2025,2026,small_and_medium,it_services,2002,,,374910660.0,,,,,,25684310.0,,,,,,,,,,4888585.0,,,0,0.3817731513789031,5.803,,,,0,0,0,1,0,0,0,0,1,0,1,0,0,0,0
KOSDAQ,047920,에이치엘비제약(주),2025,2026,small_and_medium,it_services,2015,,,170682430.0,,,,,,106501989.0,,,,,,,,,,2589651.0,,,0,4.2038090803298305,5.803,,,,0,0,0,1,0,0,0,0,1,0,1,0,0,0,0
KOSDAQ,048410,현대바이오사이언스(주),2025,2026,small_and_medium,manufacturing,2002,,,130738699.0,,,,,,243630.0,,,,,,,,,,1305568.0,,,0,4.306503344014532,5.803,,1.4207062503909107,,0,0,0,1,0,0,0,0,1,0,0,1,0,0,0
KOSDAQ,048430,(주)유라테크,2025,2026,mid_sized,manufacturing,2001,,,184843776.0,,,,,,15762676.0,,,,,,,,,,3037645.0,,,1,0.5930210768767427,5.803,,0.1184716195439544,,0,0,0,1,0,0,1,0,0,0,0,1,0,0,0
KOSDAQ,048470,(주)대동스틸,2025,2026,mid_sized,wholesale_retail,2002,4.490983205172293,1.1186591077770764,92820161.438,0.7637140344703051,0.3093906290377101,,-13.177611994400001,0.0023180263484334114,4882262.022,-4.546498972135996,0.0014264115893446007,-0.012564613494871004,0.0018677299682386063,-0.25778906516390276,,-0.04744603819743495,-22.040953696838308,0.06388785529058844,0.0,0.0059979687319535,5.433310661075163,0,,5.803,,,,0,1,0,1,0,0,1,0,0,0,0,0,0,0,1
KOSDAQ,048530,(주)인트론바이오테크놀로지,2025,2026,small_and_medium,manufacturing,2011,,,74321846.0,,,,,,3104790.0,,,,,,,,,,1703757.0,,,1,1.5438261353607687,5.803,,,,0,0,0,1,0,0,0,0,1,0,0,1,0,0,0
KOSDAQ,048550,(주)에스엠컬처앤콘텐츠,2025,2026,large,it_services,2001,,,206699461.0,,,,,,40048052.0,,,,,,,,,,2700380.0,,,0,1.5733358065308805,5.803,,-0.3534039451433859,,0,0,0,1,0,1,0,0,0,0,1,0,0,0,0
KOSDAQ,048770,(주)티피씨메카트로닉스,2025,2026,small_and_medium,manufacturing,2001,,,106726400.0,,,,,,14556563.0,,,,,,,,,,1981169.0,,,1,1.2759800543243274,5.803,,,,0,0,0,1,0,0,0,0,1,0,0,1,0,0,0
KOSDAQ,048830,(주)엔피케이,2025,2026,small_and_medium,manufacturing,2000,,,69556771.0,,,,,,8117888.0,,,,,,,,,,5127566.0,,,1,0.3835441393225084,5.803,,0.02119286442568536,,0,0,0,1,0,0,0,0,1,0,0,1,0,0,0
KOSDAQ,048870,(주)시너지이노베이션,2025,2026,small_and_medium,manufacturing,2004,,,336885342.0,,,,,,50337343.0,,,,,,,,,,4493189.0,,,1,0.7585009763371038,5.803,,0.4816232852037113,,0,0,0,1,0,0,0,0,1,0,0,1,0,0,0
KOSDAQ,048910,대원미디어(주),2025,2026,mid_sized,wholesale_retail,2001,,,231998927.0,,,,,,68393125.0,,,,,,,,,,4863734.0,,,1,0.737578993909227,5.803,,,,0,0,0,1,0,0,1,0,0,0,0,0,0,0,1
KOSDAQ,049070,인탑스(주),2025,2026,mid_sized,manufacturing,2002,,,872555027.0,,,,,,37910096.0,,,,,,,,,,18217406.0,,,1,0.4559459173838902,5.803,,0.0023832459200364953,,0,0,0,1,0,0,1,0,0,0,0,1,0,0,0
KOSDAQ,049080,(주)기가레인,2025,2026,small_and_medium,manufacturing,2013,,,95950653.0,,,,,,4143556.0,,,,,,,,,,5175077.0,,,0,0.9923050056881728,5.803,,,,0,0,0,1,0,0,0,0,1,0,0,1,0,0,0
KOSDAQ,049120,(주)파인디앤씨,2025,2026,small_and_medium,manufacturing,2001,,,108448464.0,,,,,,5512916.0,,,,,,,,,,3107619.0,,,0,0.6734683255468551,5.803,,0.04676245108270794,,0,0,0,1,0,0,0,0,1,0,0,1,0,0,0
KOSDAQ,049180,(주)셀루메드,2025,2026,small_and_medium,manufacturing,2002,,,60929423.0,,,,,,6552511.0,,,,,,,,,,667347.0,,,0,7.556199363815904,5.803,,-0.34664292454875684,,0,0,0,1,0,0,0,0,1,0,0,1,0,0,0
KOSDAQ,049430,(주)코메론,2025,2026,small_and_medium,manufacturing,2001,,,262457517.0,,,,,,31303594.0,,,,,,,,,,3229313.0,,,1,0.5001713772071277,5.803,,,,0,0,0,1,0,0,0,0,1,0,0,1,0,0,0
KOSDAQ,049470,(주)비트플래닛,2025,2026,small_and_medium,it_services,2001,2.3267231092737157,1.6165196793563306,71539903.191,0.8615710236487172,0.16067041782004446,,-4.235673854731578,-0.3751076682754649,3562061.47,-8.201928617893913,-0.13062383681245482,-0.06318379107855229,-0.15161122325036927,-0.34426219001073277,,-0.13724641462549111,-6.186238214993446,-0.08259219917064872,0.0,0.573266213940857,2.508351062941298,0,,5.803,,,,0,1,0,1,0,0,0,0,1,0,1,0,0,0,0
KOSDAQ,049480,(주)오픈베이스,2025,2026,mid_sized,it_services,2001,,,179831104.0,,,,,,54910430.0,,,,,,,,,,2132993.0,,,1,0.7406426648456583,5.803,,0.053482394641057064,,0,0,0,1,0,0,1,0,0,0,1,0,0,0,0
KOSDAQ,049520,유아이엘(주),2025,2026,small_and_medium,manufacturing,2001,,,289601143.0,,,,,,44612273.0,,,,,,,,,,9471165.0,,,1,0.5258918213978202,5.803,,,,0,0,0,1,0,0,0,0,1,0,0,1,0,0,0
KOSDAQ,049550,(주)잉크테크,2025,2026,small_and_medium,manufacturing,2002,,,158072678.0,,,,,,14154238.0,,,,,,,,,,4948155.0,,,0,0.8055576823029105,5.803,,,,0,0,0,1,0,0,0,0,1,0,0,1,0,0,0
KOSDAQ,049630,재영솔루텍(주),2025,2026,mid_sized,manufacturing,2003,,,216173382.0,,,,,,24595014.0,,,,,,,,,,9574770.0,,,0,5.157659951949182,5.803,,,,0,0,0,1,0,0,1,0,0,0,0,1,0,0,0
KOSDAQ,049720,고려신용정보(주),2025,2026,mid_sized,it_services,2002,,,114247803.0,,,,,,178029910.0,,,,,,,,,,6157616.0,,,1,2.39845095595205,5.803,,,,0,0,0,1,0,0,1,0,0,0,1,0,0,0,0
KOSDAQ,049830,(주)승일,2025,2026,mid_sized,manufacturing,2001,3.8880319129961816,0.12153269431671042,185985205.743,0.8086432022814831,0.2366393449900132,,-48.051834783513414,0.017769694223866674,11017305.143,2.069768794472791,0.016653901790877133,0.012239520707607015,0.020594870202198304,0.28761712972403575,,0.07231572332458007,9.307136127194061,-0.041513471096561096,0.0,0.004987119202812774,3.9772419676022905,0,,5.803,,,,0,0,0,1,0,0,1,0,0,0,0,1,0,0,0
KOSDAQ,049950,(주)미래컴퍼니,2025,2026,mid_sized,manufacturing,2005,,,121863202.0,,,,,,11847410.0,,,,,,,,,,2541392.0,,,0,1.5052891037830212,5.803,,,,0,0,0,1,0,0,1,0,0,0,0,1,0,0,0
KOSDAQ,049960,(주)쎌바이오텍,2025,2026,small_and_medium,manufacturing,2002,,,136572393.0,,,,,,38624803.0,,,,,,,,,,3367881.0,,,1,0.936168621020142,5.803,,0.26101626416558255,,0,0,0,1,0,0,0,0,1,0,0,1,0,0,0
KOSDAQ,050090,(주)비케이홀딩스,2025,2026,small_and_medium,it_services,2004,3.9635827146223885,2.516969026703553,14468280.544,0.7698190797536695,0.2990065150372539,,-0.12591433890825435,-0.5161960755739806,2222853.459,-80.17122486382182,-0.2656912016123538,-0.24702855395502898,-0.3451346018825241,-0.8236033239223018,,-0.36831969151362465,-61.526013354160355,-0.07611343059398169,0.0,0.2437539274466532,2.236109941713056,0,,5.803,,,,0,1,0,1,0,0,0,0,1,0,1,0,0,0,0
KOSDAQ,050110,(주)캠시스,2025,2026,mid_sized,manufacturing,2001,,,250422162.0,,,,,,15568174.0,,,,,,,,,,15358993.0,,,0,0.6251307711193286,5.803,,-0.0026149726440781763,,0,0,0,1,0,0,1,0,0,0,0,1,0,0,0
KOSDAQ,050120,(주)ES큐브,2025,2026,mid_sized,wholesale_retail,2002,,,98448850.0,,,,,,2577444.0,,,,,,,,,,873520.0,,,0,0.4366506471840606,5.803,,,,0,0,0,1,0,0,1,0,0,0,0,0,0,0,1
KOSDAQ,050760,(주)에스폴리텍,2025,2026,small_and_medium,manufacturing,2002,,,110098130.0,,,,,,7454506.0,,,,,,,,,,4066787.0,,,1,0.4054365343689008,5.803,,0.006518308650452323,,0,0,0,1,0,0,0,0,1,0,0,1,0,0,0
KOSDAQ,050890,(주)쏠리드,2025,2026,mid_sized,manufacturing,2005,,,536672709.0,,,,,,131551413.0,,,,,,,,,,7010734.0,,,1,1.267270651545602,5.803,,0.23561881714529356,,0,0,0,1,0,0,1,0,0,0,0,1,0,0,0
KOSDAQ,050960,(주)수산아이앤티,2025,2026,small_and_medium,it_services,2016,6.125117611456938,0.3744898221966189,98659514.676,0.9247149131293381,0.08141437517849558,,-26.02767724574137,0.17006279924890103,0.0,734.4250266569069,0.06028722186129802,0.051661910954442246,0.06519546836038294,1.0178063858710227,,0.24615439419095747,1089.3090917343416,-0.023686627029075365,0.0,0.031609799422200435,4.134829236814055,0,,5.803,,,,0,0,0,1,0,0,0,0,1,0,1,0,0,0,0
KOSDAQ,051160,(주)지어소프트,2025,2026,mid_sized,it_services,2002,,,316314427.0,,,,,,139795759.0,,,,,,,,,,14353819.0,,,0,0.5413638480477523,5.803,,,,0,0,0,1,0,0,1,0,0,0,1,0,0,0,0
KOSDAQ,051360,(주)토비스,2025,2026,mid_sized,manufacturing,2004,,,558080072.0,,,,,,140166763.0,,,,,,,,,,20907287.0,,,1,0.811421960067295,5.803,,0.3969376526365639,,0,0,0,1,0,0,1,0,0,0,0,1,0,0,0
KOSDAQ,051370,(주)인터플렉스,2025,2026,large,manufacturing,2003,,,401766268.0,,,,,,46108208.0,,,,,,,,,,18667637.0,,,0,0.7763408709829223,5.803,,,,0,0,0,1,0,1,0,0,0,0,0,1,0,0,0
KOSDAQ,051380,(주)피씨디렉트,2025,2026,mid_sized,wholesale_retail,2002,1.6927973854704552,0.07657562515320698,95467501.154,0.41328913619885654,1.419613564482479,,-4.144132450877675,0.006757937188982871,20812372.24,0.4511445610630579,0.03296458314042864,0.044532140672060225,0.07976155251409157,0.09502806071349083,,0.01426964274372735,0.5648305131262505,-0.029349550361438388,0.0,0.005466995885417412,6.659456191029259,0,,5.803,,,,0,1,0,1,0,0,1,0,0,0,0,0,0,0,1
KOSDAQ,051390,와이더블유(주),2025,2026,small_and_medium,wholesale_retail,2001,,,97724134.0,,,,,,8726763.0,,,,,,,,,,495118.0,,,1,0.5276132933578904,5.803,,,,0,0,0,1,0,0,0,0,1,0,0,0,0,0,1
KOSDAQ,051490,나라엠앤디(주),2025,2026,mid_sized,manufacturing,2001,,,268650904.0,,,,,,21073008.0,,,,,,,,,,8913724.0,,,1,0.5116396302323206,5.803,,0.0781187402154482,,0,0,0,1,0,0,1,0,0,0,0,1,0,0,0
KOSDAQ,051500,씨제이프레시웨이(주),2025,2026,large,wholesale_retail,2001,,,1589129723.0,,,,,,634169778.0,,,,,,,,,,75132340.0,,,1,0.6976685975774372,5.803,,0.015832437163448235,,0,0,0,1,0,1,0,0,0,0,0,0,0,0,1
KOSDAQ,051780,(주)큐로홀딩스,2025,2026,small_and_medium,wholesale_retail,2001,,,91529290.0,,,,,,11968863.0,,,,,,,,,,1155555.0,,,0,1.48740430425928,5.803,,,,0,0,0,1,0,0,0,0,1,0,0,0,0,0,1
KOSDAQ,051980,(주)중앙첨단소재,2025,2026,small_and_medium,manufacturing,2001,,,127318651.0,,,,,,6022889.0,,,,,,,,,,456539.0,,,0,2.643301701678833,5.803,,,,0,0,0,1,0,0,0,0,1,0,0,1,0,0,0
KOSDAQ,052020,(주)에스티큐브,2025,2026,small_and_medium,wholesale_retail,2001,,,90233535.0,,,,,,1783635.0,,,,,,,,,,1903863.0,,,0,7.729491623995538,5.803,,,,0,0,0,1,0,0,0,0,1,0,0,0,0,0,1
KOSDAQ,052220,(주)아이엠비씨,2025,2026,mid_sized,it_services,2005,,,67045841.0,,,,,,40045648.0,,,,,,,,,,1530116.0,,,0,1.2246485420773918,5.803,,,,0,0,0,1,0,0,1,0,0,0,1,0,0,0,0
KOSDAQ,052260,(주)현대바이오랜드,2025,2026,large,manufacturing,2001,,,166870893.0,,,,,,53540141.0,,,,,,,,,,4647081.0,,,1,0.946405320124409,5.803,,,,0,0,0,1,0,1,0,0,0,0,0,1,0,0,0
KOSDAQ,052300,(주)오션인더블유,2025,2026,small_and_medium,wholesale_retail,2001,,,375191185.0,,,,,,2022828.0,,,,,,,,,,488739.0,,,0,0.1281184207754421,5.803,,,,0,0,0,1,0,0,0,0,1,0,0,0,0,0,1
KOSDAQ,052330,(주)코텍,2025,2026,mid_sized,manufacturing,2001,,,459940988.0,,,,,,109054259.0,,,,,,,,,,4604647.0,,,1,0.4125855444514526,5.803,,,,0,0,0,1,0,0,1,0,0,0,0,1,0,0,0
KOSDAQ,052400,코나아이(주),2025,2026,mid_sized,it_services,2001,,,559070393.0,,,,,,148991032.0,,,,,,,,,,8221954.0,,,1,2.563794673713317,5.803,,,,0,0,0,1,0,0,1,0,0,0,1,0,0,0,0
KOSDAQ,052420,오성첨단소재(주),2025,2026,mid_sized,manufacturing,2001,,,342395988.0,,,,,,39896390.0,,,,,,,,,,4163948.0,,,0,0.490190534974372,5.803,,,,0,0,0,1,0,0,1,0,0,0,0,1,0,0,0
KOSDAQ,052460,아이크래프트(주),2025,2026,mid_sized,it_services,2005,,,95806935.0,,,,,,25066106.0,,,,,,,,,,1635718.0,,,0,0.8259828979727457,5.803,,,,0,0,0,1,0,0,1,0,0,0,1,0,0,0,0
KOSDAQ,052600,(주)한네트,2025,2026,small_and_medium,it_services,2001,3.6501738450695362,3.145822248186289,51542854.524,0.7705343423210521,0.297800688529647,,,0.13603457691186768,7350399.993,9.259128978591198,0.07754292997371671,0.08483736448791176,0.10063526791049575,0.5990762797651948,,0.2641293709237828,15.003161589132306,-0.06666756670218912,0.0,0.010813068797741623,2.268116861331807,0,,5.803,,,,0,0,0,1,0,0,0,0,1,0,1,0,0,0,0
KOSDAQ,052710,(주)아모텍,2025,2026,mid_sized,manufacturing,2003,,,353263202.0,,,,,,39908251.0,,,,,,,,,,14357326.0,,,0,0.9189143266537232,5.803,,-0.08002541477720954,,0,0,0,1,0,0,1,0,0,0,0,1,0,0,0
KOSDAQ,052770,(주)아이톡시,2025,2026,small_and_medium,it_services,2002,1.3090809195169137,0.006060210307717391,8108388.882,0.5487367275732496,0.8223675393889363,,0.3891907745977801,-1.2769419542288007,3020806.489,-10.892477909234046,-0.5722933912680583,-0.607561428008973,-1.0429288992537211,-1.3994238958808585,,-0.8976951069331417,-11.321807526931014,-0.2667917495671984,0.0,0.10657781719354886,1.5589077907105988,0,,5.803,,,,0,1,0,1,0,0,0,0,1,0,1,0,0,0,0
KOSDAQ,052790,(주)액토즈소프트,2025,2026,mid_sized,it_services,2001,,,379303722.0,,,,,,56796113.0,,,,,,,,,,2189212.0,,,0,0.2703308429696179,5.803,,,,0,0,0,1,0,0,1,0,0,0,1,0,0,0,0
KOSDAQ,052860,(주)아이앤씨테크놀로지,2025,2026,small_and_medium,manufacturing,2009,,,52922386.0,,,,,,15609856.0,,,,,,,,,,792394.0,,,0,1.2740876475812606,5.803,,,,0,0,0,1,0,0,0,0,1,0,0,1,0,0,0
KOSDAQ,052900,(주)케이엑스하이텍,2025,2026,small_and_medium,manufacturing,2005,,,206678210.0,,,,,,27314062.0,,,,,,,,,,7011242.0,,,0,0.4251594465616505,5.803,,0.05907754612661375,,0,0,0,1,0,0,0,0,1,0,0,1,0,0,0
KOSDAQ,053030,(주)바이넥스,2025,2026,mid_sized,manufacturing,2001,,,311423001.0,,,,,,45072846.0,,,,,,,,,,9994304.0,,,0,2.6118681084990736,5.803,,,,0,0,0,1,0,0,1,0,0,0,0,1,0,0,0
KOSDAQ,053050,(주)지에스이,2025,2026,mid_sized,other,2001,0.6830004662251206,0.08464612744499218,234305029.89,0.4142244307626033,1.4141502184189405,,-5.341649274136467,0.022783653661991123,33154355.161,4.707330385133877,0.019835430016939447,0.031341194431240046,0.04788570770782797,0.08792932447851176,,0.0709562707757684,7.736136574047212,-0.034968294435874944,7876030.632,0.005981685231674221,1.239204421500399,0,,5.803,,,,0,0,0,1,0,0,1,0,0,0,0,0,1,0,0
KOSDAQ,053060,(주)세동,2025,2026,mid_sized,manufacturing,2001,,,134390153.0,,,,,,23583380.0,,,,,,,,,,5170204.0,,,0,0.5612843932683255,5.803,,0.14016622975191287,,0,0,0,1,0,0,1,0,0,0,0,1,0,0,0
KOSDAQ,053080,케이엔솔(주),2025,2026,mid_sized,manufacturing,2020,,,387675479.0,,,,,,-16863446.0,,,,,,,,,,5219223.0,,,1,1.247573777061108,5.803,,-0.022156265821444147,,0,0,0,1,0,0,1,0,0,0,0,1,0,0,0
KOSDAQ,053160,(주)프리엠스,2025,2026,small_and_medium,manufacturing,2001,,,80210265.0,,,,,,4739213.0,,,,,,,,,,65514.0,,,1,0.5720263688711057,5.803,,,,0,0,0,1,0,0,0,0,1,0,0,1,0,0,0
KOSDAQ,053260,금강철강(주),2025,2026,mid_sized,manufacturing,2002,,,151388460.0,,,,,,9865089.0,,,,,,,,,,729302.0,,,1,0.5858045082395155,5.803,,-0.0024058480711977516,,0,0,0,1,0,0,1,0,0,0,0,1,0,0,0
KOSDAQ,053270,(주)구영테크,2025,2026,small_and_medium,manufacturing,2002,,,710509062.0,,,,,,62372559.0,,,,,,,,,,25863333.0,,,1,0.3667273566060302,5.803,,,,0,0,0,1,0,0,0,0,1,0,0,1,0,0,0
KOSDAQ,053280,예스이십사(주),2025,2026,mid_sized,wholesale_retail,2008,,,497004854.0,,,,,,131840382.0,,,,,,,,,,6650611.0,,,1,0.53877225615041,5.803,,,,0,0,0,1,0,0,1,0,0,0,0,0,0,0,1
KOSDAQ,053290,(주)엔이능률,2025,2026,mid_sized,it_services,2002,3.7392447971425535,0.6874798981133877,99626067.611,0.8039023829658521,0.2439321255780848,,-8.692381142139016,-0.006170603155709768,34952926.777,5.594553964811066,-0.009401926448179701,0.010733150506102435,-0.011695358351212987,0.9431540337786938,,0.29386368565883686,96.40358639417367,-0.18883387771016297,0.0,0.18004085682710966,3.2094950135269698,0,,5.803,,,,0,0,0,1,0,0,1,0,0,0,1,0,0,0,0
KOSDAQ,053300,한국정보인증(주),2025,2026,mid_sized,it_services,2014,,,422439785.0,,,,,,138465829.0,,,,,,,,,,4623183.0,,,1,1.006935889187424,5.803,,3.198541760350148,,0,0,0,1,0,0,1,0,0,0,1,0,0,0,0
KOSDAQ,053350,이니텍(주),2025,2026,mid_sized,it_services,2001,,,147216916.0,,,,,,5741602.0,,,,,,,,,,408363.0,,,0,0.6822403008872123,5.803,,0.1971060075526489,,0,0,0,1,0,0,1,0,0,0,1,0,0,0,0
KOSDAQ,053450,(주)세코닉스,2025,2026,mid_sized,manufacturing,2001,,,304885101.0,,,,,,55688022.0,,,,,,,,,,23180280.0,,,1,0.5583356024841923,5.803,,,,0,0,0,1,0,0,1,0,0,0,0,1,0,0,0
KOSDAQ,053580,웹케시(주),2025,2026,mid_sized,it_services,2019,2.754242537922391,1.3069411684792254,131449838.525,0.8461068053715968,0.18188388705940706,,-15.135006847548368,0.1675710745990413,0.0,5.188100537809751,0.13027170882178915,0.10249962086821056,0.1539660335961674,0.6284284666720109,,0.17095575909167854,4.895097981834128,-0.001914739605801272,0.0,0.08036320762760708,3.675971315684096,0,,5.803,,0.07970178537465832,0.09136666343606027,0,0,0,1,0,0,1,0,0,0,1,0,0,0,0
KOSDAQ,053610,(주)프로텍,2025,2026,mid_sized,manufacturing,2001,,,442823096.0,,,,,,76252488.0,,,,,,,,,,7828779.0,,,1,1.0608594073315545,5.803,,,,0,0,0,1,0,0,1,0,0,0,0,1,0,0,0
KOSDAQ,053620,(주)태양,2025,2026,mid_sized,manufacturing,2001,,,222212610.0,,,,,,19835329.0,,,,,,,,,,6694144.0,,,1,0.2882524032077458,5.803,,,,0,0,0,1,0,0,1,0,0,0,0,1,0,0,0
KOSDAQ,053700,삼보모터스(주),2025,2026,mid_sized,manufacturing,2001,,,1337854673.0,,,,,,213074367.0,,,,,,,,,,65467491.0,,,1,0.3542322056647076,5.803,,0.10653999127222266,,0,0,0,1,0,0,1,0,0,0,0,1,0,0,0
KOSDAQ,053800,(주)안랩,2025,2026,mid_sized,it_services,2001,,,487574291.0,,,,,,267656917.0,,,,,,,,,,7712597.0,,,1,1.777200120323906,5.803,,,,0,0,0,1,0,0,1,0,0,0,1,0,0,0,0
KOSDAQ,053950,경남제약(주),2025,2026,small_and_medium,manufacturing,2001,1.7184617398120001,0.13527108157713977,155630389.435,0.6958779598262976,0.4370335859604118,,-12.858402978511442,-0.1609937572667845,15146411.696,-0.5683167030651597,-0.055656535297803615,-0.011128607126716466,-0.07998031050113497,-0.035534731377804094,,-0.030063550908879924,-0.5518874796196939,-0.04706526508474261,0.0,0.00134968814742785,1.1819871673012563,0,,5.803,,,,0,1,0,1,0,0,0,0,1,0,0,1,0,0,0
KOSDAQ,053980,오상자이엘(주),2025,2026,small_and_medium,it_services,2002,,,147005848.0,,,,,,20217333.0,,,,,,,,,,590167.0,,,1,0.5968735235306613,5.803,,,,0,0,0,1,0,0,0,0,1,0,1,0,0,0,0
KOSDAQ,054040,한국컴퓨터(주),2025,2026,small_and_medium,manufacturing,2002,,,297069949.0,,,,,,33737781.0,,,,,,,,,,8360496.0,,,1,0.4924329462562195,5.803,,,,0,0,0,1,0,0,0,0,1,0,0,1,0,0,0
KOSDAQ,054050,농업회사법인(주)엔에이치농우바이오,2025,2026,large,other,2002,,,352924626.0,,,,,,77811094.0,,,,,,,,,,6298673.0,,,1,0.4588994037545477,5.803,,0.07798574205080086,,0,0,0,1,0,1,0,0,0,0,0,0,1,0,0
KOSDAQ,054090,(주)삼진엘앤디,2025,2026,small_and_medium,manufacturing,2004,,,120117445.0,,,,,,13765412.0,,,,,,,,,,4446527.0,,,0,0.5301016868363451,5.803,,-0.3378565422344829,,0,0,0,1,0,0,0,0,1,0,0,1,0,0,0
KOSDAQ,054180,(주)메디콕스,2025,2026,small_and_medium,manufacturing,2001,,,68254632.0,,,,,,2168108.0,,,,,,,,,,1721011.0,,,0,0.2693070169260282,5.803,,0.1538643803501018,,0,0,0,1,0,0,0,0,1,0,0,1,0,0,0
KOSDAQ,054210,(주)이랜텍,2025,2026,mid_sized,manufacturing,2002,,,676158290.0,,,,,,100729355.0,,,,,,,,,,25437203.0,,,1,0.8545188271258242,5.803,,,,0,0,0,1,0,0,1,0,0,0,0,1,0,0,0
KOSDAQ,054220,(주)비츠로시스,2025,2026,small_and_medium,manufacturing,2001,,,53728870.0,,,,,,6563833.0,,,,,,,,,,1014520.0,,,0,1.2246093513847374,5.803,,-0.5640278366495884,,0,0,0,1,0,0,0,0,1,0,0,1,0,0,0
KOSDAQ,054300,(주)팬스타엔터프라이즈,2025,2026,small_and_medium,manufacturing,2002,1.1691751484790567,0.10967755255591541,148949295.149,0.5930777537257321,0.6861195580477775,0.2036086799448249,-0.5264743540303344,-0.023445644156372458,6207176.591,-0.6914379685981343,-0.01057160575634031,-0.01874701402384412,-0.017824991225735862,-0.12544832352981775,-0.25071482029119657,-0.11321331458026754,-1.8827706294836386,0.04047610784575423,0.0,0.1108292958250419,1.108070406691217,0,,5.803,0.4108673142218271,,,0,1,0,1,0,0,0,0,1,0,0,1,0,0,0
KOSDAQ,054410,(주)케이피티유,2025,2026,mid_sized,manufacturing,2002,0.4633975669054193,0.0060738289678141195,95767222.927,0.5721663035876914,0.7477436083349113,0.2838131791784164,-18.137453521592107,0.05534695603928611,4627080.913,0.8786622750796862,0.03380272884667022,0.014495186887252109,0.059078503286046,0.005582032878722289,0.008414626011773363,0.005727891176955372,0.14476565461807248,0.020688127967438647,696509.181,0.0005896778383460747,0.9745354278342606,0,,5.803,0.3090507726269316,,,0,1,0,1,0,0,1,0,0,0,0,1,0,0,0
KOSDAQ,054450,(주)텔레칩스,2025,2026,mid_sized,manufacturing,2004,,,367539039.0,,,,,,74209653.0,,,,,,,,,,5773560.0,,,1,1.6926301730175433,5.803,,1.3599461588761208,,0,0,0,1,0,0,1,0,0,0,0,1,0,0,0
KOSDAQ,054540,삼영엠텍(주),2025,2026,small_and_medium,manufacturing,2001,,,550016691.0,,,,,,23319103.0,,,,,,,,,,1546731.0,,,1,0.718648209009257,5.803,,3.9292894365288733,,0,0,0,1,0,0,0,0,1,0,0,1,0,0,0
KOSDAQ,054620,(주)에이피에스,2025,2026,small_and_medium,it_services,2001,,,377190779.0,,,,,,25049359.0,,,,,,,,,,5651585.0,,,0,0.3417490612173233,5.803,,,,0,0,0,1,0,0,0,0,1,0,1,0,0,0,0
KOSDAQ,054670,대한뉴팜(주),2025,2026,mid_sized,manufacturing,2002,1.5523025129585184,0.27213074984805324,271184096.918,0.516065969153484,0.9377367619111278,,-18.49838575136608,0.07538272374002011,92261382.191,3.9479787066508174,0.05525041964216115,0.0432349548378763,0.10706076925163233,0.03856623192478343,,0.02500597946949971,1.7042494555544685,0.03759928603808631,0.0,0.0060374140652321075,1.5422803962477627,0,,5.803,,,,0,0,0,1,0,0,1,0,0,0,0,1,0,0,0
KOSDAQ,054780,(주)키이스트,2025,2026,large,it_services,2003,1.6319369896682876,0.6532364236819366,58354521.218,0.6715949701753579,0.48899268816574576,,-2.987284120552088,-0.1678972661693941,-1409668.344,-1.227690720978537,-0.04568341525827991,-0.06752549409632617,-0.06802227129001825,-0.3548056550492238,,-0.43303789104813695,-2.1184661843222856,0.07134289193201071,0.0,0.007435022701654342,0.8193408992234891,0,,5.803,,,,0,1,0,1,0,1,0,0,0,0,1,0,0,0,0
KOSDAQ,054800,(주)아이디스홀딩스,2025,2026,mid_sized,it_services,2001,,,1218840790.0,,,,,,322322381.0,,,,,,,,,,19656920.0,,,1,0.1382957366312744,5.803,,,,0,0,0,1,0,0,1,0,0,0,1,0,0,0,0
KOSDAQ,054920,(주)한컴위드,2025,2026,small_and_medium,it_services,2001,,,249496160.0,,,,,,15043246.0,,,,,,,,,,1021278.0,,,0,0.8342873730790278,5.803,,,,0,0,0,1,0,0,0,0,1,0,1,0,0,0,0
KOSDAQ,054930,(주)유신,2025,2026,mid_sized,it_services,2002,1.1110667659281177,0.18505715856952748,339201356.21,0.45734911386662236,1.18651347445626,,-9.342229312333334,0.027289983434222655,53579341.978,4.766839643167753,0.03560588243203475,0.02725155814317315,0.0778527417075494,0.21175334513392055,,0.10110701901091185,20.099719656461243,-0.08389307062316832,0.0,0.020991029748689695,2.094348614027156,0,,5.803,,0.1555897271890795,-0.04463112157278879,0,0,0,1,0,0,1,0,0,0,1,0,0,0,0
KOSDAQ,054940,(주)엑사이엔씨,2025,2026,mid_sized,construction,2001,,,158296864.0,,,,,,24800648.0,,,,,,,,,,2516035.0,,,0,0.2666166656175208,5.803,,-0.06536324196358685,,0,0,0,1,0,0,1,0,0,1,0,0,0,0,0
KOSDAQ,054950,(주)제이브이엠,2025,2026,mid_sized,manufacturing,2006,,,319127681.0,,,,,,70838759.0,,,,,,,,,,4124187.0,,,1,1.335871945207502,5.803,,,,0,0,0,1,0,0,1,0,0,0,0,1,0,0,0
KOSDAQ,056080,(주)유진로봇,2025,2026,mid_sized,manufacturing,2001,1.6850179505030374,0.26012489391534677,53790100.296,0.5338941589989111,0.8730304183793094,,-0.531142247450906,-0.24774547409424033,3528725.206,-24.695506114320935,-0.08975208899841015,-0.09357596796253424,-0.16810839280710918,-0.21483578378444257,,-0.1910768558247082,-26.426811616199334,-0.029697897442269538,698469.644,0.010627599351074466,1.1243422593342782,0,,5.803,,,,0,1,0,1,0,0,1,0,0,0,0,1,0,0,0
KOSDAQ,056090,(주)시지메드텍,2025,2026,small_and_medium,manufacturing,2015,,,114921637.0,,,,,,21158586.0,,,,,,,,,,1913223.0,,,0,1.281036266417696,5.803,,,,0,0,0,1,0,0,0,0,1,0,0,1,0,0,0
KOSDAQ,056190,(주)에스에프에이,2025,2026,mid_sized,manufacturing,2001,,,2261944461.0,,,,,,182881303.0,,,,,,,,,,57299572.0,,,1,0.556367490796116,5.803,,-0.199407553484758,,0,0,0,1,0,0,1,0,0,0,0,1,0,0,0
KOSDAQ,056360,코위버(주),2025,2026,small_and_medium,manufacturing,2001,,,184022424.0,,,,,,18895493.0,,,,,,,,,,1357690.0,,,1,0.320174393680841,5.803,,,,0,0,0,1,0,0,0,0,1,0,0,1,0,0,0
KOSDAQ,056700,신화인터텍(주),2025,2026,large,manufacturing,2001,,,168747710.0,,,,,,26162251.0,,,,,,,,,,8538041.0,,,0,0.5137742750013065,5.803,,-0.26289380149136143,,0,0,0,1,0,1,0,0,0,0,0,1,0,0,0
KOSDAQ,056730,씨앤티85(주),2025,2026,small_and_medium,construction,2002,2.4360619727518973,0.28918879207785614,85091981.963,0.6870431876227845,0.45551257623275054,,-0.5776799612679252,-0.26656178164550687,314135.911,-87.51993313794493,-0.15104067011376587,-0.13243704595927935,-0.2198415948732084,-0.31163333037619756,,-0.17470902083928633,-64.45042753657731,-0.05127494405873839,0.0,0.03669557626895723,1.7837277599012302,0,,5.803,,0.23764985356538995,0.9778765913273084,1,1,0,1,0,0,0,0,1,1,0,0,0,0,0
KOSDAQ,057030,(주)와이비엠넷,2025,2026,mid_sized,it_services,2004,,,80121357.0,,,,,,19064405.0,,,,,,,,,,2488006.0,,,1,0.9506548489773312,5.803,,,,0,0,0,1,0,0,1,0,0,0,1,0,0,0,0
KOSDAQ,057540,옴니시스템(주),2025,2026,mid_sized,manufacturing,2007,,,130285750.0,,,,,,17729913.0,,,,,,,,,,2846125.0,,,0,0.4236966256937879,5.803,,,,0,0,0,1,0,0,1,0,0,0,0,1,0,0,0
KOSDAQ,057680,(주)티사이언티픽,2025,2026,small_and_medium,it_services,2002,,,201274537.0,,,,,,11062750.0,,,,,,,,,,946817.0,,,0,0.3227211185972966,5.803,,1.57986199991267,,0,0,0,1,0,0,0,0,1,0,1,0,0,0,0
KOSDAQ,058110,(주)멕아이씨에스,2025,2026,small_and_medium,manufacturing,2015,,,56220578.0,,,,,,6155138.0,,,,,,,,,,1293407.0,,,0,0.8263032895313124,5.803,,,,0,0,0,1,0,0,0,0,1,0,0,1,0,0,0
KOSDAQ,058400,(주)케이엔엔,2025,2026,mid_sized,it_services,2010,,,246314622.0,,,,,,23511417.0,,,,,,,,,,3257396.0,,,1,0.4091715045490455,5.803,,0.07058256988586542,,0,0,0,1,0,0,1,0,0,0,1,0,0,0,0
KOSDAQ,058450,한주에이알티(주),2025,2026,small_and_medium,it_services,2002,,,25319383.0,,,,,,2454919.0,,,,,,,,,,1139452.0,,,0,1.1777133216559343,5.803,,,,0,0,0,1,0,0,0,0,1,0,1,0,0,0,0
KOSDAQ,058470,리노공업(주),2025,2026,mid_sized,manufacturing,2001,9.720672655008862,1.5550183719381712,791928165.325,0.9233400002510511,0.08302467100754367,,-94.94557176738263,0.40791078369621137,194400244.637,27254.13580982409,0.24731606837170927,0.223501570014702,0.2678494035831496,2.9562044645024343,,0.48175147936556356,27634.72324047892,-0.03473569595382546,0.0,0.002359977597504702,6.136368212912537,0,,5.803,,1.1904707905898424,0.13285356154176725,0,0,0,1,0,0,1,0,0,0,0,1,0,0,0
KOSDAQ,058610,(주)에스피지,2025,2026,mid_sized,manufacturing,2002,,,428472044.0,,,,,,65587365.0,,,,,,,,,,7367154.0,,,1,6.988875190763137,5.803,,,,0,0,0,1,0,0,1,0,0,0,0,1,0,0,0
KOSDAQ,058630,(주)엠게임,2025,2026,small_and_medium,it_services,2008,,,157244091.0,,,,,,91740255.0,,,,,,,,,,2688511.0,,,1,0.8921391994443929,5.803,,,,0,0,0,1,0,0,0,0,1,0,1,0,0,0,0
KOSDAQ,058820,(주)CMG제약,2025,2026,small_and_medium,manufacturing,2001,,,305961524.0,,,,,,60933012.0,,,,,,,,,,2007641.0,,,0,1.3628594603687156,5.803,,,,0,0,0,1,0,0,0,0,1,0,0,1,0,0,0
KOSDAQ,058970,(주)엠로,2025,2026,small_and_medium,it_services,2021,,,113513500.0,,,,,,31554925.0,,,,,,,,,,2196893.0,,,0,4.825684207737955,5.803,,,,0,0,0,1,0,0,0,0,1,0,1,0,0,0,0
KOSDAQ,059090,(주)미코,2025,2026,mid_sized,manufacturing,2002,,,2264573969.0,,,,,,329243843.0,,,,,,,,,,70099211.0,,,1,0.6488413203820791,5.803,,3.3633122198629977,,0,0,0,1,0,0,1,0,0,0,0,1,0,0,0
KOSDAQ,059100,(주)아이컴포넌트,2025,2026,small_and_medium,manufacturing,2008,3.221449923691888,0.7612489428219535,59516000.796,0.7449859861044285,0.3423071287945343,,-11.541214659037232,0.1733555113919036,12015113.509,10.457921944763676,0.10376684191480601,0.10149010264826062,0.13928697163473958,0.5603860950002373,,0.24546620499821567,14.725603476467514,-0.041981636326073955,2301704.246,0.0005258611227470689,2.28294601696519,0,,5.803,,,,0,0,0,1,0,0,0,0,1,0,0,1,0,0,0
KOSDAQ,059120,(주)아진엑스텍,2025,2026,small_and_medium,manufacturing,2014,9.416083265273109,4.33723511214822,45229672.958,0.9120112982975683,0.09647764437422894,,-7.133797559405599,0.03400578043524958,11760589.926,24.66802875775407,0.023339263208474872,0.02128525839428423,0.025590980344258635,0.5200343455418907,,0.08406812588694623,53.02912442096866,-0.027248259326226546,0.0,0.01746810589883461,6.185868187917337,0,,5.803,,-0.052449616511581885,0.014144436802141454,0,0,0,1,0,0,0,0,1,0,0,1,0,0,0
KOSDAQ,059210,(주)메타바이오메드,2025,2026,small_and_medium,manufacturing,2008,,,186603754.0,,,,,,53593147.0,,,,,,,,,,5468964.0,,,1,1.1181610672676718,5.803,,,,0,0,0,1,0,0,0,0,1,0,0,1,0,0,0
KOSDAQ,059270,해성에어로보틱스(주),2025,2026,small_and_medium,manufacturing,2021,8.433776177339139,3.3179460964348375,43062407.333,0.9206349393202421,0.08620687450593369,,-6.101423215267231,0.009805868439503289,2129489.389,-1.1916764987618647,0.003433441466861432,-0.01442487644029086,0.003729427724518624,0.4813787936543265,,0.10911205144597094,3.1561859319349628,-0.03477121570146289,0.0,6.94334382394989e-05,4.411783916396174,0,,5.803,,,,0,1,0,1,0,0,0,0,1,0,0,1,0,0,0
KOSDAQ,060150,인선이엔티(주),2025,2026,mid_sized,other,2002,,,464463638.0,,,,,,39916249.0,,,,,,,,,,12130631.0,,,0,0.6767173451701217,5.803,,-0.1477583935952477,,0,0,0,1,0,0,1,0,0,0,0,0,1,0,0
KOSDAQ,060230,제이케이시냅스(주),2025,2026,small_and_medium,manufacturing,2002,,,151376977.0,,,,,,9033165.0,,,,,,,,,,2685584.0,,,0,0.3632093063796984,5.803,,,,0,0,0,1,0,0,0,0,1,0,0,1,0,0,0
KOSDAQ,060240,(주)스타코링크,2025,2026,small_and_medium,manufacturing,2002,,,20275110.0,,,,,,3360094.0,,,,,,,,,,1448211.0,,,0,1146.8010528414757,5.803,,,,0,0,0,1,0,0,0,0,1,0,0,1,0,0,0
KOSDAQ,060250,엔에이치엔케이씨피(주),2025,2026,mid_sized,other,2002,,,659744795.0,,,,,,120785236.0,,,,,,,,,,4800263.0,,,1,1.9915403885481069,5.803,,0.26385933022608904,,0,0,0,1,0,0,1,0,0,0,0,0,1,0,0
KOSDAQ,060260,(주)뉴보텍,2025,2026,small_and_medium,manufacturing,2002,1.1391851405966682,0.1714097306583338,55638476.714,0.4101254138982968,1.4382785511750331,,-2.377551523389305,0.043219935036876475,13868662.264,1.8703931127727667,0.027783765126176203,0.023347147418813857,0.06774455857804032,0.07599084364166855,,0.05735981159907456,3.5910381648167613,-0.011049912871631531,0.0,0.005044670982686602,1.324809854202774,0,,5.803,,,,0,0,0,1,0,0,0,0,1,0,0,1,0,0,0
KOSDAQ,060280,큐렉소(주),2025,2026,mid_sized,wholesale_retail,2002,,,101137762.0,,,,,,24838027.0,,,,,,,,,,2430046.0,,,0,5.532800024735851,5.803,,,,0,0,0,1,0,0,1,0,0,0,0,0,0,0,1
KOSDAQ,060370,엘에스마린솔루션(주),2025,2026,large,construction,2002,,,739037054.0,,,,,,16126599.0,,,,,,,,,,9581151.0,,,1,2.491038281453295,5.803,,5.145601063328189,,0,0,0,1,0,1,0,0,0,1,0,0,0,0,0
KOSDAQ,060380,(주)동양에스텍,2025,2026,mid_sized,manufacturing,2002,,,198903892.0,,,,,,18330980.0,,,,,,,,,,3906680.0,,,1,0.2480874055186444,5.803,,,,0,0,0,1,0,0,1,0,0,0,0,1,0,0,0
KOSDAQ,060480,국일신동(주),2025,2026,small_and_medium,manufacturing,2014,8.50804426630453,2.170305014601983,46633517.222,0.9073718893979932,0.10208395442298959,,-6.631008589900811,0.0026825835501566105,1321596.796,-1.5408836807484791,0.0038467105997180145,-0.004502432531530058,0.00423939802925806,1.0684244012398396,,0.12718718328433593,33.86953589094769,-0.09687877767171005,592468.823,,8.40040933095673,0,,5.803,,,,0,1,0,1,0,0,0,0,1,0,0,1,0,0,0
KOSDAQ,060540,(주)에스에이티,2025,2026,mid_sized,manufacturing,2006,,,161803904.0,,,,,,22955091.0,,,,,,,,,,6733063.0,,,0,0.345229108351255,5.803,,,,0,0,0,1,0,0,1,0,0,0,0,1,0,0,0
KOSDAQ,060560,(주)에이치씨홈센타,2025,2026,mid_sized,wholesale_retail,2002,,,496363939.0,,,,,,12244484.0,,,,,,,,,,14904640.0,,,1,0.4558175314514712,5.803,,0.3834765181795764,,0,0,0,1,0,0,1,0,0,0,0,0,0,0,1
KOSDAQ,060570,(주)드림어스컴퍼니,2025,2026,large,it_services,2003,,,222693228.0,,,,,,40469571.0,,,,,,,,,,2599583.0,,,0,0.7369855059626204,5.803,,,,0,0,0,1,0,1,0,0,0,0,1,0,0,0,0
KOSDAQ,060590,(주)씨티씨바이오,2025,2026,mid_sized,manufacturing,2002,,,143235365.0,,,,,,50317229.0,,,,,,,,,,4312547.0,,,0,1.5378371177113246,5.803,,,,0,0,0,1,0,0,1,0,0,0,0,1,0,0,0
KOSDAQ,060720,(주)케이에이치바텍,2025,2026,small_and_medium,manufacturing,2002,,,404150936.0,,,,,,61394516.0,,,,,,,,,,22666315.0,,,1,0.9602607348868428,5.803,,-0.29869882635928313,,0,0,0,1,0,0,0,0,1,0,0,1,0,0,0
KOSDAQ,060850,(주)영림원소프트랩,2025,2026,small_and_medium,it_services,2020,,,89866929.0,,,,,,33972647.0,,,,,,,,,,748791.0,,,1,0.9264465566323716,5.803,,0.46439365732763743,,0,0,0,1,0,0,0,0,1,0,1,0,0,0,0
KOSDAQ,060900,(주)에이전트에이아이,2025,2026,small_and_medium,other,2002,,,57356038.0,,,,,,1175194.0,,,,,,,,,,984598.0,,,0,2.5580215084899836,5.803,,,,0,0,0,1,0,0,0,0,1,0,0,0,1,0,0
KOSDAQ,061040,(주)알에프텍,2025,2026,mid_sized,manufacturing,2002,,,407430424.0,,,,,,22929616.0,,,,,,,,,,12240191.0,,,0,0.3442878942004508,5.803,,-0.042811690312401715,,0,0,0,1,0,0,1,0,0,0,0,1,0,0,0
KOSDAQ,061090,(주)세나테크놀로지,2025,2026,other,manufacturing,2025,,,205702112.0,,,,,,79180885.0,,,,,,,,,,3718952.0,,,0,1.4294917935868845,5.803,,,,0,0,0,1,0,0,0,1,0,0,0,1,0,0,0
KOSDAQ,061250,화일약품(주),2025,2026,mid_sized,manufacturing,2002,21.73588317262574,10.203492358389148,213160031.548,0.9704981822233221,0.030398632699230727,,-3.6997525914315896,-0.002311252309445519,6643049.326,-9.717795231040471,-0.0016211908043473095,-0.01069479122068271,-0.0016704727881440339,1.888774682470259,,0.11781458758788238,50.6319159366661,-0.05681543011159134,1456044.203,0.008659597142085895,16.03175566914708,0,,5.803,,,,0,1,0,1,0,0,1,0,0,0,0,1,0,0,0
KOSDAQ,061970,엘비세미콘(주),2025,2026,mid_sized,manufacturing,2011,,,684133639.0,,,,,,-3840611.0,,,,,,,,,,92832870.0,,,0,0.9345648562888942,5.803,,,,0,0,0,1,0,0,1,0,0,0,0,1,0,0,0
KOSDAQ,062970,(주)한국첨단소재,2025,2026,small_and_medium,manufacturing,2019,2.1857926430754406,1.13441570973739,18440910.502,0.7069308337886102,0.41456554475175794,,-0.13069996707587067,-3.564040460232725,-1088428.285,-0.40857373692568344,-0.6781425032480752,-0.18519030877730355,-0.9592770195264345,-0.29035416995366886,,-0.4382356962732472,-0.18773722204850285,-0.606949132679002,0.0,,0.6625525314866825,0,,5.803,,-0.2440439969909668,-3.284611189895592,1,1,1,1,0,0,0,0,1,0,0,1,0,0,0
KOSDAQ,063080,(주)컴투스홀딩스,2025,2026,mid_sized,it_services,2009,,,518942512.0,,,,,,99211679.0,,,,,,,,,,1632457.0,,,0,0.4160658401384954,5.803,,-0.13021635316811586,,0,0,0,1,0,0,1,0,0,0,1,0,0,0,0
KOSDAQ,063170,(주)서울옥션,2025,2026,small_and_medium,wholesale_retail,2008,,,221472332.0,,,,,,4224909.0,,,,,,,,,,1794694.0,,,0,1.251845588779057,5.803,,,,0,0,0,1,0,0,0,0,1,0,0,0,0,0,1
KOSDAQ,063440,(주)에스엠라이프디자인그룹,2025,2026,large,manufacturing,2002,,,73466959.0,,,,,,8404631.0,,,,,,,,,,1242280.0,,,0,1.29007887558056,5.803,,,,0,0,0,1,0,1,0,0,0,0,0,1,0,0,0
KOSDAQ,063570,NICE인프라(주),2025,2026,mid_sized,it_services,2006,,,632896929.0,,,,,,363570109.0,,,,,,,,,,69911711.0,,,1,0.771972691705139,5.803,,,,0,0,0,1,0,0,1,0,0,0,1,0,0,0,0
KOSDAQ,063760,(주)이엘피,2025,2026,small_and_medium,manufacturing,2017,,,80305390.0,,,,,,9393576.0,,,,,,,,,,1252789.0,,,1,0.349251883773174,5.803,,,,0,0,0,1,0,0,0,0,1,0,0,1,0,0,0
KOSDAQ,064090,(주)인크레더블버즈,2025,2026,small_and_medium,wholesale_retail,2002,,,70958916.0,,,,,,3586087.0,,,,,,,,,,643886.0,,,0,0.9748267310723812,5.803,,,,0,0,0,1,0,0,0,0,1,0,0,0,0,0,1
KOSDAQ,064240,(주)홈캐스트,2025,2026,small_and_medium,wholesale_retail,2003,,,89327254.0,,,,,,5567822.0,,,,,,,,,,1072580.0,,,0,0.7679440241717668,5.803,,-0.14170628933295734,,0,0,0,1,0,0,0,0,1,0,0,0,0,0,1
KOSDAQ,064260,(주)다날,2025,2026,mid_sized,it_services,2004,,,741963126.0,,,,,,225377154.0,,,,,,,,,,4992081.0,,,0,1.7572798115976602,5.803,,,,0,0,0,1,0,0,1,0,0,0,1,0,0,0,0
KOSDAQ,064290,(주)인텍플러스,2025,2026,small_and_medium,manufacturing,2011,,,118814867.0,,,,,,29712183.0,,,,,,,,,,1087031.0,,,0,3.633563114277117,5.803,,,,0,0,0,1,0,0,0,0,1,0,0,1,0,0,0
KOSDAQ,064480,(주)브리지텍,2025,2026,small_and_medium,it_services,2008,2.353547466202468,0.26138147786904564,62159073.06,0.750952817104316,0.3316415854940303,,,0.0103257701013621,6451839.849,2.5369221725418822,0.009931409376135892,0.004994338601226239,0.013225077727827878,-0.2540339995589781,,-0.07916300346670428,-32.13680079486728,0.07151872648919452,1112773.549,0.08423860053295332,3.2089990075455392,0,,5.803,,-0.15907744373174784,-0.0564175473276262,0,0,0,1,0,0,0,0,1,0,1,0,0,0,0
KOSDAQ,064520,(주)테크엘,2025,2026,mid_sized,manufacturing,2002,,,100320070.0,,,,,,-101683.0,,,,,,,,,,1967933.0,,,0,0.4074339419760572,5.803,,,,0,0,0,1,0,0,1,0,0,0,0,1,0,0,0
KOSDAQ,064550,(주)바이오니아,2025,2026,mid_sized,manufacturing,2005,,,369883619.0,,,,,,257231608.0,,,,,,,,,,8008914.0,,,0,1.449782939330085,5.803,,,,0,0,0,1,0,0,1,0,0,0,0,1,0,0,0
KOSDAQ,064760,(주)티씨케이,2025,2026,mid_sized,manufacturing,2003,9.264777085699713,,567616557.963,0.9148830968807831,0.09303582436861688,,-87.95979347152034,0.23197732183908867,109762162.086,2262.212762421291,0.16096895962988425,0.14778871085798764,0.17594483948680917,1.1200003955444284,,0.1795727661978575,1459.2381568878636,0.027820348117873886,0.0,0.00385996387043878,6.237028137720982,0,,5.803,,,,0,0,0,1,0,0,1,0,0,0,0,1,0,0,0
KOSDAQ,064800,(주)포니링크,2025,2026,small_and_medium,wholesale_retail,2002,,,287705953.0,,,,,,9229198.0,,,,,,,,,,1915071.0,,,0,0.4938476908220288,5.803,,,,0,0,0,1,0,0,0,0,1,0,0,0,0,0,1
KOSDAQ,064820,(주)케이프,2025,2026,small_and_medium,manufacturing,2007,,,2692973699.0,,,,,,130376485.0,,,,,,,,,,5047545.0,,,1,0.9934961752431128,5.803,,,,0,0,0,1,0,0,0,0,1,0,0,1,0,0,0
KOSDAQ,064850,(주)에프앤가이드,2025,2026,small_and_medium,it_services,2020,,,88472450.0,,,,,,35401546.0,,,,,,,,,,782003.0,,,1,1.4334067881210746,5.803,,,,0,0,0,1,0,0,0,0,1,0,1,0,0,0,0
KOSDAQ,065060,(주)지엔코,2025,2026,small_and_medium,manufacturing,2002,,,233804428.0,,,,,,59467363.0,,,,,,,,,,4739730.0,,,0,0.1447379496219956,5.803,,,,0,0,0,1,0,0,0,0,1,0,0,1,0,0,0
KOSDAQ,065130,(주)탑엔지니어링,2025,2026,mid_sized,manufacturing,2003,,,492123214.0,,,,,,38578323.0,,,,,,,,,,18698933.0,,,0,0.1812784015180117,5.803,,,,0,0,0,1,0,0,1,0,0,0,0,1,0,0,0
KOSDAQ,065150,(주)대산에프앤비,2025,2026,small_and_medium,wholesale_retail,2007,,,37466438.0,,,,,,8489813.0,,,,,,,,,,341407.0,,,0,0.9492788793699046,5.803,,,,0,0,0,1,0,0,0,0,1,0,0,0,0,0,1
KOSDAQ,065170,(주)비엘팜텍,2025,2026,small_and_medium,wholesale_retail,2002,,,18195171.0,,,,,,3691523.0,,,,,,,,,,407575.0,,,0,1.8445311748056956,5.803,,,,0,0,0,1,0,0,0,0,1,0,0,0,0,0,1
KOSDAQ,065350,신성델타테크(주),2025,2026,mid_sized,manufacturing,2004,,,932560259.0,,,,,,95664990.0,,,,,,,,,,27549006.0,,,1,4.3667822840998385,5.803,,,,0,0,0,1,0,0,1,0,0,0,0,1,0,0,0
KOSDAQ,065370,(주)위세아이텍,2025,2026,small_and_medium,it_services,2020,,,66432683.0,,,,,,7718468.0,,,,,,,,,,1234909.0,,,1,1.3253707343070231,5.803,,0.3163146319453152,,0,0,0,1,0,0,0,0,1,0,1,0,0,0,0
KOSDAQ,065420,(주)에스아이리소스,2025,2026,small_and_medium,manufacturing,2002,1.4259164465121619,0.5957942373351316,17189453.891,0.6089793010516067,0.6420919369068295,0.2519224378772907,-0.35101212978723934,-0.09392004437829951,-12984.051,-10.158933235888858,-0.1139292265721928,-0.16844125499042012,-0.18708226433222908,-0.43486494357335465,-0.6749743913919746,-0.1401771694974157,-10.255427859204774,0.05611196761201401,0.0,0.0011057942922754601,3.102252279258441,0,,5.803,0.1154625313659451,,,0,1,0,1,0,0,0,0,1,0,0,1,0,0,0
KOSDAQ,065440,(주)이루온,2025,2026,small_and_medium,it_services,2003,,,77620404.0,,,,,,17741970.0,,,,,,,,,,800724.0,,,0,0.774423388310685,5.803,,,,0,0,0,1,0,0,0,0,1,0,1,0,0,0,0
KOSDAQ,065450,(주)빅텍,2025,2026,small_and_medium,manufacturing,2003,,,126231673.0,,,,,,12793419.0,,,,,,,,,,3215471.0,,,1,1.663837801829208,5.803,,,,0,0,0,1,0,0,0,0,1,0,0,1,0,0,0
KOSDAQ,065500,(주)오리엔트정공,2025,2026,mid_sized,manufacturing,2002,,,98290350.0,,,,,,14917488.0,,,,,,,,,,3291773.0,,,0,1.9225707027416756,5.803,,,,0,0,0,1,0,0,1,0,0,0,0,1,0,0,0
KOSDAQ,065510,(주)휴비츠,2025,2026,mid_sized,manufacturing,2003,,,224755206.0,,,,,,53736403.0,,,,,,,,,,4969592.0,,,1,0.9404700854716136,5.803,,,,0,0,0,1,0,0,1,0,0,0,0,1,0,0,0
KOSDAQ,065530,(주)와이어블,2025,2026,small_and_medium,it_services,2002,,,139604349.0,,,,,,10776091.0,,,,,,,,,,13829844.0,,,1,0.8305459501531887,5.803,,,,0,0,0,1,0,0,0,0,1,0,1,0,0,0,0
KOSDAQ,065570,삼영이엔씨(주),2025,2026,small_and_medium,manufacturing,2003,1.674892908719782,0.050639969712448635,40257888.252,0.44980003647112315,1.223210135431368,,-1.250302209330055,0.02525754131141518,10325067.542,-0.043495254067173306,0.010300454171969616,-0.004834056167621557,0.022900074114669173,-0.298069365806773,,-0.19849407003316014,-1.4755980770303767,0.18486578340656676,0.0,,1.50165375598867,0,,5.803,,,,0,1,0,1,0,0,0,0,1,0,0,1,0,0,0
KOSDAQ,065650,(주)하이퍼코퍼레이션,2025,2026,small_and_medium,wholesale_retail,2003,,,71935567.0,,,,,,12033545.0,,,,,,,,,,2276087.0,,,0,1.7461497661055656,5.803,,0.2902621809386017,,0,0,0,1,0,0,0,0,1,0,0,0,0,0,1
KOSDAQ,065660,(주)안트로젠,2025,2026,small_and_medium,wholesale_retail,2016,78.12049874665745,2.5604113109582585,88259001.128,0.9907934736784346,0.00929207404585043,,-16.47862650003498,-0.18229275614628132,2664002.981,1000000.0,-0.012398831711373546,-0.027567389409623774,-0.012514042573717668,-1.2549976132989276,,-0.13530998762699828,1000000.0,-0.00401187551948928,0.0,0.004258495339811433,9.274981361749226,0,,5.803,,,,0,0,0,1,0,0,0,0,1,0,0,0,0,0,1
KOSDAQ,065680,(주)우주일렉트로닉스,2025,2026,mid_sized,manufacturing,2004,,,345782147.0,,,,,,57209943.0,,,,,,,,,,10099550.0,,,1,1.2703575400385752,5.803,,0.374839362520631,,0,0,0,1,0,0,1,0,0,0,0,1,0,0,0
KOSDAQ,065690,(주)파커스,2025,2026,small_and_medium,manufacturing,2002,,,81293288.0,,,,,,4580075.0,,,,,,,,,,2636019.0,,,0,0.3349579699785335,5.803,,-0.41836118196648303,,0,0,0,1,0,0,0,0,1,0,0,1,0,0,0
KOSDAQ,065710,서호전기(주),2025,2026,small_and_medium,manufacturing,2002,,,103409688.0,,,,,,40162290.0,,,,,,,,,,317521.0,,,1,3.158410399824261,5.803,,,,0,0,0,1,0,0,0,0,1,0,0,1,0,0,0
KOSDAQ,065770,(주)씨에스,2025,2026,small_and_medium,manufacturing,2004,,,19055925.0,,,,,,5219959.0,,,,,,,,,,806637.0,,,0,0.8634238480717087,5.803,,-0.4414589129509586,,0,0,0,1,0,0,0,0,1,0,0,1,0,0,0
KOSDAQ,065950,(주)웰크론,2025,2026,mid_sized,manufacturing,2003,,,329124032.0,,,,,,47712223.0,,,,,,,,,,7582770.0,,,0,0.7829467685821045,5.803,,,,0,0,0,1,0,0,1,0,0,0,0,1,0,0,0
KOSDAQ,066130,(주)하츠,2025,2026,mid_sized,manufacturing,2003,2.005733330643572,0.5001723749786317,159182470.629,0.7332912746218838,0.36371457646982436,,-17.23861199765625,0.051233226334945384,46043179.028,4.824077097541618,0.06658123057847014,0.06504701976345399,0.09079779465915813,0.20116125031912716,,0.04826724694687836,3.97894912941064,0.003296834531630838,0.0,0.00814675244626932,4.167655357276122,0,,5.803,,0.7128377234354425,,0,0,0,1,0,0,1,0,0,0,0,1,0,0,0
KOSDAQ,066310,(주)큐에스아이,2025,2026,small_and_medium,manufacturing,2006,,,93019580.0,,,,,,5063799.0,,,,,,,,,,2412481.0,,,1,0.7870277291842928,5.803,,,,0,0,0,1,0,0,0,0,1,0,0,1,0,0,0
KOSDAQ,066360,(주)체리부로,2025,2026,mid_sized,manufacturing,2017,,,327107435.0,,,,,,68672189.0,,,,,,,,,,26661682.0,,,0,0.2597904732318645,5.803,,,,0,0,0,1,0,0,1,0,0,0,0,1,0,0,0
KOSDAQ,066410,(주)버킷스튜디오,2025,2026,small_and_medium,it_services,2003,,,173190400.0,,,,,,3148661.0,,,,,,,,,,481211.0,,,0,0.9733579535063828,5.803,,,,0,0,0,1,0,0,0,0,1,0,1,0,0,0,0
KOSDAQ,066430,(주)아이로보틱스,2025,2026,small_and_medium,wholesale_retail,2002,1.619375304676469,0.2539416767561973,51073992.359,0.8629298955172364,0.15884268837459198,,-1.251308409501113,0.04670720086071667,3975368.74,0.4896302714639892,0.011670239596904507,0.003326111591314929,0.013523971828452433,0.2020932306245596,,0.03884001181643634,4.077800312969109,0.005610928610899978,0.0,0.0025262757822624676,5.20322268643177,0,,5.803,,,,0,1,0,1,0,0,0,0,1,0,0,0,0,0,1
KOSDAQ,066590,우수AMS(주),2025,2026,mid_sized,manufacturing,2003,,,268145034.0,,,,,,24379685.0,,,,,,,,,,14668855.0,,,0,1.1796696514964855,5.803,,,,0,0,0,1,0,0,1,0,0,0,0,1,0,0,0
KOSDAQ,066620,(주)국보디자인,2025,2026,mid_sized,construction,2002,,,473184376.0,,,,,,72561626.0,,,,,,,,,,563379.0,,,1,0.5417534692834904,5.803,,,,0,0,0,1,0,0,1,0,0,1,0,0,0,0,0
KOSDAQ,066670,(주)디티씨,2025,2026,small_and_medium,manufacturing,2002,,,305012743.0,,,,,,24759937.0,,,,,,,,,,5376988.0,,,0,0.255465420416833,5.803,,,,0,0,0,1,0,0,0,0,1,0,0,1,0,0,0
KOSDAQ,066700,(주)테라젠이텍스,2025,2026,mid_sized,manufacturing,2004,,,257628374.0,,,,,,141013257.0,,,,,,,,,,5522709.0,,,1,0.7375848220915804,5.803,,0.04491994521409956,,0,0,0,1,0,0,1,0,0,0,0,1,0,0,0
KOSDAQ,066790,(주)씨씨에스충북방송,2025,2026,small_and_medium,it_services,2003,,,29575440.0,,,,,,1980807.0,,,,,,,,,,2732609.0,,,0,3.827959446538862,5.803,,,,0,0,0,1,0,0,0,0,1,0,1,0,0,0,0
KOSDAQ,066900,(주)디에이피,2025,2026,mid_sized,manufacturing,2004,,,555426059.0,,,,,,-27461966.0,,,,,,,,,,28722554.0,,,0,-2.066243474986727,5.803,,,,0,0,0,1,0,0,1,0,0,0,0,1,0,0,0
KOSDAQ,066910,(주)손오공,2025,2026,small_and_medium,wholesale_retail,2005,,,119981711.0,,,,,,8692123.0,,,,,,,,,,3558350.0,,,0,0.8107842949672468,5.803,,,,0,0,0,1,0,0,0,0,1,0,0,0,0,0,1
KOSDAQ,066980,한성크린텍(주),2025,2026,mid_sized,it_services,2003,,,156788609.0,,,,,,17829653.0,,,,,,,,,,6645772.0,,,1,1.004739256997352,5.803,,-0.47976301656325954,,0,0,0,1,0,0,1,0,0,0,1,0,0,0,0
KOSDAQ,067000,(주)조이시티,2025,2026,mid_sized,it_services,2008,,,211234882.0,,,,,,140359841.0,,,,,,,,,,2409671.0,,,0,1.6647038851188272,5.803,,,,0,0,0,1,0,0,1,0,0,0,1,0,0,0,0
KOSDAQ,067080,대화제약(주),2025,2026,mid_sized,manufacturing,2003,,,210863256.0,,,,,,47825816.0,,,,,,,,,,5365646.0,,,1,4.100091371550235,5.803,,,,0,0,0,1,0,0,1,0,0,0,0,1,0,0,0
KOSDAQ,067160,(주)숲,2025,2026,mid_sized,it_services,2003,,,884795266.0,,,,,,466570266.0,,,,,,,,,,21477343.0,,,1,1.548859542766813,5.803,,,,0,0,0,1,0,0,1,0,0,0,1,0,0,0,0
KOSDAQ,067170,(주)오텍,2025,2026,mid_sized,manufacturing,2003,,,508993662.0,,,,,,140069439.0,,,,,,,,,,7593172.0,,,0,0.3293106799353963,5.803,,-0.06209081624578954,,0,0,0,1,0,0,1,0,0,0,0,1,0,0,0
KOSDAQ,067280,(주)멀티캠퍼스,2025,2026,large,it_services,2006,,,322041330.0,,,,,,92302889.0,,,,,,,,,,11192268.0,,,1,0.7806939302402758,5.803,,0.03289469936691809,,0,0,0,1,0,1,0,0,0,0,1,0,0,0,0
KOSDAQ,067290,제이더블유신약(주),2025,2026,mid_sized,manufacturing,2003,,,58241070.0,,,,,,40613398.0,,,,,,,,,,1148269.0,,,1,2.791487387129622,5.803,,,,0,0,0,1,0,0,1,0,0,0,0,1,0,0,0
KOSDAQ,067310,하나마이크론(주),2025,2026,mid_sized,manufacturing,2005,,,2017838854.0,,,,,,212292886.0,,,,,,,,,,147686166.0,,,1,2.6188161169094597,5.803,,0.03763661541624348,,0,0,0,1,0,0,1,0,0,0,0,1,0,0,0
KOSDAQ,067370,선바이오(주),2025,2026,small_and_medium,manufacturing,2022,0.5304611393461831,0.1283733661847801,60680113.162,0.4758027945979591,1.1017110688577898,,-3.6894284256658616,0.20430934313257104,8340148.247,1.9266123659917787,0.047387611478627384,0.0829942654944451,0.09959506757136363,0.11995283966754762,,0.279063654860364,1.4596592796575942,-0.01684372740491297,0.0,,0.4298404237827703,0,,5.803,,,,0,0,0,1,0,0,0,0,1,0,0,1,0,0,0
KOSDAQ,067390,(주)아스트,2025,2026,mid_sized,manufacturing,2014,,,560593411.0,,,,,,20906352.0,,,,,,,,,,7022620.0,,,0,0.7712134551063276,5.803,,,,0,0,0,1,0,0,1,0,0,0,0,1,0,0,0
KOSDAQ,067570,엔브이에이치코리아(주),2025,2026,small_and_medium,manufacturing,2013,,,1579146291.0,,,,,,112455642.0,,,,,,,,,,41188063.0,,,1,0.2799053343279052,5.803,,0.2099077952015866,,0,0,0,1,0,0,0,0,1,0,0,1,0,0,0
KOSDAQ,067630,에이치엘비생명과학(주),2025,2026,small_and_medium,manufacturing,2008,,,478093567.0,,,,,,-494412.0,,,,,,,,,,4769592.0,,,0,1.5867035192747043,5.803,,,,0,0,0,1,0,0,0,0,1,0,0,1,0,0,0
KOSDAQ,067730,(주)로지시스,2025,2026,small_and_medium,it_services,2015,2.586655831533974,1.3409897086934717,29868025.186,0.703786507681566,0.4208854376794306,,-3.3458512766590425,0.06808499322418267,4972953.739,26.112149681616163,0.10375799265940795,0.09657242834226663,0.14742822081260204,0.5488092932755558,,0.10002847168720493,43.95575741430498,-0.05191404467968631,0.0,0.006075982555588033,5.486530824860702,0,,5.803,,0.2102259166878987,0.05392995482442329,0,0,0,1,0,0,0,0,1,0,1,0,0,0,0
KOSDAQ,067770,(주)세진티에스,2025,2026,mid_sized,manufacturing,2004,,,49000429.0,,,,,,2904753.0,,,,,,,,,,1091844.0,,,0,0.402662335589076,5.803,,,,0,0,0,1,0,0,1,0,0,0,0,1,0,0,0
KOSDAQ,067900,(주)와이엔텍,2025,2026,mid_sized,other,2005,,,500268306.0,,,,,,33316094.0,,,,,,,,,,11635670.0,,,1,0.3480302763632127,5.803,,,,0,0,0,1,0,0,1,0,0,0,0,0,1,0,0
KOSDAQ,067920,(주)이글루코퍼레이션,2025,2026,small_and_medium,it_services,2010,,,182254836.0,,,,,,143257199.0,,,,,,,,,,2104995.0,,,1,0.4070593170201346,5.803,,2.693248106979403,,0,0,0,1,0,0,0,0,1,0,1,0,0,0,0
KOSDAQ,067990,도이치모터스(주),2025,2026,mid_sized,wholesale_retail,2004,,,1641813989.0,,,,,,227307716.0,,,,,,,,,,62110626.0,,,1,0.3408090071248112,5.803,,,,0,0,0,1,0,0,1,0,0,0,0,0,0,0,1
KOSDAQ,068050,(주)팬엔터테인먼트,2025,2026,small_and_medium,it_services,2006,,,118184702.0,,,,,,5243877.0,,,,,,,,,,1019463.0,,,0,0.8365220850550366,5.803,,,,0,0,0,1,0,0,0,0,1,0,1,0,0,0,0
KOSDAQ,068100,케이웨더(주),2025,2026,small_and_medium,manufacturing,2024,,,16360309.0,,,,,,4331248.0,,,,,,,,,,338118.0,,,0,2.6318443306541597,5.803,,,,0,0,0,1,0,0,0,0,1,0,0,1,0,0,0
KOSDAQ,068240,(주)다원시스,2025,2026,mid_sized,manufacturing,2010,,,615943517.0,,,,,,-64699989.0,,,,,,,,,,13599976.0,,,1,-0.1791078373184469,5.803,,-0.1740403750692968,,0,0,0,1,0,0,1,0,0,0,0,1,0,0,0
KOSDAQ,068330,(주)일신바이오베이스,2025,2026,small_and_medium,manufacturing,2007,14.819671110564478,0.5314576038917583,68584801.254,0.9447643929014222,0.05846495434586229,,-13.654485470463953,0.329878440405717,7722266.89,1000000.0,0.08550630909144721,0.06628418039973344,0.09050543154876185,1.3900826778336586,,0.36241755962129774,1000000.0,-0.006893762617303271,0.0,0.02455453627055283,3.835583130370953,0,,5.803,,,,0,0,0,1,0,0,0,0,1,0,0,1,0,0,0
KOSDAQ,068760,(주)셀트리온제약,2025,2026,large,manufacturing,2006,1.659245400693227,0.17583931993573662,759440541.95,0.574058300367513,0.741983347962739,,-18.96080514510351,0.0722439907627361,163777850.764,8.411055125058098,0.06545931282961842,0.07385934951006733,0.11402903291827897,0.2671912549203762,,0.16113027851185183,12.960369997397043,-0.06278125747879688,0.0,0.05689371512357933,1.658231198928407,0,,5.803,,,,0,0,0,1,0,1,0,0,0,0,0,1,0,0,0
KOSDAQ,068790,(주)디엠에스,2025,2026,mid_sized,manufacturing,2004,,,573797047.0,,,,,,43221329.0,,,,,,,,,,3411700.0,,,1,0.3299302254452452,5.803,,0.36462997971126293,,0,0,0,1,0,0,1,0,0,0,0,1,0,0,0
KOSDAQ,068930,(주)디지털대성,2025,2026,mid_sized,it_services,2003,,,345997341.0,,,,,,104683718.0,,,,,,,,,,12896644.0,,,1,1.2772354624038995,5.803,,,,0,0,0,1,0,0,1,0,0,0,1,0,0,0,0
KOSDAQ,068940,(주)셀피글로벌,2025,2026,small_and_medium,manufacturing,2010,,,25777692.0,,,,,,7138163.0,,,,,,,,,,887891.0,,,0,3.4861220641185184,5.803,,-0.21732767005944106,,0,0,0,1,0,0,0,0,1,0,0,1,0,0,0
KOSDAQ,069080,(주)웹젠,2025,2026,mid_sized,it_services,2003,,,768081712.0,,,,,,174436689.0,,,,,,,,,,6886423.0,,,1,0.6526615404941742,5.803,,,,0,0,0,1,0,0,1,0,0,0,1,0,0,0,0
KOSDAQ,069140,(주)누리플랜,2025,2026,mid_sized,manufacturing,2010,,,140291797.0,,,,,,24629790.0,,,,,,,,,,3110015.0,,,0,0.9044634371780144,5.803,,-0.07367100067843206,,0,0,0,1,0,0,1,0,0,0,0,1,0,0,0
KOSDAQ,069330,(주)유아이디,2025,2026,small_and_medium,manufacturing,2003,,,45806497.0,,,,,,5579380.0,,,,,,,,,,2102575.0,,,0,0.773984824492503,5.803,,,,0,0,0,1,0,0,0,0,1,0,0,1,0,0,0
KOSDAQ,069410,(주)엔텔스,2025,2026,small_and_medium,it_services,2007,,,69814732.0,,,,,,16345616.0,,,,,,,,,,760833.0,,,0,0.9304814793287358,5.803,,,,0,0,0,1,0,0,0,0,1,0,1,0,0,0,0
KOSDAQ,069510,에스텍(주),2025,2026,mid_sized,manufacturing,2003,,,345271927.0,,,,,,87658583.0,,,,,,,,,,8309132.0,,,1,0.6764408516490611,5.803,,0.2894238892415746,,0,0,0,1,0,0,1,0,0,0,0,1,0,0,0
KOSDAQ,069540,(주)빛과전자,2025,2026,small_and_medium,manufacturing,2004,,,92614989.0,,,,,,-7004230.0,,,,,,,,,,1794494.0,,,0,0.6132507700756642,5.803,,,,0,0,0,1,0,0,0,0,1,0,0,1,0,0,0
KOSDAQ,069920,(주)엑시온그룹,2025,2026,small_and_medium,wholesale_retail,2007,0.5374035005701951,0.03231646059095764,77532839.296,0.49070689825701796,1.0378763851740862,0.16001198768997033,-0.6369949924282434,-0.9334273385050303,1844490.21,-2.7522633423682983,-0.2864002364885095,-0.07620850566870487,-0.5836482786482072,-0.2307350450322099,-0.7343935192714722,-0.379555357667949,-4.243926909824907,-0.17148084914369854,359461.63,0.20324277690695858,0.6079088079532964,0,,5.803,0.5818738589441816,,,0,1,0,1,0,0,0,0,1,0,0,0,0,0,1
KOSDAQ,070300,엑스큐어(주),2025,2026,small_and_medium,it_services,2010,,,51287445.0,,,,,,8787895.0,,,,,,,,,,433504.0,,,0,0.9508677391609324,5.803,,1.1082093049295834,,0,0,0,1,0,0,0,0,1,0,1,0,0,0,0
KOSDAQ,070590,한솔인티큐브(주),2025,2026,mid_sized,it_services,2004,,,32950244.0,,,,,,15537146.0,,,,,,,,,,1315021.0,,,0,2.214335879529172,5.803,,,,0,0,0,1,0,0,1,0,0,0,1,0,0,0,0
KOSDAQ,071200,(주)인피니트헬스케어,2025,2026,small_and_medium,it_services,2010,,,248792449.0,,,,,,62962277.0,,,,,,,,,,2210960.0,,,1,0.7343059400253104,5.803,,0.4462405912959728,,0,0,0,1,0,0,0,0,1,0,1,0,0,0,0
KOSDAQ,071280,로체시스템즈(주),2025,2026,mid_sized,manufacturing,2003,,,162369749.0,,,,,,27277971.0,,,,,,,,,,3046081.0,,,1,0.9803932497579976,5.803,,,,0,0,0,1,0,0,1,0,0,0,0,1,0,0,0
KOSDAQ,071670,에이테크솔루션(주),2025,2026,mid_sized,manufacturing,2009,,,323251005.0,,,,,,26940943.0,,,,,,,,,,10082522.0,,,0,1.1598771515721162,5.803,,,,0,0,0,1,0,0,1,0,0,0,0,1,0,0,0
KOSDAQ,071850,(주)캐스텍코리아,2025,2026,small_and_medium,manufacturing,2014,,,183718362.0,,,,,,8801761.0,,,,,,,,,,11362300.0,,,0,0.6759130665127829,5.803,,,,0,0,0,1,0,0,0,0,1,0,0,1,0,0,0
KOSDAQ,072020,(주)중앙백신연구소,2025,2026,small_and_medium,manufacturing,2003,4.26753121926098,0.865714188472193,122815695.04,0.8579441039981268,0.16557709918382194,,-20.158434023694777,0.125473383932773,23886722.095,12.347427582006771,0.05337359449755226,0.0527520690892961,0.06221103944747056,0.4511614241965983,,0.16041332348765078,15.001276356069695,-0.013959598750319466,0.0,0.008858600276175254,2.8124934661760213,0,,5.803,,0.16990430459132802,0.03835873515595872,0,0,0,1,0,0,0,0,1,0,0,1,0,0,0
KOSDAQ,072470,우리산업홀딩스(주),2025,2026,mid_sized,manufacturing,2003,,,509891988.0,,,,,,108750673.0,,,,,,,,,,16470951.0,,,1,0.2861142304083089,5.803,,,,0,0,0,1,0,0,1,0,0,0,0,1,0,0,0
KOSDAQ,072770,(주)멤레이비티,2025,2026,small_and_medium,it_services,2007,,,143090007.0,,,,,,20427710.0,,,,,,,,,,1917669.0,,,0,1.35820918908574,5.803,,,,0,0,0,1,0,0,0,0,1,0,1,0,0,0,0
KOSDAQ,072870,메가스터디(주),2025,2026,mid_sized,it_services,2004,,,547173193.0,,,,,,57662279.0,,,,,,,,,,16542509.0,,,1,0.3504308297158975,5.803,,,,0,0,0,1,0,0,1,0,0,0,1,0,0,0,0
KOSDAQ,072950,빛샘전자(주),2025,2026,small_and_medium,manufacturing,2012,,,117144599.0,,,,,,17739715.0,,,,,,,,,,1239564.0,,,1,0.5047615351539706,5.803,,,,0,0,0,1,0,0,0,0,1,0,0,1,0,0,0
KOSDAQ,072990,(주)에이치시티,2025,2026,small_and_medium,it_services,2016,,,181548951.0,,,,,,36257595.0,,,,,,,,,,14239680.0,,,1,0.8394131771511678,5.803,,0.28675498830056184,,0,0,0,1,0,0,0,0,1,0,1,0,0,0,0
KOSDAQ,073010,(주)케이에스피,2025,2026,mid_sized,manufacturing,2004,,,144011585.0,,,,,,17745317.0,,,,,,,,,,2175826.0,,,1,2.0313201881770127,5.803,,,,0,0,0,1,0,0,1,0,0,0,0,1,0,0,0
KOSDAQ,073110,(주)엘엠에스,2025,2026,small_and_medium,manufacturing,2007,,,150301290.0,,,,,,12754771.0,,,,,,,,,,6312077.0,,,1,0.6093975090352235,5.803,,,,0,0,0,1,0,0,0,0,1,0,0,1,0,0,0
KOSDAQ,073190,(주)듀오백,2025,2026,small_and_medium,manufacturing,2004,0.6656955765105087,0.13404131986257625,52155311.55,0.6573279027224984,0.5213107428700865,,-4.7291154703694165,-0.2280056950261609,4479254.869,-10.92409816362131,-0.0878474798028505,-0.057902991531454104,-0.13364331475813943,-0.13152754382487927,,-0.1169800602269517,-8.5031540036355,-0.042776660510620616,0.0,0.0063100610123764085,1.1243586605247438,0,,5.803,,1.114325782347973,-0.06908970723291424,1,1,1,1,0,0,0,0,1,0,0,1,0,0,0
KOSDAQ,073490,(주)이노와이어리스,2025,2026,small_and_medium,manufacturing,2005,,,228114202.0,,,,,,43857387.0,,,,,,,,,,3385214.0,,,1,1.018584424374455,5.803,,,,0,0,0,1,0,0,0,0,1,0,0,1,0,0,0
KOSDAQ,073540,(주)에프알텍,2025,2026,small_and_medium,manufacturing,2007,,,74060340.0,,,,,,5361053.0,,,,,,,,,,542999.0,,,0,0.3793595364515632,5.803,,,,0,0,0,1,0,0,0,0,1,0,0,1,0,0,0
KOSDAQ,073560,우리손에프앤지농업회사법인(주),2025,2026,mid_sized,manufacturing,2016,,,566150384.0,,,,,,56170494.0,,,,,,,,,,30386961.0,,,1,0.3016775399998266,5.803,,-0.0075609204411063455,,0,0,0,1,0,0,1,0,0,0,0,1,0,0,0
KOSDAQ,073570,(주)리튬포어스,2025,2026,small_and_medium,manufacturing,2004,13.227500006426112,2.7544099941453815,59125143.536,0.944963364832786,0.05824208346632889,,,-1.2581857813197435,3229799.598,-2.715497593068818,-0.22680812162147068,-0.07580386174066642,-0.24001789917178964,-1.5019602643015433,,-0.4587618412271301,-2.9612045542706076,-0.1440456607232481,191019.11,0.00030443900722270886,3.2739433172645502,0,,5.803,,,,0,1,0,1,0,0,0,0,1,0,0,1,0,0,0
KOSDAQ,073640,테라사이언스(주),2025,2026,small_and_medium,manufacturing,2004,,,56310305.0,,,,,,1405043.0,,,,,,,,,,1182660.0,,,0,2.430843409537015,5.803,,,,0,0,0,1,0,0,0,0,1,0,0,1,0,0,0
KOSDAQ,074430,(주)아미노로직스,2025,2026,small_and_medium,manufacturing,2004,,,84178005.0,,,,,,9859779.0,,,,,,,,,,472809.0,,,0,1.8728110939730112,5.803,,,,0,0,0,1,0,0,0,0,1,0,0,1,0,0,0
KOSDAQ,074600,(주)원익큐엔씨,2025,2026,mid_sized,manufacturing,2003,,,1545872449.0,,,,,,248884779.0,,,,,,,,,,61369490.0,,,1,0.988245816828419,5.803,,1.4116706136018267,,0,0,0,1,0,0,1,0,0,0,0,1,0,0,0
KOSDAQ,075130,(주)플랜티넷,2025,2026,small_and_medium,it_services,2005,,,95167534.0,,,,,,45612921.0,,,,,,,,,,2313871.0,,,1,0.5082787631126577,5.803,,0.03562716129655349,,0,0,0,1,0,0,0,0,1,0,1,0,0,0,0
KOSDAQ,075970,(주)동국알앤에스,2025,2026,mid_sized,manufacturing,2004,,,125763123.0,,,,,,18258269.0,,,,,,,,,,3858701.0,,,1,0.5067874406070384,5.803,,0.001369906261253039,,0,0,0,1,0,0,1,0,0,0,0,1,0,0,0
KOSDAQ,076080,(주)웰크론한텍,2025,2026,mid_sized,construction,2008,,,114976274.0,,,,,,4826759.0,,,,,,,,,,1580036.0,,,0,1.950225951312058,5.803,,,,0,0,0,1,0,0,1,0,0,1,0,0,0,0,0
KOSDAQ,076610,해성옵틱스(주),2025,2026,small_and_medium,manufacturing,2013,,,145775809.0,,,,,,11979707.0,,,,,,,,,,5302260.0,,,0,1.097444644218291,5.803,,,,0,0,0,1,0,0,0,0,1,0,0,1,0,0,0
KOSDAQ,077360,덕산하이메탈(주),2025,2026,small_and_medium,manufacturing,2005,,,658964268.0,,,,,,44069448.0,,,,,,,,,,9111084.0,,,1,0.8168257211282902,5.803,,,,0,0,0,1,0,0,0,0,1,0,0,1,0,0,0
KOSDAQ,078070,(주)유비쿼스홀딩스,2025,2026,small_and_medium,it_services,2009,,,417187553.0,,,,,,64707798.0,,,,,,,,,,2563674.0,,,1,0.4952573561780413,5.803,,0.6044941923250038,,0,0,0,1,0,0,0,0,1,0,1,0,0,0,0
KOSDAQ,078130,국일제지(주),2025,2026,large,manufacturing,2004,,,133849226.0,,,,,,5542546.0,,,,,,,,,,1644242.0,,,0,3.272895101173036,5.803,,,,0,0,0,1,0,1,0,0,0,0,0,1,0,0,0
KOSDAQ,078140,대봉엘에스(주),2025,2026,small_and_medium,manufacturing,2005,,,264960927.0,,,,,,28494755.0,,,,,,,,,,4419295.0,,,1,0.7384123548796688,5.803,,0.3593321961244567,,0,0,0,1,0,0,0,0,1,0,0,1,0,0,0
KOSDAQ,078150,(주)에이치비테크놀러지,2025,2026,mid_sized,manufacturing,2004,,,382256657.0,,,,,,27282187.0,,,,,,,,,,3278492.0,,,1,0.6039324675132982,5.803,,-0.05438544385413204,,0,0,0,1,0,0,1,0,0,0,0,1,0,0,0
KOSDAQ,078160,메디포스트(주),2025,2026,small_and_medium,manufacturing,2005,,,431550933.0,,,,,,45436444.0,,,,,,,,,,5517406.0,,,0,2.8535912581618343,5.803,,,,0,0,0,1,0,0,0,0,1,0,0,1,0,0,0
KOSDAQ,078340,(주)컴투스,2025,2026,mid_sized,it_services,2007,,,1615624150.0,,,,,,696423825.0,,,,,,,,,,12476268.0,,,1,0.3461153142186984,5.803,,-0.01844404110431237,,0,0,0,1,0,0,1,0,0,0,1,0,0,0,0
KOSDAQ,078350,한양디지텍(주),2025,2026,mid_sized,manufacturing,2004,,,297513744.0,,,,,,46725252.0,,,,,,,,,,18232407.0,,,0,1.9323771364456184,5.803,,,,0,0,0,1,0,0,1,0,0,0,0,1,0,0,0
KOSDAQ,078590,(주)휴림에이텍,2025,2026,small_and_medium,manufacturing,2005,0.5758225161621079,0.0999278085018434,81606809.941,0.5997324787647528,0.6674101126883502,,-0.39923654234957834,-0.17276215785704557,8872963.003,0.02303981961350076,-0.11835311334903098,0.003036422942878774,-0.19734317806632481,0.01485860664901389,,0.007539412447455952,0.04512791282882733,-0.14222974926224363,0.0,0.019155402534790526,1.9707910599887233,0,,5.803,,3.323400679210864,-0.20606923997551557,0,1,0,1,0,0,0,0,1,0,0,1,0,0,0
KOSDAQ,078600,대주전자재료(주),2025,2026,small_and_medium,manufacturing,2004,,,660395440.0,,,,,,55258821.0,,,,,,,,,,16066031.0,,,1,3.8091066264725697,5.803,,,,0,0,0,1,0,0,0,0,1,0,0,1,0,0,0
KOSDAQ,078860,(주)스테이지원엔터,2025,2026,small_and_medium,it_services,2006,,,84822678.0,,,,,,-1953361.0,,,,,,,,,,2280644.0,,,0,0.9143068479508892,5.803,,,,0,0,0,1,0,0,0,0,1,0,1,0,0,0,0
KOSDAQ,078890,가온그룹(주),2025,2026,mid_sized,manufacturing,2005,,,400370261.0,,,,,,106065882.0,,,,,,,,,,5167076.0,,,0,0.8584959768826714,5.803,,,,0,0,0,1,0,0,1,0,0,0,0,1,0,0,0
KOSDAQ,079000,와토스코리아(주),2025,2026,small_and_medium,manufacturing,2005,21.100849411426925,1.0273000053041708,76011775.88,0.9355280788106224,0.06891500388886634,,-18.753097404444446,-0.19409314185781512,3177335.371,24.612639992209374,-0.047911221726346015,-0.056778140282018635,-0.05121302375793749,0.39790244262106417,,0.13804274496388375,-11.120498424566719,-0.061723342096450966,-864587.047,0.0016062879545500235,2.882458203255577,0,,5.803,,,,0,0,0,1,0,0,0,0,1,0,0,1,0,0,0
KOSDAQ,079170,한창산업(주),2025,2026,small_and_medium,manufacturing,2005,4.948337290620704,0.5302090430163114,86392081.78,0.8392812292177642,0.19149572894896116,,-26.88740484269231,0.06679411346105339,14276505.929,4.6247645946366385,0.09481314636981306,0.09127343237404736,0.11296945894784495,0.43625875547672177,,0.06145711005445194,3.5526793136337163,0.006088861619743687,2943603.303,0.01043248157041922,7.098588838462952,0,,5.803,,,,0,0,0,1,0,0,0,0,1,0,0,1,0,0,0
KOSDAQ,079190,(주)케스피온,2025,2026,small_and_medium,manufacturing,2005,,,24322659.0,,,,,,4475317.0,,,,,,,,,,860570.0,,,0,1.3075465747271031,5.803,,-0.37212924122343866,,0,0,0,1,0,0,0,0,1,0,0,1,0,0,0
KOSDAQ,079370,(주)제우스,2025,2026,mid_sized,manufacturing,2006,,,551531360.0,,,,,,101117007.0,,,,,,,,,,7312188.0,,,1,1.2636694980836936,5.803,,,,0,0,0,1,0,0,1,0,0,0,0,1,0,0,0
KOSDAQ,079650,(주)서산,2025,2026,small_and_medium,manufacturing,2005,,,107388945.0,,,,,,3879675.0,,,,,,,,,,2067513.0,,,0,0.2797079974130249,5.803,,-0.05732162331355451,,0,0,0,1,0,0,0,0,1,0,0,1,0,0,0
KOSDAQ,079810,(주)디이엔티,2025,2026,small_and_medium,manufacturing,2005,,,220491796.0,,,,,,17051190.0,,,,,,,,,,2856774.0,,,0,0.6551285551733262,5.803,,-0.06008479936324493,,0,0,0,1,0,0,0,0,1,0,0,1,0,0,0
KOSDAQ,079940,(주)가비아,2025,2026,mid_sized,it_services,2005,,,627658836.0,,,,,,139057197.0,,,,,,,,,,41959381.0,,,1,1.1584757371691743,5.803,,0.356612576854187,,0,0,0,1,0,0,1,0,0,0,1,0,0,0,0
KOSDAQ,079950,인베니아(주),2025,2026,small_and_medium,manufacturing,2005,,,66368848.0,,,,,,-2144457.0,,,,,,,,,,389958.0,,,0,0.4415515065997254,5.803,,-0.24317750364750987,,0,0,0,1,0,0,0,0,1,0,0,1,0,0,0
KOSDAQ,079960,동양이엔피(주),2025,2026,mid_sized,manufacturing,2005,,,536293013.0,,,,,,78872359.0,,,,,,,,,,12993144.0,,,0,0.4512077787005083,5.803,,0.2639955819208142,,0,0,0,1,0,0,1,0,0,0,0,1,0,0,0
KOSDAQ,079970,(주)투비소프트,2025,2026,small_and_medium,it_services,2010,,,33680316.0,,,,,,17840329.0,,,,,,,,,,1356870.0,,,0,0.3432099808255094,5.803,,,,0,0,0,1,0,0,0,0,1,0,1,0,0,0,0
KOSDAQ,080010,(주)이상네트웍스,2025,2026,small_and_medium,wholesale_retail,2005,,,201894374.0,,,,,,35564403.0,,,,,,,,,,3311643.0,,,1,0.4012009665901403,5.803,,0.23001839297329094,,0,0,0,1,0,0,0,0,1,0,0,0,0,0,1
KOSDAQ,080160,(주)모두투어네트워크,2025,2026,mid_sized,it_services,2005,,,231495650.0,,,,,,158850422.0,,,,,,,,,,3536176.0,,,1,2.084231472079023,5.803,,,,0,0,0,1,0,0,1,0,0,0,1,0,0,0,0
KOSDAQ,080220,(주)제주반도체,2025,2026,mid_sized,manufacturing,2005,,,335988104.0,,,,,,63959434.0,,,,,,,,,,2458184.0,,,0,3.996260001755579,5.803,,,,0,0,0,1,0,0,1,0,0,0,0,1,0,0,0
KOSDAQ,080420,(주)모다이노칩,2025,2026,mid_sized,wholesale_retail,2005,,,951978543.0,,,,,,180442951.0,,,,,,,,,,25320188.0,,,1,0.4663331355847915,5.803,,,,0,0,0,1,0,0,1,0,0,0,0,0,0,0,1
KOSDAQ,080470,(주)성창오토텍,2025,2026,small_and_medium,manufacturing,2006,,,204691591.0,,,,,,33724451.0,,,,,,,,,,7172956.0,,,1,0.4111283618650242,5.803,,,,0,0,0,1,0,0,0,0,1,0,0,1,0,0,0
KOSDAQ,080520,(주)오디텍,2025,2026,small_and_medium,manufacturing,2007,,,134145171.0,,,,,,894781.0,,,,,,,,,,1006265.0,,,1,0.2783468817816254,5.803,,-0.028198281983964454,,0,0,0,1,0,0,0,0,1,0,0,1,0,0,0
KOSDAQ,080530,(주)코디,2025,2026,small_and_medium,manufacturing,2010,,,82964641.0,,,,,,12079121.0,,,,,,,,,,3988073.0,,,0,0.977472495876282,5.803,,0.2990687469560651,,0,0,0,1,0,0,0,0,1,0,0,1,0,0,0
KOSDAQ,080580,(주)오킨스전자,2025,2026,small_and_medium,manufacturing,2014,,,95757082.0,,,,,,24054329.0,,,,,,,,,,9967651.0,,,0,4.178969896079952,5.803,,0.6422876927744514,,0,0,0,1,0,0,0,0,1,0,0,1,0,0,0
KOSDAQ,080720,한국유니온제약(주),2025,2026,small_and_medium,manufacturing,2018,,,45836042.0,,,,,,7831323.0,,,,,,,,,,1705990.0,,,0,-0.94153211481401,5.803,,-0.3880385463800629,,0,0,0,1,0,0,0,0,1,0,0,1,0,0,0
KOSDAQ,081150,(주)티플랙스,2025,2026,small_and_medium,manufacturing,2009,1.8055441414832256,0.04544795640632846,235117561.913,0.66950999975173,0.493629670013627,,-11.972717265685642,0.015281336291223814,14605822.495,3.3607281499762616,0.01729858430356205,0.022275866989204324,0.02583767876503229,-0.08251252458848626,,-0.030642805802633264,-4.114120107200262,0.040868690436470144,1798957.322,0.0022239031518771855,2.692720931625511,0,,5.803,,,,0,0,0,1,0,0,0,0,1,0,0,1,0,0,0
KOSDAQ,081180,(주)쎄크,2025,2026,other,manufacturing,2025,1.5517044675539169,0.11196114142527051,83996670.583,0.4210957217054103,1.374756969626917,,-7.015522825528423,-0.06393745880467418,16095199.672,-1.388021659646921,-0.04481200703402408,-0.03648142315321941,-0.10641762602701914,-0.1092524368848838,,-0.08972934619598298,-2.406369769965148,0.018179691640171445,0.0,0.03202028483191267,1.2175775430956481,0,,5.803,,,,0,1,0,1,0,0,0,1,0,0,0,1,0,0,0
KOSDAQ,081580,성우전자(주),2025,2026,small_and_medium,manufacturing,2007,,,159370980.0,,,,,,18091155.0,,,,,,,,,,6449419.0,,,0,0.2984678974087738,5.803,,0.30939108209017396,,0,0,0,1,0,0,0,0,1,0,0,1,0,0,0
KOSDAQ,082210,(주)옵트론텍,2025,2026,mid_sized,manufacturing,2005,,,228725018.0,,,,,,24751628.0,,,,,,,,,,12708806.0,,,0,0.9737383621434668,5.803,,,,0,0,0,1,0,0,1,0,0,0,0,1,0,0,0
KOSDAQ,082270,(주)젬백스&카엘,2025,2026,small_and_medium,manufacturing,2005,,,158874710.0,,,,,,34925754.0,,,,,,,,,,4004870.0,,,0,21.627744310013064,5.803,,,,0,0,0,1,0,0,0,0,1,0,0,1,0,0,0
KOSDAQ,082800,(주)비보존제약,2025,2026,small_and_medium,manufacturing,2005,,,165480875.0,,,,,,24184096.0,,,,,,,,,,3191395.0,,,0,2.79260873611202,5.803,,-0.102836730897463,,0,0,0,1,0,0,0,0,1,0,0,1,0,0,0
KOSDAQ,082850,우리바이오(주),2025,2026,mid_sized,manufacturing,2005,,,761918003.0,,,,,,95153748.0,,,,,,,,,,27137282.0,,,0,0.3773150345685548,5.803,,,,0,0,0,1,0,0,1,0,0,0,0,1,0,0,0
KOSDAQ,082920,(주)비츠로셀,2025,2026,small_and_medium,manufacturing,2009,,,370836626.0,,,,,,91232598.0,,,,,,,,,,11035970.0,,,1,2.417264959808708,5.803,,0.5635139889333959,,0,0,0,1,0,0,0,0,1,0,0,1,0,0,0
KOSDAQ,083310,(주)엘오티베큠,2025,2026,mid_sized,manufacturing,2005,,,322445796.0,,,,,,73824326.0,,,,,,,,,,8732781.0,,,0,0.905920255676735,5.803,,-0.12393098760806844,,0,0,0,1,0,0,1,0,0,0,0,1,0,0,0
KOSDAQ,083450,(주)글로벌스탠다드테크놀로지,2025,2026,mid_sized,manufacturing,2006,,,386310986.0,,,,,,140795866.0,,,,,,,,,,4084756.0,,,1,1.7452679929262005,5.803,,0.38076469621111464,,0,0,0,1,0,0,1,0,0,0,0,1,0,0,0
KOSDAQ,083470,(주)이엠앤아이,2025,2026,small_and_medium,manufacturing,2008,,,13398608.0,,,,,,2980100.0,,,,,,,,,,511591.0,,,0,1.6738388151014432,5.803,,,,0,0,0,1,0,0,0,0,1,0,0,1,0,0,0
KOSDAQ,083500,에프엔에스테크(주),2025,2026,small_and_medium,manufacturing,2017,,,121876001.0,,,,,,17496012.0,,,,,,,,,,3446373.0,,,1,1.4181517644713324,5.803,,,,0,0,0,1,0,0,0,0,1,0,0,1,0,0,0
KOSDAQ,083550,(주)케이엠,2025,2026,mid_sized,manufacturing,2005,,,179883798.0,,,,,,24269355.0,,,,,,,,,,5292728.0,,,1,0.3350475136344297,5.803,,,,0,0,0,1,0,0,1,0,0,0,0,1,0,0,0
KOSDAQ,083640,(주)인콘,2025,2026,small_and_medium,wholesale_retail,2005,7.831661857151381,3.160267368977886,81760090.709,0.9119196282373097,0.0965878669954114,,-8.593192846491391,-0.024818750879391543,8651925.216,1.6688398715529467,-0.013444583347055885,0.020737128546426203,-0.014743166975190042,0.6261288015617629,,0.08872480678143133,4.438220427714037,-0.07057652257918558,102159.411,0.01500459178019183,7.056975656246811,0,,5.803,,,,0,0,0,1,0,0,0,0,1,0,0,0,0,0,1
KOSDAQ,083650,비에이치아이(주),2025,2026,mid_sized,manufacturing,2005,,,830757376.0,,,,,,120367995.0,,,,,,,,,,5125925.0,,,0,9.110181051578229,5.803,,,,0,0,0,1,0,0,1,0,0,0,0,1,0,0,0
KOSDAQ,083660,(주)씨에스에이코스믹,2025,2026,small_and_medium,manufacturing,2006,,,30205396.0,,,,,,10200714.0,,,,,,,,,,996109.0,,,0,2.1042501037816588,5.803,,,,0,0,0,1,0,0,0,0,1,0,0,1,0,0,0
KOSDAQ,083790,씨지인바이츠(주),2025,2026,small_and_medium,it_services,2006,,,224109075.0,,,,,,-1941334.0,,,,,,,,,,4936899.0,,,0,1.1514341641954042,5.803,,,,0,0,0,1,0,0,0,0,1,0,1,0,0,0,0
KOSDAQ,083930,(주)아바코,2025,2026,mid_sized,manufacturing,2005,,,323523807.0,,,,,,65332788.0,,,,,,,,,,2330755.0,,,1,0.9037361250653552,5.803,,-0.0620613281402046,,0,0,0,1,0,0,1,0,0,0,0,1,0,0,0
KOSDAQ,084110,(주)휴온스글로벌,2025,2026,mid_sized,manufacturing,2006,,,1559916953.0,,,,,,410893719.0,,,,,,,,,,41199797.0,,,1,0.5939953978657334,5.803,,,,0,0,0,1,0,0,1,0,0,0,0,1,0,0,0
KOSDAQ,084180,수성웹툰(주),2025,2026,small_and_medium,manufacturing,2005,,,174035255.0,,,,,,62665034.0,,,,,,,,,,3570996.0,,,0,0.7233661161388,5.803,,,,0,0,0,1,0,0,0,0,1,0,0,1,0,0,0
KOSDAQ,084370,(주)유진테크,2025,2026,mid_sized,manufacturing,2006,,,580613744.0,,,,,,170949206.0,,,,,,,,,,12749552.0,,,1,3.4976147794460606,5.803,,,,0,0,0,1,0,0,1,0,0,0,0,1,0,0,0
KOSDAQ,084650,(주)랩지노믹스,2025,2026,mid_sized,it_services,2014,,,230149433.0,,,,,,30643373.0,,,,,,,,,,6390893.0,,,0,0.8985877724002015,5.803,,-0.08179956812516818,,0,0,0,1,0,0,1,0,0,0,1,0,0,0,0
KOSDAQ,084730,팅크웨어(주),2025,2026,mid_sized,manufacturing,2006,,,369868461.0,,,,,,147406671.0,,,,,,,,,,4058079.0,,,1,0.4538297216695532,5.803,,,,0,0,0,1,0,0,1,0,0,0,0,1,0,0,0
KOSDAQ,084850,(주)아이티엠반도체,2025,2026,mid_sized,manufacturing,2019,,,489837305.0,,,,,,62652716.0,,,,,,,,,,57802580.0,,,0,2.3456105518393837,5.803,,,,0,0,0,1,0,0,1,0,0,0,0,1,0,0,0
KOSDAQ,084990,(주)헬릭스미스,2025,2026,small_and_medium,it_services,2005,,,143196902.0,,,,,,988426.0,,,,,,,,,,1818739.0,,,0,2.025788628533132,5.803,,-0.49620381183608836,,0,0,0,1,0,0,0,0,1,0,1,0,0,0,0
KOSDAQ,085660,(주)차바이오텍,2025,2026,mid_sized,manufacturing,2005,,,2547575322.0,,,,,,363750900.0,,,,,,,,,,54102638.0,,,0,1.4796379768551695,5.803,,,,0,0,0,1,0,0,1,0,0,0,0,1,0,0,0
KOSDAQ,085670,(주)뉴프렉스,2025,2026,mid_sized,manufacturing,2006,,,164466389.0,,,,,,28086515.0,,,,,,,,,,10703234.0,,,0,1.122075019694709,5.803,,0.014855209895849701,,0,0,0,1,0,0,1,0,0,0,0,1,0,0,0
KOSDAQ,085810,(주)알티캐스트,2025,2026,mid_sized,it_services,2013,,,74855773.0,,,,,,13308447.0,,,,,,,,,,527820.0,,,0,0.6769468454042717,5.803,,,,0,0,0,1,0,0,1,0,0,0,1,0,0,0,0
KOSDAQ,085910,(주)네오티스,2025,2026,small_and_medium,manufacturing,2007,,,128511198.0,,,,,,18837495.0,,,,,,,,,,3164817.0,,,1,1.7752305171342224,5.803,,,,0,0,0,1,0,0,0,0,1,0,0,1,0,0,0
KOSDAQ,086040,(주)바이오톡스텍,2025,2026,small_and_medium,it_services,2007,,,131606846.0,,,,,,5879484.0,,,,,,,,,,3864238.0,,,0,1.406847013793045,5.803,,,,0,0,0,1,0,0,0,0,1,0,1,0,0,0,0
KOSDAQ,086060,(주)진바이오텍,2025,2026,small_and_medium,wholesale_retail,2006,,,75633719.0,,,,,,14389122.0,,,,,,,,,,1318726.0,,,0,0.627836461770557,5.803,,,,0,0,0,1,0,0,0,0,1,0,0,0,0,0,1
KOSDAQ,086390,(주)유니테스트,2025,2026,mid_sized,manufacturing,2006,,,171297106.0,,,,,,15285281.0,,,,,,,,,,4989687.0,,,0,3.0537842686886036,5.803,,,,0,0,0,1,0,0,1,0,0,0,0,1,0,0,0
KOSDAQ,086450,동국제약(주),2025,2026,mid_sized,manufacturing,2007,,,1062896288.0,,,,,,501597835.0,,,,,,,,,,30173980.0,,,1,1.0156639695298022,5.803,,0.26605338488243313,,0,0,0,1,0,0,1,0,0,0,0,1,0,0,0
KOSDAQ,086520,(주)에코프로,2025,2026,mid_sized,it_services,2007,,,9778714530.0,,,,,,434004823.0,,,,,,,,,,147379101.0,,,1,2.74740496260677,5.803,,0.2015724549504302,,0,0,0,1,0,0,1,0,0,0,1,0,0,0,0
KOSDAQ,086670,(주)비엠티,2025,2026,small_and_medium,manufacturing,2007,,,262640352.0,,,,,,36479916.0,,,,,,,,,,5569256.0,,,1,0.7738034774734851,5.803,,0.053374224765397243,,0,0,0,1,0,0,0,0,1,0,0,1,0,0,0
KOSDAQ,086710,선진뷰티사이언스(주),2025,2026,small_and_medium,manufacturing,2021,,,173848769.0,,,,,,31858592.0,,,,,,,,,,7229509.0,,,1,1.2816860248425015,5.803,,0.38225388280528555,,0,0,0,1,0,0,0,0,1,0,0,1,0,0,0
KOSDAQ,086820,(주)바이오솔루션,2025,2026,small_and_medium,manufacturing,2018,,,68480637.0,,,,,,9590151.0,,,,,,,,,,1835403.0,,,0,6.004105919420711,5.803,,,,0,0,0,1,0,0,0,0,1,0,0,1,0,0,0
KOSDAQ,086890,(주)이수앱지스,2025,2026,mid_sized,manufacturing,2009,1.9314380815602208,0.6207835211489984,158895640.668,0.7203387877843198,0.38823567043486046,,-4.644645403035785,-0.18841635149541575,30500984.653,0.06297046942568814,-0.07656388832226813,0.010286082904029943,-0.1062887208361637,0.2484045817891985,,0.19477466931661838,0.4252837105036164,-0.136670469408123,3701901.507,0.20799880164148493,1.2753433629780746,0,,5.803,,-0.008333526667261481,-0.43266526674906364,0,1,0,1,0,0,1,0,0,0,0,1,0,0,0
KOSDAQ,086900,(주)메디톡스,2025,2026,mid_sized,manufacturing,2009,,,581756982.0,,,,,,143279932.0,,,,,,,,,,16661058.0,,,1,2.0579267606924296,5.803,,,,0,0,0,1,0,0,1,0,0,0,0,1,0,0,0
KOSDAQ,086960,(주)엠디에스테크,2025,2026,mid_sized,it_services,2006,,,212101977.0,,,,,,46059065.0,,,,,,,,,,2386554.0,,,0,0.8861094489471002,5.803,,,,0,0,0,1,0,0,1,0,0,0,1,0,0,0,0
KOSDAQ,086980,(주)쇼박스,2025,2026,mid_sized,it_services,2006,,,132897072.0,,,,,,-1398358.0,,,,,,,,,,591323.0,,,1,1.419480972447788,5.803,,,,0,0,0,1,0,0,1,0,0,0,1,0,0,0,0
KOSDAQ,087010,(주)펩트론,2025,2026,small_and_medium,manufacturing,2015,16.44778495706533,0.6243643707335639,178979600.822,0.7934348834883781,0.2603428722511512,,-11.180514400221293,-2.4532794864564984,1531518.445,-14.726904888737142,-0.080046872940835,-0.11876986980846514,-0.10088650575697493,-0.5568247458230304,,-3.6534164232740682,-14.262009171540399,0.03778393064316609,0.0,0.01775736328834933,0.15241206621719375,0,,5.803,,,,0,1,0,1,0,0,0,0,1,0,0,1,0,0,0
KOSDAQ,087260,모바일어플라이언스(주),2025,2026,small_and_medium,it_services,2017,,,61059027.0,,,,,,8040506.0,,,,,,,,,,317334.0,,,0,1.1247048605792187,5.803,,-0.15264219975702953,,0,0,0,1,0,0,0,0,1,0,1,0,0,0,0
KOSDAQ,087600,(주)픽셀플러스,2025,2026,small_and_medium,manufacturing,2015,3.0121719808348426,1.0775495956501275,106988345.927,0.7916953425730477,0.2631121420393256,,-19.743665857757946,-0.07723018657728968,12091370.568,-5.424982468008804,-0.03087884361960466,-0.05262226698823277,-0.0390034423080562,0.13257705155102661,,0.06918270062628888,2.847056736416011,-0.0584452378324131,2264192.834,0.017545731376021445,1.9163324118724612,0,,5.803,,0.011558583412162348,-0.06875072726327963,0,1,1,1,0,0,0,0,1,0,0,1,0,0,0
KOSDAQ,088130,(주)동아엘텍,2025,2026,mid_sized,manufacturing,2007,,,502592779.0,,,,,,153530738.0,,,,,,,,,,6040437.0,,,1,0.2764689874747316,5.803,,0.8527377431951367,,0,0,0,1,0,0,1,0,0,0,0,1,0,0,0
KOSDAQ,088280,(주)쏘닉스,2025,2026,small_and_medium,manufacturing,2023,1.9996843563817035,1.3006020205574957,52558475.767,0.6645256688918165,0.5048327654033755,,-1.0181132202428107,-0.37886700301867443,3064356.126,-3.0431368404570494,-0.13021077714161863,-0.12673269383854888,-0.19594544385134458,-0.07040553640830473,,-0.06818593390729116,-0.5671512878850753,-0.1076182944702404,0.0,0.01938007231251448,1.0325522050344202,0,,5.803,,,,0,1,0,1,0,0,0,0,1,0,0,1,0,0,0
KOSDAQ,088290,이원컴포텍(주),2025,2026,small_and_medium,manufacturing,2009,,,23692001.0,,,,,,7071903.0,,,,,,,,,,1579841.0,,,0,3.3449463854963213,5.803,,-0.7027717306496009,,0,0,0,1,0,0,0,0,1,0,0,1,0,0,0
KOSDAQ,088340,(주)유라클,2025,2026,small_and_medium,it_services,2024,,,36710377.0,,,,,,6466099.0,,,,,,,,,,1499440.0,,,1,3.1311374730058437,5.803,,,,0,0,0,1,0,0,0,0,1,0,1,0,0,0,0
KOSDAQ,088390,(주)이녹스,2025,2026,small_and_medium,manufacturing,2006,,,324060171.0,,,,,,27979330.0,,,,,,,,,,2603640.0,,,0,0.3768833517667881,5.803,,,,0,0,0,1,0,0,0,0,1,0,0,1,0,0,0
KOSDAQ,088800,(주)에이스테크놀로지,2025,2026,mid_sized,manufacturing,2006,,,254285934.0,,,,,,18446419.0,,,,,,,,,,8351376.0,,,0,3.194959672703536,5.803,,-0.020109584936961834,,0,0,0,1,0,0,1,0,0,0,0,1,0,0,0
KOSDAQ,088910,(주)동우팜투테이블,2025,2026,mid_sized,manufacturing,2006,,,282187804.0,,,,,,38354521.0,,,,,,,,,,3587585.0,,,0,0.2242723154110362,5.803,,,,0,0,0,1,0,0,1,0,0,0,0,1,0,0,0
KOSDAQ,089010,(주)켐트로닉스,2025,2026,mid_sized,manufacturing,2007,,,782385054.0,,,,,,127472334.0,,,,,,,,,,29727944.0,,,1,1.952392022788363,5.803,,,,0,0,0,1,0,0,1,0,0,0,0,1,0,0,0
KOSDAQ,089030,(주)테크윙,2025,2026,mid_sized,manufacturing,2011,,,633699354.0,,,,,,67195093.0,,,,,,,,,,13602703.0,,,1,8.000468928663876,5.803,,,,0,0,0,1,0,0,1,0,0,0,0,1,0,0,0
KOSDAQ,089140,(주)넥스턴앤롤코리아,2025,2026,small_and_medium,manufacturing,2006,,,340909641.0,,,,,,20463210.0,,,,,,,,,,2718654.0,,,0,0.1458020872260427,5.803,,,,0,0,0,1,0,0,0,0,1,0,0,1,0,0,0
KOSDAQ,089150,(주)케이씨티,2025,2026,small_and_medium,it_services,2006,0.3144081758066556,0.18245839958858734,55763435.898,0.6444598449194362,0.5516870568173411,,-3.1909382216909625,0.1200050584324644,6889159.427,5.960829001961709,0.06137785910933719,0.07235151645569068,0.09523922955511685,0.19360860070267008,,0.16624442766247602,5.671165598318606,-0.01914600233660086,0.0,0.0002822876809239901,1.1646020466667983,0,,5.803,,0.05048279182420057,0.04839738054248552,0,0,0,1,0,0,0,0,1,0,1,0,0,0,0
KOSDAQ,089230,더이앤엠(주),2025,2026,small_and_medium,it_services,2006,,,118073459.0,,,,,,977756.0,,,,,,,,,,996264.0,,,0,0.6574495891247357,5.803,,,,0,0,0,1,0,0,0,0,1,0,1,0,0,0,0
KOSDAQ,089600,(주)케이티나스미디어,2025,2026,large,it_services,2013,1.6579635385832805,0.11981030218976717,440265854.904,0.4581103012337366,1.1828804052362512,,-32.81547257218994,0.05767482623532584,0.0,3.860651187489433,0.04169799186903333,0.027978982203119028,0.09102172938861339,0.14791891590245193,,0.29933856109057194,11.06020719903523,-0.06471179205848779,0.0,0.006836820869645535,0.49415255877339365,0,,5.803,,-0.15010706807070606,-0.13208394320124256,0,0,0,1,0,1,0,0,0,0,1,0,0,0,0
KOSDAQ,089790,(주)제이티,2025,2026,small_and_medium,manufacturing,2006,,,99950240.0,,,,,,4840382.0,,,,,,,,,,920141.0,,,0,0.7263917047855687,5.803,,,,0,0,0,1,0,0,0,0,1,0,0,1,0,0,0
KOSDAQ,089850,유비벨록스(주),2025,2026,mid_sized,it_services,2010,,,551998845.0,,,,,,187815575.0,,,,,,,,,,10932762.0,,,1,0.2987497858105483,5.803,,,,0,0,0,1,0,0,1,0,0,0,1,0,0,0,0
KOSDAQ,089890,(주)코세스,2025,2026,small_and_medium,manufacturing,2006,,,92264013.0,,,,,,26361567.0,,,,,,,,,,883440.0,,,0,4.8733993531827995,5.803,,,,0,0,0,1,0,0,0,0,1,0,0,1,0,0,0
KOSDAQ,089970,브이엠(주),2025,2026,small_and_medium,manufacturing,2018,,,248727742.0,,,,,,53724629.0,,,,,,,,,,1563171.0,,,0,4.425488504959319,5.803,,0.6480155153525405,,0,0,0,1,0,0,0,0,1,0,0,1,0,0,0
KOSDAQ,089980,(주)상아프론테크,2025,2026,mid_sized,manufacturing,2011,,,380069103.0,,,,,,34734563.0,,,,,,,,,,14635599.0,,,1,1.2204898716249488,5.803,,0.08917205671555553,,0,0,0,1,0,0,1,0,0,0,0,1,0,0,0
KOSDAQ,090150,(주)아이윈,2025,2026,small_and_medium,manufacturing,2006,,,132122705.0,,,,,,28572768.0,,,,,,,,,,2517922.0,,,0,0.6291272107285079,5.803,,-0.05413307107325678,,0,0,0,1,0,0,0,0,1,0,0,1,0,0,0
KOSDAQ,090360,(주)로보스타,2025,2026,large,manufacturing,2011,,,109142421.0,,,,,,6921499.0,,,,,,,,,,1019921.0,,,0,8.996358949855155,5.803,,-0.05855656063095082,,0,0,0,1,0,1,0,0,0,0,0,1,0,0,0
KOSDAQ,090410,(주)덕신이피씨,2025,2026,mid_sized,manufacturing,2014,,,206019852.0,,,,,,15296202.0,,,,,,,,,,2643224.0,,,1,0.4811555624087003,5.803,,,,0,0,0,1,0,0,1,0,0,0,0,1,0,0,0
KOSDAQ,090470,(주)제이스텍,2025,2026,small_and_medium,manufacturing,2007,,,177177604.0,,,,,,3296852.0,,,,,,,,,,2068382.0,,,1,0.642672546620905,5.803,,,,0,0,0,1,0,0,0,0,1,0,0,1,0,0,0
KOSDAQ,090710,휴림로봇(주),2025,2026,small_and_medium,manufacturing,2006,,,276740783.0,,,,,,13699132.0,,,,,,,,,,6036806.0,,,0,4.377681552057305,5.803,,-0.17374885855611716,,0,0,0,1,0,0,0,0,1,0,0,1,0,0,0
KOSDAQ,090850,(주)현대이지웰,2025,2026,large,it_services,2013,,,241686871.0,,,,,,142648867.0,,,,,,,,,,1781379.0,,,1,1.1169385155094356,5.803,,,,0,0,0,1,0,1,0,0,0,0,1,0,0,0,0
KOSDAQ,091120,(주)이엠텍,2025,2026,mid_sized,manufacturing,2007,,,340533598.0,,,,,,18726371.0,,,,,,,,,,15886424.0,,,0,0.704620756431464,5.803,,-0.16856529305963103,,0,0,0,1,0,0,1,0,0,0,0,1,0,0,0
KOSDAQ,091340,에스엔케이폴리텍(주),2025,2026,mid_sized,manufacturing,2007,,,254362455.0,,,,,,71446423.0,,,,,,,,,,6872863.0,,,0,0.1926828636119653,5.803,,,,0,0,0,1,0,0,1,0,0,0,0,1,0,0,0
KOSDAQ,091440,(주)한울소재과학,2025,2026,small_and_medium,manufacturing,2008,,,120408458.0,,,,,,-5596877.0,,,,,,,,,,2011964.0,,,0,2.4789747374822677,5.803,,,,0,0,0,1,0,0,0,0,1,0,0,1,0,0,0
KOSDAQ,091580,상신이디피(주),2025,2026,small_and_medium,manufacturing,2007,,,335766845.0,,,,,,36753999.0,,,,,,,,,,20799322.0,,,1,1.0914284406406909,5.803,,0.15509718193923755,,0,0,0,1,0,0,0,0,1,0,0,1,0,0,0
KOSDAQ,091590,남화토건(주),2025,2026,mid_sized,construction,2012,,,199988987.0,,,,,,6210309.0,,,,,,,,,,118834.0,,,1,0.2677810410754507,5.803,,0.07925766512789327,,0,0,0,1,0,0,1,0,0,1,0,0,0,0,0
KOSDAQ,091700,(주)파트론,2025,2026,mid_sized,manufacturing,2006,,,775103719.0,,,,,,145470123.0,,,,,,,,,,52521156.0,,,1,0.6842451369363005,5.803,,,,0,0,0,1,0,0,1,0,0,0,0,1,0,0,0
KOSDAQ,091970,나노캠텍(주),2025,2026,small_and_medium,manufacturing,2007,,,74157988.0,,,,,,12307710.0,,,,,,,,,,1424933.0,,,0,1.041290131778516,5.803,,,,0,0,0,1,0,0,0,0,1,0,0,1,0,0,0
KOSDAQ,092040,아미코젠(주),2025,2026,small_and_medium,manufacturing,2013,,,231862995.0,,,,,,5510411.0,,,,,,,,,,7902328.0,,,0,1.0360050885538623,5.803,,0.0028053838353891097,,0,0,0,1,0,0,0,0,1,0,0,1,0,0,0
KOSDAQ,092070,(주)디엔에프,2025,2026,small_and_medium,manufacturing,2007,5.655440707204752,1.469549386623235,160203287.509,0.9326439404410237,0.07222055131471211,,-24.823446041940713,0.015661460897357666,16754447.042,-1.5020852254778363,0.00258872916685122,-0.004205263378019959,0.0027756886144856903,1.5940610999621068,,0.2173666659210726,38.351557813975575,-0.09963359420513325,0.0,0.009294427044241212,7.333512216362199,0,,5.803,,,,0,1,0,1,0,0,0,0,1,0,0,1,0,0,0
KOSDAQ,092130,(주)이크레더블,2025,2026,mid_sized,it_services,2008,,,52707618.0,,,,,,50019110.0,,,,,,,,,,368233.0,,,1,4.724958466865299,5.803,,,,0,0,0,1,0,0,1,0,0,0,1,0,0,0,0
KOSDAQ,092190,서울바이오시스(주),2025,2026,mid_sized,manufacturing,2020,,,717773205.0,,,,,,110529148.0,,,,,,,,,,71097795.0,,,0,0.6911968305089508,5.803,,,,0,0,0,1,0,0,1,0,0,0,0,1,0,0,0
KOSDAQ,092300,현우산업(주),2025,2026,mid_sized,manufacturing,2007,,,200536703.0,,,,,,22096504.0,,,,,,,,,,9059756.0,,,1,0.5326740607705027,5.803,,,,0,0,0,1,0,0,1,0,0,0,0,1,0,0,0
KOSDAQ,092460,한라아이엠에스(주),2025,2026,small_and_medium,manufacturing,2007,,,241735527.0,,,,,,43874955.0,,,,,,,,,,2728317.0,,,1,1.4639046414400818,5.803,,,,0,0,0,1,0,0,0,0,1,0,0,1,0,0,0
KOSDAQ,092600,(주)앤씨앤,2025,2026,small_and_medium,manufacturing,2007,,,60587283.0,,,,,,30539730.0,,,,,,,,,,4645210.0,,,0,0.362151361162816,5.803,,,,0,0,0,1,0,0,0,0,1,0,0,1,0,0,0
KOSDAQ,092730,(주)네오팜,2025,2026,mid_sized,manufacturing,2007,,,217810766.0,,,,,,86398326.0,,,,,,,,,,2832977.0,,,1,1.5071636942983857,5.803,,0.22738974283900115,,0,0,0,1,0,0,1,0,0,0,0,1,0,0,0
KOSDAQ,092870,(주)엑시콘,2025,2026,small_and_medium,manufacturing,2015,,,224506216.0,,,,,,20393656.0,,,,,,,,,,2866247.0,,,1,1.00832578651964,5.803,,0.35256791102140084,,0,0,0,1,0,0,0,0,1,0,0,1,0,0,0
KOSDAQ,093190,(주)빅솔론,2025,2026,small_and_medium,manufacturing,2007,,,271135636.0,,,,,,61496193.0,,,,,,,,,,6418506.0,,,1,0.5116909171366759,5.803,,,,0,0,0,1,0,0,0,0,1,0,0,1,0,0,0
KOSDAQ,093320,(주)케이아이엔엑스,2025,2026,mid_sized,it_services,2011,,,337890187.0,,,,,,49062640.0,,,,,,,,,,24997671.0,,,1,2.382931880647358,5.803,,,,0,0,0,1,0,0,1,0,0,0,1,0,0,0,0
KOSDAQ,093520,(주)매커스,2025,2026,small_and_medium,wholesale_retail,2007,,,235046174.0,,,,,,47350407.0,,,,,,,,,,356545.0,,,1,2.4649272366859285,5.803,,,,0,0,0,1,0,0,0,0,1,0,0,0,0,0,1
KOSDAQ,093640,(주)케이알엠,2025,2026,small_and_medium,manufacturing,2007,,,105473179.0,,,,,,4335333.0,,,,,,,,,,1428683.0,,,0,1.7647719610916344,5.803,,,,0,0,0,1,0,0,0,0,1,0,0,1,0,0,0
KOSDAQ,093920,(주)서원인텍,2025,2026,mid_sized,manufacturing,2007,,,249863568.0,,,,,,19005597.0,,,,,,,,,,4447809.0,,,1,0.4649702971322619,5.803,,,,0,0,0,1,0,0,1,0,0,0,0,1,0,0,0
KOSDAQ,094170,(주)동운아나텍,2025,2026,small_and_medium,manufacturing,2015,5.603264280483877,2.6121775132883704,109927218.116,0.6296968927473009,0.5880656416091016,,-5.620855049580257,0.007999800309435642,46440023.89,0.34520647086307243,0.012269097118211296,0.02200140653471133,0.019484131586996602,-0.1724663397347397,,-0.05500628428622757,-1.0020518282604807,0.07315295694569708,0.0,0.00926301003929246,3.1353933822779894,0,,5.803,,,,0,1,0,1,0,0,0,0,1,0,0,1,0,0,0
KOSDAQ,094360,(주)칩스앤미디어,2025,2026,small_and_medium,manufacturing,2015,,,106303672.0,,,,,,28467136.0,,,,,,,,,,1733255.0,,,1,4.545048721213545,5.803,,,,0,0,0,1,0,0,0,0,1,0,0,1,0,0,0
KOSDAQ,094480,갤럭시아머니트리(주),2025,2026,large,it_services,2007,,,398965263.0,,,,,,52733171.0,,,,,,,,,,1143363.0,,,1,3.0245269889409507,5.803,,0.10487335244712802,,0,0,0,1,0,1,0,0,0,0,1,0,0,0,0
KOSDAQ,094820,(주)일진파워,2025,2026,mid_sized,construction,2007,,,329098067.0,,,,,,37582940.0,,,,,,,,,,5678701.0,,,1,1.2663902436353376,5.803,,,,0,0,0,1,0,0,1,0,0,1,0,0,0,0,0
KOSDAQ,094840,(주)슈프리마에이치큐,2025,2026,small_and_medium,manufacturing,2008,,,250231969.0,,,,,,7948618.0,,,,,,,,,,362205.0,,,0,0.2949697624190511,5.803,,0.2234052872800982,,0,0,0,1,0,0,0,0,1,0,0,1,0,0,0
KOSDAQ,094850,참좋은여행(주),2025,2026,mid_sized,it_services,2007,1.779598611664856,0.3906808341629207,170921840.435,0.5798641532688806,0.7245418506432559,,-13.15877832557143,0.11764940160531603,0.0,138.4758074439956,0.07538865102438598,0.05723282278089051,0.1300108837550932,0.30978996049308244,,0.2414780963476104,314.9095396484651,-0.0667422170154916,0.0,0.03904420092842303,1.282890519590383,0,,5.803,,0.1920658648982529,0.012636920128594117,0,0,0,1,0,0,1,0,0,0,1,0,0,0,0
KOSDAQ,094860,(주)네오리진,2025,2026,small_and_medium,it_services,2007,,,39886165.0,,,,,,6345299.0,,,,,,,,,,174983.0,,,0,1.015027701678645,5.803,,1.2555429827150775,,0,0,0,1,0,0,0,0,1,0,1,0,0,0,0
KOSDAQ,094940,(주)푸른기술,2025,2026,small_and_medium,manufacturing,2007,,,45208269.0,,,,,,4698571.0,,,,,,,,,,785749.0,,,1,1.895053338560737,5.803,,,,0,0,0,1,0,0,0,0,1,0,0,1,0,0,0
KOSDAQ,094970,제이엠티(주),2025,2026,small_and_medium,manufacturing,2007,,,269999778.0,,,,,,27378425.0,,,,,,,,,,11981095.0,,,1,0.2450176188668757,5.803,,0.2173529586782544,,0,0,0,1,0,0,0,0,1,0,0,1,0,0,0
KOSDAQ,095190,이엠코리아(주),2025,2026,mid_sized,manufacturing,2007,1.1977376549069199,0.26047501266449635,233775888.973,0.46373593904938964,1.156399614077563,,-2.3223878004418665,-0.07504320162485181,7947164.394,-1.0881520677917524,-0.0021549656177681526,-0.0204321368811121,-0.0046469670265056615,0.12067903817393004,,0.1635461773061112,3.4465639018242555,-0.09441070527828938,0.0,0.005533737468321255,0.7378896906165757,0,,5.803,,,,0,1,0,1,0,0,1,0,0,0,0,1,0,0,0
KOSDAQ,095270,(주)웨이브일렉트로닉스,2025,2026,small_and_medium,manufacturing,2007,,,102940101.0,,,,,,16698622.0,,,,,,,,,,2512230.0,,,0,1.2197044786980664,5.803,,,,0,0,0,1,0,0,0,0,1,0,0,1,0,0,0
KOSDAQ,095340,(주)아이에스시,2025,2026,large,wholesale_retail,2007,,,622420257.0,,,,,,97738816.0,,,,,,,,,,8886369.0,,,1,4.383334347149093,5.803,,1.5992036840308215,,0,0,0,1,0,1,0,0,0,0,0,0,0,0,1
KOSDAQ,095500,미래나노텍(주),2025,2026,mid_sized,manufacturing,2007,,,658672859.0,,,,,,76461207.0,,,,,,,,,,14726081.0,,,0,0.932430738079227,5.803,,0.05409748456131247,,0,0,0,1,0,0,1,0,0,0,0,1,0,0,0
KOSDAQ,095610,(주)테스,2025,2026,mid_sized,manufacturing,2008,,,487468886.0,,,,,,92104269.0,,,,,,,,,,7379232.0,,,1,2.20160742500686,5.803,,0.5146790311142823,,0,0,0,1,0,0,1,0,0,0,0,1,0,0,0
KOSDAQ,095660,(주)네오위즈,2025,2026,mid_sized,it_services,2007,,,679342943.0,,,,,,432726158.0,,,,,,,,,,4434801.0,,,0,0.9555737651066952,5.803,,,,0,0,0,1,0,0,1,0,0,0,1,0,0,0,0
KOSDAQ,095700,(주)제넥신,2025,2026,small_and_medium,it_services,2009,0.39236202192945,0.07831121889721682,371266117.727,0.6646321442438886,0.5045916882904286,,-9.836746562740403,-5.950067566258085,-385716.037,-14.805538741683089,-0.0733034642983819,-0.09742948902112919,-0.11029178310623959,-0.23760488003982252,,-6.468062204400327,-12.10906416441175,0.006381574837761443,0.0,0.0695301054996398,0.036735095076571175,0,,5.803,,,,0,1,0,1,0,0,0,0,1,0,1,0,0,0,0
KOSDAQ,095910,(주)에스에너지,2025,2026,mid_sized,manufacturing,2007,,,227855412.0,,,,,,5732394.0,,,,,,,,,,6878098.0,,,1,0.3854416977685864,5.803,,-0.30704096834328426,,0,0,0,1,0,0,1,0,0,0,0,1,0,0,0
KOSDAQ,096240,(주)크레버스,2025,2026,mid_sized,it_services,2008,,,179341067.0,,,,,,220916899.0,,,,,,,,,,24211951.0,,,1,3.0716762211034063,5.803,,,,0,0,0,1,0,0,1,0,0,0,1,0,0,0,0
KOSDAQ,096250,(주)와이즈넛,2025,2026,other,it_services,2025,,,74028369.0,,,,,,17724956.0,,,,,,,,,,752803.0,,,1,2.185673422700309,5.803,,,,0,0,0,1,0,0,0,1,0,0,1,0,0,0,0
KOSDAQ,096350,(주)대창솔루션,2025,2026,small_and_medium,manufacturing,2007,,,141833187.0,,,,,,9703135.0,,,,,,,,,,1170805.0,,,0,2.390261875395717,5.803,,0.1010048277235527,,0,0,0,1,0,0,0,0,1,0,0,1,0,0,0
KOSDAQ,096530,(주)씨젠,2025,2026,mid_sized,manufacturing,2010,,,1235797419.0,,,,,,303864031.0,,,,,,,,,,64087037.0,,,1,1.2236261494374634,5.803,,,,0,0,0,1,0,0,1,0,0,0,0,1,0,0,0
KOSDAQ,096610,(주)알에프세미,2025,2026,small_and_medium,manufacturing,2007,,,22168960.0,,,,,,5313891.0,,,,,,,,,,1104545.0,,,0,3.578722383472708,5.803,,,,0,0,0,1,0,0,0,0,1,0,0,1,0,0,0
KOSDAQ,096630,(주)에스코넥,2025,2026,small_and_medium,manufacturing,2007,,,170621596.0,,,,,,34805462.0,,,,,,,,,,8356398.0,,,0,0.535391700406799,5.803,,0.027421924913755055,,0,0,0,1,0,0,0,0,1,0,0,1,0,0,0
KOSDAQ,096690,(주)에이루트,2025,2026,small_and_medium,manufacturing,2010,,,191626675.0,,,,,,9489645.0,,,,,,,,,,2277548.0,,,0,0.4430214002070701,5.803,,-0.07467578552651251,,0,0,0,1,0,0,0,0,1,0,0,1,0,0,0
KOSDAQ,096870,(주)엘디티,2025,2026,small_and_medium,manufacturing,2008,9.405027283169542,4.534159489461625,22518375.214,0.8994324656429006,0.11181221292163969,,-3.852362282506263,0.11238817743877766,4472243.887,310.447493959545,0.0518813551109878,0.013585663490046153,0.05768232423532077,0.27866463829937954,,0.05713196087194299,640.393579917174,0.027104517408544502,0.0,0.016479971599784,4.877561246742178,0,,5.803,,,,0,0,0,1,0,0,0,0,1,0,0,1,0,0,0
KOSDAQ,097780,에코볼트(주),2025,2026,mid_sized,manufacturing,2008,,,253843277.0,,,,,,18635136.0,,,,,,,,,,4100417.0,,,0,0.2751391361573293,5.803,,,,0,0,0,1,0,0,1,0,0,0,0,1,0,0,0
KOSDAQ,097800,(주)윈팩,2025,2026,small_and_medium,manufacturing,2013,0.4353895711093779,0.042203373725636324,130664662.904,0.4812355370418597,1.077984527383347,,0.07833823825975401,-0.18122040296704658,-8521574.124,-3.1725160048662553,-0.10477796719269605,-0.10935662660759501,-0.21772699463710235,-0.091902900247362,,-0.08245871414889407,-1.3831145554412196,-0.057102008501577754,0.0,0.011894777038087938,1.114532298932224,0,,5.803,,,,0,1,0,1,0,0,0,0,1,0,0,1,0,0,0
KOSDAQ,098070,(주)한텍,2025,2026,other,manufacturing,2025,,,229602282.0,,,,,,52251215.0,,,,,,,,,,2348731.0,,,1,2.1122369582771214,5.803,,,,0,0,0,1,0,0,0,1,0,0,0,1,0,0,0
KOSDAQ,098120,(주)마이크로컨텍솔루션,2025,2026,small_and_medium,manufacturing,2008,,,96886217.0,,,,,,26928437.0,,,,,,,,,,1920337.0,,,1,1.7235097792708038,5.803,,,,0,0,0,1,0,0,0,0,1,0,0,1,0,0,0
KOSDAQ,098460,(주)고영테크놀러지,2025,2026,mid_sized,manufacturing,2008,,,410335213.0,,,,,,148574109.0,,,,,,,,,,11215573.0,,,1,4.690797139984626,5.803,,,,0,0,0,1,0,0,1,0,0,0,0,1,0,0,0
KOSDAQ,098660,(주)에스티오,2025,2026,small_and_medium,manufacturing,2009,,,71995272.0,,,,,,43641014.0,,,,,,,,,,6471200.0,,,1,0.9927943734839444,5.803,,,,0,0,0,1,0,0,0,0,1,0,0,1,0,0,0
KOSDAQ,099190,(주)아이센스,2025,2026,mid_sized,manufacturing,2013,,,577662983.0,,,,,,125261126.0,,,,,,,,,,14878024.0,,,1,1.2974836625665265,5.803,,,,0,0,0,1,0,0,1,0,0,0,0,1,0,0,0
KOSDAQ,099220,에스디엔(주),2025,2026,small_and_medium,wholesale_retail,2009,,,153435550.0,,,,,,21231899.0,,,,,,,,,,2015667.0,,,0,0.926411077154807,5.803,,,,0,0,0,1,0,0,0,0,1,0,0,0,0,0,1
KOSDAQ,099320,(주)쎄트렉아이,2025,2026,small_and_medium,manufacturing,2008,,,411001934.0,,,,,,33411746.0,,,,,,,,,,3915578.0,,,1,3.1698242412535116,5.803,,0.3096409022649196,,0,0,0,1,0,0,0,0,1,0,0,1,0,0,0
KOSDAQ,099390,브레인즈컴퍼니(주),2025,2026,small_and_medium,it_services,2021,,,60140928.0,,,,,,15126784.0,,,,,,,,,,661798.0,,,1,0.8111532581422015,5.803,,,,0,0,0,1,0,0,0,0,1,0,1,0,0,0,0
KOSDAQ,099410,(주)동방선기,2025,2026,small_and_medium,manufacturing,2009,4.517626652921874,2.3947543265678704,66929971.964,0.7446431634366611,0.3429251070872946,,-6.119849436,0.18981742903565876,14731858.12,16.18112718147101,0.13316875052321964,0.13879221170145595,0.17883565855707595,0.5917048800973113,,0.24147980874362557,17.615554387585014,-0.032325572453006844,964664.319,0.14652451999045932,2.450328593416739,0,,5.803,,,,0,0,0,1,0,0,0,0,1,0,0,1,0,0,0
KOSDAQ,099430,바이오플러스(주),2025,2026,small_and_medium,manufacturing,2021,,,285040013.0,,,,,,60608180.0,,,,,,,,,,3671870.0,,,0,1.5901816045686974,5.803,,,,0,0,0,1,0,0,0,0,1,0,0,1,0,0,0
KOSDAQ,099440,(주)스맥,2025,2026,mid_sized,manufacturing,2009,,,301515658.0,,,,,,25826420.0,,,,,,,,,,3032842.0,,,0,4.749739894465087,5.803,,,,0,0,0,1,0,0,1,0,0,0,0,1,0,0,0
KOSDAQ,099520,(주)디지아이티엑스,2025,2026,small_and_medium,manufacturing,2009,,,29371779.0,,,,,,4169358.0,,,,,,,,,,683044.0,,,0,2.539584717203978,5.803,,0.03432704884185981,,0,0,0,1,0,0,0,0,1,0,0,1,0,0,0
KOSDAQ,100030,(주)인지소프트,2025,2026,small_and_medium,it_services,2010,,,82998287.0,,,,,,7958942.0,,,,,,,,,,1236960.0,,,1,0.943556473529644,5.803,,0.3077935262128042,,0,0,0,1,0,0,0,0,1,0,1,0,0,0,0
KOSDAQ,100120,(주)뷰웍스,2025,2026,mid_sized,manufacturing,2009,,,351892269.0,,,,,,100892770.0,,,,,,,,,,7270476.0,,,1,0.7381146295523082,5.803,,0.2023375862748704,,0,0,0,1,0,0,1,0,0,0,0,1,0,0,0
KOSDAQ,100130,(주)동국에스엔씨,2025,2026,mid_sized,manufacturing,2009,,,256327957.0,,,,,,14984743.0,,,,,,,,,,4392707.0,,,0,0.6279474701276324,5.803,,,,0,0,0,1,0,0,1,0,0,0,0,1,0,0,0
KOSDAQ,100590,(주)머큐리,2025,2026,mid_sized,manufacturing,2018,,,176342963.0,,,,,,18840325.0,,,,,,,,,,2585571.0,,,0,0.3374837376042546,5.803,,0.2764614872907933,,0,0,0,1,0,0,1,0,0,0,0,1,0,0,0
KOSDAQ,100660,서암기계공업(주),2025,2026,mid_sized,manufacturing,2011,,,82779615.0,,,,,,6398877.0,,,,,,,,,,2762010.0,,,1,0.8321719248898277,5.803,,,,0,0,0,1,0,0,1,0,0,0,0,1,0,0,0
KOSDAQ,100700,(주)세운메디칼,2025,2026,small_and_medium,manufacturing,2008,,,163871834.0,,,,,,23545045.0,,,,,,,,,,2940638.0,,,1,0.6907523005824896,5.803,,,,0,0,0,1,0,0,0,0,1,0,0,1,0,0,0
KOSDAQ,101000,(주)케이에스인더스트리,2025,2026,small_and_medium,manufacturing,2009,,,61193613.0,,,,,,4644823.0,,,,,,,,,,1632530.0,,,0,0.6463723166376436,5.803,,,,0,0,0,1,0,0,0,0,1,0,0,1,0,0,0
KOSDAQ,101160,(주)월덱스,2025,2026,small_and_medium,manufacturing,2008,,,429672763.0,,,,,,84838117.0,,,,,,,,,,14559950.0,,,1,1.026573892735421,5.803,,,,0,0,0,1,0,0,0,0,1,0,0,1,0,0,0
KOSDAQ,101170,우림피티에스(주),2025,2026,small_and_medium,manufacturing,2009,,,93123568.0,,,,,,12617427.0,,,,,,,,,,3118446.0,,,1,2.82677561034459,5.803,,,,0,0,0,1,0,0,0,0,1,0,0,1,0,0,0
KOSDAQ,101240,씨큐브(주),2025,2026,small_and_medium,manufacturing,2011,2.2765872626376638,0.3644071838547258,141560870.539,0.815925793273353,0.2256016518220035,,-20.268578992375748,0.16720921292786553,24326740.489,5.0735866538378565,0.07895326639659808,0.07185617115287243,0.09676525371241329,0.39133129369410036,,0.18041936531022293,5.086142529469706,-0.005274267989149614,0.0,0.005641281033094452,2.169009368929017,0,,5.803,,,,0,0,0,1,0,0,0,0,1,0,0,1,0,0,0
KOSDAQ,101330,(주)모베이스,2025,2026,mid_sized,manufacturing,2010,,,1083137811.0,,,,,,144350014.0,,,,,,,,,,49512431.0,,,1,0.1601231604984454,5.803,,,,0,0,0,1,0,0,1,0,0,0,0,1,0,0,0
KOSDAQ,101360,(주)에코앤드림,2025,2026,small_and_medium,manufacturing,2020,,,464749776.0,,,,,,12710908.0,,,,,,,,,,5236550.0,,,1,1.4665882493520404,5.803,,,,0,0,0,1,0,0,0,0,1,0,0,1,0,0,0
KOSDAQ,101390,(주)아이엠,2025,2026,small_and_medium,manufacturing,2008,,,61795240.0,,,,,,5001203.0,,,,,,,,,,6278145.0,,,0,1.1262796025090918,5.803,,,,0,0,0,1,0,0,0,0,1,0,0,1,0,0,0
KOSDAQ,101400,엔시트론(주),2025,2026,small_and_medium,manufacturing,2009,,,47560817.0,,,,,,12959523.0,,,,,,,,,,1602756.0,,,0,0.5376133257570124,5.803,,0.2784096738576513,,0,0,0,1,0,0,0,0,1,0,0,1,0,0,0
KOSDAQ,101490,(주)에스앤에스텍,2025,2026,small_and_medium,manufacturing,2009,,,393041682.0,,,,,,84618714.0,,,,,,,,,,14368450.0,,,1,3.386845957872483,5.803,,0.5307820416277227,,0,0,0,1,0,0,0,0,1,0,0,1,0,0,0
KOSDAQ,101670,(주)하이드로리튬,2025,2026,small_and_medium,manufacturing,2008,,,81924389.0,,,,,,-8725049.0,,,,,,,,,,2737168.0,,,0,1.7291191664513454,5.803,,-0.19824490960040902,,0,0,0,1,0,0,0,0,1,0,0,1,0,0,0
KOSDAQ,101680,한국정밀기계(주),2025,2026,small_and_medium,manufacturing,2009,1.809133483548011,0.05871598079113775,71029131.353,0.47831872800405634,1.090656170150042,,-7.085331689671585,-0.2645109650127187,-163973.469,-10.480754750564088,-0.11384784611558475,-0.10596442073315748,-0.23801670193983973,-0.2466594585420723,,-0.2989660553515391,-12.72727740722048,0.014829773966474252,0.0,0.0029172211464929924,0.8250416865956166,0,,5.803,,,,0,1,0,1,0,0,0,0,1,0,0,1,0,0,0
KOSDAQ,101730,(주)위메이드맥스,2025,2026,small_and_medium,it_services,2009,,,565539234.0,,,,,,148839769.0,,,,,,,,,,7326667.0,,,0,1.1161405764547234,5.803,,,,0,0,0,1,0,0,0,0,1,0,1,0,0,0,0
KOSDAQ,101930,인화정공(주),2025,2026,small_and_medium,manufacturing,2010,,,462070253.0,,,,,,25186203.0,,,,,,,,,,4509624.0,,,1,1.2496101285368488,5.803,,,,0,0,0,1,0,0,0,0,1,0,0,1,0,0,0
KOSDAQ,101970,우양에이치씨(주),2025,2026,mid_sized,manufacturing,2025,2.4655281136949476,0.29202898531535504,250655257.091,0.7352916185439847,0.3600046223567562,,-23.92286646789735,-0.042772815278051775,19200259.403,0.11408549207782862,-0.019541660457660814,0.0028184482312434457,-0.02657674855094495,0.3445597048871299,,0.2266801188750533,3.691922170953267,-0.1084180682080566,0.0,0.0013885861363507675,1.5200261346124146,0,,5.803,,,,0,1,0,1,0,0,1,0,0,0,0,1,0,0,0
KOSDAQ,102120,어보브반도체(주),2025,2026,mid_sized,manufacturing,2009,,,286055183.0,,,,,,38977522.0,,,,,,,,,,15536457.0,,,1,1.391904750866599,5.803,,2.0062371485821844,,0,0,0,1,0,0,1,0,0,0,0,1,0,0,0
KOSDAQ,102370,(주)케이옥션,2025,2026,small_and_medium,wholesale_retail,2022,,,195157092.0,,,,,,6671823.0,,,,,,,,,,1712399.0,,,0,0.9146843849621358,5.803,,,,0,0,0,1,0,0,0,0,1,0,0,0,0,0,1
KOSDAQ,102710,(주)이엔에프테크놀로지,2025,2026,mid_sized,manufacturing,2009,,,749300530.0,,,,,,158209039.0,,,,,,,,,,51626815.0,,,1,1.4919639298623155,5.803,,0.13771588582093086,,0,0,0,1,0,0,1,0,0,0,0,1,0,0,0
KOSDAQ,102940,코오롱생명과학(주),2025,2026,large,manufacturing,2009,,,914412572.0,,,,,,55890827.0,,,,,,,,,,9543017.0,,,0,1.1425740143131775,5.803,,,,0,0,0,1,0,1,0,0,0,0,0,1,0,0,0
KOSDAQ,103230,(주)에스앤더블류,2025,2026,small_and_medium,manufacturing,2009,2.4439790444398755,0.24952230447345672,85277595.518,0.6271102813248529,0.5946158590915914,0.3586011462124911,-13.855126921111111,0.07440239718338124,6158842.364,5.436206312884175,0.029728405363691198,0.0105653646368327,0.047405386658445514,0.08816177400552845,0.09167460688300018,0.057443083688037765,16.915006539305864,0.009705798081810312,0.0,0.001517229997094487,1.534767431433833,0,,5.803,0.028143407087824802,,,0,0,0,1,0,0,0,0,1,0,0,1,0,0,0
KOSDAQ,103840,(주)우양,2025,2026,mid_sized,manufacturing,2019,0.7681526762381878,0.0024410522678753716,153372644.843,0.30262621771641424,2.304406364874449,0.4475100814572187,-27.35962948665402,0.012221294022577402,22107647.916,1.1580091345249077,0.0112049977997001,0.030420170401155744,0.03702586604773321,0.09897877550474844,0.15424278893288587,0.057605925958333845,2.627592632722135,-0.054381270366288974,0.0,0.0006018902399087971,1.7182047481771134,0,,5.803,0.7641349284496735,,,0,0,0,1,0,0,1,0,0,0,0,1,0,0,0
KOSDAQ,104040,(주)대성파인텍,2025,2026,small_and_medium,manufacturing,2009,,,231175219.0,,,,,,16509498.0,,,,,,,,,,4020572.0,,,0,0.8410888975140796,5.803,,1.5019782466036171,,0,0,0,1,0,0,0,0,1,0,0,1,0,0,0
KOSDAQ,104200,(주)엔에이치엔벅스,2025,2026,mid_sized,it_services,2009,1.9948346799979122,1.203508401489533,66807403.6,0.7586975780929766,0.31804823011765626,,-5.836815968922715,-0.1385492213337409,0.0,-1.3430666671585845,-0.09271540894009538,-0.01100159089253994,-0.12220338065812743,0.33341160576707757,,0.11970920353497282,9.821650449030228,-0.17356787668964285,0.0,0.34462854881850247,2.7851793840535577,0,,5.803,,,,0,1,0,1,0,0,1,0,0,0,1,0,0,0,0
KOSDAQ,104460,디와이피엔에프(주),2025,2026,mid_sized,manufacturing,2009,,,246868550.0,,,,,,57257766.0,,,,,,,,,,2831442.0,,,0,0.9786771249381596,5.803,,0.854216074757516,,0,0,0,1,0,0,1,0,0,0,0,1,0,0,0
KOSDAQ,104480,(주)티케이케미칼,2025,2026,large,manufacturing,2011,1.0954139039643447,0.04238066348843526,1475543333.684,0.8319134297636864,0.20204815095250997,,-26.009592483820473,0.3369709951793095,24541589.105,0.23306143470537458,0.07459962733129293,0.0016286740024096511,0.08967234409532698,0.5850335393614997,,0.41965822754384413,14.071812237374901,-0.019375659505451514,2070413.361,0.00017025480598579324,1.3940714156506746,0,,5.803,,,,0,1,0,1,0,1,0,0,0,0,0,1,0,0,0
KOSDAQ,104540,(주)코렌텍,2025,2026,small_and_medium,manufacturing,2013,,,171927246.0,,,,,,52093556.0,,,,,,,,,,4644876.0,,,1,1.0074591410515183,5.803,,-0.0812297113000413,,0,0,0,1,0,0,0,0,1,0,0,1,0,0,0
KOSDAQ,104620,(주)노랑풍선,2025,2026,small_and_medium,it_services,2019,,,125036860.0,,,,,,119704118.0,,,,,,,,,,1434883.0,,,0,2.1717441738960113,5.803,,0.1876559817148817,,0,0,0,1,0,0,0,0,1,0,1,0,0,0,0
KOSDAQ,104830,(주)원익머트리얼즈,2025,2026,mid_sized,manufacturing,2011,,,637777094.0,,,,,,123078932.0,,,,,,,,,,35299925.0,,,1,0.7413879766809607,5.803,,0.2800825568498096,,0,0,0,1,0,0,1,0,0,0,0,1,0,0,0
KOSDAQ,105330,(주)케이엔더블유,2025,2026,mid_sized,manufacturing,2009,,,267117722.0,,,,,,11136121.0,,,,,,,,,,5402578.0,,,0,0.7670517689692907,5.803,,,,0,0,0,1,0,0,1,0,0,0,0,1,0,0,0
KOSDAQ,105550,엣지파운드리(주),2025,2026,small_and_medium,manufacturing,2014,,,177094223.0,,,,,,1641325.0,,,,,,,,,,4487339.0,,,0,0.9511219485434296,5.803,,1.9324036318844082,,0,0,0,1,0,0,0,0,1,0,0,1,0,0,0
KOSDAQ,105740,디케이락(주),2025,2026,small_and_medium,manufacturing,2010,,,226208658.0,,,,,,35833955.0,,,,,,,,,,3455878.0,,,1,0.7228767899421612,5.803,,,,0,0,0,1,0,0,0,0,1,0,0,1,0,0,0
KOSDAQ,105760,(주)포스뱅크,2025,2026,small_and_medium,manufacturing,2024,,,97722747.0,,,,,,21123031.0,,,,,,,,,,2125147.0,,,0,0.6889070169083124,5.803,,,,0,0,0,1,0,0,0,0,1,0,0,1,0,0,0
KOSDAQ,106080,케이이엠텍(주),2025,2026,small_and_medium,manufacturing,2010,,,52267788.0,,,,,,-16654.0,,,,,,,,,,699321.0,,,0,0.8536454835060165,5.803,,,,0,0,0,1,0,0,0,0,1,0,0,1,0,0,0
KOSDAQ,106190,(주)하이텍팜,2025,2026,mid_sized,manufacturing,2010,5.67050194118379,1.0444728285740381,143696600.479,0.909356403084125,0.09967884605909513,0.0,-23.5780678536877,0.1635027631086921,16944464.252,71.35729004444127,0.09622802252041299,0.08946639686774492,0.10581992076379639,1.3073266076432997,,0.2426246361886374,94.51475925560992,-0.03864407300861322,0.0,,5.388268183231281,0,,5.803,,,,0,0,0,1,0,0,1,0,0,0,0,1,0,0,0
KOSDAQ,106240,(주)파인테크닉스,2025,2026,small_and_medium,manufacturing,2009,,,130050787.0,,,,,,10975142.0,,,,,,,,,,1214782.0,,,0,0.3713724042873093,5.803,,-0.08320377658260295,,0,0,0,1,0,0,0,0,1,0,0,1,0,0,0
KOSDAQ,106520,(주)노블엠앤비,2025,2026,small_and_medium,manufacturing,2012,,,19267723.0,,,,,,-223889.0,,,,,,,,,,819712.0,,,0,6.799467583749036,5.803,,-0.8241532200538156,,0,0,0,1,0,0,0,0,1,0,0,1,0,0,0
KOSDAQ,107600,(주)새빗켐,2025,2026,small_and_medium,manufacturing,2022,3.729078575703386,1.7515770186921775,82728051.469,0.5482469948780996,0.8239954059800105,0.39406222461574514,-13.605207467443286,-0.4700857817390048,-2061231.295,-5.971346707408668,-0.15728952083291814,-0.11385863490970312,-0.28689536340803984,-0.33784262536925563,-0.3873028464417178,-0.32888407468427255,-8.004271455532923,-0.06552583987828244,0.0,0.00013672810853327752,1.0272392352642288,0,,5.803,0.11349693251533742,,,0,1,0,1,0,0,0,0,1,0,0,1,0,0,0
KOSDAQ,107640,(주)한중엔시에스,2025,2026,small_and_medium,manufacturing,2024,,,253321966.0,,,,,,31106150.0,,,,,,,,,,5861013.0,,,0,4.457716335927996,5.803,,,,0,0,0,1,0,0,0,0,1,0,0,1,0,0,0
KOSDAQ,108230,(주)톱텍,2025,2026,mid_sized,manufacturing,2009,,,555604371.0,,,,,,29050060.0,,,,,,,,,,5226589.0,,,1,0.4480318385391983,5.803,,-0.09873208222790392,,0,0,0,1,0,0,1,0,0,0,0,1,0,0,0
KOSDAQ,108380,대양전기공업(주),2025,2026,small_and_medium,manufacturing,2011,,,321983560.0,,,,,,42202141.0,,,,,,,,,,5546235.0,,,1,0.9844549837028136,5.803,,0.08066207773087719,,0,0,0,1,0,0,0,0,1,0,0,1,0,0,0
KOSDAQ,108490,(주)로보티즈,2025,2026,small_and_medium,manufacturing,2018,,,319708081.0,,,,,,24307851.0,,,,,,,,,,2393818.0,,,0,12.17134470143827,5.803,,,,0,0,0,1,0,0,0,0,1,0,0,1,0,0,0
KOSDAQ,108860,(주)셀바스에이아이,2025,2026,small_and_medium,it_services,2009,,,307100407.0,,,,,,57882267.0,,,,,,,,,,3097021.0,,,0,1.2633842835574134,5.803,,,,0,0,0,1,0,0,0,0,1,0,1,0,0,0,0
KOSDAQ,109080,옵티시스(주),2025,2026,small_and_medium,manufacturing,2011,6.674242417725561,1.8986792290960655,65235637.894,0.9072126462711155,0.102277403330151,,-20.00163083215046,0.1719061409905865,10436021.119,3.1945635648893482,0.07921012771265107,0.06919755168693131,0.08731153389255066,1.212634664282745,,0.28530658134049913,5.194450033471592,-0.044722051645153485,0.0,0.010913232705056133,4.250286336141424,0,,5.803,,,,0,0,0,1,0,0,0,0,1,0,0,1,0,0,0
KOSDAQ,109610,에스와이(주),2025,2026,mid_sized,manufacturing,2015,,,477069153.0,,,,,,36011267.0,,,,,,,,,,12027556.0,,,1,0.6039453183365563,5.803,,0.3908903045257497,,0,0,0,1,0,0,1,0,0,0,0,1,0,0,0
KOSDAQ,109670,씨싸이트(주),2025,2026,small_and_medium,manufacturing,2023,,,96013604.0,,,,,,34582977.0,,,,,,,,,,3911824.0,,,0,0.622730148740836,5.803,,-0.030793094418246028,,0,0,0,1,0,0,0,0,1,0,0,1,0,0,0
KOSDAQ,109740,(주)디에스케이,2025,2026,small_and_medium,manufacturing,2009,,,148678783.0,,,,,,-8847606.0,,,,,,,,,,3902514.0,,,0,1.5810854759749955,5.803,,-0.12987003243121728,,0,0,0,1,0,0,0,0,1,0,0,1,0,0,0
KOSDAQ,109820,(주)진매트릭스,2025,2026,small_and_medium,it_services,2009,4.319371235237966,0.4852369420156827,27271330.776,0.6406415099983092,0.560935381790417,,-0.7133916777975879,-0.17235238976416606,6330653.867,-0.4123053435280601,-0.06726493246946197,-0.02490275122905502,-0.10499621304532625,0.13166768270334667,,0.12123714507859157,0.783391283768902,-0.11458083210775838,528954.701,0.0033816741382184465,1.0860341739158699,0,,5.803,,,,0,1,0,1,0,0,0,0,1,0,1,0,0,0,0
KOSDAQ,109860,동일금속(주),2025,2026,small_and_medium,manufacturing,2009,,,180888658.0,,,,,,6490952.0,,,,,,,,,,3047246.0,,,1,0.4621476909974087,5.803,,0.1166623995430052,,0,0,0,1,0,0,0,0,1,0,0,1,0,0,0
KOSDAQ,109960,(주)앱토크롬,2025,2026,small_and_medium,wholesale_retail,2009,,,320455374.0,,,,,,1478339.0,,,,,,,,,,364484.0,,,0,0.1800484871634895,5.803,,-0.043104943359093054,,0,0,0,1,0,0,0,0,1,0,0,0,0,0,1
KOSDAQ,110020,전진바이오팜(주),2025,2026,small_and_medium,manufacturing,2018,10.830923048124045,7.326070704068041,18509033.933,0.9405206264689386,0.06324090281184906,,-2.8433790820423366,-0.014298897704629231,3780198.677,-17.956985359143992,-0.01057937641201687,-0.018523476873027137,-0.011248425727499196,0.43890052992484024,,0.03528376984627883,25.307160065073266,-0.0366849049743973,0.0,0.0007277770438349761,12.43916202370106,0,,5.803,,,,0,1,0,1,0,0,0,0,1,0,0,1,0,0,0
KOSDAQ,110790,(주)크리스에프앤씨,2025,2026,mid_sized,manufacturing,2018,,,845864909.0,,,,,,183353319.0,,,,,,,,,,19456911.0,,,1,0.22423209581793,5.803,,0.4068627526396183,,0,0,0,1,0,0,1,0,0,0,0,1,0,0,0
KOSDAQ,110990,디아이티(주),2025,2026,small_and_medium,manufacturing,2018,,,266542879.0,,,,,,36992179.0,,,,,,,,,,1194030.0,,,1,1.1611421332920904,5.803,,0.2581611323539353,,0,0,0,1,0,0,0,0,1,0,0,1,0,0,0
KOSDAQ,111710,남화산업(주),2025,2026,mid_sized,it_services,2018,34.28445392967166,13.433284523317951,202321203.42,0.9336284531872622,0.07108989297204449,,-44.874497813289295,0.3978266058751135,0.0,2257.1806909730876,0.042243294126013166,0.02023475928275002,0.04524636538421803,0.4615001025533162,,0.3695182655899147,3416.8194071671005,0.002346563103494612,0.0,,1.2489236541976017,0,,5.803,,,,0,0,0,1,0,0,1,0,0,0,1,0,0,0,0
KOSDAQ,112040,(주)위메이드,2025,2026,mid_sized,it_services,2009,,,1745649918.0,,,,,,614039504.0,,,,,,,,,,12389606.0,,,1,1.0422796450059395,5.803,,,,0,0,0,1,0,0,1,0,0,0,1,0,0,0,0
KOSDAQ,112290,와이씨켐(주),2025,2026,small_and_medium,manufacturing,2022,0.8012764742950345,0.08634722835266757,173235678.02,0.283740409647747,2.524348192918528,,-3.86165308071919,0.05570550900529241,18707666.7,-0.18392163201330367,0.02269686253974809,-0.010191503241013493,0.07999164647688142,0.012916244710316445,,0.019288694531399128,0.16695571105756885,0.017466497771034616,0.0,0.06008285583526473,0.6696277287864515,0,,5.803,,,,0,1,0,1,0,0,0,0,1,0,0,1,0,0,0
KOSDAQ,113810,디젠스(주),2025,2026,small_and_medium,manufacturing,2012,,,57875784.0,,,,,,10451446.0,,,,,,,,,,1600651.0,,,1,1.0736440993379797,5.803,,,,0,0,0,1,0,0,0,0,1,0,0,1,0,0,0
KOSDAQ,114190,(주)강원에너지,2025,2026,small_and_medium,manufacturing,2009,,,146635667.0,,,,,,2837670.0,,,,,,,,,,3747755.0,,,0,5.119608548826621,5.803,,,,0,0,0,1,0,0,0,0,1,0,0,1,0,0,0
KOSDAQ,114450,그린생명과학(주),2025,2026,small_and_medium,manufacturing,2009,2.0410209114664917,0.8373667717507138,54863691.768,0.6978716433248099,0.43292826061220374,,-2.8287814733000003,0.0027301233239546857,2467550.058,0.16188220552492183,0.0020073775469888464,0.003723637134443738,0.0028764280167987194,0.02195065348468302,,0.00901970109376064,0.2883173001239339,-0.004624537318284972,0.0,0.004837766662191853,2.4336342475769337,0,,5.803,,,,0,1,0,1,0,0,0,0,1,0,0,1,0,0,0
KOSDAQ,114630,(주)폴라리스우노,2025,2026,small_and_medium,manufacturing,2010,,,156204940.0,,,,,,16535233.0,,,,,,,,,,1659993.0,,,0,0.3431339297524976,5.803,,,,0,0,0,1,0,0,0,0,1,0,0,1,0,0,0
KOSDAQ,114810,한솔아이원스(주),2025,2026,mid_sized,manufacturing,2013,,,254358289.0,,,,,,62359983.0,,,,,,,,,,8488517.0,,,0,1.6277097617255805,5.803,,0.28695596309949906,,0,0,0,1,0,0,1,0,0,0,0,1,0,0,0
KOSDAQ,114840,(주)아이패밀리에스씨,2025,2026,small_and_medium,manufacturing,2021,,,142391571.0,,,,,,88275000.0,,,,,,,,,,2178792.0,,,1,2.2633345903019357,5.803,,0.5850716925615996,,0,0,0,1,0,0,0,0,1,0,0,1,0,0,0
KOSDAQ,115160,(주)휴맥스,2025,2026,mid_sized,manufacturing,2009,,,491060173.0,,,,,,53213479.0,,,,,,,,,,8520020.0,,,0,0.3618123720608114,5.803,,-0.41009386416483445,,0,0,0,1,0,0,1,0,0,0,0,1,0,0,0
KOSDAQ,115180,(주)큐리언트,2025,2026,small_and_medium,it_services,2016,,,61994416.0,,,,,,929871.0,,,,,,,,,,612109.0,,,1,29.07975795907488,5.803,,,,0,0,0,1,0,0,0,0,1,0,1,0,0,0,0
KOSDAQ,115310,(주)인포바인,2025,2026,small_and_medium,it_services,2010,,,104230978.0,,,,,,28717400.0,,,,,,,,,,1165293.0,,,1,2.098908397681587,5.803,,-0.09198468610780967,,0,0,0,1,0,0,0,0,1,0,1,0,0,0,0
KOSDAQ,115440,(주)우리넷,2025,2026,small_and_medium,manufacturing,2010,,,134905978.0,,,,,,21328218.0,,,,,,,,,,1429400.0,,,1,0.7830998443428967,5.803,,,,0,0,0,1,0,0,0,0,1,0,0,1,0,0,0
KOSDAQ,115450,에이치엘비테라퓨틱스(주),2025,2026,small_and_medium,wholesale_retail,2010,,,228655058.0,,,,,,10172328.0,,,,,,,,,,4400204.0,,,0,1.4560094620937032,5.803,,0.1387495973315611,,0,0,0,1,0,0,0,0,1,0,0,0,0,0,1
KOSDAQ,115480,(주)씨유메디칼시스템,2025,2026,small_and_medium,manufacturing,2011,,,99662942.0,,,,,,28512750.0,,,,,,,,,,2855014.0,,,0,0.5587516772726991,5.803,,,,0,0,0,1,0,0,0,0,1,0,0,1,0,0,0
KOSDAQ,115500,(주)케이씨에스,2025,2026,small_and_medium,it_services,2010,1.974703883362338,0.5119740368806528,27712392.367,0.710177368101783,0.40809894107563205,,-2.2801189791666667,0.10165309954574744,5188760.695,19.601521454964416,0.0996869719299179,0.07445082296311874,0.14036911961355364,0.007817841446534836,,0.002525406046413912,0.5965398131045409,0.08893709494150077,0.0,0.014294579289795316,3.095677013063386,0,,5.803,,,,0,0,0,1,0,0,0,0,1,0,1,0,0,0,0
KOSDAQ,115530,(주)씨엔플러스,2025,2026,small_and_medium,manufacturing,2011,,,48532145.0,,,,,,7568327.0,,,,,,,,,,1847042.0,,,0,3.3605117695883595,5.803,,,,0,0,0,1,0,0,0,0,1,0,0,1,0,0,0
KOSDAQ,115570,(주)스타플렉스,2025,2026,small_and_medium,manufacturing,2010,,,99019020.0,,,,,,16434608.0,,,,,,,,,,3261542.0,,,0,0.3676409150418896,5.803,,,,0,0,0,1,0,0,0,0,1,0,0,1,0,0,0
KOSDAQ,115610,(주)이미지스테크놀로지,2025,2026,small_and_medium,manufacturing,2010,3.840230422743386,0.9916730696651878,13554900.717,0.7845575092012678,0.2746038222463348,,0.10019400971454816,-0.1389152422974193,4020256.966,-3.818678744821484,-0.13550763870194713,-0.14660169037665996,-0.17271855423307717,-0.3300653935579002,,-0.07289831279295178,-1.8522751468025171,-0.06439752818736931,0.0,0.05848036725240147,4.527750793017157,0,,5.803,,,,0,1,0,1,0,0,0,0,1,0,0,1,0,0,0
KOSDAQ,117670,(주)알파칩스,2025,2026,small_and_medium,manufacturing,2010,2.5707402297051316,1.2547309204111115,59836855.59,0.7072433849126328,0.4139404076908148,,-11.58885211321549,-0.017940134443310718,6137879.846,-0.942632738374451,-0.024668871808943928,-0.03415518738156341,-0.03488031466281063,0.1593428333332182,,0.03392467200861839,1.2874343701313882,-0.07131754033400738,0.0,0.13967883453415939,4.696960173785556,0,,5.803,,-0.4139127500402221,0.05432524482648772,0,1,1,1,0,0,0,0,1,0,0,1,0,0,0
KOSDAQ,117730,(주)티로보틱스,2025,2026,small_and_medium,manufacturing,2018,,,89361141.0,,,,,,12075139.0,,,,,,,,,,3420026.0,,,0,9.05375143510887,5.803,,,,0,0,0,1,0,0,0,0,1,0,0,1,0,0,0
KOSDAQ,118990,모트렉스(주),2025,2026,mid_sized,manufacturing,2017,,,924831761.0,,,,,,171733498.0,,,,,,,,,,13634836.0,,,1,0.8145537771783559,5.803,,,,0,0,0,1,0,0,1,0,0,0,0,1,0,0,0
KOSDAQ,119500,(주)포메탈,2025,2026,small_and_medium,manufacturing,2010,2.620488862019882,0.5758873306421372,62159351.16,0.8264053455251672,0.21005993658537658,,-7.543898061819524,0.04222744885838433,5138940.915,22.683618049803957,0.033192347707897155,0.031207988030742505,0.0401647301625378,0.4523888153087344,,0.09550121214268033,57.08141916104696,-0.04380792667849335,0.0,0.00018996345328003582,4.736995532924319,0,,5.803,,-0.05168815913114726,0.01536947422334783,0,0,0,1,0,0,0,0,1,0,0,1,0,0,0
KOSDAQ,119610,(주)인터로조,2025,2026,mid_sized,manufacturing,2010,,,244892304.0,,,,,,41955027.0,,,,,,,,,,9628752.0,,,1,1.3159639268211163,5.803,,,,0,0,0,1,0,0,1,0,0,0,0,1,0,0,0
KOSDAQ,119830,아이텍(주),2025,2026,small_and_medium,it_services,2010,,,210275113.0,,,,,,8282092.0,,,,,,,,,,9298355.0,,,0,0.7582780144553752,5.803,,-0.04690220834373381,,0,0,0,1,0,0,0,0,1,0,1,0,0,0,0
KOSDAQ,119850,(주)지엔씨에너지,2025,2026,small_and_medium,manufacturing,2013,,,370790900.0,,,,,,66422822.0,,,,,,,,,,5727467.0,,,1,2.294814107999366,5.803,,,,0,0,0,1,0,0,0,0,1,0,0,1,0,0,0
KOSDAQ,120240,대정화금(주),2025,2026,small_and_medium,manufacturing,2010,5.265049048606466,1.5051755971742826,210705332.687,0.8715316365190879,0.1474052783603092,,-50.07826915671206,0.1253601631321582,22573178.748,7.9948863297641255,0.07862950420723824,0.05307105544220487,0.0902199081622393,0.3682834673780266,,0.0922366790142018,7.12743038048305,0.01699068035130408,0.0,0.005835800766497949,3.992809274077632,0,,5.803,,0.07322828261029635,-0.013563072497476847,0,0,0,1,0,0,0,0,1,0,0,1,0,0,0
KOSDAQ,121440,(주)골프존홀딩스,2025,2026,mid_sized,wholesale_retail,2011,,,1059634192.0,,,,,,124195392.0,,,,,,,,,,18388753.0,,,1,0.2846826475712047,5.803,,,,0,0,0,1,0,0,1,0,0,0,0,0,0,0,1
KOSDAQ,121600,(주)나노신소재,2025,2026,small_and_medium,manufacturing,2011,,,455376186.0,,,,,,38055562.0,,,,,,,,,,11588358.0,,,1,2.466022884576612,5.803,,0.05891210744986345,,0,0,0,1,0,0,0,0,1,0,0,1,0,0,0
KOSDAQ,121800,(주)비덴트,2025,2026,mid_sized,manufacturing,2011,,,703109366.0,,,,,,2799917.0,,,,,,,,,,1011581.0,,,0,0.3976090116962718,5.803,,3.2943054188795133,,0,0,0,1,0,0,1,0,0,0,0,1,0,0,0
KOSDAQ,121850,(주)코이즈,2025,2026,small_and_medium,manufacturing,2012,,,21854993.0,,,,,,-1862555.0,,,,,,,,,,1166438.0,,,0,10.859568063526403,5.803,,,,0,0,0,1,0,0,0,0,1,0,0,1,0,0,0
KOSDAQ,121890,(주)에스디시스템,2025,2026,small_and_medium,manufacturing,2010,1.9072841173600723,0.7476929645830254,20151089.281,0.5943094077446166,0.6826252234420538,,-0.8020585474296779,0.044259543341368675,3624542.284,81.90323630175452,0.06324181731463989,0.05464175542302784,0.10641227698992747,-0.2362961538580262,,-0.06708944155989452,-143.69048450728448,0.15910494392097174,123219.831,0.008309889935224886,3.5221064352886486,0,,5.803,,,,0,0,0,1,0,0,0,0,1,0,0,1,0,0,0
KOSDAQ,122310,(주)제노레이,2025,2026,small_and_medium,manufacturing,2018,,,131228150.0,,,,,,41652706.0,,,,,,,,,,6435800.0,,,1,0.7229073354305577,5.803,,,,0,0,0,1,0,0,0,0,1,0,0,1,0,0,0
KOSDAQ,122350,(주)삼기,2025,2026,mid_sized,manufacturing,2010,,,663256707.0,,,,,,59191725.0,,,,,,,,,,52968608.0,,,0,0.2980148183767339,5.803,,0.1145928466105744,,0,0,0,1,0,0,1,0,0,0,0,1,0,0,0
KOSDAQ,122450,(주)케이엑스이노베이션,2025,2026,mid_sized,it_services,2011,,,935923721.0,,,,,,98529953.0,,,,,,,,,,45397856.0,,,1,0.3440935106959008,5.803,,0.2512451234545561,,0,0,0,1,0,0,1,0,0,0,1,0,0,0,0
KOSDAQ,122640,(주)예스티,2025,2026,small_and_medium,manufacturing,2015,,,226399320.0,,,,,,19525130.0,,,,,,,,,,2401780.0,,,0,2.809363764652739,5.803,,1.752398195214015,,0,0,0,1,0,0,0,0,1,0,0,1,0,0,0
KOSDAQ,122690,(주)서진오토모티브,2025,2026,mid_sized,manufacturing,2010,,,2037923964.0,,,,,,158209183.0,,,,,,,,,,87374821.0,,,1,0.1949770345763371,5.803,,,,0,0,0,1,0,0,1,0,0,0,0,1,0,0,0
KOSDAQ,122870,(주)와이지엔터테인먼트,2025,2026,mid_sized,it_services,2011,,,838779405.0,,,,,,186604235.0,,,,,,,,,,13861568.0,,,1,1.9930374846760788,5.803,,,,0,0,0,1,0,0,1,0,0,0,1,0,0,0,0
KOSDAQ,122990,(주)와이솔,2025,2026,mid_sized,manufacturing,2010,,,346238782.0,,,,,,17581589.0,,,,,,,,,,36816413.0,,,1,0.518850141180463,5.803,,,,0,0,0,1,0,0,1,0,0,0,0,1,0,0,0
KOSDAQ,123010,(주)알엔티엑스,2025,2026,small_and_medium,manufacturing,2016,,,46285094.0,,,,,,5770174.0,,,,,,,,,,3757147.0,,,0,1.3560878273260868,5.803,,,,0,0,0,1,0,0,0,0,1,0,0,1,0,0,0
KOSDAQ,123040,(주)엠에스오토텍,2025,2026,mid_sized,manufacturing,2010,,,1696890050.0,,,,,,154410667.0,,,,,,,,,,82083598.0,,,1,0.2068262684231873,5.803,,0.2969121622823774,,0,0,0,1,0,0,1,0,0,0,0,1,0,0,0
KOSDAQ,123330,(주)제닉,2025,2026,small_and_medium,manufacturing,2011,,,56533470.0,,,,,,22545009.0,,,,,,,,,,1967930.0,,,0,3.207070852602624,5.803,,1.4157704016338204,,0,0,0,1,0,0,0,0,1,0,0,1,0,0,0
KOSDAQ,123410,코리아에프티(주),2025,2026,mid_sized,manufacturing,2010,,,523167416.0,,,,,,123161278.0,,,,,,,,,,20702758.0,,,1,0.8580845754235239,5.803,,0.2601558423304839,,0,0,0,1,0,0,1,0,0,0,0,1,0,0,0
KOSDAQ,123420,(주)위메이드플레이,2025,2026,mid_sized,it_services,2010,,,316778155.0,,,,,,125264827.0,,,,,,,,,,4191202.0,,,1,0.2887130771180518,5.803,,,,0,0,0,1,0,0,1,0,0,0,1,0,0,0,0
KOSDAQ,123570,(주)이엠넷,2025,2026,small_and_medium,it_services,2011,,,137272777.0,,,,,,32260400.0,,,,,,,,,,1016079.0,,,1,0.4361768329627842,5.803,,0.08800971683112702,,0,0,0,1,0,0,0,0,1,0,1,0,0,0,0
KOSDAQ,123750,(주)알톤,2025,2026,small_and_medium,manufacturing,2010,,,29374312.0,,,,,,8211988.0,,,,,,,,,,247000.0,,,0,0.8161715587269797,5.803,,,,0,0,0,1,0,0,0,0,1,0,0,1,0,0,0
KOSDAQ,123840,(주)뉴온,2025,2026,small_and_medium,manufacturing,2010,,,118735536.0,,,,,,33582479.0,,,,,,,,,,623483.0,,,0,0.6555820662570749,5.803,,0.9900049192210143,,0,0,0,1,0,0,0,0,1,0,0,1,0,0,0
KOSDAQ,123860,(주)아나패스,2025,2026,small_and_medium,manufacturing,2010,2.3738781669601714,0.7783479925906892,123451544.564,0.6109315599036542,0.6368445594097367,,-11.394658708133147,0.025095952118774894,46682001.835,33.65848755623351,0.018985804926765486,0.16323840310116772,0.031076811500390655,0.6013034028071008,,0.2670105156186401,48.23829229667197,-0.2119597086971608,3826794.681,0.0012350918373561063,2.25198397678808,0,,5.803,,,,0,0,0,1,0,0,0,0,1,0,0,1,0,0,0
KOSDAQ,124500,(주)아이티센글로벌,2025,2026,mid_sized,it_services,2014,,,1599392089.0,,,,,,447209085.0,,,,,,,,,,13561112.0,,,1,1.3737521354692703,5.803,,1.0574441650995579,,0,0,0,1,0,0,1,0,0,0,1,0,0,0,0
KOSDAQ,124560,(주)태웅로직스,2025,2026,small_and_medium,transport_storage,2019,,,562194195.0,,,,,,100787471.0,,,,,,,,,,16271031.0,,,1,0.429187923770742,5.803,,0.050432587067700534,,0,0,0,1,0,0,0,0,1,0,0,0,0,1,0
KOSDAQ,125020,티씨머티리얼즈(주),2025,2026,other,manufacturing,2025,2.4592932861041468,0.6080082433282732,121022389.643,0.6432234895099228,0.554669591998122,,-3.443359886467905,0.0055983165482855314,11009850.357,16.64087735416611,0.018891238296848807,0.056179623200765784,0.029369633735301232,0.09356855475133183,,0.0135066749548833,9.888344142997534,-0.019546277932356332,0.0,0.0008684591364460733,6.927578775966795,0,,5.803,,,,0,0,0,1,0,0,0,1,0,0,0,1,0,0,0
KOSDAQ,125210,(주)아모그린텍,2025,2026,small_and_medium,manufacturing,2019,,,189711045.0,,,,,,34133389.0,,,,,,,,,,6220588.0,,,0,1.2344143925604203,5.803,,,,0,0,0,1,0,0,0,0,1,0,0,1,0,0,0
KOSDAQ,125490,(주)한라캐스트,2025,2026,other,manufacturing,2025,,,193037331.0,,,,,,20385397.0,,,,,,,,,,9265039.0,,,0,6.691771889189522,5.803,,,,0,0,0,1,0,0,0,1,0,0,0,1,0,0,0
KOSDAQ,126340,비나텍(주),2025,2026,small_and_medium,manufacturing,2020,,,202256289.0,,,,,,25210230.0,,,,,,,,,,10069016.0,,,0,6.1889532372746086,5.803,,,,0,0,0,1,0,0,0,0,1,0,0,1,0,0,0
KOSDAQ,126600,(주)비지에프에코머티리얼즈,2025,2026,mid_sized,manufacturing,2010,,,781725171.0,,,,,,74992677.0,,,,,,,,,,14233044.0,,,1,0.4597594903951377,5.803,,0.3703438300207391,,0,0,0,1,0,0,1,0,0,0,0,1,0,0,0
KOSDAQ,126640,(주)화신정공,2025,2026,mid_sized,manufacturing,2010,1.3274956437962881,0.6066451284715594,197908343.869,0.5988159424164798,0.6699622190494293,,-31.581250237567403,0.02721685079672241,21775764.955,14.014933070419362,0.0653398185857162,0.05953244814578789,0.10911502843768979,0.3680645626651206,,0.07711950237794092,34.76201620936416,-0.09554920456267849,0.0,0.0002946303418040655,4.772652199716487,0,,5.803,,0.003410655022161579,0.0021171810213452824,0,0,0,1,0,0,1,0,0,0,0,1,0,0,0
KOSDAQ,126700,(주)하이비젼시스템,2025,2026,mid_sized,manufacturing,2010,,,317835764.0,,,,,,30139104.0,,,,,,,,,,3124975.0,,,1,0.8642702719146058,5.803,,,,0,0,0,1,0,0,1,0,0,0,0,1,0,0,0
KOSDAQ,126730,코칩(주),2025,2026,small_and_medium,manufacturing,2024,,,67199484.0,,,,,,8808049.0,,,,,,,,,,2285000.0,,,0,2.229532588675608,5.803,,,,0,0,0,1,0,0,0,0,1,0,0,1,0,0,0
KOSDAQ,126880,제이엔케이글로벌(주),2025,2026,mid_sized,manufacturing,2011,,,250891212.0,,,,,,18739508.0,,,,,,,,,,1758386.0,,,1,0.5604995904385387,5.803,,,,0,0,0,1,0,0,1,0,0,0,0,1,0,0,0
KOSDAQ,127120,(주)제이에스링크,2025,2026,small_and_medium,it_services,2011,,,123036511.0,,,,,,3647165.0,,,,,,,,,,2752690.0,,,0,8.314560175949273,5.803,,,,0,0,0,1,0,0,0,0,1,0,1,0,0,0,0
KOSDAQ,127710,(주)아시아경제,2025,2026,small_and_medium,it_services,2015,,,332617164.0,,,,,,34973119.0,,,,,,,,,,4652060.0,,,0,0.3995116507238652,5.803,,-0.5381065895884943,,0,0,0,1,0,0,0,0,1,0,1,0,0,0,0
KOSDAQ,127980,(주)화인써키트,2025,2026,small_and_medium,manufacturing,2023,,,82236506.0,,,,,,9043047.0,,,,,,,,,,2118245.0,,,1,1.632053104822342,5.803,,,,0,0,0,1,0,0,0,0,1,0,0,1,0,0,0
KOSDAQ,128540,에코캡(주),2025,2026,small_and_medium,manufacturing,2018,,,166545854.0,,,,,,18940919.0,,,,,,,,,,5020065.0,,,0,0.4366937865960216,5.803,,0.38513100409460904,,0,0,0,1,0,0,0,0,1,0,0,1,0,0,0
KOSDAQ,128660,(주)피제이메탈,2025,2026,mid_sized,manufacturing,2010,,,164420005.0,,,,,,17333366.0,,,,,,,,,,3064388.0,,,1,0.8979510729331606,5.803,,0.45381808164124965,,0,0,0,1,0,0,1,0,0,0,0,1,0,0,0
KOSDAQ,129890,(주)앱코,2025,2026,small_and_medium,manufacturing,2020,,,103765097.0,,,,,,14396975.0,,,,,,,,,,665265.0,,,1,0.7845637017576368,5.803,,0.0840014953514879,,0,0,0,1,0,0,0,0,1,0,0,1,0,0,0
KOSDAQ,129920,(주)대성하이텍,2025,2026,small_and_medium,manufacturing,2022,,,186030839.0,,,,,,19123819.0,,,,,,,,,,4976933.0,,,0,0.9571842948088772,5.803,,,,0,0,0,1,0,0,0,0,1,0,0,1,0,0,0
KOSDAQ,130500,지에이치신소재(주),2025,2026,mid_sized,manufacturing,2013,,,193694664.0,,,,,,15247000.0,,,,,,,,,,3026714.0,,,0,0.3757569042088278,5.803,,0.0755030491767855,,0,0,0,1,0,0,1,0,0,0,0,1,0,0,0
KOSDAQ,130580,(주)나이스디앤비,2025,2026,mid_sized,it_services,2011,,,138382561.0,,,,,,91363378.0,,,,,,,,,,2319409.0,,,1,0.8540383015163389,5.803,,,,0,0,0,1,0,0,1,0,0,0,1,0,0,0,0
KOSDAQ,130740,(주)티피씨,2025,2026,small_and_medium,manufacturing,2011,,,123558383.0,,,,,,10519354.0,,,,,,,,,,3718975.0,,,0,0.2216879355049802,5.803,,,,0,0,0,1,0,0,0,0,1,0,0,1,0,0,0
KOSDAQ,131030,(주)옵투스제약,2025,2026,mid_sized,manufacturing,2010,2.622906807563239,0.8073895388892004,191056547.07,0.8636479648904397,0.15787918301510454,,-17.27484130428101,0.13030783291616477,48181623.084,127.99212939555447,0.057846484213654015,0.04645278669643447,0.06697923988160186,0.622825711580812,,0.1861512646128312,233.99126715021188,-0.02547617743880124,3997005.868,0.0809528197028145,3.345804353659391,0,,5.803,,0.40234969748159105,0.044862890340315806,0,0,0,1,0,0,1,0,0,0,0,1,0,0,0
KOSDAQ,131090,(주)시큐브,2025,2026,small_and_medium,it_services,2011,16.1705531366616,4.1511493920398435,52952662.31,0.9372371237060092,0.06696584536239322,,-10.279363844545454,0.34966342975752895,12099491.848,138.11569221534754,0.10074269770931939,0.08146753097596991,0.107489017625512,1.9029982269142616,,0.4706441171066245,202.48818695859694,-0.030701856319941455,0.0,0.010456399316780642,4.043391084145086,0,,5.803,,0.08254559024611557,-0.050926664390376186,0,0,0,1,0,0,0,0,1,0,1,0,0,0,0
KOSDAQ,131100,(주)티엔엔터테인먼트,2025,2026,small_and_medium,it_services,2011,0.9736280724634099,0.4573966126228477,89123037.948,0.751443824099388,0.3307714667806455,,-3.153659543896614,0.0026766611553871314,17658025.379,0.8147149625260846,0.01047408072584613,0.03759542149982547,0.013938607770713141,0.15812697161096942,,0.029609944991954965,0.8517286307074318,-0.03575050817790824,0.0,0.5155666651961468,5.340333177043475,0,,5.803,,,,0,1,0,1,0,0,0,0,1,0,1,0,0,0,0
KOSDAQ,131180,(주)딜리,2025,2026,small_and_medium,manufacturing,2011,10.281809537851524,1.2067748593023147,68275686.347,0.9347809064215191,0.06976938995058134,,-20.745420091993186,0.057213883305673736,10344616.428,13.47796183374636,0.028881612100947335,0.011767051449572153,0.03089666455801976,-0.8296900384890076,,-0.11435938874412652,-61.979376694803506,0.08118362562961698,515790.741,0.020637305890106396,7.25511081862634,0,,5.803,,,,0,0,0,1,0,0,0,0,1,0,0,1,0,0,0
KOSDAQ,131220,(주)대한과학,2025,2026,small_and_medium,wholesale_retail,2011,,,72225298.0,,,,,,22463941.0,,,,,,,,,,1732730.0,,,1,0.6314555354167917,5.803,,,,0,0,0,1,0,0,0,0,1,0,0,0,0,0,1
KOSDAQ,131290,(주)티에스이,2025,2026,mid_sized,manufacturing,2011,,,608025581.0,,,,,,120098228.0,,,,,,,,,,29240202.0,,,1,1.3714761530114588,5.803,,0.37214240150983835,,0,0,0,1,0,0,1,0,0,0,0,1,0,0,0
KOSDAQ,131370,알서포트(주),2025,2026,small_and_medium,it_services,2011,,,109811030.0,,,,,,48845261.0,,,,,,,,,,2975603.0,,,1,1.3402368312028403,5.803,,,,0,0,0,1,0,0,0,0,1,0,1,0,0,0,0
KOSDAQ,131400,(주)이브이첨단소재,2025,2026,small_and_medium,manufacturing,2010,,,136382252.0,,,,,,5544198.0,,,,,,,,,,4301237.0,,,0,0.8074977567890708,5.803,,0.014650272387213791,,0,0,0,1,0,0,0,0,1,0,0,1,0,0,0
KOSDAQ,131760,(주)파인텍,2025,2026,small_and_medium,manufacturing,2015,,,80563396.0,,,,,,4412736.0,,,,,,,,,,3298186.0,,,1,1.2199373767589274,5.803,,-0.4643104109456292,,0,0,0,1,0,0,0,0,1,0,0,1,0,0,0
KOSDAQ,131970,(주)두산테스나,2025,2026,large,it_services,2013,1.369878608377664,0.9376515995824369,703775464.0,0.621045626563645,0.6101876532537173,,-44.229087984532505,0.0049693051798114585,29543683.0,-0.07901079339240112,0.002075399150317636,-0.0013368269400196083,0.003341782087414713,0.5520022569281248,,0.4844715214794634,12.363431039583833,-0.20703803763184334,0.0,0.011596666007100243,1.1393905161699458,0,,5.803,,,,0,1,0,1,0,1,0,0,0,0,1,0,0,0,0
KOSDAQ,133750,메가엠디(주),2025,2026,mid_sized,it_services,2015,2.7718128054825213,0.8195561350130393,83254214.247,0.797428281324417,0.25403126954456606,,-4.672580560144267,0.08065258691599195,20564617.818,1.7926971693484754,0.045471213970846094,0.021786442829413402,0.05702232418359273,0.3026131192689819,,0.14753844200464022,5.044140452799814,-0.02779045488479127,0.0,0.007304700795034098,2.0510798077931747,0,,5.803,,,,0,0,0,1,0,0,1,0,0,0,1,0,0,0,0
KOSDAQ,134060,(주)이퓨쳐,2025,2026,small_and_medium,it_services,2011,14.998311282760202,10.113389896048089,27983690.378,0.834542044152973,0.1982619773398719,,-8.793391485453688,0.11052752814995082,7704264.693,13.417034836117951,0.05202574618766388,0.031550079781260794,0.06234047349941242,0.5487939056059107,,0.2280443350733673,38.614731550848234,-0.04679264865757086,0.0,0.014695121852952343,2.4065228606943934,0,,5.803,,,,0,0,0,1,0,0,0,0,1,0,1,0,0,0,0
KOSDAQ,134580,(주)탑코미디어,2025,2026,small_and_medium,it_services,2013,,,60367478.0,,,,,,48604543.0,,,,,,,,,,1198054.0,,,0,2.9568602818495933,5.803,,1.469117169385988,,0,0,0,1,0,0,0,0,1,0,1,0,0,0,0
KOSDAQ,136150,(주)원일티엔아이,2025,2026,other,manufacturing,2025,2.2305701282523085,0.28736102259090235,64801279.723,0.7443459308702517,0.34346136457124243,,-10.510415516231298,-0.06962478921417926,5738905.283,-2.032572110439298,-0.0423341697837846,-0.027006421855876594,-0.056874321505713914,-0.24474750520432909,,-0.1369047921742954,-4.709229957090301,0.030749519569947033,0.0,0.07783606002166299,1.78772051231587,0,,5.803,,,,0,1,0,1,0,0,0,1,0,0,0,1,0,0,0
KOSDAQ,136410,(주)아셈스,2025,2026,small_and_medium,manufacturing,2022,,,114921434.0,,,,,,22644813.0,,,,,,,,,,2277702.0,,,1,1.4888764433013464,5.803,,,,0,0,0,1,0,0,0,0,1,0,0,1,0,0,0
KOSDAQ,136480,(주)하림,2025,2026,large,manufacturing,2011,,,855385855.0,,,,,,222341774.0,,,,,,,,,,66798858.0,,,0,0.9839613991725784,5.803,,,,0,0,0,1,0,1,0,0,0,0,0,1,0,0,0
KOSDAQ,136540,(주)윈스테크넷,2025,2026,mid_sized,it_services,2011,,,209972294.0,,,,,,45536523.0,,,,,,,,,,2727434.0,,,1,0.7526055728426247,5.803,,-0.04914981350257995,,0,0,0,1,0,0,1,0,0,0,1,0,0,0,0
KOSDAQ,137080,(주)나래나노텍,2025,2026,small_and_medium,manufacturing,2022,,,198749735.0,,,,,,4923325.0,,,,,,,,,,4997141.0,,,0,0.3745167652765026,5.803,,0.14848994520415704,,0,0,0,1,0,0,0,0,1,0,0,1,0,0,0
KOSDAQ,137400,(주)피엔티,2025,2026,mid_sized,manufacturing,2012,,,1718145213.0,,,,,,136223314.0,,,,,,,,,,11959763.0,,,1,1.3824062657722345,5.803,,,,0,0,0,1,0,0,1,0,0,0,0,1,0,0,0
KOSDAQ,137940,(주)넥스트아이,2025,2026,small_and_medium,manufacturing,2011,,,95362744.0,,,,,,92423302.0,,,,,,,,,,1332917.0,,,0,0.6657622542941746,5.803,,,,0,0,0,1,0,0,0,0,1,0,0,1,0,0,0
KOSDAQ,137950,제이씨케미칼(주),2025,2026,mid_sized,manufacturing,2011,,,382337127.0,,,,,,27364675.0,,,,,,,,,,13658275.0,,,1,0.4934163594687193,5.803,,,,0,0,0,1,0,0,1,0,0,0,0,1,0,0,0
KOSDAQ,138070,(주)신진에스엠,2025,2026,small_and_medium,manufacturing,2011,,,103007108.0,,,,,,10239924.0,,,,,,,,,,2945522.0,,,1,0.4733635132437483,5.803,,,,0,0,0,1,0,0,0,0,1,0,0,1,0,0,0
KOSDAQ,138080,(주)오이솔루션,2025,2026,small_and_medium,manufacturing,2014,,,119613176.0,,,,,,6001156.0,,,,,,,,,,5368514.0,,,0,2.3783606461684093,5.803,,-0.21290961362047536,,0,0,0,1,0,0,0,0,1,0,0,1,0,0,0
KOSDAQ,138360,(주)앤로보틱스,2025,2026,small_and_medium,manufacturing,2013,2.021585412049421,0.23718622211414886,108848558.994,0.7847202906536256,0.27433941993147526,,-1.2188274435789344,0.29359539183209316,5093549.436,0.42627233390118535,0.07928145326642026,0.005341267761128998,0.10103148116685437,0.10692942532597531,,0.10721066683978892,1.8371437008713467,0.040019591488024364,0.0,0.0017131613107554229,0.9973767394411054,0,,5.803,,,,0,1,0,1,0,0,0,0,1,0,0,1,0,0,0
KOSDAQ,138610,(주)나이벡,2025,2026,small_and_medium,manufacturing,2011,3.162350533415075,1.865984259531726,63002101.804,0.7273248636141644,0.3749014367952172,0.1505735605379074,-7.063900758558975,0.1418752015288255,20783712.617,9.500335042736904,0.07322478504529988,0.07977242015886064,0.10067686216780374,0.33874207849949006,0.6134313495975032,0.1778576075262171,11.000206566494363,-0.018686692559283045,1540451.702,0.1704413808353015,1.9045689594669588,0,,5.803,0.030857777737968956,,,0,0,0,1,0,0,0,0,1,0,0,1,0,0,0
KOSDAQ,139050,(주)비에프랩스,2025,2026,small_and_medium,it_services,2011,,,46755795.0,,,,,,7741980.0,,,,,,,,,,710624.0,,,0,1.367606349621209,5.803,,-0.23044311962833577,,0,0,0,1,0,0,0,0,1,0,1,0,0,0,0
KOSDAQ,139670,키네마스터(주),2025,2026,small_and_medium,it_services,2011,,,27590181.0,,,,,,12259445.0,,,,,,,,,,377570.0,,,0,1.452301525995029,5.803,,,,0,0,0,1,0,0,0,0,1,0,1,0,0,0,0
KOSDAQ,140070,(주)서플러스글로벌,2025,2026,mid_sized,wholesale_retail,2017,,,425941274.0,,,,,,22922357.0,,,,,,,,,,6315549.0,,,0,0.4438730077340796,5.803,,0.23748270622800138,,0,0,0,1,0,0,1,0,0,0,0,0,0,0,1
KOSDAQ,140410,(주)메지온,2025,2026,small_and_medium,it_services,2012,,,98024514.0,,,,,,1452294.0,,,,,,,,,,988116.0,,,0,159.10789473408727,5.803,,,,0,0,0,1,0,0,0,0,1,0,1,0,0,0,0
KOSDAQ,140430,(주)카티스,2025,2026,small_and_medium,it_services,2024,1.1820256206657724,0.1976386347112148,63503735.462,0.6147680535794809,0.6266297413756454,,-6.304371459460462,-0.012620886600420418,6430920.689,-1.952313924779788,-0.014584901931544268,-0.008452649518880676,-0.023724235256897003,0.002137154690724639,,0.001873839275397164,0.19015819369290604,-0.006368481949254817,0.0,0.005737843456752841,1.1405218786822924,0,,5.803,,,,0,1,0,1,0,0,0,0,1,0,1,0,0,0,0
KOSDAQ,140520,(주)대창스틸,2025,2026,mid_sized,manufacturing,2014,,,253883693.0,,,,,,15959200.0,,,,,,,,,,2925220.0,,,1,0.304706253382868,5.803,,,,0,0,0,1,0,0,1,0,0,0,0,1,0,0,0
KOSDAQ,140670,알에스오토메이션(주),2025,2026,small_and_medium,manufacturing,2017,,,91661824.0,,,,,,9236514.0,,,,,,,,,,1068072.0,,,0,3.5993959268267677,5.803,,0.22398378818595524,,0,0,0,1,0,0,0,0,1,0,0,1,0,0,0
KOSDAQ,140860,(주)파크시스템스,2025,2026,small_and_medium,manufacturing,2015,,,349922446.0,,,,,,136492119.0,,,,,,,,,,7161214.0,,,1,6.495487940282849,5.803,,,,0,0,0,1,0,0,0,0,1,0,0,1,0,0,0
KOSDAQ,141000,(주)비아트론,2025,2026,small_and_medium,manufacturing,2012,,,203945194.0,,,,,,24126572.0,,,,,,,,,,1487419.0,,,1,0.4903761770111211,5.803,,0.4655032876048167,,0,0,0,1,0,0,0,0,1,0,0,1,0,0,0
KOSDAQ,141080,(주)리가켐 바이오사이언스,2025,2026,small_and_medium,it_services,2013,,,701814921.0,,,,,,125995663.0,,,,,,,,,,4517975.0,,,0,11.751944218926203,5.803,,1.7791298871086636,,0,0,0,1,0,0,0,0,1,0,1,0,0,0,0
KOSDAQ,142210,(주)유니트론텍,2025,2026,mid_sized,wholesale_retail,2016,,,339823770.0,,,,,,66234794.0,,,,,,,,,,1902045.0,,,1,0.8848828813907356,5.803,,0.36745147955143903,,0,0,0,1,0,0,1,0,0,0,0,0,0,0,1
KOSDAQ,142280,(주)녹십자엠에스,2025,2026,mid_sized,manufacturing,2014,,,90509917.0,,,,,,15153963.0,,,,,,,,,,3863347.0,,,0,1.8780485010687933,5.803,,0.4701660701180684,,0,0,0,1,0,0,1,0,0,0,0,1,0,0,0
KOSDAQ,142760,(주)모아라이프플러스,2025,2026,small_and_medium,it_services,2016,,,42606785.0,,,,,,1852991.0,,,,,,,,,,1308954.0,,,0,2.31701543874862,5.803,,,,0,0,0,1,0,0,0,0,1,0,1,0,0,0,0
KOSDAQ,143160,(주)아이디스,2025,2026,mid_sized,manufacturing,2011,,,464962173.0,,,,,,127535167.0,,,,,,,,,,9934278.0,,,1,0.5536607332895713,5.803,,,,0,0,0,1,0,0,1,0,0,0,0,1,0,0,0
KOSDAQ,143240,(주)사람인,2025,2026,mid_sized,it_services,2012,,,326698028.0,,,,,,121236115.0,,,,,,,,,,4485291.0,,,1,0.592019882019342,5.803,,,,0,0,0,1,0,0,1,0,0,0,1,0,0,0,0
KOSDAQ,143540,(주)영우디에스피,2025,2026,small_and_medium,manufacturing,2014,,,68544203.0,,,,,,11568575.0,,,,,,,,,,562814.0,,,0,1.4038584940249288,5.803,,,,0,0,0,1,0,0,0,0,1,0,0,1,0,0,0
KOSDAQ,144510,(주)지씨셀,2025,2026,mid_sized,it_services,2016,,,303690383.0,,,,,,28973823.0,,,,,,,,,,12872975.0,,,0,2.062378537712008,5.803,,,,0,0,0,1,0,0,1,0,0,0,1,0,0,0,0
KOSDAQ,144960,(주)뉴파워프라즈마,2025,2026,mid_sized,manufacturing,2016,,,991116951.0,,,,,,143750695.0,,,,,,,,,,40697508.0,,,1,0.5247506114915943,5.803,,,,0,0,0,1,0,0,1,0,0,0,0,1,0,0,0
KOSDAQ,145020,휴젤(주),2025,2026,large,manufacturing,2015,,,1076837920.0,,,,,,333484127.0,,,,,,,,,,13876863.0,,,0,2.893480740741579,5.803,,,,0,0,0,1,0,1,0,0,0,0,0,1,0,0,0
KOSDAQ,145170,(주)노브랜드,2025,2026,mid_sized,manufacturing,2024,,,407190917.0,,,,,,87752397.0,,,,,,,,,,8468418.0,,,0,0.4379378398868099,5.803,,0.033734079832245384,,0,0,0,1,0,0,1,0,0,0,0,1,0,0,0
KOSDAQ,146060,(주)율촌,2025,2026,small_and_medium,manufacturing,2023,,,113530517.0,,,,,,12298786.0,,,,,,,,,,2212962.0,,,0,0.6743550292215278,5.803,,0.24475126972164712,,0,0,0,1,0,0,0,0,1,0,0,1,0,0,0
KOSDAQ,146320,비씨엔씨(주),2025,2026,small_and_medium,manufacturing,2022,,,177508739.0,,,,,,16411499.0,,,,,,,,,,10620149.0,,,0,2.2041485436616326,5.803,,0.3205782050391408,,0,0,0,1,0,0,0,0,1,0,0,1,0,0,0
KOSDAQ,147760,(주)피엠티,2025,2026,small_and_medium,manufacturing,2016,0.44333625982158426,0.0475024440379458,53456916.573,0.16583714129665314,5.0300122890515695,,-0.6386787464835516,-0.8888597934113811,-12469937.152,-17.24851601623757,-0.39791517634490187,-0.38153275619906185,-2.3994334033598808,-0.21389957057978334,,-0.3771852520067296,-8.066416972126651,-0.2420470907881595,5656755.009,0.006543435899867685,0.5670942048814969,0,,5.803,,,,0,1,0,1,0,0,0,0,1,0,0,1,0,0,0
KOSDAQ,147830,제룡산업(주),2025,2026,small_and_medium,manufacturing,2012,9.591643406501786,1.0035350594026808,96049264.525,0.8978184296096774,0.11381095221529987,,-7.6234799841,0.3029332241536679,17712447.869,288.0675074753973,0.14632979347115932,0.11007450559132742,0.16298372660358013,1.3258819739006358,,0.3431300003060923,354.55610722198145,-0.015871207578098834,0.0,0.0012566137345964231,3.8640805896245456,0,,5.803,,0.17890148578939358,0.1246908063858245,0,0,0,1,0,0,0,0,1,0,0,1,0,0,0
KOSDAQ,148150,(주)세경하이테크,2025,2026,small_and_medium,manufacturing,2019,,,346450279.0,,,,,,76491248.0,,,,,,,,,,21932551.0,,,1,1.0834281778965524,5.803,,,,0,0,0,1,0,0,0,0,1,0,0,1,0,0,0
KOSDAQ,148250,(주)알엔투테크놀로지,2025,2026,small_and_medium,manufacturing,2016,,,63377016.0,,,,,,7190809.0,,,,,,,,,,3096327.0,,,1,0.7598952821655788,5.803,,,,0,0,0,1,0,0,0,0,1,0,0,1,0,0,0
KOSDAQ,148780,(주)비큐AI,2025,2026,small_and_medium,it_services,2022,,,15145892.0,,,,,,17014562.0,,,,,,,,,,645505.0,,,0,3.804203772836381,5.803,,,,0,0,0,1,0,0,0,0,1,0,1,0,0,0,0
KOSDAQ,148930,(주)에이치와이티씨,2025,2026,small_and_medium,manufacturing,2022,,,75519376.0,,,,,,3246179.0,,,,,,,,,,2317339.0,,,0,0.4872176083376359,5.803,,,,0,0,0,1,0,0,0,0,1,0,0,1,0,0,0
KOSDAQ,149950,(주)아바텍,2025,2026,small_and_medium,manufacturing,2012,6.6979577727494926,4.704332918668286,163284575.024,0.9309688824658223,0.07414975820817724,,-17.64330624976238,0.08547674712623994,12286746.905,42.992988200940395,0.049496350281783126,0.037652630618025845,0.05316649268736459,0.8757562432133841,,0.12195131018960825,69.02882071556863,-0.01808138834036251,0.0,0.008867359447683184,7.18119585473719,0,,5.803,,0.08709007660104032,0.022116268077365164,0,0,0,1,0,0,0,0,1,0,0,1,0,0,0
KOSDAQ,149980,(주)하이로닉,2025,2026,small_and_medium,manufacturing,2014,,,71242246.0,,,,,,18907778.0,,,,,,,,,,1516393.0,,,0,1.4897455278305738,5.803,,,,0,0,0,1,0,0,0,0,1,0,0,1,0,0,0
KOSDAQ,150900,(주)파수,2025,2026,small_and_medium,it_services,2013,,,48813630.0,,,,,,32512312.0,,,,,,,,,,2181642.0,,,1,1.3572253875518352,5.803,,,,0,0,0,1,0,0,0,0,1,0,1,0,0,0,0
KOSDAQ,151860,케이지에코솔루션(주),2025,2026,mid_sized,manufacturing,2013,,,6224016846.0,,,,,,737142703.0,,,,,,,,,,160331965.0,,,1,0.0854459221777643,5.803,,,,0,0,0,1,0,0,1,0,0,0,0,1,0,0,0
KOSDAQ,153460,(주)네이블,2025,2026,mid_sized,it_services,2012,6.890840299910949,0.7386335447826325,40942961.66,0.8819705556200353,0.13382469928033905,,-10.059849686080305,0.1312753649565646,9113425.096,8.404401900170763,0.07767924275754506,0.06380769780883506,0.08807464405989798,-0.14615955998974586,,-0.036807990689781,-2.2722249611261094,0.0787771362458883,0.0,0.007607396714153581,3.9708649467335397,0,,5.803,,,,0,0,0,1,0,0,1,0,0,0,1,0,0,0,0
KOSDAQ,153490,우리이앤엘(주),2025,2026,mid_sized,manufacturing,2013,,,122006821.0,,,,,,44289792.0,,,,,,,,,,3386249.0,,,0,0.3857508870001651,5.803,,,,0,0,0,1,0,0,1,0,0,0,0,1,0,0,0
KOSDAQ,153710,(주)옵티팜,2025,2026,small_and_medium,manufacturing,2018,1.2071296338302748,0.1802950222605641,40769326.788,0.62302751838611,0.6050655396255996,,-2.4629155032345698,-0.1118492269360724,5589493.955,-4.765087319482875,-0.06130144176762853,-0.059212099565758465,-0.09839283171058597,-0.10116272323205934,,-0.06958128712145696,-3.0689553007710817,-0.02316587894402001,0.0,0.006632928412239447,1.4538782971271529,0,,5.803,,,,0,1,0,1,0,0,0,0,1,0,0,1,0,0,0
KOSDAQ,154040,(주)다산솔루에타,2025,2026,small_and_medium,manufacturing,2013,0.8087381481213036,0.17865343752014823,82300080.932,0.6389089960852629,0.5651681321240144,,-4.858717183988007,0.38745572366990383,8473434.211,0.2912273163530165,0.142462750938088,0.020806959259431025,0.22297815778301583,0.05081278662559891,,0.048091523948758576,0.2568107344296413,0.12947537206924897,0.0,0.0033534742235312776,1.056585078895396,0,,5.803,,,,0,1,0,1,0,0,0,0,1,0,0,1,0,0,0
KOSDAQ,155650,와이엠씨(주),2025,2026,mid_sized,manufacturing,2012,,,179445590.0,,,,,,21723031.0,,,,,,,,,,7995382.0,,,1,0.5996970815830155,5.803,,0.061579865831701504,,0,0,0,1,0,0,1,0,0,0,0,1,0,0,0
KOSDAQ,156100,(주)엘앤케이바이오메드,2025,2026,small_and_medium,manufacturing,2016,,,83482865.0,,,,,,32155262.0,,,,,,,,,,2721962.0,,,0,7.30828534317555,5.803,,,,0,0,0,1,0,0,0,0,1,0,0,1,0,0,0
KOSDAQ,158430,(주)아톤,2025,2026,small_and_medium,it_services,2019,,,145538964.0,,,,,,43455839.0,,,,,,,,,,2962514.0,,,1,1.446243084138868,5.803,,,,0,0,0,1,0,0,0,0,1,0,1,0,0,0,0
KOSDAQ,159010,(주)아스플로,2025,2026,small_and_medium,manufacturing,2021,,,118463666.0,,,,,,4432712.0,,,,,,,,,,2602077.0,,,0,1.3698278962144392,5.803,,,,0,0,0,1,0,0,0,0,1,0,0,1,0,0,0
KOSDAQ,159580,(주)제로투세븐,2025,2026,mid_sized,wholesale_retail,2013,,,91750177.0,,,,,,27699628.0,,,,,,,,,,2615967.0,,,1,0.9552793966644428,5.803,,,,0,0,0,1,0,0,1,0,0,0,0,0,0,0,1
KOSDAQ,159910,(주)에코글로우,2025,2026,small_and_medium,manufacturing,2012,,,36772738.0,,,,,,1158834.0,,,,,,,,,,519480.0,,,0,1.8700236162659785,5.803,,,,0,0,0,1,0,0,0,0,1,0,0,1,0,0,0
KOSDAQ,160190,하이젠알앤엠(주),2025,2026,small_and_medium,manufacturing,2024,,,166522218.0,,,,,,3072816.0,,,,,,,,,,2073858.0,,,0,17.187408540541995,5.803,,,,0,0,0,1,0,0,0,0,1,0,0,1,0,0,0
KOSDAQ,160550,(주)넥스트엔터테인먼트월드,2025,2026,mid_sized,it_services,2014,,,239554622.0,,,,,,28001186.0,,,,,,,,,,1571239.0,,,0,0.5080908732031459,5.803,,,,0,0,0,1,0,0,1,0,0,0,1,0,0,0,0
KOSDAQ,160980,(주)싸이맥스,2025,2026,mid_sized,manufacturing,2015,,,224003645.0,,,,,,41337815.0,,,,,,,,,,2449186.0,,,1,0.8211914808844804,5.803,,,,0,0,0,1,0,0,1,0,0,0,0,1,0,0,0
KOSDAQ,161580,(주)필옵틱스,2025,2026,mid_sized,manufacturing,2017,,,383483112.0,,,,,,7977474.0,,,,,,,,,,6431376.0,,,1,5.354455001004537,5.803,,-0.14953771957446982,,0,0,0,1,0,0,1,0,0,0,0,1,0,0,0
KOSDAQ,162300,(주)신스틸,2025,2026,mid_sized,manufacturing,2022,,,200339798.0,,,,,,23675747.0,,,,,,,,,,2880528.0,,,1,0.8593153088240145,5.803,,,,0,0,0,1,0,0,1,0,0,0,0,1,0,0,0
KOSDAQ,163280,(주)에어레인,2025,2026,small_and_medium,manufacturing,2024,3.035885485281934,1.3099969985445137,111357455.381,0.6185059425644133,0.6167993404458789,,-83.25324237971157,0.0997411260828242,10076508.858,1.7925448413744716,0.027423120351949416,0.027736981061862544,0.044337682897999775,0.04184073995869107,,0.06331062052117706,1.031568263208933,0.009184928117300655,0.0,0.007457189248432544,0.6608802696017735,0,,5.803,,,,0,0,0,1,0,0,0,0,1,0,0,1,0,0,0
KOSDAQ,163730,(주)핑거,2025,2026,small_and_medium,it_services,2021,,,67557730.0,,,,,,10696467.0,,,,,,,,,,1685761.0,,,1,1.9753440415199304,5.803,,0.07784423590425212,,0,0,0,1,0,0,0,0,1,0,1,0,0,0,0
KOSDAQ,166090,하나머티리얼즈(주),2025,2026,mid_sized,manufacturing,2017,,,685606173.0,,,,,,85091828.0,,,,,,,,,,33423814.0,,,1,1.83837392948813,5.803,,0.019392476666675373,,0,0,0,1,0,0,1,0,0,0,0,1,0,0,0
KOSDAQ,166480,코아스템켐온(주),2025,2026,small_and_medium,manufacturing,2015,,,112371324.0,,,,,,-4070152.0,,,,,,,,,,4039132.0,,,0,1.7708606591770832,5.803,,,,0,0,0,1,0,0,0,0,1,0,0,1,0,0,0
KOSDAQ,168330,(주)내츄럴엔도텍,2025,2026,small_and_medium,it_services,2013,,,35828584.0,,,,,,9597556.0,,,,,,,,,,819124.0,,,0,4.234635795353748,5.803,,,,0,0,0,1,0,0,0,0,1,0,1,0,0,0,0
KOSDAQ,168360,(주)펨트론,2025,2026,small_and_medium,manufacturing,2022,,,106660549.0,,,,,,37403342.0,,,,,,,,,,1368678.0,,,0,12.534507744630522,5.803,,,,0,0,0,1,0,0,0,0,1,0,0,1,0,0,0
KOSDAQ,170030,(주)현대공업,2025,2026,mid_sized,manufacturing,2013,,,259352541.0,,,,,,31715465.0,,,,,,,,,,3908344.0,,,1,0.5815608935178833,5.803,,0.13019826625319,,0,0,0,1,0,0,1,0,0,0,0,1,0,0,0
KOSDAQ,170790,(주)파이오링크,2025,2026,small_and_medium,manufacturing,2013,,,99832815.0,,,,,,28349543.0,,,,,,,,,,1587151.0,,,1,0.6641259714942014,5.803,,,,0,0,0,1,0,0,0,0,1,0,0,1,0,0,0
KOSDAQ,170920,엘티씨(주),2025,2026,small_and_medium,manufacturing,2013,,,383387869.0,,,,,,72682435.0,,,,,,,,,,6986135.0,,,1,0.906080205852612,5.803,,,,0,0,0,1,0,0,0,0,1,0,0,1,0,0,0
KOSDAQ,171010,램테크놀러지(주),2025,2026,small_and_medium,manufacturing,2013,,,102310588.0,,,,,,6719402.0,,,,,,,,,,3211723.0,,,0,1.4038554943346957,5.803,,0.107273024404023,,0,0,0,1,0,0,0,0,1,0,0,1,0,0,0
KOSDAQ,171090,(주)선익시스템,2025,2026,mid_sized,manufacturing,2017,,,365622084.0,,,,,,135471560.0,,,,,,,,,,5218777.0,,,0,3.490673288005064,5.803,,2.1517301681966274,,0,0,0,1,0,0,1,0,0,0,0,1,0,0,0
KOSDAQ,171120,(주)라이온켐텍,2025,2026,mid_sized,manufacturing,2013,,,167114093.0,,,,,,25356408.0,,,,,,,,,,1987227.0,,,1,0.5684828751345825,5.803,,,,0,0,0,1,0,0,1,0,0,0,0,1,0,0,0
KOSDAQ,172670,(주)에이엘티,2025,2026,small_and_medium,manufacturing,2023,,,205375473.0,,,,,,-2484228.0,,,,,,,,,,23092780.0,,,0,1.239512089635216,5.803,,0.03707710649392177,,0,0,0,1,0,0,0,0,1,0,0,1,0,0,0
KOSDAQ,173130,(주)오파스넷,2025,2026,small_and_medium,it_services,2018,,,149069140.0,,,,,,40083836.0,,,,,,,,,,1382074.0,,,1,1.3348574562140163,5.803,,,,0,0,0,1,0,0,0,0,1,0,1,0,0,0,0
KOSDAQ,173940,(주)에프엔씨엔터테인먼트,2025,2026,mid_sized,it_services,2014,,,110174345.0,,,,,,13064575.0,,,,,,,,,,3254424.0,,,0,3.252867011075827,5.803,,-0.1651084457639173,,0,0,0,1,0,0,1,0,0,0,1,0,0,0,0
KOSDAQ,174900,앱클론(주),2025,2026,small_and_medium,manufacturing,2017,4.922162387493176,4.171126397163391,70746511.792,0.8542997211607315,0.17054936953661476,,-4.908359864927978,-3.7986084057119887,1140140.156,-40.20168478282984,-0.2531479237966498,-0.24928061510439367,-0.29632214259967143,-1.3415861842606007,,-2.9335038285496946,-31.52352003748323,-0.05764490271958763,0.0,0.006922230235743974,0.4573323447557497,0,,5.803,,,,0,1,0,1,0,0,0,0,1,0,0,1,0,0,0
KOSDAQ,175140,(주)휴먼테크놀로지,2025,2026,small_and_medium,manufacturing,2015,,,61931148.0,,,,,,9313544.0,,,,,,,,,,1801953.0,,,0,2.488300874988564,5.803,,0.2244888807675214,,0,0,0,1,0,0,0,0,1,0,0,1,0,0,0
KOSDAQ,175250,아이큐어(주),2025,2026,small_and_medium,manufacturing,2018,,,90499634.0,,,,,,4397883.0,,,,,,,,,,5816416.0,,,0,3.3324310149707745,5.803,,,,0,0,0,1,0,0,0,0,1,0,0,1,0,0,0
KOSDAQ,176750,(주)듀켐바이오,2025,2026,small_and_medium,manufacturing,2024,,,77676184.0,,,,,,14230293.0,,,,,,,,,,5887855.0,,,0,5.501499318358725,5.803,,,,0,0,0,1,0,0,0,0,1,0,0,1,0,0,0
KOSDAQ,177350,(주)베셀,2025,2026,small_and_medium,manufacturing,2015,,,58362007.0,,,,,,3504472.0,,,,,,,,,,551786.0,,,0,0.5804934015637223,5.803,,,,0,0,0,1,0,0,0,0,1,0,0,1,0,0,0
KOSDAQ,177830,(주)파버나인,2025,2026,small_and_medium,manufacturing,2014,,,150651303.0,,,,,,16256982.0,,,,,,,,,,8449591.0,,,1,0.5300004908927556,5.803,,,,0,0,0,1,0,0,0,0,1,0,0,1,0,0,0
KOSDAQ,177900,쓰리에이로직스(주),2025,2026,small_and_medium,manufacturing,2024,2.7776029800231057,0.46350240729038933,68418917.492,0.6898263918823125,0.4496401004190696,0.27237830347402125,-8.848337991403055,-0.24886392912997138,4282483.848,-2.194011344304553,-0.05341482072450676,-0.039263349998399304,-0.07743226607894058,-0.08805297514206922,-0.10027123547275334,-0.12891960938202132,-1.5261611500914647,-0.02541028764746654,0.0,0.2456447232589606,0.6830068409619986,0,,5.803,0.5118097415399978,,,0,1,0,1,0,0,0,0,1,0,0,1,0,0,0
KOSDAQ,178320,(주)서진시스템,2025,2026,mid_sized,manufacturing,2017,,,2306446623.0,,,,,,110455158.0,,,,,,,,,,104806824.0,,,0,1.916034850074051,5.803,,0.09662941838194171,,0,0,0,1,0,0,1,0,0,0,0,1,0,0,0
KOSDAQ,178780,(주)일월지엠엘,2025,2026,small_and_medium,wholesale_retail,2015,,,48287464.0,,,,,,17301132.0,,,,,,,,,,545625.0,,,0,1.2449799440126048,5.803,,,,0,0,0,1,0,0,0,0,1,0,0,0,0,0,1
KOSDAQ,179290,(주)엠아이텍,2025,2026,small_and_medium,manufacturing,2018,,,141838109.0,,,,,,38124702.0,,,,,,,,,,2127031.0,,,1,1.739945281793009,5.803,,,,0,0,0,1,0,0,0,0,1,0,0,1,0,0,0
KOSDAQ,179530,(주)오리온아토믹스,2025,2026,small_and_medium,manufacturing,2022,,,48407432.0,,,,,,5147866.0,,,,,,,,,,889066.0,,,0,2.452885506546775,5.803,,,,0,0,0,1,0,0,0,0,1,0,0,1,0,0,0
KOSDAQ,179900,(주)유티아이,2025,2026,small_and_medium,manufacturing,2017,,,214289992.0,,,,,,-15958943.0,,,,,,,,,,12227379.0,,,0,6.039719186588692,5.803,,1.1253321581671278,,0,0,0,1,0,0,0,0,1,0,0,1,0,0,0
KOSDAQ,180400,디엑스앤브이엑스(주),2025,2026,small_and_medium,it_services,2015,,,154874154.0,,,,,,3319755.0,,,,,,,,,,810835.0,,,0,3.227372423581461,5.803,,,,0,0,0,1,0,0,0,0,1,0,1,0,0,0,0
KOSDAQ,182360,(주)큐브엔터테인먼트,2025,2026,small_and_medium,it_services,2013,,,258263678.0,,,,,,8756229.0,,,,,,,,,,2888085.0,,,0,1.3287547993799875,5.803,,,,0,0,0,1,0,0,0,0,1,0,1,0,0,0,0
KOSDAQ,182400,(주)엔케이젠바이오텍코리아,2025,2026,small_and_medium,manufacturing,2015,,,14294115.0,,,,,,6657710.0,,,,,,,,,,198777.0,,,0,37.36787254606536,5.803,,-0.9215294454489242,,0,0,0,1,0,0,0,0,1,0,0,1,0,0,0
KOSDAQ,183300,(주)코미코,2025,2026,mid_sized,manufacturing,2017,,,1030236890.0,,,,,,260618038.0,,,,,,,,,,50662047.0,,,1,2.500566068615881,5.803,,2.5272852967100787,,0,0,0,1,0,0,1,0,0,0,0,1,0,0,0
KOSDAQ,183490,(주)엔지켐생명과학,2025,2026,small_and_medium,manufacturing,2018,,,148592462.0,,,,,,3383068.0,,,,,,,,,,2730025.0,,,0,0.9379041606770776,5.803,,-0.29758630137202585,,0,0,0,1,0,0,0,0,1,0,0,1,0,0,0
KOSDAQ,184230,에스지에이솔루션즈(주),2025,2026,small_and_medium,it_services,2013,,,151995349.0,,,,,,41092398.0,,,,,,,,,,891990.0,,,1,1.0524063917094648,5.803,,0.6548804434779792,,0,0,0,1,0,0,0,0,1,0,1,0,0,0,0
KOSDAQ,185490,아이진(주),2025,2026,small_and_medium,it_services,2015,,,68051360.0,,,,,,1115581.0,,,,,,,,,,2077356.0,,,0,1.3856828583431204,5.803,,,,0,0,0,1,0,0,0,0,1,0,1,0,0,0,0
KOSDAQ,186230,(주)그린플러스,2025,2026,small_and_medium,manufacturing,2019,,,96819469.0,,,,,,8466715.0,,,,,,,,,,3965254.0,,,0,1.7661624082375638,5.803,,-0.004388048518918839,,0,0,0,1,0,0,0,0,1,0,0,1,0,0,0
KOSDAQ,187220,(주)디티앤씨,2025,2026,mid_sized,it_services,2014,,,262821311.0,,,,,,34933924.0,,,,,,,,,,16861595.0,,,1,0.2385599133889815,5.803,,,,0,0,0,1,0,0,1,0,0,0,1,0,0,0,0
KOSDAQ,187270,(주)신화콘텍,2025,2026,small_and_medium,manufacturing,2014,,,95056987.0,,,,,,14312356.0,,,,,,,,,,2856271.0,,,1,0.4536187072725617,5.803,,0.1052281985461568,,0,0,0,1,0,0,0,0,1,0,0,1,0,0,0
KOSDAQ,187420,에이치엘비제넥스(주),2025,2026,small_and_medium,manufacturing,2015,,,135828590.0,,,,,,15192024.0,,,,,,,,,,4319256.0,,,0,1.4114878152681238,5.803,,,,0,0,0,1,0,0,0,0,1,0,0,1,0,0,0
KOSDAQ,187660,현대에이디엠바이오(주),2025,2026,small_and_medium,it_services,2021,0.89076148218967,0.4555878257984845,32792161.625,0.6564660838823246,0.5233079431705351,,-2.881088186000233,-1.5992354693178543,33579.181,-1.0049124795090971,-0.44868583307368354,-0.2249390317220358,-0.683486693509231,-0.3972179959883767,,-0.4825560032619724,-0.6096238570724468,-0.3157761631702131,0.0,0.0056201803073419685,0.8231541899868005,0,,5.803,,,,0,1,0,1,0,0,0,0,1,0,1,0,0,0,0
KOSDAQ,187790,(주)나노,2025,2026,small_and_medium,manufacturing,2014,,,94244236.0,,,,,,17367157.0,,,,,,,,,,2655356.0,,,0,2.6909245419005985,5.803,,0.39034016660318166,,0,0,0,1,0,0,0,0,1,0,0,1,0,0,0
KOSDAQ,187870,(주)디바이스,2025,2026,small_and_medium,manufacturing,2017,,,218237487.0,,,,,,25732445.0,,,,,,,,,,2727915.0,,,1,0.6043247992023205,5.803,,1.9274225652906312,,0,0,0,1,0,0,0,0,1,0,0,1,0,0,0
KOSDAQ,188040,(주)바이오포트코리아,2025,2026,other,manufacturing,2025,,,57284115.0,,,,,,17355206.0,,,,,,,,,,2346712.0,,,0,0.9308550797881338,5.803,,,,0,0,0,1,0,0,0,1,0,0,0,1,0,0,0
KOSDAQ,188260,(주)세니젠,2025,2026,small_and_medium,manufacturing,2023,1.625711701640823,0.41237108719068,10111820.866,0.24493082114692596,3.082785479252253,,0.3147383642734908,-0.37907279461374066,3109424.949,-29.564430257320982,-0.5770166870359192,-0.4326112184907054,-2.355835351116493,-0.5473898197102798,,-0.2721974612872108,-28.245885612021052,-0.16228443627968836,920135.314,0.0017346968693818235,2.0110026637342444,0,,5.803,,,,0,1,0,1,0,0,0,0,1,0,0,1,0,0,0
KOSDAQ,189300,(주)인텔리안테크놀로지스,2025,2026,small_and_medium,manufacturing,2016,,,496458172.0,,,,,,124889704.0,,,,,,,,,,16620251.0,,,1,2.3984246553462483,5.803,,0.09426939635464253,,0,0,0,1,0,0,0,0,1,0,0,1,0,0,0
KOSDAQ,189330,(주)씨이랩,2025,2026,small_and_medium,it_services,2021,,,29442038.0,,,,,,2444275.0,,,,,,,,,,884318.0,,,0,1.801649547630734,5.803,,,,0,0,0,1,0,0,0,0,1,0,1,0,0,0,0
KOSDAQ,189860,(주)서전기전,2025,2026,small_and_medium,manufacturing,2014,1.2876225041905418,0.22197345448990846,68881898.419,0.5574770558212132,0.793795797617018,,-6.918537781040502,0.10187868734460634,3904525.475,-28.0997701667269,0.12521997425989673,-0.12775623934564254,0.22461906360511388,-0.13027794506017307,,-0.05830712104509842,-12.68023613432502,0.1583832067118336,0.0,0.001985530192098697,2.234340209653086,0,,5.803,,0.360412899707822,0.14819026776947286,1,1,1,1,0,0,0,0,1,0,0,1,0,0,0
KOSDAQ,189980,(주)흥국에프엔비,2025,2026,small_and_medium,manufacturing,2015,,,225773291.0,,,,,,35481393.0,,,,,,,,,,4960643.0,,,1,0.6458491885376596,5.803,,,,0,0,0,1,0,0,0,0,1,0,0,1,0,0,0
KOSDAQ,190510,(주)나무가,2025,2026,mid_sized,manufacturing,2015,,,257388437.0,,,,,,51156810.0,,,,,,,,,,14773808.0,,,1,1.427320777951112,5.803,,,,0,0,0,1,0,0,1,0,0,0,0,1,0,0,0
KOSDAQ,191410,(주)육일씨엔에쓰,2025,2026,small_and_medium,manufacturing,2015,,,56008782.0,,,,,,10850176.0,,,,,,,,,,1204381.0,,,0,1.687692883052824,5.803,,-0.24712044528208876,,0,0,0,1,0,0,0,0,1,0,0,1,0,0,0
KOSDAQ,191420,테고사이언스(주),2025,2026,small_and_medium,manufacturing,2014,,,78160932.0,,,,,,4035719.0,,,,,,,,,,521642.0,,,0,2.6262669104660996,5.803,,,,0,0,0,1,0,0,0,0,1,0,0,1,0,0,0
KOSDAQ,192250,(주)케이사인,2025,2026,small_and_medium,it_services,2014,,,196844453.0,,,,,,48394106.0,,,,,,,,,,2686887.0,,,1,0.5754628858703024,5.803,,,,0,0,0,1,0,0,0,0,1,0,1,0,0,0,0
KOSDAQ,192390,(주)윈하이텍,2025,2026,small_and_medium,manufacturing,2014,,,152864432.0,,,,,,6078877.0,,,,,,,,,,2056877.0,,,1,0.3325180889513759,5.803,,,,0,0,0,1,0,0,0,0,1,0,0,1,0,0,0
KOSDAQ,192410,(주)오늘이엔엠,2025,2026,small_and_medium,manufacturing,2014,,,80834691.0,,,,,,6808087.0,,,,,,,,,,1084899.0,,,0,3.664994859863024,5.803,,0.4465774153532889,,0,0,0,1,0,0,0,0,1,0,0,1,0,0,0
KOSDAQ,192440,(주)슈피겐코리아,2025,2026,mid_sized,manufacturing,2014,,,574067736.0,,,,,,291258235.0,,,,,,,,,,7190669.0,,,1,0.2584696095527846,5.803,,1.2289264370187925,,0,0,0,1,0,0,1,0,0,0,0,1,0,0,0
KOSDAQ,193250,(주)링크드,2025,2026,small_and_medium,manufacturing,2014,,,71845994.0,,,,,,1263635.0,,,,,,,,,,1644066.0,,,0,0.4426278181121827,5.803,,,,0,0,0,1,0,0,0,0,1,0,0,1,0,0,0
KOSDAQ,194480,데브시스터즈(주),2025,2026,small_and_medium,it_services,2014,,,302727137.0,,,,,,295578347.0,,,,,,,,,,9599601.0,,,0,2.1688127864533295,5.803,,,,0,0,0,1,0,0,0,0,1,0,1,0,0,0,0
KOSDAQ,194700,(주)노바렉스,2025,2026,mid_sized,manufacturing,2018,,,359554560.0,,,,,,70094347.0,,,,,,,,,,9458594.0,,,1,1.0311348744653903,5.803,,0.3581745950943054,,0,0,0,1,0,0,1,0,0,0,0,1,0,0,0
KOSDAQ,195500,(주)마니커에프앤지,2025,2026,small_and_medium,manufacturing,2019,1.6144073730483859,0.07300458474923577,122674217.656,0.6483108488127386,0.5424699460626258,,-8.95506648842158,0.02031283650069339,17500793.733,2.3426356832830693,0.02043159690676381,0.02026206595399003,0.03151512417874929,-0.11449610709235367,,-0.046270225973727534,-4.655547068797839,0.05794444911752272,0.0,0.0005035505355593249,2.474509356348619,0,,5.803,,0.1862319371659104,0.023248583553456836,1,0,0,1,0,0,0,0,1,0,0,1,0,0,0
KOSDAQ,195940,에이치케이이노엔(주),2025,2026,mid_sized,manufacturing,2021,0.8206594441877093,0.15425114634539544,2096931315.991,0.6334964607818855,0.5785407842148982,0.21644079504411767,-90.91638763107433,0.07120325210998313,487637464.817,5.531275587357051,0.043550549450324466,0.0528756465304636,0.06874631848230488,0.21080388843582556,0.35695845220362665,0.15238633401856233,8.082140514385047,-0.041160088817792456,0.0,0.5100246932249021,1.3833516620338628,0,,5.803,0.6830277801718909,0.10973691206815356,0.002562837562211151,0,0,0,1,0,0,1,0,0,0,0,1,0,0,0
KOSDAQ,195990,(주)에이비프로바이오,2025,2026,small_and_medium,manufacturing,2015,,,74776906.0,,,,,,3510862.0,,,,,,,,,,1377209.0,,,0,1.369996530556836,5.803,,,,0,0,0,1,0,0,0,0,1,0,0,1,0,0,0
KOSDAQ,196170,(주)알테오젠,2025,2026,small_and_medium,it_services,2014,,,698742517.0,,,,,,165625059.0,,,,,,,,,,2597021.0,,,0,53.353927958480334,5.803,,,,0,0,0,1,0,0,0,0,1,0,1,0,0,0,0
KOSDAQ,196300,에이치엘비펩(주),2025,2026,small_and_medium,manufacturing,2016,1.3625237372041923,0.055167511454178426,53807855.717,0.47825840602805525,1.0909198613047246,0.3095932090959892,-4.538137784909244,-0.1294841745642837,-1744050.503,-2.504871799112012,-0.011425333082094355,-0.13604323118728676,-0.023889455863373012,-0.19855722990191763,-0.3346183397438819,-1.123449794570488,-1.9074349277001335,0.09165556940121393,0.0,0.023635269033740743,0.17673885460794364,0,,5.803,0.07978126915030871,,,0,1,0,1,0,0,0,0,1,0,0,1,0,0,0
KOSDAQ,196450,(주)코아시아씨엠,2025,2026,mid_sized,manufacturing,2014,,,128523498.0,,,,,,20311273.0,,,,,,,,,,12501381.0,,,0,0.5334607510993432,5.803,,,,0,0,0,1,0,0,1,0,0,0,0,1,0,0,0
KOSDAQ,196490,(주)디에이테크놀로지,2025,2026,small_and_medium,manufacturing,2014,,,38920062.0,,,,,,5821821.0,,,,,,,,,,615164.0,,,0,-3.3572724944449956,5.803,,-0.7377062572741413,,0,0,0,1,0,0,0,0,1,0,0,1,0,0,0
KOSDAQ,196700,(주)웹스,2025,2026,small_and_medium,manufacturing,2015,,,73193837.0,,,,,,11938884.0,,,,,,,,,,2144174.0,,,0,0.7599252450832809,5.803,,0.0842714268333585,,0,0,0,1,0,0,0,0,1,0,0,1,0,0,0
KOSDAQ,197140,(주)디지캡,2025,2026,small_and_medium,it_services,2018,1.9509335000152968,1.1277361534394927,75880001.736,0.7446945986058273,0.34283235284926217,,-7.684662831931444,-0.00793263226198325,11801297.513,-3.8470696486179223,-0.00930633675335002,-0.03334729283222324,-0.01249685007890857,-0.05635856056278703,,-0.016385620715984164,-1.659928422372976,0.00742279169891979,0.0,0.14961387674315116,3.4395133110709244,0,,5.803,,0.5089184122782208,0.12747017074132277,0,1,1,1,0,0,0,0,1,0,1,0,0,0,0
KOSDAQ,198080,(주)캐프,2025,2026,mid_sized,manufacturing,2020,,,221276789.0,,,,,,69885133.0,,,,,,,,,,6125896.0,,,0,0.3550827346959474,5.803,,,,0,0,0,1,0,0,1,0,0,0,0,1,0,0,0
KOSDAQ,198440,(주)강동씨앤엘,2025,2026,small_and_medium,manufacturing,2014,0.06959652363156471,0.011224608625043136,427945566.506,0.314167852887699,2.183011854358808,,-21.065083906465016,0.009125040885805895,16412082.614,1.3173536786451427,-0.0015930537791666588,0.017295730871641653,-0.005070709063718574,0.013337508417644044,,0.05448737774029439,0.6967163690070735,-0.007615388367282707,0.0,0.0001429984670705591,0.24478161678499563,0,,5.803,,2.7356076008574357,0.3226390331954434,0,0,0,1,0,0,0,0,1,0,0,1,0,0,0
KOSDAQ,198940,한주라이트메탈(주),2025,2026,mid_sized,manufacturing,2023,,,213313635.0,,,,,,11678757.0,,,,,,,,,,14856505.0,,,0,0.5548425464229814,5.803,,0.013926239941120936,,0,0,0,1,0,0,1,0,0,0,0,1,0,0,0
KOSDAQ,199430,(주)케이엔알시스템,2025,2026,small_and_medium,manufacturing,2024,,,46944967.0,,,,,,610148.0,,,,,,,,,,1128725.0,,,0,13.024373603405206,5.803,,,,0,0,0,1,0,0,0,0,1,0,0,1,0,0,0
KOSDAQ,199480,뱅크웨어글로벌(주),2025,2026,small_and_medium,it_services,2024,,,47281985.0,,,,,,8297503.0,,,,,,,,,,2252417.0,,,0,2.9950182679552775,5.803,,,,0,0,0,1,0,0,0,0,1,0,1,0,0,0,0
KOSDAQ,199550,(주)레이저옵텍,2025,2026,small_and_medium,manufacturing,2024,,,36551429.0,,,,,,9867678.0,,,,,,,,,,1665866.0,,,0,3.041353267701534,5.803,,,,0,0,0,1,0,0,0,0,1,0,0,1,0,0,0
KOSDAQ,199730,(주)바이오인프라,2025,2026,small_and_medium,it_services,2023,0.686229274510897,0.12138097895117683,34960860.304,0.47171318227295306,1.119932275755987,,,,0.0,,,,,-0.08128776049059153,,,-0.7112920893002924,,0.0,0.032586667521727244,,0,,5.803,,,,0,0,0,1,0,0,0,0,1,0,1,0,0,0,0
KOSDAQ,199800,(주)툴젠,2025,2026,small_and_medium,it_services,2021,,,61654915.0,,,,,,1139855.0,,,,,,,,,,1437486.0,,,0,9.409623309615435,5.803,,,,0,0,0,1,0,0,0,0,1,0,1,0,0,0,0
KOSDAQ,199820,제일일렉트릭(주),2025,2026,small_and_medium,manufacturing,2020,,,226556731.0,,,,,,30822457.0,,,,,,,,,,4610929.0,,,1,1.3567152359934187,5.803,,,,0,0,0,1,0,0,0,0,1,0,0,1,0,0,0
KOSDAQ,200130,콜마비앤에이치(주),2025,2026,mid_sized,manufacturing,2014,,,649687295.0,,,,,,83040437.0,,,,,,,,,,17718523.0,,,1,1.0591961954099116,5.803,,-0.06453619846670929,,0,0,0,1,0,0,1,0,0,0,0,1,0,0,0
KOSDAQ,200230,(주)텔콘알에프제약,2025,2026,small_and_medium,manufacturing,2014,,,156668062.0,,,,,,10204649.0,,,,,,,,,,2320291.0,,,0,0.577441344266231,5.803,,,,0,0,0,1,0,0,0,0,1,0,0,1,0,0,0
KOSDAQ,200350,(주)아티스트스튜디오,2025,2026,small_and_medium,it_services,2021,,,51828672.0,,,,,,776001.0,,,,,,,,,,623352.0,,,0,1.144192606157889,5.803,,0.019059756733605448,,0,0,0,1,0,0,0,0,1,0,1,0,0,0,0
KOSDAQ,200470,(주)에이팩트,2025,2026,small_and_medium,manufacturing,2014,0.6122566239391009,0.24490766703194325,181859657.148,0.38596211690247284,1.5909278558876956,0.5228794777536275,-2.3138560104667163,0.04708268283313281,9930503.347,1.1290424155310268,0.02839028949008871,0.028964164755426233,0.0735571918765865,0.05047491090364698,0.05927466798652084,0.050779369288355296,1.2081475437746636,-0.0022562958296246426,0.0,0.00474103708607746,0.99400428975438,0,,5.803,0.5689306096764817,,,0,0,0,1,0,0,0,0,1,0,0,1,0,0,0
KOSDAQ,200670,(주)휴메딕스,2025,2026,mid_sized,manufacturing,2014,8.6990833726645,1.935395223641731,323638814.179,0.9256863552939053,0.08027950750392135,,-52.355280812792245,0.3045267184220495,79516763.029,9.512721037919144,0.19718863131386716,0.13079199041493283,0.21301883752111675,1.8770873395608416,,0.26547882649906634,10.145574737603079,0.02051732536730716,0.0,0.007251919816706244,7.070572686772981,0,,5.803,,,,0,0,0,1,0,0,1,0,0,0,0,1,0,0,0
KOSDAQ,200710,(주)에이디테크놀로지,2025,2026,mid_sized,manufacturing,2014,,,293465147.0,,,,,,31451687.0,,,,,,,,,,6728556.0,,,0,3.3476610180451134,5.803,,0.013962435233706641,,0,0,0,1,0,0,1,0,0,0,0,1,0,0,0
KOSDAQ,200780,(주)비씨월드제약,2025,2026,small_and_medium,manufacturing,2014,,,176801275.0,,,,,,30585857.0,,,,,,,,,,7601005.0,,,1,0.7399342872892186,5.803,,,,0,0,0,1,0,0,0,0,1,0,0,1,0,0,0
KOSDAQ,201490,(주)미투온,2025,2026,small_and_medium,it_services,2016,,,264876174.0,,,,,,48291006.0,,,,,,,,,,2805259.0,,,1,0.4859096046074065,5.803,,,,0,0,0,1,0,0,0,0,1,0,1,0,0,0,0
KOSDAQ,203400,에이비온(주),2025,2026,small_and_medium,it_services,2021,,,80571853.0,,,,,,311652.0,,,,,,,,,,663567.0,,,0,4.125338167936821,5.803,,,,0,0,0,1,0,0,0,0,1,0,1,0,0,0,0
KOSDAQ,203450,(주)유니온바이오메트릭스,2025,2026,small_and_medium,manufacturing,2016,,,62567806.0,,,,,,19268598.0,,,,,,,,,,1022606.0,,,1,1.056961924519182,5.803,,0.11409845503473974,,0,0,0,1,0,0,0,0,1,0,0,1,0,0,0
KOSDAQ,203650,(주)드림시큐리티,2025,2026,mid_sized,it_services,2014,,,571181917.0,,,,,,93045014.0,,,,,,,,,,81969503.0,,,0,1.049237033485246,5.803,,0.40705864892828497,,0,0,0,1,0,0,1,0,0,0,1,0,0,0,0
KOSDAQ,203690,(주)아크솔루션스,2025,2026,small_and_medium,manufacturing,2014,,,42453486.0,,,,,,-73773.0,,,,,,,,,,2094302.0,,,0,3.4356486151599315,5.803,,,,0,0,0,1,0,0,0,0,1,0,0,1,0,0,0
KOSDAQ,204020,(주)그리티,2025,2026,mid_sized,manufacturing,2018,,,142254332.0,,,,,,125203881.0,,,,,,,,,,4679798.0,,,1,0.5104688411801401,5.803,,0.5139919621128903,,0,0,0,1,0,0,1,0,0,0,0,1,0,0,0
KOSDAQ,204270,(주)제이앤티씨,2025,2026,mid_sized,manufacturing,2020,,,548175586.0,,,,,,-52438158.0,,,,,,,,,,50921611.0,,,0,4.628622735805374,5.803,,,,0,0,0,1,0,0,1,0,0,0,0,1,0,0,0
KOSDAQ,204610,(주)티쓰리엔터테인먼트,2025,2026,small_and_medium,it_services,2022,,,124759687.0,,,,,,57303188.0,,,,,,,,,,1182484.0,,,1,0.9826894110425906,5.803,,,,0,0,0,1,0,0,0,0,1,0,1,0,0,0,0
KOSDAQ,204620,글로벌텍스프리(주),2025,2026,other,other,2014,,,184069136.0,,,,,,154056520.0,,,,,,,,,,2371594.0,,,0,2.251222620224034,5.803,,,,0,0,0,1,0,0,0,1,0,0,0,0,1,0,0
KOSDAQ,204840,지엘팜텍(주),2025,2026,small_and_medium,wholesale_retail,2014,,,48814209.0,,,,,,14329209.0,,,,,,,,,,635982.0,,,0,4.247531148298319,5.803,,,,0,0,0,1,0,0,0,0,1,0,0,0,0,0,1
KOSDAQ,205100,(주)엑셈,2025,2026,small_and_medium,it_services,2014,,,159002989.0,,,,,,20860093.0,,,,,,,,,,2900566.0,,,1,0.998990089471582,5.803,,,,0,0,0,1,0,0,0,0,1,0,1,0,0,0,0
KOSDAQ,205470,휴마시스(주),2025,2026,small_and_medium,manufacturing,2014,,,327031186.0,,,,,,2231711.0,,,,,,,,,,2159539.0,,,0,0.5573477082386824,5.803,,,,0,0,0,1,0,0,0,0,1,0,0,1,0,0,0
KOSDAQ,205500,(주)넥써쓰,2025,2026,small_and_medium,it_services,2014,,,73997084.0,,,,,,36722406.0,,,,,,,,,,1615069.0,,,0,3.8634697990153857,5.803,,,,0,0,0,1,0,0,0,0,1,0,1,0,0,0,0
KOSDAQ,206400,(주)베노티앤알,2025,2026,small_and_medium,construction,2014,,,78940240.0,,,,,,1340317.0,,,,,,,,,,2196964.0,,,0,0.8488422291219963,5.803,,,,0,0,0,1,0,0,0,0,1,1,0,0,0,0,0
KOSDAQ,206560,(주)덱스터스튜디오,2025,2026,small_and_medium,it_services,2015,,,110955447.0,,,,,,55416994.0,,,,,,,,,,5218189.0,,,0,2.337796670646343,5.803,,0.2912607017796458,,0,0,0,1,0,0,0,0,1,0,1,0,0,0,0
KOSDAQ,206640,바디텍메드(주),2025,2026,mid_sized,manufacturing,2014,,,281633435.0,,,,,,95978531.0,,,,,,,,,,8780318.0,,,1,1.2544217950694652,5.803,,,,0,0,0,1,0,0,1,0,0,0,0,1,0,0,0
KOSDAQ,206650,(주)유바이오로직스,2025,2026,small_and_medium,manufacturing,2017,3.285292733729658,0.5674981092105328,240225281.667,0.7299678155485703,0.36992341127875716,,-8.56344110546413,0.2765776132405687,86197380.131,12.508230534305456,0.22398863790110243,0.25252637035968295,0.3068472789211606,0.7569246291128364,,0.3291035272551122,10.124120528813545,-0.03262189967941463,0.0,0.059359762869450196,2.2999590293849654,0,,5.803,,,,0,0,0,1,0,0,0,0,1,0,0,1,0,0,0
KOSDAQ,207760,미스터블루(주),2025,2026,small_and_medium,it_services,2014,,,66711854.0,,,,,,67463445.0,,,,,,,,,,3277305.0,,,0,2.567903949495516,5.803,,,,0,0,0,1,0,0,0,0,1,0,1,0,0,0,0
KOSDAQ,208140,(주)정다운,2025,2026,mid_sized,manufacturing,2014,,,215038441.0,,,,,,28836052.0,,,,,,,,,,7384378.0,,,1,0.65576635719322,5.803,,0.26720721680684884,,0,0,0,1,0,0,1,0,0,0,0,1,0,0,0
KOSDAQ,208350,(주)지란지교시큐리티,2025,2026,small_and_medium,it_services,2014,,,87935331.0,,,,,,22014072.0,,,,,,,,,,1336729.0,,,0,0.3778103238067342,5.803,,-0.049898410768617354,,0,0,0,1,0,0,0,0,1,0,1,0,0,0,0
KOSDAQ,208370,(주)셀바스헬스케어,2025,2026,small_and_medium,manufacturing,2014,,,78988211.0,,,,,,14998485.0,,,,,,,,,,815959.0,,,0,2.1026687251783556,5.803,,,,0,0,0,1,0,0,0,0,1,0,0,1,0,0,0
KOSDAQ,208640,(주)썸에이지,2025,2026,small_and_medium,it_services,2014,,,14244998.0,,,,,,6018579.0,,,,,,,,,,556167.0,,,0,2.8329365645148887,5.803,,,,0,0,0,1,0,0,0,0,1,0,1,0,0,0,0
KOSDAQ,208710,(주)포톤,2025,2026,small_and_medium,manufacturing,2014,,,92708867.0,,,,,,8236105.0,,,,,,,,,,5723787.0,,,0,0.5956331950241658,5.803,,,,0,0,0,1,0,0,0,0,1,0,0,1,0,0,0
KOSDAQ,208860,(주)다산디엠씨,2025,2026,small_and_medium,it_services,2016,,,112813039.0,,,,,,21854812.0,,,,,,,,,,3473719.0,,,0,0.9153232454506154,5.803,,,,0,0,0,1,0,0,0,0,1,0,1,0,0,0,0
KOSDAQ,209640,와이제이링크(주),2025,2026,small_and_medium,manufacturing,2024,,,123519529.0,,,,,,15339700.0,,,,,,,,,,2671826.0,,,0,1.5865429903618615,5.803,,,,0,0,0,1,0,0,0,0,1,0,0,1,0,0,0
KOSDAQ,210120,(주)캔버스엔,2025,2026,small_and_medium,it_services,2023,0.47095760542576226,0.056242923274228834,35778267.593,0.27962293417351936,2.576244570051798,,-1.063833572948473,-2.164721478565618,1422384.901,-0.42852072421252196,-0.19969027730112432,-0.04127956020120317,-0.7141412698902837,-0.12204798332330243,,-0.7866741827139825,-0.9126983266975838,-0.1540138265687883,0.0,0.00012487840526057635,0.1551442592182746,0,,5.803,,,,0,1,0,1,0,0,0,0,1,0,1,0,0,0,0
KOSDAQ,211050,인카금융서비스(주),2025,2026,other,other,2022,,,1001382010.0,,,,,,188208650.0,,,,,,,,,,15076252.0,,,1,2.9432805211174644,5.803,,,,0,0,0,1,0,0,0,1,0,0,0,0,1,0,0
KOSDAQ,211270,에이피위성(주),2025,2026,small_and_medium,manufacturing,2016,4.701466177562143,0.7617765467864199,126277188.188,0.8225111162387296,0.21578903951220907,,-12.773013859420947,-0.05793185702575115,4105680.844,-3.334788888206623,-0.025415848547576312,-0.03406175101552302,-0.030900310094045577,-0.19902286854121665,,-0.09329508034838975,-3.458402331476512,0.013389588810631079,738604.874,0.000483688723802327,2.1332622020154757,0,,5.803,,,,0,1,0,1,0,0,0,0,1,0,0,1,0,0,0
KOSDAQ,212560,(주)네오오토,2025,2026,mid_sized,manufacturing,2015,1.3400497743158077,0.368882159664137,224367055.315,0.613099835512275,0.6310557303680419,,-22.290991896965192,0.06411836497938009,27362078.612,2.259067290002616,0.06077532453174007,0.06091018818611,0.09912794134247206,0.2910905934823488,,0.10886303417129595,4.177017664664888,-0.04629008230026742,0.0,0.004194888762428201,2.6739158585669935,0,,5.803,,,,0,0,0,1,0,0,1,0,0,0,0,1,0,0,0
KOSDAQ,212710,(주)아이에스티이,2025,2026,other,manufacturing,2025,,,61384239.0,,,,,,2610855.0,,,,,,,,,,959276.0,,,0,3.681881189005352,5.803,,,,0,0,0,1,0,0,0,1,0,0,0,1,0,0,0
KOSDAQ,213420,덕산네오룩스(주),2025,2026,mid_sized,manufacturing,2015,,,714152332.0,,,,,,116080217.0,,,,,,,,,,10967834.0,,,0,1.926494875342254,5.803,,,,0,0,0,1,0,0,1,0,0,0,0,1,0,0,0
KOSDAQ,214150,(주)클래시스,2025,2026,small_and_medium,manufacturing,2015,,,704649920.0,,,,,,261091857.0,,,,,,,,,,6655927.0,,,1,6.4713136101773765,5.803,,,,0,0,0,1,0,0,0,0,1,0,0,1,0,0,0
KOSDAQ,214180,(주)헥토이노베이션,2025,2026,mid_sized,it_services,2015,,,799310040.0,,,,,,375822702.0,,,,,,,,,,10610246.0,,,1,0.5826080459890713,5.803,,0.3874656772546905,,0,0,0,1,0,0,1,0,0,0,1,0,0,0,0
KOSDAQ,214260,(주)라파스,2025,2026,small_and_medium,manufacturing,2019,,,75077918.0,,,,,,14059468.0,,,,,,,,,,3189155.0,,,0,3.805595267898042,5.803,,-0.252246283878189,,0,0,0,1,0,0,0,0,1,0,0,1,0,0,0
KOSDAQ,214270,(주)에프에스엔,2025,2026,mid_sized,it_services,2015,,,379267321.0,,,,,,272289535.0,,,,,,,,,,8086228.0,,,1,0.8946073383142054,5.803,,0.8176797928753455,,0,0,0,1,0,0,1,0,0,0,1,0,0,0,0
KOSDAQ,214370,(주)케어젠,2025,2026,small_and_medium,manufacturing,2015,,,231273422.0,,,,,,52242384.0,,,,,,,,,,4073081.0,,,1,18.1515056204014,5.803,,,,0,0,0,1,0,0,0,0,1,0,0,1,0,0,0
KOSDAQ,214430,아이쓰리시스템(주),2025,2026,small_and_medium,manufacturing,2015,4.023695498764151,0.3035823368482073,189547523.513,0.7371690555345968,0.35654093520623636,,-36.96056491457563,0.15114228590824294,36626689.756,26.45037193305756,0.10054125050435155,0.0868280602614744,0.13638832198597756,0.37747021681153003,,0.15131811018637062,30.2225336994247,-0.00011527818245802433,4547845.979,0.0015587228971616534,2.4945475220819215,0,,5.803,,,,0,0,0,1,0,0,0,0,1,0,0,1,0,0,0
KOSDAQ,214450,(주)파마리서치,2025,2026,small_and_medium,manufacturing,2015,,,1043888016.0,,,,,,411217163.0,,,,,,,,,,11400501.0,,,1,6.438676891150488,5.803,,,,0,0,0,1,0,0,0,0,1,0,0,1,0,0,0
KOSDAQ,214610,롤링스톤(주),2025,2026,small_and_medium,manufacturing,2020,2.828464683413372,2.145633608736849,25363452.677,0.6285602543953681,0.5909373731591278,,-2.803374907226515,-2.213991783842101,-2785539.856,-2.0399947530382785,-0.6479195104577441,-0.39171142038596984,-1.0307993639861914,-1.0720646425901021,,-0.9278861018456606,-2.073825273656504,-0.5519393188804537,0.0,0.00010221104488470744,1.155383877889383,0,,5.803,,,,0,1,0,1,0,0,0,0,1,0,0,1,0,0,0
KOSDAQ,214680,(주)디알텍,2025,2026,small_and_medium,manufacturing,2015,,,201879014.0,,,,,,41980678.0,,,,,,,,,,10530271.0,,,0,2.426160365450917,5.803,,,,0,0,0,1,0,0,0,0,1,0,0,1,0,0,0
KOSDAQ,215000,(주)골프존,2025,2026,mid_sized,it_services,2015,,,617553143.0,,,,,,289560152.0,,,,,,,,,,34288853.0,,,1,0.8263642136947464,5.803,,,,0,0,0,1,0,0,1,0,0,0,1,0,0,0,0
KOSDAQ,215090,(주)솔디펜스,2025,2026,small_and_medium,manufacturing,2015,,,60029463.0,,,,,,5870338.0,,,,,,,,,,668876.0,,,0,1.0362256987458036,5.803,,0.6057484303778421,,0,0,0,1,0,0,0,0,1,0,0,1,0,0,0
KOSDAQ,215100,(주)로보로보,2025,2026,small_and_medium,manufacturing,2015,,,31911288.0,,,,,,8050934.0,,,,,,,,,,544123.0,,,0,5.283752017676446,5.803,,,,0,0,0,1,0,0,0,0,1,0,0,1,0,0,0
KOSDAQ,215200,메가스터디교육(주),2025,2026,mid_sized,it_services,2015,,,896212661.0,,,,,,501821811.0,,,,,,,,,,57347315.0,,,1,0.8392442880185147,5.803,,,,0,0,0,1,0,0,1,0,0,0,1,0,0,0,0
KOSDAQ,215360,우리산업(주),2025,2026,mid_sized,manufacturing,2015,,,342192018.0,,,,,,79523173.0,,,,,,,,,,9092472.0,,,1,0.6076952930548802,5.803,,0.054405521959932306,,0,0,0,1,0,0,1,0,0,0,0,1,0,0,0
KOSDAQ,215380,(주)우정바이오,2025,2026,small_and_medium,it_services,2015,0.5698727112904788,0.1274993273554324,86795099.511,0.26934633958265336,2.712691999265627,0.9296278284210513,-1.7781974242250664,-0.14756665449129192,10103058.064,-1.0541352831143262,-0.0639044717414841,-0.04498111851931464,-0.2372576209519044,-0.009942034304210553,-0.007814077348248379,-0.016774276749730026,-0.17023659376819603,-0.056640287985117825,0.0,0.010201334671985545,0.5926952590889241,0,,5.803,0.204615757435105,,,0,1,0,1,0,0,0,0,1,0,1,0,0,0,0
KOSDAQ,215480,(주)토박스코리아,2025,2026,small_and_medium,wholesale_retail,2015,,,37543038.0,,,,,,21978760.0,,,,,,,,,,1786345.0,,,0,0.5771691319008453,5.803,,-0.0960568248688016,,0,0,0,1,0,0,0,0,1,0,0,0,0,0,1
KOSDAQ,215600,신라젠(주),2025,2026,small_and_medium,it_services,2016,,,116812367.0,,,,,,9225417.0,,,,,,,,,,839110.0,,,0,4.396444487301978,5.803,,0.12921038018827627,,0,0,0,1,0,0,0,0,1,0,1,0,0,0,0
KOSDAQ,215790,(주)이노인스트루먼트,2025,2026,small_and_medium,manufacturing,2015,,,65158148.0,,,,,,20932995.0,,,,,,,,,,1021280.0,,,0,0.6399954165516926,5.803,,,,0,0,0,1,0,0,0,0,1,0,0,1,0,0,0
KOSDAQ,216050,인크로스(주),2025,2026,large,it_services,2016,,,294740116.0,,,,,,22269891.0,,,,,,,,,,1428995.0,,,1,0.6619303870358992,5.803,,,,0,0,0,1,0,1,0,0,0,0,1,0,0,0,0
KOSDAQ,216080,(주)제테마,2025,2026,small_and_medium,manufacturing,2019,,,209135993.0,,,,,,36837889.0,,,,,,,,,,7013710.0,,,0,3.3901259867592084,5.803,,,,0,0,0,1,0,0,0,0,1,0,0,1,0,0,0
KOSDAQ,217190,제너셈(주),2025,2026,small_and_medium,manufacturing,2015,,,85512893.0,,,,,,20769900.0,,,,,,,,,,1072919.0,,,1,1.3387577263808834,5.803,,,,0,0,0,1,0,0,0,0,1,0,0,1,0,0,0
KOSDAQ,217270,(주)넵튠,2025,2026,large,it_services,2015,,,359324163.0,,,,,,122530715.0,,,,,,,,,,2444887.0,,,0,0.75883291096058,5.803,,-0.12021801230846087,,0,0,0,1,0,1,0,0,0,0,1,0,0,0,0
KOSDAQ,217330,(주)싸이토젠,2025,2026,small_and_medium,it_services,2018,,,62240156.0,,,,,,5614992.0,,,,,,,,,,2692244.0,,,0,5.777111842040557,5.803,,,,0,0,0,1,0,0,0,0,1,0,1,0,0,0,0
KOSDAQ,217480,(주)에스디생명공학,2025,2026,mid_sized,manufacturing,2017,,,48001781.0,,,,,,13396262.0,,,,,,,,,,1295465.0,,,0,1.8311295815704152,5.803,,-0.36941496780444244,,0,0,0,1,0,0,1,0,0,0,0,1,0,0,0
KOSDAQ,217500,(주)러셀,2025,2026,small_and_medium,manufacturing,2015,,,65439294.0,,,,,,423674.0,,,,,,,,,,708804.0,,,1,1.1296855131890058,5.803,,-0.12224815490051366,,0,0,0,1,0,0,0,0,1,0,0,1,0,0,0
KOSDAQ,217730,(주)강스템바이오텍,2025,2026,small_and_medium,manufacturing,2015,,,81493317.0,,,,,,845008.0,,,,,,,,,,2090393.0,,,0,3.1596375210169483,5.803,,,,0,0,0,1,0,0,0,0,1,0,0,1,0,0,0
KOSDAQ,217820,(주)원익피앤이,2025,2026,mid_sized,manufacturing,2015,,,316302513.0,,,,,,48151323.0,,,,,,,,,,5619837.0,,,0,1.6865308223201267,5.803,,,,0,0,0,1,0,0,1,0,0,0,0,1,0,0,0
KOSDAQ,218150,(주)미래생명자원,2025,2026,small_and_medium,manufacturing,2015,,,58963722.0,,,,,,10155440.0,,,,,,,,,,1810313.0,,,0,1.4206551472232778,5.803,,0.14291787938151035,,0,0,0,1,0,0,0,0,1,0,0,1,0,0,0
KOSDAQ,218410,알에프에이치아이씨(주),2025,2026,small_and_medium,manufacturing,2015,,,546184501.0,,,,,,64248580.0,,,,,,,,,,7232669.0,,,1,2.1826617008654776,5.803,,,,0,0,0,1,0,0,0,0,1,0,0,1,0,0,0
KOSDAQ,219130,(주)타이거일렉,2025,2026,mid_sized,manufacturing,2015,2.182272971746951,0.3355489088273586,90254501.542,0.6454581362004504,0.5492871557659701,,-17.451956545866597,0.06534355485529805,10683870.48,4.0688478986511765,0.07183817715710054,0.07998995064684306,0.11129796516313618,0.01645940986539404,,0.0065281843370127235,0.2968368470734038,0.05257511260855886,0.0,0.005933854731342992,2.5212844821299596,0,,5.803,,0.26849450648778184,0.11800591260333768,0,0,0,1,0,0,1,0,0,0,0,1,0,0,0
KOSDAQ,219420,(주)링크제니시스,2025,2026,small_and_medium,it_services,2018,,,52675476.0,,,,,,5522498.0,,,,,,,,,,466584.0,,,0,1.219772454916505,5.803,,,,0,0,0,1,0,0,0,0,1,0,1,0,0,0,0
KOSDAQ,219550,(주)디와이디,2025,2026,small_and_medium,wholesale_retail,2015,,,31202227.0,,,,,,18716085.0,,,,,,,,,,491988.0,,,0,2.4082440568333277,5.803,,0.03759190068366709,,0,0,0,1,0,0,0,0,1,0,0,0,0,0,1
KOSDAQ,219750,(주)한국비티비,2025,2026,small_and_medium,manufacturing,2018,2.6109288265964987,0.8362666441955676,44244918.539,0.5492911347904879,0.8205281983686536,0.2938190515265851,-2.714580254432104,-0.12274871456928256,6767492.187,-3.177645549701945,-0.05287220580908029,-0.0644535787196966,-0.0962553415853816,-0.2995435789863493,-0.4594901040769231,-0.18648911715418376,-6.656018664210341,0.04614423220601876,0.0,0.034790532468562896,1.6062255189866947,0,,5.803,0.0,,,0,1,0,1,0,0,0,0,1,0,0,1,0,0,0
KOSDAQ,220100,(주)퓨쳐켐,2025,2026,small_and_medium,manufacturing,2016,,,74530577.0,,,,,,4304751.0,,,,,,,,,,5065912.0,,,0,12.648571190359672,5.803,,0.02330524293171758,,0,0,0,1,0,0,0,0,1,0,0,1,0,0,0
KOSDAQ,220180,(주)핸디소프트,2025,2026,small_and_medium,it_services,2016,,,90160039.0,,,,,,9664601.0,,,,,,,,,,761079.0,,,0,0.6128935749570545,5.803,,0.19984606684281525,,0,0,0,1,0,0,0,0,1,0,1,0,0,0,0
KOSDAQ,220260,(주)켐트로스,2025,2026,small_and_medium,manufacturing,2015,0.6696209720459294,0.13239775278807164,124211924.37,0.44057798508125634,1.2697457291597736,0.057530708394096186,-19.605620441845183,-0.2084397122204368,8694200.321,0.06989969829069823,-0.10599186672112902,0.008439860949881521,-0.24057458681595453,0.008421381688539196,0.08188855037783375,0.010300628464694334,0.03901781223906716,-0.10004331321672445,0.0,0.005665397944434085,0.8175599884418407,0,,5.803,0.9095997760985166,0.26947804318950064,-0.26750398165316136,0,1,0,1,0,0,0,0,1,0,0,1,0,0,0
KOSDAQ,221800,(주)유투바이오,2025,2026,small_and_medium,it_services,2023,6.389945003418073,0.2090357105692767,52510815.327,0.8055905364175341,0.2413254063869791,,-5.246545145536878,-0.06415976865656106,5394416.079,-18.082926997458447,-0.025197776834359305,-0.04490470390368464,-0.03127864056895947,-0.1530361106028468,,-0.061043133696450466,-11.980866074600582,-0.00151900932223741,0.0,0.01944152656253042,2.507015962906661,0,,5.803,,,,0,1,0,1,0,0,0,0,1,0,1,0,0,0,0
KOSDAQ,221840,하이즈항공(주),2025,2026,small_and_medium,manufacturing,2015,,,116731304.0,,,,,,12342224.0,,,,,,,,,,3425324.0,,,1,0.9108699933832344,5.803,,-0.053085388598285786,,0,0,0,1,0,0,0,0,1,0,0,1,0,0,0
KOSDAQ,221980,케이디켐(주),2025,2026,small_and_medium,manufacturing,2015,,,128056414.0,,,,,,14885976.0,,,,,,,,,,745898.0,,,1,0.4153795705121728,5.803,,,,0,0,0,1,0,0,0,0,1,0,0,1,0,0,0
KOSDAQ,222040,코스맥스엔비티(주),2025,2026,mid_sized,manufacturing,2015,,,282958913.0,,,,,,40843427.0,,,,,,,,,,12281608.0,,,0,1.4781835258270282,5.803,,,,0,0,0,1,0,0,1,0,0,0,0,1,0,0,0
KOSDAQ,222080,씨아이에스(주),2025,2026,mid_sized,manufacturing,2015,,,660203409.0,,,,,,59826326.0,,,,,,,,,,7890137.0,,,0,1.0134591022671209,5.803,,0.10581403482713672,,0,0,0,1,0,0,1,0,0,0,0,1,0,0,0
KOSDAQ,222110,(주)팬젠,2025,2026,small_and_medium,manufacturing,2016,8.426461744462037,1.367668332527022,32700285.21,0.9151029987606644,0.09277316471950454,,-3.4351107451595677,0.15284212094236063,4508915.417,5.0795891006044185,0.06321538413884678,0.04606185356876892,0.06908007538436677,0.06837256568817635,,0.01414758249051518,0.6401200045520293,0.05690512113426304,0.0,0.09271262839239315,4.832809120145768,0,,5.803,,,,0,0,0,1,0,0,0,0,1,0,0,1,0,0,0
KOSDAQ,222160,(주)엔피엑스,2025,2026,small_and_medium,manufacturing,2021,,,6213217.0,,,,,,-7039173.0,,,,,,,,,,102342.0,,,0,17.722690080288835,5.803,,,,0,0,0,1,0,0,0,0,1,0,0,1,0,0,0
KOSDAQ,222420,(주)쎄노텍,2025,2026,small_and_medium,manufacturing,2015,0.8260715645920109,0.0011337374270936106,80807849.763,0.4583880831582325,1.1815575856818399,0.31255914237387233,-7.148079000522457,0.037847164793577255,7634985.865,1.0974719930574504,0.004133456365682656,0.0392267249072551,0.009017373089639886,0.18727131238723044,0.3245093830920366,0.22998310991070642,2.837728628811678,-0.08473681653555472,0.0,,0.8142828943392437,0,,5.803,0.8479268512996206,,,0,0,0,1,0,0,0,0,1,0,0,1,0,0,0
KOSDAQ,222800,(주)심텍,2025,2026,mid_sized,manufacturing,2015,,,1620329744.0,,,,,,123391432.0,,,,,,,,,,84786525.0,,,1,3.1973398366738235,5.803,,1.954925858062174,,0,0,0,1,0,0,1,0,0,0,0,1,0,0,0
KOSDAQ,222980,한국맥널티(주),2025,2026,small_and_medium,manufacturing,2015,,,83165714.0,,,,,,25394060.0,,,,,,,,,,3618938.0,,,0,0.9601992134657598,5.803,,0.022727285583711253,,0,0,0,1,0,0,0,0,1,0,0,1,0,0,0
KOSDAQ,223250,(주)드림씨아이에스,2025,2026,mid_sized,it_services,2020,,,161841316.0,,,,,,19376202.0,,,,,,,,,,1872462.0,,,0,1.7697582348387533,5.803,,,,0,0,0,1,0,0,1,0,0,0,1,0,0,0,0
KOSDAQ,223310,사토시홀딩스(주),2025,2026,small_and_medium,wholesale_retail,2015,,,69196205.0,,,,,,7272741.0,,,,,,,,,,839535.0,,,0,3.4969729385641894,5.803,,1.5104748060042192,,0,0,0,1,0,0,0,0,1,0,0,0,0,0,1
KOSDAQ,224060,(주)더코디,2025,2026,small_and_medium,manufacturing,2015,,,72309703.0,,,,,,4832422.0,,,,,,,,,,980142.0,,,0,1.2239577841074232,5.803,,,,0,0,0,1,0,0,0,0,1,0,0,1,0,0,0
KOSDAQ,224110,(주)에이텍모빌리티,2025,2026,small_and_medium,manufacturing,2015,1.881030331374626,1.2515715478884957,95296083.263,0.7296554439504153,0.37050988694871767,,-25.04243668164794,0.010649865114615971,13346191.691,188.78764155183617,0.011799082296980049,0.06475234727087505,0.016170758944932744,-0.09333619069296802,,-0.037410089962070965,-73.56745725133554,0.03241621533882495,1223034.652,0.004019746645229969,2.494946972530645,0,,5.803,,-0.08499013483767014,-0.03852942995745251,0,0,0,1,0,0,0,0,1,0,0,1,0,0,0
KOSDAQ,225190,엘케이삼양(주),2025,2026,small_and_medium,manufacturing,2017,,,45265712.0,,,,,,-3183063.0,,,,,,,,,,4212072.0,,,0,2.8914497880893313,5.803,,,,0,0,0,1,0,0,0,0,1,0,0,1,0,0,0
KOSDAQ,225220,(주)제놀루션,2025,2026,small_and_medium,manufacturing,2020,,,93786805.0,,,,,,3525356.0,,,,,,,,,,2315955.0,,,0,0.5368680560069333,5.803,,,,0,0,0,1,0,0,0,0,1,0,0,1,0,0,0
KOSDAQ,225430,케이엠제약(주),2025,2026,small_and_medium,manufacturing,2015,0.31686445096750854,0.02946762246127066,46393264.312,0.6092780437027506,0.6412867825052816,,-9.136029921056547,-0.248161610885011,3837843.651,-4.903926547134394,-0.08371714632711012,-0.06300439982715222,-0.13740384573574643,,,,,,923720.381,0.00043563636445328476,0.8821153218004544,0,,5.803,,-0.08232973972547851,-0.17387521577502957,0,1,1,1,0,0,0,0,1,0,0,1,0,0,0
KOSDAQ,225530,(주)에이치씨보광산업,2025,2026,small_and_medium,manufacturing,2015,,,175263809.0,,,,,,3872751.0,,,,,,,,,,8930544.0,,,1,1.1520916738774325,5.803,,,,0,0,0,1,0,0,0,0,1,0,0,1,0,0,0
KOSDAQ,225570,(주)넥슨게임즈,2025,2026,large,it_services,2015,,,404480249.0,,,,,,179316825.0,,,,,,,,,,16123548.0,,,0,3.103421117383959,5.803,,,,0,0,0,1,0,1,0,0,0,0,1,0,0,0,0
KOSDAQ,225590,패션플랫폼(주),2025,2026,small_and_medium,manufacturing,2015,,,103901301.0,,,,,,71090531.0,,,,,,,,,,2399003.0,,,0,0.2978388124428827,5.803,,,,0,0,0,1,0,0,0,0,1,0,0,1,0,0,0
KOSDAQ,226330,(주)신테카바이오,2025,2026,small_and_medium,it_services,2019,,,46534750.0,,,,,,3429232.0,,,,,,,,,,1922641.0,,,0,2.973239989413153,5.803,,,,0,0,0,1,0,0,0,0,1,0,1,0,0,0,0
KOSDAQ,226340,(주)본느,2025,2026,small_and_medium,manufacturing,2015,,,56337524.0,,,,,,19569092.0,,,,,,,,,,530196.0,,,0,0.755800152661854,5.803,,,,0,0,0,1,0,0,0,0,1,0,0,1,0,0,0
KOSDAQ,226400,(주)오스테오닉,2025,2026,small_and_medium,manufacturing,2018,,,100428294.0,,,,,,22067386.0,,,,,,,,,,2556291.0,,,0,1.9017539875484288,5.803,,,,0,0,0,1,0,0,0,0,1,0,0,1,0,0,0
KOSDAQ,226590,엠디바이스(주),2025,2026,other,manufacturing,2025,,,96808498.0,,,,,,14707419.0,,,,,,,,,,1542907.0,,,0,2.9455770241973,5.803,,,,0,0,0,1,0,0,0,1,0,0,0,1,0,0,0
KOSDAQ,226950,올릭스(주),2025,2026,small_and_medium,it_services,2018,,,195365963.0,,,,,,14666854.0,,,,,,,,,,2129866.0,,,0,20.739521815598156,5.803,,,,0,0,0,1,0,0,0,0,1,0,1,0,0,0,0
KOSDAQ,227610,(주)아우딘퓨쳐스,2025,2026,small_and_medium,manufacturing,2017,,,57848657.0,,,,,,16237097.0,,,,,,,,,,1575043.0,,,0,1.562769948892044,5.803,,,,0,0,0,1,0,0,0,0,1,0,0,1,0,0,0
KOSDAQ,227950,(주)엔투텍,2025,2026,small_and_medium,manufacturing,2015,,,149005304.0,,,,,,14260297.0,,,,,,,,,,434247.0,,,1,0.4458427221355744,5.803,,,,0,0,0,1,0,0,0,0,1,0,0,1,0,0,0
KOSDAQ,228340,동양파일(주),2025,2026,mid_sized,manufacturing,2016,4.627886775625527,1.3904378337326282,121542283.13,0.9505705005510374,0.05199982475819398,,-10.5534508913,-0.12994555201620886,4890460.066,-140.45059311220774,-0.06122098889685387,-0.03906363184671896,-0.06440446959101362,0.3321035940988326,,0.03567605557580218,59.02156860140746,-0.07620789261538698,0.0,0.0038004683481709742,9.308865252583775,0,,5.803,,,,0,1,0,1,0,0,1,0,0,0,0,1,0,0,0
KOSDAQ,228670,(주)레이,2025,2026,small_and_medium,manufacturing,2019,,,192240432.0,,,,,,52753617.0,,,,,,,,,,6612777.0,,,0,1.414258463531178,5.803,,,,0,0,0,1,0,0,0,0,1,0,0,1,0,0,0
KOSDAQ,228760,(주)지노믹트리,2025,2026,small_and_medium,it_services,2019,,,120761654.0,,,,,,713903.0,,,,,,,,,,953033.0,,,0,5.804268692185371,5.803,,,,0,0,0,1,0,0,0,0,1,0,1,0,0,0,0
KOSDAQ,228850,(주)레이언스,2025,2026,mid_sized,manufacturing,2016,,,261215995.0,,,,,,40919943.0,,,,,,,,,,4472039.0,,,1,0.3634615067431895,5.803,,,,0,0,0,1,0,0,1,0,0,0,0,1,0,0,0
KOSDAQ,229000,(주)젠큐릭스,2025,2026,small_and_medium,manufacturing,2020,1.115439942129009,0.5907504346711816,32107494.024,0.5098182367569504,0.961483383492101,,-0.877864801993161,-0.978534908364983,5990995.946,-5.238848523964394,-0.2216867942318861,-0.2045601811866898,-0.4348349632254771,-0.3965620543266801,,-0.8268565916849687,-4.978322729140479,-0.03565838031906816,0.0,0.031799490120182294,0.47960197489454104,0,,5.803,,,,0,1,0,1,0,0,0,0,1,0,0,1,0,0,0
KOSDAQ,230240,(주)에치에프알,2025,2026,mid_sized,manufacturing,2015,,,280656523.0,,,,,,28014772.0,,,,,,,,,,4218647.0,,,0,0.9719139358125792,5.803,,,,0,0,0,1,0,0,1,0,0,0,0,1,0,0,0
KOSDAQ,230360,(주)에코마케팅,2025,2026,mid_sized,it_services,2016,,,420946238.0,,,,,,299970157.0,,,,,,,,,,7740905.0,,,1,1.246964507005781,5.803,,,,0,0,0,1,0,0,1,0,0,0,1,0,0,0,0
KOSDAQ,230980,(주)비유테크놀러지,2025,2026,small_and_medium,it_services,2016,,,31281168.0,,,,,,2223294.0,,,,,,,,,,5534903.0,,,0,10.41447938488979,5.803,,-0.5215832751023934,,0,0,0,1,0,0,0,0,1,0,1,0,0,0,0
KOSDAQ,232140,(주)와이씨,2025,2026,mid_sized,manufacturing,2015,,,607188961.0,,,,,,71629971.0,,,,,,,,,,9999322.0,,,0,2.4948044965800964,5.803,,0.2642574262643482,,0,0,0,1,0,0,1,0,0,0,0,1,0,0,0
KOSDAQ,232680,(주)라온로보틱스,2025,2026,small_and_medium,manufacturing,2021,,,66916035.0,,,,,,16943884.0,,,,,,,,,,810351.0,,,1,5.1021682125196355,5.803,,,,0,0,0,1,0,0,0,0,1,0,0,1,0,0,0
KOSDAQ,232830,(주)아이티센피엔에스,2025,2026,small_and_medium,it_services,2023,,,203148173.0,,,,,,19704989.0,,,,,,,,,,2138287.0,,,0,1.5512587665270907,5.803,,,,0,0,0,1,0,0,0,0,1,0,1,0,0,0,0
KOSDAQ,234030,(주)싸이닉솔루션,2025,2026,other,manufacturing,2025,,,63725754.0,,,,,,12256534.0,,,,,,,,,,202806.0,,,0,5.716200131341323,5.803,,,,0,0,0,1,0,0,0,1,0,0,0,1,0,0,0
KOSDAQ,234100,(주)폴라리스세원,2025,2026,small_and_medium,manufacturing,2017,,,455535894.0,,,,,,41797660.0,,,,,,,,,,4979433.0,,,0,0.1923978375736757,5.803,,0.5743480561236606,,0,0,0,1,0,0,0,0,1,0,0,1,0,0,0
KOSDAQ,234300,에스트래픽(주),2025,2026,mid_sized,it_services,2017,,,172855231.0,,,,,,34295792.0,,,,,,,,,,2904179.0,,,1,0.93142100638375,5.803,,,,0,0,0,1,0,0,1,0,0,0,1,0,0,0,0
KOSDAQ,234340,(주)헥토파이낸셜,2025,2026,mid_sized,it_services,2019,,,531282713.0,,,,,,187435599.0,,,,,,,,,,5642353.0,,,1,1.2017233887944174,5.803,,,,0,0,0,1,0,0,1,0,0,0,1,0,0,0,0
KOSDAQ,234690,(주)녹십자웰빙,2025,2026,mid_sized,manufacturing,2019,,,222249644.0,,,,,,73492605.0,,,,,,,,,,5280446.0,,,1,1.4396708124302011,5.803,,,,0,0,0,1,0,0,1,0,0,0,0,1,0,0,0
KOSDAQ,234920,자이글(주),2025,2026,small_and_medium,manufacturing,2016,0.1516524899304938,0.03429671171797349,49719311.897,0.386321788358438,1.588515662679056,,-1.839077857734624,-0.6528680942616816,6735628.667,-2.446196169045891,-0.10806257610987145,-0.0735294819762095,-0.27972167080984983,-0.22242584719676092,,-0.8246621959750968,-4.5410442399886914,0.02843532002069614,0.0,0.007329568915896214,0.2697175258940544,0,,5.803,,,,0,1,0,1,0,0,0,0,1,0,0,1,0,0,0
KOSDAQ,235980,(주)메드팩토,2025,2026,small_and_medium,it_services,2019,,,48663158.0,,,,,,385162.0,,,,,,,,,,1070956.0,,,0,4.97929911562008,5.803,,,,0,0,0,1,0,0,0,0,1,0,1,0,0,0,0
KOSDAQ,236200,(주)슈프리마,2025,2026,small_and_medium,manufacturing,2016,,,299911239.0,,,,,,90788212.0,,,,,,,,,,2319177.0,,,0,1.046613343217217,5.803,,0.37302713146439437,,0,0,0,1,0,0,0,0,1,0,0,1,0,0,0
KOSDAQ,236810,(주)엔비티,2025,2026,small_and_medium,it_services,2021,,,35757067.0,,,,,,92309852.0,,,,,,,,,,1262201.0,,,0,1.7141527400510952,5.803,,,,0,0,0,1,0,0,0,0,1,0,1,0,0,0,0
KOSDAQ,237690,에스티팜(주),2025,2026,mid_sized,manufacturing,2016,,,782566949.0,,,,,,136202621.0,,,,,,,,,,28482355.0,,,1,4.161257016950529,5.803,,,,0,0,0,1,0,0,1,0,0,0,0,1,0,0,0
KOSDAQ,237750,피앤씨테크(주),2025,2026,small_and_medium,manufacturing,2016,0.5439069560969993,0.24643528224608147,82282204.233,0.532196248267709,0.8790061058396887,,-12.480984019948895,-0.6489398347238784,7062381.165,0.04197536058584799,-0.2206171007475227,0.00024326895695840053,-0.41454087935724493,0.028860465369016472,,0.040236462919998356,2.3295646782283317,-0.2312477771392617,0.0,0.007693068335985691,0.7172714317955673,0,,5.803,,-0.125492304005186,-0.8250823485131503,0,1,0,1,0,0,0,0,1,0,0,1,0,0,0
KOSDAQ,237820,(주)플레이디,2025,2026,mid_sized,it_services,2020,,,145390356.0,,,,,,40227143.0,,,,,,,,,,1525075.0,,,0,0.6497476237608967,5.803,,-0.10607875288485234,,0,0,0,1,0,0,1,0,0,0,1,0,0,0,0
KOSDAQ,237880,(주)클리오,2025,2026,mid_sized,manufacturing,2016,,,299252973.0,,,,,,161364911.0,,,,,,,,,,2417491.0,,,1,0.9775583351663004,5.803,,0.27761172975010967,,0,0,0,1,0,0,1,0,0,0,0,1,0,0,0
KOSDAQ,238090,(주)앤디포스,2025,2026,small_and_medium,manufacturing,2016,,,108626218.0,,,,,,18184302.0,,,,,,,,,,2383165.0,,,0,0.4597135503508149,5.803,,,,0,0,0,1,0,0,0,0,1,0,0,1,0,0,0
KOSDAQ,238120,(주)얼라인드제네틱스,2025,2026,small_and_medium,manufacturing,2016,,,57794758.0,,,,,,11227223.0,,,,,,,,,,579787.0,,,0,1.497424730940898,5.803,,,,0,0,0,1,0,0,0,0,1,0,0,1,0,0,0
KOSDAQ,238200,(주)비피도,2025,2026,small_and_medium,manufacturing,2018,,,61302324.0,,,,,,7490088.0,,,,,,,,,,1914046.0,,,0,0.5458704175821496,5.803,,,,0,0,0,1,0,0,0,0,1,0,0,1,0,0,0
KOSDAQ,238490,(주)힘스,2025,2026,small_and_medium,manufacturing,2017,1.0852878023189902,0.08362181098499806,89181987.012,0.6521719231841508,0.5333380117279819,0.17783860319086564,-9.283022380897995,-0.21129173577905322,12332362.582,-3.3539354116677345,-0.09296502982025306,-0.08444449152031863,-0.14254681398481936,-0.4659355804778675,-0.9113065103404793,-0.2439000889325144,-6.436857302623756,0.021667430820306696,0.0,0.02440121792427865,1.9103542869424248,0,,5.803,0.6935687263556116,-0.06711086097472761,-0.3230540385551878,0,1,0,1,0,0,0,0,1,0,0,1,0,0,0
KOSDAQ,239340,(주)이스트에이드,2025,2026,small_and_medium,it_services,2016,,,33484814.0,,,,,,15584001.0,,,,,,,,,,687562.0,,,0,2.814436422649884,5.803,,,,0,0,0,1,0,0,0,0,1,0,1,0,0,0,0
KOSDAQ,239610,(주)에이치엘사이언스,2025,2026,small_and_medium,manufacturing,2016,,,85044689.0,,,,,,8562540.0,,,,,,,,,,2211056.0,,,0,0.5270281785223413,5.803,,-0.1974574449180554,,0,0,0,1,0,0,0,0,1,0,0,1,0,0,0
KOSDAQ,239890,(주)피엔에이치테크,2025,2026,small_and_medium,manufacturing,2021,6.535822578126105,0.6994468657963299,67213925.448,0.8271521022531545,0.20896748890078312,0.06977658990663152,-10.191125331693465,0.09530315528235475,9265438.409,2.390634251865506,0.0357770941657084,0.032643821118548993,0.04325334369368334,0.712809976924731,1.76574559131196,0.2749511681449754,9.022980520517798,-0.08050163853599183,0.0,0.009220768075500664,2.5924966303430392,0,,5.803,0.4243107897241032,,,0,0,0,1,0,0,0,0,1,0,0,1,0,0,0
KOSDAQ,240550,(주)동방메디컬,2025,2026,other,manufacturing,2025,,,186529398.0,,,,,,40250457.0,,,,,,,,,,6718401.0,,,0,1.2969417796194551,5.803,,,,0,0,0,1,0,0,0,1,0,0,0,1,0,0,0
KOSDAQ,240600,(주)유진테크놀로지,2025,2026,small_and_medium,manufacturing,2023,,,59265808.0,,,,,,2691611.0,,,,,,,,,,2095022.0,,,0,0.6884696205171057,5.803,,-0.15925560074393622,,0,0,0,1,0,0,0,0,1,0,0,1,0,0,0
KOSDAQ,240810,(주)원익아이피에스,2025,2026,mid_sized,manufacturing,2016,,,1164636219.0,,,,,,382843606.0,,,,,,,,,,36336248.0,,,1,3.435817969397596,5.803,,0.05910540679566936,,0,0,0,1,0,0,1,0,0,0,0,1,0,0,0
KOSDAQ,241690,(주)유니테크노,2025,2026,small_and_medium,manufacturing,2016,,,239757829.0,,,,,,12808590.0,,,,,,,,,,5658735.0,,,0,0.600515167391343,5.803,,,,0,0,0,1,0,0,0,0,1,0,0,1,0,0,0
KOSDAQ,241710,(주)코스메카코리아,2025,2026,mid_sized,manufacturing,2016,,,631824856.0,,,,,,158057257.0,,,,,,,,,,15345042.0,,,1,2.1154465563085236,5.803,,0.8005349527137365,,0,0,0,1,0,0,1,0,0,0,0,1,0,0,0
KOSDAQ,241770,(주)메카로,2025,2026,small_and_medium,manufacturing,2017,,,225650455.0,,,,,,47802462.0,,,,,,,,,,9878615.0,,,1,1.1410568234039338,5.803,,0.1498244652414905,,0,0,0,1,0,0,0,0,1,0,0,1,0,0,0
KOSDAQ,241790,티이엠씨씨엔에스(주),2025,2026,small_and_medium,manufacturing,2016,,,168074904.0,,,,,,27277070.0,,,,,,,,,,5573745.0,,,1,0.5704698270471718,5.803,,,,0,0,0,1,0,0,0,0,1,0,0,1,0,0,0
KOSDAQ,241840,(주)에이스토리,2025,2026,small_and_medium,it_services,2019,,,56077466.0,,,,,,476187.0,,,,,,,,,,725758.0,,,0,1.425050733807803,5.803,,,,0,0,0,1,0,0,0,0,1,0,1,0,0,0,0
KOSDAQ,242040,나무기술(주),2025,2026,small_and_medium,it_services,2016,,,101356439.0,,,,,,20532956.0,,,,,,,,,,1346095.0,,,0,0.9884047750986714,5.803,,,,0,0,0,1,0,0,0,0,1,0,1,0,0,0,0
KOSDAQ,243070,(주)휴온스,2025,2026,mid_sized,manufacturing,2016,,,680281790.0,,,,,,282213357.0,,,,,,,,,,23995058.0,,,1,0.7912109259350477,5.803,,,,0,0,0,1,0,0,1,0,0,0,0,1,0,0,0
KOSDAQ,243840,신흥에스이씨(주),2025,2026,small_and_medium,manufacturing,2017,,,875934873.0,,,,,,40265889.0,,,,,,,,,,65185654.0,,,1,0.6188508812369177,5.803,,,,0,0,0,1,0,0,0,0,1,0,0,1,0,0,0
KOSDAQ,244460,올리패스(주),2025,2026,small_and_medium,manufacturing,2019,0.10426502500321098,0.028385451598817647,17299057.552,0.09825288868430257,9.177817806590001,,0.5835131603805832,-18.85017289764781,438459.211,-0.9109493706942017,-0.893163075303699,-0.42719346633687644,-9.090451052014673,-0.43659569086320177,,-8.346160525161045,-0.8395254053170872,-0.49548749226567107,0.0,0.2654785983684436,0.05231096257338967,0,,5.803,,,,0,1,0,1,0,0,0,0,1,0,0,1,0,0,0
KOSDAQ,245620,이원다이애그노믹스(주),2025,2026,small_and_medium,it_services,2018,,,44013439.0,,,,,,3071241.0,,,,,,,,,,584532.0,,,0,-2.551558909101935,5.803,,-0.5434294585943571,,0,0,0,1,0,0,0,0,1,0,1,0,0,0,0
KOSDAQ,246250,(주)에스엘에스바이오,2025,2026,small_and_medium,it_services,2023,2.8500495367312095,0.1758128449205352,11228717.869,0.6799552762010891,0.4706849626743116,,0.005092066134634893,-1.2308952103769593,-1937437.099,-61.4426904523299,-0.47910962015105907,-0.3656160117206343,-0.704619313828764,-0.6106917044011966,,-0.550867203482011,-32.845638591657895,-0.2412751392996995,0.0,0.01330680766434706,1.1086005856602774,0,,5.803,,,,0,1,0,1,0,0,0,0,1,0,1,0,0,0,0
KOSDAQ,246710,(주)티앤알바이오팹,2025,2026,small_and_medium,manufacturing,2018,,,92713949.0,,,,,,6879655.0,,,,,,,,,,4699956.0,,,0,8.059453056881429,5.803,,,,0,0,0,1,0,0,0,0,1,0,0,1,0,0,0
KOSDAQ,246720,(주)아스타,2025,2026,small_and_medium,manufacturing,2017,4.105604872272962,0.8277433113642784,15490896.648,0.5954722180133416,0.6793394716822789,,-0.21523171085480153,-1.2730970305699223,1257322.954,-3.048298029130026,-0.21987994861741975,-0.16717552500967403,-0.3692530767447043,-0.534514800588795,,-1.2908552701673073,-3.942691694616602,0.002974612835335723,0.0,0.02580695004840884,0.4140780248118108,0,,5.803,,,,0,1,0,1,0,0,0,0,1,0,0,1,0,0,0
KOSDAQ,246960,(주)에스씨엘사이언스,2025,2026,small_and_medium,manufacturing,2019,,,79924145.0,,,,,,4201031.0,,,,,,,,,,2166391.0,,,0,3.329561215223841,5.803,,,,0,0,0,1,0,0,0,0,1,0,0,1,0,0,0
KOSDAQ,247540,(주)에코프로비엠,2025,2026,mid_sized,manufacturing,2019,,,4882022446.0,,,,,,269768525.0,,,,,,,,,,66980930.0,,,1,7.111914978846549,5.803,,0.12914112935433622,,0,0,0,1,0,0,1,0,0,0,0,1,0,0,0
KOSDAQ,247660,나노씨엠에스(주),2025,2026,small_and_medium,manufacturing,2021,2.5709444610733594,0.14710467072491779,22566957.876,0.8008298166417867,0.24870475501701117,,-7.320730003314979,-0.4153615191879802,1688720.491,-1.5712343011345689,-0.09734878365401528,-0.08831965801290709,-0.12155988904389115,0.06227493225992579,,0.052921642746323966,0.22065875310546557,-0.10975209333084503,0.0,0.0002634193333751052,1.1767384576181077,0,,5.803,,,,0,1,0,1,0,0,0,0,1,0,0,1,0,0,0
KOSDAQ,250000,(주)보라티알,2025,2026,small_and_medium,wholesale_retail,2017,,,226093812.0,,,,,,34918518.0,,,,,,,,,,1274919.0,,,1,0.6040493381769091,5.803,,,,0,0,0,1,0,0,0,0,1,0,0,0,0,0,1
KOSDAQ,250060,(주)모비스,2025,2026,small_and_medium,it_services,2016,14.140960219887294,12.943935393111687,39941573.11,0.8412366798990106,0.18872610276580987,,-9.444185261752132,-0.20648516770286252,-762925.53,-1.7810147755506511,-0.024938033293200955,-0.07348760157534015,-0.029644491127270786,-0.4115921617775301,,-0.5119974680068085,-1.5836919784607755,0.03899223730399536,0.0,3.791065003448483e-05,0.8038949164726276,0,,5.803,,,,0,1,0,1,0,0,0,0,1,0,1,0,0,0,0
KOSDAQ,250930,(주)예선테크,2025,2026,small_and_medium,manufacturing,2016,,,51086423.0,,,,,,7478891.0,,,,,,,,,,3001016.0,,,0,1.0554727836849,5.803,,-0.05756307487212519,,0,0,0,1,0,0,0,0,1,0,0,1,0,0,0
KOSDAQ,251120,(주)바이오에프디엔씨,2025,2026,small_and_medium,manufacturing,2022,17.06160926749526,3.1563616437575055,73449600.502,0.9502790300009792,0.05232249521382103,,-15.05336318387249,0.3475769964839302,12874010.713,35.927973923597364,0.10823351993294412,0.08512993553763086,0.1138965677616106,1.993074505139661,,0.3795119358762917,41.82284272511506,-0.008338804334045663,0.0,0.0043587404126354985,5.251678054703758,0,,5.803,,,,0,0,0,1,0,0,0,0,1,0,0,1,0,0,0
KOSDAQ,251370,와이엠티(주),2025,2026,small_and_medium,manufacturing,2017,,,373640252.0,,,,,,39035684.0,,,,,,,,,,9802489.0,,,0,0.9504386647088636,5.803,,0.49510516647639075,,0,0,0,1,0,0,0,0,1,0,0,1,0,0,0
KOSDAQ,251630,(주)브이원텍,2025,2026,small_and_medium,manufacturing,2017,,,205440024.0,,,,,,4983654.0,,,,,,,,,,2378633.0,,,1,0.7033958799079517,5.803,,1.331899842416302,,0,0,0,1,0,0,0,0,1,0,0,1,0,0,0
KOSDAQ,251970,펌텍코리아(주),2025,2026,mid_sized,manufacturing,2019,,,455308285.0,,,,,,83904138.0,,,,,,,,,,13006595.0,,,1,1.818126464187161,5.803,,0.2786347793368011,,0,0,0,1,0,0,1,0,0,0,0,1,0,0,0
KOSDAQ,252500,(주)세화피앤씨,2025,2026,small_and_medium,manufacturing,2016,8.635226894594984,0.5307458461411259,44782500.983,0.9020713857704198,0.10855971686314335,,-8.737413334831013,0.031205831436826346,19112137.713,4.373541256141583,0.02722498882907019,0.013996548188274283,0.030180525907956293,0.38595155624522076,,0.04496164312937005,11.810130303529135,-0.01156342407487644,0.0,0.010445180187179989,8.584018051446783,0,,5.803,,0.08983790432003065,-0.09148199380199912,0,0,0,1,0,0,0,0,1,0,0,1,0,0,0
KOSDAQ,252990,(주)샘씨엔에스,2025,2026,mid_sized,manufacturing,2021,2.1791869202037297,0.21090856878429246,253730108.291,0.6563336661055884,0.5236152762566407,,-4.704303366802903,0.193151989375655,37410978.403,6.95917285625196,0.05637793236817611,0.057802599548727754,0.08589827899991687,0.22068349174991964,,0.24675595551499324,9.130973671974326,-0.016475405706309235,0.0,0.08221963132209002,0.8943390699095431,0,,5.803,,0.32312452390672786,0.23551112682139722,0,0,0,1,0,0,1,0,0,0,0,1,0,0,0
KOSDAQ,253450,스튜디오드래곤(주),2025,2026,large,it_services,2017,,,1034472891.0,,,,,,57007460.0,,,,,,,,,,3465552.0,,,0,1.605747550895659,5.803,,-0.051522165506182716,,0,0,0,1,0,1,0,0,0,0,1,0,0,0,0
KOSDAQ,253590,(주)네오셈,2025,2026,small_and_medium,manufacturing,2018,,,155056271.0,,,,,,29804633.0,,,,,,,,,,1590163.0,,,1,4.03348740261983,5.803,,0.45671524345424636,,0,0,0,1,0,0,0,0,1,0,0,1,0,0,0
KOSDAQ,253840,(주)수젠텍,2025,2026,small_and_medium,manufacturing,2019,,,98213579.0,,,,,,811108.0,,,,,,,,,,3079182.0,,,0,1.3430551778876558,5.803,,,,0,0,0,1,0,0,0,0,1,0,0,1,0,0,0
KOSDAQ,254120,(주)자비스,2025,2026,small_and_medium,manufacturing,2016,,,37974065.0,,,,,,7658683.0,,,,,,,,,,838389.0,,,0,1.8541922126187296,5.803,,,,0,0,0,1,0,0,0,0,1,0,0,1,0,0,0
KOSDAQ,254490,미래반도체(주),2025,2026,mid_sized,wholesale_retail,2023,4.634882673597343,0.8637285112950793,187717849.204,0.5872243779503686,0.7029265772146104,0.2911742074596245,-75.34886911552847,0.022229486332043035,26891409.122,2.4405510273122255,0.09519339610364141,0.10161887452838729,0.1621073642002087,-0.3447378936810979,-0.4887088033991704,-0.04202781773620142,-3.417563369276595,0.21756484659919992,0.0,0.018358226154908272,8.202612275634566,0,,5.803,0.36590767921863643,0.25712853995283247,0.008921610345380603,0,0,0,1,0,0,1,0,0,0,0,0,0,0,1
KOSDAQ,255220,에스지이(주),2025,2026,mid_sized,manufacturing,2018,,,224392842.0,,,,,,22018380.0,,,,,,,,,,6474341.0,,,0,2.6397124402843444,5.803,,-0.03624873882102532,,0,0,0,1,0,0,1,0,0,0,0,1,0,0,0
KOSDAQ,255440,(주)야스,2025,2026,small_and_medium,manufacturing,2017,,,171668214.0,,,,,,4530467.0,,,,,,,,,,1664100.0,,,0,1.0318670677666857,5.803,,-0.15621818274902935,,0,0,0,1,0,0,0,0,1,0,0,1,0,0,0
KOSDAQ,256150,(주)한독크린텍,2025,2026,small_and_medium,manufacturing,2019,5.763569615586493,0.48379630475499263,64460471.351,0.898047642574397,0.11352666895638228,,-12.791202938892198,0.039310217833340697,7966479.789,14.968502767663987,0.05139682649789688,0.04369457177350139,0.05723173700513224,0.321812723658452,,0.030455175403576576,11.2396129987513,0.009539596920593418,0.0,0.0023187953619839795,10.566766383511261,0,,5.803,,,,0,0,0,1,0,0,0,0,1,0,0,1,0,0,0
KOSDAQ,256630,(주)포인트엔지니어링,2025,2026,small_and_medium,manufacturing,2017,,,92101826.0,,,,,,9160320.0,,,,,,,,,,6102266.0,,,0,0.9214070866316866,5.803,,-0.09952565692382848,,0,0,0,1,0,0,0,0,1,0,0,1,0,0,0
KOSDAQ,256840,(주)한국비엔씨,2025,2026,small_and_medium,manufacturing,2016,,,277985648.0,,,,,,39377958.0,,,,,,,,,,10772364.0,,,0,1.2791772575943647,5.803,,,,0,0,0,1,0,0,0,0,1,0,0,1,0,0,0
KOSDAQ,256940,(주)킵스바이오파마,2025,2026,small_and_medium,manufacturing,2017,,,233917146.0,,,,,,37576490.0,,,,,,,,,,2293157.0,,,0,2.5620390526407424,5.803,,0.9945433158454237,,0,0,0,1,0,0,0,0,1,0,0,1,0,0,0
KOSDAQ,257370,(주)피엔티엠에스,2025,2026,small_and_medium,manufacturing,2018,1.309603325408098,0.3943379688734584,52886257.303,0.40688497298483145,1.4576970554213111,,-2.4416413543501205,-0.6614655160963444,-994827.834,-4.859521146333308,-0.1386102837831969,-0.040176811810040285,-0.34066208630507533,-0.01313697940790579,,-0.037183152008648,-0.9424372688504029,-0.13081854388677916,0.0,0.005659621086157313,0.35330462045956756,0,,5.803,,,,0,1,0,1,0,0,0,0,1,0,0,1,0,0,0
KOSDAQ,257720,(주)실리콘투,2025,2026,small_and_medium,wholesale_retail,2021,,,709448341.0,,,,,,346757656.0,,,,,,,,,,8828851.0,,,0,5.540787528151906,5.803,,,,0,0,0,1,0,0,0,0,1,0,0,0,0,0,1
KOSDAQ,258610,(주)케일럼,2025,2026,small_and_medium,manufacturing,2017,,,79874351.0,,,,,,6669589.0,,,,,,,,,,1970981.0,,,0,1.1027837620484309,5.803,,,,0,0,0,1,0,0,0,0,1,0,0,1,0,0,0
KOSDAQ,258790,소프트캠프(주),2025,2026,small_and_medium,it_services,2017,,,42147382.0,,,,,,18591881.0,,,,,,,,,,913351.0,,,0,2.359353095484225,5.803,,0.7345666655746929,,0,0,0,1,0,0,0,0,1,0,1,0,0,0,0
KOSDAQ,258830,(주)세종메디칼,2025,2026,small_and_medium,manufacturing,2018,,,59805897.0,,,,,,10335467.0,,,,,,,,,,1047553.0,,,0,1.197346689638803,5.803,,,,0,0,0,1,0,0,0,0,1,0,0,1,0,0,0
KOSDAQ,259630,(주)엠플러스,2025,2026,mid_sized,manufacturing,2017,,,241385473.0,,,,,,38871634.0,,,,,,,,,,2146741.0,,,1,1.4091943737502717,5.803,,-0.246283427538483,,0,0,0,1,0,0,1,0,0,0,0,1,0,0,0
KOSDAQ,260660,알리코제약(주),2025,2026,mid_sized,manufacturing,2018,1.1208257126534134,0.26108807884463137,171843891.934,0.455082956204434,1.1974015646298486,,-9.204621804458936,-0.003008634913967194,104298629.177,0.3097748589909476,-0.006354307736578641,0.0057566128238060186,-0.013962965762497457,0.10673286481196827,,0.049673770172992286,3.1297360005536397,-0.0616832187731822,0.0,0.05023412273690503,2.1486765437828415,0,,5.803,,,,0,1,0,1,0,0,1,0,0,0,0,1,0,0,0
KOSDAQ,260930,(주)씨티케이,2025,2026,small_and_medium,manufacturing,2017,,,256828625.0,,,,,,35285694.0,,,,,,,,,,7219064.0,,,1,0.6033191883760589,5.803,,,,0,0,0,1,0,0,0,0,1,0,0,1,0,0,0
KOSDAQ,260970,(주)에스앤디,2025,2026,small_and_medium,manufacturing,2021,3.441694982572286,1.1908282213478534,108902343.086,0.7918981372686974,0.262788675635806,,-41.48861297131118,0.13653282414204038,32546773.78,1430.5486262754014,0.21763349894394393,0.21125674765171876,0.27482511790540953,1.005065199358178,,0.1509075278319213,1416.3227740127434,-0.019923158956154048,0.0,0.009975151353191151,6.660139582152627,0,,5.803,,,,0,0,0,1,0,0,0,0,1,0,0,1,0,0,0
KOSDAQ,261200,(주)덴티스,2025,2026,small_and_medium,manufacturing,2017,,,209108220.0,,,,,,49520146.0,,,,,,,,,,5840167.0,,,0,1.4724574791150236,5.803,,,,0,0,0,1,0,0,0,0,1,0,0,1,0,0,0
KOSDAQ,261520,(주)이지스,2025,2026,other,it_services,2025,3.309297868646233,0.4732955291599257,67455823.286,0.7253321329806474,0.37867875216095126,,-49.08401047541339,-0.22624269455255533,112568.892,-16.098461146060476,-0.10654623157629814,-0.10079006568749509,-0.14689302559706247,-0.503145351327131,,-0.4386917354088151,-22.07333502308279,0.06692627312336084,0.0,0.016745102527485293,1.146922339118725,0,,5.803,,,,0,1,0,1,0,0,0,1,0,0,1,0,0,0,0
KOSDAQ,261780,(주)차백신연구소,2025,2026,small_and_medium,it_services,2021,1.6607147616598545,0.6039385109397369,29781550.83,0.3982012160043044,1.511293184974077,,0.11714564199412127,-101.15303337620416,143918.219,-4.787735693861155,-0.5387392226007862,-0.4791909619973273,-1.3529321381955868,-0.6147057727544313,,-69.45746250693499,-3.6960696489476645,-0.1688100360420351,0.0,0.007717994583695762,0.008850104086267994,0,,5.803,,,,0,1,0,1,0,0,0,0,1,0,1,0,0,0,0
KOSDAQ,262260,(주)에이프로,2025,2026,small_and_medium,manufacturing,2020,,,327516706.0,,,,,,22884655.0,,,,,,,,,,5795171.0,,,1,1.2105755174192177,5.803,,0.32922277445804243,,0,0,0,1,0,0,0,0,1,0,0,1,0,0,0
KOSDAQ,262840,(주)아이퀘스트,2025,2026,small_and_medium,it_services,2021,,,112404731.0,,,,,,15152749.0,,,,,,,,,,837242.0,,,1,0.644538066862203,5.803,,,,0,0,0,1,0,0,0,0,1,0,1,0,0,0,0
KOSDAQ,263020,(주)디케이앤디,2025,2026,small_and_medium,manufacturing,2018,,,110773634.0,,,,,,30939221.0,,,,,,,,,,2465370.0,,,1,0.5161237683894566,5.803,,0.1730188259268366,,0,0,0,1,0,0,0,0,1,0,0,1,0,0,0
KOSDAQ,263050,(주)유틸렉스,2025,2026,small_and_medium,manufacturing,2018,,,41197062.0,,,,,,404736.0,,,,,,,,,,2992080.0,,,0,2.585248152343144,5.803,,,,0,0,0,1,0,0,0,0,1,0,0,1,0,0,0
KOSDAQ,263600,덕우전자(주),2025,2026,mid_sized,manufacturing,2017,,,236036434.0,,,,,,20743465.0,,,,,,,,,,13483863.0,,,1,0.6971296427222201,5.803,,,,0,0,0,1,0,0,1,0,0,0,0,1,0,0,0
KOSDAQ,263690,(주)디알젬,2025,2026,small_and_medium,manufacturing,2018,,,121965831.0,,,,,,32214474.0,,,,,,,,,,2165734.0,,,1,0.656575662194261,5.803,,,,0,0,0,1,0,0,0,0,1,0,0,1,0,0,0
KOSDAQ,263700,(주)케어랩스,2025,2026,mid_sized,it_services,2018,,,107430677.0,,,,,,81694243.0,,,,,,,,,,2428432.0,,,1,0.764797239803784,5.803,,,,0,0,0,1,0,0,1,0,0,0,1,0,0,0,0
KOSDAQ,263720,(주)디앤씨미디어,2025,2026,small_and_medium,it_services,2017,,,117432952.0,,,,,,85471657.0,,,,,,,,,,847090.0,,,0,1.5959788897206233,5.803,,,,0,0,0,1,0,0,0,0,1,0,1,0,0,0,0
KOSDAQ,263750,(주)펄어비스,2025,2026,mid_sized,it_services,2017,,,1149099301.0,,,,,,365564944.0,,,,,,,,,,14582490.0,,,0,3.006959473677939,5.803,,,,0,0,0,1,0,0,1,0,0,0,1,0,0,0,0
KOSDAQ,263770,(주)유에스티,2025,2026,mid_sized,manufacturing,2017,12.576718680447714,5.373190816984333,87664528.577,0.94430931407209,0.058975046733107314,,-33.92904222340665,0.04216521024881917,6210211.736,2.315449224853658,0.03496587960668296,0.026604781943832978,0.03702799399055129,1.1388986926891767,,0.09592073804296578,5.520052644098961,-0.0355449804793399,0.0,5.7035611565608975e-11,11.873331209972863,0,,5.803,,-0.12837054535058026,0.04216521024881917,0,0,0,1,0,0,1,0,0,0,0,1,0,0,0
KOSDAQ,263800,(주)데이타솔루션,2025,2026,mid_sized,wholesale_retail,2017,1.650064231158899,0.3088629348225997,68414533.174,0.514663327153729,0.9430177889890764,,-3.3409723195979875,0.010088552889342909,21925364.731,12.031873511972892,0.020318791322664297,0.017792639641406028,0.039479772990693614,-0.0515295173013759,,-0.016481003377035584,-16.911886585300955,0.04031807940550664,0.0,0.06006149852034069,3.1266007367716737,0,,5.803,,-0.016487582103177037,-0.014109468817608047,0,0,0,1,0,0,1,0,0,0,0,0,0,0,1
KOSDAQ,263810,상신전자(주),2025,2026,mid_sized,manufacturing,2017,,,86674881.0,,,,,,11654254.0,,,,,,,,,,2113479.0,,,0,0.930766730554146,5.803,,,,0,0,0,1,0,0,1,0,0,0,0,1,0,0,0
KOSDAQ,263860,지니언스(주),2025,2026,small_and_medium,it_services,2017,,,80399686.0,,,,,,30953002.0,,,,,,,,,,824718.0,,,1,2.72193468509219,5.803,,,,0,0,0,1,0,0,0,0,1,0,1,0,0,0,0
KOSDAQ,263920,(주)휴엠앤씨,2025,2026,mid_sized,manufacturing,2017,,,61798161.0,,,,,,9869225.0,,,,,,,,,,1947619.0,,,0,0.8319083710904832,5.803,,0.12285722758009836,,0,0,0,1,0,0,1,0,0,0,0,1,0,0,0
KOSDAQ,264450,(주)유비쿼스,2025,2026,mid_sized,manufacturing,2017,,,223476287.0,,,,,,48659581.0,,,,,,,,,,2700339.0,,,1,0.7263958164136626,5.803,,0.09456287478246377,,0,0,0,1,0,0,1,0,0,0,0,1,0,0,0
KOSDAQ,264660,씨앤지하이테크(주),2025,2026,mid_sized,manufacturing,2018,,,197506674.0,,,,,,39864169.0,,,,,,,,,,1931754.0,,,1,1.0796977923160656,5.803,,,,0,0,0,1,0,0,1,0,0,0,0,1,0,0,0
KOSDAQ,264850,(주)이랜시스,2025,2026,small_and_medium,manufacturing,2017,,,66549307.0,,,,,,8940733.0,,,,,,,,,,2453146.0,,,1,3.8482363466371554,5.803,,0.4277380358543831,,0,0,0,1,0,0,0,0,1,0,0,1,0,0,0
KOSDAQ,265520,에이피시스템(주),2025,2026,mid_sized,manufacturing,2017,,,680939800.0,,,,,,89066252.0,,,,,,,,,,8201977.0,,,1,0.7931565322537172,5.803,,0.19225572547082959,,0,0,0,1,0,0,1,0,0,0,0,1,0,0,0
KOSDAQ,265560,영화테크(주),2025,2026,small_and_medium,manufacturing,2017,,,118435399.0,,,,,,36362858.0,,,,,,,,,,5152930.0,,,1,0.7909167171064851,5.803,,0.45667657250956345,,0,0,0,1,0,0,0,0,1,0,0,1,0,0,0
KOSDAQ,265740,(주)엔에프씨,2025,2026,small_and_medium,manufacturing,2020,1.5803114081185579,0.4364197433437023,92053691.375,0.7102004929674663,0.4080530919116233,,-35.59764940661457,0.1404603611691072,19162097.769,24.665757831356395,0.12776890631236787,0.1359866520398949,0.1799054035832961,0.04736313845473106,,0.017641448837892443,2.489638530085734,0.0955584534700035,0.0,0.003882193409758849,2.684764663602842,0,,5.803,,0.14165101575052752,0.054700062115289064,0,0,0,1,0,0,0,0,1,0,0,1,0,0,0
KOSDAQ,267320,(주)나인테크,2025,2026,small_and_medium,manufacturing,2017,,,178483494.0,,,,,,2194779.0,,,,,,,,,,2032684.0,,,0,1.6417472893136045,5.803,,,,0,0,0,1,0,0,0,0,1,0,0,1,0,0,0
KOSDAQ,267790,(주)배럴,2025,2026,small_and_medium,manufacturing,2018,,,80992727.0,,,,,,42467213.0,,,,,,,,,,1517912.0,,,1,0.7290744165597527,5.803,,,,0,0,0,1,0,0,0,0,1,0,0,1,0,0,0
KOSDAQ,267980,매일유업(주),2025,2026,mid_sized,manufacturing,2017,,,1065939700.0,,,,,,493937067.0,,,,,,,,,,43739918.0,,,1,0.4274402254777131,5.803,,0.03863988263547259,,0,0,0,1,0,0,1,0,0,0,0,1,0,0,0
KOSDAQ,269620,(주)시스웍,2025,2026,small_and_medium,manufacturing,2017,,,19660847.0,,,,,,1956317.0,,,,,,,,,,720683.0,,,0,-5.703941756278438,5.803,,-0.7899109227562137,,0,0,0,1,0,0,0,0,1,0,0,1,0,0,0
KOSDAQ,270520,(주)앱튼,2025,2026,small_and_medium,it_services,2017,,,160058823.0,,,,,,-748263.0,,,,,,,,,,830203.0,,,0,0.7166770560750423,5.803,,,,0,0,0,1,0,0,0,0,1,0,1,0,0,0,0
KOSDAQ,270660,에브리봇(주),2025,2026,small_and_medium,manufacturing,2021,,,110290572.0,,,,,,13154464.0,,,,,,,,,,2168446.0,,,0,4.675858745222491,5.803,,,,0,0,0,1,0,0,0,0,1,0,0,1,0,0,0
KOSDAQ,270870,(주)뉴트리,2025,2026,mid_sized,manufacturing,2018,,,136682989.0,,,,,,72039625.0,,,,,,,,,,1168653.0,,,0,0.4490536732521035,5.803,,0.029767921996228214,,0,0,0,1,0,0,1,0,0,0,0,1,0,0,0
KOSDAQ,271830,팸텍(주),2025,2026,small_and_medium,manufacturing,2023,,,87568611.0,,,,,,11349520.0,,,,,,,,,,1117925.0,,,0,0.8578546673608922,5.803,,-0.002606919568955341,,0,0,0,1,0,0,0,0,1,0,0,1,0,0,0
KOSDAQ,272110,(주)케이엔제이,2025,2026,small_and_medium,manufacturing,2019,,,230504257.0,,,,,,34127692.0,,,,,,,,,,6014077.0,,,0,1.78356238319741,5.803,,0.8236546424247181,,0,0,0,1,0,0,0,0,1,0,0,1,0,0,0
KOSDAQ,272290,(주)이녹스첨단소재,2025,2026,mid_sized,manufacturing,2017,,,1087951647.0,,,,,,152506092.0,,,,,,,,,,19803761.0,,,1,0.8679536605624556,5.803,,,,0,0,0,1,0,0,1,0,0,0,0,1,0,0,0
KOSDAQ,273060,(주)와이즈버즈,2025,2026,mid_sized,it_services,2017,,,189729510.0,,,,,,45521334.0,,,,,,,,,,1405752.0,,,0,0.8946691558294618,5.803,,,,0,0,0,1,0,0,1,0,0,0,1,0,0,0,0
KOSDAQ,273640,(주)와이엠텍,2025,2026,small_and_medium,manufacturing,2021,11.946322107118394,2.3497960024389015,60029266.476,0.9506441557605149,0.05191831658608413,,-9.407891911362393,0.10898667184702551,6553166.022,2.7180949125777194,0.050800305784499414,0.029038256725940802,0.05343777214288894,1.244957289699551,,0.1267147504325309,5.751579335330043,-0.008596616105684369,0.0,0.0014975578459873631,9.824880571914374,0,,5.803,,,,0,0,0,1,0,0,0,0,1,0,0,1,0,0,0
KOSDAQ,274090,켄코아에어로스페이스(주),2025,2026,small_and_medium,manufacturing,2020,,,232802780.0,,,,,,4220596.0,,,,,,,,,,6822299.0,,,1,1.4530816509345628,5.803,,,,0,0,0,1,0,0,0,0,1,0,0,1,0,0,0
KOSDAQ,274400,(주)이노시뮬레이션,2025,2026,small_and_medium,it_services,2023,0.6150943056867513,0.4576783751593627,57481436.612,0.5247813035296098,0.9055556920075694,,-5.6395656132679575,-0.14672340205527876,3206080.439,-2.1803368374417085,-0.03967006453565148,-0.03460772768133473,-0.0755935172782183,0.09924791652370066,,0.19022201588762463,2.9714294603098272,-0.08354369746210337,0.0,0.0028167303488409894,0.5217477906570618,0,,5.803,,,,0,1,0,1,0,0,0,0,1,0,1,0,0,0,0
KOSDAQ,275630,(주)에스에스알,2025,2026,small_and_medium,it_services,2018,,,28781563.0,,,,,,8087005.0,,,,,,,,,,418971.0,,,0,0.6855684059308863,5.803,,-0.05306880768837252,,0,0,0,1,0,0,0,0,1,0,1,0,0,0,0
KOSDAQ,276040,(주)스코넥엔터테인먼트,2025,2026,small_and_medium,it_services,2022,,,20582534.0,,,,,,6758661.0,,,,,,,,,,813066.0,,,0,2.415285490604677,5.803,,,,0,0,0,1,0,0,0,0,1,0,1,0,0,0,0
KOSDAQ,276730,(주)한울앤제주,2025,2026,small_and_medium,manufacturing,2021,,,60417881.0,,,,,,4589812.0,,,,,,,,,,558602.0,,,0,1.833846292450204,5.803,,,,0,0,0,1,0,0,0,0,1,0,0,1,0,0,0
KOSDAQ,277410,(주)인산가,2025,2026,small_and_medium,manufacturing,2017,,,114121833.0,,,,,,19760401.0,,,,,,,,,,2028063.0,,,1,0.7129700471390092,5.803,,1.2927054124175688,,0,0,0,1,0,0,0,0,1,0,0,1,0,0,0
KOSDAQ,277810,(주)레인보우로보틱스,2025,2026,small_and_medium,manufacturing,2021,,,143305318.0,,,,,,11909824.0,,,,,,,,,,954201.0,,,0,68.20286026255674,5.803,,0.08064030682349561,,0,0,0,1,0,0,0,0,1,0,0,1,0,0,0
KOSDAQ,277880,(주)티에스아이,2025,2026,small_and_medium,manufacturing,2020,,,302937881.0,,,,,,26219912.0,,,,,,,,,,2672157.0,,,1,0.9521424644089512,5.803,,,,0,0,0,1,0,0,0,0,1,0,0,1,0,0,0
KOSDAQ,278280,(주)천보,2025,2026,mid_sized,manufacturing,2019,,,849544747.0,,,,,,13437967.0,,,,,,,,,,22564210.0,,,0,1.2293539922394578,5.803,,,,0,0,0,1,0,0,1,0,0,0,0,1,0,0,0
KOSDAQ,278650,에이치엘비바이오스텝(주),2025,2026,small_and_medium,it_services,2019,,,155575364.0,,,,,,74050095.0,,,,,,,,,,4038578.0,,,0,1.2533155540717713,5.803,,,,0,0,0,1,0,0,0,0,1,0,1,0,0,0,0
KOSDAQ,279600,미디어젠(주),2025,2026,small_and_medium,it_services,2019,0.6943355896635168,0.11971945969493648,39941542.181,0.39448663645980214,1.5349401160307723,,-5.7266344488675145,-0.11917777220098273,4358250.807,-4.183836654950643,-0.068836853057414,-0.05587845186062171,-0.17449730027655425,-0.1945977759719379,,-0.20658923702680348,-8.82250595282966,0.04985656016925843,0.0,0.0009707328731649206,0.9419550542543037,0,,5.803,,,,0,1,0,1,0,0,0,0,1,0,1,0,0,0,0
KOSDAQ,281740,(주)레이크머티리얼즈,2025,2026,small_and_medium,manufacturing,2017,,,355838236.0,,,,,,28869058.0,,,,,,,,,,13118860.0,,,1,7.136980692352337,5.803,,0.18664286770744584,,0,0,0,1,0,0,0,0,1,0,0,1,0,0,0
KOSDAQ,282720,금양그린파워(주),2025,2026,mid_sized,construction,2023,,,184321989.0,,,,,,15024906.0,,,,,,,,,,2591460.0,,,0,1.4254536195391492,5.803,,,,0,0,0,1,0,0,1,0,0,1,0,0,0,0,0
KOSDAQ,282880,(주)코윈테크,2025,2026,small_and_medium,manufacturing,2019,,,428236311.0,,,,,,23477458.0,,,,,,,,,,6049015.0,,,1,0.7179142009557864,5.803,,,,0,0,0,1,0,0,0,0,1,0,0,1,0,0,0
KOSDAQ,284620,(주)카이노스메드,2025,2026,small_and_medium,it_services,2018,,,6617375.0,,,,,,199789.0,,,,,,,,,,383458.0,,,0,7.813484907688585,5.803,,,,0,0,0,1,0,0,0,0,1,0,1,0,0,0,0
KOSDAQ,285490,(주)노바텍,2025,2026,small_and_medium,manufacturing,2018,,,173989291.0,,,,,,20635991.0,,,,,,,,,,3477726.0,,,1,1.2986088939884437,5.803,,,,0,0,0,1,0,0,0,0,1,0,0,1,0,0,0
KOSDAQ,285800,(주)진영,2025,2026,small_and_medium,manufacturing,2023,,,70158709.0,,,,,,2654696.0,,,,,,,,,,1981539.0,,,0,0.7372033173755811,5.803,,,,0,0,0,1,0,0,0,0,1,0,0,1,0,0,0
KOSDAQ,286750,(주)나노실리칸첨단소재,2025,2026,small_and_medium,manufacturing,2019,,,44973138.0,,,,,,1224798.0,,,,,,,,,,915766.0,,,0,2.102526633993811,5.803,,,,0,0,0,1,0,0,0,0,1,0,0,1,0,0,0
KOSDAQ,287840,(주)인투셀,2025,2026,other,it_services,2025,9.709352307198545,3.715154613327768,41253688.514,0.5999292269005471,0.6668632818013622,,-2.299707811797959,-4.611963439127388,0.0,-32.8702823165638,-0.25703080592179217,-0.24968458237387467,-0.42843521268284745,-0.5226730731546133,,-3.752041472908448,-27.52825358764452,-0.047924585466559096,0.0,0.10751929499576092,0.13930365027374175,0,,5.803,,,,0,1,0,1,0,0,0,1,0,0,1,0,0,0,0
KOSDAQ,288330,파라택시스코리아(주),2025,2026,small_and_medium,manufacturing,2019,,,70830847.0,,,,,,9000.0,,,,,,,,,,1152762.0,,,0,2.170566443063371,5.803,,,,0,0,0,1,0,0,0,0,1,0,0,1,0,0,0
KOSDAQ,288620,에스퓨얼셀(주),2025,2026,small_and_medium,manufacturing,2018,,,91044143.0,,,,,,-4299262.0,,,,,,,,,,2029540.0,,,1,1.5908712198109525,5.803,,-0.3705481748397389,,0,0,0,1,0,0,0,0,1,0,0,1,0,0,0
KOSDAQ,288980,(주)모아데이타,2025,2026,small_and_medium,it_services,2022,,,78216531.0,,,,,,11052428.0,,,,,,,,,,5449262.0,,,0,1.7947646134027644,5.803,,,,0,0,0,1,0,0,0,0,1,0,1,0,0,0,0
KOSDAQ,289010,(주)아이스크림에듀,2025,2026,mid_sized,it_services,2019,2.040770446265756,0.5800627405893165,66971694.074,0.6356037455311392,0.5733072799379979,,-5.104937707561625,-0.011551401271931893,41810460.798,0.4262008847583729,-0.014975647023230473,0.020929399806599254,-0.023561294483430313,0.3963243814720673,,0.10560418649805561,2.9409136123499877,-0.16021625154268904,0.0,0.13741857942000132,3.7529230101058957,0,,5.803,,,,0,1,0,1,0,0,1,0,0,0,1,0,0,0,0
KOSDAQ,289220,(주)자이언트스텝,2025,2026,small_and_medium,it_services,2021,,,69971423.0,,,,,,36726021.0,,,,,,,,,,6881511.0,,,0,1.7891378441333687,5.803,,-0.4495045523718067,,0,0,0,1,0,0,0,0,1,0,1,0,0,0,0
KOSDAQ,289930,(주)웨이비스,2025,2026,small_and_medium,manufacturing,2024,2.8766909097767352,1.25096083296399,110354012.068,0.4641107968638282,1.1546579109070017,0.32926271915342903,-7.181813654485413,0.04412957376117131,14383201.633,0.20687203150861166,0.016278022034152184,0.005685652385826948,0.035073568949804484,0.013431656667042387,0.021860597539273625,0.01951338844280822,0.2618943110259189,0.00908014224605219,0.0,0.004085813506464674,0.68833030749166,0,,5.803,0.4198843264783478,,,0,1,0,1,0,0,0,0,1,0,0,1,0,0,0
KOSDAQ,290090,(주)트윔,2025,2026,small_and_medium,it_services,2021,,,69281156.0,,,,,,5018974.0,,,,,,,,,,1068398.0,,,0,0.8860918582495791,5.803,,,,0,0,0,1,0,0,0,0,1,0,1,0,0,0,0
KOSDAQ,290120,(주)디에이치오토리드,2025,2026,mid_sized,manufacturing,2018,,,313972573.0,,,,,,57559656.0,,,,,,,,,,7068876.0,,,1,0.3512540221597356,5.803,,0.13553045868674804,,0,0,0,1,0,0,1,0,0,0,0,1,0,0,0
KOSDAQ,290270,(주)휴네시온,2025,2026,small_and_medium,it_services,2018,,,58489761.0,,,,,,18032013.0,,,,,,,,,,1012261.0,,,1,0.7069772157221029,5.803,,,,0,0,0,1,0,0,0,0,1,0,1,0,0,0,0
KOSDAQ,290520,(주)신도기연,2025,2026,small_and_medium,manufacturing,2020,,,62602404.0,,,,,,9716074.0,,,,,,,,,,124915.0,,,0,0.4871074904022675,5.803,,,,0,0,0,1,0,0,0,0,1,0,0,1,0,0,0
KOSDAQ,290550,(주)디케이티,2025,2026,mid_sized,manufacturing,2018,,,319676365.0,,,,,,38308973.0,,,,,,,,,,13037546.0,,,0,0.6765306317412014,5.803,,,,0,0,0,1,0,0,1,0,0,0,0,1,0,0,0
KOSDAQ,290560,파라택시스이더리움(주),2025,2026,small_and_medium,it_services,2023,7.333619337286435,4.299743702319367,33843085.554,0.7759180857519752,0.2887958385850198,0.11515867753197123,-12.174220421864637,0.23870394659600272,9195529.0,9.939081074526493,0.11795183091773949,0.10730300454447741,0.15201582884026651,0.6344670230027951,1.2345798691743484,0.3437526803753762,13.168921553532721,-0.043447079512116515,0.0,0.0014271528795131209,1.8457078569102654,0,,5.803,0.017098907689344304,0.4764104495963017,0.24053668301654896,0,0,0,1,0,0,0,0,1,0,1,0,0,0,0
KOSDAQ,290650,(주)엘앤씨바이오,2025,2026,small_and_medium,manufacturing,2018,,,456637114.0,,,,,,45388523.0,,,,,,,,,,7341983.0,,,1,7.213287982204983,5.803,,,,0,0,0,1,0,0,0,0,1,0,0,1,0,0,0
KOSDAQ,290660,(주)네오펙트,2025,2026,small_and_medium,manufacturing,2018,,,77791246.0,,,,,,7528281.0,,,,,,,,,,1296213.0,,,0,1.0313618040886685,5.803,,,,0,0,0,1,0,0,0,0,1,0,0,1,0,0,0
KOSDAQ,290670,대보마그네틱(주),2025,2026,small_and_medium,manufacturing,2018,,,47498261.0,,,,,,-3455705.0,,,,,,,,,,2897187.0,,,0,5.573367164935681,5.803,,,,0,0,0,1,0,0,0,0,1,0,0,1,0,0,0
KOSDAQ,290690,(주)소룩스,2025,2026,small_and_medium,manufacturing,2020,0.4269951739381081,0.013876033287934865,141589003.075,0.6419611024936233,0.5577267783291175,,-2.728692688885846,-0.20161400446827166,4299977.74,-0.6867504014171928,-0.05044270117656523,-0.04744344425139954,-0.07857594639398933,-0.053289795871962,,-0.07059345725415887,-0.27618302354526447,-0.03541189967517539,0.0,0.006600770340228628,0.7548829302990758,0,,5.803,,,,0,1,0,1,0,0,0,0,1,0,0,1,0,0,0
KOSDAQ,290720,(주)푸드나무,2025,2026,small_and_medium,wholesale_retail,2018,,,86485313.0,,,,,,28478168.0,,,,,,,,,,5176091.0,,,0,1.9564325452465383,5.803,,-0.25287171024799904,,0,0,0,1,0,0,0,0,1,0,0,0,0,0,1
KOSDAQ,290740,(주)액트로,2025,2026,small_and_medium,manufacturing,2018,,,123668698.0,,,,,,19213553.0,,,,,,,,,,6460483.0,,,1,2.2226286510013424,5.803,,,,0,0,0,1,0,0,0,0,1,0,0,1,0,0,0
KOSDAQ,291230,(주)엔피,2025,2026,small_and_medium,it_services,2018,,,47404932.0,,,,,,27230567.0,,,,,,,,,,1964806.0,,,0,1.2388825720728474,5.803,,,,0,0,0,1,0,0,0,0,1,0,1,0,0,0,0
KOSDAQ,291650,(주)압타머사이언스,2025,2026,small_and_medium,it_services,2020,2.1974338005241663,1.8160554096961352,41105534.039,0.6867875995775967,0.45605424532277844,,-0.37118818647999724,-2.4598438970416954,1690465.085,-20.286661901532103,-0.2097422321242695,-0.18977871851995964,-0.30539606750801823,-0.7511196424170724,,-2.7591145351392337,-25.14844570739162,0.02551775408159903,0.0,0.02201792019394034,0.27223213565477034,0,,5.803,,,,0,1,0,1,0,0,0,0,1,0,1,0,0,0,0
KOSDAQ,291810,(주)핀텔,2025,2026,small_and_medium,it_services,2022,3.763651915302739,3.1838956457360617,20313883.967,0.8460500052043051,0.18196323367259937,,-2.0234843904920803,-0.6519758349276591,1834003.054,-2.8747638849099753,-0.1852459812270818,-0.1591312650624239,-0.21895393899601523,-0.6426234600375769,,-0.3481921364600978,-1.7872401804457334,-0.0863141028987054,399457.56,0.0008875059554976141,1.8456001521769585,0,,5.803,,,,0,1,0,1,0,0,0,0,1,0,1,0,0,0,0
KOSDAQ,293490,(주)카카오게임즈,2025,2026,large,it_services,2020,,,2676774444.0,,,,,,465018567.0,,,,,,,,,,19283334.0,,,0,1.116739230517493,5.803,,,,0,0,0,1,0,1,0,0,0,0,1,0,0,0,0
KOSDAQ,293780,압타바이오(주),2025,2026,small_and_medium,it_services,2019,,,60026991.0,,,,,,1330106.0,,,,,,,,,,469396.0,,,0,5.566925030068579,5.803,,,,0,0,0,1,0,0,0,0,1,0,1,0,0,0,0
KOSDAQ,294090,이오플로우(주),2025,2026,small_and_medium,manufacturing,2020,,,36375819.0,,,,,,-1013692.0,,,,,,,,,,3799032.0,,,0,-0.4251352001024027,5.803,,,,0,0,0,1,0,0,0,0,1,0,0,1,0,0,0
KOSDAQ,294140,(주)레몬,2025,2026,mid_sized,manufacturing,2020,,,25588309.0,,,,,,-1096939.0,,,,,,,,,,753857.0,,,0,12.746088725439623,5.803,,-0.10244911524027978,,0,0,0,1,0,0,1,0,0,0,0,1,0,0,0
KOSDAQ,294570,(주)쿠콘,2025,2026,small_and_medium,it_services,2021,1.2347314001327994,0.8714742253353319,313529196.521,0.5438472449489379,0.8387516150677391,,-32.25543197845668,0.3093199347646564,0.0,4.8434971613299,0.0842547960863691,0.060152311138069084,0.15492364238101422,0.31464332716686494,,0.6478507189189604,11.55674576485773,-0.07499840896133268,0.0,0.023912252958227583,0.48567257545364184,0,,5.803,,0.5106344860384601,0.2043799258622425,0,0,0,1,0,0,0,0,1,0,1,0,0,0,0
KOSDAQ,294630,(주)서남,2025,2026,small_and_medium,manufacturing,2020,1.5782296896372008,0.8729693327011344,16595675.557,0.5869420645483397,0.7037456682705372,,0.2611255235135402,-1.1737897835748965,-430828.674,-32.59342148842219,-0.23952165540638978,-0.23246189886935736,-0.4080839828556249,,,,,,830358.016,0.007841402451683275,0.49401881471324294,0,,5.803,,,,0,1,0,1,0,0,0,0,1,0,0,1,0,0,0
KOSDAQ,295310,(주)에이치브이엠,2025,2026,small_and_medium,manufacturing,2024,2.8414747816275883,0.5196066040024138,173276147.468,0.5200572695191173,0.9228651508413149,0.30750586624647913,-14.142672247889859,0.18955417086309093,12018506.189,1.6189272941194488,0.05478995032338931,0.033688668730807496,0.10535368609317214,-0.10614907786151184,-0.165673191502782,-0.13268346976009127,-2.448212659789695,0.12372717375286332,4305859.357,0.0005679364092404811,0.8000173499641138,0,,5.803,0.35073120940626534,,,0,0,0,1,0,0,0,0,1,0,0,1,0,0,0
KOSDAQ,296640,(주)이노룰스,2025,2026,small_and_medium,it_services,2022,,,40551287.0,,,,,,12517092.0,,,,,,,,,,515436.0,,,1,0.8655957094668524,5.803,,,,0,0,0,1,0,0,0,0,1,0,1,0,0,0,0
KOSDAQ,297090,씨에스베어링(주),2025,2026,mid_sized,manufacturing,2019,,,154563902.0,,,,,,23705014.0,,,,,,,,,,3602114.0,,,0,1.6312749271211089,5.803,,0.03187026022435375,,0,0,0,1,0,0,1,0,0,0,0,1,0,0,0
KOSDAQ,297570,(주)알로이스,2025,2026,small_and_medium,manufacturing,2018,,,112469562.0,,,,,,16137080.0,,,,,,,,,,2091789.0,,,0,0.7092529262925947,5.803,,,,0,0,0,1,0,0,0,0,1,0,0,1,0,0,0
KOSDAQ,297890,에이치비솔루션(주),2025,2026,mid_sized,manufacturing,2020,,,308900006.0,,,,,,26954113.0,,,,,,,,,,1647146.0,,,1,0.6210438035165914,5.803,,0.036414665090743786,,0,0,0,1,0,0,1,0,0,0,0,1,0,0,0
KOSDAQ,298060,에스씨엠생명과학(주),2025,2026,small_and_medium,manufacturing,2020,,,51993772.0,,,,,,4407051.0,,,,,,,,,,1408348.0,,,0,1.2401772578849342,5.803,,,,0,0,0,1,0,0,0,0,1,0,0,1,0,0,0
KOSDAQ,298380,에이비엘바이오(주),2025,2026,small_and_medium,manufacturing,2018,,,280934191.0,,,,,,79349848.0,,,,,,,,,,3321289.0,,,0,70.35874158894873,5.803,,,,0,0,0,1,0,0,0,0,1,0,0,1,0,0,0
KOSDAQ,298540,(주)더네이쳐홀딩스,2025,2026,mid_sized,manufacturing,2020,,,675904004.0,,,,,,305742986.0,,,,,,,,,,29580166.0,,,1,0.3253442597803108,5.803,,,,0,0,0,1,0,0,1,0,0,0,0,1,0,0,0
KOSDAQ,298830,슈어소프트테크(주),2025,2026,small_and_medium,it_services,2023,,,179033617.0,,,,,,93937691.0,,,,,,,,,,2808617.0,,,0,3.5251046946821645,5.803,,0.13212872329982922,,0,0,0,1,0,0,0,0,1,0,1,0,0,0,0
KOSDAQ,299030,(주)하나기술,2025,2026,small_and_medium,manufacturing,2020,,,263293478.0,,,,,,14654176.0,,,,,,,,,,3710650.0,,,0,2.129878715845994,5.803,,,,0,0,0,1,0,0,0,0,1,0,0,1,0,0,0
KOSDAQ,299170,(주)더블유에스아이,2025,2026,small_and_medium,wholesale_retail,2018,,,86862735.0,,,,,,15410724.0,,,,,,,,,,1234075.0,,,0,1.9442166970416208,5.803,,,,0,0,0,1,0,0,0,0,1,0,0,0,0,0,1
KOSDAQ,299660,(주)셀리드,2025,2026,small_and_medium,it_services,2019,0.8301741576846821,0.7597050738490637,110869307.903,0.6693158565842554,0.49406291538248825,,-4.03044731980776,-1.3650114755757254,1575490.407,-79.60862076327439,-0.10885967720263384,-0.10231015415848076,-0.1626432066889637,-0.2787133396682321,,-1.1556874207569008,-71.71541015130322,-0.016693595215903034,0.0,0.2613378367559557,0.2411667157246488,0,,5.803,,,,0,1,0,1,0,0,0,0,1,0,1,0,0,0,0
KOSDAQ,299900,(주)위지윅스튜디오,2025,2026,small_and_medium,it_services,2018,,,242562329.0,,,,,,101995172.0,,,,,,,,,,3434718.0,,,0,0.7787268668258115,5.803,,-0.2805721035251904,,0,0,0,1,0,0,0,0,1,0,1,0,0,0,0
KOSDAQ,300080,(주)플리토,2025,2026,small_and_medium,it_services,2019,,,24575168.0,,,,,,35979642.0,,,,,,,,,,776713.0,,,0,16.05424519212975,5.803,,-0.0077737518363630445,,0,0,0,1,0,0,0,0,1,0,1,0,0,0,0
KOSDAQ,300120,라온피플(주),2025,2026,small_and_medium,it_services,2019,,,196166595.0,,,,,,19464430.0,,,,,,,,,,1335970.0,,,0,0.9439173450240224,5.803,,,,0,0,0,1,0,0,0,0,1,0,1,0,0,0,0
KOSDAQ,301300,(주)바이브컴퍼니,2025,2026,small_and_medium,it_services,2020,,,65434274.0,,,,,,10563976.0,,,,,,,,,,2631357.0,,,0,1.016401034001112,5.803,,,,0,0,0,1,0,0,0,0,1,0,1,0,0,0,0
KOSDAQ,302430,(주)이노메트리,2025,2026,small_and_medium,manufacturing,2018,,,77002949.0,,,,,,3315235.0,,,,,,,,,,1748021.0,,,0,1.1675135897425477,5.803,,,,0,0,0,1,0,0,0,0,1,0,0,1,0,0,0
KOSDAQ,302550,(주)리메드,2025,2026,small_and_medium,manufacturing,2019,,,53909494.0,,,,,,14081589.0,,,,,,,,,,1330242.0,,,0,2.450101682317692,5.803,,,,0,0,0,1,0,0,0,0,1,0,0,1,0,0,0
KOSDAQ,303030,(주)지니틱스,2025,2026,small_and_medium,manufacturing,2018,1.4213697210099558,0.2415212813096105,21943879.67,0.407513555099621,1.4539061032105773,,-1.4120686821859025,-0.26327180995784105,6951108.064,-12.485764615357251,-0.43646951519216015,-0.38975968181655635,-1.0710552071954036,-0.7782800512877484,,-0.27814083920226157,-14.771770405380456,0.024650865532202415,0.0,,2.7981509422346638,0,,5.803,,,,0,1,0,1,0,0,0,0,1,0,0,1,0,0,0
KOSDAQ,303360,(주)프로티아,2025,2026,small_and_medium,manufacturing,2023,10.830528060421715,1.5387192749183083,33032667.674,0.9293319324664363,0.0760417941800531,,-3.767849707254247,0.2957214062408831,9303733.394,315.9646852354765,0.12764418492057633,0.1126525630846632,0.1373504777585874,1.2869219884094825,,0.1986826102832498,255.07794206352008,0.044418202413451256,0.0,0.003377633138840266,6.477275422216346,0,,5.803,,,,0,0,0,1,0,0,0,0,1,0,0,1,0,0,0
KOSDAQ,303530,이노뎁(주),2025,2026,small_and_medium,it_services,2021,,,69535469.0,,,,,,28178149.0,,,,,,,,,,2302937.0,,,0,1.172271058075912,5.803,,0.28465594636813313,,0,0,0,1,0,0,0,0,1,0,1,0,0,0,0
KOSDAQ,303810,동국생명과학(주),2025,2026,other,manufacturing,2025,1.717569146081402,0.024286525468664732,217626925.229,0.6036273848273569,0.6566511479362545,,-7.214419505667497,0.06642633483591442,32998783.473,3.4547480825599832,0.04975840863259601,0.05994368281531753,0.08243232478067142,0.005027138648774008,,0.003326955011478986,0.11484113291711155,0.03779224295590068,0.0,0.023931677233961956,1.5110329509803657,0,,5.803,,,,0,0,0,1,0,0,0,1,0,0,0,1,0,0,0
KOSDAQ,304100,(주)솔트룩스,2025,2026,small_and_medium,it_services,2020,,,106498868.0,,,,,,41635622.0,,,,,,,,,,2157314.0,,,0,4.5501716620080535,5.803,,,,0,0,0,1,0,0,0,0,1,0,1,0,0,0,0
KOSDAQ,304360,(주)에스바이오메딕스,2025,2026,small_and_medium,manufacturing,2023,,,41218861.0,,,,,,7547054.0,,,,,,,,,,1947364.0,,,0,27.734602551274666,5.803,,,,0,0,0,1,0,0,0,0,1,0,0,1,0,0,0
KOSDAQ,304840,(주)피플바이오,2025,2026,small_and_medium,manufacturing,2020,,,44571640.0,,,,,,-464470.0,,,,,,,,,,1314173.0,,,0,0.8150026492707543,5.803,,,,0,0,0,1,0,0,0,0,1,0,0,1,0,0,0
KOSDAQ,305090,(주)마이크로디지탈,2025,2026,small_and_medium,manufacturing,2019,2.3569067136617643,0.8832095694573784,65200642.119,0.44406771148290136,1.2519088286348072,,-2.0828127540617403,-1.0235744294071465,3639225.209,-1.890030209208104,-0.2108060471538621,-0.14066188255111406,-0.47471599871538755,-0.15504392330192077,,-0.4375924221564991,-1.158161084994472,-0.11542267533599901,1590760.119,0.020638333569538137,0.354311261922336,0,,5.803,,,,0,1,0,1,0,0,0,0,1,0,0,1,0,0,0
KOSDAQ,306040,(주)에스제이그룹,2025,2026,small_and_medium,manufacturing,2019,,,215495020.0,,,,,,103275753.0,,,,,,,,,,9329306.0,,,0,0.7588077435633598,5.803,,0.052329039886267706,,0,0,0,1,0,0,0,0,1,0,0,1,0,0,0
KOSDAQ,306620,(주)지아이에스,2025,2026,small_and_medium,manufacturing,2018,,,143518774.0,,,,,,16300147.0,,,,,,,,,,1537251.0,,,0,2.3358109293440843,5.803,,,,0,0,0,1,0,0,0,0,1,0,0,1,0,0,0
KOSDAQ,307180,(주)아이엘,2025,2026,small_and_medium,manufacturing,2018,,,154697625.0,,,,,,8937649.0,,,,,,,,,,4958119.0,,,1,4.2101555360832945,5.803,,,,0,0,0,1,0,0,0,0,1,0,0,1,0,0,0
KOSDAQ,307280,(주)원바이오젠,2025,2026,small_and_medium,manufacturing,2018,,,47625400.0,,,,,,17815030.0,,,,,,,,,,1448720.0,,,1,1.1118764035084838,5.803,,0.11005898215357139,,0,0,0,1,0,0,0,0,1,0,0,1,0,0,0
KOSDAQ,307750,(주)국전약품,2025,2026,small_and_medium,manufacturing,2018,,,179207012.0,,,,,,18465983.0,,,,,,,,,,5102356.0,,,1,1.7611280912674243,5.803,,,,0,0,0,1,0,0,0,0,1,0,0,1,0,0,0
KOSDAQ,307870,(주)비투엔,2025,2026,small_and_medium,it_services,2018,,,45587527.0,,,,,,1700714.0,,,,,,,,,,823955.0,,,0,1.8871842633564813,5.803,,0.8419266157068833,,0,0,0,1,0,0,0,0,1,0,1,0,0,0,0
KOSDAQ,308080,바이젠셀(주),2025,2026,small_and_medium,it_services,2021,20.035153720122466,2.300599229405071,54275047.508,0.8055311580069229,0.241416908657189,,-3.265543426445637,-719.8643529017435,11063.915,-50.007682628720374,-0.3007352558207179,-0.31521789185865307,-0.3733378316051846,-1.3091479256853749,,-609.403682010029,-40.389141266668275,-0.04614677471504426,2647420.994,0.01925783154489063,0.0021482442005721753,0,,5.803,,,,0,1,0,1,0,0,0,0,1,0,1,0,0,0,0
KOSDAQ,308100,(주)형지글로벌,2025,2026,mid_sized,wholesale_retail,2019,,,97127828.0,,,,,,11472098.0,,,,,,,,,,1534385.0,,,0,0.5423342772594055,5.803,,0.08963669950649113,,0,0,0,1,0,0,1,0,0,0,0,0,0,0,1
KOSDAQ,308430,(주)셀비온,2025,2026,small_and_medium,manufacturing,2024,11.099620552972853,0.868743955276565,35194689.378,0.6474436615213818,0.544535933289039,,-2.5516597122240485,-3.8937496066086914,88626.594,-60.16516170478383,-0.215192383164894,-0.23425716827475845,-0.33237236836828205,-0.4469186553858552,,-2.8510060274967217,-40.4677640982757,-0.057628378424269454,0.0,0.021629489319370122,0.1567582288762345,0,,5.803,,,,0,1,0,1,0,0,0,0,1,0,0,1,0,0,0
KOSDAQ,309710,(주)아이티켐,2025,2026,other,manufacturing,2025,,,181019209.0,,,,,,9009126.0,,,,,,,,,,2623569.0,,,0,6.785265827168375,5.803,,,,0,0,0,1,0,0,0,1,0,0,0,1,0,0,0
KOSDAQ,309930,(주)조이웍스앤코,2025,2026,small_and_medium,wholesale_retail,2018,,,54954305.0,,,,,,13240562.0,,,,,,,,,,2847844.0,,,0,2.6857129405233695,5.803,,,,0,0,0,1,0,0,0,0,1,0,0,0,0,0,1
KOSDAQ,310200,(주)애니플러스,2025,2026,small_and_medium,it_services,2018,,,271345116.0,,,,,,53109966.0,,,,,,,,,,6065434.0,,,1,1.371724612277491,5.803,,,,0,0,0,1,0,0,0,0,1,0,1,0,0,0,0
KOSDAQ,310210,보로노이(주),2025,2026,small_and_medium,it_services,2022,,,171234323.0,,,,,,7512306.0,,,,,,,,,,1758043.0,,,0,38.543158315494985,5.803,,,,0,0,0,1,0,0,0,0,1,0,1,0,0,0,0
KOSDAQ,310870,디와이씨(주),2025,2026,small_and_medium,manufacturing,2018,,,131518383.0,,,,,,24341621.0,,,,,,,,,,5646287.0,,,1,0.4770230970566559,5.803,,0.2323104240866879,,0,0,0,1,0,0,0,0,1,0,0,1,0,0,0
KOSDAQ,311320,(주)지오엘리먼트,2025,2026,small_and_medium,manufacturing,2021,,,76804567.0,,,,,,12580883.0,,,,,,,,,,2419844.0,,,1,1.4408147914369696,5.803,,,,0,0,0,1,0,0,0,0,1,0,0,1,0,0,0
KOSDAQ,311390,(주)네오크레마,2025,2026,small_and_medium,manufacturing,2019,,,181836812.0,,,,,,29621214.0,,,,,,,,,,4742774.0,,,1,0.5076025214862728,5.803,,1.5561752986703663,,0,0,0,1,0,0,0,0,1,0,0,1,0,0,0
KOSDAQ,311690,씨제이바이오사이언스(주),2025,2026,large,it_services,2019,,,72337467.0,,,,,,698912.0,,,,,,,,,,3957849.0,,,0,2.2701672235752213,5.803,,,,0,0,0,1,0,1,0,0,0,0,1,0,0,0,0
KOSDAQ,312610,에이에프더블류(주),2025,2026,small_and_medium,manufacturing,2019,1.387848052602877,0.2610800869779947,67396282.298,0.6983302710362803,0.43198718640115646,,-3.6468010371583235,-0.7484930257267748,-5519267.561,-51.7793491331822,-0.14518781853180018,-0.14126672026065945,-0.2079070957590742,-0.2743645627809129,,-0.4069323798955402,-30.337268440230257,-0.06947128428089784,0.0,0.0017310907370845024,0.6742264227077297,0,,5.803,,,,0,1,0,1,0,0,0,0,1,0,0,1,0,0,0
KOSDAQ,313760,(주)캐리,2025,2026,small_and_medium,manufacturing,2019,,,52647472.0,,,,,,244158.0,,,,,,,,,,822611.0,,,0,0.7212120198931156,5.803,,,,0,0,0,1,0,0,0,0,1,0,0,1,0,0,0
KOSDAQ,314130,(주)지놈앤컴퍼니,2025,2026,small_and_medium,manufacturing,2020,,,145008359.0,,,,,,13406186.0,,,,,,,,,,4046926.0,,,0,2.6441376549720577,5.803,,,,0,0,0,1,0,0,0,0,1,0,0,1,0,0,0
KOSDAQ,314140,(주)알피바이오,2025,2026,small_and_medium,manufacturing,2022,1.296749956729174,0.2217837768090801,156255718.323,0.6860407477210455,0.4576393651862425,,-23.738824019447147,0.034373109784125395,13839718.614,5.812820229429579,0.029639588040076797,0.032553578746380304,0.04320383029511929,0.25431714769198804,,0.09158987665305245,14.257293262751658,-0.049879807604153226,0.0,0.004841252871375083,2.7766949469247084,0,,5.803,,-0.05993341797351137,-0.0016241079250994411,0,0,0,1,0,0,0,0,1,0,0,1,0,0,0
KOSDAQ,314930,(주)바이오다인,2025,2026,small_and_medium,manufacturing,2021,,,44939882.0,,,,,,4467779.0,,,,,,,,,,475773.0,,,0,9.117827281382256,5.803,,,,0,0,0,1,0,0,0,0,1,0,0,1,0,0,0
KOSDAQ,315640,(주)딥노이드,2025,2026,small_and_medium,it_services,2021,12.29318732192447,4.124330959865374,40453607.728,0.7039887302384731,0.4204772847162687,,-0.9391705702174762,-1.4384245318388063,4793121.236,-13.447149861035584,-0.26568446750821767,-0.26097536049158576,-0.3773987509973608,-0.5308291026560705,,-0.8507146008961025,-8.096432687618435,-0.10855307080462231,0.0,0.0015000790883231358,0.6239802421363407,0,,5.803,,1.7846607178416494,0.2381121419178438,1,1,1,1,0,0,0,0,1,0,1,0,0,0,0
KOSDAQ,317120,(주)라닉스,2025,2026,small_and_medium,manufacturing,2019,,,43451613.0,,,,,,3642864.0,,,,,,,,,,355539.0,,,0,1.5573741069222804,5.803,,0.4865769649132278,,0,0,0,1,0,0,0,0,1,0,0,1,0,0,0
KOSDAQ,317240,(주)티에스트릴리온,2025,2026,small_and_medium,manufacturing,2019,,,55827863.0,,,,,,14239386.0,,,,,,,,,,1296294.0,,,0,1.473860728817916,5.803,,-0.18280708125134867,,0,0,0,1,0,0,0,0,1,0,0,1,0,0,0
KOSDAQ,317330,(주)덕산테코피아,2025,2026,small_and_medium,manufacturing,2019,,,646705782.0,,,,,,-4561306.0,,,,,,,,,,34083840.0,,,0,3.2539256025300887,5.803,,0.2572844019546039,,0,0,0,1,0,0,0,0,1,0,0,1,0,0,0
KOSDAQ,317530,(주)캐리소프트,2025,2026,small_and_medium,it_services,2019,,,28151687.0,,,,,,5683498.0,,,,,,,,,,470867.0,,,0,3.3135532184224834,5.803,,,,0,0,0,1,0,0,0,0,1,0,1,0,0,0,0
KOSDAQ,317690,(주)퀀타매트릭스,2025,2026,small_and_medium,manufacturing,2020,,,52672471.0,,,,,,1612685.0,,,,,,,,,,2031774.0,,,0,2.3971772351744725,5.803,,,,0,0,0,1,0,0,0,0,1,0,0,1,0,0,0
KOSDAQ,317770,(주)엑스페릭스,2025,2026,small_and_medium,manufacturing,2019,,,121402345.0,,,,,,10120120.0,,,,,,,,,,722327.0,,,0,1.0347427932252946,5.803,,1.0200594182178184,,0,0,0,1,0,0,0,0,1,0,0,1,0,0,0
KOSDAQ,317830,(주)에스피시스템스,2025,2026,small_and_medium,manufacturing,2019,,,98935815.0,,,,,,7303527.0,,,,,,,,,,2453293.0,,,0,2.27114094614997,5.803,,-0.019702582185274656,,0,0,0,1,0,0,0,0,1,0,0,1,0,0,0
KOSDAQ,317850,대모엔지니어링(주),2025,2026,small_and_medium,manufacturing,2019,,,64807212.0,,,,,,11576329.0,,,,,,,,,,1296913.0,,,1,1.3785605105253018,5.803,,0.026334669779598727,,0,0,0,1,0,0,0,0,1,0,0,1,0,0,0
KOSDAQ,317870,(주)엔바이오니아,2025,2026,small_and_medium,manufacturing,2019,,,82344658.0,,,,,,1789682.0,,,,,,,,,,1914995.0,,,0,2.737599321645648,5.803,,,,0,0,0,1,0,0,0,0,1,0,0,1,0,0,0
KOSDAQ,318000,(주)케이비지,2025,2026,small_and_medium,manufacturing,2019,,,52349210.0,,,,,,7146217.0,,,,,,,,,,1371798.0,,,1,0.8195086410715122,5.803,,,,0,0,0,1,0,0,0,0,1,0,0,1,0,0,0
KOSDAQ,318010,(주)팜스빌,2025,2026,small_and_medium,manufacturing,2019,,,68502068.0,,,,,,8058768.0,,,,,,,,,,616504.0,,,1,0.4092917747733031,5.803,,-0.07812534737476058,,0,0,0,1,0,0,0,0,1,0,0,1,0,0,0
KOSDAQ,318020,(주)포인트모바일,2025,2026,small_and_medium,manufacturing,2020,,,95018561.0,,,,,,35306727.0,,,,,,,,,,1570331.0,,,0,0.9093833347061522,5.803,,,,0,0,0,1,0,0,0,0,1,0,0,1,0,0,0
KOSDAQ,318060,(주)그래피,2025,2026,other,manufacturing,2025,,,39696158.0,,,,,,12250485.0,,,,,,,,,,741437.0,,,0,12.965959218485732,5.803,,,,0,0,0,1,0,0,0,1,0,0,0,1,0,0,0
KOSDAQ,318160,(주)셀바이오휴먼텍,2025,2026,small_and_medium,manufacturing,2023,,,88457532.0,,,,,,18845284.0,,,,,,,,,,2389394.0,,,0,1.2934529938509571,5.803,,0.6628478999126369,,0,0,0,1,0,0,0,0,1,0,0,1,0,0,0
KOSDAQ,318410,비비씨(주),2025,2026,small_and_medium,manufacturing,2020,,,92152437.0,,,,,,19472863.0,,,,,,,,,,2667790.0,,,1,0.5415411181874382,5.803,,,,0,0,0,1,0,0,0,0,1,0,0,1,0,0,0
KOSDAQ,319400,현대무벡스(주),2025,2026,mid_sized,manufacturing,2019,,,283436435.0,,,,,,71014331.0,,,,,,,,,,4384970.0,,,1,13.054965816513915,5.803,,0.1386062359633552,,0,0,0,1,0,0,1,0,0,0,0,1,0,0,0
KOSDAQ,319660,피에스케이(주),2025,2026,mid_sized,manufacturing,2019,,,645998218.0,,,,,,223228483.0,,,,,,,,,,8631196.0,,,1,1.9829310603968235,5.803,,,,0,0,0,1,0,0,1,0,0,0,0,1,0,0,0
KOSDAQ,320000,(주)한울반도체,2025,2026,small_and_medium,manufacturing,2019,,,130189938.0,,,,,,2112414.0,,,,,,,,,,799307.0,,,0,1.5293530589773812,5.803,,2.3476995527971507,,0,0,0,1,0,0,0,0,1,0,0,1,0,0,0
KOSDAQ,321260,(주)프로이천,2025,2026,small_and_medium,manufacturing,2019,,,48173605.0,,,,,,12405913.0,,,,,,,,,,1099252.0,,,1,1.1322447036749068,5.803,,,,0,0,0,1,0,0,0,0,1,0,0,1,0,0,0
KOSDAQ,321370,(주)센서뷰,2025,2026,small_and_medium,manufacturing,2023,,,36548693.0,,,,,,1654822.0,,,,,,,,,,1512097.0,,,0,4.504621071875904,5.803,,,,0,0,0,1,0,0,0,0,1,0,0,1,0,0,0
KOSDAQ,321550,(주)티움바이오,2025,2026,small_and_medium,it_services,2019,,,98553657.0,,,,,,5044300.0,,,,,,,,,,3535097.0,,,0,4.973718784254859,5.803,,,,0,0,0,1,0,0,0,0,1,0,1,0,0,0,0
KOSDAQ,321820,(주)아티스트컴퍼니,2025,2026,small_and_medium,it_services,2021,,,71642915.0,,,,,,6345498.0,,,,,,,,,,2749131.0,,,0,1.5938142762382743,5.803,,0.1701500625361288,,0,0,0,1,0,0,0,0,1,0,1,0,0,0,0
KOSDAQ,322180,엘에스티라유텍(주),2025,2026,small_and_medium,it_services,2019,,,111502555.0,,,,,,9130802.0,,,,,,,,,,1714969.0,,,0,2.426189372449509,5.803,,,,0,0,0,1,0,0,0,0,1,0,1,0,0,0,0
KOSDAQ,322310,(주)오로스테크놀로지,2025,2026,small_and_medium,manufacturing,2021,,,92165561.0,,,,,,25322467.0,,,,,,,,,,4230644.0,,,0,3.7486677049565023,5.803,,,,0,0,0,1,0,0,0,0,1,0,0,1,0,0,0
KOSDAQ,322510,(주)제이엘케이,2025,2026,small_and_medium,it_services,2019,,,74430727.0,,,,,,3339486.0,,,,,,,,,,645321.0,,,0,3.4315961869369676,5.803,,,,0,0,0,1,0,0,0,0,1,0,1,0,0,0,0
KOSDAQ,322780,(주)코퍼스코리아,2025,2026,small_and_medium,it_services,2019,,,66932727.0,,,,,,29032.0,,,,,,,,,,507098.0,,,0,1.4833889740112798,5.803,,,,0,0,0,1,0,0,0,0,1,0,1,0,0,0,0
KOSDAQ,323280,(주)태성,2025,2026,small_and_medium,manufacturing,2019,,,172536489.0,,,,,,7639626.0,,,,,,,,,,1289307.0,,,0,10.596750887915814,5.803,,,,0,0,0,1,0,0,0,0,1,0,0,1,0,0,0
KOSDAQ,323350,(주)다원넥스뷰,2025,2026,small_and_medium,manufacturing,2024,1.971494098473158,1.54813187462128,32356797.792,0.5816386458258582,0.7192805312654527,,-22.49332130661065,0.12913928914437933,7648934.046,21.419181155623843,0.12768414462884436,0.12453982785639926,0.21952486401165444,0.365754296147117,,0.18380614293332642,26.316952644650762,-0.045509813346365155,792138.878,0.011098818316588502,1.9898915798466552,0,,5.803,,,,0,0,0,1,0,0,0,0,1,0,0,1,0,0,0
KOSDAQ,323990,(주)박셀바이오,2025,2026,small_and_medium,it_services,2020,8.528957463721191,1.768802889791068,66903409.666,0.9137256908307719,0.09442036054692322,,-4.256951231191694,-1.8905146489514633,893105.137,-19.371612393955356,-0.1993922674284766,-0.23165168052527757,-0.21821895720934192,-1.841178687877449,,-1.5060838948001773,-13.283353951548063,-0.04054584807474406,0.0,0.10554383917429085,1.22249410821947,0,,5.803,,,,0,1,0,1,0,0,0,0,1,0,1,0,0,0,0
KOSDAQ,327260,알에프머트리얼즈(주),2025,2026,small_and_medium,manufacturing,2019,,,128192539.0,,,,,,17868242.0,,,,,,,,,,2775318.0,,,0,2.2306020187794195,5.803,,,,0,0,0,1,0,0,0,0,1,0,0,1,0,0,0
KOSDAQ,328130,(주)루닛,2025,2026,small_and_medium,it_services,2022,,,369911697.0,,,,,,83129295.0,,,,,,,,,,5153205.0,,,0,8.74937704581654,5.803,,,,0,0,0,1,0,0,0,0,1,0,1,0,0,0,0
KOSDAQ,328380,솔트웨어(주),2025,2026,small_and_medium,it_services,2019,,,38446772.0,,,,,,8135760.0,,,,,,,,,,950876.0,,,0,1.2057501446608874,5.803,,0.05468355328971753,,0,0,0,1,0,0,0,0,1,0,1,0,0,0,0
KOSDAQ,330350,위더스제약(주),2025,2026,small_and_medium,manufacturing,2020,2.0615549101454,0.5292240782198375,136644571.623,0.7172371963183318,0.3942389005103542,,-36.1176857943247,0.04666415985719297,68830486.512,2.5577740406563167,0.03303735402277877,0.04144104661269146,0.0460619641484904,0.1755013107409064,,0.06370490561194112,3.0629090684276483,-0.013274505869171945,0.0,0.07069554519627916,2.754910458701154,0,,5.803,,,,0,0,0,1,0,0,0,0,1,0,0,1,0,0,0
KOSDAQ,330860,(주)네패스아크,2025,2026,mid_sized,it_services,2020,2.837250582508673,1.0566865024562824,291571947.914,0.5784004989490362,0.7289058391495468,0.37838681159252424,-26.682983796103837,0.02994320005055297,15379294.088,1.0283872492867108,0.020995947555303405,0.01631081883913857,0.036300016326841704,0.37904166597864863,0.4223291413925209,0.4083998602031223,10.075531371953769,-0.14808722948455763,65416891.844,0.0010849383840358495,0.9281140933548018,0,,5.803,0.26191384337787516,,,0,0,0,1,0,0,1,0,0,0,1,0,0,0,0
KOSDAQ,331380,(주)포커스에이아이,2025,2026,small_and_medium,manufacturing,2019,1.1596145539003886,0.4008494404893859,46665341.279,0.45313089988084476,1.2068678173635035,,-6.159594302000514,-0.2264962998118401,4560386.982,-2.9533604792107857,-0.21990983348102303,-0.2186317643966587,-0.48531193423103675,-0.30569478496613206,,-0.1721820509876838,-2.2582634956103056,-0.052734801515475695,0.0,0.018602546133968882,1.775416097163336,0,,5.803,,,,0,1,0,1,0,0,0,0,1,0,0,1,0,0,0
KOSDAQ,331520,(주)밸로프,2025,2026,small_and_medium,it_services,2019,,,56394235.0,,,,,,37833534.0,,,,,,,,,,909273.0,,,0,0.8997168249878511,5.803,,,,0,0,0,1,0,0,0,0,1,0,1,0,0,0,0
KOSDAQ,331740,아우토크립트(주),2025,2026,other,it_services,2025,,,69080004.0,,,,,,25479479.0,,,,,,,,,,2415538.0,,,0,5.886547530548085,5.803,,,,0,0,0,1,0,0,0,1,0,0,1,0,0,0,0
KOSDAQ,331920,(주)셀레믹스,2025,2026,small_and_medium,manufacturing,2020,,,24410577.0,,,,,,2867379.0,,,,,,,,,,689337.0,,,0,0.9629565737581424,5.803,,,,0,0,0,1,0,0,0,0,1,0,0,1,0,0,0
KOSDAQ,332290,(주)누보,2025,2026,small_and_medium,manufacturing,2019,,,84952927.0,,,,,,28758235.0,,,,,,,,,,2282793.0,,,0,1.401846216433573,5.803,,0.022025717997053083,,0,0,0,1,0,0,0,0,1,0,0,1,0,0,0
KOSDAQ,332370,아이디피(주),2025,2026,small_and_medium,manufacturing,2020,,,74404304.0,,,,,,22644769.0,,,,,,,,,,1247840.0,,,1,0.9735192294384944,5.803,,,,0,0,0,1,0,0,0,0,1,0,0,1,0,0,0
KOSDAQ,332570,(주)피에스일렉트로닉스,2025,2026,small_and_medium,manufacturing,2020,,,231933880.0,,,,,,27984270.0,,,,,,,,,,4910160.0,,,0,2.28729499925324,5.803,,0.6238663030848386,,0,0,0,1,0,0,0,0,1,0,0,1,0,0,0
KOSDAQ,333050,(주)모코엠시스,2025,2026,small_and_medium,it_services,2019,3.5658498393614733,0.476101123323423,31743084.589,0.725953777440567,0.3774981700978459,,-8.362412932327796,0.07172064529885207,8051133.922,75.6431979326928,0.08212142684782864,0.06202071334561569,0.11312211520870807,0.24752891964197304,,0.07188529755422375,82.73378443997532,-0.0001553736526824171,0.0,0.006865623641236235,3.4433872859086336,0,,5.803,,,,0,0,0,1,0,0,0,0,1,0,1,0,0,0,0
KOSDAQ,333430,(주)일승,2025,2026,mid_sized,manufacturing,2019,,,129139810.0,,,,,,17700270.0,,,,,,,,,,815607.0,,,0,2.0152600228260855,5.803,,,,0,0,0,1,0,0,1,0,0,0,0,1,0,0,0
KOSDAQ,333620,(주)엔시스,2025,2026,small_and_medium,manufacturing,2021,,,84907822.0,,,,,,6864112.0,,,,,,,,,,1439787.0,,,1,1.279327235236548,5.803,,-0.1214818459928829,,0,0,0,1,0,0,0,0,1,0,0,1,0,0,0
KOSDAQ,335810,프리시젼바이오(주),2025,2026,small_and_medium,manufacturing,2020,,,53074290.0,,,,,,6419575.0,,,,,,,,,,3408643.0,,,0,1.455073754115228,5.803,,,,0,0,0,1,0,0,0,0,1,0,0,1,0,0,0
KOSDAQ,335870,(주)윙스풋,2025,2026,small_and_medium,wholesale_retail,2019,1.875503940856295,0.23294969233890991,54467186.714,0.5788634293442572,0.7275231933943572,,-17.82278935526179,-0.04220355079471691,17547182.315,-0.9199011397630638,-0.024705685976876796,-0.05132852659859152,-0.04267964553377239,-0.1836558294171652,,-0.10040879928611866,-1.3861493741869333,0.04483509023190121,0.0,0.012496266634330358,1.8290810240029958,0,,5.803,,0.2534872100325773,-0.10672110460652183,0,1,0,1,0,0,0,0,1,0,0,0,0,0,1
KOSDAQ,336060,(주)웨이버스,2025,2026,small_and_medium,it_services,2019,,,56875652.0,,,,,,18595130.0,,,,,,,,,,1215943.0,,,0,1.1340827956632111,5.803,,,,0,0,0,1,0,0,0,0,1,0,1,0,0,0,0
KOSDAQ,336570,원텍(주),2025,2026,small_and_medium,manufacturing,2019,,,217246512.0,,,,,,105794855.0,,,,,,,,,,2782556.0,,,1,4.43053253256174,5.803,,,,0,0,0,1,0,0,0,0,1,0,0,1,0,0,0
KOSDAQ,336680,(주)탑런토탈솔루션,2025,2026,small_and_medium,manufacturing,2024,,,557067807.0,,,,,,69419676.0,,,,,,,,,,21568362.0,,,1,0.8165463451229276,5.803,,,,0,0,0,1,0,0,0,0,1,0,0,1,0,0,0
KOSDAQ,337930,(주)젝시믹스,2025,2026,small_and_medium,it_services,2020,,,175385387.0,,,,,,169022181.0,,,,,,,,,,9320775.0,,,1,1.2829418342704468,5.803,,,,0,0,0,1,0,0,0,0,1,0,1,0,0,0,0
KOSDAQ,338220,(주)뷰노,2025,2026,small_and_medium,it_services,2021,,,50389442.0,,,,,,34847835.0,,,,,,,,,,1518419.0,,,0,8.665231216223255,5.803,,,,0,0,0,1,0,0,0,0,1,0,1,0,0,0,0
KOSDAQ,338840,(주)와이바이오로직스,2025,2026,small_and_medium,it_services,2023,36.161346016960316,31.406649003626775,55797789.129,0.4766736937642653,1.0978711707437772,0.25746326734894887,-2.5047036905390083,-14.426681045865838,2380663.83,0.24616727121954607,-0.7531599577689784,-0.16612101018143194,-1.5800325623621403,-0.19999730452107328,-0.40651954630196685,-2.004822447776556,0.15509666403604722,-0.6484961071368617,0.0,0.009514369498989402,0.09975811311514386,0,,5.803,0.0,,,0,1,0,1,0,0,0,0,1,0,1,0,0,0,0
KOSDAQ,339950,(주)아이비김영,2025,2026,mid_sized,it_services,2019,,,120830204.0,,,,,,85026743.0,,,,,,,,,,12936824.0,,,1,1.2332979603786869,5.803,,,,0,0,0,1,0,0,1,0,0,0,1,0,0,0,0
KOSDAQ,340360,(주)다보링크,2025,2026,small_and_medium,manufacturing,2019,,,40687718.0,,,,,,8640803.0,,,,,,,,,,601098.0,,,0,4.761169756515905,5.803,,,,0,0,0,1,0,0,0,0,1,0,0,1,0,0,0
KOSDAQ,340440,(주)세림비앤지,2025,2026,small_and_medium,manufacturing,2019,2.5895531373486986,1.4823646189813526,51258562.395,0.7013728743299062,0.4257751284655866,,-11.668582741767636,0.03894190645756457,7695223.623,3.416706761930016,0.0358288830429459,0.0178250504951564,0.05108393032333468,0.08097740752467479,,0.025829196027878046,4.635216900148827,0.012276503877552806,1320813.673,0.004603962010901417,3.1351114234168964,0,,5.803,,,,0,0,0,1,0,0,0,0,1,0,0,1,0,0,0
KOSDAQ,340450,(주)지씨지놈,2025,2026,other,it_services,2025,18.59367257376839,12.810781460040777,84626788.548,0.924915377813304,0.08117999115141979,,-5.619026947891346,0.1282542408885361,14628429.424,3.346575199097127,0.049025953757500254,0.014600755862301968,0.05300588024972404,0.2041094316285688,,0.04112868244926397,3.5126859382266375,0.03246495840311466,0.0,0.006249178482059962,4.962702899135089,0,,5.803,,,,0,0,0,1,0,0,0,1,0,0,1,0,0,0,0
KOSDAQ,340570,(주)티앤엘,2025,2026,small_and_medium,manufacturing,2020,,,217077494.0,,,,,,72387206.0,,,,,,,,,,4577372.0,,,1,1.981894485071119,5.803,,,,0,0,0,1,0,0,0,0,1,0,0,1,0,0,0
KOSDAQ,340810,(주)시선에이아이,2025,2026,small_and_medium,it_services,2023,,,35175123.0,,,,,,1923500.0,,,,,,,,,,3226749.0,,,0,2.369376901334006,5.803,,,,0,0,0,1,0,0,0,0,1,0,1,0,0,0,0
KOSDAQ,340930,유일에너테크(주),2025,2026,small_and_medium,manufacturing,2021,,,175737293.0,,,,,,6811150.0,,,,,,,,,,1196399.0,,,0,1.8763383214483915,5.803,,,,0,0,0,1,0,0,0,0,1,0,0,1,0,0,0
KOSDAQ,342870,오아(주),2025,2026,other,wholesale_retail,2025,,,78123579.0,,,,,,47129196.0,,,,,,,,,,1224679.0,,,0,1.0366464167242315,5.803,,,,0,0,0,1,0,0,0,1,0,0,0,0,0,0,1
KOSDAQ,344860,(주)이노진,2025,2026,small_and_medium,manufacturing,2023,14.175105365292952,1.7218912976264857,15028602.394,0.9375310125062053,0.06663138249347383,,-10.71220350706567,0.03504943093232239,6219401.806,0.9684212046669737,0.017075608714117934,0.00029891808181667704,0.01821338012965722,0.7502725211656965,,0.08575839216076724,151.84329210364126,-0.02771351367751143,224208.614,0.005071052650273476,8.748677561015787,0,,5.803,,,,0,1,0,1,0,0,0,0,1,0,0,1,0,0,0
KOSDAQ,347000,(주)센코,2025,2026,small_and_medium,manufacturing,2020,,,71324160.0,,,,,,14565373.0,,,,,,,,,,1096568.0,,,0,1.4460624274454934,5.803,,0.024410793839169043,,0,0,0,1,0,0,0,0,1,0,0,1,0,0,0
KOSDAQ,347700,(주)스피어코퍼레이션,2025,2026,small_and_medium,it_services,2021,,,95356892.0,,,,,,16848987.0,,,,,,,,,,531561.0,,,0,10.772187835703232,5.803,,2.648769851527039,,0,0,0,1,0,0,0,0,1,0,1,0,0,0,0
KOSDAQ,347740,피엔케이피부임상연구센타(주),2025,2026,small_and_medium,it_services,2020,,,86524355.0,,,,,,10711898.0,,,,,,,,,,2053790.0,,,1,0.954582703992574,5.803,,0.2896069140070291,,0,0,0,1,0,0,0,0,1,0,1,0,0,0,0
KOSDAQ,347770,(주)핌스,2025,2026,small_and_medium,manufacturing,2020,,,80907326.0,,,,,,4271334.0,,,,,,,,,,8374776.0,,,0,0.5680725835787559,5.803,,,,0,0,0,1,0,0,0,0,1,0,0,1,0,0,0
KOSDAQ,347850,(주)디앤디파마텍,2025,2026,small_and_medium,it_services,2024,,,97539472.0,,,,,,4297605.0,,,,,,,,,,2090720.0,,,0,50.60261682175778,5.803,,,,0,0,0,1,0,0,0,0,1,0,1,0,0,0,0
KOSDAQ,347860,(주)알체라,2025,2026,small_and_medium,it_services,2020,,,35970436.0,,,,,,14795534.0,,,,,,,,,,1640718.0,,,0,4.175180807160795,5.803,,,,0,0,0,1,0,0,0,0,1,0,1,0,0,0,0
KOSDAQ,347890,(주)엠투아이코퍼레이션,2025,2026,small_and_medium,manufacturing,2020,,,195729169.0,,,,,,16384228.0,,,,,,,,,,2038908.0,,,1,0.8909846005060053,5.803,,,,0,0,0,1,0,0,0,0,1,0,0,1,0,0,0
KOSDAQ,348030,(주)모비릭스,2025,2026,small_and_medium,it_services,2021,12.948603379074115,11.573225634962663,52123313.199,0.9339506763536656,0.0707203552806497,,-49.688897744642745,-0.28608267263273646,0.0,-9.143570432035276,-0.24052039359310182,-0.17118838351532858,-0.25753008128024774,0.33307994745254116,,0.028895202761474344,1.1750555166254313,-0.2398121403042317,0.0,0.006513480574494898,11.527171143323244,0,,5.803,,,,0,1,0,1,0,0,0,0,1,0,1,0,0,0,0
KOSDAQ,348080,(주)큐라티스,2025,2026,small_and_medium,it_services,2023,1.22544293475116,0.8988397709249658,54730742.035,0.8086618778290424,0.23661078556668172,,-0.08229366782612853,-12.07719388939654,-5072527.733,-0.4747828497454227,-0.5421631014435049,-0.188833092056213,-0.670444738781321,-1.066382243087862,,-4.545173791430789,-0.5130164965049127,-0.3381235255346196,0.0,0.006068193115079881,0.23461858490391682,0,,5.803,,,,0,1,0,1,0,0,0,0,1,0,1,0,0,0,0
KOSDAQ,348150,(주)고바이오랩,2025,2026,small_and_medium,it_services,2020,,,91256973.0,,,,,,51052595.0,,,,,,,,,,2700283.0,,,0,2.280343978606521,5.803,,,,0,0,0,1,0,0,0,0,1,0,1,0,0,0,0
KOSDAQ,348210,(주)넥스틴,2025,2026,small_and_medium,manufacturing,2020,,,222879250.0,,,,,,32555746.0,,,,,,,,,,4204386.0,,,1,5.017324195257727,5.803,,,,0,0,0,1,0,0,0,0,1,0,0,1,0,0,0
KOSDAQ,348340,(주)뉴로메카,2025,2026,small_and_medium,manufacturing,2022,,,91375485.0,,,,,,3459819.0,,,,,,,,,,2718656.0,,,0,27.15782164543415,5.803,,-0.0453974889955417,,0,0,0,1,0,0,0,0,1,0,0,1,0,0,0
KOSDAQ,348350,(주)위드텍,2025,2026,small_and_medium,manufacturing,2020,,,155095406.0,,,,,,19728126.0,,,,,,,,,,945935.0,,,0,0.685898408047782,5.803,,,,0,0,0,1,0,0,0,0,1,0,0,1,0,0,0
KOSDAQ,348370,(주)엔켐,2025,2026,small_and_medium,manufacturing,2021,,,1107549178.0,,,,,,-1520892.0,,,,,,,,,,24963000.0,,,0,2.857176666133389,5.803,,-0.045090389355334506,,0,0,0,1,0,0,0,0,1,0,0,1,0,0,0
KOSDAQ,351320,(주)넥사다이내믹스,2025,2026,small_and_medium,manufacturing,2020,,,58258803.0,,,,,,-4312493.0,,,,,,,,,,1292975.0,,,0,1.7188330450076583,5.803,,,,0,0,0,1,0,0,0,0,1,0,0,1,0,0,0
KOSDAQ,351330,이삭엔지니어링(주),2025,2026,small_and_medium,it_services,2021,,,77574314.0,,,,,,2715378.0,,,,,,,,,,898904.0,,,0,2.0162660796144034,5.803,,,,0,0,0,1,0,0,0,0,1,0,1,0,0,0,0
KOSDAQ,351870,(주)차이커뮤니케이션,2025,2026,small_and_medium,it_services,2024,,,170418247.0,,,,,,66474697.0,,,,,,,,,,2990139.0,,,0,0.957793449690016,5.803,,,,0,0,0,1,0,0,0,0,1,0,1,0,0,0,0
KOSDAQ,352090,(주)스톰테크,2025,2026,small_and_medium,manufacturing,2023,,,132909139.0,,,,,,18746625.0,,,,,,,,,,3027473.0,,,1,1.042603929988202,5.803,,0.3739488333095606,,0,0,0,1,0,0,0,0,1,0,0,1,0,0,0
KOSDAQ,352480,(주)씨앤씨인터내셔널,2025,2026,small_and_medium,manufacturing,2021,,,437835368.0,,,,,,41864353.0,,,,,,,,,,9493841.0,,,1,1.1402327044480671,5.803,,,,0,0,0,1,0,0,0,0,1,0,0,1,0,0,0
KOSDAQ,352700,(주)씨앤투스,2025,2026,small_and_medium,manufacturing,2021,,,161504560.0,,,,,,10142732.0,,,,,,,,,,4867723.0,,,1,0.4114251002020097,5.803,,-0.05730650011133976,,0,0,0,1,0,0,0,0,1,0,0,1,0,0,0
KOSDAQ,352770,(주)셀레스트라,2025,2026,small_and_medium,manufacturing,2020,,,18402094.0,,,,,,1014390.0,,,,,,,,,,483848.0,,,0,-2.186825089653304,5.803,,-0.8104908055040884,,0,0,0,1,0,0,0,0,1,0,0,1,0,0,0
KOSDAQ,352910,(주)오비고,2025,2026,small_and_medium,it_services,2021,,,50400999.0,,,,,,33534745.0,,,,,,,,,,959139.0,,,0,2.181705576670621,5.803,,,,0,0,0,1,0,0,0,0,1,0,1,0,0,0,0
KOSDAQ,352940,인바이오(주),2025,2026,small_and_medium,manufacturing,2020,1.675783442477672,0.13276530376393864,69142058.33,0.6126185780416873,0.6323370459913676,,-6.795134670625789,0.029667811890616385,11806665.529,,0.017364341473170605,0.0132686464094162,0.028344457865900695,0.33928662414342803,,0.267651796878825,,-0.11686463221032084,0.0,0.013890126331158069,1.2676418693988238,0,,5.803,,,,0,0,0,1,0,0,0,0,1,0,0,1,0,0,0
KOSDAQ,353190,(주)휴럼,2025,2026,small_and_medium,manufacturing,2020,,,98991320.0,,,,,,39194958.0,,,,,,,,,,2578004.0,,,0,0.5817947564891994,5.803,,0.30293310694530823,,0,0,0,1,0,0,0,0,1,0,0,1,0,0,0
KOSDAQ,353590,오토앤(주),2025,2026,small_and_medium,wholesale_retail,2022,,,54807515.0,,,,,,24902276.0,,,,,,,,,,1568287.0,,,0,2.516937093642949,5.803,,-0.1595610111922383,,0,0,0,1,0,0,0,0,1,0,0,0,0,0,1
KOSDAQ,353810,(주)이지바이오,2025,2026,mid_sized,manufacturing,2020,,,327472714.0,,,,,,121043829.0,,,,,,,,,,5608011.0,,,1,1.6926217162714072,5.803,,,,0,0,0,1,0,0,1,0,0,0,0,1,0,0,0
KOSDAQ,354200,(주)엔젠바이오,2025,2026,small_and_medium,it_services,2020,,,72337772.0,,,,,,3795568.0,,,,,,,,,,1891251.0,,,0,1.6180454199704015,5.803,,,,0,0,0,1,0,0,0,0,1,0,1,0,0,0,0
KOSDAQ,354320,(주)알멕,2025,2026,small_and_medium,manufacturing,2023,,,342757155.0,,,,,,24946965.0,,,,,,,,,,13510083.0,,,0,0.7991534524435435,5.803,,0.1493109256124929,,0,0,0,1,0,0,0,0,1,0,0,1,0,0,0
KOSDAQ,355150,(주)코스텍시스,2025,2026,small_and_medium,manufacturing,2020,1.0052894968747133,0.08903082659266028,56005309.519,0.39824310944006797,1.511029007899234,0.5050421961761358,-4.720848392851417,-0.03695861475286614,2267978.389,0.1760846407378094,-0.011302545355726525,0.0032915382234868424,-0.02838101925132607,0.016002343819543914,0.01906676458210504,0.03543337443735489,0.515142334831079,-0.019673546945155312,0.0,0.0005310788433355502,0.45161783413644563,0,,5.803,0.31889549710903853,,,0,1,0,1,0,0,0,0,1,0,0,1,0,0,0
KOSDAQ,355390,(주)크라우드웍스,2025,2026,small_and_medium,it_services,2023,,,40631652.0,,,,,,10484246.0,,,,,,,,,,904524.0,,,0,2.7305727047162933,5.803,,-0.052013195495792225,,0,0,0,1,0,0,0,0,1,0,1,0,0,0,0
KOSDAQ,355690,(주)에이텀,2025,2026,small_and_medium,manufacturing,2023,,,72862440.0,,,,,,5032755.0,,,,,,,,,,2940880.0,,,0,1.7104455485603776,5.803,,,,0,0,0,1,0,0,0,0,1,0,0,1,0,0,0
KOSDAQ,356680,(주)엑스게이트,2025,2026,small_and_medium,it_services,2023,2.3589651943314096,0.9821639495488648,68335898.274,0.7065046130573676,0.41541892511153483,,-15.914408148799732,0.0804839622595128,28543830.184,8.186920913214566,0.05652482411970643,0.05492130199198616,0.08000630579763343,0.07060194099075459,,0.02941708198726937,3.0888562053072524,0.0359714261623346,1064199.38,0.008909416227453686,2.4000320977216063,0,,5.803,,,,0,0,0,1,0,0,0,0,1,0,1,0,0,0,0
KOSDAQ,356860,(주)티엘비,2025,2026,mid_sized,manufacturing,2020,,,246296090.0,,,,,,38220529.0,,,,,,,,,,7972186.0,,,1,4.66499576415272,5.803,,,,0,0,0,1,0,0,1,0,0,0,0,1,0,0,0
KOSDAQ,356890,(주)싸이버원,2025,2026,small_and_medium,it_services,2021,,,52460568.0,,,,,,10242112.0,,,,,,,,,,1198767.0,,,1,0.9914771450264064,5.803,,,,0,0,0,1,0,0,0,0,1,0,1,0,0,0,0
KOSDAQ,357230,(주)에이치피오,2025,2026,small_and_medium,manufacturing,2021,,,257095040.0,,,,,,131632955.0,,,,,,,,,,7031485.0,,,1,0.5199404000654271,5.803,,0.19289595272614787,,0,0,0,1,0,0,0,0,1,0,0,1,0,0,0
KOSDAQ,357550,(주)석경에이티,2025,2026,small_and_medium,manufacturing,2020,,,54278121.0,,,,,,9935275.0,,,,,,,,,,1493753.0,,,0,8.691351122768747,5.803,,,,0,0,0,1,0,0,0,0,1,0,0,1,0,0,0
KOSDAQ,357580,(주)아모센스,2025,2026,small_and_medium,manufacturing,2021,,,137129204.0,,,,,,29663072.0,,,,,,,,,,3501289.0,,,0,1.7374157560860597,5.803,,0.5103027196463731,,0,0,0,1,0,0,0,0,1,0,0,1,0,0,0
KOSDAQ,357780,솔브레인(주),2025,2026,mid_sized,manufacturing,2020,,,1446750283.0,,,,,,232668110.0,,,,,,,,,,61368346.0,,,1,1.8334190688260328,5.803,,,,0,0,0,1,0,0,1,0,0,0,0,1,0,0,0
KOSDAQ,357880,(주)스카이월드와이드,2025,2026,small_and_medium,it_services,2021,,,38472152.0,,,,,,15641619.0,,,,,,,,,,836559.0,,,0,5.656215371793389,5.803,,,,0,0,0,1,0,0,0,0,1,0,1,0,0,0,0
KOSDAQ,358570,(주)지아이이노베이션,2025,2026,small_and_medium,it_services,2023,5.691727266509485,4.28541503904081,127456383.512,0.9139905368257378,0.09410323160781346,,-2.647502526238495,-6.018204190075211,5838086.757,-14.09224776549458,-0.2756613455903687,-0.3189717782724656,-0.30160196903978065,-2.946664683559803,,-5.533093409457876,-11.197084757445959,-0.022220298002832897,0.0,0.013454655222023808,0.5325528534405337,0,,5.803,,,,0,1,0,1,0,0,0,0,1,0,1,0,0,0,0
KOSDAQ,359090,(주)씨엔알리서치,2025,2026,small_and_medium,it_services,2020,,,84686909.0,,,,,,64982071.0,,,,,,,,,,791572.0,,,1,1.0803429947524554,5.803,,,,0,0,0,1,0,0,0,0,1,0,1,0,0,0,0
KOSDAQ,360070,(주)탑머티리얼,2025,2026,small_and_medium,manufacturing,2022,1.956176708170413,0.09785186900559366,187522517.134,0.5828655255139095,0.7156615998489622,,-25.838510366366393,-1.3270310178013687,-5012853.346,-3.8536629850571407,-0.19769447362691353,-0.18772438082113058,-0.33917681690404894,0.009999592220263932,,0.03381614694113608,0.0856271373313697,-0.16785860318047538,0.0,0.0026315221315388808,0.29570465960152903,0,,5.803,,,,0,1,0,1,0,0,0,0,1,0,0,1,0,0,0
KOSDAQ,360350,(주)코셈,2025,2026,small_and_medium,manufacturing,2024,,,23140165.0,,,,,,5471639.0,,,,,,,,,,523226.0,,,0,2.1374357848809926,5.803,,,,0,0,0,1,0,0,0,0,1,0,0,1,0,0,0
KOSDAQ,361390,(주)제노코,2025,2026,small_and_medium,manufacturing,2021,3.3140426145272777,1.7533227189604361,87633193.752,0.5908322050149899,0.6925279148834297,,-10.68138645984693,-0.035557533206892825,2485633.209,-1.489310101783795,-0.03065429230620379,-0.023801043528125412,-0.051883245439246266,-0.5528054133542886,,-0.33240534283882567,-14.15346800833599,0.2019945183681727,0.0,0.0149802018937606,1.6630461130172898,0,,5.803,,,,0,1,0,1,0,0,0,0,1,0,0,1,0,0,0
KOSDAQ,361570,(주)알비더블유,2025,2026,small_and_medium,it_services,2021,,,181624822.0,,,,,,12827435.0,,,,,,,,,,2337130.0,,,0,0.7448083605919701,5.803,,,,0,0,0,1,0,0,0,0,1,0,1,0,0,0,0
KOSDAQ,361670,(주)삼영에스앤씨,2025,2026,small_and_medium,manufacturing,2021,,,21830678.0,,,,,,2883372.0,,,,,,,,,,484610.0,,,0,1.073619792930461,5.803,,,,0,0,0,1,0,0,0,0,1,0,0,1,0,0,0
KOSDAQ,362320,(주)청담글로벌,2025,2026,small_and_medium,wholesale_retail,2022,,,207356256.0,,,,,,63450971.0,,,,,,,,,,2708251.0,,,0,1.0888370861697692,5.803,,,,0,0,0,1,0,0,0,0,1,0,0,0,0,0,1
KOSDAQ,362990,(주)드림인사이트,2025,2026,small_and_medium,it_services,2024,,,48728518.0,,,,,,18676763.0,,,,,,,,,,1481932.0,,,1,0.9345194131366442,5.803,,,,0,0,0,1,0,0,0,0,1,0,1,0,0,0,0
KOSDAQ,363250,(주)진시스템,2025,2026,small_and_medium,manufacturing,2021,,,14395506.0,,,,,,-2464888.0,,,,,,,,,,419425.0,,,0,3.7271355169494447,5.803,,,,0,0,0,1,0,0,0,0,1,0,0,1,0,0,0
KOSDAQ,363260,(주)모비데이즈,2025,2026,small_and_medium,it_services,2021,,,126014861.0,,,,,,26105462.0,,,,,,,,,,1288433.0,,,0,1.040945389379924,5.803,,,,0,0,0,1,0,0,0,0,1,0,1,0,0,0,0
KOSDAQ,364950,(주)에이아이코리아,2025,2026,other,manufacturing,2025,,,83207950.0,,,,,,12469880.0,,,,,,,,,,741741.0,,,0,1.2006938408479142,5.803,,,,0,0,0,1,0,0,0,1,0,0,0,1,0,0,0
KOSDAQ,365270,(주)큐라클,2025,2026,small_and_medium,it_services,2021,1.9226523029777083,0.31677343411374115,53210296.406,0.6970253375400827,0.4346680760977281,,-2.5307393194062304,-2550.5762560642393,0.0,-6.5347956247299495,-0.34040095408973503,-0.3101536808793096,-0.48836238190575126,-0.8341959945169536,,-1893.7469842855025,-5.325120999122843,-0.08766070422554603,0.0,0.007180215556117794,0.0004405002365359224,0,,5.803,,,,0,1,0,1,0,0,0,0,1,0,1,0,0,0,0
KOSDAQ,365330,에스와이스틸텍(주),2025,2026,mid_sized,manufacturing,2023,,,121386510.0,,,,,,8631813.0,,,,,,,,,,1798392.0,,,1,1.7840666246046992,5.803,,,,0,0,0,1,0,0,1,0,0,0,0,1,0,0,0
KOSDAQ,365340,성일하이텍(주),2025,2026,small_and_medium,manufacturing,2022,,,720705308.0,,,,,,-31115737.0,,,,,,,,,,37351678.0,,,0,3.2467117150772093,5.803,,0.2532514161701911,,0,0,0,1,0,0,0,0,1,0,0,1,0,0,0
KOSDAQ,365590,(주)하이딥,2025,2026,small_and_medium,manufacturing,2020,3.4596800993781325,0.18309764704157416,12560942.983,0.17799640719856297,4.618090925197469,,0.2777626958135161,-8.376846032043046,315065.939,-12.097537862626705,-1.1877073489777819,-0.9341457984388974,-6.672647879082419,-0.6870161063858501,,-4.014471468301893,-7.31346116763937,-0.6136704500157669,0.0,0.15816258760896887,0.17113488333657417,0,,5.803,,,,0,1,0,1,0,0,0,0,1,0,0,1,0,0,0
KOSDAQ,365900,(주)브이씨,2025,2026,small_and_medium,manufacturing,2022,,,82579699.0,,,,,,24034430.0,,,,,,,,,,2154016.0,,,0,0.5321843587191323,5.803,,,,0,0,0,1,0,0,0,0,1,0,0,1,0,0,0
KOSDAQ,366030,(주)공구우먼,2025,2026,small_and_medium,manufacturing,2022,,,88287822.0,,,,,,20307348.0,,,,,,,,,,1351883.0,,,1,1.444170068913136,5.803,,,,0,0,0,1,0,0,0,0,1,0,0,1,0,0,0
KOSDAQ,367000,(주)플래티어,2025,2026,small_and_medium,it_services,2021,,,56517087.0,,,,,,38854699.0,,,,,,,,,,870765.0,,,0,1.0817245567068603,5.803,,,,0,0,0,1,0,0,0,0,1,0,1,0,0,0,0
KOSDAQ,368600,(주)아이씨에이치,2025,2026,small_and_medium,manufacturing,2022,,,95000307.0,,,,,,3952822.0,,,,,,,,,,6548671.0,,,0,0.7776509444372166,5.803,,,,0,0,0,1,0,0,0,0,1,0,0,1,0,0,0
KOSDAQ,368770,(주)파이버프로,2025,2026,small_and_medium,manufacturing,2021,,,60717375.0,,,,,,18600031.0,,,,,,,,,,1520901.0,,,0,7.748686536360848,5.803,,,,0,0,0,1,0,0,0,0,1,0,0,1,0,0,0
KOSDAQ,368970,(주)오에스피,2025,2026,small_and_medium,manufacturing,2022,,,65669212.0,,,,,,7528130.0,,,,,,,,,,1519817.0,,,0,0.4209679818110929,5.803,,,,0,0,0,1,0,0,0,0,1,0,0,1,0,0,0
KOSDAQ,369370,(주)블리츠웨이엔터테인먼트,2025,2026,small_and_medium,it_services,2020,,,40629358.0,,,,,,4823834.0,,,,,,,,,,1392031.0,,,0,3.764292587156665,5.803,,,,0,0,0,1,0,0,0,0,1,0,1,0,0,0,0
KOSDAQ,370090,(주)퓨런티어,2025,2026,mid_sized,manufacturing,2022,12.687645567060544,0.8983054441661683,44552841.709,0.9238364048209627,0.08244272988332553,,-8.59478973490482,-0.5067437669016956,2333669.832,-38.547619184595014,-0.14346855129352576,-0.16077043773737706,-0.15529649031456993,-1.6154108419857152,,-0.45139897572514426,-29.499984993251484,-0.015085045110921264,0.0,0.020100029350520635,3.57867635696483,0,,5.803,,-0.25840405372237213,-0.6683770988860194,0,1,0,1,0,0,1,0,0,0,0,1,0,0,0
KOSDAQ,371950,풍원정밀(주),2025,2026,small_and_medium,manufacturing,2022,,,80333958.0,,,,,,-3994015.0,,,,,,,,,,8175293.0,,,0,16.80321918944668,5.803,,,,0,0,0,1,0,0,0,0,1,0,0,1,0,0,0
KOSDAQ,372170,(주)윤성에프앤씨,2025,2026,small_and_medium,manufacturing,2022,,,267401786.0,,,,,,-2800661.0,,,,,,,,,,4667457.0,,,1,1.3324753956042508,5.803,,,,0,0,0,1,0,0,0,0,1,0,0,1,0,0,0
KOSDAQ,372320,(주)큐로셀,2025,2026,small_and_medium,it_services,2023,,,109720314.0,,,,,,0.0,,,,,,,,,,6027900.0,,,0,129.1004443072671,5.803,,,,0,0,0,1,0,0,0,0,1,0,1,0,0,0,0
KOSDAQ,372800,(주)아이티아이즈,2025,2026,small_and_medium,it_services,2021,,,33557937.0,,,,,,3600932.0,,,,,,,,,,1015663.0,,,0,3.4506999170302266,5.803,,,,0,0,0,1,0,0,0,0,1,0,1,0,0,0,0
KOSDAQ,373110,(주)엑셀세라퓨틱스,2025,2026,small_and_medium,manufacturing,2024,,,15721418.0,,,,,,-1954692.0,,,,,,,,,,1592527.0,,,0,4.024321395834603,5.803,,,,0,0,0,1,0,0,0,0,1,0,0,1,0,0,0
KOSDAQ,373160,(주)데이원컴퍼니,2025,2026,other,it_services,2025,,,81773786.0,,,,,,123860404.0,,,,,,,,,,6072021.0,,,0,1.5585690540785,5.803,,,,0,0,0,1,0,0,0,1,0,0,1,0,0,0,0
KOSDAQ,373170,엠아이큐브솔루션(주),2025,2026,small_and_medium,it_services,2023,5.880688672979754,0.4263569545849078,32263416.232,0.73532637732484,0.359940335117663,,-46.09104925634139,0.06365177306392965,3439389.354,18.02289761164325,0.04964723169678754,0.027459018711146633,0.0675172729113935,0.34252502443107213,,0.11416334906218192,59.503508011183726,-0.040111341424422284,0.0,0.0010755591643014577,3.0003063789282085,0,,5.803,,0.08014528112710662,-0.039798190533008135,0,0,0,1,0,0,0,0,1,0,1,0,0,0,0
KOSDAQ,373200,(주)엑스플러스,2025,2026,small_and_medium,manufacturing,2021,,,57254583.0,,,,,,4127700.0,,,,,,,,,,606764.0,,,0,2.764155108355423,5.803,,1.265646895730625,,0,0,0,1,0,0,0,0,1,0,0,1,0,0,0
KOSDAQ,376180,(주)피코그램,2025,2026,small_and_medium,manufacturing,2021,3.7897366699866244,1.0249616108671409,59689042.915,0.6687230696903863,0.4953873214856973,0.459939754086774,-20.504961093770728,-0.03551735022006759,10957968.988,-0.23144998314200096,-0.0366306175174161,-0.011797076475204194,-0.05477696101373592,0.10240587374068999,0.07375901560378992,0.06559004143720136,0.6655777869480081,-0.05229510773769793,0.0,0.024748879071551787,1.5613021656456436,0,,5.803,0.12579018568439382,,,0,1,0,1,0,0,0,0,1,0,0,1,0,0,0
KOSDAQ,376270,(주)에이치이엠파마,2025,2026,small_and_medium,it_services,2024,,,51834280.0,,,,,,631538.0,,,,,,,,,,2273016.0,,,0,62.93210126647816,5.803,,,,0,0,0,1,0,0,0,0,1,0,1,0,0,0,0
KOSDAQ,376290,씨유테크(주),2025,2026,mid_sized,manufacturing,2021,,,128940675.0,,,,,,13998622.0,,,,,,,,,,3681195.0,,,1,0.470748521649714,5.803,,,,0,0,0,1,0,0,1,0,0,0,0,1,0,0,0
KOSDAQ,376300,(주)디어유,2025,2026,large,it_services,2021,,,243035309.0,,,,,,83834878.0,,,,,,,,,,1433304.0,,,1,4.535252419595148,5.803,,,,0,0,0,1,0,1,0,0,0,0,1,0,0,0,0
KOSDAQ,376900,(주)로킷헬스케어,2025,2026,other,manufacturing,2025,,,55028692.0,,,,,,15688107.0,,,,,,,,,,483024.0,,,0,88.78468124532363,5.803,,,,0,0,0,1,0,0,0,1,0,0,0,1,0,0,0
KOSDAQ,376930,노을(주),2025,2026,small_and_medium,manufacturing,2022,,,39224541.0,,,,,,419143.0,,,,,,,,,,1963069.0,,,0,3.924442493119397,5.803,,,,0,0,0,1,0,0,0,0,1,0,0,1,0,0,0
KOSDAQ,376980,(주)원티드랩,2025,2026,small_and_medium,it_services,2021,,,61513658.0,,,,,,38173739.0,,,,,,,,,,2106273.0,,,0,0.8878369350822868,5.803,,,,0,0,0,1,0,0,0,0,1,0,1,0,0,0,0
KOSDAQ,377030,비트맥스(주),2025,2026,small_and_medium,it_services,2021,,,107159260.0,,,,,,4026707.0,,,,,,,,,,1054903.0,,,0,6.275810529218285,5.803,,,,0,0,0,1,0,0,0,0,1,0,1,0,0,0,0
KOSDAQ,377220,(주)프롬바이오,2025,2026,small_and_medium,manufacturing,2021,,,65244955.0,,,,,,41550502.0,,,,,,,,,,1907086.0,,,0,1.3375800588885125,5.803,,-0.3298839183953857,,0,0,0,1,0,0,0,0,1,0,0,1,0,0,0
KOSDAQ,377330,(주)이지트로닉스,2025,2026,small_and_medium,manufacturing,2022,,,59996523.0,,,,,,2630254.0,,,,,,,,,,1283558.0,,,1,0.7878001434709365,5.803,,,,0,0,0,1,0,0,0,0,1,0,0,1,0,0,0
KOSDAQ,377450,(주)리파인,2025,2026,small_and_medium,it_services,2021,17.118036675397406,0.9321689101049895,234854008.473,0.9494529681090593,0.05323805769085199,,-127.6686874881708,0.1471720315966261,0.0,1.9846791317575005,0.05914356611714752,0.080651857961273,0.06229225470213494,1.5213163242424557,,0.29331005430181223,1.8923048875482393,-0.03831346768788264,0.0,0.009755303066344697,5.186717270445291,0,,5.803,,,,0,0,0,1,0,0,0,0,1,0,1,0,0,0,0
KOSDAQ,377460,(주)위니아에이드,2025,2026,mid_sized,other,2022,0.40106996415239554,0.0648024996351339,155785137.396,0.3645872332071285,1.74282780338576,,-0.8305259344884862,0.07817655055310449,16050508.381,-0.4346179496259961,0.0746325012728623,-0.012283435332702887,0.20470409952742988,-0.43749354383111655,,-0.47252363977279865,-9.835929330710089,0.3239807980764147,0.0,0.08223331543134059,0.925865939832078,0,,5.803,,,,0,1,0,1,0,0,1,0,0,0,0,0,1,0,0
KOSDAQ,377480,(주)마음에이아이,2025,2026,small_and_medium,it_services,2021,,,54291542.0,,,,,,9786361.0,,,,,,,,,,2226781.0,,,0,5.153054401255026,5.803,,,,0,0,0,1,0,0,0,0,1,0,1,0,0,0,0
KOSDAQ,378340,(주)필에너지,2025,2026,mid_sized,manufacturing,2023,,,211681385.0,,,,,,-3415789.0,,,,,,,,,,4420122.0,,,1,2.0757082400761115,5.803,,-0.1527648039733598,,0,0,0,1,0,0,1,0,0,0,0,1,0,0,0
KOSDAQ,378800,(주)샤페론,2025,2026,small_and_medium,manufacturing,2022,,,27875190.0,,,,,,-93271.0,,,,,,,,,,1208176.0,,,0,3.251693810497035,5.803,,,,0,0,0,1,0,0,0,0,1,0,0,1,0,0,0
KOSDAQ,380540,(주)옵티코어,2025,2026,small_and_medium,manufacturing,2022,,,69148905.0,,,,,,651677.0,,,,,,,,,,891558.0,,,0,4.3652745343124195,5.803,,,,0,0,0,1,0,0,0,0,1,0,0,1,0,0,0
KOSDAQ,380550,뉴로핏(주),2025,2026,other,it_services,2025,,,26884457.0,,,,,,2615085.0,,,,,,,,,,961836.0,,,0,13.31025545888008,5.803,,,,0,0,0,1,0,0,0,1,0,0,1,0,0,0,0
KOSDAQ,381620,제닉스 로보틱스(주),2025,2026,small_and_medium,manufacturing,2024,,,73116924.0,,,,,,-2960983.0,,,,,,,,,,648539.0,,,1,3.408840201680489,5.803,,,,0,0,0,1,0,0,0,0,1,0,0,1,0,0,0
KOSDAQ,382150,(주)온코크로스,2025,2026,small_and_medium,it_services,2024,,,28957264.0,,,,,,370461.0,,,,,,,,,,791103.0,,,0,8.6171809472018,5.803,,,,0,0,0,1,0,0,0,0,1,0,1,0,0,0,0
KOSDAQ,382480,(주)지아이텍,2025,2026,small_and_medium,manufacturing,2021,,,129587017.0,,,,,,12787449.0,,,,,,,,,,2851801.0,,,1,0.904555708291209,5.803,,0.13999534513782225,,0,0,0,1,0,0,0,0,1,0,0,1,0,0,0
KOSDAQ,382800,(주)지앤비에스에코,2025,2026,small_and_medium,manufacturing,2021,,,139485582.0,,,,,,22985158.0,,,,,,,,,,1022168.0,,,0,0.7645637370573207,5.803,,0.19893551351065997,,0,0,0,1,0,0,0,0,1,0,0,1,0,0,0
KOSDAQ,382840,(주)원준,2025,2026,small_and_medium,manufacturing,2021,,,173929159.0,,,,,,17343080.0,,,,,,,,,,1676154.0,,,1,1.1080306264019284,5.803,,-0.13256605746140032,,0,0,0,1,0,0,0,0,1,0,0,1,0,0,0
KOSDAQ,382900,범한퓨얼셀(주),2025,2026,small_and_medium,manufacturing,2022,,,352360772.0,,,,,,5433501.0,,,,,,,,,,1898828.0,,,0,1.4108648558749743,5.803,,,,0,0,0,1,0,0,0,0,1,0,0,1,0,0,0
KOSDAQ,383310,(주)에코프로에이치엔,2025,2026,mid_sized,manufacturing,2021,,,458920379.0,,,,,,41700633.0,,,,,,,,,,5497280.0,,,1,1.6555100923895436,5.803,,1.0323059726315322,,0,0,0,1,0,0,1,0,0,0,0,1,0,0,0
KOSDAQ,383930,(주)디티앤씨알오,2025,2026,small_and_medium,it_services,2022,0.5188745304888219,0.0064887149000832514,90376879.221,0.27761757147695393,2.602077471825351,0.33597045011645654,-2.9252125333851478,-0.058161909952119464,2610649.055,-1.5021412075400655,-0.027425903398798218,-0.06353035999350885,-0.09879022877726938,-0.034567324133564566,-0.07432447569865773,-0.047265196406229414,-0.5904217929946687,-0.005756877693549587,0.0,0.03215741897762602,0.7313483654329784,0,,5.803,0.1593270662263079,,,0,1,0,1,0,0,0,0,1,0,1,0,0,0,0
KOSDAQ,384470,(주)코어라인소프트,2025,2026,small_and_medium,it_services,2023,,,40792633.0,,,,,,4283668.0,,,,,,,,,,582081.0,,,0,4.125779894039671,5.803,,,,0,0,0,1,0,0,0,0,1,0,1,0,0,0,0
KOSDAQ,387570,(주)파인메딕스,2025,2026,small_and_medium,manufacturing,2024,,,25521055.0,,,,,,4603202.0,,,,,,,,,,916179.0,,,0,2.2203532579310172,5.803,,,,0,0,0,1,0,0,0,0,1,0,0,1,0,0,0
KOSDAQ,388050,지투파워(주),2025,2026,small_and_medium,manufacturing,2022,,,89876160.0,,,,,,26988208.0,,,,,,,,,,930971.0,,,0,3.543508474156301,5.803,,0.6117225655049843,,0,0,0,1,0,0,0,0,1,0,0,1,0,0,0
KOSDAQ,388210,(주)씨엠티엑스,2025,2026,other,manufacturing,2025,,,275447075.0,,,,,,64814497.0,,,,,,,,,,10635362.0,,,0,5.078440300046217,5.803,,,,0,0,0,1,0,0,0,1,0,0,0,1,0,0,0
KOSDAQ,388610,(주)지에프씨생명과학,2025,2026,small_and_medium,manufacturing,2025,5.598779871847703,3.6967121706550263,33833189.088,0.7034091781623066,0.42164764271707755,,-8.060413438843973,0.03135392009998361,8509636.274,0.8066682842827044,0.0029079272055644065,0.011416661994095021,0.004134047856983496,0.13622462922763512,,0.0771650230479468,2.854757224834989,-0.023986318696981354,0.0,0.05274522591879885,1.7653675700063147,0,,5.803,,,,0,1,0,1,0,0,0,0,1,0,0,1,0,0,0
KOSDAQ,388720,(주)유일로보틱스,2025,2026,small_and_medium,manufacturing,2022,2.389531634171799,0.17134734965856938,108220768.704,0.8288958259421828,0.20642421966997834,,-14.338174852000057,-0.6682482440959008,4335049.526,-0.9492467618926416,-0.22796199691093263,-0.11661789852480994,-0.2750188742376819,-0.6085257044752709,,-0.3052213476810686,-0.8475268100578401,-0.12384070885374,0.0,0.014447553031862818,1.9937193420400283,0,,5.803,,,,0,1,0,1,0,0,0,0,1,0,0,1,0,0,0
KOSDAQ,388790,(주)라이콤,2025,2026,small_and_medium,manufacturing,2021,4.969405616956012,0.19735996902282613,28681322.068,0.7545780102008093,0.32524402577525247,,-6.070474121394812,0.014743428247758606,5397701.771,1.45118682386098,0.024626494773337098,0.020292128292417458,0.03263611507415047,-0.1351407735985979,,-0.053779730682422394,-2.371895770725369,0.04225894263613065,0.0,0.0015286796018694603,2.512857016644896,0,,5.803,,,,0,0,0,1,0,0,0,0,1,0,0,1,0,0,0
KOSDAQ,388870,(주)파로스아이바이오,2025,2026,small_and_medium,it_services,2023,,,29868258.0,,,,,,0.0,,,,,,,,,,764368.0,,,0,8.729348811955678,5.803,,,,0,0,0,1,0,0,0,0,1,0,1,0,0,0,0
KOSDAQ,389020,(주)자람테크놀로지,2025,2026,small_and_medium,manufacturing,2023,1.042056817657049,0.2486266925052667,76999420.852,0.46329987883374324,1.1584292284238942,,-10.10343022535961,-0.6430603160117317,2753305.925,-1.8614991772749918,-0.08630347640890591,-0.09174813980196973,-0.18627994599557454,0.014802142865158935,,0.05747235977537071,0.16118397648765495,-0.09683350523286868,0.0,0.013582383444288403,0.25755237688190885,0,,5.803,,,,0,1,0,1,0,0,0,0,1,0,0,1,0,0,0
KOSDAQ,389030,지니너스(주),2025,2026,small_and_medium,it_services,2021,,,39349107.0,,,,,,173019.0,,,,,,,,,,3086499.0,,,0,12.825360771256785,5.803,,,,0,0,0,1,0,0,0,0,1,0,1,0,0,0,0
KOSDAQ,389140,(주)포바이포,2025,2026,small_and_medium,it_services,2022,,,75780349.0,,,,,,33710336.0,,,,,,,,,,4994639.0,,,0,2.652430063955475,5.803,,0.14526274704588785,,0,0,0,1,0,0,0,0,1,0,1,0,0,0,0
KOSDAQ,389260,대명에너지(주),2025,2026,small_and_medium,construction,2022,,,381763739.0,,,,,,27022251.0,,,,,,,,,,8870024.0,,,0,2.0674291980869515,5.803,,,,0,0,0,1,0,0,0,0,1,1,0,0,0,0,0
KOSDAQ,389470,(주)인벤티지랩,2025,2026,small_and_medium,it_services,2022,,,110641375.0,,,,,,-2942085.0,,,,,,,,,,7276792.0,,,0,13.003664053697216,5.803,,,,0,0,0,1,0,0,0,0,1,0,1,0,0,0,0
KOSDAQ,389500,(주)에스비비테크,2025,2026,mid_sized,manufacturing,2022,0.8269190061569206,0.49336601729811463,32233141.63,0.3879284240280863,1.5777951242046633,,-2.948323761774729,-1.3131780727909286,401237.177,-2.7202036773148013,-0.2932864138877921,-0.21290499997719273,-0.7560322877154213,-0.3582442451479689,,-0.9817775824775142,-2.8015410921752206,-0.07401529417720618,0.0,0.00488196669770287,0.3648934866122529,0,,5.803,,,,0,1,0,1,0,0,1,0,0,0,0,1,0,0,0
KOSDAQ,389650,(주)넥스트바이오메디컬,2025,2026,small_and_medium,manufacturing,2024,5.379100598545963,0.8440375435463733,59265165.446,0.8117242932500224,0.2319453887429559,,-10.72785056642669,-0.01888008936209461,11528316.856,-0.6674651897029399,-0.005249011027961215,-0.012141044112255391,-0.006466494931357742,0.1120364872839409,,0.07587179007232002,1.159648456175655,-0.026342759853130063,0.0,0.005241459256247902,1.4766553837354983,0,,5.803,,,,0,1,0,1,0,0,0,0,1,0,0,1,0,0,0
KOSDAQ,389680,(주)유디엠텍,2025,2026,small_and_medium,it_services,2024,4.163771772352251,0.30936241540461024,14896746.425,0.7058420980002685,0.41674746070419216,,-1.5280422187047582,-1.0900462573964056,601513.856,-13.858251777925323,-0.23511424455222946,-0.2448160260605362,-0.33309750894475554,-0.6366072348987428,,-0.8681965896234786,-10.600361905131331,-0.04785119593656507,199272.408,0.014684543104854522,0.733252402171757,0,,5.803,,,,0,1,0,1,0,0,0,0,1,0,1,0,0,0,0
KOSDAQ,391710,코닉오토메이션(주),2025,2026,small_and_medium,manufacturing,2021,4.072181298900378,0.7721531584362245,48292162.796,0.5092615471974067,0.9636275416890386,,-4.770312139448486,-0.09636008058871098,6328618.53,-1.3563466939897404,-0.05166704797505297,-0.056773220172012945,-0.10145483840158288,-0.20838647295062582,,-0.16406995995965573,-2.4431312483371195,0.04220292784585767,0.0,0.05127302580047403,1.2701074163842507,0,,5.803,,0.1324104275332501,-0.18181925663533247,0,1,0,1,0,0,0,0,1,0,0,1,0,0,0
KOSDAQ,393210,(주)토마토시스템,2025,2026,small_and_medium,it_services,2023,,,57110296.0,,,,,,9233135.0,,,,,,,,,,436798.0,,,0,3.245427344406723,5.803,,0.5217293117037581,,0,0,0,1,0,0,0,0,1,0,1,0,0,0,0
KOSDAQ,393890,더블유씨피(주),2025,2026,mid_sized,manufacturing,2022,,,1945436491.0,,,,,,-113159118.0,,,,,,,,,,59107438.0,,,0,0.2360944205118525,5.803,,,,0,0,0,1,0,0,1,0,0,0,0,1,0,0,0
KOSDAQ,393970,대진첨단소재(주),2025,2026,other,manufacturing,2025,,,151918120.0,,,,,,1206974.0,,,,,,,,,,5956954.0,,,0,1.2333306328917188,5.803,,,,0,0,0,1,0,0,0,1,0,0,0,1,0,0,0
KOSDAQ,394280,오픈엣지테크놀로지(주),2025,2026,small_and_medium,it_services,2022,,,47545450.0,,,,,,16058809.0,,,,,,,,,,2156829.0,,,0,21.02502515182634,5.803,,,,0,0,0,1,0,0,0,0,1,0,1,0,0,0,0
KOSDAQ,394800,(주)쓰리빌리언,2025,2026,small_and_medium,it_services,2024,,,29669044.0,,,,,,11708662.0,,,,,,,,,,1883737.0,,,0,24.537097624314544,5.803,,,,0,0,0,1,0,0,0,0,1,0,1,0,0,0,0
KOSDAQ,396270,(주)넥스트칩,2025,2026,small_and_medium,manufacturing,2022,1.237262610635882,0.64252244915009,58285876.155,0.3114788027157864,2.210491344133185,,-0.10469280905800152,-0.4024260965087849,16892448.791,-2.2520393141285,-0.2737817305956563,-0.22194746133005094,-0.8789738762591581,-0.3041300659239843,,-0.3077927196480838,-2.1247236758955848,-0.06438173347554783,0.0,0.10883330231033737,0.9881002587446278,0,,5.803,,,,0,1,0,1,0,0,0,0,1,0,0,1,0,0,0
KOSDAQ,396300,(주)세아메카닉스,2025,2026,small_and_medium,manufacturing,2022,1.0227322072541618,0.1568269386818014,149252510.929,0.49746211275681534,1.0102033388195952,,-27.029018826704924,0.01657566608403679,5288102.056,-1.2371722891412797,-0.0032507424496918697,-0.012396869938624872,-0.006534653326013186,-0.15567464077404186,,-0.13604551064696793,-7.807371066006529,0.08776417291385641,0.0,0.008445975964851034,1.1442835565372727,0,,5.803,,,,0,1,0,1,0,0,0,0,1,0,0,1,0,0,0
KOSDAQ,396470,워트(주),2025,2026,small_and_medium,manufacturing,2023,,,68036241.0,,,,,,5444349.0,,,,,,,,,,198824.0,,,1,1.79162576279859,5.803,,,,0,0,0,1,0,0,0,0,1,0,0,1,0,0,0
KOSDAQ,397030,(주)에이프릴바이오,2025,2026,small_and_medium,it_services,2022,174.90441823991253,13.062207977870566,97119844.414,0.9917239825202588,0.00834508152027274,,-3.150065751575534,-4.478826468232044,0.0,-1.1237718863778625,-0.10016501928824846,-0.074793470395561,-0.10100090453968859,-4.158374916874079,,-1.5388390511049725,-0.517082119172057,-0.06575023578888164,0.0,0.007433912640164045,2.7022806016575505,0,,5.803,,,,0,1,0,1,0,0,0,0,1,0,1,0,0,0,0
KOSDAQ,397810,(주)애드포러스,2025,2026,other,it_services,2025,,,47576351.0,,,,,,30598805.0,,,,,,,,,,315167.0,,,0,1.0796873589815188,5.803,,,,0,0,0,1,0,0,0,1,0,0,1,0,0,0,0
KOSDAQ,398120,(주)에스지헬스케어,2025,2026,small_and_medium,manufacturing,2024,,,40505561.0,,,,,,7116215.0,,,,,,,,,,636638.0,,,0,1.3910066959586969,5.803,,,,0,0,0,1,0,0,0,0,1,0,0,1,0,0,0
KOSDAQ,399720,(주)가온칩스,2025,2026,small_and_medium,manufacturing,2022,,,159310900.0,,,,,,-5212544.0,,,,,,,,,,5180714.0,,,0,10.966573477084866,5.803,,0.6838752829929801,,0,0,0,1,0,0,0,0,1,0,0,1,0,0,0
KOSDAQ,402030,(주)코난테크놀로지,2025,2026,small_and_medium,it_services,2022,2.4520569958353944,0.4959749414764114,45520926.373,0.6493315167797629,0.5400453761420843,0.04393583697335007,-3.722700300092159,-0.2850150210638381,4956878.841,-51.417642072957854,-0.2127549406100044,-0.21672394188909885,-0.3276522625378211,-0.47053705645462973,-3.7555336885000004,-0.22104396450656746,-39.14676075473986,-0.047752424724144336,0.0,0.00323220267519137,2.1287034798937,0,,5.803,1.0,,,0,1,0,1,0,0,0,0,1,0,1,0,0,0,0
KOSDAQ,402490,(주)그린리소스,2025,2026,small_and_medium,manufacturing,2023,,,147237265.0,,,,,,12647654.0,,,,,,,,,,2879835.0,,,0,1.8993438200155204,5.803,,,,0,0,0,1,0,0,0,0,1,0,0,1,0,0,0
KOSDAQ,403490,농업회사법인우듬지팜(주),2025,2026,small_and_medium,manufacturing,2023,,,76258893.0,,,,,,7632570.0,,,,,,,,,,3496096.0,,,0,1.858988348754024,5.803,,0.3705810341469783,,0,0,0,1,0,0,0,0,1,0,0,1,0,0,0
KOSDAQ,403850,더핑크퐁컴퍼니(주),2025,2026,other,it_services,2025,,,203902425.0,,,,,,70721013.0,,,,,,,,,,2411068.0,,,0,1.9516151236056984,5.803,,,,0,0,0,1,0,0,0,1,0,0,1,0,0,0,0
KOSDAQ,403870,(주)에이치피에스피,2025,2026,small_and_medium,manufacturing,2022,4.758404621084138,1.5465451460006716,369707189.477,0.8337158730075912,0.1994493956226916,,-6.373009407901642,0.4200988943944041,126290318.652,1516.9110035814026,0.25520658125548773,0.2431717459300124,0.3061073796458281,1.629976343467267,,0.57933909309766,1690.7487879960697,-0.07449926219439527,0.0,0.0024783743678238714,2.813510020102337,0,,5.803,,,,0,0,0,1,0,0,0,0,1,0,0,1,0,0,0
KOSDAQ,405000,(주)플라즈맵,2025,2026,small_and_medium,manufacturing,2022,,,20553335.0,,,,,,1867825.0,,,,,,,,,,1180397.0,,,0,3.8923735060248545,5.803,,-0.4833007266453749,,0,0,0,1,0,0,0,0,1,0,0,1,0,0,0
KOSDAQ,405100,큐알티(주),2025,2026,small_and_medium,it_services,2022,,,155516690.0,,,,,,28940338.0,,,,,,,,,,12124620.0,,,1,2.189091478556492,5.803,,,,0,0,0,1,0,0,0,0,1,0,1,0,0,0,0
KOSDAQ,405920,나라셀라(주),2025,2026,small_and_medium,wholesale_retail,2023,,,119832197.0,,,,,,36127640.0,,,,,,,,,,3302649.0,,,0,0.473921098012546,5.803,,,,0,0,0,1,0,0,0,0,1,0,0,0,0,0,1
KOSDAQ,406820,(주)뷰티스킨,2025,2026,small_and_medium,manufacturing,2023,,,87680194.0,,,,,,4930815.0,,,,,,,,,,1126545.0,,,0,1.9609407935960996,5.803,,0.18111385876035183,,0,0,0,1,0,0,0,0,1,0,0,1,0,0,0
KOSDAQ,407400,(주)꿈비,2025,2026,small_and_medium,manufacturing,2023,,,122661350.0,,,,,,36764802.0,,,,,,,,,,3020746.0,,,0,1.1006129949493104,5.803,,,,0,0,0,1,0,0,0,0,1,0,0,1,0,0,0
KOSDAQ,408900,(주)스튜디오미르,2025,2026,small_and_medium,it_services,2023,,,42655618.0,,,,,,16391297.0,,,,,,,,,,1085848.0,,,0,2.563480779298968,5.803,,,,0,0,0,1,0,0,0,0,1,0,1,0,0,0,0
KOSDAQ,408920,(주)메쎄이상,2025,2026,small_and_medium,it_services,2022,,,96568824.0,,,,,,26730414.0,,,,,,,,,,1733565.0,,,1,1.74461281346145,5.803,,,,0,0,0,1,0,0,0,0,1,0,1,0,0,0,0
KOSDAQ,411080,(주)샌즈랩,2025,2026,small_and_medium,it_services,2023,,,58015638.0,,,,,,11612082.0,,,,,,,,,,1003457.0,,,0,1.9412005884260763,5.803,,,,0,0,0,1,0,0,0,0,1,0,1,0,0,0,0
KOSDAQ,412350,레이저쎌(주),2025,2026,small_and_medium,manufacturing,2022,,,42926540.0,,,,,,-1868840.0,,,,,,,,,,1513747.0,,,0,1.3502811788885078,5.803,,0.1277079717069337,,0,0,0,1,0,0,0,0,1,0,0,1,0,0,0
KOSDAQ,412540,(주)제일엠앤에스,2025,2026,small_and_medium,manufacturing,2024,,,528073346.0,,,,,,8468914.0,,,,,,,,,,2034782.0,,,0,-7.071963904321104,5.803,,,,0,0,0,1,0,0,0,0,1,0,0,1,0,0,0
KOSDAQ,413390,(주)엠오티,2025,2026,small_and_medium,manufacturing,2024,,,119970124.0,,,,,,13521906.0,,,,,,,,,,1077795.0,,,1,1.3665887102437555,5.803,,,,0,0,0,1,0,0,0,0,1,0,0,1,0,0,0
KOSDAQ,413630,씨피시스템(주),2025,2026,small_and_medium,manufacturing,2022,,,46422650.0,,,,,,7740800.0,,,,,,,,,,1936301.0,,,1,3.805240128649494,5.803,,2.647168861881522,,0,0,0,1,0,0,0,0,1,0,0,1,0,0,0
KOSDAQ,413640,(주)비아이매트릭스,2025,2026,small_and_medium,it_services,2023,,,48353286.0,,,,,,18600573.0,,,,,,,,,,872274.0,,,0,2.144034968515905,5.803,,,,0,0,0,1,0,0,0,0,1,0,1,0,0,0,0
KOSDAQ,415380,(주)스튜디오삼익,2025,2026,small_and_medium,wholesale_retail,2024,3.319734846659143,0.17169247537788118,45779151.631,0.7934209164637284,0.2603650587597228,,-5.128173267619065,0.029076253700162005,16659264.071,127.90929451044755,0.07763168074074615,0.06179408060686699,0.09784425785842656,0.27251371193710794,,0.02686476944709471,116.52790385119538,0.004634207110477326,0.0,0.05082381047062615,10.143906593867268,0,,5.803,,,,0,0,0,1,0,0,0,0,1,0,0,0,0,0,1
KOSDAQ,416180,신성에스티(주),2025,2026,small_and_medium,manufacturing,2023,,,245528487.0,,,,,,21168649.0,,,,,,,,,,6358189.0,,,1,2.825342337145379,5.803,,,,0,0,0,1,0,0,0,0,1,0,0,1,0,0,0
KOSDAQ,417010,나노팀(주),2025,2026,small_and_medium,manufacturing,2023,,,117668984.0,,,,,,11727927.0,,,,,,,,,,3254459.0,,,0,2.9503508388090447,5.803,,,,0,0,0,1,0,0,0,0,1,0,0,1,0,0,0
KOSDAQ,417180,(주)핑거스토리,2025,2026,small_and_medium,it_services,2022,,,50990299.0,,,,,,17299516.0,,,,,,,,,,307779.0,,,0,0.9876701004738184,5.803,,,,0,0,0,1,0,0,0,0,1,0,1,0,0,0,0
KOSDAQ,417200,엘에스머트리얼즈(주),2025,2026,large,manufacturing,2023,,,274526446.0,,,,,,13093552.0,,,,,,,,,,7437027.0,,,0,3.998677339079613,5.803,,0.03128309848621136,,0,0,0,1,0,1,0,0,0,0,0,1,0,0,0
KOSDAQ,417500,(주)제이아이테크,2025,2026,small_and_medium,manufacturing,2022,,,129248196.0,,,,,,16916785.0,,,,,,,,,,6074856.0,,,1,1.324156800653247,5.803,,,,0,0,0,1,0,0,0,0,1,0,0,1,0,0,0
KOSDAQ,417790,(주)트루엔,2025,2026,small_and_medium,manufacturing,2023,16.857416320584154,10.11775608938393,114450762.985,0.9558551443849949,0.04618362507575173,,-98.4562104957885,0.24639850727622067,23950907.389,3379.2870779216314,0.1266181740081477,0.1158099206095913,0.13246586028431628,2.530006847479424,,0.26026569051683707,3258.97569096805,-0.0059507695295073,0.0,0.002351618870686553,9.720861948631503,0,,5.803,,,,0,0,0,1,0,0,0,0,1,0,0,1,0,0,0
KOSDAQ,417840,(주)저스템,2025,2026,small_and_medium,manufacturing,2022,,,87468724.0,,,,,,22115222.0,,,,,,,,,,1860285.0,,,0,0.8038673939475268,5.803,,,,0,0,0,1,0,0,0,0,1,0,0,1,0,0,0
KOSDAQ,417860,오브젠(주),2025,2026,small_and_medium,it_services,2023,,,53607662.0,,,,,,24017072.0,,,,,,,,,,1124468.0,,,0,5.26678912349123,5.803,,,,0,0,0,1,0,0,0,0,1,0,1,0,0,0,0
KOSDAQ,417970,모델솔루션(주),2025,2026,large,manufacturing,2022,,,97396066.0,,,,,,21684543.0,,,,,,,,,,4335880.0,,,1,2.318125433982326,5.803,,,,0,0,0,1,0,1,0,0,0,0,0,1,0,0,0
KOSDAQ,418250,시큐레터(주),2025,2026,small_and_medium,it_services,2023,1.2632114844256142,0.48582582309165245,5125348.347,0.7123151822718441,0.4038729271649378,,-0.004142398273833578,-3.669119207143689,1168573.306,-251.72502425237477,-0.8365548001258616,-0.8364212780794233,-1.1744166359865729,-4.351404127802854,,-5.490523931238935,-376.7451596687337,0.41527810324264763,0.0,0.05273293807594538,0.7925298536711707,0,,5.803,,,,0,1,0,1,0,0,0,0,1,0,1,0,0,0,0
KOSDAQ,418420,(주)라온텍,2025,2026,small_and_medium,manufacturing,2023,4.342123210334199,0.6555667482365354,41819222.253,0.3987861344265828,1.507609752876455,0.4762459483466664,-4.471556633438003,-0.7490511883538425,5675754.384,-4.866558138127404,-0.15860484704552788,-0.1389419146259511,-0.3977190613048441,-0.20268567405640323,-0.25587081216930807,-0.5826466078956961,-4.268159872560502,-0.0348026325117893,0.0,0.006974357036950321,0.3478706840642716,0,,5.803,0.15620823789488697,,,0,1,0,1,0,0,0,0,1,0,0,1,0,0,0
KOSDAQ,418470,(주)케이티밀리의서재,2025,2026,small_and_medium,it_services,2023,4.616994802882918,0.796102002726884,110102759.082,0.7896228304256292,0.2664274150495008,,-19.29927476943455,0.17873203684203914,0.0,344.7252901657931,0.13394365734301553,0.13052207587547549,0.16962991973119124,0.5514102142841485,,0.1448282797252346,306.38153517557475,0.02715612946423256,0.0,0.04416565111123524,3.8073380097469443,0,,5.803,,,,0,0,0,1,0,0,0,0,1,0,1,0,0,0,0
KOSDAQ,418550,(주)제이오,2025,2026,small_and_medium,it_services,2023,,,207580159.0,,,,,,1844948.0,,,,,,,,,,10287042.0,,,0,1.3184690471548597,5.803,,,,0,0,0,1,0,0,0,0,1,0,1,0,0,0,0
KOSDAQ,418620,이에이트(주),2025,2026,small_and_medium,it_services,2024,,,25830615.0,,,,,,1655497.0,,,,,,,,,,2233271.0,,,0,2.0585370653320094,5.803,,,,0,0,0,1,0,0,0,0,1,0,1,0,0,0,0
KOSDAQ,419050,(주)삼기에너지솔루션즈,2025,2026,mid_sized,manufacturing,2023,,,288112816.0,,,,,,26075849.0,,,,,,,,,,18145723.0,,,0,1.0482554425735109,5.803,,0.1045598677117411,,0,0,0,1,0,0,1,0,0,0,0,1,0,0,0
KOSDAQ,419080,엔젯(주),2025,2026,small_and_medium,manufacturing,2022,,,43435603.0,,,,,,1571305.0,,,,,,,,,,771112.0,,,0,2.534041229171059,5.803,,-0.17840739127448774,,0,0,0,1,0,0,0,0,1,0,0,1,0,0,0
KOSDAQ,419120,(주)산돌,2025,2026,small_and_medium,it_services,2022,,,75632541.0,,,,,,14986822.0,,,,,,,,,,549910.0,,,1,1.0399014406606222,5.803,,,,0,0,0,1,0,0,0,0,1,0,1,0,0,0,0
KOSDAQ,419530,(주)에스에이엠지엔터테인먼트,2025,2026,small_and_medium,it_services,2022,,,135675924.0,,,,,,60006238.0,,,,,,,,,,4426750.0,,,0,4.8696756896694575,5.803,,0.35493707996674834,,0,0,0,1,0,0,0,0,1,0,1,0,0,0,0
KOSDAQ,419540,(주)비스토스,2025,2026,small_and_medium,manufacturing,2022,5.342397855321995,0.1675467137623505,20710724.404,0.8648540285022858,0.1562644874670398,,-6.7902554592667155,-0.04088527824064284,4277689.118,-5.086863517866578,-0.05176190069879701,-0.052898595318491407,-0.059850447581814334,-0.7746754172302116,,-0.12680415908015033,-10.067666598021114,0.07093784521203174,446041.409,0.0017321528837046082,6.109227196093427,0,,5.803,,,,0,1,0,1,0,0,0,0,1,0,0,1,0,0,0
KOSDAQ,420570,(주)제이투케이바이오,2025,2026,small_and_medium,manufacturing,2024,,,38064178.0,,,,,,12979425.0,,,,,,,,,,1433794.0,,,1,1.4890729528981244,5.803,,,,0,0,0,1,0,0,0,0,1,0,0,1,0,0,0
KOSDAQ,420770,기가비스(주),2025,2026,small_and_medium,manufacturing,2023,,,239277070.0,,,,,,28374396.0,,,,,,,,,,748044.0,,,1,1.8923224536482477,5.803,,,,0,0,0,1,0,0,0,0,1,0,0,1,0,0,0
KOSDAQ,424760,(주)벨로크,2025,2026,small_and_medium,it_services,2022,2.8309816521678495,0.391838638542319,36205748.025,0.7683272372053139,0.30152876479735946,,-13.064827836969142,0.060060453592386105,9433731.483,7.528704391487658,0.057415396929918844,0.024231156290272504,0.07472779064654737,0.39410100929804354,,0.09342746694762004,28.367994326391198,-0.03260808436231722,0.0,0.0176677406459965,4.2182563883380855,0,,5.803,,,,0,0,0,1,0,0,0,0,1,0,1,0,0,0,0
KOSDAQ,424870,(주)이뮨온시아,2025,2026,other,it_services,2025,6.223154090902564,1.9340165036753962,33145591.605,0.8572903550079808,0.16646594022475686,,0.23372562374343644,-246.05116987208018,0.0,-5465.806602187327,-0.825540871410251,-0.8448976977009368,-0.9629653087635236,-4.814887219682046,,-204.79827749149933,-4445.182326506435,-0.1384100256128163,0.0,0.13584793931753988,0.023510389240856282,0,,5.803,,,,0,1,0,1,0,0,0,1,0,0,1,0,0,0,0
KOSDAQ,424960,(주)스마트레이더시스템,2025,2026,small_and_medium,manufacturing,2023,,,33682536.0,,,,,,3237845.0,,,,,,,,,,732290.0,,,0,7.252230956520283,5.803,,,,0,0,0,1,0,0,0,0,1,0,0,1,0,0,0
KOSDAQ,424980,(주)마이크로투나노,2025,2026,small_and_medium,manufacturing,2023,3.559918951051491,0.5026179933719607,50072646.94,0.5160892846940038,0.9376492201207262,,-7.732027978894691,-0.22267343138490026,5171141.894,-1.6540358100466295,-0.09010257788860564,-0.0680818450856994,-0.1745871897767237,-0.09465455991255245,,-0.1031819757882761,-1.1128083359734415,-0.05304443052876085,0.0,0.020568986361638505,0.9173555670883695,0,,5.803,,,,0,1,0,1,0,0,0,0,1,0,0,1,0,0,0
KOSDAQ,425040,티이엠씨(주),2025,2026,small_and_medium,manufacturing,2023,,,421830890.0,,,,,,58880682.0,,,,,,,,,,11969225.0,,,1,0.5612932148621815,5.803,,,,0,0,0,1,0,0,0,0,1,0,0,1,0,0,0
KOSDAQ,425420,(주)티에프이,2025,2026,small_and_medium,manufacturing,2022,,,143636037.0,,,,,,40243615.0,,,,,,,,,,3989126.0,,,0,3.987191090228774,5.803,,,,0,0,0,1,0,0,0,0,1,0,0,1,0,0,0
KOSDAQ,429270,(주)시지트로닉스,2025,2026,small_and_medium,manufacturing,2023,1.8919521939089807,0.6040476614274566,34037273.558,0.6496777928266989,0.5392245372110931,,-5.857642642665459,-0.6285457780840108,-4009538.483,10.203836711383847,-0.22817155260000627,-0.22286031858791808,-0.35120725245548123,-0.42275626921691634,,-0.39540105171338935,6.7809177747293825,-0.08732638881710279,0.0,0.0010601103210723857,1.069183471781344,0,,5.803,,,,0,0,0,1,0,0,0,0,1,0,0,1,0,0,0
KOSDAQ,430690,(주)한싹,2025,2026,small_and_medium,it_services,2023,,,49280253.0,,,,,,10697301.0,,,,,,,,,,628295.0,,,0,1.5282663527763,5.803,,0.08342098709346199,,0,0,0,1,0,0,0,0,1,0,1,0,0,0,0
KOSDAQ,431190,(주)케이쓰리아이,2025,2026,small_and_medium,it_services,2024,,,45906567.0,,,,,,4905587.0,,,,,,,,,,1410072.0,,,0,1.1011212582457328,5.803,,,,0,0,0,1,0,0,0,0,1,0,1,0,0,0,0
KOSDAQ,432430,(주)와이랩,2025,2026,small_and_medium,it_services,2023,,,40799773.0,,,,,,2787066.0,,,,,,,,,,2233676.0,,,0,2.191862425930544,5.803,,,,0,0,0,1,0,0,0,0,1,0,1,0,0,0,0
KOSDAQ,432470,(주)케이엔에스,2025,2026,small_and_medium,manufacturing,2023,,,90115656.0,,,,,,6151124.0,,,,,,,,,,878727.0,,,0,1.4522914432982543,5.803,,,,0,0,0,1,0,0,0,0,1,0,0,1,0,0,0
KOSDAQ,432720,(주)퀄리타스반도체,2025,2026,small_and_medium,manufacturing,2023,4.477482193855999,0.7640673026215379,83037319.427,0.4373740182922006,1.286372665446992,0.26259788909936627,-4.1358743195579555,-4.315938368947358,0.0,-9.818130168906489,-0.2780734506163745,-0.2947089939302985,-0.6357795364758027,-0.3524172857807271,-0.7550674609884296,-3.0774619649663313,-6.605601673550855,-0.0797943292331948,0.0,0.005445903891412957,0.11451556178195779,0,,5.803,0.22930073806489665,,,0,1,0,1,0,0,0,0,1,0,0,1,0,0,0
KOSDAQ,432980,엠에프씨(주),2025,2026,small_and_medium,manufacturing,2024,3.589767609643371,0.5293383903652076,35676109.721,0.8424651186479627,0.18699276428780637,,-5.996457297949589,0.039513670029785855,5441476.722,0.4479172106580422,0.026360083466343814,0.008316588981263045,0.031289228340572746,0.42483112571711706,,0.11479335572337984,3.604504482810489,-0.043888840157881186,0.0,0.011959495957846844,3.7008337550549726,0,,5.803,,,,0,1,0,1,0,0,0,0,1,0,0,1,0,0,0
KOSDAQ,434480,(주)모니터랩,2025,2026,small_and_medium,it_services,2023,,,50818070.0,,,,,,10900923.0,,,,,,,,,,722340.0,,,0,1.3244418519324734,5.803,,,,0,0,0,1,0,0,0,0,1,0,1,0,0,0,0
KOSDAQ,435570,(주)에르코스농업회사법인,2025,2026,other,manufacturing,2025,,,99675375.0,,,,,,13618258.0,,,,,,,,,,1850501.0,,,0,2.093336667417842,5.803,,,,0,0,0,1,0,0,0,1,0,0,0,1,0,0,0
KOSDAQ,437730,(주)삼현,2025,2026,small_and_medium,manufacturing,2024,,,202098989.0,,,,,,11119189.0,,,,,,,,,,4031442.0,,,1,13.284863258845473,5.803,,,,0,0,0,1,0,0,0,0,1,0,0,1,0,0,0
KOSDAQ,438700,(주)버넥트,2025,2026,small_and_medium,it_services,2023,,,46263185.0,,,,,,3097045.0,,,,,,,,,,673417.0,,,0,1.195304517586072,5.803,,,,0,0,0,1,0,0,0,0,1,0,1,0,0,0,0
KOSDAQ,439090,(주)마녀공장,2025,2026,mid_sized,manufacturing,2023,,,132697063.0,,,,,,67798061.0,,,,,,,,,,1295636.0,,,0,1.8282157450278476,5.803,,0.2581856697615622,,0,0,0,1,0,0,1,0,0,0,0,1,0,0,0
KOSDAQ,439580,(주)블루엠텍,2025,2026,small_and_medium,wholesale_retail,2023,,,109964440.0,,,,,,18630503.0,,,,,,,,,,2408106.0,,,0,3.3363875883719856,5.803,,,,0,0,0,1,0,0,0,0,1,0,0,0,0,0,1
KOSDAQ,440110,(주)파두,2025,2026,small_and_medium,manufacturing,2023,,,122427167.0,,,,,,43658415.0,,,,,,,,,,10387367.0,,,0,53.13306819570532,5.803,,,,0,0,0,1,0,0,0,0,1,0,0,1,0,0,0
KOSDAQ,440320,(주)오픈놀,2025,2026,small_and_medium,it_services,2023,,,73924275.0,,,,,,60357321.0,,,,,,,,,,1857870.0,,,0,0.9539416047124112,5.803,,,,0,0,0,1,0,0,0,0,1,0,1,0,0,0,0
KOSDAQ,441270,(주)파인엠텍,2025,2026,small_and_medium,manufacturing,2022,,,427360660.0,,,,,,34954131.0,,,,,,,,,,9158539.0,,,0,1.9545656031351957,5.803,,,,0,0,0,1,0,0,0,0,1,0,0,1,0,0,0
KOSDAQ,443250,(주)레뷰코퍼레이션,2025,2026,small_and_medium,it_services,2023,,,89428934.0,,,,,,56457817.0,,,,,,,,,,1364359.0,,,1,2.2623533336370563,5.803,,,,0,0,0,1,0,0,0,0,1,0,1,0,0,0,0
KOSDAQ,443670,(주)에스피소프트,2025,2026,mid_sized,wholesale_retail,2024,,,79490289.0,,,,,,12714917.0,,,,,,,,,,1315785.0,,,0,1.9918818081209275,5.803,,,,0,0,0,1,0,0,1,0,0,0,0,0,0,0,1
KOSDAQ,444530,(주)심플랫폼,2025,2026,other,it_services,2025,4.930535547090351,1.6908199443993994,19534264.502,0.7572950079838128,0.3204893594404561,,-3.629470134878076,-0.2431267187953853,0.0,-70.82043210207611,-0.12949580752021703,-0.13641178472458876,-0.170997835922596,-0.16049428622819695,,-0.07313331598879298,-20.22297132195272,-0.09054304306255882,0.0,0.1518598724152773,2.194544087851715,0,,5.803,,,,0,1,0,1,0,0,0,1,0,0,1,0,0,0,0
KOSDAQ,445090,(주)에이직랜드,2025,2026,small_and_medium,manufacturing,2023,,,220969730.0,,,,,,-414427.0,,,,,,,,,,3522930.0,,,0,5.624308035113483,5.803,,,,0,0,0,1,0,0,0,0,1,0,0,1,0,0,0
KOSDAQ,445180,(주)퓨릿,2025,2026,mid_sized,manufacturing,2023,4.240340314692235,2.188702584743023,122751699.678,0.8754308672620318,0.14229465443406916,,-11.503281354186132,0.10631404172197302,29702988.36,15.95278523089419,0.15011597846984887,0.14026461066661566,0.17147667975124817,1.4607574961229643,,0.1566961690205065,20.69554998771607,-0.05850684598941769,0.0,0.0008008646744434368,9.32222852194809,0,,5.803,,,,0,0,0,1,0,0,1,0,0,0,0,1,0,0,0
KOSDAQ,445680,큐리옥스바이오시스템즈(주),2025,2026,small_and_medium,manufacturing,2023,,,78027492.0,,,,,,2135318.0,,,,,,,,,,952560.0,,,0,37.92912682720944,5.803,,,,0,0,0,1,0,0,0,0,1,0,0,1,0,0,0
KOSDAQ,446540,(주)메가터치,2025,2026,mid_sized,manufacturing,2023,3.0893707908311643,1.3668064920580898,62610628.208,0.8357799291385126,0.1964872152777809,,,-0.06611718542583903,6769288.763,-2.582652215689386,-0.07004614273203588,-0.0666758899165077,-0.08380931425840359,0.5507248845686877,,0.13095483672323896,3.5031444226485497,-0.13610195552887275,0.0,0.0005535840158775365,4.205456616563115,0,,5.803,,,,0,1,0,1,0,0,1,0,0,0,0,1,0,0,0
KOSDAQ,446840,(주)지슨,2025,2026,other,manufacturing,2023,2.4982996164798617,0.6038834953601594,19325669.09,0.391727345829246,1.5527959961107747,,-0.3808769307993862,-0.9498355583436698,6479067.586,-14.235982093062903,-0.5551798782765973,-0.34378734599351457,-1.417260970385765,-0.35560644930635404,,-0.37006893296549553,-8.957059663012187,-0.33887419951678366,0.0,0.06701195296105528,0.9609194872337745,0,,5.803,,,,0,1,0,1,0,0,0,1,0,0,0,1,0,0,0
KOSDAQ,448280,(주)에코아이,2025,2026,small_and_medium,it_services,2023,,,142917427.0,,,,,,5442398.0,,,,,,,,,,370704.0,,,1,2.7322346703897407,5.803,,,,0,0,0,1,0,0,0,0,1,0,1,0,0,0,0
KOSDAQ,448710,코츠테크놀로지(주),2025,2026,small_and_medium,manufacturing,2023,2.872370969683027,0.4583743447484313,120987750.217,0.44476007780529075,1.2484032400897838,,-101.28991696557173,0.1082529433200714,12331068.156,16.6552051190469,0.06821279795018771,0.06872821405543932,0.1533698759267918,0.09320072593967202,,0.09191858327610869,12.540501567103387,0.009195996173203231,0.0,0.01641897224667029,1.013948677382374,0,,5.803,,0.8713205012873676,-0.028456653070066062,0,0,0,1,0,0,0,0,1,0,0,1,0,0,0
KOSDAQ,448900,한국피아이엠(주),2025,2026,small_and_medium,manufacturing,2025,,,85889946.0,,,,,,8988036.0,,,,,,,,,,4815365.0,,,0,4.616242363380744,5.803,,,,0,0,0,1,0,0,0,0,1,0,0,1,0,0,0
KOSDAQ,450330,(주)하스,2025,2026,small_and_medium,manufacturing,2024,,,54853672.0,,,,,,8947745.0,,,,,,,,,,1592718.0,,,1,1.106669019428166,5.803,,,,0,0,0,1,0,0,0,0,1,0,0,1,0,0,0
KOSDAQ,450520,(주)인스웨이브,2025,2026,small_and_medium,it_services,2023,,,52753487.0,,,,,,13226238.0,,,,,,,,,,1949487.0,,,0,1.2069669653338344,5.803,,-0.07478931582956273,,0,0,0,1,0,0,0,0,1,0,1,0,0,0,0
KOSDAQ,450950,(주)아스테라시스,2025,2026,other,manufacturing,2025,,,52211905.0,,,,,,30041481.0,,,,,,,,,,1770255.0,,,1,9.921527628274648,5.803,,,,0,0,0,1,0,0,0,1,0,0,0,1,0,0,0
KOSDAQ,451220,(주)아이엠티,2025,2026,small_and_medium,manufacturing,2023,,,67115421.0,,,,,,10310961.0,,,,,,,,,,2395749.0,,,0,2.4660707574521123,5.803,,,,0,0,0,1,0,0,0,0,1,0,0,1,0,0,0
KOSDAQ,451250,(주)삐아,2025,2026,small_and_medium,manufacturing,2024,,,52358576.0,,,,,,37844902.0,,,,,,,,,,1604706.0,,,1,2.116578259613193,5.803,,,,0,0,0,1,0,0,0,0,1,0,0,1,0,0,0
KOSDAQ,451760,(주)컨텍,2025,2026,small_and_medium,it_services,2023,,,273073353.0,,,,,,11188616.0,,,,,,,,,,3761339.0,,,0,0.9614565461962952,5.803,,,,0,0,0,1,0,0,0,0,1,0,1,0,0,0,0
KOSDAQ,452160,(주)제이엔비,2025,2026,small_and_medium,manufacturing,2023,,,72158963.0,,,,,,3881106.0,,,,,,,,,,2658502.0,,,0,1.697389240821528,5.803,,0.2066284619016721,,0,0,0,1,0,0,0,0,1,0,0,1,0,0,0
KOSDAQ,452190,(주)한빛레이저,2025,2026,small_and_medium,manufacturing,2024,,,41698800.0,,,,,,7492581.0,,,,,,,,,,612044.0,,,0,3.61692674603143,5.803,,,,0,0,0,1,0,0,0,0,1,0,0,1,0,0,0
KOSDAQ,452200,(주)민테크,2025,2026,small_and_medium,manufacturing,2024,2.6560756013266356,1.0443515150062546,55825043.802,0.6053323362334619,0.6519850999903042,,-13.242119493157672,-0.11961089203378025,7148802.058,-9.079152151071522,-0.045029096652673684,-0.15763483377123172,-0.07438739673624022,-0.21368746591793247,,-0.22402066832707504,-4.857398057755276,0.03930643629734846,1498795.859,0.014735474618123435,0.9538738881268943,0,,5.803,,,,0,1,0,1,0,0,0,0,1,0,0,1,0,0,0
KOSDAQ,452280,한선엔지니어링(주),2025,2026,mid_sized,manufacturing,2023,1.7647206833274656,0.5698659548139445,140596237.213,0.48613706231307463,1.057033041755609,,-6.913447750656328,0.14134721887283144,14877149.303,9.293899356679786,0.07567559309486425,0.06934711369429514,0.15566719545058838,0.019765362468025165,,0.02258899129664613,1.3611991013374232,0.05339725695237764,1813539.503,0.005611436953357179,0.8749997823479528,0,,5.803,,0.9489395769597764,0.04625801361255427,0,0,0,1,0,0,1,0,0,0,0,1,0,0,0
KOSDAQ,452400,(주)이닉스,2025,2026,small_and_medium,manufacturing,2024,,,141222944.0,,,,,,12843028.0,,,,,,,,,,3298207.0,,,1,0.8590557122432156,5.803,,,,0,0,0,1,0,0,0,0,1,0,0,1,0,0,0
KOSDAQ,452430,(주)사피엔반도체,2025,2026,small_and_medium,manufacturing,2024,0.9072221552713604,0.6779991209719339,31612257.216,0.40703585577835383,1.4567860197174798,,-14.657398570171061,-0.2765714923049446,2732088.571,-4.0838943335795905,-0.15146178222213794,-0.14441250461195793,-0.372109189084842,0.24159836204526064,,0.26159339170875967,4.051278646641482,-0.2947209482176573,0.0,0.028039902527155245,0.9235644695269667,0,,5.803,,,,0,1,0,1,0,0,0,0,1,0,0,1,0,0,0
KOSDAQ,452450,(주)피아이이,2025,2026,other,manufacturing,2025,,,150238598.0,,,,,,-5016335.0,,,,,,,,,,2549130.0,,,0,4.3873949014128115,5.803,,,,0,0,0,1,0,0,0,1,0,0,0,1,0,0,0
KOSDAQ,453450,(주)그리드위즈,2025,2026,small_and_medium,it_services,2024,,,188621035.0,,,,,,22215881.0,,,,,,,,,,2704746.0,,,0,0.8137664546352233,5.803,,,,0,0,0,1,0,0,0,0,1,0,1,0,0,0,0
KOSDAQ,453860,(주)에이에스텍,2025,2026,small_and_medium,manufacturing,2023,1.091125768163043,0.21945219460692114,107967365.44,0.5458872988685941,0.8318799541088422,,-19.83640571765436,0.08763818458438016,4189783.609,-0.5792158833887109,0.0015648374516824739,-0.0010203146622228074,0.002866594359175888,0.05900429972466693,,0.11778869161399214,15.210855630556663,-0.006858645109864416,0.0,0.0006283961428854516,0.5009334844980806,0,,5.803,,,,0,1,0,1,0,0,0,0,1,0,0,1,0,0,0
KOSDAQ,455180,케이지에이(주),2025,2026,other,manufacturing,2025,,,101840993.0,,,,,,12477.0,,,,,,,,,,905558.0,,,0,1.0567234592399324,5.803,,,,0,0,0,1,0,0,0,1,0,0,0,1,0,0,0
KOSDAQ,455900,(주)엔젤로보틱스,2025,2026,small_and_medium,manufacturing,2024,23.42680022823941,2.5785905474632362,37033858.938,0.880983259174286,0.1350953489595979,,-3.2878296910912326,-2.093171260891139,2611240.705,-79.36628139441898,-0.2623291643537447,-0.27748895326312917,-0.29776861435439356,-1.6379100845278685,,-1.5554508679913879,-55.755593605870644,-0.067390444327668,0.0,0.023497128815466464,1.0530130640789466,0,,5.803,,,,0,1,0,1,0,0,0,0,1,0,0,1,0,0,0
KOSDAQ,456010,(주)아이씨티케이,2025,2026,small_and_medium,manufacturing,2024,,,73232798.0,,,,,,2042574.0,,,,,,,,,,973978.0,,,0,5.228618369407491,5.803,,,,0,0,0,1,0,0,0,0,1,0,0,1,0,0,0
KOSDAQ,456070,이엔셀(주),2025,2026,small_and_medium,manufacturing,2024,13.585119156235873,11.971138394634806,63712916.707,0.6184568499698084,0.6169276806438762,0.14601045205293398,-6.217549783196132,-3.063031576078276,-2401953.749,-26.772531156576125,-0.2653931464283795,-0.28099290499179186,-0.42912152471322024,-0.419489267264991,-1.0961767064327463,-1.9391645105737725,-15.249604949182755,-0.09276086822675118,0.0,0.003426174381622946,0.21632474448538136,0,,5.803,0.032248522525072175,,,0,1,0,1,0,0,0,0,1,0,0,1,0,0,0
KOSDAQ,456160,(주)지투지바이오,2025,2026,other,manufacturing,2025,7.352861947113909,1.099530342814243,67749470.637,0.8611116211753672,0.1612896347108385,,-6.1057085134733535,-28.570657114830908,-33484.041,-16.89146334479194,-0.1784134141322531,-0.1801092772426174,-0.2071896485251577,-1.47946685883568,,-32.90514999605527,-19.270915245240662,0.02706733941620657,1516058.964,0.005580690025251865,0.04496155948272661,0,,5.803,,,,0,1,0,1,0,0,0,1,0,0,0,1,0,0,0
KOSDAQ,457370,(주)한켐,2025,2026,small_and_medium,manufacturing,2024,9.670177250933676,0.7988730675434726,65692894.554,0.9028586928415163,0.1075930352431524,,,0.1703044607089564,7259530.21,16.15944212257547,0.08721205413304706,0.07385493660980083,0.0965954637470117,0.8741115977993997,,0.1645664820026348,18.578799991205766,0.002960658885872715,0.0,0.00836990572166104,5.311601652792242,0,,5.803,,,,0,0,0,1,0,0,0,0,1,0,0,1,0,0,0
KOSDAQ,457550,(주)우진엔텍,2025,2026,small_and_medium,it_services,2024,6.73513375349786,0.5379719116400172,57632129.914,0.8865703499809057,0.127942074784632,,-9.96580488676953,0.11848430710418949,10281638.758,300.1777520655213,0.10464751545708421,0.08776652770855288,0.1180363357057204,0.6035918689903939,,0.08806168331032285,234.16369208221744,0.023652641920993152,0.0,0.2051480102096301,6.854194086472101,0,,5.803,,,,0,0,0,1,0,0,0,0,1,0,1,0,0,0,0
KOSDAQ,457600,(주)벡트,2025,2026,small_and_medium,manufacturing,2024,,,40038269.0,,,,,,15593466.0,,,,,,,,,,1013843.0,,,0,1.8553820000544663,5.803,,,,0,0,0,1,0,0,0,0,1,0,0,1,0,0,0
KOSDAQ,458650,(주)성우,2025,2026,small_and_medium,manufacturing,2024,,,246593655.0,,,,,,14117641.0,,,,,,,,,,9573524.0,,,1,0.6425855136833146,5.803,,,,0,0,0,1,0,0,0,0,1,0,0,1,0,0,0
KOSDAQ,458870,(주)씨어스테크놀로지,2025,2026,small_and_medium,manufacturing,2024,,,54204850.0,,,,,,34883584.0,,,,,,,,,,1277109.0,,,0,41.58994548785845,5.803,,,,0,0,0,1,0,0,0,0,1,0,0,1,0,0,0
KOSDAQ,459100,(주)위츠,2025,2026,mid_sized,manufacturing,2024,,,158274803.0,,,,,,28650605.0,,,,,,,,,,3495700.0,,,1,1.9870509554627505,5.803,,,,0,0,0,1,0,0,1,0,0,0,0,1,0,0,0
KOSDAQ,459510,(주)나우로보틱스,2025,2026,other,manufacturing,2025,2.1484776001552452,0.15773895913335947,32002827.967,0.5050320898411246,0.980072197619333,,-1.4950951024060888,-0.6645073864987636,287543.534,-22.05475573666769,-0.26009081358631797,-0.2564239892943833,-0.5149985888384608,-0.48144350828961585,,-0.6088315901231559,-20.495852100248012,-0.0217917264286496,0.0,0.004981999502181682,0.7907663073005596,0,,5.803,,,,0,1,0,1,0,0,0,1,0,0,0,1,0,0,0
KOSDAQ,459550,(주)알트,2025,2026,other,manufacturing,2025,,,62417435.0,,,,,,23322167.0,,,,,,,,,,564818.0,,,0,1.947643869958968,5.803,,,,0,0,0,1,0,0,0,1,0,0,0,1,0,0,0
KOSDAQ,460470,아이빔테크놀로지(주),2025,2026,small_and_medium,manufacturing,2024,19.660819233833244,3.0521300662975843,30227756.331,0.9143076216892904,0.09372379304066493,,-2.655902064702431,-0.8689930761302301,1230422.02,-25.862065585610075,-0.12579814205728057,-0.13739130666938945,-0.1375884210883573,-1.6394433948442166,,-0.970466865577644,-26.444939487202838,0.014689661552704137,0.0,0.006817866061353887,1.6893347449512175,0,,5.803,,,,0,1,0,1,0,0,0,0,1,0,0,1,0,0,0
KOSDAQ,460870,(주)에스엠씨지,2025,2026,other,manufacturing,2025,1.521940327446024,0.1760175127889898,71199675.343,0.5853078484591314,0.7085026326446469,-0.0022334060265575893,-19.89086309593036,0.023888005083162137,9604166.864,3.798792534792887,0.019546965478359147,0.06942113896149876,0.03339604197999063,-0.056920942458373223,10.568910361623454,-0.030125339390099655,-1.2916704953271874,0.0423220815050564,0.0,0.000863130859852185,1.8894705789465607,0,,5.803,-3.773162880951731,,,0,0,0,1,0,0,0,1,0,0,0,1,0,0,0
KOSDAQ,460930,현대힘스(주),2025,2026,mid_sized,manufacturing,2024,,,333357624.0,,,,,,37812930.0,,,,,,,,,,13368668.0,,,1,2.483931087193995,5.803,,,,0,0,0,1,0,0,1,0,0,0,0,1,0,0,0
KOSDAQ,460940,(주)피앤에스로보틱스,2025,2026,small_and_medium,manufacturing,2024,,,45090169.0,,,,,,5086922.0,,,,,,,,,,216047.0,,,1,3.784013780186956,5.803,,,,0,0,0,1,0,0,0,0,1,0,0,1,0,0,0
KOSDAQ,461030,(주)아이엠비디엑스,2025,2026,small_and_medium,it_services,2024,15.369994459221626,1.357546098387249,27119871.677,0.9279025334895576,0.07769939612009225,,-16.951952087175187,-1.488915139556859,1386243.828,-48.32191646282525,-0.29254830113110786,-0.3194799095361516,-0.3152791274649539,-3.1720432221357573,,-1.1639423380769969,-34.590727637558594,-0.06385202115349965,0.0,0.008595406599865822,2.725258046181598,0,,5.803,,,,0,1,0,1,0,0,0,0,1,0,1,0,0,0,0
KOSDAQ,461300,(주)아이스크림미디어,2025,2026,mid_sized,it_services,2024,2.5954927732479414,1.535788592896656,266824535.765,0.7662112779540621,0.3051230499637133,,-29.745920524300708,0.25097903423792184,133176269.23,21.172376416713654,0.23108753409508626,0.23147460762527677,0.30159766730677257,0.9185319521621733,,0.292472842171957,19.641926215380902,-0.030466009430855007,0.0,0.07042778771870714,3.1405717718643085,0,,5.803,,,,0,0,0,1,0,0,1,0,0,0,1,0,0,0,0
KOSDAQ,462310,(주)뉴키즈온,2025,2026,other,manufacturing,2025,,,54407941.0,,,,,,25786015.0,,,,,,,,,,717482.0,,,0,1.0505485408656214,5.803,,,,0,0,0,1,0,0,0,1,0,0,0,1,0,0,0
KOSDAQ,462350,(주)이노스페이스,2025,2026,small_and_medium,manufacturing,2024,,,70066703.0,,,,,,-15010619.0,,,,,,,,,,6021431.0,,,0,5.315786560414577,5.803,,,,0,0,0,1,0,0,0,0,1,0,0,1,0,0,0
KOSDAQ,462510,(주)라메디텍,2025,2026,small_and_medium,manufacturing,2024,1.6518363685129573,0.5136212002614428,25199789.859,0.33413153816410956,1.9928333179636797,,-0.9130019367338165,-1.5815285155379222,3147613.173,-21.784931294960035,-0.45108381326204766,-0.4699885439628022,-1.3500186655247632,-0.7843736730370703,,-1.831180848594574,-24.209196552458263,0.07120587790771386,0.0,0.01540679466663643,0.42834309546163873,0,,5.803,,,,0,1,0,1,0,0,0,0,1,0,0,1,0,0,0
KOSDAQ,462860,(주)더즌,2025,2026,other,it_services,2025,,,193145187.0,,,,,,59971247.0,,,,,,,,,,2471062.0,,,1,3.689954305960789,5.803,,,,0,0,0,1,0,0,0,1,0,0,1,0,0,0,0
KOSDAQ,462980,(주)아이지넷,2025,2026,other,it_services,2025,,,50283293.0,,,,,,39018671.0,,,,,,,,,,920703.0,,,0,1.7160546500522766,5.803,,,,0,0,0,1,0,0,0,1,0,0,1,0,0,0,0
KOSDAQ,463020,(주)뉴엔에이아이,2025,2026,other,it_services,2025,12.0,1.5371024734982333,57617000.0,0.9281809188260409,0.07737616634566839,,-11.023156474820144,-0.05606036452521388,18819000.0,-4.200757575757576,-0.014700522415259385,-0.019247791450439974,-0.01583799248303072,0.23489608506524892,,0.05164992826398852,3.6818181818181817,-0.035180589062255935,0.0,0.006612631688564139,4.547849202513292,0,,5.803,,,,0,1,0,1,0,0,0,1,0,0,1,0,0,0,0
KOSDAQ,463480,모티브링크(주),2025,2026,other,manufacturing,2025,,,63994452.0,,,,,,11024970.0,,,,,,,,,,2138130.0,,,0,2.605165971759201,5.803,,,,0,0,0,1,0,0,0,1,0,0,0,1,0,0,0
KOSDAQ,464080,(주)에스오에스랩,2025,2026,small_and_medium,manufacturing,2024,6.88274725881168,0.385341614721445,78587867.0,0.3365811547474625,1.9710516643461575,,-13.862697648231855,-2.9086284674521052,1740295.589,-6.8404396027974625,-0.225251482254888,-0.20526578012353994,-0.669233791249824,-0.2170119580169652,,-1.859054245760499,-4.797764515275368,-0.08128165966128079,0.0,0.01831619139122328,0.11673245065971181,0,,5.803,,,,0,1,0,1,0,0,0,0,1,0,0,1,0,0,0
KOSDAQ,464280,(주)티디에스팜,2025,2026,small_and_medium,manufacturing,2024,2.660597270028046,0.10821462498518622,54151710.444,0.7900907784112393,0.2656773466092825,,-76.36847569077757,0.1547573326852849,7503686.769,15.84746819305747,0.0918284695022218,0.06953043086041953,0.11622521362276352,0.33254581027676233,,0.13685408600472412,15.909918937404814,0.009131813343391646,0.0,0.003952269581979817,2.429929715545965,0,,5.803,,,,0,0,0,1,0,0,0,0,1,0,0,1,0,0,0
KOSDAQ,464490,(주)쿼드메디슨,2025,2026,other,manufacturing,2025,,,51179025.0,,,,,,10698153.0,,,,,,,,,,3192555.0,,,0,5.740833873255348,5.803,,,,0,0,0,1,0,0,0,1,0,0,0,1,0,0,0
KOSDAQ,464500,(주)아이언디바이스,2025,2026,small_and_medium,manufacturing,2024,,,34205754.0,,,,,,3299018.0,,,,,,,,,,433960.0,,,0,1.7083985772176555,5.803,,,,0,0,0,1,0,0,0,0,1,0,0,1,0,0,0
KOSDAQ,464580,(주)닷밀,2025,2026,small_and_medium,it_services,2024,2.6089884585074294,1.5305125783544755,45981374.075,0.7459476629179007,0.34057662448908343,,-2.7269947492919324,0.023506934948288302,7918187.092,0.2864744757068285,0.004776500015892577,0.0026646549709486906,0.006403264268177324,0.3559572401772303,,0.12287282828984183,9.722231894030948,-0.07313116834036239,0.0,0.002464710184935899,2.8969565129368644,0,,5.803,,,,0,1,0,1,0,0,0,0,1,0,1,0,0,0,0
KOSDAQ,465480,인스피언(주),2025,2026,small_and_medium,it_services,2024,,,60973336.0,,,,,,20022055.0,,,,,,,,,,490547.0,,,0,0.9573060593904894,5.803,,,,0,0,0,1,0,0,0,0,1,0,1,0,0,0,0
KOSDAQ,466100,(주)클로봇,2025,2026,small_and_medium,it_services,2024,,,73041597.0,,,,,,10363375.0,,,,,,,,,,1115019.0,,,0,26.04889943525594,5.803,,,,0,0,0,1,0,0,0,0,1,0,1,0,0,0,0
KOSDAQ,466410,(주)사이냅소프트,2025,2026,small_and_medium,it_services,2024,24.245187949405377,21.48911942947283,72078938.796,0.9672102886296772,0.033901326067135334,,-26.681228057525246,0.4233187602854691,0.0,90.79223003030593,0.08604298679469698,0.06484245774244625,0.08895995814581423,2.6370710806692186,,0.46262434012622544,121.07337409609411,-0.007346579095714799,553390.917,0.0014763756761344757,5.700242836227993,0,,5.803,,,,0,0,0,1,0,0,0,0,1,0,1,0,0,0,0
KOSDAQ,468530,(주)프로티나,2025,2026,other,it_services,2025,15.150634770510054,4.92412038809334,31754539.562,0.8935526088671428,0.11912828643387038,,-24.937568942033806,-3.0539413938897844,1539607.592,-58.68098063487227,-0.2837997911575576,-0.35799488576442173,-0.3176083739684477,-2.388719984389341,,-2.7362066367360542,-41.67933732458224,-0.02952678067239299,0.0,0.017287929838445567,0.8730042359807955,0,,5.803,,,,0,1,0,1,0,0,0,1,0,0,1,0,0,0,0
KOSDAQ,469610,(주)이노테크,2025,2026,other,manufacturing,2025,,,94004634.0,,,,,,18102444.0,,,,,,,,,,681482.0,,,0,3.3864686791743295,5.803,,,,0,0,0,1,0,0,0,1,0,0,0,1,0,0,0
KOSDAQ,469750,(주)아이비젼웍스,2025,2026,small_and_medium,manufacturing,2024,3.640416075569845,2.191695006035311,46547985.71,0.7755691787806901,0.28937563193543664,,-9.477327342568731,-0.01702980610767399,3417302.388,-0.6691264039688094,-0.006987228943187712,-0.008396475659225685,-0.00900916273410023,-0.014808633516851426,,-0.00672589086160373,-0.2648552696742244,-0.005091549212817699,0.0,0.0018875804325325337,2.201735624553449,0,,5.803,,,,0,1,0,1,0,0,0,0,1,0,0,1,0,0,0
KOSDAQ,471820,(주)셀로맥스사이언스,2025,2026,small_and_medium,manufacturing,2024,,,50907958.0,,,,,,10546990.0,,,,,,,,,,474426.0,,,1,1.604454243616664,5.803,,,,0,0,0,1,0,0,0,0,1,0,0,1,0,0,0
KOSDAQ,472850,폰드그룹(주),2025,2026,mid_sized,wholesale_retail,2024,,,483730995.0,,,,,,256670755.0,,,,,,,,,,10759162.0,,,1,1.2048185265695135,5.803,,,,0,0,0,1,0,0,1,0,0,0,0,0,0,0,1
KOSDAQ,473980,(주)노머스,2025,2026,small_and_medium,it_services,2024,,,115399421.0,,,,,,37606058.0,,,,,,,,,,659390.0,,,0,2.9726583928879617,5.803,,,,0,0,0,1,0,0,0,0,1,0,1,0,0,0,0
KOSDAQ,474170,루미르(주),2025,2026,small_and_medium,manufacturing,2024,5.766489266634706,1.0335064065176565,69367511.026,0.8850003160123475,0.12994309934918488,,-5.890932383064566,0.0043206385283254285,2246983.981,-30.823340270603854,0.0006582728185660996,-0.00856870771645841,0.0007438108288279022,2.057280779843956,,1.552859728249181,851.049042144839,-0.23592836673736015,0.0,0.2730379038380232,1.3248336230365765,0,,5.803,,,,0,1,0,1,0,0,0,0,1,0,0,1,0,0,0
KOSDAQ,474610,알에프시스템즈(주),2025,2026,small_and_medium,manufacturing,2024,1.8757783605461493,0.6026575103802246,82624588.522,0.5978514657879025,0.6726562653519801,0.09220454984742828,-35.78722532812842,0.13507776034142902,10739782.836,11.010091729136548,0.06123187089340722,0.049092288670460005,0.10241987248908113,0.12354718444016663,0.5388488877268831,0.10753673603750478,11.142868379555338,0.012724554334331842,0.0,0.025420453530497763,1.1488835256918901,0,,5.803,0.2389336253930671,,,0,0,0,1,0,0,0,0,1,0,0,1,0,0,0
KOSDAQ,474650,(주)링크솔루션,2025,2026,other,manufacturing,2025,1.857671809181053,0.26374634397507285,66010962.247,0.5782928061578875,0.7292278052772051,,-66.87597331416322,-0.5322040038272087,724987.181,-29.46786167733918,-0.11395682045737593,-0.11176397744959841,-0.1970573025358767,-0.19614746863216823,,-0.4160289244517804,-21.80923795354565,-0.023098467619585342,1823063.293,0.0036320507660967502,0.4714755563946434,0,,5.803,,,,0,1,0,1,0,0,0,1,0,0,0,1,0,0,0
KOSDAQ,475230,(주)엔알비,2025,2026,other,manufacturing,2025,,,175264801.0,,,,,,12335014.0,,,,,,,,,,15030433.0,,,0,1.8167560538010965,5.803,,,,0,0,0,1,0,0,0,1,0,0,0,1,0,0,0
KOSDAQ,475400,(주)씨메스,2025,2026,small_and_medium,manufacturing,2024,,,68932585.0,,,,,,1744840.0,,,,,,,,,,1587603.0,,,0,6.56769913002004,5.803,,,,0,0,0,1,0,0,0,0,1,0,0,1,0,0,0
KOSDAQ,475430,키스트론(주),2025,2026,other,manufacturing,2025,7.759179890816905,2.682018603965352,214435771.03,0.884618251804926,0.13043111868837823,,-20.256457618537762,0.12714284369909232,13108738.264,4.776874976367955,0.04690222841408737,0.03448644178850835,0.05301973853511463,0.4176749359521004,,0.14908604980345808,6.675303511039441,-0.007093141180196119,0.0,0.00013220741979673613,2.8015695398914002,0,,5.803,,,,0,0,0,1,0,0,0,1,0,0,0,1,0,0,0
KOSDAQ,475460,(주)미트박스글로벌,2025,2026,other,it_services,2025,,,98636486.0,,,,,,135593980.0,,,,,,,,,,4713554.0,,,0,1.2786033401505503,5.803,,,,0,0,0,1,0,0,0,1,0,0,1,0,0,0,0
KOSDAQ,475580,(주)에이럭스,2025,2026,small_and_medium,manufacturing,2024,,,93316471.0,,,,,,15893362.0,,,,,,,,,,3721187.0,,,0,3.339931478893545,5.803,,,,0,0,0,1,0,0,0,0,1,0,0,1,0,0,0
KOSDAQ,475660,(주)에스켐,2025,2026,small_and_medium,manufacturing,2024,5.398238807525335,0.756959837158127,39681631.113,0.9096018303838114,0.0993821324854245,,-8.103464143453174,-0.09812654383750151,4757841.537,-7.291803270728879,-0.05464818413902279,-0.05116801106834582,-0.06007923721521503,-0.2707901459689905,,-0.043954491508015586,-3.4884210655374353,-0.030169250593325526,0.0,0.004053005445819765,6.160693405351053,0,,5.803,,,,0,1,0,1,0,0,0,0,1,0,0,1,0,0,0
KOSDAQ,475830,오름테라퓨틱(주),2025,2026,other,manufacturing,2025,,,169324738.0,,,,,,23564.0,,,,,,,,,,3297015.0,,,0,19.466132477852145,5.803,,,,0,0,0,1,0,0,0,1,0,0,0,1,0,0,0
KOSDAQ,475960,(주)토모큐브,2025,2026,small_and_medium,manufacturing,2024,,,41512113.0,,,,,,7442623.0,,,,,,,,,,1348483.0,,,0,17.51309018867834,5.803,,,,0,0,0,1,0,0,0,0,1,0,0,1,0,0,0
KOSDAQ,476040,오가노이드사이언스(주),2025,2026,other,it_services,2025,,,37193923.0,,,,,,2406582.0,,,,,,,,,,1376119.0,,,0,10.151968743665568,5.803,,,,0,0,0,1,0,0,0,1,0,0,1,0,0,0,0
KOSDAQ,476060,온코닉테라퓨틱스(주),2025,2026,mid_sized,it_services,2024,17.621797947700816,12.986794430714008,75706519.973,0.9515612434661128,0.05090450758318636,,-2.2384629022708227,0.29562550613907274,0.0,1080.489676435349,0.18128181609582117,0.16668446156949862,0.19050987767796473,3.1073482724597477,,0.21342302204689778,975.682292157663,0.05797310937770318,0.0,1.2944723920073297e-06,14.559573951571801,0,,5.803,,,,0,0,0,1,0,0,1,0,0,0,1,0,0,0,0
KOSDAQ,476080,(주)엠83,2025,2026,small_and_medium,it_services,2024,,,93563358.0,,,,,,132396373.0,,,,,,,,,,3489683.0,,,0,1.7097471132420168,5.803,,,,0,0,0,1,0,0,0,0,1,0,1,0,0,0,0
KOSDAQ,476830,알지노믹스(주),2025,2026,other,it_services,2025,18.291210194412333,5.871841600855731,62833585.186,0.9370373769491436,0.06719328876277443,,-7.450995475189112,-13.10759098919861,0.0,-0.16454872603556886,-1.6359283517042251,-0.2323178184849533,-1.7458517578354966,-2.7429813577458484,,-1.3701847670589857,-0.12232568938444206,-1.4794444708323315,0.0,0.002097540313987456,2.0019061835240533,0,,5.803,,,,0,1,0,1,0,0,0,1,0,0,1,0,0,0,0
KOSDAQ,478340,(주)나라스페이스테크놀로지,2025,2026,other,manufacturing,2025,8.971904472502967,6.642295846712155,55313262.466,0.86072502171183,0.16181123445345727,,-40.27899891456182,-0.5801267707843644,3222140.337,-2.2293431976275775,-0.13882849052196422,-0.0987278831610547,-0.16129249995063333,-0.45814855778141755,,-0.2666390348613351,-1.4408425630306,-0.07501986008420088,1201605.327,0.008409348920359161,1.718235133950573,0,,5.803,,,,0,1,0,1,0,0,0,1,0,0,0,1,0,0,0
KOSDAQ,478560,(주)블랙야크아이앤씨,2025,2026,other,manufacturing,2025,,,96751839.0,,,,,,20191625.0,,,,,,,,,,884051.0,,,1,2.400592387705225,5.803,,,,0,0,0,1,0,0,0,1,0,0,0,1,0,0,0
KOSDAQ,479960,(주)위너스,2025,2026,other,manufacturing,2025,5.283219789305073,0.5007913875971839,49916982.811,0.8162822954920445,0.2250663839244645,,-28.737519568676106,0.14885938404933646,9314069.508,11.837125407046841,0.1088059617618382,0.10560166907440531,0.13329452612499865,0.2848535870035268,,0.08360219072033317,5.866082537640622,0.040849188776503106,0.0,0.012779710653093062,3.407250271185137,0,,5.803,,,,0,0,0,1,0,0,0,1,0,0,0,1,0,0,0
KOSDAQ,481070,(주)에이유브랜즈,2025,2026,other,wholesale_retail,2025,,,101396517.0,,,,,,39883906.0,,,,,,,,,,3401464.0,,,0,4.401654147003523,5.803,,,,0,0,0,1,0,0,0,1,0,0,0,0,0,0,1
KOSDAQ,482630,(주)삼양엔씨켐,2025,2026,other,manufacturing,2025,3.55941863178587,0.8376606874352195,144797882.829,0.8235590407204268,0.2142420282645765,,-20.79241228292036,0.11883507906744889,31629318.858,15.95991869473926,0.1150391595964956,0.12177042448764769,0.13968538247830112,0.7637827232029625,,0.15562619591675012,17.66274078208864,-0.03185880711700637,0.0,0.08518075277775926,4.907803077134498,0,,5.803,,,,0,0,0,1,0,0,0,1,0,0,0,1,0,0,0
KOSDAQ,484120,(주)도우인시스,2025,2026,other,manufacturing,2025,,,228430085.0,,,,,,25108200.0,,,,,,,,,,21547965.0,,,0,1.6826890638032037,5.803,,,,0,0,0,1,0,0,0,1,0,0,0,1,0,0,0
KOSDAQ,484590,(주)삼양컴텍,2025,2026,other,manufacturing,2025,2.1593732323176433,0.08776723258461192,239664899.299,0.6529482252333016,0.5315149982109149,,-6.42887507832329,0.1466270408065273,34574083.355,11.914483161334516,0.10447450154042842,0.11111771369897519,0.16000426603977547,0.21275341055185365,,0.1144577808060042,7.917037668239797,0.020752314955370502,0.0,0.03575555124285885,1.858793775780537,0,,5.803,,,,0,0,0,1,0,0,0,1,0,0,0,1,0,0,0
KOSDAQ,484810,(주)티엑스알로보틱스,2025,2026,other,manufacturing,2025,1.7870815487594822,0.35107912888973275,94806334.681,0.5831376916428731,0.7148608541881443,,-6.15622953838009,-0.2702972685453223,8194867.137,-0.7811689489768527,-0.1701165662533752,-0.008142057886715234,-0.291726240116817,-0.06079998734001604,,-0.04242918461822655,-2.4316826953518165,-0.1361178035773831,0.0,0.005452374324345598,1.4329756248461547,0,,5.803,,,,0,1,0,1,0,0,0,1,0,0,0,1,0,0,0
KOSDAQ,486990,(주)노타,2025,2026,other,it_services,2025,,,42283557.0,,,,,,13100933.0,,,,,,,,,,1586769.0,,,0,35.96046773762994,5.803,,,,0,0,0,1,0,0,0,1,0,0,1,0,0,0,0
KOSDAQ,488280,(주)에스투더블유,2025,2026,other,it_services,2025,,,30513636.0,,,,,,10088851.0,,,,,,,,,,943871.0,,,0,13.6884200149553,5.803,,,,0,0,0,1,0,0,0,1,0,0,1,0,0,0,0
KOSDAQ,488900,(주)비츠로넥스텍,2025,2026,other,manufacturing,2025,1.6228671529330214,0.5825599446647292,113784541.586,0.5181134308867628,0.9300792845467786,,-3.0690501054943145,-0.17930272874117004,2431225.417,-8.006376335171073,-0.05797558082188256,-0.06472112539499913,-0.11189746755388304,-0.16013170553153241,,-0.23865137560640665,-9.545794725299954,0.019189737362958773,0.0,0.011707024393934883,0.6709858894575491,0,,5.803,,,,0,1,0,1,0,0,0,1,0,0,0,1,0,0,0
KOSDAQ,489460,(주)바이오비쥬,2025,2026,other,manufacturing,2025,,,63747054.0,,,,,,15920608.0,,,,,,,,,,745829.0,,,0,3.272017417164395,5.803,,,,0,0,0,1,0,0,0,1,0,0,0,1,0,0,0
KOSDAQ,489500,(주)엘케이켐,2025,2026,other,manufacturing,2025,,,66121157.0,,,,,,10111338.0,,,,,,,,,,1821086.0,,,0,3.824435798072832,5.803,,,,0,0,0,1,0,0,0,1,0,0,0,1,0,0,0
KOSDAQ,490470,(주)세미파이브,2025,2026,other,it_services,2025,,,309283898.0,,,,,,19192140.0,,,,,,,,,,4339057.0,,,0,4.068876753903963,5.803,,,,0,0,0,1,0,0,0,1,0,0,1,0,0,0,0
KOSDAQ,491000,(주)리브스메드,2025,2026,other,manufacturing,2025,,,201933051.0,,,,,,29534408.0,,,,,,,,,,2435591.0,,,0,7.055067175444283,5.803,,,,0,0,0,1,0,0,0,1,0,0,0,1,0,0,0
KOSDAQ,494120,(주)큐리오시스,2025,2026,other,manufacturing,2025,,,34228606.0,,,,,,3486515.0,,,,,,,,,,897000.0,,,0,13.233714362205257,5.803,,,,0,0,0,1,0,0,0,1,0,0,0,1,0,0,0
KOSDAQ,950130,(주)엑세스바이오인코퍼레이션,2025,2026,mid_sized,manufacturing,2013,,,607940018.0,,,,,,-24449302.0,,,,,,,,,,16978286.0,,,0,0.256702770882958,5.803,,,,0,0,0,1,0,0,1,0,0,0,0,1,0,0,0
KOSDAQ,950140,잉글우드랩(주),2025,2026,mid_sized,manufacturing,2016,,,227038881.0,,,,,,60024592.0,,,,,,,,,,4611153.0,,,1,1.359248614949676,5.803,,,,0,0,0,1,0,0,1,0,0,0,0,1,0,0,0
KOSDAQ,950160,코오롱티슈진(주),2025,2026,mid_sized,manufacturing,2017,0.24260996855941633,0.1904575202675712,295484.173,0.15113791559996684,5.616473411257098,,-15723.951408450706,-37.332524908883386,481.814,-0.12857955057492867,-0.45822609592020347,-0.05311958958965968,-3.031840780000171,-0.06731742874226916,,-4.6550567652361865,-0.13831900221928367,-0.40113270635310805,260.363,0.7357611366886984,0.014461140247524701,0,,5.803,,,,0,1,0,1,0,0,1,0,0,0,0,1,0,0,0
KOSDAQ,950190,고스트스튜디오(주),2025,2026,mid_sized,it_services,2020,,,174465183.0,,,,,,44189974.0,,,,,,,,,,2547223.0,,,1,0.7132941538620327,5.803,,,,0,0,0,1,0,0,1,0,0,0,1,0,0,0,0
KOSDAQ,950200,(주)소마젠,2025,2026,small_and_medium,it_services,2020,,,49782121.0,,,,,,14488070.0,,,,,,,,,,3988590.0,,,0,2.902455274194673,5.803,,,,0,0,0,1,0,0,0,0,1,0,1,0,0,0,0
KOSDAQ,950220,(주)네오이뮨텍,2025,2026,mid_sized,it_services,2021,,,82048351.0,,,,,,94824.0,,,,,,,,,,1841998.0,,,0,0.4648753249950209,5.803,,,,0,0,0,1,0,0,1,0,0,0,1,0,0,0,0
KOSPI,000020,동화약품(주),2025,2026,mid_sized,manufacturing,1976,,,642168098.0,,,,,,218547385.0,,,,,,,,,,18177216.0,,,1,0.4348640744549449,5.803,,0.1366362104950155,,0,0,0,0,1,0,1,0,0,0,0,1,0,0,0
KOSPI,000040,케이알모터스(주),2025,2026,small_and_medium,manufacturing,1976,,,94195951.0,,,,,,2126896.0,,,,,,,,,,149660.0,,,0,0.8919882930911107,5.803,,,,0,0,0,0,1,0,0,0,1,0,0,1,0,0,0
KOSPI,000050,(주)경방,2025,2026,mid_sized,wholesale_retail,1956,,,1255644260.0,,,,,,134924107.0,,,,,,,,,,32490830.0,,,1,0.3160858052877431,5.803,,,,0,0,0,0,1,0,1,0,0,0,0,0,0,0,1
KOSPI,000070,(주)삼양홀딩스,2025,2026,mid_sized,it_services,1968,,,5272055815.0,,,,,,580894445.0,,,,,,,,,,119999162.0,,,1,0.1685782789851621,5.803,,-0.003487690757100035,,0,0,0,0,1,0,1,0,0,0,1,0,0,0,0
KOSPI,000080,하이트진로(주),2025,2026,mid_sized,manufacturing,2009,,,3272507702.0,,,,,,1109508123.0,,,,,,,,,,139205486.0,,,1,1.1506396248415296,5.803,,-0.04911492117191855,,0,0,0,0,1,0,1,0,0,0,0,1,0,0,0
KOSPI,000100,(주)유한양행,2025,2026,mid_sized,manufacturing,1962,,,3220925834.0,,,,,,729917896.0,,,,,,,,,,51809380.0,,,1,3.861173625798448,5.803,,0.7129590025736661,,0,0,0,0,1,0,1,0,0,0,0,1,0,0,0
KOSPI,000120,씨제이대한통운(주),2025,2026,large,transport_storage,1956,,,10339205686.0,,,,,,1351614886.0,,,,,,,,,,593646061.0,,,1,0.4860864526075301,5.803,,0.06110006071578121,,0,0,0,0,1,1,0,0,0,0,0,0,0,1,0
KOSPI,000140,하이트진로홀딩스(주),2025,2026,mid_sized,it_services,1973,,,3908162305.0,,,,,,1117266781.0,,,,,,,,,,139927577.0,,,1,0.2033075984895916,5.803,,-0.041516612233811534,,0,0,0,0,1,0,1,0,0,0,1,0,0,0,0
KOSPI,000150,(주)두산,2025,2026,large,it_services,1973,,,32927788000.0,,,,,,3413217000.0,,,,,,,,,,639090000.0,,,1,1.3458928072101426,5.803,,0.09238361078301831,,0,0,0,0,1,1,0,0,0,0,1,0,0,0,0
KOSPI,000180,성창기업지주(주),2025,2026,mid_sized,it_services,1976,,,861188044.0,,,,,,15156906.0,,,,,,,,,,7100326.0,,,0,0.1555906268273274,5.803,,0.32764013852066803,,0,0,0,0,1,0,1,0,0,0,1,0,0,0,0
KOSPI,000210,디엘(주),2025,2026,large,manufacturing,1975,,,12182144222.0,,,,,,1126332936.0,,,,,,,,,,396020000.0,,,1,0.1732286425484923,5.803,,-0.028174096502957335,,0,0,0,0,1,1,0,0,0,0,0,1,0,0,0
KOSPI,000220,(주)유유제약,2025,2026,mid_sized,manufacturing,1975,,,207223189.0,,,,,,53941099.0,,,,,,,,,,5070136.0,,,1,0.6304515298501187,5.803,,0.5046852667214,,0,0,0,0,1,0,1,0,0,0,0,1,0,0,0
KOSPI,000230,일동홀딩스(주),2025,2026,mid_sized,manufacturing,1975,,,802861394.0,,,,,,225151771.0,,,,,,,,,,19618320.0,,,1,0.4438104104850084,5.803,,,,0,0,0,0,1,0,1,0,0,0,0,1,0,0,0
KOSPI,000240,한국앤컴퍼니(주),2025,2026,large,it_services,1968,,,5259624598.0,,,,,,540922368.0,,,,,,,,,,33742979.0,,,1,0.5192460548446055,5.803,,,,0,0,0,0,1,1,0,0,0,0,1,0,0,0,0
KOSPI,000270,기아(주),2025,2026,large,manufacturing,1973,,,98979055000.0,,,,,,22508077000.0,,,,,,,,,,2069854000.0,,,1,0.7771195060132245,5.803,,0.06709204206301803,,0,0,0,0,1,1,0,0,0,0,0,1,0,0,0
KOSPI,000300,(주)디에이치오토넥스,2025,2026,mid_sized,manufacturing,1975,,,51227285.0,,,,,,8658355.0,,,,,,,,,,1126116.0,,,0,2.5610099007964036,5.803,,,,0,0,0,0,1,0,1,0,0,0,0,1,0,0,0
KOSPI,000320,(주)노루홀딩스,2025,2026,mid_sized,it_services,1973,,,1279356692.0,,,,,,299642913.0,,,,,,,,,,23904745.0,,,1,0.3509016943023392,5.803,,0.26999391333274914,,0,0,0,0,1,0,1,0,0,0,1,0,0,0,0
KOSPI,000390,삼화페인트공업(주),2025,2026,mid_sized,manufacturing,1993,,,620525371.0,,,,,,139180904.0,,,,,,,,,,16157322.0,,,1,0.620068599265795,5.803,,0.1790151547755696,,0,0,0,0,1,0,1,0,0,0,0,1,0,0,0
KOSPI,000430,대원강업(주),2025,2026,large,manufacturing,1977,,,1449297103.0,,,,,,161511531.0,,,,,,,,,,63171243.0,,,1,0.3281679275177992,5.803,,,,0,0,0,0,1,1,0,0,0,0,0,1,0,0,0
KOSPI,000480,(주)시알홀딩스,2025,2026,mid_sized,manufacturing,1978,,,1565188415.0,,,,,,130051849.0,,,,,,,,,,28545368.0,,,1,0.2805208190570497,5.803,,,,0,0,0,0,1,0,1,0,0,0,0,1,0,0,0
KOSPI,000490,(주)대동,2025,2026,mid_sized,manufacturing,1975,,,2275000907.0,,,,,,337547280.0,,,,,,,,,,53880587.0,,,1,0.4320644070566072,5.803,,0.06675971461672865,,0,0,0,0,1,0,1,0,0,0,0,1,0,0,0
KOSPI,000500,가온전선(주),2025,2026,large,manufacturing,1987,,,1377927912.0,,,,,,205505974.0,,,,,,,,,,22855386.0,,,1,2.8176606442970504,5.803,,0.3212661706772865,,0,0,0,0,1,1,0,0,0,0,0,1,0,0,0
KOSPI,000520,삼일제약(주),2025,2026,mid_sized,manufacturing,1985,,,371601556.0,,,,,,77118477.0,,,,,,,,,,8189383.0,,,0,1.5772957918037511,5.803,,,,0,0,0,0,1,0,1,0,0,0,0,1,0,0,0
KOSPI,000590,CS홀딩스(주),2025,2026,mid_sized,it_services,1975,,,425396197.0,,,,,,35142421.0,,,,,,,,,,2638247.0,,,1,0.2272451815879446,5.803,,,,0,0,0,0,1,0,1,0,0,0,1,0,0,0,0
KOSPI,000640,동아쏘시오홀딩스(주),2025,2026,mid_sized,it_services,1970,,,2079304724.0,,,,,,456648856.0,,,,,,,,,,85280378.0,,,1,0.6221224468633672,5.803,,0.024043992526594844,,0,0,0,0,1,0,1,0,0,0,1,0,0,0,0
KOSPI,000650,(주)천일고속,2025,2026,small_and_medium,transport_storage,1977,0.12428891511495116,0.0331791217783204,53534399.171,0.17901656401126625,4.58607526361117,,-0.3410873337904592,-0.12345796526992037,1822965.739,-7.731327240760756,-0.1156145169805664,-0.11096639112404619,-0.6458313934194956,0.007099102603976136,,0.006849831035430857,0.4060695665571446,-0.11087366138248053,1975722.713,0.017327206700070503,1.0363909076378555,0,,5.803,,,,0,1,0,0,1,0,0,0,1,0,0,0,0,1,0
KOSPI,000660,에스케이하이닉스(주),2025,2026,large,manufacturing,1996,,,176107659000.0,,,,,,58690790000.0,,,,,,,,,,13099311000.0,,,1,3.927590124764361,5.803,,0.46933671443516484,,0,0,0,0,1,1,0,0,0,0,0,1,0,0,0
KOSPI,000670,(주)영풍,2025,2026,large,manufacturing,1976,,,6002694219.0,,,,,,-141815476.0,,,,,,,,,,86141953.0,,,0,0.2136721330580354,5.803,,0.08724736285640425,,0,0,0,0,1,1,0,0,0,0,0,1,0,0,0
KOSPI,000680,(주)엘에스네트웍스,2025,2026,large,wholesale_retail,1973,,,11685359915.0,,,,,,299739845.0,,,,,,,,,,17043919.0,,,1,0.2096953265373449,5.803,,0.21703418072374764,,0,0,0,0,1,1,0,0,0,0,0,0,0,0,1
KOSPI,000700,(주)유수홀딩스,2025,2026,mid_sized,it_services,1956,,,479684094.0,,,,,,95521340.0,,,,,,,,,,7892455.0,,,1,0.3677332213672344,5.803,,-0.06761890767348026,,0,0,0,0,1,0,1,0,0,0,1,0,0,0,0
KOSPI,000720,현대건설(주),2025,2026,large,construction,1984,,,27791708000.0,,,,,,1980283000.0,,,,,,,,,,189641000.0,,,1,0.7792028377517153,5.803,,0.02911726679697401,,0,0,0,0,1,1,0,0,0,1,0,0,0,0,0
KOSPI,000760,이화산업(주),2025,2026,small_and_medium,wholesale_retail,1994,,,269557637.0,,,,,,10330780.0,,,,,,,,,,1411927.0,,,0,0.1943557007476339,5.803,,,,0,0,0,0,1,0,0,0,1,0,0,0,0,0,1
KOSPI,000850,화천기공(주),2025,2026,mid_sized,manufacturing,1999,,,420411493.0,,,,,,39108983.0,,,,,,,,,,5362198.0,,,1,0.2355800555409218,5.803,,,,0,0,0,0,1,0,1,0,0,0,0,1,0,0,0
KOSPI,000860,강남제비스코(주),2025,2026,mid_sized,manufacturing,1975,,,974015674.0,,,,,,74625228.0,,,,,,,,,,24285000.0,,,1,0.2356906825224327,5.803,,0.004409962154761325,,0,0,0,0,1,0,1,0,0,0,0,1,0,0,0
KOSPI,000880,(주)한화,2025,2026,large,manufacturing,1976,,,289329420000.0,,,,,,10038242000.0,,,,,,,,,,1784182000.0,,,1,0.1593109148287571,5.803,,0.14796413708884829,,0,0,0,0,1,1,0,0,0,0,0,1,0,0,0
KOSPI,000890,보해양조(주),2025,2026,mid_sized,manufacturing,1988,1.2104971947177663,0.3091238400546793,146550950.501,0.615638433040285,0.6243300390808512,,-0.29680524916774426,0.03882600499295136,28754182.419,2.5122782231959646,0.020891495493774424,0.026013492535989977,0.033934683691860035,0.08911984057742645,,0.0558529666326628,3.308136538498749,-0.010442518856195054,0.0,0.005266324969995563,1.595615165145215,0,,5.803,,,,0,0,0,0,1,0,1,0,0,0,0,1,0,0,0
KOSPI,000910,(주)유니온,2025,2026,mid_sized,manufacturing,1996,,,333392379.0,,,,,,34131536.0,,,,,,,,,,5619992.0,,,1,0.5037009060586296,5.803,,,,0,0,0,0,1,0,1,0,0,0,0,1,0,0,0
KOSPI,000950,전방(주),2025,2026,mid_sized,manufacturing,1968,,,237363694.0,,,,,,-3084369.0,,,,,,,,,,1282855.0,,,1,0.2610501826250162,5.803,,,,0,0,0,0,1,0,1,0,0,0,0,1,0,0,0
KOSPI,000970,한국주철관공업(주),2025,2026,mid_sized,manufacturing,1969,,,435616657.0,,,,,,73115530.0,,,,,,,,,,7022969.0,,,1,0.4406815417334142,5.803,,,,0,0,0,0,1,0,1,0,0,0,0,1,0,0,0
KOSPI,000990,(주)디비하이텍,2025,2026,large,manufacturing,1975,,,2992581748.0,,,,,,500372094.0,,,,,,,,,,163240000.0,,,0,1.313960097380001,5.803,,0.4097993491050592,,0,0,0,0,1,1,0,0,0,0,0,1,0,0,0
KOSPI,001020,페이퍼코리아(주),2025,2026,mid_sized,manufacturing,1976,,,469194968.0,,,,,,25814562.0,,,,,,,,,,13364613.0,,,0,0.4184146747218765,5.803,,-0.045708452002753204,,0,0,0,0,1,0,1,0,0,0,0,1,0,0,0
KOSPI,001040,씨제이(주),2025,2026,large,it_services,1973,,,46966393292.0,,,,,,12968255821.0,,,,,,,,,,2184814295.0,,,1,0.3604714797174768,5.803,,-0.011171232029312762,,0,0,0,0,1,1,0,0,0,0,1,0,0,0,0
KOSPI,001060,제이더블유중외제약(주),2025,2026,mid_sized,manufacturing,1976,,,605273168.0,,,,,,359313884.0,,,,,,,,,,16725062.0,,,1,1.7191057940339431,5.803,,-0.06164842835282732,,0,0,0,0,1,0,1,0,0,0,0,1,0,0,0
KOSPI,001070,대한방직(주),2025,2026,mid_sized,manufacturing,1973,,,235543714.0,,,,,,16377279.0,,,,,,,,,,2444715.0,,,0,0.2183857966283328,5.803,,0.27047249542424867,,0,0,0,0,1,0,1,0,0,0,0,1,0,0,0
KOSPI,001120,(주)엘엑스인터내셔널,2025,2026,large,wholesale_retail,1976,,,9328302981.0,,,,,,1377568266.0,,,,,,,,,,326087000.0,,,1,0.3562794615708606,5.803,,0.04450155025152044,,0,0,0,0,1,1,0,0,0,0,0,0,0,0,1
KOSPI,001130,대한제분(주),2025,2026,mid_sized,manufacturing,1970,,,1534815922.0,,,,,,272992993.0,,,,,,,,,,36112469.0,,,1,0.2446585712542293,5.803,,,,0,0,0,0,1,0,1,0,0,0,0,1,0,0,0
KOSPI,001210,금호전기(주),2025,2026,small_and_medium,manufacturing,1973,,,30776225.0,,,,,,13786588.0,,,,,,,,,,468945.0,,,0,3.1704980771158597,5.803,,-0.5021173447259234,,0,0,0,0,1,0,0,0,1,0,0,1,0,0,0
KOSPI,001230,동국홀딩스(주),2025,2026,mid_sized,it_services,1988,,,2693396462.0,,,,,,152888102.0,,,,,,,,,,22070000.0,,,1,0.1211370080516032,5.803,,-0.5747790816354664,,0,0,0,0,1,0,1,0,0,0,1,0,0,0,0
KOSPI,001250,(주)지에스글로벌,2025,2026,large,wholesale_retail,1976,,,1452118858.0,,,,,,180573473.0,,,,,,,,,,24777912.0,,,1,0.3349638444281804,5.803,,0.0086670176892516,,0,0,0,0,1,1,0,0,0,0,0,0,0,0,1
KOSPI,001260,남광토건(주),2025,2026,mid_sized,construction,1976,,,410092454.0,,,,,,34658262.0,,,,,,,,,,1608373.0,,,0,0.6522159688514308,5.803,,,,0,0,0,0,1,0,1,0,0,1,0,0,0,0,0
KOSPI,001340,피케이씨(주),2025,2026,mid_sized,manufacturing,1976,,,606449785.0,,,,,,63150949.0,,,,,,,,,,22129448.0,,,0,1.13261691104211,5.803,,0.420562525344442,,0,0,0,0,1,0,1,0,0,0,0,1,0,0,0
KOSPI,001360,삼성제약(주),2025,2026,small_and_medium,manufacturing,1975,0.9213354648917377,0.2638746129766574,167437187.13,0.7229271687478808,0.3832652073818348,,-1.5709902100823412,0.2505753019901366,13979833.229,-9.015024152635029,0.06895183661342962,-0.10791162297758555,0.09537867657243411,-0.2166495845001515,,-0.2181444794470782,-5.01476369741785,0.12897955038048184,0.0,0.0949421789716135,0.9931472254043937,0,,5.803,,,,0,1,0,0,1,0,0,0,1,0,0,1,0,0,0
KOSPI,001380,(주)에스지글로벌,2025,2026,small_and_medium,manufacturing,1976,,,198430614.0,,,,,,12565605.0,,,,,,,,,,5798471.0,,,0,0.5517773485878789,5.803,,,,0,0,0,0,1,0,0,0,1,0,0,1,0,0,0
KOSPI,001390,케이지케미칼(주),2025,2026,mid_sized,manufacturing,1989,,,8343678242.0,,,,,,1048755140.0,,,,,,,,,,195388340.0,,,1,0.0898170269564334,5.803,,0.06721957947488877,,0,0,0,0,1,0,1,0,0,0,0,1,0,0,0
KOSPI,001420,태원물산(주),2025,2026,small_and_medium,manufacturing,1975,36.314832315436036,1.4000717931941635,45421078.401,0.9175739058208363,0.08983046886607733,,-9.967683240789473,-0.15740101864431238,680862.278,1000000.0,-0.05073681497948016,-0.021542107551071662,-0.05529452685785829,-1.3188964258421891,,-0.33217900221697416,1000000.0,0.05719920077773407,216950.728,0.0,3.9704388809642652,0,,5.803,,,,0,0,0,0,1,0,0,0,1,0,0,1,0,0,0
KOSPI,001430,(주)세아베스틸지주,2025,2026,large,manufacturing,1991,,,3914568488.0,,,,,,315070153.0,,,,,,,,,,118221487.0,,,1,0.921823299519493,5.803,,0.02297615304593207,,0,0,0,0,1,1,0,0,0,0,0,1,0,0,0
KOSPI,001440,대한전선(주),2025,2026,large,manufacturing,1968,,,3493282185.0,,,,,,283163974.0,,,,,,,,,,37702104.0,,,0,2.6156535217607977,5.803,,0.3218479365835237,,0,0,0,0,1,1,0,0,0,0,0,1,0,0,0
KOSPI,001460,(주)비와이씨,2025,2026,mid_sized,manufacturing,1975,,,775789336.0,,,,,,75602068.0,,,,,,,,,,13221419.0,,,1,0.6287011113440601,5.803,,,,0,0,0,0,1,0,1,0,0,0,0,1,0,0,0
KOSPI,001470,삼부토건(주),2025,2026,mid_sized,construction,1976,,,174374947.0,,,,,,6707582.0,,,,,,,,,,1108741.0,,,0,-0.5610615793219326,5.803,,-0.9213510812099165,,0,0,0,0,1,0,1,0,0,1,0,0,0,0,0
KOSPI,001520,(주)동양,2025,2026,mid_sized,manufacturing,1976,,,1454847945.0,,,,,,50816823.0,,,,,,,,,,17160000.0,,,0,0.2669801463108529,5.803,,0.4480513955865487,,0,0,0,0,1,0,1,0,0,0,0,1,0,0,0
KOSPI,001530,디아이동일(주),2025,2026,mid_sized,wholesale_retail,1964,,,1024755857.0,,,,,,59467196.0,,,,,,,,,,19755623.0,,,1,0.7448492848371667,5.803,,,,0,0,0,0,1,0,1,0,0,0,0,0,0,0,1
KOSPI,001550,(주)조비,2025,2026,mid_sized,manufacturing,1976,1.2716696571952524,0.07900241798225036,123257989.73,0.4437452453979755,1.253545272587978,,-1.1068039009760529,0.019781892737148712,20986139.62,1.0404236195317729,0.02351129735563634,0.030994384740238613,0.052983773008204504,0.05884950953688453,,0.0404551987034164,1.0988635480742763,-0.01672831421733102,1776601.636,0.001688276228225323,1.4546834874874746,0,,5.803,,,,0,0,0,0,1,0,1,0,0,0,0,1,0,0,0
KOSPI,001560,제일연마공업(주),2025,2026,mid_sized,manufacturing,2005,,,121234213.0,,,,,,17794725.0,,,,,,,,,,2109887.0,,,1,0.8987696328564094,5.803,,0.044293428899759034,,0,0,0,0,1,0,1,0,0,0,0,1,0,0,0
KOSPI,001570,(주)금양,2025,2026,mid_sized,manufacturing,1976,,,1222067941.0,,,,,,19239319.0,,,,,,,,,,17784687.0,,,0,1.3749599247995832,5.803,,0.737206286519853,,0,0,0,0,1,0,1,0,0,0,0,1,0,0,0
KOSPI,001620,케이비아이동국실업(주),2025,2026,mid_sized,manufacturing,1990,,,861979153.0,,,,,,104247827.0,,,,,,,,,,35770051.0,,,0,0.2042781889999053,5.803,,0.38528958486877996,,0,0,0,0,1,0,1,0,0,0,0,1,0,0,0
KOSPI,001630,(주)종근당홀딩스,2025,2026,mid_sized,manufacturing,1976,,,1628780739.0,,,,,,427299707.0,,,,,,,,,,39503039.0,,,1,0.2537700159606534,5.803,,0.08890158531418342,,0,0,0,0,1,0,1,0,0,0,0,1,0,0,0
KOSPI,001680,대상(주),2025,2026,mid_sized,manufacturing,1970,,,3479148560.0,,,,,,1178365028.0,,,,,,,,,,158340000.0,,,1,0.691175451118753,5.803,,-0.008743017560161109,,0,0,0,0,1,0,1,0,0,0,0,1,0,0,0
KOSPI,001740,에스케이네트웍스(주),2025,2026,large,wholesale_retail,1977,,,5040792000.0,,,,,,868238000.0,,,,,,,,,,135917000.0,,,1,0.4940138682711708,5.803,,-0.022558481666834395,,0,0,0,0,1,1,0,0,0,0,0,0,0,0,1
KOSPI,001770,(주)신화다이나믹스,2025,2026,small_and_medium,manufacturing,1988,2.167750318099338,0.09028298168871447,80593567.472,0.6874443304578673,0.4546632442716593,,-8.120848518122807,0.019608004348930893,6266358.588,2.9943762299070587,0.02992321511065818,0.03396909522526267,0.04352820117190877,-0.23057137514094703,,-0.05785075727777528,-6.352653356248596,0.09649265849537923,0.0,0.0025423865257135666,3.9856241472145157,0,,5.803,,,,0,0,0,0,1,0,0,0,1,0,0,1,0,0,0
KOSPI,001780,(주)알루코,2025,2026,mid_sized,manufacturing,2007,,,912972459.0,,,,,,90625474.0,,,,,,,,,,48068842.0,,,0,0.5084549223486814,5.803,,-0.04300637996474153,,0,0,0,0,1,0,1,0,0,0,0,1,0,0,0
KOSPI,001790,대한제당(주),2025,2026,mid_sized,manufacturing,1968,,,1255280770.0,,,,,,156917685.0,,,,,,,,,,11417971.0,,,1,0.5614398329357864,5.803,,0.01762220251701395,,0,0,0,0,1,0,1,0,0,0,0,1,0,0,0
KOSPI,001800,(주)오리온홀딩스,2025,2026,mid_sized,other,1975,,,6183410426.0,,,,,,1226667673.0,,,,,,,,,,163706210.0,,,1,0.2509006855373227,5.803,,1.1257127997539755,,0,0,0,0,1,0,1,0,0,0,0,0,1,0,0
KOSPI,001820,삼화콘덴서공업(주),2025,2026,mid_sized,manufacturing,1976,,,340250347.0,,,,,,44089461.0,,,,,,,,,,17189225.0,,,1,1.0874239054062669,5.803,,,,0,0,0,0,1,0,1,0,0,0,0,1,0,0,0
KOSPI,001940,KISCO홀딩스(주),2025,2026,mid_sized,manufacturing,1989,,,1657184856.0,,,,,,-13826611.0,,,,,,,,,,23346052.0,,,1,0.2385990978615312,5.803,,-0.031053315952341568,,0,0,0,0,1,0,1,0,0,0,0,1,0,0,0
KOSPI,002020,(주)코오롱,2025,2026,large,it_services,1975,,,7446985209.0,,,,,,513306438.0,,,,,,,,,,90190486.0,,,1,0.2902668830635463,5.803,,0.057737604121495444,,0,0,0,0,1,1,0,0,0,0,1,0,0,0,0
KOSPI,002030,아세아(주),2025,2026,mid_sized,it_services,1974,,,3319139223.0,,,,,,334980745.0,,,,,,,,,,134589460.0,,,1,0.332417841287803,5.803,,0.9449827056128239,,0,0,0,0,1,0,1,0,0,0,1,0,0,0,0
KOSPI,002070,(주)비비안,2025,2026,mid_sized,manufacturing,1976,,,202247148.0,,,,,,120543858.0,,,,,,,,,,4331498.0,,,0,0.3432266578522626,5.803,,,,0,0,0,0,1,0,1,0,0,0,0,1,0,0,0
KOSPI,002100,(주)경농,2025,2026,mid_sized,manufacturing,1977,,,486456900.0,,,,,,113620471.0,,,,,,,,,,10317834.0,,,1,0.6303227008821499,5.803,,0.08430997545967944,,0,0,0,0,1,0,1,0,0,0,0,1,0,0,0
KOSPI,002140,고려산업(주),2025,2026,mid_sized,manufacturing,1991,,,263595797.0,,,,,,55138865.0,,,,,,,,,,4422853.0,,,1,0.5292119048239056,5.803,,,,0,0,0,0,1,0,1,0,0,0,0,1,0,0,0
KOSPI,002150,(주)도화엔지니어링,2025,2026,mid_sized,it_services,2010,,,725157706.0,,,,,,698474866.0,,,,,,,,,,10153830.0,,,1,0.8537470664270574,5.803,,0.19840959523966326,,0,0,0,0,1,0,1,0,0,0,1,0,0,0,0
KOSPI,002170,삼양통상(주),2025,2026,large,manufacturing,1989,,,474241122.0,,,,,,26722403.0,,,,,,,,,,4031684.0,,,1,0.3691365080302008,5.803,,,,0,0,0,0,1,1,0,0,0,0,0,1,0,0,0
KOSPI,002200,한국수출포장공업(주),2025,2026,mid_sized,manufacturing,1974,,,339512099.0,,,,,,23534938.0,,,,,,,,,,6780065.0,,,1,0.4435949080636224,5.803,,,,0,0,0,0,1,0,1,0,0,0,0,1,0,0,0
KOSPI,002210,동성제약(주),2025,2026,mid_sized,manufacturing,1990,0.6853390043602712,0.029782118113475083,168443037.239,0.13874632057269087,6.207398335843348,,0.12204040281437221,-0.29525442886400594,37110796.771,-0.6139102094695912,-0.17032609096980403,-0.06006966549554287,-1.2276079846064685,-0.08864826600058195,,-0.14753425154094432,-0.7802809025561224,-0.07644486144434498,0.0,0.0028762454236239956,0.6008656639030017,0,,5.803,,,,0,1,0,0,1,0,1,0,0,0,0,1,0,0,0
KOSPI,002220,한일철강(주),2025,2026,mid_sized,manufacturing,1988,,,336119242.0,,,,,,16019905.0,,,,,,,,,,4327655.0,,,1,0.8198130990626062,5.803,,,,0,0,0,0,1,0,1,0,0,0,0,1,0,0,0
KOSPI,002240,고려제강(주),2025,2026,mid_sized,manufacturing,1976,,,2660051901.0,,,,,,227930184.0,,,,,,,,,,82613000.0,,,1,0.2945479884589654,5.803,,0.08516823951227676,,0,0,0,0,1,0,1,0,0,0,0,1,0,0,0
KOSPI,002310,아세아제지(주),2025,2026,mid_sized,manufacturing,1988,,,1034550897.0,,,,,,139827896.0,,,,,,,,,,49739861.0,,,1,0.3816819807138371,5.803,,,,0,0,0,0,1,0,1,0,0,0,0,1,0,0,0
KOSPI,002320,(주)한진,2025,2026,large,transport_storage,1974,,,4316986684.0,,,,,,245413918.0,,,,,,,,,,154981000.0,,,1,0.1971287499833246,5.803,,0.030428462073787677,,0,0,0,0,1,1,0,0,0,0,0,0,0,1,0
KOSPI,002350,넥센타이어(주),2025,2026,mid_sized,manufacturing,1976,,,4709514376.0,,,,,,873072115.0,,,,,,,,,,290750306.0,,,1,0.3817964019600965,5.803,,0.029520310115640384,,0,0,0,0,1,0,1,0,0,0,0,1,0,0,0
KOSPI,002360,(주)SH에너지화학,2025,2026,mid_sized,manufacturing,1985,,,101820432.0,,,,,,-2331853.0,,,,,,,,,,1945485.0,,,0,0.596421016862652,5.803,,,,0,0,0,0,1,0,1,0,0,0,0,1,0,0,0
KOSPI,002380,(주)케이씨씨,2025,2026,large,manufacturing,1973,,,16803559405.0,,,,,,1637469633.0,,,,,,,,,,409572945.0,,,1,0.4775727355751538,5.803,,0.28187779897025034,,0,0,0,0,1,1,0,0,0,0,0,1,0,0,0
KOSPI,002390,(주)한독,2025,2026,mid_sized,manufacturing,1976,,,790750160.0,,,,,,158927553.0,,,,,,,,,,16250566.0,,,1,0.5538616951474014,5.803,,0.0027837664849168853,,0,0,0,0,1,0,1,0,0,0,0,1,0,0,0
KOSPI,002410,범양건영(주),2025,2026,mid_sized,construction,1988,,,102977142.0,,,,,,-23360874.0,,,,,,,,,,1194173.0,,,0,-0.7654577695988375,5.803,,-0.46619278047116225,,0,0,0,0,1,0,1,0,0,1,0,0,0,0,0
KOSPI,002420,세기상사(주),2025,2026,small_and_medium,wholesale_retail,1968,0.27405807214846795,0.10267931542824078,49296981.785,0.4979489129792777,1.0082381423766968,,-7.223649014363274,-0.05458866316482133,4289057.977,-0.8223238077040158,-0.032384770328591835,-0.011559134015246894,-0.06503633100598723,-0.034749215122894264,,-0.029407259158330198,-1.2411105762106698,-0.014938889103025843,1385037.351,,1.181654330170748,0,,5.803,,,,0,1,0,0,1,0,0,0,1,0,0,0,0,0,1
KOSPI,002450,(주)삼익악기,2025,2026,mid_sized,manufacturing,1988,,,514460612.0,,,,,,54561588.0,,,,,,,,,,16855221.0,,,1,0.4010609322986527,5.803,,,,0,0,0,0,1,0,1,0,0,0,0,1,0,0,0
KOSPI,002460,에이치에스화성(주),2025,2026,mid_sized,construction,1988,,,742153231.0,,,,,,99532064.0,,,,,,,,,,6965511.0,,,1,0.2772332397634799,5.803,,0.28863220467894074,,0,0,0,0,1,0,1,0,0,1,0,0,0,0,0
KOSPI,002600,(주)조흥,2025,2026,mid_sized,manufacturing,1976,,,434783887.0,,,,,,48210363.0,,,,,,,,,,9527258.0,,,1,0.6337959489188986,5.803,,,,0,0,0,0,1,0,1,0,0,0,0,1,0,0,0
KOSPI,002620,제일파마홀딩스(주),2025,2026,mid_sized,it_services,1988,,,876664146.0,,,,,,253497775.0,,,,,,,,,,12684816.0,,,1,0.273760733823475,5.803,,,,0,0,0,0,1,0,1,0,0,0,1,0,0,0,0
KOSPI,002690,동일제강(주),2025,2026,mid_sized,manufacturing,2015,6.783763622989743,0.6187626593168848,176425911.154,0.8933710288984755,0.11935575214812798,,-14.52817760591438,0.00916440529483638,3257696.822,-111.34245029375748,0.009025174689958795,-0.01989950968106649,0.010102381203347076,0.038707170332958396,,0.004941875814044451,23.093249146915277,0.0035265293682225306,0.0,0.00031835837282978693,7.832485434570299,0,,5.803,,-0.015657692697394938,0.026639933573237212,0,1,1,0,1,0,1,0,0,0,0,1,0,0,0
KOSPI,002700,신일전자(주),2025,2026,mid_sized,wholesale_retail,1975,1.7441909780270097,0.3810826771537662,138797356.203,0.5991429395699294,0.6690507956545555,,-1.3409530643581498,0.02168621691760776,44464988.72,1.5893133251486329,0.04254965809552178,0.03773159761300125,0.07101754069915994,0.26629165421309564,,0.07637466463044844,4.496260067527155,-0.07643519416525237,0.0,0.014264933073395276,3.4866490805765538,0,,5.803,,,,0,0,0,0,1,0,1,0,0,0,0,0,0,0,1
KOSPI,002710,(주)TCC스틸,2025,2026,mid_sized,manufacturing,1984,,,574103492.0,,,,,,20041411.0,,,,,,,,,,16142779.0,,,1,1.466092904375783,5.803,,,,0,0,0,0,1,0,1,0,0,0,0,1,0,0,0
KOSPI,002720,국제약품(주),2025,2026,mid_sized,manufacturing,1975,,,182276329.0,,,,,,93644814.0,,,,,,,,,,3165937.0,,,1,0.9312709232613074,5.803,,,,0,0,0,0,1,0,1,0,0,0,0,1,0,0,0
KOSPI,002760,(주)보락,2025,2026,small_and_medium,manufacturing,1989,3.5073749965284438,0.9957464936254121,59241347.378,0.8225768812796566,0.21569183715002047,,-3.0676596635225377,0.046684535894849465,7870822.136,9.106886914566427,0.04161751022083581,0.03764473511667941,0.05059406745797764,0.6818140133766678,,0.14299688358443938,29.264548636045603,-0.08147634313922576,0.0,0.0018845072730648115,4.76803407379195,0,,5.803,,,,0,0,0,0,1,0,0,0,1,0,0,1,0,0,0
KOSPI,002780,진흥기업(주),2025,2026,large,construction,1977,2.043409552838707,0.6477386315142392,563126704.837,0.4278534412264112,1.337248935368082,,-2.2864479868138163,-0.04922306303961906,37001429.84,-39.07866072796037,-0.07432790954944224,-0.040849722141411325,-0.173722827462569,-0.08161229822906477,,-0.04562035223184936,-44.6697439196435,-0.003687513902579108,0.0,0.002285713701630562,1.7889449387479301,0,,5.803,,0.03595028063413046,-0.05222359068034923,1,1,1,0,1,1,0,0,0,1,0,0,0,0,0
KOSPI,002790,(주)아모레퍼시픽홀딩스,2025,2026,mid_sized,manufacturing,1973,,,8769409590.0,,,,,,3402411235.0,,,,,,,,,,279815937.0,,,1,0.3450928453577075,5.803,,,,0,0,0,0,1,0,1,0,0,0,0,1,0,0,0
KOSPI,002810,삼영무역(주),2025,2026,mid_sized,wholesale_retail,1988,,,771043913.0,,,,,,47076472.0,,,,,,,,,,9018296.0,,,1,0.4439863188552684,5.803,,,,0,0,0,0,1,0,1,0,0,0,0,0,0,0,1
KOSPI,002820,(주)선앤엘,2025,2026,mid_sized,manufacturing,1976,,,473160411.0,,,,,,18919013.0,,,,,,,,,,5782623.0,,,0,0.1490192626635811,5.803,,,,0,0,0,0,1,0,1,0,0,0,0,1,0,0,0
KOSPI,002840,미원상사(주),2025,2026,mid_sized,manufacturing,1989,,,492894739.0,,,,,,85621948.0,,,,,,,,,,40707724.0,,,1,1.714580850792538,5.803,,,,0,0,0,0,1,0,1,0,0,0,0,1,0,0,0
KOSPI,002870,(주)신풍,2025,2026,small_and_medium,wholesale_retail,1976,,,76489326.0,,,,,,4271041.0,,,,,,,,,,1018691.0,,,0,0.5344636915297433,5.803,,,,0,0,0,0,1,0,0,0,1,0,0,0,0,0,1
KOSPI,002880,(주)대유에이텍,2025,2026,mid_sized,manufacturing,1977,,,392858412.0,,,,,,61212996.0,,,,,,,,,,9706670.0,,,0,1.091131837794813,5.803,,-0.5312304199147984,,0,0,0,0,1,0,1,0,0,0,0,1,0,0,0
KOSPI,002900,티와이엠(주),2025,2026,mid_sized,manufacturing,1973,,,852366218.0,,,,,,229093139.0,,,,,,,,,,13802043.0,,,1,0.6179519666609781,5.803,,0.018884759035847035,,0,0,0,0,1,0,1,0,0,0,0,1,0,0,0
KOSPI,002920,유성기업(주),2025,2026,mid_sized,manufacturing,1988,,,433970394.0,,,,,,7955256.0,,,,,,,,,,18094549.0,,,1,0.192248410920918,5.803,,,,0,0,0,0,1,0,1,0,0,0,0,1,0,0,0
KOSPI,002960,한국쉘석유(주),2025,2026,mid_sized,manufacturing,1988,3.1824130804417496,0.9098836157817635,200264519.929,0.7008821692617477,0.42677334915413645,,-19.051690164857146,0.13980774402307616,110308446.333,425.8797368629694,0.31191222318933864,0.26355805659790676,0.44502804732196516,0.8565186759264964,,0.14873578393922662,413.98997071186244,-0.015378706053832654,0.0,0.004145047246982633,5.758659101675692,0,,5.803,,0.38495904062179676,0.02622440190691036,0,0,0,0,1,0,1,0,0,0,0,1,0,0,0
KOSPI,002990,금호건설(주),2025,2026,mid_sized,construction,1976,,,1504433020.0,,,,,,127233509.0,,,,,,,,,,9018000.0,,,0,0.6133883724888023,5.803,,-0.11104578784348565,,0,0,0,0,1,0,1,0,0,1,0,0,0,0,0
KOSPI,003000,부광약품(주),2025,2026,large,manufacturing,1988,,,476294610.0,,,,,,91909527.0,,,,,,,,,,4929975.0,,,1,1.0953671074520257,5.803,,,,0,0,0,0,1,1,0,0,0,0,0,1,0,0,0
KOSPI,003010,(주)혜인,2025,2026,mid_sized,wholesale_retail,1988,1.4888304793205922,0.2655303823115261,250662335.905,0.5091670655074836,0.963991914919529,,-19.078902853332956,0.05890017840471591,44320824.722,3.3816539054132746,0.07251072856389769,0.07002424329378429,0.1424104846444196,0.3747306276587636,,0.19073998214759708,8.882467348670602,-0.1271328247259198,2484244.223,0.002791257842842291,1.9646149875844707,0,,5.803,,-0.012987255673151886,0.03208045743637922,0,0,0,0,1,0,1,0,0,0,0,0,0,0,1
KOSPI,003030,(주)세아제강지주,2025,2026,large,it_services,1969,,,6046779972.0,,,,,,480303002.0,,,,,,,,,,74705000.0,,,1,0.1941176179905312,5.803,,0.39302462003671673,,0,0,0,0,1,1,0,0,0,0,1,0,0,0,0
KOSPI,003060,(주)에이프로젠바이오로직스,2025,2026,mid_sized,manufacturing,1984,,,586992600.0,,,,,,-27031797.0,,,,,,,,,,18002689.0,,,0,0.3709867918243638,5.803,,,,0,0,0,0,1,0,1,0,0,0,0,1,0,0,0
KOSPI,003070,코오롱글로벌(주),2025,2026,large,construction,1978,,,2958310102.0,,,,,,224153779.0,,,,,,,,,,33846171.0,,,1,0.3471317786035355,5.803,,,,0,0,0,0,1,1,0,0,0,1,0,0,0,0,0
KOSPI,003080,에스비성보(주),2025,2026,small_and_medium,manufacturing,1976,,,228336893.0,,,,,,13522028.0,,,,,,,,,,3660396.0,,,1,0.3668090259022361,5.803,,,,0,0,0,0,1,0,0,0,1,0,0,1,0,0,0
KOSPI,003090,(주)대웅,2025,2026,mid_sized,manufacturing,1973,,,3232157202.0,,,,,,1103267547.0,,,,,,,,,,47720522.0,,,1,0.7254071560089353,5.803,,,,0,0,0,0,1,0,1,0,0,0,0,1,0,0,0
KOSPI,003120,일성아이에스(주),2025,2026,small_and_medium,manufacturing,1985,17.46875195735194,7.78267647254487,403009986.637,0.9586480753837726,0.04313566748639538,,-28.04847729699248,0.018133520067401276,27881991.244,-0.6594378349965805,0.007016169687494294,-0.015286442133626276,0.007318816850162175,0.23289028109249954,,0.060368164624779404,0.4154459569831792,-0.006737642505235892,0.0,0.006513872581436885,3.8578327259083967,0,,5.803,,,,0,1,0,0,1,0,0,0,1,0,0,1,0,0,0
KOSPI,003160,(주)디아이,2025,2026,mid_sized,manufacturing,1996,,,373777691.0,,,,,,91935409.0,,,,,,,,,,5707335.0,,,1,3.250208005942721,5.803,,0.3321158310559909,,0,0,0,0,1,0,1,0,0,0,0,1,0,0,0
KOSPI,003200,일신방직(주),2025,2026,mid_sized,manufacturing,1973,,,1120711123.0,,,,,,97102257.0,,,,,,,,,,24174600.0,,,1,0.300283693827202,5.803,,,,0,0,0,0,1,0,1,0,0,0,0,1,0,0,0
KOSPI,003220,대원제약(주),2025,2026,mid_sized,manufacturing,1999,,,613651221.0,,,,,,272787749.0,,,,,,,,,,18697231.0,,,1,0.9760765443882214,5.803,,0.35299554999954513,,0,0,0,0,1,0,1,0,0,0,0,1,0,0,0
KOSPI,003230,삼양식품(주),2025,2026,mid_sized,manufacturing,1975,,,2196495587.0,,,,,,1053028547.0,,,,,,,,,,57559249.0,,,1,7.292842897358445,5.803,,0.3773012961468368,,0,0,0,0,1,0,1,0,0,0,0,1,0,0,0
KOSPI,003240,태광산업(주),2025,2026,mid_sized,manufacturing,1975,,,4498283133.0,,,,,,177355462.0,,,,,,,,,,38507144.0,,,1,0.2140146738705816,5.803,,,,0,0,0,0,1,0,1,0,0,0,0,1,0,0,0
KOSPI,003280,흥아해운(주),2025,2026,large,transport_storage,1976,,,452822024.0,,,,,,28650902.0,,,,,,,,,,29873729.0,,,1,1.4652559549137998,5.803,,0.579009716009736,,0,0,0,0,1,1,0,0,0,0,0,0,0,1,0
KOSPI,003300,한일홀딩스(주),2025,2026,mid_sized,manufacturing,1969,,,3736407092.0,,,,,,344542322.0,,,,,,,,,,96753446.0,,,1,0.2149277214690125,5.803,,0.04961439538478021,,0,0,0,0,1,0,1,0,0,0,0,1,0,0,0
KOSPI,003350,(주)한국화장품제조,2025,2026,mid_sized,manufacturing,1978,4.546867713813646,1.51859683555606,198737392.563,0.5267550357480636,0.8984156432028494,,-45.198553541041484,0.14825939249879663,48998452.104,34.73492444594694,0.16944032982784182,0.16546414596123757,0.3216681727346253,0.3860128397434185,,0.19663873057447936,38.348661351877475,-0.044944713064847534,0.0,0.019039134262569812,1.9630559992717778,0,,5.803,,,,0,0,0,0,1,0,1,0,0,0,0,1,0,0,0
KOSPI,003480,(주)한진중공업홀딩스,2025,2026,mid_sized,other,1956,,,1817179000.0,,,,,,169519000.0,,,,,,,,,,71645000.0,,,1,0.2864832966739818,5.803,,,,0,0,0,0,1,0,1,0,0,0,0,0,1,0,0
KOSPI,003490,(주)대한항공,2025,2026,large,transport_storage,1966,,,50406072099.0,,,,,,3675236740.0,,,,,,,,,,2737739725.0,,,1,0.7267957739700109,5.803,,0.0721943631094975,,0,0,0,0,1,1,0,0,0,0,0,0,0,1,0
KOSPI,003520,영진약품(주),2025,2026,large,manufacturing,1973,1.4783738057992368,0.28857279602650876,262384700.788,0.34857005356000864,1.868863775837368,,-0.0001430751996371279,-0.000895399537729276,77155072.704,0.8161520224754805,-0.0008079777074018172,0.013017487726007727,-0.0023179779764491973,0.06862782581566741,,0.04613552199720026,2.802927367322424,-0.04557388051623353,0.0,0.0067921223060940965,1.4875268089484739,0,,5.803,,,,0,1,0,0,1,1,0,0,0,0,0,1,0,0,0
KOSPI,003550,(주)엘지,2025,2026,large,it_services,1970,,,33982889000.0,,,,,,1353734000.0,,,,,,,,,,204435000.0,,,1,0.4182879145752439,5.803,,,,0,0,0,0,1,1,0,0,0,0,1,0,0,0,0
KOSPI,003570,에스앤티다이내믹스(주),2025,2026,mid_sized,manufacturing,1976,,,1228607911.0,,,,,,116979158.0,,,,,,,,,,9547410.0,,,1,1.7877113928208488,5.803,,,,0,0,0,0,1,0,1,0,0,0,0,1,0,0,0
KOSPI,003580,에이치엘비글로벌(주),2025,2026,small_and_medium,wholesale_retail,1990,,,117356399.0,,,,,,52869501.0,,,,,,,,,,3392437.0,,,0,1.5567117198252616,5.803,,,,0,0,0,0,1,0,0,0,1,0,0,0,0,0,1
KOSPI,003620,케이지모빌리티(주),2025,2026,mid_sized,manufacturing,1975,,,3369204394.0,,,,,,460922076.0,,,,,,,,,,111414841.0,,,0,0.4771225609923603,5.803,,0.0852814539247357,,0,0,0,0,1,0,1,0,0,0,0,1,0,0,0
KOSPI,003650,미창석유공업(주),2025,2026,mid_sized,manufacturing,1989,10.526126048524535,1.1446017314731007,533960641.174,0.8978390768501906,0.11378533835730517,,-54.11507101867479,0.16983553352932615,48149405.108,28.284152505906587,0.16666839839979833,0.0647095717523879,0.18563281850518953,0.7394980655018115,,0.09948429605415074,33.02147706046813,0.05342432709324762,0.0,0.00048750472212271946,7.43331455146742,0,,5.803,,,,0,0,0,0,1,0,1,0,0,0,0,1,0,0,0
KOSPI,003670,(주)포스코퓨처엠,2025,2026,large,manufacturing,2019,,,9143896516.0,,,,,,256218472.0,,,,,,,,,,193089136.0,,,1,3.686314631023944,5.803,,0.152718917883146,,0,0,0,0,1,1,0,0,0,0,0,1,0,0,0
KOSPI,003680,한성기업(주),2025,2026,mid_sized,manufacturing,1989,1.0224200065208677,0.09005118661113544,243727742.752,0.27624413187344266,2.6199863983287646,0.4677329752772452,-1.1685545073971153,0.00052383694840397,51502238.438,0.8931411134363878,-0.00104938987294626,0.023924984489489962,-0.0037987770666094113,0.049221643744134,0.07616408374358405,0.027265828821437098,1.329892777039247,-0.034940028861076874,2624116.578,0.0014675954528654692,1.805250229746718,0,,5.803,0.699560092662694,-0.003387320235610133,-0.008014061105689913,0,1,0,0,1,0,1,0,0,0,0,1,0,0,0
KOSPI,003720,(주)삼영,2025,2026,mid_sized,manufacturing,1976,,,198418693.0,,,,,,29567938.0,,,,,,,,,,6168020.0,,,1,2.3723253119499046,5.803,,,,0,0,0,0,1,0,1,0,0,0,0,1,0,0,0
KOSPI,003780,진양산업(주),2025,2026,small_and_medium,manufacturing,1973,,,93689027.0,,,,,,17940920.0,,,,,,,,,,3576424.0,,,1,1.3051081623657033,5.803,,,,0,0,0,0,1,0,0,0,1,0,0,1,0,0,0
KOSPI,003830,대한화섬(주),2025,2026,mid_sized,manufacturing,1985,1.548758934624268,0.5735346006472276,837279572.052,0.8491916166633072,0.17759052300734865,,-106.07993876355421,0.08875991744175558,932848.505,-2.301055326011799,0.011522063603387245,-0.008665462729752823,0.013568272904836724,-0.03880767960951769,,-0.04527759447942202,-1.554098218756559,0.017325515789723665,382283.362,0.003118571513217134,0.8571055961719697,0,,5.803,,,,0,1,0,0,1,0,1,0,0,0,0,1,0,0,0
KOSPI,003850,(주)보령,2025,2026,mid_sized,manufacturing,1988,,,1387880346.0,,,,,,372282373.0,,,,,,,,,,24582523.0,,,1,0.9141811848822516,5.803,,0.19224802738743918,,0,0,0,0,1,0,1,0,0,0,0,1,0,0,0
KOSPI,003920,남양유업(주),2025,2026,mid_sized,manufacturing,1978,,,1095486410.0,,,,,,192678165.0,,,,,,,,,,24547828.0,,,1,0.4223088164155634,5.803,,,,0,0,0,0,1,0,1,0,0,0,0,1,0,0,0
KOSPI,003960,(주)사조대림,2025,2026,mid_sized,manufacturing,1976,,,2184824778.0,,,,,,423423166.0,,,,,,,,,,57931645.0,,,1,0.429391456918132,5.803,,,,0,0,0,0,1,0,1,0,0,0,0,1,0,0,0
KOSPI,004000,롯데정밀화학(주),2025,2026,large,manufacturing,1976,,,2746168415.0,,,,,,205463026.0,,,,,,,,,,160284188.0,,,1,0.4718859012726779,5.803,,0.6153642674230879,,0,0,0,0,1,1,0,0,0,0,0,1,0,0,0
KOSPI,004020,현대제철(주),2025,2026,large,manufacturing,1987,,,34442304939.0,,,,,,1504318891.0,,,,,,,,,,1666258115.0,,,1,0.2088434906466564,5.803,,-0.008677323462093125,,0,0,0,0,1,1,0,0,0,0,0,1,0,0,0
KOSPI,004060,(주)에스지세계물산,2025,2026,mid_sized,wholesale_retail,1976,,,294194495.0,,,,,,58153851.0,,,,,,,,,,2696316.0,,,0,0.2628373323222788,5.803,,,,0,0,0,0,1,0,1,0,0,0,0,0,0,0,1
KOSPI,004080,(주)신흥,2025,2026,mid_sized,wholesale_retail,1991,,,149632465.0,,,,,,31948634.0,,,,,,,,,,3571522.0,,,1,1.1457250743611391,5.803,,,,0,0,0,0,1,0,1,0,0,0,0,0,0,0,1
KOSPI,004090,한국석유공업(주),2025,2026,mid_sized,manufacturing,1977,,,413045651.0,,,,,,64571679.0,,,,,,,,,,6996028.0,,,1,0.8588972690308376,5.803,,0.07450774462245159,,0,0,0,0,1,0,1,0,0,0,0,1,0,0,0
KOSPI,004100,태양금속공업(주),2025,2026,mid_sized,manufacturing,1976,,,609338497.0,,,,,,96590493.0,,,,,,,,,,12869267.0,,,1,0.5579429696068443,5.803,,0.22082613633039602,,0,0,0,0,1,0,1,0,0,0,0,1,0,0,0
KOSPI,004140,(주)동방,2025,2026,mid_sized,transport_storage,1988,,,664430716.0,,,,,,83687897.0,,,,,,,,,,33077496.0,,,1,0.6872518519859657,5.803,,0.05409913212989641,,0,0,0,0,1,0,1,0,0,0,0,0,0,1,0
KOSPI,004150,한솔홀딩스(주),2025,2026,mid_sized,it_services,1972,,,888993051.0,,,,,,98194143.0,,,,,,,,,,23855000.0,,,1,0.1964915918315734,5.803,,-0.5569983234094269,,0,0,0,0,1,0,1,0,0,0,1,0,0,0,0
KOSPI,004170,(주)신세계,2025,2026,large,wholesale_retail,1985,,,15833341278.0,,,,,,4193128609.0,,,,,,,,,,439799000.0,,,1,0.3624812961037136,5.803,,0.05052936368574911,,0,0,0,0,1,1,0,0,0,0,0,0,0,0,1
KOSPI,004250,엔피씨(주),2025,2026,mid_sized,manufacturing,1969,,,625332153.0,,,,,,77106423.0,,,,,,,,,,44055798.0,,,1,0.353262911794472,5.803,,,,0,0,0,0,1,0,1,0,0,0,0,1,0,0,0
KOSPI,004270,(주)남성,2025,2026,small_and_medium,wholesale_retail,1989,,,278424804.0,,,,,,22788616.0,,,,,,,,,,479044.0,,,0,0.3013754338976072,5.803,,,,0,0,0,0,1,0,0,0,1,0,0,0,0,0,1
KOSPI,004360,세방(주),2025,2026,mid_sized,transport_storage,1977,,,1495953030.0,,,,,,135011809.0,,,,,,,,,,38013889.0,,,1,0.2720902261424493,5.803,,,,0,0,0,0,1,0,1,0,0,0,0,0,0,1,0
KOSPI,004370,(주)농심,2025,2026,mid_sized,manufacturing,1976,,,3822122467.0,,,,,,1018934417.0,,,,,,,,,,122151893.0,,,1,0.9292016829757695,5.803,,,,0,0,0,0,1,0,1,0,0,0,0,1,0,0,0
KOSPI,004380,삼익티에이치케이(주),2025,2026,mid_sized,manufacturing,1989,,,392780112.0,,,,,,4732543.0,,,,,,,,,,19108855.0,,,1,1.3097507971236786,5.803,,,,0,0,0,0,1,0,1,0,0,0,0,1,0,0,0
KOSPI,004410,서울식품공업(주),2025,2026,small_and_medium,manufacturing,1973,0.585692893566338,0.08773233213604031,72849156.691,0.36761129783000634,1.7202645998720847,0.30223095349462126,0.31752808667233323,-0.023368445231506243,13196091.079,-0.2866058130951815,-0.022006528940341993,-0.006310788084343015,-0.059863581642472866,0.01994852425879827,0.04174033539702472,0.013395938558925085,0.5729230214549195,-0.03462175030657007,3792145.993,8.96864740344644e-05,1.4891471897284498,0,,5.803,0.04457302504250408,,,0,1,0,0,1,0,0,0,1,0,0,1,0,0,0
KOSPI,004430,송원산업(주),2025,2026,mid_sized,manufacturing,1977,,,1147312000.0,,,,,,142491000.0,,,,,,,,,,40845000.0,,,1,0.2857481154043493,5.803,,-0.027860697360516457,,0,0,0,0,1,0,1,0,0,0,0,1,0,0,0
KOSPI,004440,(주)삼일씨엔에스,2025,2026,mid_sized,manufacturing,2016,1.2349555665214227,0.5742793686288711,440761122.889,0.6082852487888767,0.6439655605508189,,-20.05793318908726,0.006696137013876432,26140614.219,1.1384909129555196,0.004477874679743576,0.011334822411862684,0.007361471757960967,0.08154616455457409,,0.06309883764268176,3.208398570219127,-0.028553017118457123,0.0,0.019700189107165696,1.2923560496685609,0,,5.803,,,,0,0,0,0,1,0,1,0,0,0,0,1,0,0,0
KOSPI,004450,삼화왕관(주),2025,2026,mid_sized,manufacturing,1976,,,214276081.0,,,,,,24180206.0,,,,,,,,,,9178182.0,,,1,0.5328272361418254,5.803,,,,0,0,0,0,1,0,1,0,0,0,0,1,0,0,0
KOSPI,004490,세방전지(주),2025,2026,mid_sized,manufacturing,1987,,,2242840512.0,,,,,,335418523.0,,,,,,,,,,54783367.0,,,1,0.5287574528647146,5.803,,,,0,0,0,0,1,0,1,0,0,0,0,1,0,0,0
KOSPI,004540,깨끗한나라(주),2025,2026,mid_sized,manufacturing,1974,,,637295741.0,,,,,,61823155.0,,,,,,,,,,26072822.0,,,0,0.4188367675332633,5.803,,0.02611338514363051,,0,0,0,0,1,0,1,0,0,0,0,1,0,0,0
KOSPI,004560,현대비앤지스틸(주),2025,2026,large,manufacturing,1987,,,713203531.0,,,,,,75106294.0,,,,,,,,,,15058606.0,,,1,0.3189238047254433,5.803,,-0.05363234284466203,,0,0,0,0,1,1,0,0,0,0,0,1,0,0,0
KOSPI,004690,(주)삼천리,2025,2026,mid_sized,other,1976,,,4459314886.0,,,,,,575458429.0,,,,,,,,,,152114283.0,,,1,0.2768200862045905,5.803,,-0.01303248221541508,,0,0,0,0,1,0,1,0,0,0,0,0,1,0,0
KOSPI,004700,조광피혁(주),2025,2026,small_and_medium,manufacturing,1977,9.876353054094539,5.652740275762709,661996431.061,0.8729097081895787,0.1455938576671436,,-15.874039082290356,0.1179154648558329,20578574.464,12.083954861951964,0.021365994386602173,0.0132778140539402,0.02447675193224212,0.14108857148742426,,0.1212734163965667,16.318743836598973,-0.0004964928805933615,1431046.84,3.0446991938756743e-06,1.1633924043671826,0,,5.803,,,,0,0,0,0,1,0,0,0,1,0,0,1,0,0,0
KOSPI,004710,한솔테크닉스(주),2025,2026,mid_sized,manufacturing,1988,,,996025407.0,,,,,,184237241.0,,,,,,,,,,29978391.0,,,1,0.3832194568993972,5.803,,0.13182753710108186,,0,0,0,0,1,0,1,0,0,0,0,1,0,0,0
KOSPI,004720,(주)팜젠사이언스,2025,2026,mid_sized,manufacturing,1990,2.852416363083215,0.6496866740747296,195413585.967,0.7486888970539988,0.33566826479580547,,-12.32792537466803,-0.6739431293799991,111676175.731,4.232073096636088,-0.7732493810973676,0.030635806320093738,-1.0328046591047515,0.1083665081173526,,0.030749171739261713,3.762102297774947,-0.6241268411787714,0.0,0.03481144266575599,3.5242090107743005,0,,5.803,,,,0,0,0,0,1,0,1,0,0,0,0,1,0,0,0
KOSPI,004770,써니전자(주),2025,2026,small_and_medium,manufacturing,1987,81.97263900988206,3.2192591127598043,86017322.502,0.9857010132468212,0.014506413771534016,,-3.3927993539031953,0.2934803167798432,5269006.862,4.628299374256968,0.052890171801083664,0.025587314380179936,0.053657418517677705,3.4131502680587995,,0.3396300783071821,8.827900113901741,-0.006631686518569985,0.0,2.407910336841561e-06,10.04961128611153,0,,5.803,,,,0,0,0,0,1,0,0,0,1,0,0,1,0,0,0
KOSPI,004800,(주)효성,2025,2026,large,other,1973,,,5387103885.0,,,,,,675727333.0,,,,,,,,,,92747000.0,,,1,0.6720318465025719,5.803,,0.02457844414939479,,0,0,0,0,1,1,0,0,0,0,0,0,1,0,0
KOSPI,004830,(주)덕성,2025,2026,small_and_medium,manufacturing,1987,,,152659897.0,,,,,,23380009.0,,,,,,,,,,3862522.0,,,1,0.8541689290710031,5.803,,,,0,0,0,0,1,0,0,0,1,0,0,1,0,0,0
KOSPI,004840,(주)디알비동일,2025,2026,mid_sized,manufacturing,1976,,,974909861.0,,,,,,154648312.0,,,,,,,,,,32960377.0,,,1,0.1866776796242199,5.803,,0.011682924714142952,,0,0,0,0,1,0,1,0,0,0,0,1,0,0,0
KOSPI,004870,(주)티웨이홀딩스,2025,2026,mid_sized,manufacturing,1977,1.059847919546614,0.3091892804845733,119172275.42,0.790269260094992,0.2653914943873661,0.16221893835515053,-0.6644623206844427,-11.069115751559963,-1101699.898,-8.584194574313823,-0.5784130118944741,-0.030258736642321635,-0.731918905494246,-0.16079736979416673,-0.20789281253879577,-0.79821287225216,-9.567308787305388,-0.4339412394346309,0.0,0.00027965749485393186,0.2014467260349692,0,,5.803,0.034554107179805504,-0.7604756441604872,-11.114986972627992,0,1,0,0,1,0,1,0,0,0,0,1,0,0,0
KOSPI,004890,동일산업(주),2025,2026,mid_sized,manufacturing,2005,,,455132593.0,,,,,,17000670.0,,,,,,,,,,6185833.0,,,1,0.233915552874653,5.803,,-0.055752041952843195,,0,0,0,0,1,0,1,0,0,0,0,1,0,0,0
KOSPI,004910,조광페인트(주),2025,2026,mid_sized,manufacturing,1976,,,432759213.0,,,,,,26890047.0,,,,,,,,,,7759196.0,,,1,0.3043242675455438,5.803,,,,0,0,0,0,1,0,1,0,0,0,0,1,0,0,0
KOSPI,004920,(주)씨아이테크,2025,2026,small_and_medium,manufacturing,1989,,,126953653.0,,,,,,16335890.0,,,,,,,,,,1646562.0,,,0,0.7616729427397453,5.803,,1.263157175103499,,0,0,0,0,1,0,0,0,1,0,0,1,0,0,0
KOSPI,004960,한신공영(주),2025,2026,mid_sized,construction,1976,,,2212986467.0,,,,,,163164735.0,,,,,,,,,,4857541.0,,,1,0.1416749031269286,5.803,,-0.045251440645219035,,0,0,0,0,1,0,1,0,0,1,0,0,0,0,0
KOSPI,004970,신라교역(주),2025,2026,mid_sized,other,1976,,,722434235.0,,,,,,73528474.0,,,,,,,,,,23965007.0,,,1,0.2440831767282185,5.803,,,,0,0,0,0,1,0,1,0,0,0,0,0,1,0,0
KOSPI,004980,성신양회(주),2025,2026,mid_sized,manufacturing,1976,,,1307212195.0,,,,,,172251847.0,,,,,,,,,,52348704.0,,,1,0.4046341222910292,5.803,,,,0,0,0,0,1,0,1,0,0,0,0,1,0,0,0
KOSPI,004990,롯데지주(주),2025,2026,large,it_services,1974,,,23071072297.0,,,,,,4430741650.0,,,,,,,,,,864506000.0,,,1,0.2967803416267532,5.803,,0.018128401096724884,,0,0,0,0,1,1,0,0,0,0,1,0,0,0,0
KOSPI,005010,(주)휴스틸,2025,2026,mid_sized,manufacturing,1973,,,1372404761.0,,,,,,46711354.0,,,,,,,,,,19203660.0,,,1,0.2128065289315289,5.803,,,,0,0,0,0,1,0,1,0,0,0,0,1,0,0,0
KOSPI,005030,부산주공(주),2025,2026,mid_sized,manufacturing,1975,0.6804645913175579,2.782186593820541e-05,219032786.553,0.08814208350642733,10.345318379353715,,0.5098940354229774,0.008799681815175854,18658127.79,0.07319967067419716,0.0060915151790627,0.0026392374041231516,0.0691101791191322,-0.03300584050435161,,-0.03373563060016528,-0.8347350299076826,0.037947115045211754,0.0,0.0007333125899904233,0.9783673794492493,0,,5.803,,-0.05936645891345369,0.05204764905093658,1,1,0,0,1,0,1,0,0,0,0,1,0,0,0
KOSPI,005070,코스모신소재(주),2025,2026,mid_sized,manufacturing,1987,0.8859039600457868,0.16549387247098638,721100349.936,0.6890076651441044,0.4513626634195024,,-14.282439708384512,-0.0011458589450571816,27176692.606,0.11472829582493799,-0.0026647239211165857,0.0032981789208826255,-0.0038674808074294275,0.6164072458680846,,0.30294696803055643,6.668278826195084,-0.19242300200840987,0.0,0.002372875608993761,2.0347034660069987,0,,5.803,,,,0,1,0,0,1,0,1,0,0,0,0,1,0,0,0
KOSPI,005090,에스지씨에너지(주),2025,2026,large,other,1993,,,3334276751.0,,,,,,202008558.0,,,,,,,,,,119148031.0,,,1,0.4165824683516579,5.803,,0.12359386780212629,,0,0,0,0,1,1,0,0,0,0,0,0,1,0,0
KOSPI,005110,(주)한창,2025,2026,small_and_medium,wholesale_retail,1976,,,56548381.0,,,,,,5587463.0,,,,,,,,,,713961.0,,,0,2.6119486253818383,5.803,,,,0,0,0,0,1,0,0,0,1,0,0,0,0,0,1
KOSPI,005180,(주)빙그레,2025,2026,mid_sized,manufacturing,1978,,,1068753459.0,,,,,,433811791.0,,,,,,,,,,55882000.0,,,1,0.957161202130792,5.803,,0.0654773866672544,,0,0,0,0,1,0,1,0,0,0,0,1,0,0,0
KOSPI,005250,(주)녹십자홀딩스,2025,2026,mid_sized,it_services,1976,,,4069172435.0,,,,,,682742921.0,,,,,,,,,,81137000.0,,,1,0.4471818968789817,5.803,,0.10859347234170189,,0,0,0,0,1,0,1,0,0,0,1,0,0,0,0
KOSPI,005300,롯데칠성음료(주),2025,2026,large,manufacturing,1973,,,4284698594.0,,,,,,1326646101.0,,,,,,,,,,229573000.0,,,1,0.8745531212012984,5.803,,-0.020086972436057494,,0,0,0,0,1,1,0,0,0,0,0,1,0,0,0
KOSPI,005320,(주)온타이드,2025,2026,mid_sized,wholesale_retail,1996,,,164052804.0,,,,,,21490139.0,,,,,,,,,,4699337.0,,,0,0.3331204284812247,5.803,,-0.0674574196995227,,0,0,0,0,1,0,1,0,0,0,0,0,0,0,1
KOSPI,005360,(주)모나미,2025,2026,mid_sized,wholesale_retail,1976,,,176282882.0,,,,,,38684456.0,,,,,,,,,,8784857.0,,,1,0.456126897084508,5.803,,,,0,0,0,0,1,0,1,0,0,0,0,0,0,0,1
KOSPI,005380,현대자동차(주),2025,2026,large,manufacturing,1974,,,368844849000.0,,,,,,34216836000.0,,,,,,,,,,3744754000.0,,,1,0.6164453882900083,5.803,,0.08548132516527909,,0,0,0,0,1,1,0,0,0,0,0,1,0,0,0
KOSPI,005420,코스모화학(주),2025,2026,mid_sized,manufacturing,1987,,,1168366014.0,,,,,,26582803.0,,,,,,,,,,26977057.0,,,0,0.943256811348248,5.803,,,,0,0,0,0,1,0,1,0,0,0,0,1,0,0,0
KOSPI,005430,한국공항(주),2025,2026,large,transport_storage,1976,,,529463499.0,,,,,,84361488.0,,,,,,,,,,27861121.0,,,1,0.5079842009376482,5.803,,0.11033194733941722,,0,0,0,0,1,1,0,0,0,0,0,0,0,1,0
KOSPI,005440,(주)현대지에프홀딩스,2025,2026,large,it_services,1989,,,10490130570.0,,,,,,2661311504.0,,,,,,,,,,178558533.0,,,1,0.1775310228288867,5.803,,0.040180690943876135,,0,0,0,0,1,1,0,0,0,0,1,0,0,0,0
KOSPI,005490,포스코홀딩스(주),2025,2026,large,manufacturing,1988,,,105192437964.0,,,,,,5166048382.0,,,,,,,,,,3693287447.0,,,1,0.3957272215375541,5.803,,0.3300855207013761,,0,0,0,0,1,1,0,0,0,0,0,1,0,0,0
KOSPI,005500,삼진제약(주),2025,2026,mid_sized,manufacturing,1988,1.301861763513129,0.0820960174073895,470531747.766,0.6171629016059851,0.6203177433345297,,-19.891707823669066,0.07818592142620157,125084170.88,5.192121312665698,0.046964612366580887,0.05692389464508608,0.07609759472639928,0.13385051340962667,,0.07799681608436422,4.673952368074902,0.00012423986750639663,0.0,0.04582335613775134,1.716102273519076,0,,5.803,,,,0,0,0,0,1,0,1,0,0,0,0,1,0,0,0
KOSPI,005610,(주)에스피씨삼립,2025,2026,mid_sized,manufacturing,1975,,,1244873303.0,,,,,,490611475.0,,,,,,,,,,92953026.0,,,1,0.92999888803967,5.803,,0.0032856079904001537,,0,0,0,0,1,0,1,0,0,0,0,1,0,0,0
KOSPI,005680,삼영전자공업(주),2025,2026,mid_sized,manufacturing,1976,,,563753405.0,,,,,,27068564.0,,,,,,,,,,6423115.0,,,1,0.3903393550172116,5.803,,,,0,0,0,0,1,0,1,0,0,0,0,1,0,0,0
KOSPI,005690,파미셀(주),2025,2026,small_and_medium,manufacturing,1988,4.847936871221291,1.4703901520271752,157172891.322,0.7881619371448213,0.2687747947110701,,-3.128089201279825,0.3532214884548278,50676575.448,220.9817593797077,0.22120459998265302,0.21825668652185923,0.28065882093213496,1.2330515259957646,,0.35993463476348453,264.46858445066096,-0.004871780302312379,0.0,0.035625193937093694,3.4257651442907435,0,,5.803,,,,0,0,0,0,1,0,0,0,1,0,0,1,0,0,0
KOSPI,005720,(주)넥센,2025,2026,mid_sized,manufacturing,1987,,,5611910811.0,,,,,,955638248.0,,,,,,,,,,302985908.0,,,1,0.1316534992081609,5.803,,,,0,0,0,0,1,0,1,0,0,0,0,1,0,0,0
KOSPI,005740,(주)크라운해태홀딩스,2025,2026,mid_sized,it_services,1976,,,1195496224.0,,,,,,337812880.0,,,,,,,,,,42484357.0,,,1,0.1729384386178725,5.803,,,,0,0,0,0,1,0,1,0,0,0,1,0,0,0,0
KOSPI,005750,대림바스(주),2025,2026,mid_sized,manufacturing,1992,,,338482568.0,,,,,,83127517.0,,,,,,,,,,7719119.0,,,1,0.4476751807039671,5.803,,-0.028135979237365757,,0,0,0,0,1,0,1,0,0,0,0,1,0,0,0
KOSPI,005800,(주)신영와코루,2025,2026,mid_sized,manufacturing,1976,,,427146649.0,,,,,,105910894.0,,,,,,,,,,3945097.0,,,1,0.3819435033387958,5.803,,,,0,0,0,0,1,0,1,0,0,0,0,1,0,0,0
KOSPI,005810,(주)풍산홀딩스,2025,2026,mid_sized,it_services,1988,,,1354305154.0,,,,,,94535796.0,,,,,,,,,,13872489.0,,,0,0.4610030057124017,5.803,,,,0,0,0,0,1,0,1,0,0,0,1,0,0,0,0
KOSPI,005820,(주)원림,2025,2026,small_and_medium,manufacturing,1990,,,189908054.0,,,,,,18962833.0,,,,,,,,,,1966750.0,,,1,0.2151483515766083,5.803,,0.08537817615608263,,0,0,0,0,1,0,0,0,1,0,0,1,0,0,0
KOSPI,005850,에스엘(주),2025,2026,mid_sized,manufacturing,1988,,,3997077723.0,,,,,,732647483.0,,,,,,,,,,151002019.0,,,1,0.7505930855114491,5.803,,0.23529225397344694,,0,0,0,0,1,0,1,0,0,0,0,1,0,0,0
KOSPI,005870,(주)휴니드테크놀러지스,2025,2026,mid_sized,manufacturing,1991,4.645333152209076,0.8228940258029018,311760282.512,0.5222388293471383,0.9148327236604006,,-1.306788778221049,-0.0727852720944449,15389077.005,-7.127531478379085,-0.04031059052403916,-0.038596370426168196,-0.07718803784550504,-0.24450275997881926,,-0.26546417469285805,-21.571845154962343,0.08478574885491567,0.0,0.0012009727794161475,0.9210386307746004,0,,5.803,,0.04150992018626295,-0.15090045436841393,0,1,0,0,1,0,1,0,0,0,0,1,0,0,0
KOSPI,005880,대한해운(주),2025,2026,large,transport_storage,1992,,,4109190044.0,,,,,,286203740.0,,,,,,,,,,138066338.0,,,0,0.234843990693088,5.803,,-0.1028716501167921,,0,0,0,0,1,1,0,0,0,0,0,0,0,1,0
KOSPI,005930,삼성전자(주),2025,2026,large,manufacturing,1975,,,566942110000.0,,,,,,131370425000.0,,,,,,,,,,43605740000.0,,,1,1.8509335471598705,5.803,,0.24355050135556458,,0,0,0,0,1,1,0,0,0,0,0,1,0,0,0
KOSPI,005950,(주)이수화학,2025,2026,mid_sized,manufacturing,1988,,,897707782.0,,,,,,125574462.0,,,,,,,,,,21573614.0,,,0,0.979868365848755,5.803,,-0.17902596347345237,,0,0,0,0,1,0,1,0,0,0,0,1,0,0,0
KOSPI,005960,동부건설(주),2025,2026,mid_sized,construction,1978,,,1687863462.0,,,,,,184938593.0,,,,,,,,,,14423000.0,,,1,0.2371763879965735,5.803,,-0.06619532913660844,,0,0,0,0,1,0,1,0,0,1,0,0,0,0,0
KOSPI,006040,동원산업(주),2025,2026,mid_sized,it_services,1989,,,7777544153.0,,,,,,1665271346.0,,,,,,,,,,291803998.0,,,1,0.4997060997837224,5.803,,0.08652063007323874,,0,0,0,0,1,0,1,0,0,0,1,0,0,0,0
KOSPI,006060,(주)화승인더스트리,2025,2026,mid_sized,wholesale_retail,1991,,,1593041484.0,,,,,,275498041.0,,,,,,,,,,82240788.0,,,1,0.3582833215396421,5.803,,,,0,0,0,0,1,0,1,0,0,0,0,0,0,0,1
KOSPI,006090,(주)사조오양,2025,2026,mid_sized,manufacturing,1986,0.7412767088683073,0.1016524575506093,436223234.615,0.5666010800138636,0.7649101550874771,,-4.2461297263990865,0.02535463611419522,43253052.7,2.5379321695305674,0.0296821376913305,0.030986193697201122,0.05238630623613396,0.061731440132003684,,0.02796328839018242,2.1913210609361182,-0.0024958712870049448,8116651.231,0.027577382366203603,2.207588723852552,0,,5.803,,,,0,0,0,0,1,0,1,0,0,0,0,1,0,0,0
KOSPI,006110,삼아알미늄(주),2025,2026,mid_sized,manufacturing,1980,,,452042873.0,,,,,,2066146.0,,,,,,,,,,16038190.0,,,1,1.60661269367992,5.803,,,,0,0,0,0,1,0,1,0,0,0,0,1,0,0,0
KOSPI,006120,에스케이디스커버리(주),2025,2026,large,it_services,1976,,,16299659051.0,,,,,,1337602646.0,,,,,,,,,,423793270.0,,,1,0.1658626719759682,5.803,,0.08104469241474027,,0,0,0,0,1,1,0,0,0,0,1,0,0,0,0
KOSPI,006200,(주)한국전자홀딩스,2025,2026,mid_sized,it_services,1979,,,517233143.0,,,,,,35547605.0,,,,,,,,,,19859780.0,,,1,0.0805781192795636,5.803,,,,0,0,0,0,1,0,1,0,0,0,1,0,0,0,0
KOSPI,006260,(주)엘에스,2025,2026,large,it_services,1977,,,24994792000.0,,,,,,2833447000.0,,,,,,,,,,450250000.0,,,1,0.825152338901514,5.803,,0.2175987077903924,,0,0,0,0,1,1,0,0,0,0,1,0,0,0,0
KOSPI,006280,(주)녹십자,2025,2026,mid_sized,manufacturing,1989,,,2971095185.0,,,,,,554120039.0,,,,,,,,,,67756000.0,,,1,1.3327087902967714,5.803,,0.08280962596554095,,0,0,0,0,1,0,1,0,0,0,0,1,0,0,0
KOSPI,006340,대원전선(주),2025,2026,mid_sized,manufacturing,1988,,,346448665.0,,,,,,29738487.0,,,,,,,,,,7414883.0,,,0,1.9498308023551425,5.803,,,,0,0,0,0,1,0,1,0,0,0,0,1,0,0,0
KOSPI,006360,지에스건설(주),2025,2026,large,construction,1981,,,18459842000.0,,,,,,1345064000.0,,,,,,,,,,206630000.0,,,1,0.3052300090322232,5.803,,0.036877898986886495,,0,0,0,0,1,1,0,0,0,1,0,0,0,0,0
KOSPI,006370,(주)대구백화점,2025,2026,mid_sized,wholesale_retail,1988,,,420746468.0,,,,,,53086954.0,,,,,,,,,,6495239.0,,,0,0.4351139061424993,5.803,,-0.09985996099531572,,0,0,0,0,1,0,1,0,0,0,0,0,0,0,1
KOSPI,006380,(주)카프로,2025,2026,mid_sized,manufacturing,1974,0.8249649781293609,0.31162900875586824,241695126.108,0.31774959508982004,2.1471322558800567,0.91728493677168,0.09114165356548293,-1.3134453441481744,-19021607.398,-1.4935806999525447,-0.12787279671990462,-0.08738290070674676,-0.40243260320680535,-0.16998835618279975,-0.12643249680289703,-1.137713222679284,-1.9822809718825338,-0.01791353607629365,0.0,0.0007972162000234156,0.14941230601370856,0,,5.803,0.06765799202590457,,,0,1,0,0,1,0,1,0,0,0,0,1,0,0,0
KOSPI,006400,삼성SDI(주),2025,2026,large,manufacturing,1979,,,42255338581.0,,,,,,1461749300.0,,,,,,,,,,2012238818.0,,,1,0.9399116226814076,5.803,,0.04083996290766657,,0,0,0,0,1,1,0,0,0,0,0,1,0,0,0
KOSPI,006490,(주)인스코비,2025,2026,small_and_medium,it_services,1985,,,60461090.0,,,,,,45213210.0,,,,,,,,,,1492592.0,,,0,4.959971003066015,5.803,,-0.2094950975655176,,0,0,0,0,1,0,0,0,1,0,1,0,0,0,0
KOSPI,006570,대림통상(주),2025,2026,mid_sized,manufacturing,1975,,,154793299.0,,,,,,22166226.0,,,,,,,,,,4405714.0,,,0,0.8932481971205789,5.803,,,,0,0,0,0,1,0,1,0,0,0,0,1,0,0,0
KOSPI,006650,대한유화(주),2025,2026,mid_sized,manufacturing,1999,,,2700325546.0,,,,,,120537997.0,,,,,,,,,,166386453.0,,,1,0.4521804814456099,5.803,,0.765998966408247,,0,0,0,0,1,0,1,0,0,0,0,1,0,0,0
KOSPI,006660,삼성공조(주),2025,2026,mid_sized,manufacturing,1987,,,334084122.0,,,,,,14442129.0,,,,,,,,,,2883641.0,,,1,0.3910616964077587,5.803,,,,0,0,0,0,1,0,1,0,0,0,0,1,0,0,0
KOSPI,006740,블루산업개발(주),2025,2026,small_and_medium,manufacturing,1996,,,165184476.0,,,,,,-329440.0,,,,,,,,,,4947474.0,,,0,0.5466869649875575,5.803,,,,0,0,0,0,1,0,0,0,1,0,0,1,0,0,0
KOSPI,006840,에이케이홀딩스(주),2025,2026,mid_sized,it_services,1999,,,5976455657.0,,,,,,400302588.0,,,,,,,,,,253127724.0,,,1,0.1027505314838822,5.803,,,,0,0,0,0,1,0,1,0,0,0,1,0,0,0,0
KOSPI,006880,신송홀딩스(주),2025,2026,small_and_medium,wholesale_retail,2013,,,274528083.0,,,,,,28642549.0,,,,,,,,,,3416159.0,,,1,0.7483610474464878,5.803,,,,0,0,0,0,1,0,0,0,1,0,0,0,0,0,1
KOSPI,006890,태경케미컬(주),2025,2026,mid_sized,manufacturing,2003,,,224431427.0,,,,,,15866058.0,,,,,,,,,,2424503.0,,,1,0.5472011527988634,5.803,,0.2271904848619391,,0,0,0,0,1,0,1,0,0,0,0,1,0,0,0
KOSPI,006980,(주)우성,2025,2026,mid_sized,manufacturing,1988,,,462306101.0,,,,,,104836208.0,,,,,,,,,,13244060.0,,,1,0.2333767965824088,5.803,,,,0,0,0,0,1,0,1,0,0,0,0,1,0,0,0
KOSPI,007070,(주)지에스리테일,2025,2026,large,wholesale_retail,2011,,,7483097414.0,,,,,,2911662844.0,,,,,,,,,,695985000.0,,,1,0.5129610589763013,5.803,,-0.0129979689196352,,0,0,0,0,1,1,0,0,0,0,0,0,0,0,1
KOSPI,007110,(주)일신석재,2025,2026,small_and_medium,wholesale_retail,1986,1.535153617552346,0.6271914080562843,91889224.75,0.6383803857263471,0.5664641683221568,,-0.5146616599926075,-0.01258580902589967,10400511.195,0.8853447819628949,-0.0042760369572059104,0.007407461275811884,-0.006698258675884362,0.09452426183047627,,0.05762844045241167,4.085435095300184,-0.0416469943827663,0.0,0.02715030223388624,1.6402363327623342,0,,5.803,,,,0,1,0,0,1,0,0,0,1,0,0,0,0,0,1
KOSPI,007120,(주)미래아이앤지,2025,2026,small_and_medium,it_services,1999,2.7038397263103136,1.399807325155211,70534354.404,0.6896304008028388,0.45005208418283466,,-2.3687659112932313,-0.18400284234122427,7426797.335,2.7520073980167834,-0.02047810258142928,0.0538558851087262,-0.029694315328311415,0.3317795633351338,,0.5140735375860533,5.26193205389671,-0.13983197810967235,0.0,0.053675068822708324,0.6453931958705336,0,,5.803,,-0.16489777706992262,0.5297995659378378,0,0,0,0,1,0,0,0,1,0,1,0,0,0,0
KOSPI,007160,사조산업(주),2025,2026,mid_sized,manufacturing,1989,,,1253228674.0,,,,,,85158241.0,,,,,,,,,,23510909.0,,,0,0.4251975467802341,5.803,,0.07424636265821025,,0,0,0,0,1,0,1,0,0,0,0,1,0,0,0
KOSPI,007210,(주)벽산,2025,2026,mid_sized,manufacturing,1972,,,659778659.0,,,,,,118016125.0,,,,,,,,,,28156869.0,,,1,0.3112213054826492,5.803,,,,0,0,0,0,1,0,1,0,0,0,0,1,0,0,0
KOSPI,007280,(주)한국특강,2025,2026,mid_sized,manufacturing,1989,1.4194974752957037,0.2569840049430716,553426736.688,0.3868329719236024,1.5850950476824792,,-6.04068585560158,0.0038982387049800865,36547788.884,0.9738694271217816,0.010924639425956192,0.02121265645432369,0.028241231277756112,0.027064667895367083,,0.011971997730703047,0.76188104608923,-0.011191560659079192,0.0,0.0052020435753233904,2.260664302162186,0,,5.803,,,,0,1,0,0,1,0,1,0,0,0,0,1,0,0,0
KOSPI,007310,(주)오뚜기,2025,2026,mid_sized,manufacturing,1994,,,3641076426.0,,,,,,591641731.0,,,,,,,,,,180398807.0,,,1,0.70048283981197,5.803,,1.1148081452517278,,0,0,0,0,1,0,1,0,0,0,0,1,0,0,0
KOSPI,007340,(주)디엔오토모티브,2025,2026,mid_sized,manufacturing,1988,,,5275680667.0,,,,,,966452142.0,,,,,,,,,,61424614.0,,,1,0.5828007687487188,5.803,,0.053864850118885456,,0,0,0,0,1,0,1,0,0,0,0,1,0,0,0
KOSPI,007460,(주)에이프로젠,2025,2026,mid_sized,manufacturing,1995,,,717264630.0,,,,,,33240784.0,,,,,,,,,,21995076.0,,,1,0.5004811745776016,5.803,,,,0,0,0,0,1,0,1,0,0,0,0,1,0,0,0
KOSPI,007540,샘표(주),2025,2026,mid_sized,it_services,1976,,,490051391.0,,,,,,163913532.0,,,,,,,,,,24294636.0,,,1,0.3898340609246415,5.803,,,,0,0,0,0,1,0,1,0,0,0,1,0,0,0,0
KOSPI,007570,일양약품(주),2025,2026,mid_sized,manufacturing,1974,,,457330668.0,,,,,,116354942.0,,,,,,,,,,8343950.0,,,1,1.0557876858918476,5.803,,,,0,0,0,0,1,0,1,0,0,0,0,1,0,0,0
KOSPI,007590,(주)동방아그로,2025,2026,mid_sized,manufacturing,1977,,,250502899.0,,,,,,45605036.0,,,,,,,,,,4111402.0,,,1,0.4690817481658305,5.803,,,,0,0,0,0,1,0,1,0,0,0,0,1,0,0,0
KOSPI,007610,선도전기(주),2025,2026,small_and_medium,manufacturing,1989,,,73687545.0,,,,,,5769789.0,,,,,,,,,,592117.0,,,0,1.4762921828278512,5.803,,,,0,0,0,0,1,0,0,0,1,0,0,1,0,0,0
KOSPI,007660,(주)이수페타시스,2025,2026,mid_sized,manufacturing,2003,,,1289510031.0,,,,,,282304402.0,,,,,,,,,,28774700.0,,,1,11.571557160829988,5.803,,0.6320094688566708,,0,0,0,0,1,0,1,0,0,0,0,1,0,0,0
KOSPI,007690,국도화학(주),2025,2026,mid_sized,manufacturing,1989,,,1749499133.0,,,,,,235541140.0,,,,,,,,,,49681533.0,,,1,0.3455699475272404,5.803,,0.09802639000757858,,0,0,0,0,1,0,1,0,0,0,0,1,0,0,0
KOSPI,007700,(주)에프앤에프홀딩스,2025,2026,mid_sized,it_services,1984,,,4343643805.0,,,,,,1291983572.0,,,,,,,,,,71749820.0,,,1,0.2006794089379866,5.803,,,,0,0,0,0,1,0,1,0,0,0,1,0,0,0,0
KOSPI,007810,(주)코리아써키트,2025,2026,large,manufacturing,1985,,,1392548104.0,,,,,,109845547.0,,,,,,,,,,65268252.0,,,0,1.6720711391255116,5.803,,,,0,0,0,0,1,1,0,0,0,0,0,1,0,0,0
KOSPI,007860,(주)서연,2025,2026,mid_sized,it_services,1989,,,3719605160.0,,,,,,723341876.0,,,,,,,,,,163999360.0,,,1,0.1390166882844364,5.803,,,,0,0,0,0,1,0,1,0,0,0,1,0,0,0,0
KOSPI,007980,티피(주),2025,2026,mid_sized,manufacturing,1994,,,766760563.0,,,,,,173483227.0,,,,,,,,,,19452748.0,,,1,0.3387559525780461,5.803,,0.01918064776166642,,0,0,0,0,1,0,1,0,0,0,0,1,0,0,0
KOSPI,008040,사조동아원(주),2025,2026,mid_sized,manufacturing,1989,0.7100616763525661,0.11671284224528691,463742803.194,0.27378194588798027,2.6525417947360075,,-0.7990685729386742,-0.20357530117640332,89205628.139,5.539113418633374,-0.2758565037428383,0.09157792524326007,-1.007577409270467,0.1123398570994532,,0.05611104851751488,4.934581955681222,-0.37757362201640615,0.0,0.0054511788745592055,2.002098696558605,0,,5.803,,0.03876480011992562,-0.22784526271732342,0,0,0,0,1,0,1,0,0,0,0,1,0,0,0
KOSPI,008060,(주)대덕,2025,2026,mid_sized,it_services,1989,,,1838110447.0,,,,,,139464991.0,,,,,,,,,,136971164.0,,,1,0.253529052792305,5.803,,,,0,0,0,0,1,0,1,0,0,0,1,0,0,0,0
KOSPI,008250,이건산업(주),2025,2026,mid_sized,manufacturing,1988,,,400022991.0,,,,,,25571292.0,,,,,,,,,,15895126.0,,,1,0.2721331593374403,5.803,,,,0,0,0,0,1,0,1,0,0,0,0,1,0,0,0
KOSPI,008260,(주)엔아이스틸,2025,2026,mid_sized,manufacturing,1975,0.5504452539694408,0.02353490438132439,515938949.317,0.5239539963630593,0.908564505550747,,-17.903997796512513,0.07651530552352945,50761351.288,3.950911533295094,0.04749391445526325,0.05836954198721844,0.09064519935897898,0.16243054209373653,,0.16090236437998298,5.233926712139282,-0.04055365873171264,26743544.313,0.018817079251047173,1.0094975466621774,0,,5.803,,,,0,0,0,0,1,0,1,0,0,0,0,1,0,0,0
KOSPI,008350,(주)남선알미늄,2025,2026,large,manufacturing,1978,,,437277779.0,,,,,,18144573.0,,,,,,,,,,4406443.0,,,0,0.5836768149306877,5.803,,0.010561815853103075,,0,0,0,0,1,1,0,0,0,0,0,1,0,0,0
KOSPI,008420,문배철강(주),2025,2026,mid_sized,manufacturing,1994,1.370475770901898,0.024138572473450134,238379966.578,0.8174128115721578,0.22337206591693368,,-18.006978436418553,0.042535322043127675,5752208.29,-0.8888844489314328,0.02589678386409225,-0.0040245150369466465,0.031681401976418846,-0.27271591479500046,,-0.08609260379072446,-10.997970177830515,0.07439610651676595,536561.433,0.01211697034135994,3.167704341454505,0,,5.803,,,,0,1,0,0,1,0,1,0,0,0,0,1,0,0,0
KOSPI,008490,(주)서흥,2025,2026,mid_sized,manufacturing,1990,,,1061135570.0,,,,,,129457520.0,,,,,,,,,,40386283.0,,,1,0.4629640551555297,5.803,,0.042681192075300974,,0,0,0,0,1,0,1,0,0,0,0,1,0,0,0
KOSPI,008500,일정실업(주),2025,2026,small_and_medium,manufacturing,1994,1.1944707784705275,0.012030200307953712,39797112.266,0.48599701203757684,1.0576258191535566,,-2.2235462748333332,0.4507581069490587,5871922.742,1.5960482405410774,0.13305311072843357,0.03664689546447304,0.273773515953522,0.1104084441572018,,0.06167825041105103,2.471591870031957,0.35799308245718536,930608.312,0.011768983987316723,1.7900709475607899,0,,5.803,,,,0,0,0,0,1,0,0,0,1,0,0,1,0,0,0
KOSPI,008600,(주)윌비스,2025,2026,mid_sized,wholesale_retail,1989,,,248079552.0,,,,,,13819215.0,,,,,,,,,,9052046.0,,,0,0.4457129610580686,5.803,,-0.15785098772294703,,0,0,0,0,1,0,1,0,0,0,0,0,0,0,1
KOSPI,008700,아남전자(주),2025,2026,mid_sized,manufacturing,1984,,,206839931.0,,,,,,30020022.0,,,,,,,,,,4827987.0,,,0,0.7598832333956724,5.803,,,,0,0,0,0,1,0,1,0,0,0,0,1,0,0,0
KOSPI,008730,율촌화학(주),2025,2026,mid_sized,manufacturing,1988,,,687562083.0,,,,,,50645027.0,,,,,,,,,,22729944.0,,,1,2.189599952553192,5.803,,0.05270865782252908,,0,0,0,0,1,0,1,0,0,0,0,1,0,0,0
KOSPI,008770,(주)호텔신라,2025,2026,large,wholesale_retail,1991,,,3541423622.0,,,,,,4068306491.0,,,,,,,,,,133517180.0,,,0,1.6126965021082034,5.803,,-0.07143956374162935,,0,0,0,0,1,1,0,0,0,0,0,0,0,0,1
KOSPI,008930,한미사이언스(주),2025,2026,mid_sized,it_services,1988,,,1489047153.0,,,,,,1356957533.0,,,,,,,,,,5184035.0,,,1,2.584665817252046,5.803,,0.10375095013343519,,0,0,0,0,1,0,1,0,0,0,1,0,0,0,0
KOSPI,008970,케이비아이동양철관(주),2025,2026,mid_sized,manufacturing,1977,,,239457342.0,,,,,,13883750.0,,,,,,,,,,5932481.0,,,0,1.2604004398691215,5.803,,,,0,0,0,0,1,0,1,0,0,0,0,1,0,0,0
KOSPI,009070,(주)케이씨티시,2025,2026,mid_sized,transport_storage,1978,,,791695947.0,,,,,,112640948.0,,,,,,,,,,51477478.0,,,1,0.5625831172814273,5.803,,,,0,0,0,0,1,0,1,0,0,0,0,0,0,1,0
KOSPI,009140,경인전자(주),2025,2026,small_and_medium,manufacturing,1989,,,87287055.0,,,,,,9836469.0,,,,,,,,,,613103.0,,,1,0.4005387108801893,5.803,,,,0,0,0,0,1,0,0,0,1,0,0,1,0,0,0
KOSPI,009150,삼성전기(주),2025,2026,large,manufacturing,1979,,,14595895255.0,,,,,,2277368294.0,,,,,,,,,,883549830.0,,,1,2.019748784600256,5.803,,,,0,0,0,0,1,1,0,0,0,0,0,1,0,0,0
KOSPI,009160,(주)SIMPAC,2025,2026,mid_sized,manufacturing,1989,,,1333843318.0,,,,,,124722837.0,,,,,,,,,,13775094.0,,,1,0.497348588748945,5.803,,,,0,0,0,0,1,0,1,0,0,0,0,1,0,0,0
KOSPI,009180,한솔로지스틱스(주),2025,2026,mid_sized,transport_storage,1989,,,261761294.0,,,,,,60852123.0,,,,,,,,,,14364158.0,,,1,0.5413502720051807,5.803,,-0.02325952870900724,,0,0,0,0,1,0,1,0,0,0,0,0,0,1,0
KOSPI,009190,(주)대양금속,2025,2026,mid_sized,manufacturing,1994,,,144440084.0,,,,,,16812239.0,,,,,,,,,,3063384.0,,,0,0.7244140769391658,5.803,,,,0,0,0,0,1,0,1,0,0,0,0,1,0,0,0
KOSPI,009200,무림페이퍼(주),2025,2026,mid_sized,manufacturing,1990,,,2575053587.0,,,,,,114284506.0,,,,,,,,,,77099376.0,,,1,0.120361796843226,5.803,,0.03719815108273127,,0,0,0,0,1,0,1,0,0,0,0,1,0,0,0
KOSPI,009240,(주)한샘,2025,2026,mid_sized,wholesale_retail,2002,,,992956865.0,,,,,,432219923.0,,,,,,,,,,64450300.0,,,0,2.7168614204148285,5.803,,0.056168674218174564,,0,0,0,0,1,0,1,0,0,0,0,0,0,0,1
KOSPI,009270,(주)신원,2025,2026,mid_sized,manufacturing,1988,,,642566645.0,,,,,,249315079.0,,,,,,,,,,15295159.0,,,1,0.7716148500424691,5.803,,0.021727636525627758,,0,0,0,0,1,0,1,0,0,0,0,1,0,0,0
KOSPI,009290,광동제약(주),2025,2026,mid_sized,manufacturing,1989,,,1320329496.0,,,,,,301181967.0,,,,,,,,,,16868620.0,,,1,0.4315646896645458,5.803,,0.4166264360220027,,0,0,0,0,1,0,1,0,0,0,0,1,0,0,0
KOSPI,009310,참엔지니어링(주),2025,2026,mid_sized,manufacturing,1987,,,837277102.0,,,,,,11777356.0,,,,,,,,,,1005063.0,,,1,0.2812531304695722,5.803,,0.23455778298417043,,0,0,0,0,1,0,1,0,0,0,0,1,0,0,0
KOSPI,009320,아진전자부품(주),2025,2026,small_and_medium,manufacturing,1989,,,109515360.0,,,,,,24567274.0,,,,,,,,,,4686512.0,,,0,1.361250536364806,5.803,,0.15775063718335355,,0,0,0,0,1,0,0,0,1,0,0,1,0,0,0
KOSPI,009410,(주)태영건설,2025,2026,mid_sized,construction,1989,,,4127053459.0,,,,,,189020405.0,,,,,,,,,,8556143.0,,,0,0.814617153412686,5.803,,-0.11064246670613492,,0,0,0,0,1,0,1,0,0,1,0,0,0,0,0
KOSPI,009420,한올바이오파마(주),2025,2026,mid_sized,manufacturing,1989,,,225224012.0,,,,,,80857900.0,,,,,,,,,,3186827.0,,,0,14.135997698956109,5.803,,,,0,0,0,0,1,0,1,0,0,0,0,1,0,0,0
KOSPI,009440,케이씨그린홀딩스(주),2025,2026,mid_sized,it_services,1994,,,172280443.0,,,,,,17564506.0,,,,,,,,,,5829852.0,,,0,0.1539991169291391,5.803,,,,0,0,0,0,1,0,1,0,0,0,1,0,0,0,0
KOSPI,009450,(주)경동나비엔,2025,2026,mid_sized,manufacturing,1993,,,1522167096.0,,,,,,638496828.0,,,,,,,,,,48117562.0,,,1,1.0493985632512843,5.803,,0.43525119571233695,,0,0,0,0,1,0,1,0,0,0,0,1,0,0,0
KOSPI,009460,(주)한창제지,2025,2026,mid_sized,manufacturing,1987,0.6775499761280003,0.13638142886221624,287460858.999,0.288477631280885,2.46647327752882,,-1.7796052171529397,-0.04904484373342672,19049848.138,-0.6862255746180482,-0.050256825034570206,-0.018066617500847537,-0.17421394099577905,0.026433552311840875,,0.020253019586241143,0.7143879786482008,-0.0643537930639258,0.0,0.0035162945540475,1.3051659876830648,0,,5.803,,,,0,1,0,0,1,0,1,0,0,0,0,1,0,0,0
KOSPI,009470,삼화전기(주),2025,2026,mid_sized,manufacturing,1986,,,180647655.0,,,,,,43156507.0,,,,,,,,,,4184088.0,,,1,1.606361105525575,5.803,,,,0,0,0,0,1,0,1,0,0,0,0,1,0,0,0
KOSPI,009540,에이치디한국조선해양(주),2025,2026,large,it_services,1999,,,39542213288.0,,,,,,5328421048.0,,,,,,,,,,555809000.0,,,1,1.703575652708499,5.803,,0.3232132999198624,,0,0,0,0,1,1,0,0,0,0,1,0,0,0,0
KOSPI,009580,무림피앤피(주),2025,2026,mid_sized,manufacturing,1989,,,1820115151.0,,,,,,37022278.0,,,,,,,,,,60431250.0,,,1,0.2600477014054856,5.803,,0.12147177778333042,,0,0,0,0,1,0,1,0,0,0,0,1,0,0,0
KOSPI,009680,(주)모토닉,2025,2026,mid_sized,manufacturing,1994,,,530548802.0,,,,,,38962801.0,,,,,,,,,,5657720.0,,,1,0.6041966227384669,5.803,,0.22198846987072085,,0,0,0,0,1,0,1,0,0,0,0,1,0,0,0
KOSPI,009770,삼정펄프(주),2025,2026,small_and_medium,manufacturing,2006,11.486545622491189,1.4882321880111065,322255669.541,0.8907368181538844,0.1226660665858309,,-21.963865558360474,0.21129062984058083,10789601.554,-0.6913360261347294,0.12672576374580816,-0.004470033089105136,0.14227071471959177,0.16510806722248014,,0.0391312281018359,2.790105260375109,0.07936872498296227,0.0,0.0006365329345242199,4.219342842826183,0,,5.803,,,,0,1,0,0,1,0,0,0,1,0,0,1,0,0,0
KOSPI,009810,(주)플레이그램,2025,2026,small_and_medium,wholesale_retail,1988,,,289194203.0,,,,,,50820652.0,,,,,,,,,,3357505.0,,,0,0.2088732255972428,5.803,,,,0,0,0,0,1,0,0,0,1,0,0,0,0,0,1
KOSPI,009830,한화솔루션(주),2025,2026,large,manufacturing,1974,,,33144011000.0,,,,,,1487922000.0,,,,,,,,,,719949000.0,,,1,0.4180351376512858,5.803,,0.10344565268257913,,0,0,0,0,1,1,0,0,0,0,0,1,0,0,0
KOSPI,009900,명신산업(주),2025,2026,mid_sized,manufacturing,2020,,,1420721058.0,,,,,,182617436.0,,,,,,,,,,61569173.0,,,1,0.6121288070210996,5.803,,0.9746487023878802,,0,0,0,0,1,0,1,0,0,0,0,1,0,0,0
KOSPI,009970,(주)영원무역홀딩스,2025,2026,mid_sized,it_services,1988,,,6995703462.0,,,,,,1867796867.0,,,,,,,,,,112917948.0,,,1,0.4890367202114022,5.803,,,,0,0,0,0,1,0,1,0,0,0,1,0,0,0,0
KOSPI,010040,한국내화(주),2025,2026,mid_sized,manufacturing,2000,,,275160719.0,,,,,,35606966.0,,,,,,,,,,10446005.0,,,1,0.4942207120536651,5.803,,,,0,0,0,0,1,0,1,0,0,0,0,1,0,0,0
KOSPI,010060,오씨아이홀딩스(주),2025,2026,large,it_services,1985,,,7870870449.0,,,,,,339504729.0,,,,,,,,,,210947923.0,,,1,0.4545701651067854,5.803,,-0.027525794051287182,,0,0,0,0,1,1,0,0,0,0,1,0,0,0,0
KOSPI,010100,한국무브넥스(주),2025,2026,mid_sized,manufacturing,1987,,,1009462858.0,,,,,,151488806.0,,,,,,,,,,42168409.0,,,1,0.3263765730190536,5.803,,0.5476025298337618,,0,0,0,0,1,0,1,0,0,0,0,1,0,0,0
KOSPI,010120,LS일렉트릭(주),2025,2026,large,manufacturing,1994,,,4956680318.0,,,,,,1051373281.0,,,,,,,,,,116494494.0,,,1,6.444686591556628,5.803,,0.10511975398726837,,0,0,0,0,1,1,0,0,0,0,0,1,0,0,0
KOSPI,010130,고려아연(주),2025,2026,large,manufacturing,1990,,,20395719725.0,,,,,,1801510182.0,,,,,,,,,,350517605.0,,,1,2.4560347007317187,5.803,,0.3788044550448259,,0,0,0,0,1,1,0,0,0,0,0,1,0,0,0
KOSPI,010140,삼성중공업(주),2025,2026,large,manufacturing,1994,,,14948871094.0,,,,,,1374326132.0,,,,,,,,,,279240792.0,,,1,5.17962415536248,5.803,,-0.13060851574139715,,0,0,0,0,1,1,0,0,0,0,0,1,0,0,0
KOSPI,010400,(주)우진아이엔에스,2025,2026,mid_sized,construction,2018,,,106265692.0,,,,,,12090725.0,,,,,,,,,,684812.0,,,0,0.3794259669706513,5.803,,,,0,0,0,0,1,0,1,0,0,1,0,0,0,0,0
KOSPI,010580,(주)에스엠벡셀,2025,2026,large,manufacturing,1994,1.8527644414228055,0.4959585842927883,100176500.447,0.7003894972865482,0.4277769782017064,,-0.2613295967272788,0.01098473628867598,20054265.074,3.6557840041557883,0.014953077750929352,0.015711802049151492,0.021349660166037076,0.20683023092506203,,0.041310589045373824,14.418682526067123,-0.045490706789173656,0.0,0.0029937282462633797,5.006712218455378,0,,5.803,,,,0,0,0,0,1,1,0,0,0,0,0,1,0,0,0
KOSPI,010640,진양폴리우레탄(주),2025,2026,small_and_medium,manufacturing,1989,0.7465125080586419,9.0412050638181e-05,75820360.31,0.41790774366474387,1.3928726259789652,,-5.3371831402000005,0.03480683712915594,7348722.843,18.719324703205995,0.027882772231051664,0.024083433717989936,0.06671992240808997,0.06984279379311403,,0.06610728043785816,31.599862712382798,-0.01924928587826174,0.0,0.006600463410538493,1.0565068375300557,0,,5.803,,,,0,0,0,0,1,0,0,0,1,0,0,1,0,0,0
KOSPI,010660,화천기계(주),2025,2026,mid_sized,manufacturing,1988,1.9412487614933946,0.2806828763965805,174976804.697,0.810523490491146,0.23377053439134562,,-11.892982772545453,0.012886023154148276,20146007.449,9.360896682518385,0.018178004293242955,0.0013013155109004226,0.022427486071042533,-0.05548382288296002,,-0.008575261530593683,-75.62346942987254,0.02631056011665146,0.0,0.025766604778314942,6.470219326257535,0,,5.803,,,,0,0,0,0,1,0,1,0,0,0,0,1,0,0,0
KOSPI,010690,(주)화신,2025,2026,mid_sized,manufacturing,1994,,,1559099213.0,,,,,,216269792.0,,,,,,,,,,68004489.0,,,1,0.5072920885066474,5.803,,0.17964345589568445,,0,0,0,0,1,0,1,0,0,0,0,1,0,0,0
KOSPI,010770,평화홀딩스(주),2025,2026,mid_sized,manufacturing,1986,,,558555295.0,,,,,,97053182.0,,,,,,,,,,19579704.0,,,1,0.3407401244267091,5.803,,,,0,0,0,0,1,0,1,0,0,0,0,1,0,0,0
KOSPI,010780,아이에스동서(주),2025,2026,mid_sized,manufacturing,1986,,,3457985098.0,,,,,,315645753.0,,,,,,,,,,40933881.0,,,1,0.4959195891967763,5.803,,-0.02701287873588428,,0,0,0,0,1,0,1,0,0,0,0,1,0,0,0
KOSPI,010820,퍼스텍(주),2025,2026,mid_sized,manufacturing,1989,0.8437110477731534,0.1673493086186128,403060377.892,0.2045971971427479,3.8876524896980764,,-2.381658674133474,0.049948132253672686,22777497.251,8.048400780634191,0.04278444176822739,0.026455661379489924,0.20911548332881896,-0.0631467902067868,,-0.06866232854764086,-15.280211598851727,0.08676465865957825,0.0,0.008161288797981078,0.9196715512345736,0,,5.803,,,,0,0,0,0,1,0,1,0,0,0,0,1,0,0,0
KOSPI,010950,에쓰-오일(주),2025,2026,large,manufacturing,1987,,,26556957000.0,,,,,,1043273000.0,,,,,,,,,,791140000.0,,,1,1.0889788451089355,5.803,,0.0861104541398453,,0,0,0,0,1,1,0,0,0,0,0,1,0,0,0
KOSPI,010960,삼호개발(주),2025,2026,mid_sized,construction,2005,,,366082341.0,,,,,,34578515.0,,,,,,,,,,2616415.0,,,0,0.3610477550021884,5.803,,,,0,0,0,0,1,0,1,0,0,1,0,0,0,0,0
KOSPI,011000,진원생명과학(주),2025,2026,small_and_medium,manufacturing,1987,,,119207169.0,,,,,,-15135689.0,,,,,,,,,,17912344.0,,,0,4.0911000776516016,5.803,,,,0,0,0,0,1,0,0,0,1,0,0,1,0,0,0
KOSPI,011070,엘지이노텍(주),2025,2026,large,manufacturing,2008,,,11930883000.0,,,,,,1749585000.0,,,,,,,,,,1100548000.0,,,1,1.1129144368593458,5.803,,0.04857275979165151,,0,0,0,0,1,1,0,0,0,0,0,1,0,0,0
KOSPI,011090,(주)에넥스,2025,2026,mid_sized,manufacturing,1995,,,127900899.0,,,,,,18980509.0,,,,,,,,,,2031006.0,,,0,0.7971838837678291,5.803,,,,0,0,0,0,1,0,1,0,0,0,0,1,0,0,0
KOSPI,011150,씨제이씨푸드(주),2025,2026,large,manufacturing,1988,,,169330717.0,,,,,,22056631.0,,,,,,,,,,6554496.0,,,0,1.1666886046127187,5.803,,0.18075305389103324,,0,0,0,0,1,1,0,0,0,0,0,1,0,0,0
KOSPI,011170,롯데케미칼(주),2025,2026,large,manufacturing,1991,,,31117333050.0,,,,,,262018910.0,,,,,,,,,,1065688632.0,,,1,0.1705830988467997,5.803,,-0.09941434594192694,,0,0,0,0,1,1,0,0,0,0,0,1,0,0,0
KOSPI,011200,에이치엠엠(주),2025,2026,large,transport_storage,1995,,,33563133000.0,,,,,,2035072000.0,,,,,,,,,,1116014000.0,,,1,0.7277173161455507,5.803,,-0.00843252957097557,,0,0,0,0,1,1,0,0,0,0,0,0,0,1,0
KOSPI,011210,현대위아(주),2025,2026,large,manufacturing,2011,,,7025106000.0,,,,,,538522000.0,,,,,,,,,,249172000.0,,,1,0.506384022321881,5.803,,-0.0071912188695548085,,0,0,0,0,1,1,0,0,0,0,0,1,0,0,0
KOSPI,011230,삼화전자공업(주),2025,2026,small_and_medium,manufacturing,1987,,,75421003.0,,,,,,-1757754.0,,,,,,,,,,2350160.0,,,0,2.1250359484125023,5.803,,0.032963039315403606,,0,0,0,0,1,0,0,0,1,0,0,1,0,0,0
KOSPI,011280,태림포장(주),2025,2026,mid_sized,manufacturing,1988,,,685971529.0,,,,,,85922667.0,,,,,,,,,,31474165.0,,,0,0.4269388762109977,5.803,,,,0,0,0,0,1,0,1,0,0,0,0,1,0,0,0
KOSPI,011300,(주)성안머티리얼스,2025,2026,small_and_medium,manufacturing,1995,,,101326912.0,,,,,,2621621.0,,,,,,,,,,672883.0,,,0,1.7435952560900376,5.803,,,,0,0,0,0,1,0,0,0,1,0,0,1,0,0,0
KOSPI,011330,(주)유니켐,2025,2026,small_and_medium,manufacturing,1989,,,226738056.0,,,,,,10523078.0,,,,,,,,,,5463154.0,,,0,0.9004083277790494,5.803,,0.2169280859651287,,0,0,0,0,1,0,0,0,1,0,0,1,0,0,0
KOSPI,011390,부산산업(주),2025,2026,mid_sized,manufacturing,1990,,,326620429.0,,,,,,13090313.0,,,,,,,,,,7318845.0,,,1,0.4913194758916412,5.803,,,,0,0,0,0,1,0,1,0,0,0,0,1,0,0,0
KOSPI,011420,(주)갤럭시아에스엠,2025,2026,large,it_services,1989,5.275608198189476,1.693691729968084,82851473.075,0.8724877569957437,0.14614788801543993,,-4.247755354443056,0.09220575777684194,15086652.86,73.9445568957116,0.05439803135328865,0.04813097812262404,0.06234818874776946,0.45120887965480383,,0.11815557368546582,88.39161040981894,-0.012635999242310394,0.0,0.016035924898973198,3.8187693189653267,0,,5.803,,-0.07987020967549097,0.011045747031542402,0,0,0,0,1,1,0,0,0,0,1,0,0,0,0
KOSPI,011500,(주)한농화성,2025,2026,mid_sized,manufacturing,2003,3.126327667451559,0.22481189797489326,238342326.227,0.7316488346090728,0.3667759076446966,,-21.303820021970907,0.01802234221755863,16949044.096,3.211290935327923,0.027773612265139136,0.015008656643692546,0.03796030411225742,0.294750099262535,,0.08789123945446045,16.923698389570422,-0.06287756942393351,10832827.925,0.002731051329842486,3.3535776841018996,0,,5.803,,,,0,0,0,0,1,0,1,0,0,0,0,1,0,0,0
KOSPI,011690,(주)와이투솔루션,2025,2026,mid_sized,manufacturing,1995,,,148390498.0,,,,,,17145720.0,,,,,,,,,,2338482.0,,,0,1.5318269813498298,5.803,,0.17205611497393536,,0,0,0,0,1,0,1,0,0,0,0,1,0,0,0
KOSPI,011700,한신기계공업(주),2025,2026,small_and_medium,manufacturing,1987,,,120169072.0,,,,,,10339251.0,,,,,,,,,,897941.0,,,1,1.1320782815017516,5.803,,,,0,0,0,0,1,0,0,0,1,0,0,1,0,0,0
KOSPI,011760,현대코퍼레이션(주),2025,2026,mid_sized,wholesale_retail,1977,,,2324710834.0,,,,,,287659916.0,,,,,,,,,,14381000.0,,,1,0.4103132752652494,5.803,,0.1272368139732825,,0,0,0,0,1,0,1,0,0,0,0,0,0,0,1
KOSPI,011780,금호석유화학(주),2025,2026,mid_sized,manufacturing,1988,,,8474479180.0,,,,,,603929700.0,,,,,,,,,,307678000.0,,,1,0.5614256010034846,5.803,,0.016095489442518793,,0,0,0,0,1,0,1,0,0,0,0,1,0,0,0
KOSPI,011790,에스케이씨(주),2025,2026,large,manufacturing,1997,,,6740499643.0,,,,,,-19097951.0,,,,,,,,,,143154601.0,,,1,1.951613328283912,5.803,,-0.0012119251133937846,,0,0,0,0,1,1,0,0,0,0,0,1,0,0,0
KOSPI,011810,(주)STX,2025,2026,mid_sized,wholesale_retail,1990,,,461095000.0,,,,,,18788000.0,,,,,,,,,,7575000.0,,,1,-2.2145803630516565,5.803,,-0.34846808504625487,,0,0,0,0,1,0,1,0,0,0,0,0,0,0,1
KOSPI,011930,(주)신성이엔지,2025,2026,mid_sized,manufacturing,1996,,,600686182.0,,,,,,58433733.0,,,,,,,,,,10723770.0,,,0,1.4019405790382764,5.803,,-0.007572587000353408,,0,0,0,0,1,0,1,0,0,0,0,1,0,0,0
KOSPI,012030,(주)디비아이엔씨,2025,2026,large,it_services,1993,,,989492190.0,,,,,,98493815.0,,,,,,,,,,2932498.0,,,0,0.6586004247322128,5.803,,1.7046141486094732,,0,0,0,0,1,1,0,0,0,0,1,0,0,0,0
KOSPI,0120G0,(주)삼양바이오팜,2025,2026,other,manufacturing,2025,,,0.0,,,,,,0.0,,,,,,,,,,0.0,,,0,,5.803,,,,0,0,0,0,1,0,0,1,0,0,0,1,0,0,0
KOSPI,012160,(주)영흥,2025,2026,mid_sized,manufacturing,2010,,,399827283.0,,,,,,25428981.0,,,,,,,,,,12025990.0,,,0,0.3014696862926967,5.803,,,,0,0,0,0,1,0,1,0,0,0,0,1,0,0,0
KOSPI,012170,(주)아센디오,2025,2026,small_and_medium,it_services,1989,,,10908493.0,,,,,,952255.0,,,,,,,,,,455270.0,,,0,2.5382468658603266,5.803,,,,0,0,0,0,1,0,0,0,1,0,1,0,0,0,0
KOSPI,012200,계양전기(주),2025,2026,mid_sized,manufacturing,1988,,,220426948.0,,,,,,36377893.0,,,,,,,,,,2158592.0,,,0,9.047711815355846,5.803,,,,0,0,0,0,1,0,1,0,0,0,0,1,0,0,0
KOSPI,012280,영화금속(주),2025,2026,mid_sized,manufacturing,1990,1.154081916435702,0.058280464781686594,236092067.182,0.3453856451353777,1.8953143075996661,,-1.9577629554773903,0.03460464118931933,25633294.104,3.4294814158822504,0.05712475158940133,0.06448978628436024,0.1653941105948704,0.09200972420904827,,0.04046405611417037,3.202998753332836,-0.008721759204271103,7286950.218,0.0011015850261479202,2.2738631033290497,0,,5.803,,,,0,0,0,0,1,0,1,0,0,0,0,1,0,0,0
KOSPI,012320,(주)경동인베스트,2025,2026,mid_sized,other,1997,,,613345639.0,,,,,,47633795.0,,,,,,,,,,17161575.0,,,1,0.2463399756874109,5.803,,,,0,0,0,0,1,0,1,0,0,0,0,0,1,0,0
KOSPI,012330,현대모비스(주),2025,2026,large,manufacturing,1989,,,70400532000.0,,,,,,8829921000.0,,,,,,,,,,1065417000.0,,,1,0.6877222836256303,5.803,,0.05711417069607064,,0,0,0,0,1,1,0,0,0,0,0,1,0,0,0
KOSPI,012450,한화에어로스페이스(주),2025,2026,large,manufacturing,1987,,,53953669604.0,,,,,,5450460584.0,,,,,,,,,,494757428.0,,,1,2.890196962267488,5.803,,0.24498296753405968,,0,0,0,0,1,1,0,0,0,0,0,1,0,0,0
KOSPI,012510,(주)더존비즈온,2025,2026,mid_sized,it_services,1988,,,1129961432.0,,,,,,223759309.0,,,,,,,,,,26740617.0,,,1,4.264912377961382,5.803,,0.27920998185542856,,0,0,0,0,1,0,1,0,0,0,1,0,0,0,0
KOSPI,012610,(주)경인양행,2025,2026,mid_sized,manufacturing,1995,,,526807131.0,,,,,,77720436.0,,,,,,,,,,25206567.0,,,1,0.7655343364918061,5.803,,,,0,0,0,0,1,0,1,0,0,0,0,1,0,0,0
KOSPI,012630,에이치디씨(주),2025,2026,large,other,1996,,,12685578706.0,,,,,,1176729161.0,,,,,,,,,,142159000.0,,,1,0.2058986877119896,5.803,,0.023170150558193398,,0,0,0,0,1,1,0,0,0,0,0,0,1,0,0
KOSPI,012690,(주)모나리자,2025,2026,mid_sized,manufacturing,1988,3.5506834408233656,1.1153037522634426,100559151.752,0.8694031565084397,0.15021436546888411,,-3.629258093171646,0.012073845026976518,26009856.729,7.691151207457271,0.009581876658787907,0.0031541092826858673,0.011021212181088844,0.19748739261582735,,0.020912101328916653,62.890734843215476,-0.01090036330759124,0.0,0.0015652604487772987,9.443689541746215,0,,5.803,,,,0,0,0,0,1,0,1,0,0,0,0,1,0,0,0
KOSPI,0126Z0,삼성에피스홀딩스(주),2025,2026,other,it_services,2025,,,7715584325.0,,,,,,92228225.0,,,,,,,,,,3288569.0,,,0,3.193621221815948,5.803,,,,0,0,0,0,1,0,0,1,0,0,1,0,0,0,0
KOSPI,012750,(주)에스원,2025,2026,large,it_services,1996,,,2431985312.0,,,,,,678897629.0,,,,,,,,,,173931750.0,,,1,1.5599229554250698,5.803,,0.11584277738673951,,0,0,0,0,1,1,0,0,0,0,1,0,0,0,0
KOSPI,012800,(주)대창,2025,2026,mid_sized,manufacturing,1989,,,925177065.0,,,,,,86700401.0,,,,,,,,,,8269068.0,,,0,0.3854971754542663,5.803,,,,0,0,0,0,1,0,1,0,0,0,0,1,0,0,0
KOSPI,013000,(주)세우글로벌,2025,2026,small_and_medium,wholesale_retail,1989,11.893182177935062,0.8642321592296534,59366043.111,0.9223750538606112,0.0841576816442385,,-2.814586983999987,0.1140177191970208,4395964.315,3.5878653208410762,0.07828066290877507,0.04098745362648463,0.08486858201675172,0.7439213835981663,,0.10490239015594169,5.054911405411902,0.005017822805589751,0.0,0.007529051568491356,7.09155799493507,0,,5.803,,,,0,0,0,0,1,0,0,0,1,0,0,0,0,0,1
KOSPI,013360,일성건설(주),2025,2026,mid_sized,construction,1989,,,379058456.0,,,,,,34927473.0,,,,,,,,,,4536709.0,,,0,1.6318449524046037,5.803,,0.023320283548395382,,0,0,0,0,1,0,1,0,0,1,0,0,0,0,0
KOSPI,013520,(주)화승코퍼레이션,2025,2026,mid_sized,manufacturing,1991,,,1232594230.0,,,,,,318546780.0,,,,,,,,,,46826316.0,,,1,0.2587828606153585,5.803,,-0.04338761992236361,,0,0,0,0,1,0,1,0,0,0,0,1,0,0,0
KOSPI,013570,디와이(주),2025,2026,mid_sized,it_services,1989,,,1054827673.0,,,,,,130229584.0,,,,,,,,,,35062880.0,,,1,0.2046536233033919,5.803,,,,0,0,0,0,1,0,1,0,0,0,1,0,0,0,0
KOSPI,013580,계룡건설산업(주),2025,2026,mid_sized,construction,1996,,,3224879415.0,,,,,,355887696.0,,,,,,,,,,27705458.0,,,1,0.1834156472770629,5.803,,0.09640634826829647,,0,0,0,0,1,0,1,0,0,1,0,0,0,0,0
KOSPI,013700,(주)까뮤이앤씨,2025,2026,mid_sized,construction,1989,,,298300475.0,,,,,,57050806.0,,,,,,,,,,3119416.0,,,1,0.6561450594956273,5.803,,0.16729561351590147,,0,0,0,0,1,0,1,0,0,1,0,0,0,0,0
KOSPI,013870,지엠비코리아(주),2025,2026,mid_sized,manufacturing,2012,,,681902763.0,,,,,,128292920.0,,,,,,,,,,30836109.0,,,1,0.2537321472647106,5.803,,0.2379783858200849,,0,0,0,0,1,0,1,0,0,0,0,1,0,0,0
KOSPI,013890,(주)지누스,2025,2026,large,manufacturing,2019,,,1073120500.0,,,,,,317455172.0,,,,,,,,,,51140964.0,,,1,0.4455226666783539,5.803,,,,0,0,0,0,1,1,0,0,0,0,0,1,0,0,0
KOSPI,014130,(주)한익스프레스,2025,2026,mid_sized,transport_storage,1989,,,401226873.0,,,,,,11496710.0,,,,,,,,,,31856473.0,,,1,0.4237960041348758,5.803,,,,0,0,0,0,1,0,1,0,0,0,0,0,0,1,0
KOSPI,014160,대영포장(주),2025,2026,mid_sized,manufacturing,1990,1.4175847795836134,0.31358054635703814,261299982.645,0.735921854018078,0.3588399291855177,,-2.5480818815529185,0.005276624522082645,31425109.236,0.8792545579327699,0.0052465239649958795,0.00337403194625459,0.007129186253065124,0.19345162402507698,,0.04705237043575624,13.312826751063293,-0.045357336923752704,0.0,0.0009264466363508662,4.111410801060693,0,,5.803,,,,0,1,0,0,1,0,1,0,0,0,0,1,0,0,0
KOSPI,014280,금강공업(주),2025,2026,mid_sized,manufacturing,1988,,,1187991581.0,,,,,,122216321.0,,,,,,,,,,66123945.0,,,1,0.3639666466875388,5.803,,0.022456624436091595,,0,0,0,0,1,0,1,0,0,0,0,1,0,0,0
KOSPI,014440,영보화학(주),2025,2026,mid_sized,manufacturing,1997,,,210737258.0,,,,,,36887026.0,,,,,,,,,,8431557.0,,,1,0.5049864484325037,5.803,,,,0,0,0,0,1,0,1,0,0,0,0,1,0,0,0
KOSPI,014530,극동유화(주),2025,2026,mid_sized,manufacturing,1991,,,504234679.0,,,,,,60966699.0,,,,,,,,,,9094157.0,,,1,0.4858766426930666,5.803,,0.17259723752532982,,0,0,0,0,1,0,1,0,0,0,0,1,0,0,0
KOSPI,014580,(주)태경비케이,2025,2026,mid_sized,manufacturing,1991,,,626041035.0,,,,,,91582626.0,,,,,,,,,,10428166.0,,,1,0.3021686105822454,5.803,,0.656013457967741,,0,0,0,0,1,0,1,0,0,0,0,1,0,0,0
KOSPI,014680,(주)한솔케미칼,2025,2026,mid_sized,manufacturing,1989,,,1600348080.0,,,,,,250369537.0,,,,,,,,,,51986713.0,,,1,2.1904616395962204,5.803,,0.09262731284520243,,0,0,0,0,1,0,1,0,0,0,0,1,0,0,0
KOSPI,014710,사조씨푸드(주),2025,2026,mid_sized,manufacturing,2012,,,393078640.0,,,,,,28608645.0,,,,,,,,,,4138651.0,,,0,0.7612832558007442,5.803,,,,0,0,0,0,1,0,1,0,0,0,0,1,0,0,0
KOSPI,014790,에이치엘디앤아이한라(주),2025,2026,mid_sized,construction,1994,,,1943235555.0,,,,,,227296148.0,,,,,,,,,,19785320.0,,,1,0.2211104636034452,5.803,,0.1410684627717095,,0,0,0,0,1,0,1,0,0,1,0,0,0,0,0
KOSPI,014820,동원시스템즈(주),2025,2026,mid_sized,manufacturing,1994,,,1530722789.0,,,,,,149116924.0,,,,,,,,,,86653637.0,,,1,0.8495362582134826,5.803,,-0.014098460999372057,,0,0,0,0,1,0,1,0,0,0,0,1,0,0,0
KOSPI,014830,(주)유니드,2025,2026,large,manufacturing,2004,,,1523789830.0,,,,,,239657277.0,,,,,,,,,,60390340.0,,,1,0.4203603877104546,5.803,,,,0,0,0,0,1,1,0,0,0,0,0,1,0,0,0
KOSPI,014910,성문전자(주),2025,2026,small_and_medium,manufacturing,1990,,,83412437.0,,,,,,9248292.0,,,,,,,,,,2008110.0,,,0,0.7933989465097071,5.803,,,,0,0,0,0,1,0,0,0,1,0,0,1,0,0,0
KOSPI,014990,(주)인디에프,2025,2026,mid_sized,manufacturing,1989,,,115862924.0,,,,,,61823835.0,,,,,,,,,,7201578.0,,,0,1.7229384967777317,5.803,,,,0,0,0,0,1,0,1,0,0,0,0,1,0,0,0
KOSPI,015020,(주)이스타코,2025,2026,small_and_medium,other,1988,0.47966991745712423,0.08046726173103994,88885968.528,0.4222892410423126,1.368045175699378,,-0.7518873595851732,-0.08396560625606167,4277265.11,-0.19869808137909428,-0.01684851942101797,-0.004584458545576124,-0.039898055132618876,0.01126424745408739,,0.035208972225894516,0.2820449069158888,-0.022026369216905834,0.0,0.008143054814911474,0.3199254832494961,0,,5.803,,,,0,1,0,0,1,0,0,0,1,0,0,0,1,0,0
KOSPI,015230,대창단조(주),2025,2026,mid_sized,manufacturing,1989,,,401820258.0,,,,,,69937685.0,,,,,,,,,,7712317.0,,,1,0.5576853275006918,5.803,,0.2003526170216912,,0,0,0,0,1,0,1,0,0,0,0,1,0,0,0
KOSPI,015260,(주)에이엔피,2025,2026,mid_sized,manufacturing,1988,,,99182469.0,,,,,,1475792.0,,,,,,,,,,1246635.0,,,0,0.9475254109176102,5.803,,,,0,0,0,0,1,0,1,0,0,0,0,1,0,0,0
KOSPI,015360,(주)인베니,2025,2026,large,it_services,1996,,,1557662126.0,,,,,,256126205.0,,,,,,,,,,27565744.0,,,1,0.5873134102545374,5.803,,0.2832619171416856,,0,0,0,0,1,1,0,0,0,0,1,0,0,0,0
KOSPI,015590,디케이엠이(주),2025,2026,mid_sized,manufacturing,1989,,,187652354.0,,,,,,27145557.0,,,,,,,,,,2623497.0,,,0,0.9747730069616936,5.803,,,,0,0,0,0,1,0,1,0,0,0,0,1,0,0,0
KOSPI,015760,한국전력공사(주),2025,2026,mid_sized,other,1989,,,254927457000.0,,,,,,16724534000.0,,,,,,,,,,13630181000.0,,,1,0.6143328434409755,5.803,,0.03289872590936603,,0,0,0,0,1,0,1,0,0,0,0,0,1,0,0
KOSPI,015860,일진홀딩스(주),2025,2026,mid_sized,it_services,1990,,,2344464482.0,,,,,,353960462.0,,,,,,,,,,31212000.0,,,1,0.288536214080929,5.803,,,,0,0,0,0,1,0,1,0,0,0,1,0,0,0,0
KOSPI,015890,태경산업(주),2025,2026,mid_sized,manufacturing,1996,,,989501937.0,,,,,,166797352.0,,,,,,,,,,20912551.0,,,1,0.2451210874243388,5.803,,0.5567068722387071,,0,0,0,0,1,0,1,0,0,0,0,1,0,0,0
KOSPI,016090,(주)대현,2025,2026,mid_sized,manufacturing,1990,4.363281657742085,0.616000527090759,314893056.359,0.8810292509966001,0.1350360942827071,,-9.311023391785263,0.04579164479272289,130167116.387,53.78077017570939,0.04212649663788263,0.022478076318489443,0.0478150942096759,0.6964673697260426,,0.10846981365815646,198.24801417105738,-0.04787936433190609,7524359.183,0.002960627797829669,6.4208404738387905,0,,5.803,,,,0,0,0,0,1,0,1,0,0,0,0,1,0,0,0
KOSPI,016380,KG스틸(주),2025,2026,mid_sized,manufacturing,1986,,,3100740293.0,,,,,,276305226.0,,,,,,,,,,49477000.0,,,1,0.2604411143717946,5.803,,0.316510387503061,,0,0,0,0,1,0,1,0,0,0,0,1,0,0,0
KOSPI,016450,한세예스24홀딩스(주),2025,2026,mid_sized,manufacturing,2000,,,3034736690.0,,,,,,647218007.0,,,,,,,,,,79387708.0,,,1,0.1768183188861892,5.803,,0.0739922131951237,,0,0,0,0,1,0,1,0,0,0,0,1,0,0,0
KOSPI,016580,환인제약(주),2025,2026,mid_sized,manufacturing,1996,,,478890741.0,,,,,,87098763.0,,,,,,,,,,9249097.0,,,1,0.5001170845145905,5.803,,,,0,0,0,0,1,0,1,0,0,0,0,1,0,0,0
KOSPI,016590,신대양제지(주),2025,2026,mid_sized,manufacturing,1995,,,922899070.0,,,,,,99865725.0,,,,,,,,,,26738037.0,,,1,0.7325871518833706,5.803,,,,0,0,0,0,1,0,1,0,0,0,0,1,0,0,0
KOSPI,016710,대성홀딩스(주),2025,2026,mid_sized,it_services,1999,,,1245621841.0,,,,,,179827512.0,,,,,,,,,,35127036.0,,,1,0.2258537065911499,5.803,,-0.00323340500383069,,0,0,0,0,1,0,1,0,0,0,1,0,0,0,0
KOSPI,016740,(주)두올,2025,2026,mid_sized,manufacturing,2016,,,549395676.0,,,,,,139971132.0,,,,,,,,,,20664411.0,,,1,0.3747275875674073,5.803,,0.1515563985724596,,0,0,0,0,1,0,1,0,0,0,0,1,0,0,0
KOSPI,016800,(주)퍼시스,2025,2026,mid_sized,manufacturing,1996,,,670149045.0,,,,,,116746401.0,,,,,,,,,,11890573.0,,,1,0.895689210004158,5.803,,0.23007243563011584,,0,0,0,0,1,0,1,0,0,0,0,1,0,0,0
KOSPI,016880,(주)웅진,2025,2026,mid_sized,it_services,1994,,,5347440027.0,,,,,,544205720.0,,,,,,,,,,57156809.0,,,1,0.5565068211384625,5.803,,0.8369615452357858,,0,0,0,0,1,0,1,0,0,0,1,0,0,0,0
KOSPI,017040,(주)광명전기,2025,2026,small_and_medium,manufacturing,1990,0.47186680341908066,0.232374359099479,134086469.248,0.046497130657297804,20.50670344306608,,0.7122759948834286,-0.7109171111741851,9723142.563,-5.717733422099724,-0.506720675665889,-0.07434185485608709,-10.897891300016344,-0.029450483709938823,,-0.039275416092359836,-2.1597572832565306,-0.48021010080374255,0.0,0.004685950070307873,0.7498452375573372,0,,5.803,,,,0,1,0,0,1,0,0,0,1,0,0,1,0,0,0
KOSPI,017180,명문제약(주),2025,2026,mid_sized,manufacturing,2008,,,272455465.0,,,,,,106918217.0,,,,,,,,,,3836805.0,,,0,0.6013389364197409,5.803,,,,0,0,0,0,1,0,1,0,0,0,0,1,0,0,0
KOSPI,017370,(주)우신시스템,2025,2026,mid_sized,manufacturing,2002,,,394844553.0,,,,,,52462143.0,,,,,,,,,,11326491.0,,,1,0.6817046449074502,5.803,,0.2753141909127851,,0,0,0,0,1,0,1,0,0,0,0,1,0,0,0
KOSPI,017390,서울도시가스(주),2025,2026,mid_sized,other,1995,,,1797688130.0,,,,,,231493131.0,,,,,,,,,,38169704.0,,,1,0.2796028645417822,5.803,,0.13533268547725,,0,0,0,0,1,0,1,0,0,0,0,0,1,0,0
KOSPI,017550,(주)수산세보틱스,2025,2026,mid_sized,manufacturing,1991,,,268079065.0,,,,,,55091972.0,,,,,,,,,,4352945.0,,,1,0.5144967675495252,5.803,,0.018856725357675713,,0,0,0,0,1,0,1,0,0,0,0,1,0,0,0
KOSPI,017670,에스케이텔레콤(주),2025,2026,large,it_services,1989,,,30107783000.0,,,,,,17099213000.0,,,,,,,,,,3590217000.0,,,1,0.8869941206651305,5.803,,-0.01335305898639877,,0,0,0,0,1,1,0,0,0,0,1,0,0,0,0
KOSPI,017800,현대엘리베이터(주),2025,2026,mid_sized,manufacturing,1996,,,3723057252.0,,,,,,605625921.0,,,,,,,,,,53890192.0,,,1,2.389961839431001,5.803,,0.04177853993144867,,0,0,0,0,1,0,1,0,0,0,0,1,0,0,0
KOSPI,017810,(주)풀무원,2025,2026,mid_sized,manufacturing,1995,,,2348153157.0,,,,,,831624568.0,,,,,,,,,,163395025.0,,,1,0.7985431876231108,5.803,,0.007290562520183266,,0,0,0,0,1,0,1,0,0,0,0,1,0,0,0
KOSPI,017860,(주)디에스단석,2025,2026,mid_sized,manufacturing,2023,,,759101922.0,,,,,,50330577.0,,,,,,,,,,20374646.0,,,0,1.1818883576670682,5.803,,,,0,0,0,0,1,0,1,0,0,0,0,1,0,0,0
KOSPI,017900,광전자(주),2025,2026,mid_sized,manufacturing,1996,,,258292978.0,,,,,,17726021.0,,,,,,,,,,4577223.0,,,1,0.4330375783695221,5.803,,,,0,0,0,0,1,0,1,0,0,0,0,1,0,0,0
KOSPI,017940,(주)이원,2025,2026,large,wholesale_retail,1997,,,15915640404.0,,,,,,805054697.0,,,,,,,,,,165314361.0,,,1,0.2190044706482931,5.803,,0.09462770072714714,,0,0,0,0,1,1,0,0,0,0,0,0,0,0,1
KOSPI,017960,(주)한국카본,2025,2026,mid_sized,manufacturing,1995,,,1043222616.0,,,,,,212914265.0,,,,,,,,,,27173718.0,,,1,2.6707111092947864,5.803,,0.31648860093108605,,0,0,0,0,1,0,1,0,0,0,0,1,0,0,0
KOSPI,018250,애경산업(주),2025,2026,mid_sized,manufacturing,2018,,,497808806.0,,,,,,287180739.0,,,,,,,,,,15797836.0,,,1,0.8695911141783195,5.803,,,,0,0,0,0,1,0,1,0,0,0,0,1,0,0,0
KOSPI,018260,삼성에스디에스(주),2025,2026,large,it_services,2014,,,13453704199.0,,,,,,2080025907.0,,,,,,,,,,599434473.0,,,1,1.2930353722614076,5.803,,0.4913371488095183,,0,0,0,0,1,1,0,0,0,0,1,0,0,0,0
KOSPI,018470,조일알미늄(주),2025,2026,mid_sized,manufacturing,1988,1.4170904752398112,0.11614076528454703,411109986.392,0.509780779606667,0.9616275073602675,,-2.3100074406633078,0.01638930188011679,28996267.19,1.3206395320696331,0.019986529575969192,0.033556102638299834,0.039206126192890704,0.0880049991352074,,0.03644293707664995,1.6978935447261556,-0.023739819744232605,7082965.399,0.0008453796100895763,2.414871198501582,0,,5.803,,,,0,0,0,0,1,0,1,0,0,0,0,1,0,0,0
KOSPI,018670,에스케이가스(주),2025,2026,large,wholesale_retail,1997,,,8031885594.0,,,,,,787324389.0,,,,,,,,,,249604645.0,,,1,0.6615193159043146,5.803,,0.06529022621541329,,0,0,0,0,1,1,0,0,0,0,0,0,0,0,1
KOSPI,018880,한온시스템(주),2025,2026,large,manufacturing,1996,,,10492248416.0,,,,,,1009902337.0,,,,,,,,,,502522617.0,,,1,0.7776343545337558,5.803,,-0.01205281724539944,,0,0,0,0,1,1,0,0,0,0,0,1,0,0,0
KOSPI,019170,신풍제약(주),2025,2026,mid_sized,manufacturing,1990,,,352466324.0,,,,,,102670804.0,,,,,,,,,,10850942.0,,,0,2.8619067578837045,5.803,,,,0,0,0,0,1,0,1,0,0,0,0,1,0,0,0
KOSPI,019180,(주)티에이치엔,2025,2026,mid_sized,manufacturing,1996,,,613083846.0,,,,,,146089817.0,,,,,,,,,,18453722.0,,,1,0.6326615322609589,5.803,,1.309815507864937,,0,0,0,0,1,0,1,0,0,0,0,1,0,0,0
KOSPI,019490,(주)엑시큐어하이트론,2025,2026,small_and_medium,manufacturing,1998,,,42294850.0,,,,,,-572081.0,,,,,,,,,,1786595.0,,,0,2.630439426751807,5.803,,,,0,0,0,0,1,0,0,0,1,0,0,1,0,0,0
KOSPI,019680,(주)대교,2025,2026,mid_sized,it_services,2004,,,587072065.0,,,,,,131675997.0,,,,,,,,,,35237538.0,,,1,0.7002088301542487,5.803,,,,0,0,0,0,1,0,1,0,0,0,1,0,0,0,0
KOSPI,020000,(주)한섬,2025,2026,large,manufacturing,1996,,,1734833488.0,,,,,,839959308.0,,,,,,,,,,46854333.0,,,1,0.2498124188590448,5.803,,0.4222514229765637,,0,0,0,0,1,1,0,0,0,0,0,1,0,0,0
KOSPI,020120,(주)키다리스튜디오,2025,2026,mid_sized,it_services,1996,,,342620727.0,,,,,,97965575.0,,,,,,,,,,5912851.0,,,0,0.6184804574623227,5.803,,,,0,0,0,0,1,0,1,0,0,0,1,0,0,0,0
KOSPI,020150,롯데에너지머티리얼즈(주),2025,2026,large,manufacturing,2011,,,2208680587.0,,,,,,-66790059.0,,,,,,,,,,87745250.0,,,0,0.8919967547544909,5.803,,,,0,0,0,0,1,1,0,0,0,0,0,1,0,0,0
KOSPI,020560,아시아나항공(주),2025,2026,large,transport_storage,2008,,,12187613805.0,,,,,,351204862.0,,,,,,,,,,1007677087.0,,,1,1.953107661982303,5.803,,-0.09385120654881511,,0,0,0,0,1,1,0,0,0,0,0,0,0,1,0
KOSPI,020760,일진디스플레이(주),2025,2026,small_and_medium,manufacturing,2002,,,67339826.0,,,,,,3203293.0,,,,,,,,,,2240844.0,,,0,1.6264335966209391,5.803,,,,0,0,0,0,1,0,0,0,1,0,0,1,0,0,0
KOSPI,021050,(주)서원,2025,2026,mid_sized,manufacturing,1996,,,1079186018.0,,,,,,97486035.0,,,,,,,,,,10061241.0,,,0,0.1530609769830942,5.803,,,,0,0,0,0,1,0,1,0,0,0,0,1,0,0,0
KOSPI,021240,코웨이(주),2025,2026,large,other,2001,,,7000122152.0,,,,,,3183411171.0,,,,,,,,,,404912015.0,,,1,1.729212741879032,5.803,,0.21496970030131718,,0,0,0,0,1,1,0,0,0,0,0,0,1,0,0
KOSPI,022100,(주)포스코디엑스,2025,2026,large,it_services,2024,,,834391537.0,,,,,,129053271.0,,,,,,,,,,10783737.0,,,1,7.634134868670234,5.803,,,,0,0,0,0,1,1,0,0,0,0,1,0,0,0,0
KOSPI,023000,(주)삼원강재,2025,2026,large,manufacturing,2011,4.196542212019349,0.12685974035144718,307639962.327,0.8410411295427852,0.1890024933068724,,-11.9368930704,0.029785727186405347,23707328.894,301.1390939728245,0.043713422837783705,0.03211284104078488,0.051975368745102404,0.68139407104805,,0.0927436774883253,1015.7142099269403,-0.07352742997659234,0.0,0.003418639350508387,7.3470676330882485,0,,5.803,,,,0,0,0,0,1,1,0,0,0,0,0,1,0,0,0
KOSPI,023150,(주)MH에탄올,2025,2026,small_and_medium,manufacturing,1996,,,261165503.0,,,,,,35510481.0,,,,,,,,,,12230519.0,,,1,0.5743729632121415,5.803,,,,0,0,0,0,1,0,0,0,1,0,0,1,0,0,0
KOSPI,023350,(주)한국종합기술,2025,2026,mid_sized,it_services,2011,,,422957800.0,,,,,,37280768.0,,,,,,,,,,2787700.0,,,1,0.3087290639174407,5.803,,0.011652866771739982,,0,0,0,0,1,0,1,0,0,0,1,0,0,0,0
KOSPI,023450,(주)동남합성,2025,2026,mid_sized,manufacturing,1996,1.6381896789791686,0.08012433216950565,95148921.231,0.5731710850467497,0.7446797755306106,0.3595763310541153,-16.448566218128953,0.03598857016703919,18764069.192,4.551968658656475,0.08691695707113885,0.09842814522576769,0.15164225715267826,0.3751798286739833,0.4453507791122166,0.07843375604784847,7.4058220937904755,-0.08666001102610021,6402695.087,0.0027222406691418226,4.783397450009981,0,,5.803,0.18163112006149656,,,0,0,0,0,1,0,1,0,0,0,0,1,0,0,0
KOSPI,023530,롯데쇼핑(주),2025,2026,large,wholesale_retail,2006,,,37910298848.0,,,,,,6663194522.0,,,,,,,,,,979926139.0,,,1,0.1216003127533396,5.803,,-0.028016934283644462,,0,0,0,0,1,1,0,0,0,0,0,0,0,0,1
KOSPI,023590,(주)다우기술,2025,2026,mid_sized,it_services,1997,,,82950227250.0,,,,,,2483791916.0,,,,,,,,,,86955464.0,,,1,0.2325881823574945,5.803,,0.45150027125369396,,0,0,0,0,1,0,1,0,0,0,1,0,0,0,0
KOSPI,023800,인지컨트롤스(주),2025,2026,mid_sized,manufacturing,1997,,,650215566.0,,,,,,104455342.0,,,,,,,,,,41659371.0,,,1,0.4197037371165115,5.803,,,,0,0,0,0,1,0,1,0,0,0,0,1,0,0,0
KOSPI,023810,(주)인팩,2025,2026,mid_sized,manufacturing,2004,,,669259469.0,,,,,,99713138.0,,,,,,,,,,25189042.0,,,1,0.5104387487088563,5.803,,,,0,0,0,0,1,0,1,0,0,0,0,1,0,0,0
KOSPI,023960,에쓰씨엔지니어링(주),2025,2026,mid_sized,construction,1997,,,136355565.0,,,,,,23168799.0,,,,,,,,,,1698171.0,,,0,1.0471143865663275,5.803,,,,0,0,0,0,1,0,1,0,0,1,0,0,0,0,0
KOSPI,024070,(주)위스컴,2025,2026,small_and_medium,manufacturing,1996,,,101547429.0,,,,,,4798900.0,,,,,,,,,,1291055.0,,,1,0.3263691101041331,5.803,,,,0,0,0,0,1,0,0,0,1,0,0,1,0,0,0
KOSPI,024090,디씨엠(주),2025,2026,mid_sized,manufacturing,1999,4.52744468866772,1.6780336443878021,294286057.738,0.8875613106943078,0.12668272935166078,,-42.53281985416667,0.0519506724260041,20686968.439,18.78990261758029,0.04814938438101318,0.03248844276378181,0.05424907981100215,0.21736417925893864,,0.03167716587932563,14.135116235662066,0.015641784668229672,0.0,0.00033980542866569993,6.861856899919294,0,,5.803,,,,0,0,0,0,1,0,1,0,0,0,0,1,0,0,0
KOSPI,024720,콜마홀딩스(주),2025,2026,mid_sized,it_services,2002,,,1294403011.0,,,,,,112166964.0,,,,,,,,,,19579192.0,,,1,0.4042068548566335,5.803,,0.0023007200439145456,,0,0,0,0,1,0,1,0,0,0,1,0,0,0,0
KOSPI,024890,대원화성(주),2025,2026,mid_sized,manufacturing,1997,,,148382103.0,,,,,,20890038.0,,,,,,,,,,2521508.0,,,1,0.6708953946998707,5.803,,,,0,0,0,0,1,0,1,0,0,0,0,1,0,0,0
KOSPI,024900,디와이덕양(주),2025,2026,mid_sized,manufacturing,1997,,,590839093.0,,,,,,25712652.0,,,,,,,,,,13270000.0,,,1,0.5896987500052453,5.803,,,,0,0,0,0,1,0,1,0,0,0,0,1,0,0,0
KOSPI,025000,케이피엑스케미칼(주),2025,2026,mid_sized,manufacturing,1994,,,875368969.0,,,,,,122334008.0,,,,,,,,,,26596878.0,,,1,0.3073500330564908,5.803,,,,0,0,0,0,1,0,1,0,0,0,0,1,0,0,0
KOSPI,025530,(주)에스제이엠홀딩스,2025,2026,small_and_medium,wholesale_retail,1997,,,379443113.0,,,,,,52903963.0,,,,,,,,,,6775104.0,,,1,0.1767534470683227,5.803,,,,0,0,0,0,1,0,0,0,1,0,0,0,0,0,1
KOSPI,025540,한국단자공업(주),2025,2026,mid_sized,manufacturing,1996,,,1558044824.0,,,,,,254586670.0,,,,,,,,,,76618456.0,,,1,0.5859435265640861,5.803,,0.0933250723000929,,0,0,0,0,1,0,1,0,0,0,0,1,0,0,0
KOSPI,025560,미래산업(주),2025,2026,small_and_medium,manufacturing,1996,,,152351413.0,,,,,,21252560.0,,,,,,,,,,1024714.0,,,0,0.5038268059113182,5.803,,,,0,0,0,0,1,0,0,0,1,0,0,1,0,0,0
KOSPI,025620,차에이아이헬스케어(주),2025,2026,small_and_medium,manufacturing,1995,,,110247468.0,,,,,,2064389.0,,,,,,,,,,729566.0,,,0,2.572744965434644,5.803,,1.2799386393931902,,0,0,0,0,1,0,0,0,1,0,0,1,0,0,0
KOSPI,025750,(주)한솔홈데코,2025,2026,mid_sized,manufacturing,2003,,,227921079.0,,,,,,40941070.0,,,,,,,,,,8443811.0,,,0,0.5151665650654871,5.803,,-0.21509143698944747,,0,0,0,0,1,0,1,0,0,0,0,1,0,0,0
KOSPI,025820,이구산업(주),2025,2026,mid_sized,manufacturing,1995,1.2523479901972887,0.03789704996723655,376967571.557,0.38635244789213363,1.588310247432913,,-7.710145568267448,0.021504918478300144,31301830.973,1.4889132917862442,0.03632206579321013,0.06474543863863767,0.09401277510049826,-0.02090899830106472,,-0.009525276387826813,-0.2950614436264364,0.04179835115503429,0.0,0.0030064756295055234,2.195106729688827,0,,5.803,,,,0,0,0,0,1,0,1,0,0,0,0,1,0,0,0
KOSPI,025860,남해화학(주),2025,2026,large,manufacturing,1995,,,824579889.0,,,,,,144121954.0,,,,,,,,,,27243452.0,,,1,0.5987103926115553,5.803,,-0.01075967376107404,,0,0,0,0,1,1,0,0,0,0,0,1,0,0,0
KOSPI,025890,한국주강(주),2025,2026,mid_sized,manufacturing,1997,2.2281742536567113,0.09320277792186452,38306813.397,0.8687994117152641,0.15101367072257507,,-4.885608764287739,-0.00730718715251417,1788982.167,-1.915445882994435,-0.005481524469911782,-0.004612007482038065,-0.006309309601268779,0.4029168947818543,,0.05078742240434123,21.954883848264114,-0.06046874095200532,0.0,,7.933399170646108,0,,5.803,,,,0,1,0,0,1,0,1,0,0,0,0,1,0,0,0
KOSPI,026940,부국철강(주),2025,2026,mid_sized,manufacturing,2008,5.137396777918332,0.6609333077388618,152062864.116,0.8641780884368674,0.15716889074196316,,-12.1409395234,0.011953593298477498,5989981.009,8.150129925930305,0.01670414354462191,0.001724933826051755,0.01932951525632466,-0.47144073766155253,,-0.05412067027031091,-302.5443447644972,0.07817467976883388,0.0,0.0006564521889042649,8.71091831100569,0,,5.803,,,,0,0,0,0,1,0,1,0,0,0,0,1,0,0,0
KOSPI,026960,(주)동서,2025,2026,mid_sized,wholesale_retail,2016,,,1798366336.0,,,,,,87846070.0,,,,,,,,,,3961853.0,,,1,1.5408843405103465,5.803,,0.010802811600425602,,0,0,0,0,1,0,1,0,0,0,0,0,0,0,1
KOSPI,027410,(주)비지에프,2025,2026,mid_sized,it_services,2014,,,2397352251.0,,,,,,146522338.0,,,,,,,,,,15403000.0,,,1,0.18553715581116,5.803,,0.25018284614220904,,0,0,0,0,1,0,1,0,0,0,1,0,0,0,0
KOSPI,027740,(주)마니커,2025,2026,mid_sized,manufacturing,2002,,,155490055.0,,,,,,30126403.0,,,,,,,,,,8460496.0,,,0,1.1979231446245855,5.803,,-0.2664592124670395,,0,0,0,0,1,0,1,0,0,0,0,1,0,0,0
KOSPI,027970,한국제지(주),2025,2026,mid_sized,manufacturing,1996,,,665023740.0,,,,,,94446352.0,,,,,,,,,,9561077.0,,,0,0.3745060574043718,5.803,,,,0,0,0,0,1,0,1,0,0,0,0,1,0,0,0
KOSPI,028050,삼성이앤에이(주),2025,2026,large,it_services,1996,,,10039557572.0,,,,,,1333896173.0,,,,,,,,,,47145356.0,,,1,1.0601892130065882,5.803,,0.28689201385895136,,0,0,0,0,1,1,0,0,0,0,1,0,0,0,0
KOSPI,028100,(주)동아지질,2025,2026,mid_sized,construction,2009,,,455150863.0,,,,,,28343695.0,,,,,,,,,,18955196.0,,,1,1.010400920727757,5.803,,0.13715986264474062,,0,0,0,0,1,0,1,0,0,1,0,0,0,0,0
KOSPI,028260,삼성물산(주),2025,2026,large,wholesale_retail,2014,,,86532745699.0,,,,,,7687587043.0,,,,,,,,,,1058308842.0,,,1,0.7141399764320244,5.803,,0.39590498268270385,,0,0,0,0,1,1,0,0,0,0,0,0,0,0,1
KOSPI,028670,팬오션(주),2025,2026,large,transport_storage,2007,,,10853668000.0,,,,,,613274000.0,,,,,,,,,,519878000.0,,,1,0.3595875065563236,5.803,,0.05667737525539098,,0,0,0,0,1,1,0,0,0,0,0,0,0,1,0
KOSPI,029460,(주)케이씨,2025,2026,mid_sized,manufacturing,1997,,,1153050483.0,,,,,,136724175.0,,,,,,,,,,23412855.0,,,1,0.3482933950486261,5.803,,0.08541678466801919,,0,0,0,0,1,0,1,0,0,0,0,1,0,0,0
KOSPI,029530,(주)신도리코,2025,2026,mid_sized,manufacturing,1996,,,1149029457.0,,,,,,76629108.0,,,,,,,,,,16004030.0,,,1,0.4587567320224911,5.803,,,,0,0,0,0,1,0,1,0,0,0,0,1,0,0,0
KOSPI,030000,(주)제일기획,2025,2026,large,it_services,1998,,,3587816549.0,,,,,,1859921026.0,,,,,,,,,,72623682.0,,,1,1.5212782821768311,5.803,,0.24167185624424928,,0,0,0,0,1,1,0,0,0,0,1,0,0,0,0
KOSPI,030190,나이스평가정보(주),2025,2026,mid_sized,it_services,2023,,,646531373.0,,,,,,602147036.0,,,,,,,,,,17290305.0,,,1,2.132892270729059,5.803,,,,0,0,0,0,1,0,1,0,0,0,1,0,0,0,0
KOSPI,030200,(주)케이티,2025,2026,large,it_services,1998,,,42948573000.0,,,,,,28244161000.0,,,,,,,,,,3329501000.0,,,1,0.6812789064438869,5.803,,0.02551616755480432,,0,0,0,0,1,1,0,0,0,0,1,0,0,0,0
KOSPI,030720,동원수산(주),2025,2026,mid_sized,other,1996,,,134836196.0,,,,,,24756908.0,,,,,,,,,,1313213.0,,,0,0.5018443539302083,5.803,,,,0,0,0,0,1,0,1,0,0,0,0,0,1,0,0
KOSPI,031430,(주)신세계인터내셔날,2025,2026,large,wholesale_retail,2011,,,1433177710.0,,,,,,670897518.0,,,,,,,,,,49584004.0,,,1,0.4604538721106965,5.803,,0.5676831890607562,,0,0,0,0,1,1,0,0,0,0,0,0,0,0,1
KOSPI,031440,(주)신세계푸드,2025,2026,large,it_services,2010,,,813544325.0,,,,,,208929801.0,,,,,,,,,,40537951.0,,,1,0.5182523927018575,5.803,,-0.024161735649331294,,0,0,0,0,1,1,0,0,0,0,1,0,0,0,0
KOSPI,031820,(주)아이티센씨티에스,2025,2026,mid_sized,it_services,1997,,,833566993.0,,,,,,129460712.0,,,,,,,,,,9798973.0,,,0,0.2109758576033719,5.803,,0.5866037395519191,,0,0,0,0,1,0,1,0,0,0,1,0,0,0,0
KOSPI,032350,롯데관광개발(주),2025,2026,mid_sized,it_services,2006,,,2167646814.0,,,,,,653447659.0,,,,,,,,,,86595410.0,,,0,5.022185684934035,5.803,,,,0,0,0,0,1,0,1,0,0,0,1,0,0,0,0
KOSPI,032560,(주)황금에스티,2025,2026,mid_sized,manufacturing,2009,,,550476339.0,,,,,,46144385.0,,,,,,,,,,9550968.0,,,1,0.2328396435810603,5.803,,0.05342978268459054,,0,0,0,0,1,0,1,0,0,0,0,1,0,0,0
KOSPI,032640,(주)엘지유플러스,2025,2026,large,it_services,2008,,,19681792000.0,,,,,,15451745000.0,,,,,,,,,,2209841000.0,,,1,0.6977727649005071,5.803,,-0.0013161333141868698,,0,0,0,0,1,1,0,0,0,0,1,0,0,0,0
KOSPI,033240,자화전자(주),2025,2026,mid_sized,manufacturing,1999,,,777823953.0,,,,,,142604185.0,,,,,,,,,,68714218.0,,,0,1.2574822198266362,5.803,,0.7760814895164538,,0,0,0,0,1,0,1,0,0,0,0,1,0,0,0
KOSPI,033250,(주)체시스,2025,2026,small_and_medium,manufacturing,1999,,,86044908.0,,,,,,12924008.0,,,,,,,,,,3440036.0,,,0,0.7101972033648942,5.803,,-0.04994224179266866,,0,0,0,0,1,0,0,0,1,0,0,1,0,0,0
KOSPI,033270,한국유나이티드제약(주),2025,2026,mid_sized,manufacturing,2007,5.6266147785691825,0.8438309931367788,519491695.617,0.875142576633563,0.1426709506543834,,-54.66722853255043,0.13266160672204136,160595068.169,14.491167515932764,0.09590740091778586,0.09544854585232253,0.10959060098151746,0.788372109603078,,0.1770842251791874,14.944441199261014,-0.02469277497066542,11203117.512,0.02031507016963111,4.4519612563193744,0,,5.803,,,,0,0,0,0,1,0,1,0,0,0,0,1,0,0,0
KOSPI,033530,에스제이지세종(주),2025,2026,mid_sized,manufacturing,2002,,,1326283585.0,,,,,,250897143.0,,,,,,,,,,46589771.0,,,1,0.5288855498411754,5.803,,0.1514823227642658,,0,0,0,0,1,0,1,0,0,0,0,1,0,0,0
KOSPI,033780,(주)케이티앤지,2025,2026,large,manufacturing,1999,,,14189127000.0,,,,,,3144395000.0,,,,,,,,,,260358000.0,,,1,1.795648863522072,5.803,,0.018950485366963594,,0,0,0,0,1,1,0,0,0,0,0,1,0,0,0
KOSPI,033920,(주)무학,2025,2026,mid_sized,manufacturing,2010,,,719917915.0,,,,,,64331342.0,,,,,,,,,,15906295.0,,,1,0.4390682274627444,5.803,,,,0,0,0,0,1,0,1,0,0,0,0,1,0,0,0
KOSPI,034020,두산에너빌리티(주),2025,2026,large,manufacturing,2000,,,27513223000.0,,,,,,2743310000.0,,,,,,,,,,394115000.0,,,1,4.016385063812673,5.803,,0.04554039575015386,,0,0,0,0,1,1,0,0,0,0,0,1,0,0,0
KOSPI,034120,(주)에스비에스,2025,2026,mid_sized,it_services,2003,,,2044005090.0,,,,,,171126598.0,,,,,,,,,,37916808.0,,,0,0.2672230775693224,5.803,,0.35152752467354476,,0,0,0,0,1,0,1,0,0,0,1,0,0,0,0
KOSPI,034220,엘지디스플레이(주),2025,2026,large,manufacturing,2004,,,26916700000.0,,,,,,3376459000.0,,,,,,,,,,4354145000.0,,,1,0.7532619879636261,5.803,,-0.18085649700912057,,0,0,0,0,1,1,0,0,0,0,0,1,0,0,0
KOSPI,034230,(주)파라다이스,2025,2026,mid_sized,it_services,2024,,,4080365473.0,,,,,,267758005.0,,,,,,,,,,71437768.0,,,1,0.6911531938653867,5.803,,0.03726632526410558,,0,0,0,0,1,0,1,0,0,0,1,0,0,0,0
KOSPI,034310,(주)나이스홀딩스,2025,2026,mid_sized,it_services,2004,,,3680345644.0,,,,,,3242560196.0,,,,,,,,,,167406397.0,,,1,0.3399647538830761,5.803,,,,0,0,0,0,1,0,1,0,0,0,1,0,0,0,0
KOSPI,034590,인천도시가스(주),2025,2026,mid_sized,other,2006,1.9587783678465922,0.32887850978870425,448496897.355,0.5308977906964901,0.8836017356336895,,-9.885458333885746,0.019903913861743158,86847967.275,29.133729723539748,0.05399038426308981,0.042695885532164475,0.10169638150548581,0.18580068448731854,,0.04059293803435947,59.47368514900547,-0.04442263431363265,16354183.084,0.002363533547838449,4.577167691829784,0,,5.803,,,,0,0,0,0,1,0,1,0,0,0,0,0,1,0,0
KOSPI,034730,에스케이(주),2025,2026,large,it_services,2009,,,213519668000.0,,,,,,9587910000.0,,,,,,,,,,6632112000.0,,,1,0.2187170610307331,5.803,,-0.006782497132238157,,0,0,0,0,1,1,0,0,0,0,1,0,0,0,0
KOSPI,035000,(주)에이치에스애드,2025,2026,large,it_services,1999,,,507952000.0,,,,,,235040155.0,,,,,,,,,,10919344.0,,,1,0.6695986737265149,5.803,,-0.07269566880918489,,0,0,0,0,1,1,0,0,0,0,1,0,0,0,0
KOSPI,035150,(주)백산,2025,2026,mid_sized,manufacturing,1999,,,446657455.0,,,,,,110027142.0,,,,,,,,,,8187945.0,,,1,1.0302493691536276,5.803,,0.26919999512276166,,0,0,0,0,1,0,1,0,0,0,0,1,0,0,0
KOSPI,035250,(주)강원랜드,2025,2026,mid_sized,it_services,2003,,,4845197185.0,,,,,,382689416.0,,,,,,,,,,83696080.0,,,1,1.0226140025331438,5.803,,,,0,0,0,0,1,0,1,0,0,0,1,0,0,0,0
KOSPI,035420,네이버(주),2025,2026,large,it_services,2008,,,41084496327.0,,,,,,12035007219.0,,,,,,,,,,680038992.0,,,1,1.3137411375517547,5.803,,0.07641557754612908,,0,0,0,0,1,1,0,0,0,0,1,0,0,0,0
KOSPI,035510,(주)신세계아이앤씨,2025,2026,large,it_services,2006,,,576387358.0,,,,,,106752234.0,,,,,,,,,,21245784.0,,,1,0.523460880065799,5.803,,,,0,0,0,0,1,1,0,0,0,0,1,0,0,0,0
KOSPI,035720,(주)카카오,2025,2026,large,it_services,2017,,,27783524546.0,,,,,,8099147815.0,,,,,,,,,,582694743.0,,,1,1.7467388466129534,5.803,,0.2194014557440081,,0,0,0,0,1,1,0,0,0,0,1,0,0,0,0
KOSPI,036420,(주)콘텐트리중앙,2025,2026,mid_sized,it_services,2019,,,2490910514.0,,,,,,275427526.0,,,,,,,,,,78367387.0,,,1,0.3134124508304457,5.803,,-0.09705926999225206,,0,0,0,0,1,0,1,0,0,0,1,0,0,0,0
KOSPI,036460,한국가스공사(주),2025,2026,mid_sized,other,1999,,,53627847000.0,,,,,,2560297000.0,,,,,,,,,,1803124000.0,,,1,0.3359501894864535,5.803,,-0.07008523393341283,,0,0,0,0,1,0,1,0,0,0,0,0,1,0,0
KOSPI,036530,(주)에스앤티홀딩스,2025,2026,mid_sized,it_services,2002,,,3262277587.0,,,,,,458436379.0,,,,,,,,,,42242355.0,,,1,0.3692404495464109,5.803,,,,0,0,0,0,1,0,1,0,0,0,1,0,0,0,0
KOSPI,036570,(주)엔씨소프트,2025,2026,mid_sized,it_services,2003,,,4333140470.0,,,,,,1506925066.0,,,,,,,,,,90910795.0,,,1,1.28800163932989,5.803,,,,0,0,0,0,1,0,1,0,0,0,1,0,0,0,0
KOSPI,036580,(주)팜스코,2025,2026,large,manufacturing,1999,,,1073411058.0,,,,,,235061377.0,,,,,,,,,,27247103.0,,,1,0.393830743985778,5.803,,,,0,0,0,0,1,1,0,0,0,0,0,1,0,0,0
KOSPI,037270,(주)와이지플러스,2025,2026,mid_sized,it_services,2003,,,272554220.0,,,,,,56456783.0,,,,,,,,,,4195056.0,,,0,2.389434385478877,5.803,,,,0,0,0,0,1,0,1,0,0,0,1,0,0,0,0
KOSPI,037560,(주)엘지헬로비전,2025,2026,large,it_services,2012,,,1265815637.0,,,,,,1019017603.0,,,,,,,,,,88416417.0,,,0,0.4012144296449471,5.803,,0.01793141641931157,,0,0,0,0,1,1,0,0,0,0,1,0,0,0,0
KOSPI,037710,(주)광주신세계,2025,2026,large,wholesale_retail,2002,0.40181956023846654,0.29761815167670874,1262824178.148,0.6851574503292387,0.45951853770176476,,-107.73604804133117,0.2413896301196517,168176312.163,12.036254445011549,0.04562211077197789,0.04155147132988325,0.0665863164007851,0.1700885799335253,,0.3671106375432587,15.512204783576198,-0.018339160841823698,24987987.492,0.005762490059124566,0.46331694736980433,0,,5.803,,0.028288006734370888,-0.010145638877761987,0,0,0,0,1,1,0,0,0,0,0,0,0,0,1
KOSPI,039130,(주)하나투어,2025,2026,mid_sized,it_services,2011,,,657531605.0,,,,,,586902971.0,,,,,,,,,,20607828.0,,,1,4.518431124297107,5.803,,0.020067172949581793,,0,0,0,0,1,0,1,0,0,0,1,0,0,0,0
KOSPI,039570,에이치디씨랩스(주),2025,2026,large,construction,2015,,,441412758.0,,,,,,57969272.0,,,,,,,,,,3666023.0,,,1,0.8209405642622647,5.803,,,,0,0,0,0,1,1,0,0,0,1,0,0,0,0,0
KOSPI,041650,상신브레이크(주),2025,2026,mid_sized,manufacturing,2004,,,557807152.0,,,,,,96557791.0,,,,,,,,,,21886035.0,,,1,0.2650276740207562,5.803,,,,0,0,0,0,1,0,1,0,0,0,0,1,0,0,0
KOSPI,042660,한화오션(주),2025,2026,large,manufacturing,2001,,,20140914014.0,,,,,,1840297997.0,,,,,,,,,,207807000.0,,,0,5.637007631076051,5.803,,0.12873399576703756,,0,0,0,0,1,1,0,0,0,0,0,1,0,0,0
KOSPI,042700,한미반도체(주),2025,2026,mid_sized,manufacturing,2005,,,813331626.0,,,,,,332067565.0,,,,,,,,,,11306047.0,,,1,17.589874267217393,5.803,,,,0,0,0,0,1,0,1,0,0,0,0,1,0,0,0
KOSPI,044380,(주)주연테크,2025,2026,small_and_medium,manufacturing,2006,,,45597071.0,,,,,,4856620.0,,,,,,,,,,539612.0,,,0,0.7415149032384104,5.803,,-0.006892975738405079,,0,0,0,0,1,0,0,0,1,0,0,1,0,0,0
KOSPI,044450,(주)케이에스에스해운,2025,2026,mid_sized,transport_storage,2007,,,1934139255.0,,,,,,127798382.0,,,,,,,,,,116142094.0,,,1,0.3808596934273064,5.803,,,,0,0,0,0,1,0,1,0,0,0,0,0,0,1,0
KOSPI,044820,코스맥스비티아이(주),2025,2026,mid_sized,it_services,2006,,,1006338658.0,,,,,,135510034.0,,,,,,,,,,25598650.0,,,1,0.4407534910461625,5.803,,,,0,0,0,0,1,0,1,0,0,0,1,0,0,0,0
KOSPI,047040,(주)대우건설,2025,2026,large,construction,2001,,,13358502675.0,,,,,,238444390.0,,,,,,,,,,106271000.0,,,1,0.4569377515266578,5.803,,0.05530266829020755,,0,0,0,0,1,1,0,0,0,1,0,0,0,0,0
KOSPI,047050,(주)포스코인터내셔널,2025,2026,large,wholesale_retail,2001,,,18753010588.0,,,,,,1935738880.0,,,,,,,,,,298136000.0,,,1,1.116876412608342,5.803,,0.08171769608911446,,0,0,0,0,1,1,0,0,0,0,0,0,0,0,1
KOSPI,047400,유니온머티리얼(주),2025,2026,mid_sized,manufacturing,2009,,,136395574.0,,,,,,16722215.0,,,,,,,,,,2435076.0,,,0,2.858954232734425,5.803,,-0.2709576608445598,,0,0,0,0,1,0,1,0,0,0,0,1,0,0,0
KOSPI,047810,한국항공우주산업(주),2025,2026,mid_sized,manufacturing,2011,,,10370256890.0,,,,,,608054772.0,,,,,,,,,,93485075.0,,,1,5.877234397217983,5.803,,0.29215715650561036,,0,0,0,0,1,0,1,0,0,0,0,1,0,0,0
KOSPI,049800,(주)우진플라임,2025,2026,mid_sized,manufacturing,2006,,,314383013.0,,,,,,61379409.0,,,,,,,,,,11289157.0,,,1,0.3477886686008815,5.803,,,,0,0,0,0,1,0,1,0,0,0,0,1,0,0,0
KOSPI,051600,한전케이피에스(주),2025,2026,mid_sized,construction,2007,,,1703560488.0,,,,,,237771771.0,,,,,,,,,,62756906.0,,,1,1.653408302327002,5.803,,0.007895846081367792,,0,0,0,0,1,0,1,0,0,1,0,0,0,0,0
KOSPI,051630,진양화학(주),2025,2026,small_and_medium,manufacturing,2001,0.6750428138284622,0.5921663249405694,82250041.817,0.48289198143350776,1.0708565030038626,,-2.7469703458490566,0.04829222684317766,1633704.763,-0.36746908118094856,0.009591274467132834,-0.009036857119826698,0.019862153102356936,-0.02454405413386163,,-0.056233479800789105,-0.5160965549231235,0.023591509258040818,0.0,0.008251266576982195,0.43646692719018276,0,,5.803,,,,0,1,0,0,1,0,0,0,1,0,0,1,0,0,0
KOSPI,051900,(주)엘지생활건강,2025,2026,large,manufacturing,2001,,,6869383558.0,,,,,,3144595006.0,,,,,,,,,,201397275.0,,,1,0.8075788113257383,5.803,,0.30203700623280433,,0,0,0,0,1,1,0,0,0,0,0,1,0,0,0
KOSPI,051910,(주)엘지화학,2025,2026,large,manufacturing,2001,,,101061661000.0,,,,,,7809460000.0,,,,,,,,,,4694488000.0,,,1,0.5533875177327849,5.803,,0.07675336430885706,,0,0,0,0,1,1,0,0,0,0,0,1,0,0,0
KOSPI,052690,한국전력기술(주),2025,2026,mid_sized,it_services,2009,,,885545457.0,,,,,,112681578.0,,,,,,,,,,15874302.0,,,1,5.503977804827882,5.803,,-0.06474270243755981,,0,0,0,0,1,0,1,0,0,0,1,0,0,0,0
KOSPI,053210,(주)케이티스카이라이프,2025,2026,large,it_services,2011,,,976329059.0,,,,,,984216357.0,,,,,,,,,,56022346.0,,,1,0.4243957569717467,5.803,,-0.06143931830487689,,0,0,0,0,1,1,0,0,0,0,1,0,0,0,0
KOSPI,053690,(주)한미글로벌건축사사무소,2025,2026,mid_sized,it_services,2009,,,446633468.0,,,,,,142438330.0,,,,,,,,,,7576866.0,,,1,0.8005203657409045,5.803,,0.5657376726827796,,0,0,0,0,1,0,1,0,0,0,1,0,0,0,0
KOSPI,055490,(주)테이팩스,2025,2026,mid_sized,manufacturing,2017,,,201027024.0,,,,,,18997009.0,,,,,,,,,,6677312.0,,,1,0.4285448644718604,5.803,,0.11179069076457092,,0,0,0,0,1,0,1,0,0,0,0,1,0,0,0
KOSPI,057050,(주)현대홈쇼핑,2025,2026,large,wholesale_retail,2010,,,4972561213.0,,,,,,1771036273.0,,,,,,,,,,105151539.0,,,1,0.1758207444215154,5.803,,,,0,0,0,0,1,1,0,0,0,0,0,0,0,0,1
KOSPI,058430,포스코스틸리온(주),2025,2026,large,manufacturing,2002,,,507324693.0,,,,,,68945258.0,,,,,,,,,,13221553.0,,,1,0.6165650980235874,5.803,,,,0,0,0,0,1,1,0,0,0,0,0,1,0,0,0
KOSPI,058650,(주)세아홀딩스,2025,2026,large,manufacturing,2001,,,6190781951.0,,,,,,453013743.0,,,,,,,,,,147846148.0,,,1,0.1864827273133835,5.803,,0.013961408129433086,,0,0,0,0,1,1,0,0,0,0,0,1,0,0,0
KOSPI,058730,다스코(주),2025,2026,mid_sized,manufacturing,2004,,,327475123.0,,,,,,33891096.0,,,,,,,,,,6283958.0,,,1,0.4533803012886053,5.803,,0.02324898947423632,,0,0,0,0,1,0,1,0,0,0,0,1,0,0,0
KOSPI,058850,(주)케이티씨에스,2025,2026,large,it_services,2010,,,471143023.0,,,,,,1042716672.0,,,,,,,,,,24212549.0,,,1,0.5399679095882559,5.803,,,,0,0,0,0,1,1,0,0,0,0,1,0,0,0,0
KOSPI,058860,(주)케이티아이에스,2025,2026,large,it_services,2010,1.688285912714065,0.33892752714269453,449824425.159,0.5301761790474183,0.8861654663488026,,-12.705315497557612,0.061767444891953474,0.0,4.960847635440668,0.05342133031239024,0.05499977391457797,0.10076146840164296,0.17133437728295448,,0.06150130150152134,7.26063370392392,0.00034834607512611597,0.0,,2.7858658776305116,0,,5.803,,,,0,0,0,0,1,1,0,0,0,0,1,0,0,0,0
KOSPI,060980,에이치엘홀딩스(주),2025,2026,mid_sized,it_services,2010,,,2331807300.0,,,,,,239736406.0,,,,,,,,,,35262981.0,,,1,0.3840948998055141,5.803,,-0.01643207885233686,,0,0,0,0,1,0,1,0,0,0,1,0,0,0,0
KOSPI,062040,산일전기(주),2025,2026,small_and_medium,manufacturing,2024,,,681958857.0,,,,,,234032088.0,,,,,,,,,,4214930.0,,,1,6.765361788081135,5.803,,,,0,0,0,0,1,0,0,0,1,0,0,1,0,0,0
KOSPI,063160,(주)종근당바이오,2025,2026,mid_sized,manufacturing,2001,0.8960538726785177,0.009382837449332713,299866941.097,0.4236399110927901,1.3604952550869776,,-8.262594547027486,-0.01804418996599336,28780115.893,0.42848494067359183,-0.009893126428499387,0.012022450807052526,-0.023352677992448383,-0.02397132005089536,,-0.02588223744472736,-0.4924117463576214,0.0041840023792224295,0.0,0.018624680801987457,0.9261687712311253,0,,5.803,,,,0,1,0,0,1,0,1,0,0,0,0,1,0,0,0
KOSPI,064350,현대로템(주),2025,2026,large,manufacturing,2013,,,9318033774.0,,,,,,1392016013.0,,,,,,,,,,39605209.0,,,1,6.7432625848957475,5.803,,0.7629778346508136,,0,0,0,0,1,1,0,0,0,0,0,1,0,0,0
KOSPI,064400,(주)엘지씨엔에스,2025,2026,other,it_services,2025,,,5285275191.0,,,,,,952325333.0,,,,,,,,,,119040789.0,,,1,2.0224105486481565,5.803,,,,0,0,0,0,1,0,0,1,0,0,1,0,0,0,0
KOSPI,064960,에스앤티모티브(주),2025,2026,mid_sized,manufacturing,2002,,,1279363819.0,,,,,,189471840.0,,,,,,,,,,27870853.0,,,1,0.8982227919668411,5.803,,,,0,0,0,0,1,0,1,0,0,0,0,1,0,0,0
KOSPI,066570,엘지전자(주),2025,2026,large,manufacturing,2002,,,68620167000.0,,,,,,20841658000.0,,,,,,,,,,3040140000.0,,,1,0.5795964254759514,5.803,,0.04556752595235664,,0,0,0,0,1,1,0,0,0,0,0,1,0,0,0
KOSPI,066970,(주)엘앤에프,2025,2026,mid_sized,manufacturing,2024,,,3134104265.0,,,,,,-71225750.0,,,,,,,,,,82023190.0,,,0,5.6598838541885925,5.803,,0.1193903078992341,,0,0,0,0,1,0,1,0,0,0,0,1,0,0,0
KOSPI,067830,(주)세이브존아이앤씨,2025,2026,mid_sized,wholesale_retail,2002,2.3523724017919347,0.3797850464226298,588285163.793,0.8365091508735676,0.1954441848671934,,-10.99062356793145,0.06565395160069044,63534468.7,3.5221667832252406,0.02137383730524332,0.007795392281240066,0.025551229514850612,0.12930783572684085,,0.105305477155187,9.551910280829981,-0.007960259632941846,0.0,0.002821116460424576,1.22793077074502,0,,5.803,,,,0,0,0,0,1,0,1,0,0,0,0,0,0,0,1
KOSPI,068270,(주)셀트리온,2025,2026,large,manufacturing,2018,,,22334900190.0,,,,,,2467027377.0,,,,,,,,,,92775872.0,,,1,2.4090974529389455,5.803,,,,0,0,0,0,1,1,0,0,0,0,0,1,0,0,0
KOSPI,068290,(주)삼성출판사,2025,2026,small_and_medium,it_services,2002,4.631533200473119,0.6988753215638995,194780126.153,0.8421994984547011,0.1873671283761593,,-31.808744911,0.10049911700765272,21043660.819,-6.320692882983703,0.030963656457756686,-0.00408378518235059,0.03676522785227247,0.061181360023691345,,0.04667244297653605,14.942707864303122,0.011134340996865593,0.0,0.002171634115627074,1.3108668867933366,0,,5.803,,,,0,1,0,0,1,0,0,0,1,0,1,0,0,0,0
KOSPI,069260,티케이지휴켐스(주),2025,2026,mid_sized,manufacturing,2002,,,1168210236.0,,,,,,122081140.0,,,,,,,,,,51485682.0,,,1,0.8523907783746729,5.803,,-1.4265208227729384e-05,,0,0,0,0,1,0,1,0,0,0,0,1,0,0,0
KOSPI,069460,(주)대호에이엘,2025,2026,mid_sized,manufacturing,2002,,,169573526.0,,,,,,14628774.0,,,,,,,,,,4347868.0,,,0,1.44423400326748,5.803,,0.12925394867384563,,0,0,0,0,1,0,1,0,0,0,0,1,0,0,0
KOSPI,069620,(주)대웅제약,2025,2026,mid_sized,manufacturing,2002,,,2362799296.0,,,,,,822531786.0,,,,,,,,,,37791082.0,,,1,1.7594471805072769,5.803,,0.19515763882812096,,0,0,0,0,1,0,1,0,0,0,0,1,0,0,0
KOSPI,069640,한세엠케이(주),2025,2026,mid_sized,wholesale_retail,2011,,,282266531.0,,,,,,139771725.0,,,,,,,,,,6261476.0,,,0,1.4870793222599192,5.803,,,,0,0,0,0,1,0,1,0,0,0,0,0,0,0,1
KOSPI,069730,디에스알제강(주),2025,2026,mid_sized,manufacturing,2003,,,258456518.0,,,,,,46531359.0,,,,,,,,,,4842489.0,,,1,0.2941933491936833,5.803,,,,0,0,0,0,1,0,1,0,0,0,0,1,0,0,0
KOSPI,069960,(주)현대백화점,2025,2026,large,wholesale_retail,2002,,,11249807365.0,,,,,,2549882069.0,,,,,,,,,,368494562.0,,,1,0.3176983413831452,5.803,,0.002860268059098575,,0,0,0,0,1,1,0,0,0,0,0,0,0,0,1
KOSPI,070960,모나용평(주),2025,2026,mid_sized,it_services,2016,,,1027782181.0,,,,,,48062674.0,,,,,,,,,,20283788.0,,,0,0.438657360161014,5.803,,0.022741911471081597,,0,0,0,0,1,0,1,0,0,0,1,0,0,0,0
KOSPI,071090,(주)하이스틸,2025,2026,mid_sized,manufacturing,2003,,,261285239.0,,,,,,21383038.0,,,,,,,,,,6008748.0,,,1,0.4867859401953656,5.803,,,,0,0,0,0,1,0,1,0,0,0,0,1,0,0,0
KOSPI,071320,한국지역난방공사,2025,2026,mid_sized,other,2010,,,8228997000.0,,,,,,637607000.0,,,,,,,,,,358644000.0,,,1,0.485001808278034,5.803,,-0.015933626925375574,,0,0,0,0,1,0,1,0,0,0,0,0,1,0,0
KOSPI,071840,롯데하이마트(주),2025,2026,large,wholesale_retail,2011,0.9631431715596238,0.13025471348183848,1790866620.415,0.5265245434791187,0.8992466968249863,,-6.988366087708966,-0.0010619879397016246,680732577.963,0.24816759010000747,-0.0028996433731042727,0.0053825618357699005,-0.005507138098338751,0.18462476138722267,,0.06806200203472403,4.030356419300938,-0.08877925522234405,0.0,0.009110918748498963,2.7125966893102906,0,,5.803,,-0.05174382347665033,0.12851523213011357,0,1,0,0,1,1,0,0,0,0,0,0,0,0,1
KOSPI,071950,(주)코아스,2025,2026,small_and_medium,manufacturing,2005,,,81414004.0,,,,,,13564510.0,,,,,,,,,,2592781.0,,,0,1.2147310953006418,5.803,,,,0,0,0,0,1,0,0,0,1,0,0,1,0,0,0
KOSPI,071970,에이치디현대마린엔진(주),2025,2026,large,manufacturing,2009,,,814697176.0,,,,,,102637205.0,,,,,,,,,,3577880.0,,,0,6.209650187076224,5.803,,0.7944322005219276,,0,0,0,0,1,1,0,0,0,0,0,1,0,0,0
KOSPI,072130,유엔젤(주),2025,2026,small_and_medium,it_services,2003,,,77650241.0,,,,,,24483302.0,,,,,,,,,,1214540.0,,,1,0.928005338399582,5.803,,,,0,0,0,0,1,0,0,0,1,0,1,0,0,0,0
KOSPI,072710,(주)농심홀딩스,2025,2026,mid_sized,it_services,2003,,,1836705339.0,,,,,,158580612.0,,,,,,,,,,16563353.0,,,1,0.3177416182482396,5.803,,0.13975226606147154,,0,0,0,0,1,0,1,0,0,0,1,0,0,0,0
KOSPI,073240,금호타이어(주),2025,2026,mid_sized,manufacturing,2005,,,5539548526.0,,,,,,1453028472.0,,,,,,,,,,304061000.0,,,0,0.7519273596138427,5.803,,0.03295117049951565,,0,0,0,0,1,0,1,0,0,0,0,1,0,0,0
KOSPI,074610,(주)이엔플러스,2025,2026,small_and_medium,manufacturing,2003,,,42618128.0,,,,,,7182367.0,,,,,,,,,,1399093.0,,,0,2.6437622931885816,5.803,,,,0,0,0,0,1,0,0,0,1,0,0,1,0,0,0
KOSPI,075180,새론오토모티브(주),2025,2026,mid_sized,manufacturing,2005,,,275102706.0,,,,,,9896350.0,,,,,,,,,,7836798.0,,,1,0.264155167645695,5.803,,,,0,0,0,0,1,0,1,0,0,0,0,1,0,0,0
KOSPI,075580,(주)세진중공업,2025,2026,mid_sized,manufacturing,2015,,,637763654.0,,,,,,97961198.0,,,,,,,,,,11911305.0,,,1,3.302838277404789,5.803,,,,0,0,0,0,1,0,1,0,0,0,0,1,0,0,0
KOSPI,077500,유니퀘스트(주),2025,2026,mid_sized,wholesale_retail,2004,,,515057909.0,,,,,,70497911.0,,,,,,,,,,1538147.0,,,1,0.5821992465333489,5.803,,,,0,0,0,0,1,0,1,0,0,0,0,0,0,0,1
KOSPI,077970,STX엔진(주),2025,2026,mid_sized,manufacturing,2004,,,1157535043.0,,,,,,131935315.0,,,,,,,,,,12342634.0,,,1,3.980031570707423,5.803,,,,0,0,0,0,1,0,1,0,0,0,0,1,0,0,0
KOSPI,078000,텔코웨어(주),2025,2026,small_and_medium,it_services,2004,,,142171315.0,,,,,,18935187.0,,,,,,,,,,1065583.0,,,1,1.2598953584831711,5.803,,,,0,0,0,0,1,0,0,0,1,0,1,0,0,0,0
KOSPI,078520,(주)에이블씨엔씨,2025,2026,mid_sized,manufacturing,2011,,,163761224.0,,,,,,134977163.0,,,,,,,,,,5158324.0,,,1,3.1455018462054953,5.803,,,,0,0,0,0,1,0,1,0,0,0,0,1,0,0,0
KOSPI,078930,(주)지에스,2025,2026,large,it_services,2004,,,35707911000.0,,,,,,6047340000.0,,,,,,,,,,0.0,,,1,0.2777737306279835,5.803,,0.018381361669510755,,0,0,0,0,1,1,0,0,0,0,1,0,0,0,0
KOSPI,079160,씨제이씨지브이(주),2025,2026,large,it_services,2004,,,4122622001.0,,,,,,2275369360.0,,,,,,,,,,259953382.0,,,0,1.514914672789011,5.803,,0.03142537806998072,,0,0,0,0,1,1,0,0,0,0,1,0,0,0,0
KOSPI,079430,(주)현대리바트,2025,2026,large,manufacturing,2005,,,773256191.0,,,,,,268090757.0,,,,,,,,,,30076483.0,,,1,0.3384302304585218,5.803,,,,0,0,0,0,1,1,0,0,0,0,0,1,0,0,0
KOSPI,079550,엘아이지넥스원(주),2025,2026,mid_sized,manufacturing,2015,,,8064772884.0,,,,,,662773186.0,,,,,,,,,,88761596.0,,,1,6.27461073710888,5.803,,1.1135436585386527,,0,0,0,0,1,0,1,0,0,0,0,1,0,0,0
KOSPI,079900,전진건설로봇(주),2025,2026,mid_sized,manufacturing,2024,,,230189469.0,,,,,,54912476.0,,,,,,,,,,2984045.0,,,1,4.468502067876129,5.803,,,,0,0,0,0,1,0,1,0,0,0,0,1,0,0,0
KOSPI,079980,(주)휴비스,2025,2026,mid_sized,manufacturing,2012,,,751232064.0,,,,,,74546185.0,,,,,,,,,,21087156.0,,,0,0.3715321997598139,5.803,,-0.01848222947576273,,0,0,0,0,1,0,1,0,0,0,0,1,0,0,0
KOSPI,081000,일진다이아몬드(주),2025,2026,mid_sized,manufacturing,2004,,,611980241.0,,,,,,32497695.0,,,,,,,,,,11043598.0,,,1,0.3162469344584374,5.803,,,,0,0,0,0,1,0,1,0,0,0,0,1,0,0,0
KOSPI,081660,(주)미스토홀딩스,2025,2026,mid_sized,wholesale_retail,2010,,,5519193378.0,,,,,,2381705821.0,,,,,,,,,,133400728.0,,,1,0.8738076847616664,5.803,,0.1446330832252709,,0,0,0,0,1,0,1,0,0,0,0,0,0,0,1
KOSPI,082740,한화엔진(주),2025,2026,large,manufacturing,2011,,,1695690259.0,,,,,,185465253.0,,,,,,,,,,17388356.0,,,0,6.444948855508576,5.803,,0.19997729387387503,,0,0,0,0,1,1,0,0,0,0,0,1,0,0,0
KOSPI,083420,그린케미칼(주),2025,2026,mid_sized,manufacturing,2005,1.299068200052439,0.12649136710992268,205355110.485,0.6246138447690066,0.6009891685475173,,-9.68897042525,0.03174451125954776,24529290.175,2.5485694367295526,0.055346430815171724,0.04942364350723745,0.08860903625285448,0.21618594298589233,,0.05480952845458316,4.184729734606707,-0.03415099957550004,0.0,,3.944313134622761,0,,5.803,,,,0,0,0,0,1,0,1,0,0,0,0,1,0,0,0
KOSPI,084010,대한제강(주),2025,2026,mid_sized,manufacturing,2005,,,1249954073.0,,,,,,70242766.0,,,,,,,,,,25197077.0,,,1,0.474629622636066,5.803,,0.014212883694918745,,0,0,0,0,1,0,1,0,0,0,0,1,0,0,0
KOSPI,084670,(주)동양고속,2025,2026,mid_sized,transport_storage,2005,,,157194507.0,,,,,,14571743.0,,,,,,,,,,4414346.0,,,0,3.862153896142481,5.803,,,,0,0,0,0,1,0,1,0,0,0,0,0,0,1,0
KOSPI,084680,(주)이월드,2025,2026,large,manufacturing,2005,0.2171843913263166,0.014632066037806136,405276070.976,0.530120541330265,0.8863634249875262,,-0.5150619700650169,-0.2100444740995441,22619283.725,-0.3850229688297115,-0.0596286122316634,-0.007839347483182999,-0.11248123319657366,0.03146533538152783,,0.06753230267579935,0.7261486731434654,-0.06077016213340285,0.0,0.2686990971062014,0.46593014209189165,0,,5.803,,,,0,1,0,0,1,1,0,0,0,0,0,1,0,0,0
KOSPI,084690,대상홀딩스(주),2025,2026,mid_sized,it_services,2005,,,4391788005.0,,,,,,1473861895.0,,,,,,,,,,190028042.0,,,1,0.2785725593528212,5.803,,-0.006057688691973417,,0,0,0,0,1,0,1,0,0,0,1,0,0,0,0
KOSPI,084870,(주)티비에이치글로벌,2025,2026,mid_sized,manufacturing,2005,,,104296475.0,,,,,,101295623.0,,,,,,,,,,6183501.0,,,1,0.4065515909345366,5.803,,,,0,0,0,0,1,0,1,0,0,0,0,1,0,0,0
KOSPI,085310,(주)엔케이,2025,2026,small_and_medium,manufacturing,2008,,,230547230.0,,,,,,16915228.0,,,,,,,,,,3607450.0,,,1,0.5537067599352957,5.803,,,,0,0,0,0,1,0,0,0,1,0,0,1,0,0,0
KOSPI,086280,현대글로비스(주),2025,2026,large,transport_storage,2005,,,18587219950.0,,,,,,2769644159.0,,,,,,,,,,754535530.0,,,1,1.303851424505874,5.803,,0.10315505420096575,,0,0,0,0,1,1,0,0,0,0,0,0,0,1,0
KOSPI,088790,(주)진도,2025,2026,small_and_medium,wholesale_retail,2006,2.8194446442483168,0.06084070933249536,140105635.533,0.7961731379301034,0.25600821273599755,,-16.8997817949696,0.08626011979194914,24274646.504,3.5125354068784724,0.03585261948879182,0.02843083736672236,0.045031184526021215,0.26551784038170095,,0.15926857123885862,6.686305028915536,-0.024808367020906337,0.0,0.0003061262584965602,1.6671075675281721,0,,5.803,,,,0,0,0,0,1,0,0,0,1,0,0,0,0,0,1
KOSPI,089470,에이치디씨현대이피(주),2025,2026,large,manufacturing,2006,,,661226988.0,,,,,,120878604.0,,,,,,,,,,12189927.0,,,1,0.3872266307839843,5.803,,0.0959619945572857,,0,0,0,0,1,1,0,0,0,0,0,1,0,0,0
KOSPI,089590,(주)제주항공,2025,2026,mid_sized,transport_storage,2015,,,2350990418.0,,,,,,71004269.0,,,,,,,,,,139424808.0,,,1,1.585546673567945,5.803,,,,0,0,0,0,1,0,1,0,0,0,0,0,0,1,0
KOSPI,089860,롯데렌탈(주),2025,2026,large,it_services,2021,,,7348326628.0,,,,,,2918751542.0,,,,,,,,,,1055930422.0,,,1,0.7351302739209576,5.803,,0.0487695927550401,,0,0,0,0,1,1,0,0,0,0,1,0,0,0,0
KOSPI,090080,평화산업(주),2025,2026,mid_sized,manufacturing,2006,,,256001258.0,,,,,,44098835.0,,,,,,,,,,10306970.0,,,0,0.8315787376611108,5.803,,,,0,0,0,0,1,0,1,0,0,0,0,1,0,0,0
KOSPI,090350,(주)노루페인트,2025,2026,mid_sized,manufacturing,2006,,,691934048.0,,,,,,157895597.0,,,,,,,,,,13556775.0,,,1,0.4181396312586263,5.803,,0.03791280404738055,,0,0,0,0,1,0,1,0,0,0,0,1,0,0,0
KOSPI,090370,(주)메타랩스,2025,2026,small_and_medium,manufacturing,2006,,,249950206.0,,,,,,9890634.0,,,,,,,,,,2281422.0,,,0,0.2888784010048922,5.803,,,,0,0,0,0,1,0,0,0,1,0,0,1,0,0,0
KOSPI,090430,(주)아모레퍼시픽,2025,2026,mid_sized,manufacturing,2006,,,6961213309.0,,,,,,3076071096.0,,,,,,,,,,268074000.0,,,1,1.4993383655968906,5.803,,,,0,0,0,0,1,0,1,0,0,0,0,1,0,0,0
KOSPI,090460,(주)비에이치,2025,2026,mid_sized,manufacturing,2023,,,1370500772.0,,,,,,147533734.0,,,,,,,,,,54598317.0,,,1,0.6863198180918106,5.803,,,,0,0,0,0,1,0,1,0,0,0,0,1,0,0,0
KOSPI,091810,(주)티웨이항공,2025,2026,mid_sized,transport_storage,2018,,,1872310062.0,,,,,,-73060908.0,,,,,,,,,,174602640.0,,,1,9.36367122615067,5.803,,1.6527898416788307,,0,0,0,0,1,0,1,0,0,0,0,0,0,1,0
KOSPI,092200,(주)디아이씨,2025,2026,mid_sized,manufacturing,2007,,,718346476.0,,,,,,70122061.0,,,,,,,,,,41632273.0,,,0,3.12600977570325,5.803,,0.00461495677665424,,0,0,0,0,1,0,1,0,0,0,0,1,0,0,0
KOSPI,092220,(주)케이이씨,2025,2026,mid_sized,manufacturing,2006,,,448923236.0,,,,,,17142225.0,,,,,,,,,,17137909.0,,,0,0.4288057123461505,5.803,,,,0,0,0,0,1,0,1,0,0,0,0,1,0,0,0
KOSPI,092230,케이피엑스홀딩스(주),2025,2026,mid_sized,manufacturing,2006,,,2176813168.0,,,,,,177880781.0,,,,,,,,,,44412581.0,,,1,0.1875716190837029,5.803,,,,0,0,0,0,1,0,1,0,0,0,0,1,0,0,0
KOSPI,092780,디와이피(주),2025,2026,mid_sized,manufacturing,2017,,,463394842.0,,,,,,50791214.0,,,,,,,,,,17887995.0,,,1,0.2969843485270046,5.803,,0.2381429215183793,,0,0,0,0,1,0,1,0,0,0,0,1,0,0,0
KOSPI,092790,넥스틸(주),2025,2026,mid_sized,manufacturing,2023,,,699321999.0,,,,,,158534943.0,,,,,,,,,,15582730.0,,,1,0.5104959844969429,5.803,,,,0,0,0,0,1,0,1,0,0,0,0,1,0,0,0
KOSPI,093050,(주)엘에프,2025,2026,mid_sized,manufacturing,2006,,,3026661179.0,,,,,,1092362684.0,,,,,,,,,,64407046.0,,,1,0.2887910696744437,5.803,,0.09835632400629007,,0,0,0,0,1,0,1,0,0,0,0,1,0,0,0
KOSPI,093370,(주)후성,2025,2026,mid_sized,manufacturing,2006,,,827498688.0,,,,,,87802400.0,,,,,,,,,,40651176.0,,,0,2.074283903224173,5.803,,-0.030324540567156073,,0,0,0,0,1,0,1,0,0,0,0,1,0,0,0
KOSPI,094280,효성아이티엑스(주),2025,2026,large,it_services,2007,,,195317934.0,,,,,,49610521.0,,,,,,,,,,27237055.0,,,1,2.1179138142064984,5.803,,0.1079680068187836,,0,0,0,0,1,1,0,0,0,0,1,0,0,0,0
KOSPI,095570,에이제이네트웍스(주),2025,2026,mid_sized,it_services,2015,,,1778787003.0,,,,,,1070114469.0,,,,,,,,,,163695900.0,,,1,0.4613185798121192,5.803,,0.03552079357770574,,0,0,0,0,1,0,1,0,0,0,1,0,0,0,0
KOSPI,095720,(주)웅진씽크빅,2025,2026,mid_sized,it_services,2007,,,734204961.0,,,,,,378787710.0,,,,,,,,,,43243997.0,,,1,0.5682596164118935,5.803,,,,0,0,0,0,1,0,1,0,0,0,1,0,0,0,0
KOSPI,096760,제이더블유홀딩스(주),2025,2026,mid_sized,it_services,2007,,,1231185787.0,,,,,,491468375.0,,,,,,,,,,36452098.0,,,1,0.446314138682723,5.803,,-0.015530739198525175,,0,0,0,0,1,0,1,0,0,0,1,0,0,0,0
KOSPI,096770,에스케이이노베이션(주),2025,2026,large,manufacturing,2007,,,105608481396.0,,,,,,4299838929.0,,,,,,,,,,2865311000.0,,,1,0.4735854491140102,5.803,,-0.04452738450554753,,0,0,0,0,1,1,0,0,0,0,0,1,0,0,0
KOSPI,097230,(주)에이치제이중공업,2025,2026,mid_sized,construction,2007,,,2453082000.0,,,,,,176927000.0,,,,,,,,,,28680000.0,,,0,2.83863658130074,5.803,,-0.620869501246004,,0,0,0,0,1,0,1,0,0,1,0,0,0,0,0
KOSPI,097520,(주)엠씨넥스,2025,2026,mid_sized,manufacturing,2021,,,556394118.0,,,,,,113808069.0,,,,,,,,,,46675939.0,,,1,1.3022264716145442,5.803,,,,0,0,0,0,1,0,1,0,0,0,0,1,0,0,0
KOSPI,097950,씨제이제일제당(주),2025,2026,large,manufacturing,2007,,,29744790534.0,,,,,,5908032721.0,,,,,,,,,,1470316947.0,,,1,0.2949802598839772,5.803,,-0.013439700399428229,,0,0,0,0,1,1,0,0,0,0,0,1,0,0,0
KOSPI,100090,에스케이오션플랜트(주),2025,2026,large,manufacturing,2023,,,1148241652.0,,,,,,91555734.0,,,,,,,,,,17495798.0,,,0,1.5532389542643636,5.803,,-0.19810300596917327,,0,0,0,0,1,1,0,0,0,0,0,1,0,0,0
KOSPI,100220,(주)비상교육,2025,2026,mid_sized,it_services,2008,,,399442194.0,,,,,,173436164.0,,,,,,,,,,6549071.0,,,0,0.3184778759962838,5.803,,,,0,0,0,0,1,0,1,0,0,0,1,0,0,0,0
KOSPI,100250,(주)진양홀딩스,2025,2026,mid_sized,manufacturing,2008,,,699432613.0,,,,,,34898026.0,,,,,,,,,,12571380.0,,,1,0.3957194126538784,5.803,,,,0,0,0,0,1,0,1,0,0,0,0,1,0,0,0
KOSPI,100840,에스앤티에너지(주),2025,2026,mid_sized,manufacturing,2008,,,589839323.0,,,,,,159804271.0,,,,,,,,,,4922093.0,,,1,2.07519956275748,5.803,,,,0,0,0,0,1,0,1,0,0,0,0,1,0,0,0
KOSPI,101140,(주)인바이오젠,2025,2026,small_and_medium,wholesale_retail,2008,2.858497256637518,0.4843658249331422,159993398.792,0.9853126553236426,0.014906278323942816,,-30.38724182071404,-0.22530090573142894,-347315.582,-55.23054594049625,-0.008867009343581344,-0.027081393730705915,-0.00899918345275777,-2.363536101650382,,-0.8820461296331732,-70.7968364825033,0.025847060036371806,250303.115,0.0,2.679606000463188,0,,5.803,,5.578462732223457,-0.4452310913930459,1,1,0,0,1,0,0,0,1,0,0,0,0,0,1
KOSPI,101530,해태제과식품(주),2025,2026,mid_sized,manufacturing,2016,,,710500327.0,,,,,,216392855.0,,,,,,,,,,30412497.0,,,1,0.6301365340078091,5.803,,0.015242374744872602,,0,0,0,0,1,0,1,0,0,0,0,1,0,0,0
KOSPI,102260,(주)동성케미컬,2025,2026,mid_sized,manufacturing,2008,,,1139025244.0,,,,,,226061529.0,,,,,,,,,,34616159.0,,,1,0.3325086180849829,5.803,,,,0,0,0,0,1,0,1,0,0,0,0,1,0,0,0
KOSPI,102460,이연제약(주),2025,2026,mid_sized,manufacturing,2010,,,465099644.0,,,,,,38231575.0,,,,,,,,,,31594192.0,,,0,0.9096254809001044,5.803,,,,0,0,0,0,1,0,1,0,0,0,0,1,0,0,0
KOSPI,103140,(주)풍산,2025,2026,mid_sized,manufacturing,2008,,,4329189510.0,,,,,,574767337.0,,,,,,,,,,89830634.0,,,0,1.2987009429012464,5.803,,0.056780720879481876,,0,0,0,0,1,0,1,0,0,0,0,1,0,0,0
KOSPI,103590,일진전기(주),2025,2026,mid_sized,manufacturing,2008,,,1525996520.0,,,,,,280426636.0,,,,,,,,,,16280151.0,,,0,4.406677821922326,5.803,,,,0,0,0,0,1,0,1,0,0,0,0,1,0,0,0
KOSPI,104700,한국철강(주),2025,2026,mid_sized,manufacturing,2008,9.273273812485682,0.6159409959875004,866783355.876,0.8893175385087521,0.12445775181364946,,-15.739319011248645,-0.01833712780891162,-6311467.69,-2757.5303187259515,-0.017240088875377264,-0.044646889249378034,-0.019385751577874224,0.253655430072611,,0.05000996276571997,1734.0118613367538,-0.038369529489163175,0.0,0.0007940276233205144,5.072097958978739,0,,5.803,,-0.10867336343737444,-0.09366572045787847,0,1,0,0,1,0,1,0,0,0,0,1,0,0,0
KOSPI,105630,한세실업(주),2025,2026,mid_sized,manufacturing,2009,,,1535658847.0,,,,,,261454147.0,,,,,,,,,,45348098.0,,,1,0.7240807989568511,5.803,,0.07801289410979127,,0,0,0,0,1,0,1,0,0,0,0,1,0,0,0
KOSPI,105840,(주)우진,2025,2026,mid_sized,manufacturing,2010,,,297980322.0,,,,,,46976136.0,,,,,,,,,,3004718.0,,,0,1.425838724137915,5.803,,0.24002907918731084,,0,0,0,0,1,0,1,0,0,0,0,1,0,0,0
KOSPI,107590,미원홀딩스(주),2025,2026,mid_sized,other,2009,,,527900401.0,,,,,,59171919.0,,,,,,,,,,9054657.0,,,1,0.479308381145033,5.803,,,,0,0,0,0,1,0,1,0,0,0,0,0,1,0,0
KOSPI,108320,(주)엘엑스세미콘,2025,2026,large,manufacturing,2022,,,1399843476.0,,,,,,523190391.0,,,,,,,,,,26479693.0,,,1,0.7101862852052573,5.803,,,,0,0,0,0,1,1,0,0,0,0,0,1,0,0,0
KOSPI,108670,(주)엘엑스하우시스,2025,2026,large,manufacturing,2009,,,2169997000.0,,,,,,743734000.0,,,,,,,,,,146567000.0,,,1,0.3452347416433413,5.803,,-0.07828239172882606,,0,0,0,0,1,1,0,0,0,0,0,1,0,0,0
KOSPI,109070,(주)주성코퍼레이션,2025,2026,small_and_medium,manufacturing,2009,,,41985605.0,,,,,,9889529.0,,,,,,,,,,725663.0,,,0,1.4452904350919815,5.803,,,,0,0,0,0,1,0,0,0,1,0,0,1,0,0,0
KOSPI,111110,호전실업(주),2025,2026,mid_sized,manufacturing,2017,,,416500645.0,,,,,,89192889.0,,,,,,,,,,9810379.0,,,1,0.3919085034695837,5.803,,,,0,0,0,0,1,0,1,0,0,0,0,1,0,0,0
KOSPI,111380,(주)동인기연,2025,2026,mid_sized,manufacturing,2023,,,301445840.0,,,,,,71699064.0,,,,,,,,,,7315545.0,,,1,0.5518159642618575,5.803,,,,0,0,0,0,1,0,1,0,0,0,0,1,0,0,0
KOSPI,111770,(주)영원무역,2025,2026,mid_sized,wholesale_retail,2009,,,5716939046.0,,,,,,1117470916.0,,,,,,,,,,106162570.0,,,1,0.8828883875143858,5.803,,0.6114855424677199,,0,0,0,0,1,0,1,0,0,0,0,0,0,0,1
KOSPI,112610,씨에스윈드(주),2025,2026,mid_sized,manufacturing,2014,,,3216594965.0,,,,,,468243034.0,,,,,,,,,,142808253.0,,,1,1.459906994141641,5.803,,3.372711277281227,,0,0,0,0,1,0,1,0,0,0,0,1,0,0,0
KOSPI,114090,그랜드코리아레저(주),2025,2026,mid_sized,it_services,2009,,,651270457.0,,,,,,84473241.0,,,,,,,,,,31936414.0,,,1,2.0975764881592873,5.803,,,,0,0,0,0,1,0,1,0,0,0,1,0,0,0,0
KOSPI,117580,대성에너지(주),2025,2026,mid_sized,other,2010,1.003194914393706,0.10253839510110445,791257168.433,0.4369239458615709,1.2887278426182356,0.09535810590560102,-11.571607426290909,0.024186003161416825,154951652.571,7.578514765447686,0.03825432787414051,0.03835487919951752,0.08755374530619223,0.11129681782095603,0.6571918812945567,0.04871310454786693,12.38264116194205,-0.03155369501478848,0.0,0.0008335549342398763,2.28474080750884,0,,5.803,0.2036174016278489,-0.007710761280492097,0.0068403048587673924,0,0,0,0,1,0,1,0,0,0,0,0,1,0,0
KOSPI,118000,(주)메타케어,2025,2026,small_and_medium,wholesale_retail,2009,,,197964575.0,,,,,,10002846.0,,,,,,,,,,1086108.0,,,0,0.4330614681818192,5.803,,,,0,0,0,0,1,0,0,0,1,0,0,0,0,0,1
KOSPI,119650,케이씨코트렐(주),2025,2026,mid_sized,manufacturing,2010,,,202714625.0,,,,,,6646328.0,,,,,,,,,,781843.0,,,1,1.937177479500111,5.803,,-0.18917249307062486,,0,0,0,0,1,0,1,0,0,0,0,1,0,0,0
KOSPI,120030,조선선재(주),2025,2026,small_and_medium,manufacturing,2010,18.131759540303392,6.9659497863682915,173665140.883,0.9437198161973981,0.059636539189540344,,-259.6307073011511,0.18114543821459658,14407021.923,2.5138004997770964,0.06866280330854393,0.044835430797512475,0.07275761526891761,0.9299613885617369,,0.1755994828125075,2.9344714303377755,0.0016530027070510384,0.0,0.0005130880702191772,5.295923277602604,0,,5.803,,,,0,0,0,0,1,0,0,0,1,0,0,1,0,0,0
KOSPI,120110,코오롱인더스트리(주),2025,2026,large,manufacturing,2010,,,7682530168.0,,,,,,1277235413.0,,,,,,,,,,252557027.0,,,1,0.3341612112451334,5.803,,0.059944252965203546,,0,0,0,0,1,1,0,0,0,0,0,1,0,0,0
KOSPI,122900,(주)아이마켓코리아,2025,2026,mid_sized,wholesale_retail,2010,,,1364073064.0,,,,,,156641777.0,,,,,,,,,,15878740.0,,,1,0.6241369501818276,5.803,,0.2650499202951805,,0,0,0,0,1,0,1,0,0,0,0,0,0,0,1
KOSPI,123690,한국화장품(주),2025,2026,small_and_medium,wholesale_retail,2010,,,56362599.0,,,,,,41900305.0,,,,,,,,,,1654558.0,,,0,4.796046307406877,5.803,,,,0,0,0,0,1,0,0,0,1,0,0,0,0,0,1
KOSPI,123700,(주)에스제이엠,2025,2026,small_and_medium,manufacturing,2010,,,285846523.0,,,,,,48530491.0,,,,,,,,,,6243797.0,,,1,0.2439668527973579,5.803,,,,0,0,0,0,1,0,0,0,1,0,0,1,0,0,0
KOSPI,126560,(주)현대퓨처넷,2025,2026,large,it_services,2010,,,882794310.0,,,,,,62399144.0,,,,,,,,,,13226792.0,,,1,0.4104362105149648,5.803,,,,0,0,0,0,1,1,0,0,0,0,1,0,0,0,0
KOSPI,126720,(주)수산인더스트리,2025,2026,mid_sized,construction,2022,,,671764508.0,,,,,,70851732.0,,,,,,,,,,11561005.0,,,1,0.5466090800009795,5.803,,0.1639230472735515,,0,0,0,0,1,0,1,0,0,1,0,0,0,0,0
KOSPI,128820,대성산업(주),2025,2026,mid_sized,wholesale_retail,2010,,,1739208497.0,,,,,,159494742.0,,,,,,,,,,38965851.0,,,0,0.5024345101396931,5.803,,0.052525488044688456,,0,0,0,0,1,0,1,0,0,0,0,0,0,0,1
KOSPI,128940,한미약품(주),2025,2026,mid_sized,manufacturing,2010,,,2137597681.0,,,,,,884406924.0,,,,,,,,,,86200354.0,,,1,4.0696874690918134,5.803,,0.057776547603167736,,0,0,0,0,1,0,1,0,0,0,0,1,0,0,0
KOSPI,129260,인터지스(주),2025,2026,mid_sized,transport_storage,2011,,,499631924.0,,,,,,49890838.0,,,,,,,,,,12567680.0,,,1,0.240742054838202,5.803,,,,0,0,0,0,1,0,1,0,0,0,0,0,0,1,0
KOSPI,130660,한전산업개발(주),2025,2026,mid_sized,it_services,2010,,,204525535.0,,,,,,31056465.0,,,,,,,,,,5119841.0,,,1,3.296039279389474,5.803,,,,0,0,0,0,1,0,1,0,0,0,1,0,0,0,0
KOSPI,133820,(주)화인베스틸,2025,2026,small_and_medium,manufacturing,2014,,,171617474.0,,,,,,6091897.0,,,,,,,,,,7818410.0,,,0,1.1779942497680296,5.803,,,,0,0,0,0,1,0,0,0,1,0,0,1,0,0,0
KOSPI,134380,미원화학(주),2025,2026,mid_sized,manufacturing,2011,12.528059420125613,1.7849692156974692,195733894.029,0.8866729162977081,0.12781159954167504,,-71.1905854368407,0.08690766657856934,51204695.738,6.4058830883776565,0.15827502873574886,0.14894600477156278,0.17850441332596953,0.9324208807192395,,0.07269599943633848,4.544601980034278,0.020657616898997203,13680533.781,0.002925943745415639,12.826302519381157,0,,5.803,,,,0,0,0,0,1,0,1,0,0,0,0,1,0,0,0
KOSPI,134790,(주)시디즈,2025,2026,mid_sized,manufacturing,2011,,,97876439.0,,,,,,53198599.0,,,,,,,,,,9135494.0,,,1,0.6825369586188208,5.803,,,,0,0,0,0,1,0,1,0,0,0,0,1,0,0,0
KOSPI,136490,(주)선진,2025,2026,large,manufacturing,2011,,,1361716299.0,,,,,,393414159.0,,,,,,,,,,50552920.0,,,1,0.3962812678881431,5.803,,0.08233822776368628,,0,0,0,0,1,1,0,0,0,0,0,1,0,0,0
KOSPI,137310,에스디바이오센서(주),2025,2026,mid_sized,manufacturing,2021,,,3242719829.0,,,,,,325528012.0,,,,,,,,,,49418476.0,,,1,0.4636838300513881,5.803,,,,0,0,0,0,1,0,1,0,0,0,0,1,0,0,0
KOSPI,138490,코오롱이앤피(주),2025,2026,large,manufacturing,2011,,,439025206.0,,,,,,95859970.0,,,,,,,,,,12069970.0,,,1,0.8910574686760708,5.803,,0.20950176537309909,,0,0,0,0,1,1,0,0,0,0,0,1,0,0,0
KOSPI,139480,(주)이마트,2025,2026,large,wholesale_retail,2011,,,33503615741.0,,,,,,9092978212.0,,,,,,,,,,1335253000.0,,,1,0.163799009957349,5.803,,-0.012585189499447376,,0,0,0,0,1,1,0,0,0,0,0,0,0,0,1
KOSPI,139990,아주스틸(주),2025,2026,mid_sized,manufacturing,2021,,,1005925873.0,,,,,,25955613.0,,,,,,,,,,36947042.0,,,0,0.8949594704088181,5.803,,0.04632854499321749,,0,0,0,0,1,0,1,0,0,0,0,1,0,0,0
KOSPI,143210,핸즈코퍼레이션(주),2025,2026,mid_sized,manufacturing,2016,,,771746516.0,,,,,,31522036.0,,,,,,,,,,43692221.0,,,0,0.3176319548208113,5.803,,-0.12804861552402952,,0,0,0,0,1,0,1,0,0,0,0,1,0,0,0
KOSPI,145210,(주)다이나믹디자인,2025,2026,small_and_medium,manufacturing,2015,,,117455798.0,,,,,,15839708.0,,,,,,,,,,2142112.0,,,0,0.6814073029351773,5.803,,,,0,0,0,0,1,0,0,0,1,0,0,1,0,0,0
KOSPI,145720,(주)덴티움,2025,2026,mid_sized,manufacturing,2017,,,932790286.0,,,,,,218054041.0,,,,,,,,,,24119666.0,,,1,0.9112166418418404,5.803,,,,0,0,0,0,1,0,1,0,0,0,0,1,0,0,0
KOSPI,145990,(주)삼양사,2025,2026,mid_sized,manufacturing,2011,,,3625448841.0,,,,,,488582656.0,,,,,,,,,,72175632.0,,,1,0.2836894432119541,5.803,,0.09202683884718532,,0,0,0,0,1,0,1,0,0,0,0,1,0,0,0
KOSPI,155660,디에스알(주),2025,2026,mid_sized,manufacturing,2013,,,391592277.0,,,,,,46539459.0,,,,,,,,,,11456997.0,,,1,0.252604696864135,5.803,,,,0,0,0,0,1,0,1,0,0,0,0,1,0,0,0
KOSPI,161000,애경케미칼(주),2025,2026,mid_sized,manufacturing,2012,,,1394265312.0,,,,,,119008666.0,,,,,,,,,,47776140.0,,,1,0.6451521365713659,5.803,,,,0,0,0,0,1,0,1,0,0,0,0,1,0,0,0
KOSPI,161390,한국타이어앤테크놀로지(주),2025,2026,large,manufacturing,2012,,,26647188445.0,,,,,,4664962682.0,,,,,,,,,,1069176652.0,,,1,0.5085147878411264,5.803,,0.6812377277241045,,0,0,0,0,1,1,0,0,0,0,0,1,0,0,0
KOSPI,161890,한국콜마(주),2025,2026,mid_sized,manufacturing,2012,,,3457768463.0,,,,,,791447127.0,,,,,,,,,,80559486.0,,,1,0.8791650463128944,5.803,,0.1058867758626333,,0,0,0,0,1,0,1,0,0,0,0,1,0,0,0
KOSPI,163560,동일고무벨트(주),2025,2026,mid_sized,manufacturing,2012,,,355346620.0,,,,,,68429439.0,,,,,,,,,,5752244.0,,,1,0.399536876457075,5.803,,-0.04997907006586096,,0,0,0,0,1,0,1,0,0,0,0,1,0,0,0
KOSPI,170900,동아에스티(주),2025,2026,mid_sized,manufacturing,2013,,,1412046031.0,,,,,,361100900.0,,,,,,,,,,25302612.0,,,1,0.7310581962843514,5.803,,0.014594397082940759,,0,0,0,0,1,0,1,0,0,0,0,1,0,0,0
KOSPI,178920,피아이첨단소재(주),2025,2026,mid_sized,manufacturing,2021,2.4915744218816447,1.0300794630897852,464759120.865,0.7641689159859711,0.30861119718504526,,-23.1878757296198,0.11534826457127928,72234702.952,7.851319287677716,0.08515276869949934,0.092604800996475,0.11143186659147307,0.7141297292418431,,0.2971361809431141,14.278654880038161,-0.10303567845828207,29716945.965,0.020577831428461642,2.4033752031650475,0,,5.803,,,,0,0,0,0,1,0,1,0,0,0,0,1,0,0,0
KOSPI,180640,(주)한진칼,2025,2026,large,it_services,2013,,,4140658603.0,,,,,,125783543.0,,,,,,,,,,19154569.0,,,1,2.4371406667799755,5.803,,-0.015806247416594813,,0,0,0,0,1,1,0,0,0,0,1,0,0,0,0
KOSPI,181710,엔에이치엔(주),2025,2026,mid_sized,it_services,2013,,,3851415641.0,,,,,,2516233825.0,,,,,,,,,,85919943.0,,,1,0.5373105409138053,5.803,,0.5403683196870676,,0,0,0,0,1,0,1,0,0,0,1,0,0,0,0
KOSPI,183190,아세아시멘트(주),2025,2026,mid_sized,manufacturing,2013,,,2177954305.0,,,,,,191888716.0,,,,,,,,,,84876050.0,,,1,0.4031050820206444,5.803,,1.5606947143091774,,0,0,0,0,1,0,1,0,0,0,0,1,0,0,0
KOSPI,185750,(주)종근당,2025,2026,mid_sized,manufacturing,2013,,,1800298497.0,,,,,,526377893.0,,,,,,,,,,37778629.0,,,1,1.1370235889605809,5.803,,0.2341252694995801,,0,0,0,0,1,0,1,0,0,0,0,1,0,0,0
KOSPI,192080,(주)더블유게임즈,2025,2026,mid_sized,it_services,2019,,,1847861881.0,,,,,,719897453.0,,,,,,,,,,8376451.0,,,1,0.6972924414224297,5.803,,0.43489741602397913,,0,0,0,0,1,0,1,0,0,0,1,0,0,0,0
KOSPI,192400,쿠쿠홀딩스(주),2025,2026,mid_sized,other,2014,,,1592547535.0,,,,,,364607844.0,,,,,,,,,,11518440.0,,,1,0.7805232611777794,5.803,,,,0,0,0,0,1,0,1,0,0,0,0,0,1,0,0
KOSPI,192650,(주)드림텍,2025,2026,mid_sized,manufacturing,2019,,,863145953.0,,,,,,130516054.0,,,,,,,,,,44745401.0,,,1,1.0045144864581017,5.803,,,,0,0,0,0,1,0,1,0,0,0,0,1,0,0,0
KOSPI,192820,코스맥스(주),2025,2026,mid_sized,manufacturing,2014,,,2125418400.0,,,,,,409014765.0,,,,,,,,,,69037291.0,,,1,3.0211295400246785,5.803,,0.09913821881603475,,0,0,0,0,1,0,1,0,0,0,0,1,0,0,0
KOSPI,194370,(주)제이에스코퍼레이션,2025,2026,mid_sized,manufacturing,2016,,,1808974754.0,,,,,,241534417.0,,,,,,,,,,22326612.0,,,1,0.705212028957894,5.803,,-0.011766746183660736,,0,0,0,0,1,0,1,0,0,0,0,1,0,0,0
KOSPI,195870,해성디에스(주),2025,2026,mid_sized,manufacturing,2016,,,880631376.0,,,,,,97803486.0,,,,,,,,,,53686276.0,,,1,1.6778008780212486,5.803,,,,0,0,0,0,1,0,1,0,0,0,0,1,0,0,0
KOSPI,200880,(주)서연이화,2025,2026,mid_sized,manufacturing,2014,,,3205041446.0,,,,,,647193534.0,,,,,,,,,,155457958.0,,,1,0.2850036334528709,5.803,,0.08504177245254092,,0,0,0,0,1,0,1,0,0,0,0,1,0,0,0
KOSPI,204320,에이치엘만도(주),2025,2026,mid_sized,manufacturing,2014,,,7136602919.0,,,,,,1443655417.0,,,,,,,,,,323120381.0,,,1,0.95846958685481,5.803,,0.01199083608484058,,0,0,0,0,1,0,1,0,0,0,0,1,0,0,0
KOSPI,207940,삼성바이오로직스(주),2025,2026,large,manufacturing,2016,,,11060741977.0,,,,,,2516640412.0,,,,,,,,,,368531031.0,,,0,10.530398171722332,5.803,,-0.36198933418671053,,0,0,0,0,1,1,0,0,0,0,0,1,0,0,0
KOSPI,210540,디와이파워(주),2025,2026,mid_sized,manufacturing,2015,,,375864371.0,,,,,,48833211.0,,,,,,,,,,12442875.0,,,1,0.4744646643291056,5.803,,,,0,0,0,0,1,0,1,0,0,0,0,1,0,0,0
KOSPI,210980,에스케이디앤디(주),2025,2026,large,other,2015,,,1586560899.0,,,,,,445824154.0,,,,,,,,,,12210689.0,,,1,0.4082786360816535,5.803,,0.0850323221559917,,0,0,0,0,1,1,0,0,0,0,0,0,1,0,0
KOSPI,213500,한솔제지(주),2025,2026,mid_sized,manufacturing,2015,,,1993741069.0,,,,,,388768525.0,,,,,,,,,,71272000.0,,,1,0.2835260247734875,5.803,,-0.01145820542815756,,0,0,0,0,1,0,1,0,0,0,0,1,0,0,0
KOSPI,214320,(주)이노션,2025,2026,large,it_services,2015,,,2781638255.0,,,,,,990199881.0,,,,,,,,,,49359420.0,,,1,0.6753653590769535,5.803,,0.08648869802881878,,0,0,0,0,1,1,0,0,0,0,1,0,0,0,0
KOSPI,214330,(주)금호에이치티,2025,2026,mid_sized,manufacturing,2015,,,400154254.0,,,,,,25047839.0,,,,,,,,,,11681353.0,,,0,0.413191684485147,5.803,,-0.09419872925547845,,0,0,0,0,1,0,1,0,0,0,0,1,0,0,0
KOSPI,214390,(주)경보제약,2025,2026,mid_sized,manufacturing,2015,1.0807384183168791,0.04908975674524653,319537836.305,0.4560889323475698,1.1925548485748696,,-11.192121475174908,0.0006902320706510535,102304221.42,0.6313292074795446,0.0014066948164816327,0.011011457618563536,0.0030842555403419406,0.04289723104101736,,0.028229577209165666,1.3377292591612404,-0.02276178889205989,0.0,0.012142854107256424,1.5195846088367682,0,,5.803,,,,0,1,0,0,1,0,1,0,0,0,0,1,0,0,0
KOSPI,214420,(주)토니모리,2025,2026,mid_sized,manufacturing,2015,,,226602913.0,,,,,,93442226.0,,,,,,,,,,6019612.0,,,1,1.612707804060583,5.803,,,,0,0,0,0,1,0,1,0,0,0,0,1,0,0,0
KOSPI,217590,(주)티엠씨,2025,2026,other,manufacturing,2025,,,237113295.0,,,,,,28327477.0,,,,,,,,,,4648678.0,,,1,3.289099126544454,5.803,,,,0,0,0,0,1,0,0,1,0,0,0,1,0,0,0
KOSPI,226320,(주)잇츠한불,2025,2026,small_and_medium,manufacturing,2015,,,535717320.0,,,,,,101519051.0,,,,,,,,,,3354976.0,,,1,0.481645687838616,5.803,,0.3806296093726695,,0,0,0,0,1,0,0,0,1,0,0,1,0,0,0
KOSPI,227840,현대코퍼레이션홀딩스(주),2025,2026,mid_sized,wholesale_retail,2015,,,407840840.0,,,,,,49343032.0,,,,,,,,,,3826925.0,,,1,0.3380418908135639,5.803,,0.08436749955653863,,0,0,0,0,1,0,1,0,0,0,0,0,0,0,1
KOSPI,229640,엘에스에코에너지(주),2025,2026,large,it_services,2016,,,491338507.0,,,,,,99041726.0,,,,,,,,,,6655707.0,,,1,4.686609974161071,5.803,,,,0,0,0,0,1,1,0,0,0,0,1,0,0,0,0
KOSPI,234080,제이더블유생명과학(주),2025,2026,mid_sized,manufacturing,2016,,,318205790.0,,,,,,72316822.0,,,,,,,,,,16506308.0,,,1,0.922458090948056,5.803,,-0.021879211018478357,,0,0,0,0,1,0,1,0,0,0,0,1,0,0,0
KOSPI,241560,두산밥캣(주),2025,2026,large,manufacturing,2016,,,12280525645.0,,,,,,1971610786.0,,,,,,,,,,234175680.0,,,1,0.7691283981771415,5.803,,0.022558078288205264,,0,0,0,0,1,1,0,0,0,0,0,1,0,0,0
KOSPI,241590,(주)화승엔터프라이즈,2025,2026,mid_sized,manufacturing,2016,,,1321440810.0,,,,,,184688861.0,,,,,,,,,,71322850.0,,,1,0.6324994819209172,5.803,,,,0,0,0,0,1,0,1,0,0,0,0,1,0,0,0
KOSPI,244920,(주)에이플러스에셋어드바이저,2025,2026,other,other,2020,,,515335672.0,,,,,,682466556.0,,,,,,,,,,27164472.0,,,0,0.7738031998426733,5.803,,0.38213537503446954,,0,0,0,0,1,0,0,1,0,0,0,0,1,0,0
KOSPI,248070,(주)솔루엠,2025,2026,mid_sized,manufacturing,2021,,,1276520894.0,,,,,,276652247.0,,,,,,,,,,44297863.0,,,0,1.6159356162029626,5.803,,,,0,0,0,0,1,0,1,0,0,0,0,1,0,0,0
KOSPI,248170,샘표식품(주),2025,2026,mid_sized,manufacturing,2016,,,380321141.0,,,,,,161919098.0,,,,,,,,,,23796489.0,,,1,0.4894016449707341,5.803,,,,0,0,0,0,1,0,1,0,0,0,0,1,0,0,0
KOSPI,249420,일동제약(주),2025,2026,mid_sized,manufacturing,2016,,,573030654.0,,,,,,219753614.0,,,,,,,,,,18349519.0,,,1,5.085609994345665,5.803,,,,0,0,0,0,1,0,1,0,0,0,0,1,0,0,0
KOSPI,251270,넷마블(주),2025,2026,large,it_services,2017,,,8093652130.0,,,,,,2835074412.0,,,,,,,,,,47854542.0,,,1,0.7550786346311262,5.803,,-0.010200984120606464,,0,0,0,0,1,1,0,0,0,0,1,0,0,0,0
KOSPI,259960,(주)크래프톤,2025,2026,mid_sized,it_services,2021,,,9433648042.0,,,,,,3326553695.0,,,,,,,,,,110330833.0,,,0,1.6232055052932772,5.803,,,,0,0,0,0,1,0,1,0,0,0,1,0,0,0,0
KOSPI,264900,(주)크라운제과,2025,2026,mid_sized,manufacturing,2017,1.633946061104681,0.23393695578118515,354970413.163,0.6409631595254194,0.5601520698013563,,-84.55160650043881,0.027709663585541545,138126352.074,19.34697628708132,0.040801117101411544,0.04300405124184347,0.06365594729597474,0.16632039242009566,,0.04765125916851096,26.8650864944611,-0.02499021760139371,0.0,0.002825435128700301,3.4903672079667514,0,,5.803,,,,0,0,0,0,1,0,1,0,0,0,0,1,0,0,0
KOSPI,267250,에이치디현대(주),2025,2026,large,it_services,2017,,,78685890494.0,,,,,,10055639989.0,,,,,,,,,,1805992000.0,,,1,0.4908571550532775,5.803,,0.06524214859979433,,0,0,0,0,1,1,0,0,0,0,1,0,0,0,0
KOSPI,267260,에이치디현대일렉트릭(주),2025,2026,large,manufacturing,2017,,,4769815393.0,,,,,,1392839120.0,,,,,,,,,,65156000.0,,,1,13.72423787924458,5.803,,0.2566878465037213,,0,0,0,0,1,1,0,0,0,0,0,1,0,0,0
KOSPI,267270,에이치디건설기계(주),2025,2026,large,manufacturing,2017,,,3602695392.0,,,,,,730756179.0,,,,,,,,,,58940000.0,,,1,0.8848327827122342,5.803,,0.08363951791004401,,0,0,0,0,1,1,0,0,0,0,0,1,0,0,0
KOSPI,267290,(주)경동도시가스,2025,2026,mid_sized,other,2017,,,928832981.0,,,,,,133021367.0,,,,,,,,,,26333542.0,,,1,0.2555608488517246,5.803,,,,0,0,0,0,1,0,1,0,0,0,0,0,1,0,0
KOSPI,267850,아시아나아이디티(주),2025,2026,large,it_services,2018,4.09476375085193,0.26509109287886023,216289740.318,0.8057653548372966,0.24105608909174817,,-30.401581865765763,0.06510569247428549,22405202.188,26.578842831776555,0.06047935877017358,0.05607355870957452,0.07505827646608834,0.17911649927806483,,0.03877606919229553,16.490743579771745,0.02362344075353619,0.0,0.02940122289504075,4.619253653324245,0,,5.803,,-0.02896662212884295,0.006927986512722903,0,0,0,0,1,1,0,0,0,0,1,0,0,0,0
KOSPI,268280,미원스페셜티케미칼(주),2025,2026,mid_sized,manufacturing,2017,,,549237108.0,,,,,,113016401.0,,,,,,,,,,25911907.0,,,1,1.5641091832312817,5.803,,,,0,0,0,0,1,0,1,0,0,0,0,1,0,0,0
KOSPI,271560,(주)오리온,2025,2026,mid_sized,manufacturing,2017,,,4598663246.0,,,,,,1223326099.0,,,,,,,,,,161954998.0,,,1,1.068187098615463,5.803,,0.47372805008343694,,0,0,0,0,1,0,1,0,0,0,0,1,0,0,0
KOSPI,271940,일진하이솔루스(주),2025,2026,mid_sized,manufacturing,2021,,,347965357.0,,,,,,7109556.0,,,,,,,,,,6829033.0,,,0,1.544295277020275,5.803,,,,0,0,0,0,1,0,1,0,0,0,0,1,0,0,0
KOSPI,271980,제일약품(주),2025,2026,mid_sized,manufacturing,2017,,,510574727.0,,,,,,212903614.0,,,,,,,,,,10063859.0,,,0,0.8874757512926877,5.803,,,,0,0,0,0,1,0,1,0,0,0,0,1,0,0,0
KOSPI,272210,한화시스템(주),2025,2026,large,manufacturing,2019,,,10327265554.0,,,,,,391732300.0,,,,,,,,,,141136460.0,,,1,2.0550323149408154,5.803,,0.8042011360414584,,0,0,0,0,1,1,0,0,0,0,0,1,0,0,0
KOSPI,272450,(주)진에어,2025,2026,large,transport_storage,2017,1.1256042150584495,0.07644595444185952,1174174394.774,0.19114364014742333,4.231667656997273,,-3.2995396165708817,-0.007063433161001123,102976614.301,-0.6177655999406447,-0.016904798440797616,-0.016315867017937642,-0.08844028725077882,0.08403193592769174,,0.057786890385156914,2.573530607028445,-0.07627787677250346,252446.298,0.0030721517076637552,1.454169542046791,0,,5.803,,,,0,1,0,0,1,1,0,0,0,0,0,0,0,1,0
KOSPI,272550,(주)삼양패키징,2025,2026,mid_sized,manufacturing,2017,,,649275550.0,,,,,,79078957.0,,,,,,,,,,20817213.0,,,1,0.5311903554352644,5.803,,-0.026977797923327877,,0,0,0,0,1,0,1,0,0,0,0,1,0,0,0
KOSPI,278470,(주)에이피알,2025,2026,mid_sized,manufacturing,2024,,,771737547.0,,,,,,1170616761.0,,,,,,,,,,29125731.0,,,1,19.39543515058923,5.803,,,,0,0,0,0,1,0,1,0,0,0,0,1,0,0,0
KOSPI,280360,롯데웰푸드(주),2025,2026,large,manufacturing,2017,,,4574000253.0,,,,,,1143401400.0,,,,,,,,,,186460359.0,,,1,0.4663009631336697,5.803,,0.053497611092265876,,0,0,0,0,1,1,0,0,0,0,0,1,0,0,0
KOSPI,281820,(주)케이씨텍,2025,2026,mid_sized,manufacturing,2017,,,600479162.0,,,,,,142495828.0,,,,,,,,,,15988740.0,,,1,1.5471713842786636,5.803,,0.2010753901398788,,0,0,0,0,1,0,1,0,0,0,0,1,0,0,0
KOSPI,282330,(주)비지에프리테일,2025,2026,mid_sized,wholesale_retail,2017,,,3556166960.0,,,,,,1687041967.0,,,,,,,,,,524468000.0,,,1,1.3794931452633687,5.803,,0.10471581683750061,,0,0,0,0,1,0,1,0,0,0,0,0,0,0,1
KOSPI,284740,쿠쿠홈시스(주),2025,2026,mid_sized,it_services,2018,,,1580152869.0,,,,,,717818526.0,,,,,,,,,,29732715.0,,,1,0.4261294167375445,5.803,,,,0,0,0,0,1,0,1,0,0,0,1,0,0,0,0
KOSPI,285130,에스케이케미칼(주),2025,2026,large,manufacturing,2018,,,6087624381.0,,,,,,499111653.0,,,,,,,,,,162053151.0,,,1,0.4049210161506675,5.803,,0.13425921844177097,,0,0,0,0,1,1,0,0,0,0,0,1,0,0,0
KOSPI,286940,롯데이노베이트(주),2025,2026,large,it_services,2018,,,922026345.0,,,,,,107303462.0,,,,,,,,,,47771521.0,,,1,0.6483084896182233,5.803,,0.22915436097678762,,0,0,0,0,1,1,0,0,0,0,1,0,0,0,0
KOSPI,293480,하나제약(주),2025,2026,mid_sized,manufacturing,2018,1.8363237925358689,0.1533871359333144,418140743.513,0.7495294443610135,0.3341704018746278,,-34.26807532639777,0.036650793444811446,144855282.526,71.33290499684061,0.043911500751490744,0.06173956183295825,0.05858542460453443,0.08761679650666183,,0.038313688162645416,25.35539714038673,-0.0009524777582159225,0.0,0.04304038719307552,2.2868275206166477,0,,5.803,,,,0,0,0,0,1,0,1,0,0,0,0,1,0,0,0
KOSPI,294870,에이치디씨현대산업개발(주),2025,2026,large,construction,2018,,,7599100706.0,,,,,,591691068.0,,,,,,,,,,48318000.0,,,1,0.4492624714931904,5.803,,0.08306863830093192,,0,0,0,0,1,1,0,0,0,1,0,0,0,0,0
KOSPI,298000,효성화학(주),2025,2026,large,manufacturing,2018,,,2594091115.0,,,,,,-70497594.0,,,,,,,,,,183107000.0,,,0,0.2329933580279753,5.803,,-0.20719207743831283,,0,0,0,0,1,1,0,0,0,0,0,1,0,0,0
KOSPI,298020,효성티앤씨(주),2025,2026,large,manufacturing,2018,,,5739089251.0,,,,,,629270986.0,,,,,,,,,,307626000.0,,,1,0.4920555745746969,5.803,,0.2148322065357733,,0,0,0,0,1,1,0,0,0,0,0,1,0,0,0
KOSPI,298040,효성중공업(주),2025,2026,large,manufacturing,2018,,,7227883006.0,,,,,,1252651568.0,,,,,,,,,,69183000.0,,,1,6.6702334417471025,5.803,,0.1622608844836804,,0,0,0,0,1,1,0,0,0,0,0,1,0,0,0
KOSPI,298050,에이치에스효성첨단소재(주),2025,2026,large,manufacturing,2018,,,3903414777.0,,,,,,353206642.0,,,,,,,,,,221565252.0,,,1,0.9843392132545384,5.803,,0.021631706389630273,,0,0,0,0,1,1,0,0,0,0,0,1,0,0,0
KOSPI,298690,에어부산(주),2025,2026,large,transport_storage,2018,0.5074945969357723,0.24288907594333858,1452410539.672,0.1109874302126752,8.010029316687397,,-0.3820242919410151,-0.026523173905963898,56161527.774,-0.0813556565326546,-0.01586265317394554,-0.0031127205445789265,-0.1429229701376937,0.0829123242570405,,0.12858418542860667,1.926524841210049,-0.08891434580002697,0.0,0.0012414862173936079,0.6448096550961596,0,,5.803,,,,0,1,0,0,1,1,0,0,0,0,0,0,0,1,0
KOSPI,300720,한일시멘트(주),2025,2026,mid_sized,manufacturing,2018,,,3034061166.0,,,,,,320782509.0,,,,,,,,,,79007548.0,,,1,0.7073525065597291,5.803,,0.015301699305811564,,0,0,0,0,1,0,1,0,0,0,0,1,0,0,0
KOSPI,302440,에스케이바이오사이언스(주),2025,2026,large,manufacturing,2021,,,2955743509.0,,,,,,75924200.0,,,,,,,,,,75195558.0,,,0,1.855527639656105,5.803,,0.4007448704815119,,0,0,0,0,1,1,0,0,0,0,0,1,0,0,0
KOSPI,306200,(주)세아제강,2025,2026,large,manufacturing,2018,,,1828293598.0,,,,,,143331871.0,,,,,,,,,,32285460.0,,,1,0.2965076664213629,5.803,,0.0024374530489259714,,0,0,0,0,1,1,0,0,0,0,0,1,0,0,0
KOSPI,307950,현대오토에버(주),2025,2026,large,it_services,2019,,,3605190886.0,,,,,,445535087.0,,,,,,,,,,116251900.0,,,1,4.856601168162861,5.803,,0.26806837737291855,,0,0,0,0,1,1,0,0,0,0,1,0,0,0,0
KOSPI,308170,(주)씨티알모빌리티,2025,2026,mid_sized,manufacturing,2019,,,334481553.0,,,,,,39124977.0,,,,,,,,,,13413896.0,,,0,0.6734104888785237,5.803,,0.12204510234048438,,0,0,0,0,1,0,1,0,0,0,0,1,0,0,0
KOSPI,317400,자이에스앤디(주),2025,2026,large,other,2019,,,1189917478.0,,,,,,132981144.0,,,,,,,,,,8653000.0,,,1,0.3099486035329405,5.803,,-0.08835050756456622,,0,0,0,0,1,1,0,0,0,0,0,0,1,0,0
KOSPI,317450,명인제약(주),2025,2026,other,manufacturing,2025,,,841674647.0,,,,,,173985364.0,,,,,,,,,,10938955.0,,,1,1.2663239235850745,5.803,,,,0,0,0,0,1,0,0,1,0,0,0,1,0,0,0
KOSPI,322000,에이치디현대에너지솔루션(주),2025,2026,large,manufacturing,2019,,,530430417.0,,,,,,106243828.0,,,,,,,,,,10759188.0,,,0,1.4664029301997303,5.803,,,,0,0,0,0,1,1,0,0,0,0,0,1,0,0,0
KOSPI,326030,에스케이바이오팜(주),2025,2026,large,it_services,2020,,,1198308576.0,,,,,,663839535.0,,,,,,,,,,12926135.0,,,0,11.809501189324996,5.803,,,,0,0,0,0,1,1,0,0,0,0,1,0,0,0,0
KOSPI,329180,에이치디현대중공업(주),2025,2026,large,manufacturing,2021,,,26163044535.0,,,,,,2964216318.0,,,,,,,,,,315236000.0,,,1,5.719057611477704,5.803,,0.34924018266410845,,0,0,0,0,1,1,0,0,0,0,0,1,0,0,0
KOSPI,336260,두산퓨얼셀(주),2025,2026,large,manufacturing,2019,,,1198423426.0,,,,,,-62299766.0,,,,,,,,,,20985496.0,,,0,6.425392006027988,5.803,,0.015910409195542874,,0,0,0,0,1,1,0,0,0,0,0,1,0,0,0
KOSPI,336370,솔루스첨단소재(주),2025,2026,mid_sized,manufacturing,2019,,,2160516819.0,,,,,,38976312.0,,,,,,,,,,69556000.0,,,1,0.7017575268544762,5.803,,,,0,0,0,0,1,0,1,0,0,0,0,1,0,0,0
KOSPI,339770,교촌에프앤비(주),2025,2026,mid_sized,wholesale_retail,2020,,,377506755.0,,,,,,154647044.0,,,,,,,,,,13701517.0,,,1,1.1495959556113569,5.803,,0.23783509002161018,,0,0,0,0,1,0,1,0,0,0,0,0,0,0,1
KOSPI,344820,(주)케이씨씨글라스,2025,2026,large,manufacturing,2020,,,2313583866.0,,,,,,138079640.0,,,,,,,,,,127128607.0,,,1,0.3068635109336697,5.803,,-0.07245123206152534,,0,0,0,0,1,1,0,0,0,0,0,1,0,0,0
KOSPI,352820,(주)하이브,2025,2026,mid_sized,it_services,2020,,,5485474443.0,,,,,,935865501.0,,,,,,,,,,59028747.0,,,1,3.959230478698829,5.803,,0.0011475394361710088,,0,0,0,0,1,0,1,0,0,0,1,0,0,0,0
KOSPI,353200,대덕전자(주),2025,2026,mid_sized,manufacturing,2020,,,1178006544.0,,,,,,108289943.0,,,,,,,,,,96893855.0,,,1,2.703914142653543,5.803,,,,0,0,0,0,1,0,1,0,0,0,0,1,0,0,0
KOSPI,361610,에스케이아이이테크놀로지(주),2025,2026,large,manufacturing,2021,,,4391860994.0,,,,,,-147511760.0,,,,,,,,,,138787850.0,,,0,0.7875494755844692,5.803,,0.058244529012488645,,0,0,0,0,1,1,0,0,0,0,0,1,0,0,0
KOSPI,363280,(주)티와이홀딩스,2025,2026,mid_sized,it_services,2020,,,1740232364.0,,,,,,42519280.0,,,,,,,,,,8653400.0,,,1,0.1438045331896614,5.803,,,,0,0,0,0,1,0,1,0,0,0,1,0,0,0,0
KOSPI,372910,(주)한컴라이프케어,2025,2026,mid_sized,manufacturing,2021,,,203628184.0,,,,,,21411455.0,,,,,,,,,,4188868.0,,,0,0.6528877635670306,5.803,,0.11754668046407968,,0,0,0,0,1,0,1,0,0,0,0,1,0,0,0
KOSPI,373220,(주)엘지에너지솔루션,2025,2026,large,manufacturing,2022,,,67147953000.0,,,,,,4232108000.0,,,,,,,,,,3413557000.0,,,0,2.940793698150133,5.803,,0.1134393305722402,,0,0,0,0,1,1,0,0,0,0,0,1,0,0,0
KOSPI,375500,디엘이앤씨(주),2025,2026,large,construction,2021,,,9669288096.0,,,,,,900168273.0,,,,,,,,,,68362000.0,,,1,0.3367858143539058,5.803,,-0.004439079336234491,,0,0,0,0,1,1,0,0,0,1,0,0,0,0,0
KOSPI,377300,(주)카카오페이,2025,2026,large,other,2021,,,5339580905.0,,,,,,958371073.0,,,,,,,,,,30528055.0,,,0,3.4013043123970728,5.803,,,,0,0,0,0,1,1,0,0,0,0,0,0,1,0,0
KOSPI,377740,(주)바이오노트,2025,2026,mid_sized,manufacturing,2022,,,1555892006.0,,,,,,65768309.0,,,,,,,,,,8072329.0,,,1,0.3693947402436712,5.803,,,,0,0,0,0,1,0,1,0,0,0,0,1,0,0,0
KOSPI,378850,(주)화승알앤에이,2025,2026,mid_sized,manufacturing,2021,,,479995395.0,,,,,,133550944.0,,,,,,,,,,17303102.0,,,1,0.3721448193377468,5.803,,0.021554037132389774,,0,0,0,0,1,0,1,0,0,0,0,1,0,0,0
KOSPI,381970,케이카(주),2025,2026,mid_sized,wholesale_retail,2021,1.4185819847061263,0.059686633706857346,534570098.866,0.4189132574512634,1.3871290349800889,,-8.173888231191723,0.020864953889661586,252788849.491,7.070020117597417,0.12373809700789289,0.1421209159568878,0.295378804100724,0.2479968971937175,,0.03158703211264311,7.168856152869542,-0.048916723944103055,0.0,0.14305480179722763,7.851225031504419,0,,5.803,,,,0,0,0,0,1,0,1,0,0,0,0,0,0,0,1
KOSPI,383220,(주)에프앤에프,2025,2026,mid_sized,manufacturing,2021,,,2651445898.0,,,,,,1291808662.0,,,,,,,,,,79831468.0,,,1,1.3967446287076537,5.803,,,,0,0,0,0,1,0,1,0,0,0,0,1,0,0,0
KOSPI,383800,(주)엘엑스홀딩스,2025,2026,large,it_services,2021,,,2357932000.0,,,,,,177092000.0,,,,,,,,,,3467000.0,,,1,0.3117329920477236,5.803,,0.23774788479688905,,0,0,0,0,1,1,0,0,0,0,1,0,0,0,0
KOSPI,402340,에스케이스퀘어(주),2025,2026,large,it_services,2021,,,30504546000.0,,,,,,10341956000.0,,,,,,,,,,82838000.0,,,1,1.7370466062038803,5.803,,0.3915640267430608,,0,0,0,0,1,1,0,0,0,0,1,0,0,0,0
KOSPI,403550,(주)쏘카,2025,2026,mid_sized,it_services,2022,,,588095027.0,,,,,,470702674.0,,,,,,,,,,97334754.0,,,0,2.28477859993211,5.803,,,,0,0,0,0,1,0,1,0,0,0,1,0,0,0,0
KOSPI,439260,대한조선(주),2025,2026,other,manufacturing,2025,,,1538053375.0,,,,,,321867825.0,,,,,,,,,,11398569.0,,,0,2.3629627846916517,5.803,,,,0,0,0,0,1,0,0,1,0,0,0,1,0,0,0
KOSPI,443060,에이치디현대마린솔루션(주),2025,2026,large,it_services,2024,,,1272320059.0,,,,,,454852037.0,,,,,,,,,,12673960.0,,,1,10.517995283408792,5.803,,,,0,0,0,0,1,1,0,0,0,0,1,0,0,0,0
KOSPI,446070,(주)유니드비티플러스,2025,2026,large,manufacturing,2022,5.813893278392764,0.71796738529899,220373040.343,0.870892900376034,0.14824681607602988,,-17.086648538268236,-0.02514681896060895,17031144.685,-4.448377523293488,-0.024777433625734528,-0.04152767485421995,-0.028450609271284833,0.10445341492383546,,0.018865317902423205,1.4445640082327287,-0.031461620977814096,0.0,0.027164943868280913,5.536795905804411,0,,5.803,,,,0,1,0,0,1,1,0,0,0,0,0,1,0,0,0
KOSPI,450080,(주)에코프로머티리얼즈,2025,2026,mid_sized,manufacturing,2023,0.7497249896033618,0.13244568666241197,1729095169.605,0.6620110991354481,0.5105486921683757,,-28.757103246781785,0.06140983262730979,-29292386.435,-5.185963260185573,0.008691139591485297,-0.03780559755651461,0.013128389543370906,0.16154459949159228,,0.2405289133731816,7.48976534673673,-0.04066019388514097,0.0,0.011892859411375072,0.6716223726540317,0,,5.803,,0.5658757849121439,0.05611320662130927,0,1,0,0,1,0,1,0,0,0,0,1,0,0,0
KOSPI,452260,한화갤러리아(주),2025,2026,large,wholesale_retail,2023,,,2017100397.0,,,,,,355194129.0,,,,,,,,,,66874215.0,,,0,0.3264143898376709,5.803,,0.06847576601323974,,0,0,0,0,1,1,0,0,0,0,0,0,0,0,1
KOSPI,453340,(주)현대그린푸드,2025,2026,large,wholesale_retail,2023,,,1029573353.0,,,,,,420168131.0,,,,,,,,,,33938141.0,,,1,0.7022571909326139,5.803,,,,0,0,0,0,1,1,0,0,0,0,0,0,0,0,1
KOSPI,454910,두산로보틱스(주),2025,2026,large,manufacturing,2023,,,399370500.0,,,,,,4418749.0,,,,,,,,,,5077378.0,,,0,14.503818386765058,5.803,,,,0,0,0,0,1,1,0,0,0,0,0,1,0,0,0
KOSPI,456040,오씨아이(주),2025,2026,large,manufacturing,2023,,,2275774798.0,,,,,,208136417.0,,,,,,,,,,87280240.0,,,1,0.4580837496852872,5.803,,-0.00318461426385194,,0,0,0,0,1,1,0,0,0,0,0,1,0,0,0
KOSPI,457190,(주)이수스페셜티케미컬,2025,2026,mid_sized,manufacturing,2023,,,366409360.0,,,,,,38501583.0,,,,,,,,,,11467854.0,,,0,13.460712818035212,5.803,,,,0,0,0,0,1,0,1,0,0,0,0,1,0,0,0
KOSPI,460850,동국씨엠(주),2025,2026,mid_sized,manufacturing,2023,,,2710440938.0,,,,,,102021247.0,,,,,,,,,,83092000.0,,,1,0.1520304503149704,5.803,,,,0,0,0,0,1,0,1,0,0,0,0,1,0,0,0
KOSPI,460860,동국제강(주),2025,2026,mid_sized,manufacturing,2023,0.832040925273225,0.18650600098051792,4134274429.969,0.455780342901216,1.19403933402353,,-6.596840717656583,0.0025696986128809175,273447353.294,0.872064016340624,0.0024902518665354295,0.01436295792740717,0.005463710546804246,0.05095639867893294,,0.03578959899269429,1.68374930549034,-0.02574034980783749,0.0,0.008411069830035629,1.4237767427719612,0,,5.803,,,,0,1,0,0,1,0,1,0,0,0,0,1,0,0,0
KOSPI,462520,조선내화(주),2025,2026,mid_sized,manufacturing,2023,,,500352761.0,,,,,,67954666.0,,,,,,,,,,10892027.0,,,1,0.722562618374846,5.803,,,,0,0,0,0,1,0,1,0,0,0,0,1,0,0,0
KOSPI,462870,(주)시프트업,2025,2026,small_and_medium,it_services,2024,,,1083335532.0,,,,,,294545937.0,,,,,,,,,,4444153.0,,,0,2.2722010414111877,5.803,,,,0,0,0,0,1,0,0,0,1,0,1,0,0,0,0
KOSPI,465770,(주)STX그린로지스,2025,2026,small_and_medium,transport_storage,2023,,,158775997.0,,,,,,3206848.0,,,,,,,,,,30876463.0,,,1,1.349219313801607,5.803,,,,0,0,0,0,1,0,0,0,1,0,0,0,0,1,0
KOSPI,475150,에스케이이터닉스(주),2025,2026,large,construction,2024,,,1317071998.0,,,,,,77998701.0,,,,,,,,,,25994981.0,,,0,2.558992484676231,5.803,,0.8000294923561403,,0,0,0,0,1,1,0,0,0,1,0,0,0,0,0
KOSPI,475560,(주)더본코리아,2025,2026,mid_sized,wholesale_retail,2024,,,303266175.0,,,,,,89677258.0,,,,,,,,,,6742783.0,,,1,1.453647573625955,5.803,,,,0,0,0,0,1,0,1,0,0,0,0,0,0,0,1
KOSPI,480370,(주)씨케이솔루션,2025,2026,other,it_services,2025,,,211303632.0,,,,,,-7847086.0,,,,,,,,,,2690251.0,,,0,1.2767357378424038,5.803,,,,0,0,0,0,1,0,0,1,0,0,1,0,0,0,0
KOSPI,483650,(주)달바글로벌,2025,2026,other,manufacturing,2025,,,255334642.0,,,,,,394429283.0,,,,,,,,,,1308643.0,,,1,9.2061141404932,5.803,,,,0,0,0,0,1,0,0,1,0,0,0,1,0,0,0
KOSPI,484870,(주)엠앤씨솔루션,2025,2026,mid_sized,manufacturing,2024,1.3852438009626056,0.41671800643571155,402948622.235,0.4832076027758353,1.0695038618088748,,-211.70479008073062,0.11302304381724516,73414445.032,72.31021226270411,0.14463243995412242,0.13913680690860594,0.29931739302789656,0.1227926892150139,,0.06339537896553692,32.97966429913178,0.04967694327870396,0.0,0.15753198613737904,1.93693438257963,0,,5.803,,0.12834947868778002,0.01767386867997782,0,0,0,0,1,0,1,0,0,0,0,1,0,0,0
KOSPI,487570,(주)에이치에스효성,2025,2026,large,other,2024,,,908410295.0,,,,,,112761177.0,,,,,,,,,,12503000.0,,,0,0.413016905852308,5.803,,-0.205582760549312,,0,0,0,0,1,1,0,0,0,0,0,0,1,0,0
KOSPI,489790,한화비전(주),2025,2026,large,manufacturing,2024,,,1809393507.0,,,,,,949731713.0,,,,,,,,,,44450380.0,,,0,2.6170364097999363,5.803,,0.1371635915473667,,0,0,0,0,1,1,0,0,0,0,0,1,0,0,0
KOSPI,499790,(주)지에스피앤엘,2025,2026,large,it_services,2024,,,2458495051.0,,,,,,113858824.0,,,,,,,,,,64630422.0,,,1,0.6617629110671088,5.803,,,,0,0,0,0,1,1,0,0,0,0,1,0,0,0,0
