market,stock_code,corp_name,fiscal_year,eval_year,listed_year,firm_size_group,industry_macro_category,current_ratio,cash_ratio,assets_total,equity_ratio,debt_ratio,total_borrowings_ratio,capital_impairment_ratio,net_margin,gross_profit,interest_coverage_ratio,pretax_roa,operating_roa,pretax_roe,ocf_to_total_liabilities,ocf_to_total_borrowings,ocf_to_sales,cashflow_coverage_ratio,accruals_ratio,depreciation,intangible_assets_ratio,total_debt_turnover,dividend_payer,market_to_book,spec_spread,short_term_borrowings_share,total_assets_growth,net_margin_diff,is_2y_consecutive_ocf_deficit,icr_under_1,is_2y_consecutive_operating_loss
KOSDAQ,79940,(주)가비아,2023,2024,2005.0,mid_sized,it_services,2.395225,0.863069,462666237.0,0.630587,0.585823,0.172721,-42.108489,0.132422,125292134.0,78.098881,0.083235,0.092081,0.131996,0.34049,0.728234,0.222465,106.682436,-0.05091,24585641.0,0.006215,1.530533,1.0,0.776181,6.374,0.076959,0.256142,-0.041501,0.0,0.0,0.0
KOSDAQ,399720,(주)가온칩스,2023,2024,2022.0,small_and_medium,manufacturing,2.593111,0.281967,94609679.0,0.655531,0.525482,0.050999,-9.796975,0.09976,12717996.0,14.446401,0.056909,0.045996,0.086813,0.173867,1.174373,0.089097,18.8109,0.007167,2379390.0,0.065832,1.95143,0.0,10.595561,6.374,0.0,0.292816,-0.002242,0.0,0.0,0.0
KOSDAQ,198440,(주)강동씨앤엘,2023,2024,2014.0,small_and_medium,manufacturing,,,0.0,,,,,,0.0,1000000.0,,,,,,,1000000.0,,0.0,,,0.0,,6.374,,,,0.0,0.0,0.0
KOSDAQ,14200,(주)광림,2023,2024,1993.0,mid_sized,manufacturing,1.872726,0.67306,273731612.0,0.656741,0.52267,0.076067,-2.963781,0.067555,32530695.0,1.158065,0.08858,0.038021,0.134878,-0.224481,-1.012991,-0.115803,-2.346978,0.122007,4791347.0,0.004133,1.938484,0.0,0.507596,6.374,0.89984,-0.01565,0.196958,0.0,0.0,0.0
KOSDAQ,204020,(주)그리티,2023,2024,2018.0,mid_sized,manufacturing,4.851577,0.559934,93959767.0,0.805798,0.241005,0.031929,-6.214953,0.047707,105671108.0,30.189113,0.111424,0.118381,0.138278,0.75448,4.589033,0.078177,37.365206,-0.057107,3860795.0,0.018356,9.65096,1.0,0.811617,6.374,1.0,0.061672,0.034857,0.0,0.0,0.0
KOSDAQ,186230,(주)그린플러스,2023,2024,2019.0,small_and_medium,manufacturing,0.861236,0.224157,97246190.0,0.474065,1.109418,0.344405,-6.777689,-0.260387,1688863.0,-3.602447,-0.16117,-0.084404,-0.339974,-0.094505,-0.144317,-0.082098,-2.121387,-0.107939,2893521.0,0.004463,1.151119,1.0,2.149739,6.374,0.765896,-0.082362,-0.218017,0.0,1.0,0.0
KOSDAQ,83450,(주)글로벌스탠다드테크놀로지,2023,2024,2006.0,mid_sized,manufacturing,4.546874,1.202889,279780463.0,0.833156,0.200255,0.029597,-49.033731,0.132289,93906780.0,462.129954,0.153783,0.152041,0.184579,1.016412,5.729671,0.169925,515.445724,-0.03756,2885660.0,0.011582,5.981521,1.0,1.101257,6.374,0.640042,0.110983,-0.019868,0.0,0.0,0.0
KOSDAQ,36190,(주)금화피에스시,2023,2024,2000.0,mid_sized,construction,3.249317,0.736897,430472935.0,0.76739,0.303119,0.048919,-109.113484,0.11256,63683858.0,20.663739,0.112819,0.100955,0.147017,0.401154,1.907509,0.118979,19.099544,-0.005034,4407204.0,0.016162,3.371636,1.0,0.474056,6.374,0.0,0.076153,0.000708,0.0,0.0,0.0
KOSDAQ,456700,(주)길교이앤씨,2023,2024,2023.0,small_and_medium,it_services,,,0.0,,,,,,0.0,1000000.0,,,,,,,1000000.0,,0.0,,,0.0,,6.374,,,,0.0,0.0,0.0
KOSDAQ,187790,(주)나노,2023,2024,2014.0,small_and_medium,manufacturing,0.714812,0.143731,67785020.0,0.123003,7.129885,0.26992,0.459304,-0.060178,11067971.0,1.675193,-0.078192,0.02394,-0.635692,0.003654,0.011873,0.002467,0.224258,-0.081397,2025555.0,0.001604,1.48159,0.0,5.030552,6.374,0.899981,-0.0306,0.156816,0.0,0.0,0.0
KOSDAQ,121600,(주)나노신소재,2023,2024,2011.0,small_and_medium,manufacturing,18.023541,2.850265,430041533.0,0.556927,0.795566,0.330558,-38.357384,0.201685,33088623.0,6.481362,0.044534,0.027653,0.079964,0.048846,0.065472,0.111904,5.072486,0.017364,4262846.0,0.003486,0.436498,1.0,6.163009,6.374,0.0,1.011787,-0.03833,0.0,0.0,0.0
KOSDAQ,137080,(주)나래나노텍,2023,2024,2022.0,small_and_medium,manufacturing,1.015527,0.043604,173053091.0,0.540611,0.849759,0.345268,-13.536854,-0.250984,-3280612.0,-5.450581,-0.096443,-0.086627,-0.178397,-0.362,-0.481651,-0.543755,-10.463522,0.089539,4757660.0,0.010255,0.665741,1.0,0.745929,6.374,0.769878,-0.066822,-0.27963,1.0,1.0,0.0
KOSDAQ,94860,(주)네오리진,2017,2018,2007.0,small_and_medium,it_services,3.563299,1.501075,17683620.0,0.822575,0.215694,0.035457,-2.052503,0.017942,5149229.0,2.480316,0.010753,0.009538,0.013072,-0.04666,-0.233485,-0.015804,-2.152836,0.017677,296531.0,0.257827,2.952463,0.0,2.067156,6.229,1.0,,,0.0,0.0,0.0
KOSDAQ,253590,(주)네오셈,2023,2024,2018.0,small_and_medium,manufacturing,4.300848,1.809456,106442403.0,0.815547,0.226171,0.024608,-18.980772,0.082055,30509495.0,13.765566,0.087002,0.075972,0.10668,0.538644,4.03745,0.10478,18.002227,-0.021548,1200334.0,0.019882,5.140734,1.0,3.928777,6.374,0.649013,-0.186304,-0.051845,0.0,0.0,0.0
KOSDAQ,42420,(주)네오위즈홀딩스,2023,2024,2000.0,mid_sized,it_services,2.626966,1.082901,891927653.0,0.788418,0.268363,0.0,-150.116789,0.102386,366584640.0,9.299852,0.044395,0.019483,0.05631,0.306926,,0.158004,30.997754,-0.022859,6872900.0,0.092043,1.942522,0.0,0.31991,6.374,,0.108782,0.30821,0.0,0.0,0.0
KOSDAQ,311390,(주)네오크레마,2023,2024,2019.0,small_and_medium,manufacturing,1.552598,0.328502,71136284.0,0.546296,0.830509,0.0149,-8.64712,-0.199378,5701944.0,4.376956,-0.074419,0.00392,-0.136225,0.070339,2.141799,0.091294,35.631457,-0.101609,1319888.0,0.013212,0.77047,0.0,1.759225,6.374,0.009382,-0.079958,-0.130563,0.0,0.0,0.0
KOSDAQ,92730,(주)네오팜,2023,2024,2007.0,mid_sized,manufacturing,7.93768,0.701155,177458519.0,0.901765,0.108936,0.0,-37.99571,0.239049,65385305.0,1186.854805,0.165522,0.14261,0.183553,1.334441,,0.239563,1090.968907,-0.000281,1195909.0,0.012605,5.570316,1.0,1.325787,6.374,,0.142333,0.038809,0.0,0.0,0.0
KOSDAQ,7390,(주)네이처셀,2023,2024,1992.0,small_and_medium,manufacturing,9.639219,7.092991,68398679.0,0.897959,0.113637,0.0,-0.914648,-0.603607,8194949.0,-8.955396,-0.169166,-0.150193,-0.188389,-0.304928,,-0.109982,-1.855281,-0.139653,1560850.0,0.024995,2.772536,0.0,8.346181,6.374,,-0.272517,-0.287497,1.0,1.0,1.0
KOSDAQ,33640,(주)네패스,2023,2024,1999.0,mid_sized,manufacturing,0.708956,0.251673,963118458.0,0.29401,2.401247,0.383605,-23.348756,-0.227985,53299849.0,-2.90808,-0.11548,-0.072683,-0.392776,0.117597,0.216427,0.166546,3.321747,-0.196672,158722820.0,0.01296,0.706096,0.0,1.601795,6.374,0.271155,-0.149139,-0.388767,0.0,1.0,1.0
KOSDAQ,217270,(주)넵튠,2023,2024,2015.0,large,it_services,2.142008,1.26865,408424096.0,0.891784,0.121347,0.0273,-14.638016,-0.167839,99746933.0,3.342142,-0.066686,0.005278,-0.074778,0.03296,0.130652,0.014605,2.258522,-0.044557,1985891.0,0.05487,2.256825,0.0,0.881186,6.374,0.852018,-0.041881,5.617913,0.0,0.0,0.0
KOSDAQ,104620,(주)노랑풍선,2023,2024,2019.0,small_and_medium,it_services,0.812033,0.064211,105280369.0,0.382691,1.613077,0.164307,-4.086413,0.060028,98612582.0,3.799773,0.064857,0.062846,0.169476,0.046451,0.174519,0.030614,1.733725,0.027552,1180453.0,0.058533,1.517337,0.0,2.583353,6.374,0.996629,0.132053,1.154288,0.0,0.0,0.0
KOSDAQ,194700,(주)노바렉스,2023,2024,2018.0,mid_sized,manufacturing,2.028774,0.503393,264733681.0,0.757056,0.320907,0.050995,-20.372404,0.072722,43900783.0,18.6542,0.09875,0.096323,0.130439,0.393409,1.874245,0.083736,18.509612,-0.012572,8325319.0,0.010472,4.698197,1.0,1.136044,6.374,0.833333,-0.021611,0.001925,0.0,0.0,0.0
KOSDAQ,106520,(주)노블엠앤비,2021,2022,2012.0,small_and_medium,manufacturing,1.026869,0.129878,109571088.0,0.405644,1.465216,0.03823,-0.993063,-1.01088,-663783.0,-2.91503,-0.17799,-0.148956,-0.438785,-0.160436,-2.49426,-0.50785,-1.866094,-0.094451,3209390.0,0.001196,0.315912,0.0,1.570447,6.246,0.272554,0.916056,0.546789,1.0,1.0,1.0
KOSDAQ,142280,(주)녹십자엠에스,2017,2018,2014.0,mid_sized,manufacturing,1.507179,0.121155,61564417.0,0.445345,1.245452,0.159251,-4.735855,-0.023827,15404494.0,0.260777,-0.034569,0.002169,-0.077622,0.091014,0.316991,0.031587,6.069504,-0.08856,2229140.0,0.031302,2.88134,0.0,4.131904,6.229,0.519593,-0.032082,0.00588,0.0,1.0,0.0
KOSDAQ,69140,(주)누리플랜,2023,2024,2010.0,small_and_medium,manufacturing,0.67211,0.112488,151449212.0,0.280653,2.563119,0.265027,-5.487905,-0.232097,-2607834.0,-6.778363,-0.181665,-0.162732,-0.647294,-0.120292,-0.3265,-0.107259,-3.604336,-0.100713,2481990.0,0.014785,1.121501,0.0,0.590021,6.374,0.730202,0.062978,-0.167047,0.0,1.0,1.0
KOSDAQ,40160,(주)누리플렉스,2023,2024,2000.0,mid_sized,it_services,1.693121,0.216877,152262780.0,0.541266,0.847521,0.191816,-12.672496,0.018818,30119811.0,0.758919,0.000923,0.013004,0.001705,0.359613,0.860025,0.189259,9.627631,-0.148564,2309221.0,0.006165,1.900113,0.0,0.596819,6.374,0.957202,-0.009986,0.014997,0.0,1.0,0.0
KOSDAQ,332290,(주)누보,2023,2024,2019.0,small_and_medium,manufacturing,0.930687,0.131728,83122103.0,0.279251,2.581012,0.246239,-5.952836,-0.072887,19650922.0,-0.81528,-0.060209,-0.027396,-0.215609,-0.057051,-0.166991,-0.041603,-1.223692,-0.030921,1960565.0,0.000512,1.371335,0.0,2.327108,6.374,0.963366,0.015242,-0.013151,1.0,1.0,1.0
KOSDAQ,348340,(주)뉴로메카,2023,2024,2022.0,small_and_medium,manufacturing,1.098874,0.166505,95720977.0,0.251317,2.979034,0.191181,-3.568381,-1.284548,1221519.0,-7.230343,-0.184353,-0.154881,-0.733545,-0.173503,-0.679456,-0.904756,-6.064107,-0.054528,900515.0,0.003328,0.191768,0.0,16.263969,6.374,0.0,1.183909,-0.443862,1.0,1.0,1.0
KOSDAQ,126870,(주)뉴로스,2016,2017,2012.0,small_and_medium,manufacturing,1.422212,0.165205,103249632.0,0.481017,1.078929,0.297573,-5.998995,0.024661,16689834.0,1.488971,0.014229,0.015898,0.029581,0.152887,0.266643,0.185739,7.431241,-0.068811,1424249.0,0.010545,0.823127,0.0,1.367339,6.043,0.664359,0.286236,0.010649,0.0,0.0,0.0
KOSDAQ,123840,(주)뉴온,2023,2024,2010.0,small_and_medium,manufacturing,0.382032,0.120642,59665951.0,0.565576,0.76811,0.272936,-2.328081,-4.961362,-5044236.0,-8.435651,-0.394509,-0.175668,-0.697535,-0.30737,-0.489231,-1.652572,-6.412102,-0.267352,1032669.0,0.010827,0.185995,0.0,1.322083,6.374,1.0,-0.030329,3.831089,1.0,1.0,1.0
KOSDAQ,12340,(주)뉴인텍,2023,2024,1997.0,small_and_medium,manufacturing,0.865819,0.12621,76180706.0,0.417327,1.396204,0.317577,-0.249028,-0.162179,-3555405.0,-6.873235,-0.168383,-0.145609,-0.40348,-0.091453,-0.167794,-0.051324,-2.515351,-0.115096,4575453.0,0.010255,1.781886,0.0,1.665295,6.374,0.885798,-0.064472,-0.034294,1.0,1.0,1.0
KOSDAQ,270870,(주)뉴트리,2023,2024,2018.0,small_and_medium,manufacturing,4.050557,0.814469,132731838.0,0.763543,0.309684,0.03767,-21.0313,0.030821,119136952.0,20.915378,0.042271,0.079284,0.055361,0.260411,1.634623,0.053992,16.244087,-0.026426,1564524.0,0.02551,4.823177,1.0,0.644538,6.374,1.0,-0.095119,0.006902,0.0,0.0,0.0
KOSDAQ,85670,(주)뉴프렉스,2023,2024,2006.0,mid_sized,manufacturing,0.87694,0.098842,162058969.0,0.451218,1.216225,0.327748,-4.981317,0.034786,27111589.0,3.804959,0.046689,0.063721,0.103473,0.066214,0.110869,0.030182,2.16978,0.005542,12066514.0,0.003889,2.193808,0.0,2.183465,6.374,0.959877,-0.074493,-0.020583,0.0,0.0,0.0
KOSDAQ,39560,(주)다산네트웍스,2018,2019,2000.0,small_and_medium,manufacturing,1.440102,0.238756,365996219.0,0.457757,1.184563,0.212275,-9.585724,-0.0694,120900838.0,3.204201,-0.065653,0.027883,-0.143423,-0.022768,-0.058159,-0.012659,-1.418698,-0.055335,3194623.0,0.022969,1.798525,0.0,1.200712,6.168,0.764846,0.059064,-0.061275,0.0,0.0,0.0
KOSDAQ,68240,(주)다원시스,2023,2024,2010.0,mid_sized,manufacturing,1.01929,0.141073,665385214.0,0.317386,2.150735,0.285095,-11.327083,0.0081,73095327.0,1.397375,0.005324,0.028962,0.016774,-0.005928,-0.014193,-0.007524,-0.195237,0.008403,16268457.0,0.009089,0.787853,0.0,2.263309,6.374,0.509192,-0.011135,0.734381,1.0,0.0,0.0
KOSDAQ,36480,(주)대성미생물연구소,2023,2024,2000.0,small_and_medium,manufacturing,,,0.0,,,,,,0.0,1000000.0,,,,,,,1000000.0,,0.0,,,0.0,,6.374,,,,0.0,0.0,0.0
KOSDAQ,104040,(주)대성파인텍,2018,2019,2009.0,small_and_medium,manufacturing,1.406912,0.455921,92396974.0,0.559627,0.786904,0.329824,-15.519408,0.077287,6019668.0,0.865128,0.034348,0.008201,0.061377,0.039258,0.052416,0.041396,1.823694,0.014989,1900548.0,0.000671,0.948354,0.0,0.989745,6.168,0.403392,0.055293,0.027841,0.0,1.0,0.0
KOSDAQ,7680,(주)대원,2023,2024,2017.0,mid_sized,construction,3.675881,0.554911,486532919.0,0.615656,0.624284,0.168435,-43.552478,-0.131547,16441849.0,-39.210689,-0.149427,-0.127585,-0.242711,-0.299905,-0.684341,-0.128599,-35.424795,-0.002642,2340240.0,0.002082,2.332092,1.0,0.23433,6.374,0.558264,-0.097988,-0.185999,1.0,1.0,0.0
KOSDAQ,290380,(주)대유,2020,2021,2018.0,small_and_medium,manufacturing,,,0.0,,,,,,0.0,1000000.0,,,,,,,1000000.0,,0.0,,,0.0,,6.282,,,,0.0,0.0,0.0
KOSDAQ,96350,(주)대창솔루션,2023,2024,2007.0,small_and_medium,manufacturing,0.498353,0.092051,128821585.0,0.277611,2.602159,0.487087,-1.183812,0.039056,13899796.0,1.540375,0.021742,0.043444,0.07832,-0.006062,-0.00899,-0.007866,-0.155258,0.026121,1036718.0,0.004819,0.770639,0.0,1.996509,6.374,0.71169,0.037392,0.18742,1.0,0.0,0.0
KOSDAQ,161570,(주)더미동,2014,2015,2013.0,small_and_medium,manufacturing,8.42494,0.513134,38080216.0,0.881537,0.134382,0.001313,-6.459807,0.04844,5910663.0,92.133647,0.047421,0.018502,0.053793,0.311865,28.13702,0.038273,183.974238,0.009814,89129.0,0.001169,8.148399,0.0,1.313707,5.726,0.0,0.051765,-0.040748,0.0,0.0,0.0
KOSDAQ,317330,(주)덕산테코피아,2023,2024,2019.0,small_and_medium,manufacturing,0.449309,0.095812,514367140.0,0.358315,1.790839,0.12623,-19.057816,-0.204872,30891343.0,-0.958676,-0.040344,-0.012103,-0.112593,-0.023714,-0.12055,-0.083199,-1.205315,-0.022254,17275323.0,0.004743,0.285028,0.0,1.863613,6.374,0.845984,0.723019,-0.340454,0.0,1.0,0.0
KOSDAQ,263800,(주)데이타솔루션,2022,2023,2017.0,mid_sized,wholesale_retail,,,0.0,,,,,,0.0,1000000.0,,,,,,,1000000.0,,0.0,,,0.0,,5.851,,,,0.0,0.0,0.0
KOSDAQ,206560,(주)덱스터스튜디오,2023,2024,2015.0,small_and_medium,it_services,3.131859,1.585403,85927998.0,0.681155,0.468095,0.051462,-3.606554,-0.013085,67717191.0,-0.115538,-0.010008,-0.000481,-0.014692,0.430383,2.666559,0.174129,32.9385,-0.147538,5522688.0,0.019706,2.471635,0.0,3.83801,6.374,0.0,-0.065124,0.080586,0.0,1.0,1.0
KOSDAQ,6620,(주)동구바이오제약,2022,2023,2018.0,mid_sized,manufacturing,1.323628,0.189478,172059022.0,0.593435,0.685106,0.191795,-6.174129,0.03392,117977142.0,16.395544,0.046005,0.099035,0.077523,0.24043,0.509663,0.086256,16.182866,-0.059311,5493611.0,0.052366,2.787401,1.0,1.711706,5.851,1.0,0.11159,-0.026194,0.0,0.0,0.0
KOSDAQ,75970,(주)동국알앤에스,2019,2020,2004.0,mid_sized,manufacturing,1.909479,0.279544,125591075.0,0.628861,0.590175,0.159247,-3.292358,0.025332,17128059.0,4.378938,0.027353,0.028913,0.043496,0.116709,0.272001,0.053423,6.560095,-0.022776,2305749.0,0.009915,2.184616,1.0,0.567287,6.092,1.0,0.015078,-0.004778,0.0,0.0,0.0
KOSDAQ,26960,(주)동서,2014,2015,1996.0,mid_sized,wholesale_retail,13.845921,1.261629,1175763189.0,0.913673,0.094483,0.0,-20.549913,0.260643,92877570.0,1000000.0,0.139186,0.046052,0.152336,0.932917,,0.188382,1000000.0,0.030893,5874600.0,0.002079,4.95227,1.0,2.097456,5.726,,0.056595,-0.008274,0.0,0.0,0.0
KOSDAQ,33500,(주)동성화인텍,2023,2024,1997.0,mid_sized,manufacturing,1.240869,0.145466,364279612.0,0.463536,1.157332,0.059094,-10.018553,0.054094,67978338.0,7.643037,0.10124,0.102503,0.218408,0.331204,3.006737,0.121799,13.248432,-0.098767,9224574.0,0.001643,2.719273,1.0,2.170313,6.374,1.0,0.05892,0.034696,0.0,0.0,0.0
KOSDAQ,88130,(주)동아엘텍,2018,2019,2007.0,mid_sized,manufacturing,2.864736,0.954109,271270330.0,0.721522,0.385959,0.023203,-34.107154,0.077211,50536910.0,339.559544,0.106409,0.092024,0.147479,-0.2145,-2.574424,-0.063918,-220.410109,0.131889,1387223.0,0.005835,3.355863,1.0,0.467254,6.168,0.787448,0.098554,0.017146,0.0,0.0,0.0
KOSDAQ,13120,(주)동원개발,2023,2024,1994.0,mid_sized,construction,3.675091,0.321039,1430301879.0,0.724045,0.381129,0.09138,-21.808617,0.057769,54575403.0,1000000.0,0.041766,0.020975,0.057684,-0.191516,-0.578354,-0.102627,1000000.0,0.082599,2222665.0,0.0,1.866128,1.0,0.277088,6.374,0.998674,0.007049,-0.057244,0.0,0.0,0.0
KOSDAQ,73190,(주)듀오백,2023,2024,2004.0,small_and_medium,manufacturing,,,0.0,,,,,,0.0,1000000.0,,,,,,,1000000.0,,0.0,,,0.0,,6.374,,-1.0,,0.0,0.0,0.0
KOSDAQ,203650,(주)드림시큐리티,2023,2024,2014.0,small_and_medium,it_services,0.462615,0.177228,405940376.0,0.262631,2.80763,0.25837,-20.06724,0.096066,80322687.0,2.145756,0.062969,0.08198,0.239764,0.069273,0.1977,0.089093,1.336967,0.003998,72085161.0,0.025528,0.777537,1.0,1.604387,6.374,0.412128,0.038644,0.052907,0.0,0.0,0.0
KOSDAQ,187870,(주)디바이스,2018,2019,2017.0,small_and_medium,manufacturing,,,0.0,,,,,,0.0,1000000.0,,,,,,,1000000.0,,0.0,,,0.0,,6.168,,,,0.0,0.0,0.0
KOSDAQ,109740,(주)디에스케이,2023,2024,2009.0,small_and_medium,manufacturing,4.135701,0.76344,170869627.0,0.875109,0.142715,0.076081,-10.066055,0.050011,3532845.0,-9.08466,0.024422,-0.056812,0.027908,-0.483982,-0.794476,-0.14445,-9.665651,0.081372,3730659.0,0.010527,3.350521,0.0,0.930774,6.374,1.0,-0.11845,0.249436,0.0,1.0,1.0
KOSDAQ,25440,(주)디에이치오토웨어,2023,2024,1995.0,mid_sized,manufacturing,0.915644,0.105539,177291360.0,0.392272,1.549249,0.290475,0.096248,0.001656,21527650.0,1.072101,0.010391,0.015657,0.02649,0.06791,0.14208,0.018612,2.825929,-0.037599,4663783.0,0.026185,3.648728,0.0,0.975931,6.374,0.521186,0.223125,0.013439,0.0,0.0,0.0
KOSDAQ,196490,(주)디에이테크놀로지,2021,2022,2014.0,small_and_medium,manufacturing,1.768207,0.233991,148383494.0,0.624402,0.601531,0.033247,-0.540658,-0.344938,512390.0,-6.795576,-0.102505,-0.08568,-0.164165,-0.169965,-1.920125,-0.208645,-5.063263,-0.041701,1646396.0,0.014365,0.814613,0.0,1.871927,6.246,0.729732,0.13744,0.173785,1.0,1.0,1.0
KOSDAQ,68790,(주)디엠에스,2021,2022,2004.0,mid_sized,manufacturing,1.895171,0.395594,420478119.0,0.677298,0.476455,0.085976,-22.178959,0.15622,80384454.0,22.594364,0.077911,0.076128,0.115032,0.182845,0.686295,0.110075,17.512208,0.024736,2704504.0,0.020396,1.661103,1.0,0.583288,6.246,0.972338,0.087954,-0.022292,0.0,0.0,0.0
KOSDAQ,219550,(주)디와이디,2022,2023,2015.0,small_and_medium,wholesale_retail,,,0.0,,,,,,0.0,1000000.0,,,,,,,1000000.0,,0.0,,,0.0,,5.851,,,,0.0,0.0,0.0
KOSDAQ,79810,(주)디이엔티,2023,2024,2005.0,small_and_medium,manufacturing,2.139884,0.642634,234586903.0,0.619522,0.614147,0.126339,-12.195131,0.007969,12688687.0,0.830848,0.004451,0.007451,0.007185,-0.545716,-1.643455,-0.382462,-23.154019,0.211959,2474198.0,0.000922,1.426851,0.0,2.319037,6.374,0.951497,1.63427,0.119096,0.0,1.0,0.0
KOSDAQ,99520,(주)디지아이티엑스,2023,2024,2009.0,small_and_medium,manufacturing,16.445377,9.332891,28396994.0,0.897542,0.114154,0.0,-0.125727,-0.37594,3389036.0,-45.342135,-0.169416,-0.154676,-0.188756,-0.39286,,-0.085351,-11.799445,-0.137041,722225.0,0.010084,4.602849,0.0,2.281192,6.374,,0.230965,-0.42007,0.0,1.0,0.0
KOSDAQ,197140,(주)디지캡,2023,2024,2018.0,small_and_medium,it_services,5.194586,1.802665,50287677.0,0.850722,0.175473,0.0,-7.93048,-0.135403,6940174.0,-16.286575,-0.069507,-0.01322,-0.081703,0.635565,,0.193737,116.88148,-0.161185,910381.0,0.013438,3.280561,1.0,1.111922,6.374,,-0.06283,-0.166122,0.0,1.0,0.0
KOSDAQ,33130,(주)디지틀조선일보,2023,2024,1997.0,small_and_medium,it_services,6.191834,1.086152,95889081.0,0.888207,0.125864,0.0,-3.589451,0.090911,36571551.0,16.739773,0.045992,0.022682,0.051781,0.590931,,0.173212,48.754474,-0.031389,2978775.0,0.010553,3.411613,1.0,0.971794,6.374,,0.054251,0.011728,0.0,0.0,0.0
KOSDAQ,263020,(주)디케이앤디,2023,2024,2018.0,small_and_medium,manufacturing,2.275552,0.894616,94434660.0,0.728661,0.372381,0.054063,-7.863717,0.084465,23335214.0,5.173651,0.103232,0.086402,0.141674,0.489361,2.456076,0.139646,7.950871,-0.052469,2389543.0,0.004469,3.504294,1.0,0.694958,6.374,0.980969,-0.151438,0.017021,0.0,0.0,0.0
KOSDAQ,315640,(주)딥노이드,2022,2023,2021.0,small_and_medium,it_services,,,0.0,,,,,,0.0,1000000.0,,,,,,,1000000.0,,0.0,,,0.0,,5.851,,,,0.0,0.0,0.0
KOSDAQ,317120,(주)라닉스,2023,2024,2019.0,small_and_medium,manufacturing,1.899766,0.246816,29229306.0,0.363743,1.749193,0.61582,-1.166727,-0.465185,6588483.0,-1.922441,-0.161686,-0.101172,-0.444505,-0.070021,-0.072345,-0.112812,-0.846554,-0.139159,376117.0,0.010665,0.620692,0.0,4.197646,6.374,0.277778,-0.303645,-0.016371,1.0,1.0,1.0
KOSDAQ,232680,(주)라온로보틱스,2020,2021,2021.0,small_and_medium,manufacturing,,,0.0,,,,,,0.0,1000000.0,,,,,,,1000000.0,,0.0,,,0.0,,6.282,,,,0.0,0.0,0.0
KOSDAQ,214260,(주)라파스,2023,2024,2019.0,small_and_medium,manufacturing,0.840569,0.291574,100404607.0,0.321781,2.107707,0.102108,-6.46415,-0.331051,12615826.0,-0.755565,-0.091725,-0.040337,-0.285054,-0.026549,-0.17634,-0.064714,-0.337271,-0.074104,3566982.0,0.027208,0.410241,0.0,5.168707,6.374,0.564763,0.045226,0.033901,1.0,1.0,1.0
KOSDAQ,84650,(주)랩지노믹스,2022,2023,2014.0,small_and_medium,it_services,8.769955,4.951397,250652717.0,0.839849,0.190691,0.0766,-11.342601,0.331043,96766741.0,115.346444,0.252913,0.264134,0.301142,1.717749,3.591382,0.476295,120.135294,-0.083895,3558433.0,0.00405,3.606482,1.0,1.017277,5.851,0.0,0.226966,-0.083246,0.0,0.0,0.0
KOSDAQ,217500,(주)러셀,2023,2024,2015.0,small_and_medium,manufacturing,3.716255,1.752393,74553297.0,0.752295,0.329265,0.0,-16.630488,0.033699,6975921.0,2.175208,0.028298,0.025104,0.037615,0.018773,,0.007754,0.402937,0.01556,720790.0,0.010261,2.421098,1.0,1.77817,6.374,,-0.049437,-0.057572,0.0,0.0,0.0
KOSDAQ,60300,(주)레드로버,2018,2019,2002.0,small_and_medium,it_services,8.705259,0.309133,113883154.0,0.890023,0.123566,0.105524,-3.255398,-4.068168,-10386153.0,-29.209674,-0.438526,-0.210972,-0.492713,-0.255486,-0.266265,-0.260657,-3.890165,-0.410429,631431.0,0.004659,0.980159,0.0,0.841284,6.168,0.398884,-0.302825,-3.770662,1.0,1.0,1.0
KOSDAQ,294140,(주)레몬,2023,2024,2020.0,mid_sized,manufacturing,,,0.0,,,,,,0.0,1000000.0,,,,,,,1000000.0,,0.0,,,0.0,,6.374,,,,0.0,0.0,0.0
KOSDAQ,281740,(주)레이크머티리얼즈,2023,2024,2017.0,small_and_medium,manufacturing,1.148024,0.346016,299869696.0,0.369277,1.707994,0.535598,-15.846806,0.206885,42117694.0,4.688118,0.081253,0.098464,0.220034,0.078109,0.091982,0.12542,2.345638,0.032,9610199.0,0.003118,0.622783,0.0,10.298688,6.374,0.49469,0.404475,0.000357,0.0,0.0,0.0
KOSDAQ,277810,(주)레인보우로보틱스,2023,2024,2021.0,small_and_medium,manufacturing,117.078218,87.166821,132611487.0,0.985256,0.014965,0.0,-12.46981,-0.055228,7274987.0,-145.385647,-0.008191,-0.336244,-0.008313,-0.239582,,-0.030702,-1.527392,-0.002822,750726.0,0.003914,7.803527,0.0,26.132514,6.374,,0.741234,-0.479319,0.0,1.0,0.0
KOSDAQ,90360,(주)로보스타,2023,2024,2011.0,large,manufacturing,2.884855,0.909013,115930938.0,0.775892,0.288838,0.0001,-17.45127,0.006754,12346623.0,69.69135,0.004893,0.009799,0.006306,0.281902,631.769085,0.07133,449.331227,-0.057194,1266652.0,0.009043,3.952087,0.0,3.23013,6.374,1.0,-0.15036,-0.016157,0.0,0.0,0.0
KOSDAQ,67730,(주)로지시스,2023,2024,2015.0,small_and_medium,it_services,,,0.0,,,,,,0.0,1000000.0,,,,,,,1000000.0,,0.0,,,0.0,,6.374,,,,0.0,0.0,0.0
KOSDAQ,141080,(주)리가켐 바이오사이언스,2022,2023,2013.0,small_and_medium,it_services,6.699296,4.124239,252530450.0,0.869594,0.149962,0.010692,-14.873429,-1.349567,17848690.0,-176.290193,-0.188978,-0.199481,-0.217317,-0.216679,-2.642805,-0.213563,-24.971297,-0.150304,2538551.0,0.03124,1.014591,0.0,5.398959,5.851,1.0,,,0.0,1.0,0.0
KOSDAQ,16100,(주)리더스코스메틱,2023,2024,2003.0,small_and_medium,manufacturing,0.830755,0.175281,79982600.0,0.552852,0.808804,0.325071,-3.629994,0.002502,12614971.0,-3.558624,-0.07561,-0.0539,-0.136763,-0.157794,-0.217052,-0.081459,-4.65838,0.072724,2007301.0,0.014162,1.937105,0.0,0.937366,6.374,0.884615,0.005753,0.011255,0.0,1.0,0.0
KOSDAQ,12700,(주)리드코프,2018,2019,1996.0,mid_sized,wholesale_retail,1.472615,0.042847,1140659526.0,0.292317,2.42094,0.325706,-23.200957,0.068944,218098383.0,1000000.0,0.038136,0.039353,0.130461,0.0077,0.016729,0.013394,1000000.0,0.022599,1138665.0,0.001218,0.574859,1.0,0.423579,6.168,0.775898,0.023192,-0.012912,0.0,0.0,0.0
KOSDAQ,439090,(주)마녀공장,2023,2024,2023.0,mid_sized,manufacturing,11.932966,5.470688,105466996.0,0.920149,0.086781,0.0,-58.252521,0.110778,66911732.0,545.218472,0.140441,0.150398,0.152629,1.120883,,0.089901,324.466985,0.020785,696420.0,0.031456,12.467936,0.0,3.797307,6.374,,,,0.0,0.0,0.0
KOSDAQ,195500,(주)마니커에프앤지,2022,2023,2019.0,small_and_medium,manufacturing,,,0.0,,,,,,0.0,1000000.0,,,,,,,1000000.0,,0.0,,,0.0,,5.851,,,,0.0,0.0,0.0
KOSDAQ,38290,(주)마크로젠,2023,2024,2000.0,mid_sized,it_services,1.285332,0.402997,257818021.0,0.62431,0.601769,0.140643,-28.693261,-0.126131,49239677.0,-0.43016,-0.078479,-0.001641,-0.125705,0.049198,0.13142,0.035883,4.844677,-0.083454,10207712.0,0.010185,1.371087,1.0,1.414462,6.374,0.248206,-0.079634,0.032618,0.0,1.0,0.0
KOSDAQ,100590,(주)머큐리,2023,2024,2018.0,mid_sized,manufacturing,2.673121,0.389528,138149850.0,0.728934,0.371866,0.057744,-11.722934,0.021524,22483186.0,3.534062,0.029641,0.035766,0.040664,0.459883,2.158817,0.1121,12.317411,-0.100723,2389970.0,0.009702,4.102447,0.0,0.825281,6.374,0.945474,,,0.0,0.0,0.0
KOSDAQ,67280,(주)멀티캠퍼스,2023,2024,2006.0,large,it_services,2.844975,0.451962,311785248.0,0.633079,0.579582,0.0,-65.607704,0.08907,100377047.0,23.338046,0.135428,0.12921,0.21392,0.518938,,0.165553,34.391915,-0.087967,11672668.0,0.053202,3.134582,1.0,1.023905,6.374,,0.068674,0.003641,0.0,0.0,0.0
KOSDAQ,54180,(주)메디콕스,2019,2020,2001.0,small_and_medium,manufacturing,0.392084,0.220798,59153080.0,0.357824,1.794669,0.258651,-0.511104,-0.199747,1841855.0,-1.049414,-0.034961,-0.01081,-0.097705,-0.046409,-0.115225,-0.170276,-2.89318,-0.005158,931816.0,3.1e-05,0.272554,0.0,3.679428,6.092,0.130719,,,0.0,1.0,0.0
KOSDAQ,241770,(주)메카로,2023,2024,2017.0,small_and_medium,manufacturing,13.235989,1.581062,196247742.0,0.948617,0.054167,0.000285,-35.529079,-0.057817,14298558.0,-96.040548,-0.020225,-0.043148,-0.021321,-0.938118,-168.926054,-0.232082,-107.293565,0.036195,7334224.0,0.013177,4.042186,1.0,0.491116,6.374,0.0,-0.100718,-0.867108,0.0,1.0,0.0
KOSDAQ,12860,(주)모베이스전자,2023,2024,1994.0,mid_sized,manufacturing,0.925435,0.010871,788647117.0,0.279086,2.583128,0.224447,-5.010919,0.0082,100190473.0,2.080322,0.012423,0.035185,0.044513,0.007878,0.025305,0.004768,0.335807,0.004087,28038341.0,0.015095,1.6522,1.0,0.702056,6.374,0.785758,0.124429,0.000829,0.0,0.0,0.0
KOSDAQ,28040,(주)미래SCI,2016,2017,1996.0,small_and_medium,wholesale_retail,1.375941,0.000862,45422612.0,0.360715,1.772269,0.45496,-0.779243,-0.441666,4462603.0,1.857647,-0.014721,0.044704,-0.04081,-0.069782,-0.098054,-0.122739,-1.853761,-0.115917,803046.0,0.004735,0.568541,0.0,3.197988,6.043,0.992744,0.035928,-0.145539,1.0,0.0,0.0
KOSDAQ,218150,(주)미래생명자원,2023,2024,2015.0,small_and_medium,manufacturing,5.323144,0.279543,51590515.0,0.855974,0.168259,0.053036,-20.630381,0.005985,8204812.0,0.050511,0.007617,0.000391,0.008898,0.434648,1.180332,0.053812,8.081382,-0.055638,901917.0,0.003462,8.077118,0.0,2.01106,6.374,0.981726,-0.080305,-0.005625,0.0,1.0,0.0
KOSDAQ,59090,(주)미코,2020,2021,2002.0,small_and_medium,manufacturing,1.765993,1.105592,519003421.0,0.451872,1.213018,0.300937,-13.977546,0.094726,127721309.0,5.90624,0.072904,0.083478,0.161338,0.187752,0.341971,0.190145,7.281194,-0.051644,25039225.0,0.013075,0.987411,1.0,2.016352,6.282,0.333274,0.281559,0.001676,0.0,0.0,0.0
KOSDAQ,18700,(주)바른손,2023,2024,1994.0,small_and_medium,wholesale_retail,1.716814,0.640268,68642105.0,0.621943,0.607865,0.001267,-0.215597,-0.259531,61503409.0,-8.435813,-0.232511,-0.082922,-0.373847,-0.195766,-58.393701,-0.082601,-7.529233,-0.158529,1624422.0,0.027431,2.370016,0.0,1.508724,6.374,1.0,-0.228122,0.170869,0.0,1.0,1.0
KOSDAQ,8470,(주)부-스타,2022,2023,2011.0,small_and_medium,manufacturing,3.585902,0.63252,96234088.0,0.817935,0.222591,0.0,-17.730548,-0.013454,9833375.0,-120.149629,-0.017847,-0.034369,-0.02182,-0.034703,,-0.006618,-22.087802,-0.006525,1339345.0,0.003872,5.243445,1.0,0.520006,5.851,,,,0.0,1.0,0.0
KOSDAQ,100120,(주)뷰웍스,2023,2024,2009.0,mid_sized,manufacturing,2.550907,0.56382,292673433.0,0.736809,0.357203,0.173658,-42.120861,0.067011,95294155.0,7.554133,0.057022,0.064018,0.07739,0.301902,0.457552,0.105585,9.375968,-0.029028,5633437.0,0.017357,2.859324,1.0,1.252294,6.374,0.995081,0.014785,-0.044196,0.0,0.0,0.0
KOSDAQ,406820,(주)뷰티스킨,2023,2024,2023.0,small_and_medium,manufacturing,1.023846,0.081958,74235175.0,0.472767,1.115209,0.389777,-18.861635,-0.10692,7187888.0,-4.95196,-0.130974,-0.081858,-0.277038,-0.468798,-0.63412,-0.226794,-14.95219,0.130641,716989.0,0.077721,2.067068,0.0,1.666529,6.374,0.963539,,,0.0,1.0,0.0
KOSDAQ,64480,(주)브리지텍,2023,2024,2008.0,small_and_medium,it_services,,,0.0,,,,,,0.0,1000000.0,,,,,,,1000000.0,,0.0,,,0.0,,6.374,,,,0.0,0.0,0.0
KOSDAQ,251630,(주)브이원텍,2017,2018,2017.0,small_and_medium,manufacturing,2.95513,0.409114,88099849.0,0.697392,0.433914,0.0,-15.681877,0.284028,19431914.0,1543.801482,0.156763,0.17504,0.224785,0.58789,,0.404771,1569.024827,-0.053068,56342.0,1.8e-05,1.452401,0.0,5.688808,6.229,,,,0.0,0.0,0.0
KOSDAQ,18290,(주)브이티,2023,2024,1994.0,small_and_medium,manufacturing,1.526617,0.489278,256624726.0,0.574055,0.741993,0.095943,-7.230442,0.107243,139898542.0,26.150109,0.161794,0.177483,0.281843,0.288464,1.280652,0.106705,18.103443,0.00062,5472196.0,0.020232,2.703383,0.0,3.965765,6.374,1.0,0.162792,0.052278,0.0,0.0,0.0
KOSDAQ,121800,(주)비덴트,2017,2018,2011.0,small_and_medium,manufacturing,3.65628,1.392983,163730638.0,0.854412,0.170395,0.095044,-12.210774,2.74884,6570870.0,-6.147055,0.426447,-0.039371,0.499111,0.065098,0.099716,0.064842,1.47973,0.392303,562675.0,0.005838,1.003956,0.0,3.633398,6.229,0.646568,0.755524,3.660781,0.0,1.0,1.0
KOSDAQ,141000,(주)비아트론,2017,2018,2012.0,small_and_medium,manufacturing,3.821689,1.40456,139163928.0,0.779538,0.282812,0.0,-16.909384,0.12077,29567450.0,1000000.0,0.108313,0.149619,0.138945,0.366822,,0.11167,1000000.0,0.00659,627110.0,0.00506,3.284858,1.0,2.311637,6.229,,0.083598,-0.052122,0.0,0.0,0.0
KOSDAQ,139050,(주)비에프랩스,2023,2024,2011.0,small_and_medium,it_services,1.021292,0.323003,60756776.0,0.71772,0.393301,0.019395,-9.494907,0.002832,12362571.0,-3.72314,0.000766,-0.030803,0.001068,-0.108759,-1.582888,-0.064789,-3.710754,0.032042,1022009.0,0.082602,1.678665,0.0,1.185337,6.374,1.0,-0.099809,0.683682,1.0,1.0,1.0
KOSDAQ,86670,(주)비엠티,2023,2024,2007.0,small_and_medium,manufacturing,1.405118,0.098016,249332427.0,0.486367,1.056059,0.38122,-25.578599,0.111793,37657325.0,4.092266,0.075876,0.069916,0.156006,0.113093,0.152375,0.09681,3.399961,0.00899,3993929.0,0.004921,1.1682,1.0,1.012845,6.374,0.583338,0.048045,0.006816,0.0,0.0,0.0
KOSDAQ,230980,(주)비유테크놀러지,2021,2022,2016.0,small_and_medium,it_services,1.085768,0.401954,65384771.0,0.452183,1.211492,0.073717,-4.001323,-0.61906,1345206.0,-1.587643,-0.1271,-0.053189,-0.28108,-0.068336,-0.507826,-0.182118,-1.117417,-0.089816,1058702.0,0.065157,0.375229,0.0,4.008939,6.246,0.6639,0.483924,-0.556177,0.0,1.0,0.0
KOSDAQ,138580,(주)비즈니스온커뮤니케이션,2022,2023,2017.0,small_and_medium,it_services,1.03775,0.488399,96367935.0,0.628517,0.591046,0.138359,-4.370498,0.135935,43914434.0,14.706123,0.058845,0.12516,0.093624,0.279454,0.750312,0.22781,12.197757,-0.041867,1099451.0,0.100371,1.226694,1.0,2.539802,5.851,0.0,0.300406,-0.034214,0.0,0.0,0.0
KOSDAQ,126600,(주)비지에프에코머티리얼즈,2023,2024,2010.0,mid_sized,manufacturing,2.836213,1.406457,570459146.0,0.765613,0.306143,0.048771,-15.165994,-0.034329,53340548.0,3.798397,-0.00418,0.030139,-0.00546,0.181795,0.873689,0.085093,5.370159,-0.059801,6045200.0,0.037984,2.136433,1.0,0.55425,6.374,0.884982,0.619961,-0.144012,0.0,0.0,0.0
KOSDAQ,82920,(주)비츠로셀,2022,2023,2009.0,small_and_medium,manufacturing,2.95917,0.947999,237181521.0,0.782962,0.277201,0.002255,-16.243404,0.163936,41593835.0,36.07169,0.120224,0.121533,0.15355,0.514773,49.551123,0.187963,33.160577,-0.014281,9922456.0,0.010189,2.738697,1.0,1.478826,5.851,1.0,0.149987,0.013636,0.0,0.0,0.0
KOSDAQ,54220,(주)비츠로시스,2017,2018,2001.0,small_and_medium,manufacturing,,,0.0,,,,,,0.0,1000000.0,,,,,,,1000000.0,,0.0,,,0.0,,6.229,,,,0.0,0.0,0.0
KOSDAQ,42370,(주)비츠로테크,2022,2023,2000.0,mid_sized,it_services,2.176022,0.716261,514117168.0,0.649077,0.54065,0.077096,-24.473375,0.056069,68891355.0,15.118554,0.056844,0.063658,0.087577,0.28668,1.304898,0.148758,23.892849,-0.062684,14978974.0,0.014463,1.927158,1.0,0.526825,5.851,0.410972,0.128989,-0.016823,0.0,0.0,0.0
KOSDAQ,307870,(주)비투엔,2023,2024,2018.0,small_and_medium,it_services,,,0.0,,,,,,0.0,1000000.0,,,,,,,1000000.0,,0.0,,,0.0,,6.374,,,,0.0,0.0,0.0
KOSDAQ,44480,(주)빌리언스,2022,2023,2001.0,small_and_medium,manufacturing,1.411835,0.738904,172347935.0,0.618698,0.616299,0.031918,-5.593575,-0.310653,17202031.0,-2.471257,-0.142757,-0.051544,-0.230737,-0.02497,-0.298303,-0.021021,-0.456489,-0.131182,5978473.0,0.01857,1.18784,0.0,0.453472,5.851,0.995577,-0.031306,0.92218,1.0,1.0,1.0
KOSDAQ,122350,(주)삼기,2023,2024,2010.0,mid_sized,manufacturing,0.742399,0.146421,595066359.0,0.287667,2.476238,0.40621,-43.648844,0.015383,49619938.0,0.636545,0.008295,0.013123,0.028835,0.137408,0.24096,0.108375,4.747779,-0.083987,49838505.0,0.001134,1.267894,1.0,0.488254,6.374,0.506781,0.242359,0.068055,0.0,1.0,0.0
KOSDAQ,419050,(주)삼기에너지솔루션즈,2023,2024,2023.0,mid_sized,manufacturing,1.336269,0.490722,260839475.0,0.392623,1.546974,0.360197,-16.905292,0.052321,8980283.0,0.349485,0.023402,0.002855,0.059605,0.055797,0.094087,0.097297,4.147858,-0.015666,6998989.0,0.0,0.573469,0.0,1.614048,6.374,0.212871,,,0.0,1.0,0.0
KOSDAQ,32280,(주)삼일,2019,2020,1997.0,mid_sized,transport_storage,,,0.0,,,,,,0.0,1000000.0,,,,,,,1000000.0,,0.0,,,0.0,,6.092,,,,0.0,0.0,0.0
KOSDAQ,2290,(주)삼일기업공사,2023,2024,1992.0,small_and_medium,construction,,,0.0,,,,,,0.0,1000000.0,,,,,,,1000000.0,,0.0,,,0.0,,6.374,,,,0.0,0.0,0.0
KOSDAQ,54090,(주)삼진엘앤디,2023,2024,2004.0,small_and_medium,manufacturing,1.0646,0.206613,181406980.0,0.391292,1.555638,0.376574,-4.687919,-0.107848,17608147.0,-3.574868,-0.119796,-0.079637,-0.306155,0.035015,0.056599,0.018175,0.956771,-0.147786,7849341.0,0.015061,1.926531,0.0,0.595648,6.374,0.762739,-0.10903,-0.10156,0.0,1.0,1.0
KOSDAQ,27580,(주)상보,2020,2021,2007.0,small_and_medium,manufacturing,1.023856,0.168379,111169483.0,0.303651,2.29325,0.341766,-0.442036,0.024792,19680921.0,1.730137,0.034492,0.060704,0.113592,0.047817,0.097426,0.028449,0.94901,-0.00428,4013651.0,0.017124,1.680786,0.0,1.830745,6.282,0.987806,0.063216,0.2369,0.0,0.0,0.0
KOSDAQ,38540,(주)상상인,2023,2024,2000.0,mid_sized,it_services,1.985727,0.248687,6714393955.0,0.118832,7.415276,0.225749,-12.952092,-0.066351,52768465.0,-8.235317,-0.012123,-0.009639,-0.102022,-0.269797,-1.053101,-1.703651,-203.125298,0.228478,12442340.0,0.00195,0.158364,0.0,0.27132,6.374,0.994842,0.065427,-0.121608,0.0,1.0,0.0
KOSDAQ,89980,(주)상아프론테크,2023,2024,2011.0,mid_sized,manufacturing,1.704291,0.209652,348952308.0,0.553159,0.807799,0.282203,-23.144803,0.065328,36178034.0,1.206228,0.048728,0.025672,0.08809,0.1839,0.291187,0.156181,3.861005,-0.047802,13516190.0,0.002295,1.177474,1.0,1.847188,6.374,0.615895,0.038675,0.024337,0.0,0.0,0.0
KOSDAQ,252990,(주)샘씨엔에스,2023,2024,2021.0,mid_sized,manufacturing,,,0.0,,,,,,0.0,1000000.0,,,,,,,1000000.0,,0.0,,,0.0,,6.374,,,,0.0,0.0,0.0
KOSDAQ,38070,(주)서린바이오사이언스,2023,2024,2005.0,small_and_medium,wholesale_retail,2.602719,0.520932,114099910.0,0.747058,0.338584,0.006767,-18.593706,-0.025936,19920885.0,1.004852,-0.016904,0.021862,-0.022628,0.032243,1.205242,0.010389,0.374856,-0.028516,1173801.0,0.005093,3.103514,1.0,0.939077,6.374,0.872296,-0.153993,-0.123364,0.0,0.0,0.0
KOSDAQ,79650,(주)서산,2023,2024,2005.0,small_and_medium,manufacturing,11.673798,1.137157,113918965.0,0.933283,0.071487,0.0,-52.159292,0.037193,5447483.0,-151.972436,0.016645,-0.013842,0.017835,0.548842,,0.101118,402.024865,-0.023149,2265857.0,0.008947,5.427721,0.0,0.301735,6.374,,0.020495,0.011555,0.0,1.0,1.0
KOSDAQ,19770,(주)서연탑메탈,2020,2021,2011.0,mid_sized,manufacturing,1.374353,0.202625,137189005.0,0.510427,0.959142,0.221714,-11.021465,0.02337,11088626.0,8.719115,0.048185,0.04944,0.094401,0.279845,0.617932,0.132924,24.161665,-0.112916,3800177.0,0.00841,2.105296,1.0,1.503976,6.282,0.868701,-0.122136,0.04345,0.0,0.0,0.0
KOSDAQ,18680,(주)서울제약,2017,2018,2000.0,small_and_medium,manufacturing,,,0.0,,,,,,0.0,1000000.0,,,,,,,1000000.0,,0.0,,,0.0,,6.229,,,,0.0,0.0,0.0
KOSDAQ,189860,(주)서전기전,2021,2022,2014.0,small_and_medium,manufacturing,,,0.0,,,,,,0.0,1000000.0,,,,,,,1000000.0,,0.0,,,0.0,,6.246,,,,0.0,0.0,0.0
KOSDAQ,140070,(주)서플러스글로벌,2023,2024,2017.0,mid_sized,wholesale_retail,1.849892,0.149371,344199779.0,0.549459,0.819973,0.27107,-50.131069,0.033467,39255762.0,2.198383,0.020021,0.037864,0.036438,-0.132216,-0.219753,-0.123489,-3.458575,0.075712,5719534.0,0.002574,1.070666,1.0,0.712874,6.374,0.527611,-0.065562,-0.076457,0.0,0.0,0.0
KOSDAQ,11370,(주)서한,2023,2024,1994.0,mid_sized,construction,1.635558,0.283437,1127692671.0,0.354847,1.818119,0.246827,-6.932177,0.013738,56383402.0,1.358098,0.007762,0.021488,0.021875,-0.010109,-0.026422,-0.01183,-0.412184,0.014095,6711052.0,0.002791,0.854472,1.0,0.247095,6.374,0.594945,0.07624,-0.040176,1.0,0.0,0.0
KOSDAQ,35890,(주)서희건설,2023,2024,1999.0,mid_sized,construction,1.675562,0.373275,1538840694.0,0.548252,0.82398,0.053696,-6.342393,0.08786,290352791.0,44.185284,0.104089,0.148303,0.189857,0.116056,0.976392,0.055953,15.620375,0.029898,26094683.0,0.013429,2.074184,1.0,0.372903,6.374,0.717736,-0.047773,0.018231,0.0,0.0,0.0
KOSDAQ,171090,(주)선익시스템,2018,2019,2017.0,small_and_medium,manufacturing,2.75145,1.211347,116006785.0,0.723519,0.382134,0.009098,-17.653261,0.043715,22606963.0,76523.189189,0.084668,0.07322,0.117023,0.329864,10.024578,0.089662,95314.774775,-0.046736,814315.0,0.007429,3.678958,0.0,0.80951,6.168,0.265302,-0.015441,-0.035297,0.0,0.0,0.0
KOSDAQ,15750,(주)성우하이텍,2016,2017,1995.0,mid_sized,manufacturing,1.04179,0.152014,3445158804.0,0.334391,1.990509,0.380678,-37.40103,0.007151,377732243.0,4.208729,0.019502,0.040672,0.058321,0.119254,0.208513,0.071321,8.213776,-0.071417,207359496.0,0.002111,1.672079,1.0,0.40051,6.043,0.350383,0.066908,-0.00163,0.0,0.0,0.0
KOSDAQ,53060,(주)세동,2023,2024,2001.0,mid_sized,manufacturing,1.070256,0.180271,117868912.0,0.317504,2.149563,0.285068,-3.238886,0.057695,27167789.0,5.464093,0.0955,0.106515,0.300783,0.172273,0.412448,0.081571,6.031484,-0.034414,5168871.0,0.009679,2.111942,0.0,0.886554,6.374,0.145831,0.075101,-0.021571,0.0,0.0,0.0
KOSDAQ,11560,(주)세보엠이씨,2019,2020,1996.0,mid_sized,construction,1.722174,0.04359,289059467.0,0.513341,0.948024,0.176019,-27.183471,-0.012321,1640857.0,-10.751403,-0.020685,-0.030961,-0.040296,-0.35368,-0.977857,-0.080807,-59.770536,0.145877,2863100.0,0.012662,4.376867,1.0,0.56487,6.092,1.0,0.173103,-0.05697,1.0,1.0,0.0
KOSDAQ,24830,(주)세원물산,2023,2024,1994.0,mid_sized,manufacturing,,,0.0,,,,,,0.0,1000000.0,,,,,,,1000000.0,,0.0,,,0.0,,6.374,,,,0.0,0.0,0.0
KOSDAQ,39310,(주)세중,2023,2024,2000.0,mid_sized,it_services,3.558111,1.185333,131031483.0,0.772786,0.294019,0.038159,-10.175496,0.379083,13853983.0,3.323704,0.024834,0.009015,0.032135,-0.265523,-1.581042,-0.217769,-22.243012,0.165351,858743.0,0.031007,1.219287,0.0,0.424142,6.374,1.0,0.009988,0.291624,0.0,0.0,0.0
KOSDAQ,222810,(주)세토피아,2022,2023,2015.0,small_and_medium,manufacturing,0.880996,0.30112,74188915.0,0.394604,1.534184,0.138698,-0.094682,-0.349254,3095608.0,-3.07319,-0.578983,-0.15908,-1.467251,-0.156869,-0.68471,-0.060459,-1.834629,-0.453636,1485209.0,0.201147,2.594645,1.0,1.9275,5.851,0.981381,-0.116391,-0.213136,1.0,1.0,1.0
KOSDAQ,252500,(주)세화피앤씨,2021,2022,2016.0,small_and_medium,manufacturing,,,0.0,,,,,,0.0,1000000.0,,,,,,,1000000.0,,0.0,,,0.0,,6.246,,,,0.0,0.0,0.0
KOSDAQ,347000,(주)센코,2023,2024,2020.0,small_and_medium,manufacturing,1.325257,0.334226,69624569.0,0.603647,0.656596,0.043088,-1.54681,-0.034216,12116361.0,0.534053,-0.021793,0.032255,-0.036102,0.106195,0.976847,0.086314,0.696893,-0.058776,925471.0,0.006284,1.230338,0.0,2.315053,6.374,1.0,-0.093241,-0.05501,0.0,1.0,0.0
KOSDAQ,352770,(주)셀레스트라,2022,2023,2020.0,small_and_medium,manufacturing,1.420221,0.234994,97103964.0,0.547833,0.825374,0.040041,-38.057422,-0.443372,8237866.0,-3.556922,-0.104238,-0.111052,-0.190274,-0.272639,-3.078783,-0.518596,-3.948524,0.017882,3894417.0,0.008335,0.525726,0.0,1.742438,5.851,0.0,-0.053451,-0.72939,0.0,1.0,0.0
KOSDAQ,49180,(주)셀루메드,2022,2023,2002.0,small_and_medium,manufacturing,1.933829,0.295255,93255932.0,0.591162,0.691584,0.063267,-1.639256,-0.044127,13630928.0,-1.092761,-0.051475,-0.029253,-0.087074,-0.217363,-1.40463,-0.067881,-3.319652,0.031097,1596966.0,0.062208,3.202104,0.0,3.322906,5.851,0.969492,-0.032318,-0.128496,1.0,1.0,0.0
KOSDAQ,318160,(주)셀바이오휴먼텍,2023,2024,2023.0,small_and_medium,manufacturing,3.145113,0.473479,53196406.0,0.837701,0.193743,0.110448,-7.777129,-0.067965,7728577.0,6.440114,-0.015261,0.059203,-0.018218,0.203767,0.299427,0.064385,3.597461,-0.067981,1754466.0,0.024102,3.164832,0.0,0.849973,6.374,1.0,,,0.0,0.0,0.0
KOSDAQ,91990,(주)셀트리온헬스케어,2020,2021,2017.0,large,wholesale_retail,2.110578,0.139641,3739698458.0,0.516868,0.934731,0.052848,-11.732574,0.147706,541774661.0,42.241156,0.084146,0.096829,0.162799,-0.012513,-0.114394,-0.01389,-2.637285,0.07033,2630000.0,0.001022,0.900833,0.0,12.801811,6.282,1.0,0.312679,0.088697,1.0,0.0,0.0
KOSDAQ,68940,(주)셀피글로벌,2023,2024,2010.0,small_and_medium,manufacturing,1.678025,0.380461,32935484.0,0.565646,0.76789,0.224906,-1.434597,0.006792,8312713.0,2.910385,0.026368,0.062517,0.046616,0.138618,0.267708,0.057399,2.802954,-0.053084,1132151.0,0.001234,2.414992,0.0,1.597801,6.374,1.0,-0.243946,-0.256123,0.0,0.0,0.0
KOSDAQ,7720,(주)소노스퀘어,2022,2023,1994.0,mid_sized,wholesale_retail,2.547892,0.271765,168960318.0,0.679387,0.471914,0.0,-1.277559,-0.107275,32991845.0,-6.192123,-0.113045,-0.109516,-0.166393,-0.443805,,-0.140615,-8.045187,0.033737,1560381.0,0.01067,3.156177,0.0,0.662112,5.851,,-0.113138,0.04378,1.0,1.0,1.0
KOSDAQ,32680,(주)소프트센,2023,2024,1997.0,small_and_medium,it_services,1.862578,1.381291,102567984.0,0.637591,0.568404,0.066687,-2.085213,-0.163197,5107585.0,-0.856689,-0.103403,-0.013833,-0.162178,0.192453,1.045874,0.117112,4.319582,-0.16694,560050.0,0.023075,1.643327,0.0,0.951312,6.374,0.350877,-0.160173,-0.321119,0.0,1.0,0.0
KOSDAQ,215090,(주)솔디펜스,2023,2024,2015.0,small_and_medium,manufacturing,,,0.0,,,,,,0.0,1000000.0,,,,,,,1000000.0,,0.0,,,0.0,,6.374,,,,0.0,0.0,0.0
KOSDAQ,236200,(주)슈프리마,2023,2024,2016.0,small_and_medium,manufacturing,8.897837,2.958649,218430672.0,0.934414,0.07019,5e-06,-55.748739,0.242571,58113467.0,1399.524738,0.112738,0.076277,0.120651,1.634293,23412.976,0.247415,1966.650651,-0.002099,1705395.0,0.040606,6.605465,0.0,0.734818,6.374,0.0,0.127167,0.042702,0.0,0.0,0.0
KOSDAQ,94840,(주)슈프리마에이치큐,2022,2023,2008.0,small_and_medium,manufacturing,15.376718,3.823634,204537263.0,0.953909,0.048318,5e-06,-36.26375,0.423286,14964112.0,648.686438,0.052621,0.032295,0.055163,0.706964,6664.725,0.205682,654.495237,0.034473,674154.0,0.015971,3.437173,0.0,0.289826,5.851,0.0,0.049724,0.031712,0.0,0.0,0.0
KOSDAQ,192440,(주)슈피겐코리아,2017,2018,2014.0,small_and_medium,manufacturing,4.996278,1.617797,257553469.0,0.859524,0.163434,0.0208,-70.222812,0.1807,158647716.0,327.884234,0.174749,0.187641,0.203308,0.99291,6.7059,0.159665,243.727638,0.018376,855698.0,0.004332,6.218729,1.0,1.274872,6.229,1.0,0.196302,-0.03436,0.0,0.0,0.0
KOSDAQ,352090,(주)스톰테크,2023,2024,2023.0,small_and_medium,manufacturing,,,0.0,,,,,,0.0,1000000.0,,,,,,,1000000.0,,0.0,,,0.0,,6.374,,,,0.0,0.0,0.0
KOSDAQ,13810,(주)스페코,2023,2024,1997.0,small_and_medium,manufacturing,2.21263,0.3128,85012075.0,0.556471,0.79704,0.094104,-5.455845,-0.089491,6097796.0,-4.293795,-0.018139,-0.048799,-0.032597,0.078228,0.368704,0.128313,3.05295,-0.058896,1781220.0,0.003976,0.609671,0.0,1.017682,6.374,1.0,-0.008955,-0.109156,0.0,1.0,1.0
KOSDAQ,347700,(주)스피어코퍼레이션,2022,2023,2021.0,small_and_medium,it_services,,,0.0,,,,,,0.0,1000000.0,,,,,,,1000000.0,,0.0,,,0.0,,5.851,,,,0.0,0.0,0.0
KOSDAQ,48870,(주)시너지이노베이션,2022,2023,2004.0,small_and_medium,manufacturing,2.090305,0.048947,227375842.0,0.75498,0.324539,0.07459,-3.151072,0.752521,5839591.0,0.435929,-0.038664,0.005295,-0.051212,0.231011,0.758845,0.424488,4.660226,0.043741,4289624.0,0.003825,0.544211,1.0,1.344231,5.851,0.919811,0.12174,0.633106,0.0,1.0,0.0
KOSDAQ,269620,(주)시스웍,2021,2022,2017.0,small_and_medium,manufacturing,0.347062,0.153491,93583385.0,0.018408,53.323607,0.0,0.841333,-4.975819,119186.0,-1.67112,-0.923364,-0.113115,-50.160465,-0.088301,,-0.478003,-1.280517,-0.815585,2110623.0,0.008825,0.18473,0.0,66.491517,6.246,,0.008537,-3.779221,0.0,1.0,0.0
KOSDAQ,131090,(주)시큐브,2023,2024,2011.0,small_and_medium,it_services,,,0.0,,,,,,0.0,1000000.0,,,,,,,1000000.0,,0.0,,,0.0,,6.374,,-1.0,,0.0,0.0,0.0
KOSDAQ,187270,(주)신화콘텍,2018,2019,2014.0,small_and_medium,manufacturing,2.858547,1.232428,86006661.0,0.596369,0.676814,0.31508,-9.112872,-0.019605,7260502.0,-0.506723,-0.006127,-0.00508,-0.010274,0.229331,0.293783,0.205735,9.233326,-0.101386,5872037.0,0.008243,1.114695,0.0,0.630879,6.168,0.184509,-0.038716,-0.130923,0.0,1.0,0.0
KOSDAQ,222800,(주)심텍,2015,2016,2015.0,mid_sized,manufacturing,0.494576,0.011148,548348697.0,0.282474,2.540155,0.32559,-13.116296,0.026381,45365377.0,4.492082,0.022164,0.035493,0.078465,0.166939,0.367895,0.166088,15.159871,-0.100757,20657195.0,0.014494,1.005124,0.0,0.928005,5.913,0.583761,,,0.0,0.0,0.0
KOSDAQ,99320,(주)쎄트렉아이,2023,2024,2008.0,small_and_medium,manufacturing,2.028626,1.253451,313827961.0,0.695463,0.437891,0.0,-38.85942,0.330581,15185777.0,-3.035621,0.019287,-0.013873,0.027733,0.29878,,0.227651,19.909787,0.04114,2880673.0,0.039337,1.312448,1.0,1.552958,6.374,,0.21272,0.361333,0.0,1.0,1.0
KOSDAQ,49960,(주)쎌바이오텍,2019,2020,2002.0,small_and_medium,manufacturing,16.533367,2.249337,108303435.0,0.956594,0.045376,0.0,-21.043062,0.157336,35208753.0,108.053386,0.076704,0.053504,0.080184,2.176312,,0.222607,190.775938,-0.027698,2360480.0,0.015714,9.77649,1.0,1.719362,6.092,,-0.033414,-0.152595,0.0,0.0,0.0
KOSDAQ,50890,(주)쏠리드,2022,2023,2005.0,mid_sized,manufacturing,1.112813,0.370686,434335170.0,0.526955,0.897696,0.195392,-6.476932,0.106658,108006137.0,10.04765,0.083469,0.065828,0.158399,0.073579,0.178135,0.054033,5.31263,0.0339,5506229.0,0.037702,1.361751,0.0,1.551439,5.851,1.0,0.175327,-0.005166,0.0,0.0,0.0
KOSDAQ,352700,(주)씨앤투스,2023,2024,2021.0,small_and_medium,manufacturing,9.950796,3.048137,171322450.0,0.949529,0.053154,0.0,-10.346835,0.04238,18660523.0,-7.960277,0.008736,-0.004344,0.009201,0.803444,,0.089025,74.303867,-0.021247,5083838.0,0.009067,9.024925,1.0,0.571777,6.374,,-0.071504,-0.095067,0.0,1.0,0.0
KOSDAQ,65770,(주)씨에스,2022,2023,2004.0,small_and_medium,manufacturing,1.837752,0.108046,34117320.0,0.532419,0.87822,0.0,-0.871577,-0.098921,2099492.0,-7.842751,-0.103104,-0.121157,-0.193653,-0.353819,,-0.16043,-10.709192,0.063429,1051091.0,0.0444,2.205447,0.0,1.602926,5.851,,-0.009611,-0.040907,0.0,1.0,0.0
KOSDAQ,35760,(주)씨제이이엔엠,2023,2024,1999.0,large,it_services,0.818113,0.303619,9949859715.0,0.419882,1.381623,0.284394,-36.78137,-0.090829,1516947837.0,-0.084287,-0.033681,-0.001467,-0.080215,0.224537,0.458019,0.29669,7.481973,-0.170135,77468012.0,0.196553,0.756807,0.0,0.378979,6.374,0.322631,-0.037009,-0.053933,0.0,1.0,0.0
KOSDAQ,357580,(주)아모센스,2022,2023,2021.0,small_and_medium,manufacturing,,,0.0,,,,,,0.0,1000000.0,,,,,,,1000000.0,,0.0,,,0.0,,5.851,,,,0.0,0.0,0.0
KOSDAQ,52710,(주)아모텍,2022,2023,2003.0,mid_sized,manufacturing,1.145042,0.253136,383992349.0,0.460304,1.172478,0.171043,-35.281588,-0.042693,28632944.0,-0.745655,-0.027344,-0.011125,-0.059405,0.016497,0.052053,0.015849,0.596762,-0.032887,17821716.0,0.042997,1.040896,0.0,1.33401,5.851,0.586181,-0.084716,-0.019179,0.0,1.0,1.0
KOSDAQ,83930,(주)아바코,2023,2024,2005.0,mid_sized,manufacturing,1.623727,0.307721,344930662.0,0.533952,0.872826,0.0,-22.0271,0.022783,30417387.0,128.432921,0.01602,0.012781,0.030003,0.113017,,0.097232,529.293518,-0.04033,1725950.0,0.005038,1.162348,1.0,1.275358,6.374,,0.238814,-0.060552,0.0,0.0,0.0
KOSDAQ,149950,(주)아바텍,2023,2024,2012.0,small_and_medium,manufacturing,,,0.0,,,,,,0.0,1000000.0,,,,,,,1000000.0,,0.0,,,0.0,,6.374,,,,0.0,0.0,0.0
KOSDAQ,127710,(주)아시아경제,2022,2023,2015.0,small_and_medium,it_services,0.757079,0.160831,720116712.0,0.263917,2.789074,0.501432,-9.889893,0.204913,31400778.0,-0.757505,0.027177,-0.001589,0.102976,0.148661,0.218229,0.924425,52.177646,-0.085171,2559611.0,0.002419,0.160815,1.0,0.30487,5.851,0.688641,,,0.0,1.0,0.0
KOSDAQ,40910,(주)아이씨디,2023,2024,2011.0,mid_sized,manufacturing,1.70847,0.393364,209531475.0,0.623517,0.603806,0.036226,-13.150825,-0.600692,-5471239.0,-26.548663,-0.199831,-0.177604,-0.320489,-0.018577,-0.193064,-0.023532,-1.045474,-0.171535,4532009.0,0.027629,0.789424,1.0,1.273424,6.374,0.79046,0.034721,-0.56479,1.0,1.0,1.0
KOSDAQ,95340,(주)아이에스시,2020,2021,2007.0,small_and_medium,wholesale_retail,1.351491,0.626754,239465749.0,0.72128,0.386424,0.047593,-23.425917,0.045211,36956758.0,31.434719,0.042293,0.075493,0.058635,0.370922,2.172259,0.203309,43.047788,-0.080394,8079428.0,0.049441,1.824429,1.0,2.210767,6.282,0.87744,0.148764,0.008926,0.0,0.0,0.0
KOSDAQ,90150,(주)아이윈,2023,2024,2006.0,small_and_medium,manufacturing,0.682727,0.089137,139684242.0,0.320486,2.120266,0.304258,-1.1381,-0.325704,28067836.0,1.604927,-0.245109,0.045488,-0.764807,0.069616,0.155478,0.061028,1.669038,-0.299772,2277537.0,0.021684,1.140729,1.0,1.1412,6.374,0.971765,-0.222802,-0.287321,0.0,0.0,0.0
KOSDAQ,31310,(주)아이즈비전,2023,2024,1997.0,mid_sized,it_services,2.160921,0.598676,244902404.0,0.746716,0.339196,0.032573,-16.316178,-0.004231,35965848.0,2.868235,0.007627,0.027707,0.010214,0.34443,2.678213,0.111877,9.030934,-0.090538,2542902.0,0.009491,3.078659,0.0,0.351694,6.374,0.945474,-0.006591,0.023904,0.0,0.0,0.0
KOSDAQ,124500,(주)아이티센글로벌,2023,2024,2014.0,mid_sized,it_services,1.168917,0.286523,777368405.0,0.365863,1.733261,0.112747,-24.050817,-0.002203,165885171.0,4.002752,0.000774,0.039259,0.002115,-0.059503,-0.334668,-0.01042,-3.847155,0.029754,8651228.0,0.012945,5.710722,0.0,0.593993,6.374,0.996308,-0.063978,-0.0141,0.0,0.0,0.0
KOSDAQ,10280,(주)아이티센엔텍,2024,2025,2000.0,mid_sized,it_services,0.958137,0.364561,268818593.0,0.285771,2.499305,0.123875,-1.359217,0.024408,57087369.0,10.424517,0.049056,0.035108,0.171662,0.057621,0.332226,0.025042,12.220004,-0.001043,3808133.0,0.00835,2.30094,0.0,0.541705,6.084,1.0,0.337113,0.011787,0.0,0.0,0.0
KOSDAQ,114840,(주)아이패밀리에스씨,2023,2024,2021.0,small_and_medium,manufacturing,6.160829,1.503774,89832890.0,0.768029,0.302034,0.111318,-15.043368,0.134492,54344453.0,51.402757,0.27499,0.26712,0.358046,0.225113,0.469104,0.03155,10.048774,0.170384,451723.0,0.010065,7.135116,1.0,3.278613,6.374,0.0,,,0.0,0.0,0.0
KOSDAQ,32080,(주)아즈텍더블유비이,2022,2023,2000.0,small_and_medium,manufacturing,,,0.0,,,,,,0.0,1000000.0,,,,,,,1000000.0,,0.0,,,0.0,,5.851,,,,0.0,0.0,0.0
KOSDAQ,59120,(주)아진엑스텍,2023,2024,2014.0,small_and_medium,manufacturing,,,0.0,,,,,,0.0,1000000.0,,,,,,,1000000.0,,0.0,,,0.0,,6.374,,,,0.0,0.0,0.0
KOSDAQ,200350,(주)아티스트스튜디오,2023,2024,2021.0,small_and_medium,it_services,4.851194,3.278469,50859306.0,0.78847,0.268279,0.112074,-10.351071,-0.177588,-659473.0,-21.539632,-0.153748,-0.153119,-0.194996,-0.282096,-0.532432,-0.072494,-8.394202,-0.086505,432978.0,0.002915,3.891294,0.0,1.983954,6.374,0.736842,-0.290094,-0.034298,1.0,1.0,1.0
KOSDAQ,321820,(주)아티스트컴퍼니,2023,2024,2021.0,small_and_medium,it_services,1.624337,1.506539,61225408.0,0.465583,1.147847,0.0,-3.265225,-0.248672,8997934.0,-0.894528,-0.082875,-0.053533,-0.178004,-0.039109,,-0.060156,-0.349248,-0.065499,1367596.0,0.002924,0.650136,0.0,9.354722,6.374,,0.249981,0.281308,1.0,1.0,1.0
KOSDAQ,354320,(주)알멕,2023,2024,2023.0,small_and_medium,manufacturing,2.409958,0.560288,298228397.0,0.492686,1.029688,0.360903,-44.978504,-0.030697,36865671.0,1.959391,-0.020042,0.053156,-0.040678,0.161631,0.227201,0.1132,3.022536,-0.104233,4999362.0,0.001189,1.427835,0.0,2.013984,6.374,0.429165,,,0.0,0.0,0.0
KOSDAQ,61040,(주)알에프텍,2023,2024,2002.0,mid_sized,manufacturing,1.672549,0.907002,425653364.0,0.552435,0.810167,0.176003,-13.655737,0.00486,49841125.0,0.989124,0.012313,0.011839,0.022288,0.146422,0.372341,0.088729,5.474956,-0.061944,11186062.0,0.027377,1.650214,0.0,0.534262,6.374,0.310649,0.127997,-0.028447,0.0,1.0,0.0
KOSDAQ,117670,(주)알파칩스,2018,2019,2010.0,small_and_medium,manufacturing,0.834698,0.103801,102095474.0,0.461224,1.168144,0.015476,-6.164836,-0.072265,7868013.0,-3.072935,-0.057042,-0.059992,-0.123676,-0.146882,-5.113604,-0.094957,-4.053584,0.018911,750138.0,0.007241,1.546833,0.0,3.210122,6.168,0.063291,0.616681,0.075351,1.0,1.0,1.0
KOSDAQ,314140,(주)알피바이오,2023,2024,2022.0,small_and_medium,manufacturing,,,0.0,,,,,,0.0,1000000.0,,,,,,,1000000.0,,0.0,,,0.0,,6.374,,,,0.0,0.0,0.0
KOSDAQ,129890,(주)앱코,2023,2024,2020.0,small_and_medium,manufacturing,,,0.0,,,,,,0.0,1000000.0,,,,,,,1000000.0,,0.0,,,0.0,,6.374,,-1.0,,0.0,0.0,0.0
KOSDAQ,255440,(주)야스,2023,2024,2017.0,small_and_medium,manufacturing,2.151478,0.115082,203450952.0,0.762719,0.311099,0.019661,-22.622454,-0.096396,6167966.0,-22.491113,-0.027248,-0.026726,-0.035725,-0.241084,-2.90959,-0.277184,-48.14074,0.037311,2383580.0,0.006432,0.869762,0.0,0.897035,6.374,0.025,-0.061317,-0.073399,1.0,1.0,1.0
KOSDAQ,263540,(주)어스앤에어로스페이스,2019,2020,2017.0,small_and_medium,manufacturing,,,0.0,,,,,,0.0,1000000.0,,,,,,,1000000.0,,0.0,,,0.0,,6.092,,,,0.0,0.0,0.0
KOSDAQ,217480,(주)에스디생명공학,2023,2024,2017.0,mid_sized,manufacturing,1.912643,0.653108,76122614.0,0.592592,0.687501,0.00867,0.17783,-0.127961,19796957.0,-3.140074,-0.131798,-0.179388,-0.222409,-0.100454,-4.720277,-0.066366,-0.71638,-0.037984,3098485.0,0.002126,1.513651,0.0,0.848972,6.374,1.0,-0.210668,0.679397,1.0,1.0,1.0
KOSDAQ,46140,(주)에스비에스콘텐츠허브,2014,2015,2003.0,large,it_services,2.694731,1.243992,220630106.0,0.70468,0.419083,0.0,-13.487228,0.044157,20308773.0,1000000.0,0.075314,0.059859,0.106877,0.524784,,0.172136,1000000.0,-0.115223,1822713.0,0.011726,3.048658,1.0,2.001763,5.726,,0.086397,-0.080868,0.0,0.0,0.0
KOSDAQ,101490,(주)에스앤에스텍,2023,2024,2009.0,small_and_medium,manufacturing,4.044321,2.02292,256758749.0,0.859946,0.162863,0.045114,-19.585909,0.171998,46647745.0,338.100744,0.10805,0.097521,0.125648,0.710727,2.206403,0.170022,345.099259,0.001157,11877696.0,0.007385,4.180215,1.0,4.401069,6.374,1.0,0.132341,0.030595,0.0,0.0,0.0
KOSDAQ,95910,(주)에스에너지,2023,2024,2007.0,mid_sized,manufacturing,1.307902,0.094741,328815127.0,0.331944,2.012552,0.361602,-10.192117,-0.041142,33621278.0,0.329462,-0.024579,0.009544,-0.074045,-0.010829,-0.020006,-0.014005,-0.249722,-0.014019,9995051.0,0.044887,0.773244,1.0,0.359181,6.374,0.777642,-0.059356,0.065058,1.0,1.0,0.0
KOSDAQ,275630,(주)에스에스알,2023,2024,2018.0,small_and_medium,it_services,,,0.0,,,,,,0.0,1000000.0,,,,,,,1000000.0,,0.0,,,0.0,,6.374,,,,0.0,0.0,0.0
KOSDAQ,419530,(주)에스에이엠지엔터테인먼트,2023,2024,2022.0,small_and_medium,it_services,2.857206,0.239471,100134483.0,0.470283,1.12638,0.209601,-9.963078,-0.179801,23343217.0,-5.700478,-0.170536,-0.094057,-0.362625,-0.223718,-0.565395,-0.124751,-7.182343,-0.052295,3191458.0,0.132547,1.793312,0.0,3.657732,6.374,0.206782,0.305857,0.156301,1.0,1.0,1.0
KOSDAQ,112240,(주)에스에프씨,2017,2018,2011.0,small_and_medium,manufacturing,1.646236,0.016508,120568042.0,0.611362,0.635692,0.101737,-3.304062,-0.356743,5748800.0,-1.989999,-0.165294,-0.025293,-0.270371,-0.078279,-0.299028,-0.082212,-2.393537,-0.101589,1096451.0,0.001912,0.952159,0.0,1.117549,6.229,0.745235,0.230935,-0.395854,0.0,1.0,0.0
KOSDAQ,56190,(주)에스에프에이,2023,2024,2001.0,mid_sized,manufacturing,2.066095,0.303766,2825338249.0,0.572598,0.746427,0.124402,-89.105172,0.025312,183973854.0,7.240473,0.020878,0.030253,0.036463,-0.06349,-0.218128,-0.040755,-6.494376,0.043989,59385183.0,0.064396,1.557857,1.0,0.674767,6.374,0.247039,0.467444,-0.037591,0.0,0.0,0.0
KOSDAQ,36540,(주)에스에프에이반도체,2023,2024,2001.0,mid_sized,manufacturing,3.749152,1.616116,609910067.0,0.770869,0.297237,0.100998,-4.699785,-0.032093,-664091.0,-3.947569,-0.024406,-0.027398,-0.03166,0.257717,0.584672,0.082306,8.508301,-0.082077,44515454.0,0.010852,3.131221,1.0,2.109269,6.374,0.0,-0.096261,-0.097069,0.0,1.0,0.0
KOSDAQ,48550,(주)에스엠컬처앤콘텐츠,2023,2024,2001.0,large,it_services,1.212326,0.302363,319673248.0,0.307161,2.255617,5.2e-05,-1.030705,-0.077883,46940262.0,1.642024,-0.026144,0.006525,-0.085113,-0.046561,-620.477256,-0.081001,-8.118534,0.001242,3153744.0,0.023562,0.574814,0.0,1.858468,6.374,0.0,-0.041001,-0.111624,0.0,0.0,0.0
KOSDAQ,7820,(주)에스엠코어,2023,2024,2011.0,large,manufacturing,2.008641,0.40492,81807021.0,0.594901,0.680953,0.0,-3.858459,-0.107342,-13164699.0,-57.94287,-0.225334,-0.22993,-0.378776,0.235806,,0.04497,24.072464,-0.323539,2207603.0,0.01762,5.243642,1.0,2.235277,6.374,,-0.255309,-0.128815,0.0,1.0,0.0
KOSDAQ,306040,(주)에스제이그룹,2023,2024,2019.0,small_and_medium,manufacturing,2.722233,0.673909,204779125.0,0.666263,0.500908,0.0,-26.658459,0.064408,144531555.0,520.95779,0.075803,0.075338,0.113773,0.146632,,0.049193,338.393665,0.015135,7157640.0,0.004157,2.980731,1.0,0.67755,6.374,,0.042031,-0.082484,0.0,0.0,0.0
KOSDAQ,96630,(주)에스코넥,2022,2023,2007.0,small_and_medium,manufacturing,0.921381,0.274641,166067700.0,0.284335,2.516977,0.182397,-2.562078,0.013537,24569646.0,1.387484,0.036623,0.035066,0.128804,0.076707,0.300973,0.045501,2.172129,-0.038565,10877279.0,0.001771,1.685821,0.0,1.323666,5.851,0.966505,0.161332,0.104999,0.0,0.0,0.0
KOSDAQ,50760,(주)에스폴리텍,2023,2024,2002.0,mid_sized,manufacturing,1.224868,0.675233,109385124.0,0.548494,0.823174,0.327193,-6.345978,-0.074793,9946692.0,-1.50628,-0.065657,-0.023662,-0.119704,-0.010196,-0.01407,-0.006878,-0.293053,-0.04546,4234507.0,0.007332,1.482514,0.0,0.600328,6.374,0.963956,0.006876,-0.040367,0.0,1.0,1.0
KOSDAQ,317830,(주)에스피시스템스,2023,2024,2019.0,small_and_medium,manufacturing,2.190728,1.000634,100924284.0,0.683454,0.463156,0.109983,-63.022897,0.006931,8387958.0,-0.497217,0.004085,-0.003008,0.005977,-0.139834,-0.402459,-0.073866,-7.316305,0.048417,2168800.0,0.022248,1.893075,0.0,1.532264,6.374,0.801802,0.26149,-0.044805,0.0,1.0,0.0
KOSDAQ,200710,(주)에이디테크놀로지,2023,2024,2014.0,mid_sized,manufacturing,1.724157,0.627644,289424082.0,0.513949,0.945719,0.210763,-21.156608,-0.162285,12468531.0,-6.894921,-0.051807,-0.060144,-0.100801,0.134714,0.310671,0.189183,7.506368,-0.121646,3432826.0,0.007299,0.712083,0.0,2.915609,6.374,0.721311,0.236564,-0.196508,0.0,1.0,0.0
KOSDAQ,96690,(주)에이루트,2023,2024,2010.0,small_and_medium,manufacturing,2.152128,0.343314,207091387.0,0.791638,0.263204,0.081564,-0.958843,-0.212873,9088953.0,-16.855789,-0.063942,-0.034141,-0.080772,-0.432729,-1.105445,-0.300073,-44.515478,0.026201,1684115.0,0.009,1.442079,1.0,0.514589,6.374,1.0,0.055785,-0.307094,1.0,1.0,0.0
KOSDAQ,3800,(주)에이스침대,2021,2022,1996.0,mid_sized,manufacturing,1.870146,0.719494,642564454.0,0.875591,0.142086,0.0,-49.732509,0.184437,214376403.0,184.742179,0.133097,0.119445,0.152009,0.880791,,0.203281,169.481549,-0.010158,9769443.0,7.2e-05,4.332884,1.0,0.848568,6.246,,0.115668,0.014049,0.0,0.0,0.0
KOSDAQ,88800,(주)에이스테크놀로지,2023,2024,2006.0,mid_sized,manufacturing,0.680211,0.03758,259504461.0,0.083158,11.02524,0.250788,0.422248,-0.563012,-23080743.0,-7.791406,-0.307295,-0.240037,-3.695296,0.124692,0.455854,0.211837,3.710821,-0.418165,8474000.0,0.027177,0.588621,0.0,7.061853,6.374,0.891359,-0.316233,-0.4374,0.0,1.0,1.0
KOSDAQ,172670,(주)에이엘티,2023,2024,2023.0,small_and_medium,manufacturing,0.685517,0.154127,198032983.0,0.543752,0.839075,0.364763,-23.035184,0.105321,10189759.0,1.268346,-0.00166,0.02472,-0.003053,0.166477,0.208231,0.315417,3.89717,-0.050593,17229897.0,0.002245,0.5278,1.0,1.9097,6.374,0.189935,,,0.0,0.0,0.0
KOSDAQ,78150,(주)에이치비테크놀러지,2023,2024,2004.0,mid_sized,manufacturing,1.646434,0.399018,404241511.0,0.77004,0.298634,0.023253,-5.714752,0.71027,8263158.0,-53.559258,0.240076,-0.054579,0.31177,-0.157712,-1.559662,-0.131314,-35.589801,0.232437,3645021.0,0.008998,1.201035,1.0,0.714844,6.374,1.0,0.307369,0.526491,0.0,1.0,0.0
KOSDAQ,72990,(주)에이치시티,2023,2024,2016.0,small_and_medium,it_services,0.926368,0.254006,141090536.0,0.593551,0.684777,0.253547,-22.357823,0.083751,28817900.0,5.169477,0.049421,0.056789,0.083263,0.244194,0.391457,0.188955,9.034872,-0.055261,11294116.0,0.021454,1.292342,0.0,0.728664,6.374,0.567466,0.064249,0.001672,0.0,0.0,0.0
KOSDAQ,60560,(주)에이치씨홈센타,2020,2021,2002.0,mid_sized,wholesale_retail,0.720589,0.078107,358780169.0,0.433293,1.307906,0.297502,-2.652956,0.025312,28713752.0,1.63257,0.02167,0.018356,0.050013,0.126886,0.241704,0.100816,6.395436,-0.053854,13242874.0,0.102013,1.258587,1.0,0.618677,6.282,0.681863,0.090669,0.02615,0.0,0.0,0.0
KOSDAQ,239610,(주)에이치엘사이언스,2023,2024,2016.0,small_and_medium,manufacturing,11.981759,0.714026,105969071.0,0.968145,0.032903,0.0,-37.053116,-0.05437,15897591.0,-246970.684211,-0.023646,-0.044281,-0.024424,-0.579209,,-0.076413,-102906.052632,0.005323,2046400.0,0.015417,7.579977,0.0,0.837776,6.374,,-0.026177,-0.083374,0.0,1.0,1.0
KOSDAQ,36170,(주)에이치엠넥스,2023,2024,1999.0,small_and_medium,manufacturing,,,0.0,,,,,,0.0,1000000.0,,,,,,,1000000.0,,0.0,,,0.0,,6.374,,-1.0,,0.0,0.0,0.0
KOSDAQ,357230,(주)에이치피오,2023,2024,2021.0,small_and_medium,manufacturing,2.085636,0.622817,215521764.0,0.771747,0.295761,0.0,-14.919201,0.082215,127867200.0,80.341952,0.107357,0.102354,0.139109,0.489678,,0.10382,87.733053,-0.023259,3680631.0,0.016683,4.7166,1.0,0.979949,6.374,,0.18156,0.008429,0.0,0.0,0.0
KOSDAQ,45660,(주)에이텍,2022,2023,2001.0,small_and_medium,manufacturing,,,0.0,,,,,,0.0,1000000.0,,,,,,,1000000.0,,0.0,,,0.0,,5.851,,,,0.0,0.0,0.0
KOSDAQ,224110,(주)에이텍모빌리티,2018,2019,2015.0,small_and_medium,manufacturing,2.504733,0.778882,104147602.0,0.75832,0.318705,0.049449,-28.579478,0.049179,36436190.0,22.439663,0.069505,0.074897,0.091657,0.344883,1.6856,0.073203,24.972639,-0.027354,1932698.0,0.023768,4.711335,1.0,0.507108,6.168,1.0,-0.029954,-0.232058,0.0,0.0,0.0
KOSDAQ,262260,(주)에이프로,2023,2024,2020.0,small_and_medium,manufacturing,1.068035,0.090228,246397152.0,0.293259,2.409956,0.144076,-8.993139,0.051147,39024100.0,22.8648,0.057997,0.062962,0.197767,-0.072366,-0.354976,-0.053408,-18.572876,0.100123,1720470.0,0.005938,1.354965,0.0,2.789914,6.374,0.71831,0.756791,0.072336,0.0,0.0,0.0
KOSDAQ,86520,(주)에코프로,2023,2024,2007.0,large,it_services,1.449585,0.40676,7556978775.0,0.461313,1.167724,0.319024,-260.843073,0.018632,504123622.0,2.548183,0.019081,0.039457,0.041363,0.019873,0.033556,0.011143,0.69137,0.007195,164441574.0,0.030354,1.783464,1.0,4.941891,6.374,0.66074,0.413634,-0.020482,0.0,0.0,0.0
KOSDAQ,247540,(주)에코프로비엠,2023,2024,2019.0,large,manufacturing,1.146476,0.240536,4361774598.0,0.366684,1.727145,0.3818,-31.680069,0.007924,293393318.0,2.239966,0.017814,0.035772,0.048581,0.007465,0.012382,0.002988,0.296031,0.00781,88505347.0,0.003286,2.498158,1.0,17.610931,6.374,0.644258,0.292697,-0.042966,0.0,0.0,0.0
KOSDAQ,383310,(주)에코프로에이치엔,2023,2024,2021.0,large,manufacturing,1.87801,0.287319,225812641.0,0.489649,1.04228,0.310195,-13.448795,0.146526,75568990.0,21.450941,0.179322,0.185024,0.366225,0.047206,0.077666,0.023762,2.793067,0.124467,5693887.0,0.010845,1.986625,1.0,9.523286,6.374,0.643092,0.226646,-0.001766,0.0,0.0,0.0
KOSDAQ,214270,(주)에프에스엔,2023,2024,2015.0,mid_sized,it_services,1.544243,0.409785,208654639.0,0.44804,1.231944,0.051617,-4.623115,-0.14114,175608089.0,-1.439523,-0.079315,-0.028594,-0.177026,-0.08129,-0.86926,-0.053312,-2.258817,-0.073918,9018336.0,0.02352,1.524786,1.0,0.97277,6.374,0.023212,-0.200793,-0.079353,0.0,1.0,0.0
KOSDAQ,36810,(주)에프에스티,2017,2018,2000.0,small_and_medium,manufacturing,1.291932,0.1378,134204943.0,0.592992,0.686362,0.222292,-7.176829,0.050889,42323981.0,9.070598,0.090757,0.097885,0.153049,-0.052662,-0.096422,-0.015006,-1.986181,0.094122,4480535.0,0.031855,3.50946,1.0,1.330589,6.229,0.650528,0.046619,0.00623,0.0,0.0,0.0
KOSDAQ,173940,(주)에프엔씨엔터테인먼트,2020,2021,2014.0,small_and_medium,it_services,2.113453,0.356288,131962462.0,0.44725,1.235885,0.035029,-7.217295,-0.108432,4585331.0,-11.664992,-0.068633,-0.055487,-0.153456,0.306865,4.84229,0.309058,35.659324,-0.22913,3807669.0,0.04287,0.992905,0.0,1.431128,6.282,0.0,0.144118,-0.018542,0.0,1.0,1.0
KOSDAQ,54940,(주)엑사이엔씨,2023,2024,2001.0,mid_sized,construction,1.525832,0.283667,137961562.0,0.527506,0.895713,0.2242,-3.387565,-0.004959,22096854.0,1.979341,0.0163,0.026709,0.0309,0.03732,0.078651,0.013522,1.306767,-0.024101,2214024.0,0.009193,2.760021,0.0,0.401134,6.374,0.854515,-0.088024,-0.039705,0.0,0.0,0.0
KOSDAQ,317770,(주)엑스페릭스,2023,2024,2019.0,small_and_medium,manufacturing,12.607993,8.581255,60098403.0,0.938114,0.065969,1.7e-05,-3.949531,-0.311838,5092380.0,-224.82401,-0.091418,-0.069615,-0.097449,-0.140546,-522.73,-0.043895,-28.090171,-0.053094,533331.0,0.026875,3.201914,0.0,2.396187,6.374,0.0,0.196197,-0.51724,0.0,1.0,0.0
KOSDAQ,373200,(주)엑스플러스,2024,2025,2021.0,small_and_medium,manufacturing,,,0.0,,,,,,0.0,1000000.0,,,,,,,1000000.0,,0.0,,,0.0,,6.084,,,,0.0,0.0,0.0
KOSDAQ,92870,(주)엑시콘,2023,2024,2015.0,mid_sized,manufacturing,3.668164,1.861962,165985171.0,0.879343,0.137213,0.048197,-25.907651,0.059372,28251051.0,1000000.0,0.009335,0.008824,0.010616,1.058169,2.64904,0.257512,1000000.0,-0.098239,2226444.0,0.002277,4.1092,1.0,1.337909,6.374,0.578192,-0.021418,-0.107497,0.0,0.0,0.0
KOSDAQ,333620,(주)엔시스,2023,2024,2021.0,small_and_medium,manufacturing,1.580939,0.176321,96648910.0,0.597416,0.673875,0.047591,-53.696615,0.04391,11733376.0,2.469951,0.021319,0.019185,0.035686,-0.010146,-0.085824,-0.007706,-0.525847,0.027358,557748.0,0.004947,1.316557,1.0,1.83558,6.374,0.97834,0.154649,-0.040328,0.0,0.0,0.0
KOSDAQ,265740,(주)엔에프씨,2023,2024,2020.0,small_and_medium,manufacturing,,,0.0,,,,,,0.0,1000000.0,,,,,,,1000000.0,,0.0,,,0.0,,6.374,,-1.0,,0.0,0.0,0.0
KOSDAQ,183490,(주)엔지켐생명과학,2023,2024,2018.0,small_and_medium,manufacturing,12.326822,1.092986,211545507.0,0.920023,0.08693,0.015623,-3.575921,-0.123656,4348150.0,-23.151563,-0.046699,-0.067863,-0.050758,-0.606302,-3.103764,-0.134904,-16.542556,0.004043,2978934.0,0.020664,4.494326,0.0,0.794594,6.374,0.689864,-0.145461,0.818362,1.0,1.0,1.0
KOSDAQ,182400,(주)엔케이젠바이오텍코리아,2019,2020,2015.0,small_and_medium,manufacturing,0.424516,0.243072,182158965.0,0.590214,0.694301,0.0,-5.884987,-1.306315,6396048.0,-156.90157,-0.062271,-0.132225,-0.105506,-0.244406,,-2.085216,-118.845762,0.037411,3110088.0,0.418934,0.117209,0.0,3.169038,6.092,,1.581446,1.956338,1.0,1.0,1.0
KOSDAQ,48830,(주)엔피케이,2023,2024,2000.0,small_and_medium,manufacturing,1.717584,0.919916,68113256.0,0.652599,0.532334,0.023895,-3.748007,0.027195,6896713.0,10.154693,0.034273,0.027436,0.052518,0.262832,3.82124,0.098738,33.795201,-0.06616,5395785.0,0.007772,2.66192,1.0,0.790648,6.374,1.0,-0.059077,0.004502,0.0,0.0,0.0
KOSDAQ,108320,(주)엘엑스세미콘,2016,2017,2010.0,large,manufacturing,4.391789,2.621011,485997742.0,0.783292,0.276663,0.0,-45.811493,0.083077,130386728.0,1000000.0,0.119401,0.104152,0.152434,0.465624,,0.080387,1000000.0,0.003376,2666136.0,0.016651,5.792301,1.0,1.187743,6.043,,0.049652,-0.007344,0.0,0.0,0.0
KOSDAQ,83310,(주)엘오티베큠,2023,2024,2005.0,mid_sized,manufacturing,2.292408,1.071889,368059812.0,0.70672,0.414988,0.044465,-28.209962,0.106317,160192076.0,45.887528,0.167653,0.182447,0.237227,0.769353,5.074425,0.175566,56.750108,-0.088998,7481047.0,0.032893,4.382141,1.0,1.379666,6.374,0.867658,0.137132,0.047322,0.0,0.0,0.0
KOSDAQ,123040,(주)엠에스오토텍,2021,2022,2010.0,mid_sized,manufacturing,0.908031,0.187728,1308407847.0,0.265124,2.771814,0.475141,-14.910845,0.013243,144196691.0,1.435338,0.030739,0.039194,0.115942,0.018217,0.028175,0.01151,0.490254,0.002016,61848828.0,0.003785,1.582693,1.0,0.700151,6.246,0.533283,0.276109,0.133266,0.0,0.0,0.0
KOSDAQ,32790,(주)엠젠솔루션,2023,2024,1997.0,small_and_medium,wholesale_retail,1.602817,0.680821,67289023.0,0.549678,0.819245,0.059338,-0.77157,-0.237399,8636807.0,-10.897036,-0.287296,-0.093762,-0.522663,-0.068347,-0.518689,-0.022876,-3.577033,-0.288632,2784001.0,0.040731,2.987766,0.0,1.833402,6.374,0.724504,-0.114123,-0.233433,0.0,1.0,0.0
KOSDAQ,259630,(주)엠플러스,2023,2024,2017.0,small_and_medium,manufacturing,1.069914,0.313827,320260270.0,0.231501,3.319636,0.088834,-11.07265,0.058826,40286847.0,5.028423,0.073932,0.074565,0.319359,0.449288,3.886784,0.325182,23.284532,-0.282816,4220153.0,0.001911,1.381651,0.0,1.911759,6.374,0.778562,-0.003308,0.189423,0.0,0.0,0.0
KOSDAQ,115960,(주)연우,2021,2022,2015.0,mid_sized,manufacturing,2.486802,0.900516,300226098.0,0.813313,0.229539,0.070727,-38.389862,0.091916,48958126.0,33.986305,0.112808,0.099651,0.138702,0.841162,2.220284,0.164215,53.55702,-0.069138,18836490.0,0.015916,5.122333,1.0,1.104345,6.246,0.486556,0.039649,0.04663,0.0,0.0,0.0
KOSDAQ,90740,(주)연이비앤티,2018,2019,2007.0,mid_sized,manufacturing,1.015058,0.124478,133825838.0,0.436275,1.292132,0.208573,-6.298109,0.004,15994392.0,4.265537,0.031799,0.043613,0.072888,0.12225,0.330413,0.032099,6.740189,-0.060327,6974854.0,0.020284,3.808525,0.0,0.898863,6.168,0.730651,0.063616,0.071443,0.0,0.0,0.0
KOSDAQ,60850,(주)영림원소프트랩,2022,2023,2020.0,small_and_medium,it_services,3.392162,1.340054,61368013.0,0.712679,0.403157,0.03259,-9.757761,0.124273,26942248.0,43.462764,0.116699,0.104497,0.163748,0.396393,3.49467,0.121493,47.370576,0.002606,895032.0,0.018193,3.262695,1.0,1.680647,5.851,0.0,0.094619,0.020779,0.0,0.0,0.0
KOSDAQ,36000,(주)예림당,2023,2024,1999.0,mid_sized,it_services,4.128466,0.358788,226745729.0,0.888473,0.125527,0.030872,-16.341397,0.882013,5095906.0,-3.132961,0.078281,-0.012122,0.088107,0.089866,0.324652,0.1106,2.590404,0.069905,648227.0,0.011673,0.812533,0.0,0.203522,6.374,1.0,0.070119,1.752941,0.0,1.0,0.0
KOSDAQ,250930,(주)예선테크,2023,2024,2016.0,small_and_medium,manufacturing,1.025892,0.08828,54206729.0,0.406502,1.460014,0.354967,-5.677224,-0.231396,4088896.0,-8.762235,-0.181656,-0.162328,-0.446876,0.020939,0.035009,0.01527,0.670797,-0.200748,3119739.0,0.000803,1.371271,0.0,1.108245,6.374,0.486628,-0.142018,-0.05992,0.0,1.0,1.0
KOSDAQ,122640,(주)예스티,2016,2017,2015.0,small_and_medium,manufacturing,1.584126,0.264915,82255293.0,0.518339,0.929238,0.186637,-18.705564,0.048206,10963478.0,6.248242,0.036222,0.037003,0.069881,-0.12329,-0.318179,-0.092678,-10.0275,0.090272,959208.0,0.054224,1.330302,0.0,3.075273,6.043,0.566704,,,0.0,0.0,0.0
KOSDAQ,45060,(주)오공,2023,2024,2000.0,mid_sized,manufacturing,3.367883,0.791778,139526082.0,0.798129,0.25293,0.014334,-12.146032,0.056601,29274860.0,39.785523,0.078895,0.072959,0.09885,0.488613,6.881187,0.086868,53.787848,-0.034368,2594663.0,0.00444,5.624757,1.0,0.482275,6.374,0.5,0.020103,0.012335,0.0,0.0,0.0
KOSDAQ,192410,(주)오늘이엔엠,2023,2024,2014.0,small_and_medium,manufacturing,1.737396,0.548196,55879962.0,0.80078,0.248783,0.098425,-1.056482,-0.796793,637074.0,-22.239646,-0.24881,-0.151886,-0.310709,0.956594,1.936219,0.610271,27.904233,-0.439392,1036693.0,0.001168,1.56749,0.0,1.047906,6.374,1.0,-0.203128,0.119845,0.0,1.0,1.0
KOSDAQ,80520,(주)오디텍,2023,2024,2007.0,small_and_medium,manufacturing,4.702772,1.106996,138037594.0,0.891318,0.121934,0.0,-19.948238,0.084396,-2418056.0,-11.801124,-0.021417,-0.030809,-0.024028,0.254873,,0.109359,10.610381,-0.006323,2511317.0,0.003805,2.330602,1.0,0.453021,6.374,,0.018194,0.184789,0.0,1.0,1.0
KOSDAQ,46120,(주)오르비텍,2023,2024,2010.0,small_and_medium,it_services,1.424604,0.358246,101046204.0,0.51785,0.931062,0.189163,-2.866201,-0.034505,8039925.0,-2.560429,-0.021981,-0.042868,-0.042447,0.119216,0.303866,0.090737,3.433206,-0.079339,3769035.0,0.023422,1.313868,0.0,1.75366,6.374,0.529145,-0.146249,0.191947,0.0,1.0,1.0
KOSDAQ,138080,(주)오이솔루션,2023,2024,2014.0,small_and_medium,manufacturing,1.895618,0.371712,151968793.0,0.733196,0.363891,0.22373,-19.975521,-0.735114,-749681.0,-19.061943,-0.193835,-0.20452,-0.26437,-0.181458,-0.216393,-0.159933,-4.512312,-0.174114,8021262.0,0.005746,1.134587,1.0,1.225238,6.374,1.0,-0.191311,-0.657447,1.0,1.0,1.0
KOSDAQ,80580,(주)오킨스전자,2020,2021,2014.0,small_and_medium,manufacturing,1.052271,0.192334,58307130.0,0.52865,0.891611,0.339291,-5.974044,0.008778,9385375.0,0.92963,0.006793,0.01395,0.012849,0.249102,0.346057,0.151731,7.824382,-0.110621,5534813.0,0.067389,1.641728,0.0,7.542252,6.282,0.690841,0.063582,0.003236,0.0,1.0,0.0
KOSDAQ,49480,(주)오픈베이스,2023,2024,2001.0,mid_sized,it_services,1.60124,0.464599,170701575.0,0.554177,0.804476,0.072196,-5.02112,0.028238,45601253.0,13.51484,0.04363,0.038696,0.07873,-0.001996,-0.012325,-0.000744,-0.310769,0.034643,1777378.0,0.026694,2.681204,1.0,0.876913,6.374,0.853944,0.132402,-0.007129,1.0,0.0,0.0
KOSDAQ,131030,(주)옵투스제약,2022,2023,2010.0,mid_sized,manufacturing,,,0.0,,,,,,0.0,1000000.0,,,,,,,1000000.0,,0.0,,,0.0,,5.851,,,,0.0,0.0,0.0
KOSDAQ,232140,(주)와이씨,2023,2024,2015.0,mid_sized,manufacturing,2.504086,0.27538,480273201.0,0.761659,0.312923,0.063609,-43.585641,0.050471,49375783.0,9.423708,0.034695,0.017847,0.045551,0.210378,0.788278,0.094371,26.475773,-0.023325,4852454.0,0.003534,2.229275,0.0,1.118073,6.374,0.0,-0.074793,-0.069946,0.0,0.0,0.0
KOSDAQ,19210,(주)와이지-원,2023,2024,1997.0,mid_sized,manufacturing,1.103481,0.072176,962523038.0,0.369578,1.705786,0.453155,-18.96195,0.044024,188087041.0,1.905658,0.032116,0.056815,0.0869,0.066275,0.0922,0.072698,1.401395,-0.01648,42513144.0,0.004495,0.911645,1.0,0.552709,6.374,0.667793,0.023017,-0.016778,0.0,0.0,0.0
KOSDAQ,40300,(주)와이티엔,2018,2019,2001.0,mid_sized,it_services,1.531779,0.171075,285962213.0,0.657834,0.520141,0.0,-3.478944,0.005219,8321180.0,1.311885,0.007576,0.003015,0.011517,0.161565,,0.119436,24.055241,-0.052866,8276367.0,0.009205,1.35273,1.0,0.468861,6.168,,-0.04357,-0.029405,0.0,0.0,0.0
KOSDAQ,46970,(주)우리로,2023,2024,2012.0,small_and_medium,wholesale_retail,3.545698,1.294838,60190440.0,0.749017,0.335083,0.152318,-1.057441,-0.087622,5946163.0,-6.416518,-0.079498,-0.057319,-0.106136,-0.116479,-0.191929,-0.032222,-3.272607,-0.050264,1410925.0,0.004595,3.614926,0.0,1.701142,6.374,0.999117,-0.012867,-0.052585,0.0,1.0,0.0
KOSDAQ,65680,(주)우주일렉트로닉스,2019,2020,2004.0,mid_sized,manufacturing,2.42811,0.784249,251507308.0,0.753814,0.326587,0.136451,-37.16904,0.061711,45062431.0,14.603389,0.061969,0.063126,0.082207,0.637348,1.14991,0.206603,36.298171,-0.110039,14182464.0,0.013209,3.084888,1.0,0.440147,6.092,1.0,0.081932,0.059178,0.0,0.0,0.0
KOSDAQ,307280,(주)원바이오젠,2023,2024,2018.0,small_and_medium,manufacturing,2.261353,0.324814,42903486.0,0.760422,0.315059,0.026027,-7.827285,0.201284,14194947.0,61.044369,0.166813,0.166016,0.219369,0.470408,4.330016,0.16327,41.439715,0.02624,1500614.0,0.010355,2.881171,1.0,1.928113,6.374,0.626865,0.101995,0.078938,0.0,0.0,0.0
KOSDAQ,32940,(주)원익,2023,2024,1997.0,mid_sized,wholesale_retail,0.704194,0.125792,371415951.0,0.677528,0.475954,0.113843,-26.663541,-0.020253,64044029.0,5.241414,0.00465,0.033616,0.006863,0.082925,0.234893,0.076472,4.169452,-0.033823,1977030.0,0.03414,1.084375,0.0,0.264247,6.374,1.0,-0.014835,-0.374678,0.0,0.0,0.0
KOSDAQ,104830,(주)원익머트리얼즈,2023,2024,2011.0,mid_sized,manufacturing,2.798561,1.081076,498231220.0,0.899707,0.111473,0.055201,-70.107582,0.035348,77872101.0,15.476744,0.037026,0.049555,0.041154,2.679339,4.868041,0.341824,83.924257,-0.24093,31687514.0,0.010881,7.838348,1.0,0.845198,6.374,1.0,-0.145428,-0.063974,0.0,0.0,0.0
KOSDAQ,240810,(주)원익아이피에스,2020,2021,2016.0,mid_sized,manufacturing,1.528173,0.314295,1099641463.0,0.602949,0.658515,0.0,-26.016102,0.089666,466274179.0,2574.569548,0.115453,0.127857,0.191481,0.515457,,0.206298,4121.137685,-0.115707,31550334.0,0.027354,2.498604,0.0,3.275824,6.282,,0.222963,0.025619,0.0,0.0,0.0
KOSDAQ,14190,(주)원익큐브,2023,2024,1996.0,mid_sized,wholesale_retail,3.275592,0.928127,139500489.0,0.746955,0.338768,0.091958,-4.887057,0.020265,24264255.0,7.311013,0.046703,0.04015,0.062525,0.090818,0.249907,0.013118,4.184639,0.01252,1374474.0,0.026818,6.922867,0.0,0.883294,6.374,1.0,0.01977,0.002798,0.0,0.0,0.0
KOSDAQ,74600,(주)원익큐엔씨,2019,2020,2003.0,mid_sized,manufacturing,3.812983,0.118487,640996511.0,0.448049,1.231899,0.427751,-20.850109,0.013855,62545481.0,3.440728,0.000101,0.042674,0.000225,0.098093,0.126575,0.131929,4.365455,-0.048456,15016233.0,0.011791,0.74353,0.0,1.427911,6.092,0.157284,0.783016,-0.140716,0.0,0.0,0.0
KOSDAQ,30530,(주)원익홀딩스,2023,2024,1996.0,mid_sized,manufacturing,0.894492,0.214998,1825048417.0,0.721954,0.38513,0.190492,-33.117938,-0.031756,163888235.0,2.510068,-0.008329,0.025081,-0.011537,0.260557,0.380315,0.176403,7.250256,-0.085489,43070533.0,0.008574,1.477052,1.0,0.19755,6.374,0.603057,0.005245,-0.177905,0.0,0.0,0.0
KOSDAQ,382840,(주)원준,2023,2024,2021.0,small_and_medium,manufacturing,1.856319,0.551115,200509976.0,0.594748,0.681383,0.061094,-77.08819,0.040726,15586404.0,14.117382,0.025671,0.023147,0.043163,0.127893,0.848343,0.075714,31.610026,-0.02395,2388534.0,0.01208,1.689165,1.0,2.339663,6.374,0.734694,0.274524,-0.065283,0.0,0.0,0.0
KOSDAQ,196700,(주)웹스,2023,2024,2015.0,small_and_medium,manufacturing,1.524443,0.294554,67505087.0,0.505909,0.97664,0.435027,-3.755095,0.027627,10227140.0,1.788012,0.023965,0.038016,0.047369,-0.162078,-0.184084,-0.149206,-3.766472,0.09491,2254266.0,0.001858,1.08627,0.0,0.801666,6.374,0.788875,0.096883,0.277357,0.0,0.0,0.0
KOSDAQ,71460,(주)위니아,2022,2023,2016.0,mid_sized,manufacturing,0.793835,0.150529,770675244.0,0.168754,4.925801,0.29824,-6.231802,-0.092222,141122623.0,-5.116502,-0.105991,-0.095485,-0.62808,-0.0821,-0.228826,-0.06725,-3.65686,-0.025342,27542566.0,0.0169,1.220816,0.0,0.648524,5.851,0.663991,0.121015,-0.110062,1.0,1.0,0.0
KOSDAQ,44340,(주)위닉스,2023,2024,2000.0,mid_sized,manufacturing,1.078627,0.122096,363825798.0,0.575996,0.736124,0.153532,-22.449574,0.026648,82036286.0,0.863462,0.035354,0.017922,0.061379,0.358363,0.989683,0.147301,7.320524,-0.124459,12394788.0,0.004554,2.432856,1.0,0.902362,6.374,0.841117,-0.114954,0.020023,0.0,1.0,0.0
KOSDAQ,65370,(주)위세아이텍,2023,2024,2020.0,small_and_medium,it_services,0.441055,0.082971,50468696.0,0.646558,0.546652,0.198929,-7.838335,-0.11923,4211057.0,-5.339553,-0.071164,-0.056841,-0.110065,-0.131859,-0.234277,-0.085142,-4.377982,-0.018659,236097.0,0.067066,1.548689,1.0,1.832925,6.374,1.0,,,0.0,1.0,0.0
KOSDAQ,299900,(주)위지윅스튜디오,2023,2024,2018.0,small_and_medium,it_services,0.717213,0.306326,337160027.0,0.693763,0.441415,0.022912,-1.734996,0.316783,147335164.0,-8.499213,0.189693,-0.060153,0.273426,-0.020058,-0.268091,-0.014056,-0.867884,0.144573,6692990.0,0.036978,1.426961,0.0,2.771485,6.374,0.93204,-0.127773,0.462704,1.0,1.0,1.0
KOSDAQ,36090,(주)위지트,2023,2024,1999.0,small_and_medium,manufacturing,1.497389,0.412642,257234029.0,0.714345,0.399883,0.026241,-2.104154,-0.682855,9168478.0,6.814151,-0.082673,0.014208,-0.115733,0.039604,0.431129,0.082598,5.425587,-0.104841,1273119.0,0.001865,0.479482,0.0,0.52317,6.374,0.888889,0.610958,-1.071282,0.0,0.0,0.0
KOSDAQ,136540,(주)윈스테크넷,2023,2024,2011.0,small_and_medium,it_services,5.923585,1.071379,220825843.0,0.866206,0.15446,0.0,-26.593547,0.197315,48891816.0,117.298851,0.119231,0.104562,0.137647,0.997134,,0.275706,149.661697,-0.037933,2957953.0,0.006613,3.616654,1.0,0.879191,6.374,,0.074001,0.00763,0.0,0.0,0.0
KOSDAQ,335870,(주)윙스풋,2023,2024,2019.0,small_and_medium,wholesale_retail,,,0.0,,,,,,0.0,1000000.0,,,,,,,1000000.0,,0.0,,,0.0,,6.374,,,,0.0,0.0,0.0
KOSDAQ,203450,(주)유니온바이오메트릭스,2022,2023,2016.0,small_and_medium,manufacturing,2.694702,0.355014,56160033.0,0.657834,0.520141,0.14245,-4.033578,0.046599,15725285.0,7.878356,0.036062,0.023805,0.054819,-0.110471,-0.265353,-0.045895,-12.509859,0.076178,960105.0,0.013794,2.407018,0.0,1.225768,5.851,1.0,0.005215,-0.013582,0.0,0.0,0.0
KOSDAQ,142210,(주)유니트론텍,2023,2024,2016.0,mid_sized,wholesale_retail,1.724104,0.190117,248508832.0,0.455978,1.193089,0.248698,-10.775326,0.033504,52534753.0,6.507393,0.090142,0.124438,0.19769,0.0656,0.143498,0.014828,1.866274,0.044947,1218936.0,0.004117,4.423956,1.0,0.696371,6.374,0.791372,-0.036652,0.007786,0.0,0.0,0.0
KOSDAQ,48430,(주)유라테크,2023,2024,2001.0,mid_sized,manufacturing,4.047475,1.133466,165264610.0,0.810359,0.234022,0.0,-22.250624,0.082322,18342388.0,69.778928,0.130458,0.036496,0.160988,0.420018,,0.062773,152.291735,0.024805,3553746.0,0.004996,6.691042,1.0,0.719981,6.374,,0.151691,0.077763,0.0,0.0,0.0
KOSDAQ,32620,(주)유비케어,2023,2024,1997.0,mid_sized,it_services,2.820927,1.044568,154996198.0,0.732511,0.365167,0.002903,-3.350294,-0.00624,80916336.0,4.870776,0.012522,0.02264,0.017095,0.060072,5.534556,0.016168,3.456961,-0.02227,3973453.0,0.055399,3.715432,1.0,2.172267,6.374,0.0,-0.042531,-0.037042,0.0,0.0,0.0
KOSDAQ,264450,(주)유비쿼스,2023,2024,2017.0,mid_sized,manufacturing,5.430469,0.942122,204169438.0,0.808603,0.2367,0.061319,-31.22659,0.17228,59648624.0,44.158167,0.160473,0.14223,0.198457,0.779501,2.433098,0.202696,46.320333,-0.022388,2850084.0,0.013212,3.84566,1.0,1.008484,6.374,1.0,0.124122,0.011605,0.0,0.0,0.0
KOSDAQ,78070,(주)유비쿼스홀딩스,2015,2016,2009.0,mid_sized,it_services,3.504859,0.591673,260011881.0,0.78619,0.271958,0.0,-18.284776,0.181791,64134416.0,713.744315,0.139664,0.11348,0.177647,0.887394,,0.303905,1193.350048,-0.076238,2602160.0,0.009827,2.91997,1.0,1.223763,5.913,,0.152529,0.004718,0.0,0.0,0.0
KOSDAQ,54930,(주)유신,2023,2024,2002.0,mid_sized,it_services,,,0.0,,,,,,0.0,1000000.0,,,,,,,1000000.0,,0.0,,,0.0,,6.374,,,,0.0,0.0,0.0
KOSDAQ,263770,(주)유에스티,2023,2024,2017.0,mid_sized,manufacturing,,,0.0,,,,,,0.0,1000000.0,,,,,,,1000000.0,,0.0,,,0.0,,6.374,,,,0.0,0.0,0.0
KOSDAQ,240600,(주)유진테크놀로지,2023,2024,2023.0,small_and_medium,manufacturing,2.231405,1.419089,70492064.0,0.678759,0.473276,0.195819,-12.812382,-0.038182,15539411.0,4.700979,-0.014552,0.090502,-0.021439,0.472179,0.77461,0.225115,7.878949,-0.17741,2073488.0,0.001741,2.097496,0.0,1.808522,6.374,0.754545,,,0.0,0.0,0.0
KOSDAQ,179900,(주)유티아이,2023,2024,2017.0,small_and_medium,manufacturing,0.546363,0.127706,100826589.0,0.170741,4.856828,0.141676,-1.113997,-1.527163,3862695.0,-12.154576,-0.352138,-0.1957,-2.062411,-0.100042,-0.585566,-0.432032,-5.152527,-0.210292,7509278.0,0.011433,0.231561,0.0,37.542045,6.374,1.0,-0.125339,-1.19643,0.0,1.0,1.0
KOSDAQ,191410,(주)육일씨엔에쓰,2020,2021,2015.0,small_and_medium,manufacturing,0.492647,0.089143,74392752.0,0.216783,3.612907,0.492256,-1.751316,-0.281576,-7289598.0,-9.533491,-0.240412,-0.231622,-1.108999,-0.09092,-0.144661,-0.069294,-2.930994,-0.218151,5802881.0,0.004833,1.31209,0.0,2.180775,6.282,0.964501,-0.17982,-0.154258,1.0,1.0,1.0
KOSDAQ,146060,(주)율촌,2023,2024,2023.0,small_and_medium,manufacturing,1.235179,0.501994,91207392.0,0.503429,0.986378,0.277661,-20.234094,-0.246401,11588263.0,1.829617,-0.186959,0.045171,-0.371371,0.172824,0.30908,0.107797,3.476042,-0.281986,2116041.0,0.006215,1.603244,0.0,1.123193,6.374,0.833848,,,0.0,0.0,0.0
KOSDAQ,39020,(주)이건홀딩스,2022,2023,2000.0,mid_sized,manufacturing,0.861438,0.152277,705183772.0,0.437262,1.28696,0.305773,-12.653038,0.010765,86737029.0,2.693813,0.0179,0.031322,0.040937,0.04147,0.076321,0.032423,2.007079,-0.015589,20255302.0,0.00627,1.279018,1.0,0.236577,5.851,0.524388,0.017748,-0.019622,0.0,0.0,0.0
KOSDAQ,67920,(주)이글루코퍼레이션,2017,2018,2010.0,small_and_medium,it_services,4.241538,1.16971,49348116.0,0.841794,0.187939,0.000203,-6.555564,0.069612,60091644.0,1000000.0,0.069719,0.062883,0.082822,0.953153,744.1432,0.123835,1000000.0,-0.066027,567201.0,0.071731,7.696981,1.0,1.212351,6.229,1.0,0.12813,0.009575,0.0,0.0,0.0
KOSDAQ,264850,(주)이랜시스,2019,2020,2017.0,small_and_medium,manufacturing,1.811939,0.072012,46611707.0,0.519267,0.925793,0.291143,-7.947242,0.020923,9213853.0,15.316781,0.028457,0.087913,0.054802,0.056898,0.093949,0.024378,4.765567,-0.003877,1198005.0,0.002968,2.333941,0.0,2.224149,6.092,0.469445,,,0.0,0.0,0.0
KOSDAQ,131400,(주)이브이첨단소재,2023,2024,2010.0,small_and_medium,manufacturing,3.574044,1.14122,134413064.0,0.895962,0.116119,0.0,-3.068947,0.024845,5391715.0,-17.989637,-0.005157,-0.042929,-0.005756,-0.072312,,-0.016103,-3.152651,0.019131,3692650.0,0.005999,4.490619,0.0,1.840771,6.374,,0.114979,0.209053,0.0,1.0,1.0
KOSDAQ,80010,(주)이상네트웍스,2022,2023,2005.0,small_and_medium,wholesale_retail,2.434223,1.442947,164139313.0,0.766382,0.304832,0.076433,-24.158687,0.170363,24440817.0,12.346784,0.083702,0.081038,0.109217,0.354204,1.082632,0.194137,12.60735,-0.010133,2679123.0,0.006059,1.824504,1.0,0.411786,5.851,1.0,0.06594,0.036685,0.0,0.0,0.0
KOSDAQ,86890,(주)이수앱지스,2023,2024,2009.0,mid_sized,manufacturing,,,0.0,,,,,,0.0,1000000.0,,,,,,,1000000.0,,0.0,,,0.0,,6.374,,,,0.0,0.0,0.0
KOSDAQ,102710,(주)이엔에프테크놀로지,2023,2024,2009.0,mid_sized,manufacturing,1.000895,0.211544,658600745.0,0.556091,0.798267,0.286902,-50.266258,-0.040442,92036449.0,2.551037,-0.030099,0.037504,-0.054125,0.177094,0.274009,0.090081,5.347262,-0.113908,41181761.0,0.012187,1.965949,1.0,0.963597,6.374,0.747591,-0.005554,-0.106602,0.0,0.0,0.0
KOSDAQ,123570,(주)이엠넷,2023,2024,2011.0,small_and_medium,it_services,3.968757,0.630421,126168705.0,0.743162,0.345602,0.0,-7.418337,0.111855,35018281.0,76.632097,0.040111,0.029055,0.053974,0.256743,,0.237582,173.921837,-0.034896,1552401.0,0.001718,1.080647,1.0,0.871906,6.374,,-0.016016,-0.05402,0.0,0.0,0.0
KOSDAQ,91120,(주)이엠텍,2023,2024,2007.0,mid_sized,manufacturing,2.900034,1.108713,409573470.0,0.604629,0.653906,0.282953,-27.619097,-0.046217,34599677.0,-2.22522,-0.036917,-0.035644,-0.061057,0.187186,0.261555,0.115056,4.620296,-0.103736,23706127.0,0.008838,1.626909,1.0,2.999162,6.374,0.17174,-0.010665,-0.125438,0.0,1.0,0.0
KOSDAQ,35810,(주)이지홀딩스,2020,2021,1999.0,mid_sized,manufacturing,1.101726,0.213193,1799077124.0,0.422531,1.366691,0.342628,-25.95981,0.052554,256250330.0,1.737222,0.064247,0.026111,0.152053,0.00903,0.01522,0.005833,0.346948,0.041767,62204401.0,0.011246,1.548103,1.0,0.299735,6.282,0.728995,0.009211,0.060622,0.0,0.0,0.0
KOSDAQ,41830,(주)인바디,2023,2024,2000.0,small_and_medium,manufacturing,8.536095,1.277056,274456138.0,0.910291,0.09855,0.0,-35.515472,0.214621,132454860.0,116.379815,0.162495,0.139725,0.178509,1.571249,,0.227096,117.405007,-0.007743,5579729.0,0.003806,6.918867,1.0,1.388453,6.374,,0.131007,0.003212,0.0,0.0,0.0
KOSDAQ,277410,(주)인산가,2019,2020,2017.0,small_and_medium,manufacturing,3.349291,1.463152,49776056.0,0.61769,0.618936,0.274047,-10.598889,0.121981,16819867.0,57.427548,0.078587,0.080217,0.127227,0.199392,0.278161,0.146704,54.572912,-0.012847,1477045.0,0.007092,1.359137,1.0,1.65102,6.092,0.065318,0.425401,0.158848,0.0,0.0,0.0
KOSDAQ,450520,(주)인스웨이브,2023,2024,2023.0,small_and_medium,it_services,4.834233,1.360897,57017810.0,0.806582,0.2398,0.078923,-17.765391,0.144773,16057303.0,12.8328,0.090081,0.090868,0.111682,0.335879,0.823148,0.113611,9.17468,0.017819,482849.0,0.013828,2.956384,0.0,1.883254,6.374,1.0,,,0.0,0.0,0.0
KOSDAQ,37330,(주)인지디스플레이,2020,2021,1999.0,mid_sized,manufacturing,0.619808,0.054497,455172629.0,0.442665,1.259046,0.322439,-8.182539,0.029022,70121775.0,8.180328,0.065227,0.076021,0.147351,0.179588,0.310417,0.059593,10.770324,-0.051347,30618644.0,0.007094,3.013569,1.0,0.748159,6.282,0.83432,0.030687,0.013686,0.0,0.0,0.0
KOSDAQ,100030,(주)인지소프트,2023,2024,2010.0,small_and_medium,it_services,4.293453,0.270727,63464366.0,0.839733,0.190855,0.0,-31.459058,0.221095,10431539.0,29.012239,0.104052,0.060026,0.123911,0.426233,,0.179108,33.01693,0.016014,1100893.0,0.004984,2.379761,1.0,1.034534,6.374,,0.040664,0.038217,0.0,0.0,0.0
KOSDAQ,189300,(주)인텔리안테크놀로지스,2023,2024,2016.0,small_and_medium,manufacturing,2.784593,0.549869,453689168.0,0.606213,0.649585,0.2185,-50.248253,0.018137,122390547.0,1.828254,0.015773,0.023641,0.026019,0.166903,0.300796,0.097751,5.082759,-0.05353,14335625.0,0.059426,1.707423,1.0,2.829365,6.374,0.510633,0.224938,-0.048801,0.0,0.0,0.0
KOSDAQ,115310,(주)인포바인,2023,2024,2010.0,small_and_medium,it_services,10.384834,2.26002,114789890.0,0.925536,0.080455,0.0,-65.54935,0.314038,22791115.0,120.330888,0.074392,0.067578,0.080377,0.825297,,0.309524,109.428272,0.000896,999781.0,0.00821,2.666341,1.0,0.638624,6.374,,0.041613,0.026512,0.0,0.0,0.0
KOSDAQ,71200,(주)인피니트헬스케어,2023,2024,2010.0,small_and_medium,it_services,4.243958,0.411555,172027013.0,0.763541,0.309687,0.005125,-9.767931,0.187774,52131503.0,23.0858,0.120675,0.017946,0.158046,0.251155,11.588634,0.114273,76.395606,0.038199,2364591.0,0.002363,2.197852,0.0,0.960259,6.374,1.0,0.15062,0.185951,0.0,0.0,0.0
KOSDAQ,19540,(주)일지테크,2023,2024,1992.0,mid_sized,manufacturing,0.664095,0.058205,527540770.0,0.232524,3.300632,0.410179,-17.154568,0.051393,82503018.0,3.686857,0.083779,0.067135,0.360302,0.114919,0.215022,0.074031,4.843569,-0.02697,49148252.0,0.0596,1.552296,0.0,0.413119,6.374,0.514322,0.383383,0.091082,0.0,0.0,0.0
KOSDAQ,43910,(주)자연과환경,2023,2024,2005.0,small_and_medium,manufacturing,1.330276,0.320669,127440124.0,0.613233,0.630701,0.133172,-0.920361,0.057094,9886697.0,2.953573,0.031216,0.035564,0.050904,0.085301,0.247736,0.060311,2.739926,-0.00176,2621529.0,0.000987,1.414342,0.0,1.096669,6.374,0.606546,0.057463,0.055696,0.0,0.0,0.0
KOSDAQ,289220,(주)자이언트스텝,2023,2024,2021.0,small_and_medium,it_services,2.998656,0.519333,127106270.0,0.775917,0.288797,4.4e-05,-7.916469,-0.594716,42309466.0,-53.18136,-0.197834,-0.205021,-0.254969,-0.466271,-2397.200903,-0.313889,-27.102494,-0.093478,8338900.0,0.012922,1.485463,0.0,2.774641,6.374,0.0,-0.131127,-0.282645,1.0,1.0,1.0
KOSDAQ,174880,(주)장원테크,2023,2024,2016.0,small_and_medium,manufacturing,3.144182,0.501771,78963745.0,0.833103,0.200332,0.010901,-29.030106,-0.036561,7235686.0,-9.144531,-0.013357,-0.035268,-0.016033,0.33432,5.118583,0.077252,14.467376,-0.082204,6338842.0,0.003817,4.327642,0.0,0.17649,6.374,1.0,-0.060511,0.382697,0.0,1.0,1.0
KOSDAQ,208140,(주)정다운,2022,2023,2014.0,mid_sized,manufacturing,1.502778,0.191453,169694773.0,0.554018,0.804994,0.245997,-27.764326,0.083876,40038919.0,8.956577,0.108427,0.108662,0.19571,0.233362,0.423076,0.096694,8.578496,-0.013796,6141202.0,0.006803,2.413416,1.0,0.742239,5.851,0.850414,0.047027,0.011373,0.0,0.0,0.0
KOSDAQ,123330,(주)제닉,2023,2024,2011.0,small_and_medium,manufacturing,0.807533,0.143008,23401839.0,0.492758,1.029393,0.299122,-2.294699,-0.15713,3233524.0,-9.732157,-0.188473,-0.171918,-0.382486,-0.022593,-0.038313,-0.009554,-0.648756,-0.177013,1794557.0,0.000713,2.364687,0.0,2.185329,6.374,1.0,-0.229095,-0.050925,0.0,1.0,1.0
KOSDAQ,452160,(주)제이엔비,2023,2024,2023.0,small_and_medium,manufacturing,1.293421,0.22148,59802139.0,0.578257,0.729335,0.285459,-35.383928,-0.166054,6630849.0,3.859734,-0.031258,0.055003,-0.054056,0.164137,0.2425,0.270339,4.85761,-0.111744,1852283.0,0.013099,0.607154,0.0,3.392043,6.374,0.269462,,,0.0,0.0,0.0
KOSDAQ,36420,(주)제이콘텐트리,2017,2018,2000.0,mid_sized,it_services,0.721846,0.171103,661939538.0,0.356125,1.808003,0.233546,-3.133169,0.025898,220557574.0,3.807863,0.036835,0.050381,0.103432,-0.008236,-0.022705,-0.008351,-0.400787,0.021748,16261657.0,0.069643,0.986188,0.0,2.642041,6.229,0.390702,0.20311,-0.040945,0.0,0.0,0.0
KOSDAQ,72020,(주)중앙백신연구소,2020,2021,2003.0,small_and_medium,manufacturing,,,0.0,,,,,,0.0,1000000.0,,,,,,,1000000.0,,0.0,,,0.0,,6.282,,,,0.0,0.0,0.0
KOSDAQ,208350,(주)지란지교시큐리티,2023,2024,2014.0,small_and_medium,it_services,3.396149,1.049975,92553609.0,0.752739,0.328482,0.131675,-14.764733,0.310077,20847388.0,1.367061,0.147989,0.019845,0.196601,-0.072131,-0.135448,-0.046787,-1.2286,0.136037,1992221.0,0.01243,1.541695,0.0,0.538544,6.374,0.27078,-0.251244,0.275069,0.0,0.0,0.0
KOSDAQ,382480,(주)지아이텍,2023,2024,2021.0,small_and_medium,manufacturing,,,0.0,,,,,,0.0,1000000.0,,,,,,,1000000.0,,0.0,,,0.0,,6.374,,,,0.0,0.0,0.0
KOSDAQ,382800,(주)지앤비에스에코,2023,2024,2021.0,small_and_medium,manufacturing,,,0.0,,,,,,0.0,1000000.0,,,,,,,1000000.0,,0.0,,,0.0,,6.374,,,,0.0,0.0,0.0
KOSDAQ,35720,(주)카카오,2015,2016,1999.0,large,it_services,3.069073,1.256579,3188477733.0,0.810881,0.233227,0.063803,-84.901761,0.084498,932151827.0,105.923023,0.034356,0.027784,0.042369,0.269016,0.797395,0.174025,193.959768,-0.026173,49098729.0,0.091722,1.54585,1.0,2.691624,5.913,0.01848,0.151896,-0.215831,0.0,0.0,0.0
KOSDAQ,50110,(주)캠시스,2017,2018,2001.0,mid_sized,manufacturing,0.994692,0.163201,256174816.0,0.256375,2.900538,0.389792,-1.2735,-0.081108,47021152.0,2.921056,-0.018663,0.05356,-0.072794,-0.022258,-0.042463,-0.00999,-0.902698,-0.117827,13685654.0,0.063909,2.227999,0.0,2.335606,6.229,0.704674,0.002574,-0.004274,0.0,0.0,0.0
KOSDAQ,78340,(주)컴투스,2023,2024,2007.0,mid_sized,it_services,1.296584,0.413853,1716012522.0,0.720721,0.3875,0.050445,-191.247118,0.056909,739638721.0,-2.287063,0.025067,-0.019342,0.034781,-0.019256,-0.106608,-0.012477,-0.635915,0.029907,14489986.0,0.043519,1.543337,1.0,0.507238,6.374,0.173742,-0.100791,0.069911,1.0,1.0,1.0
KOSDAQ,63080,(주)컴투스홀딩스,2023,2024,2009.0,mid_sized,it_services,0.285038,0.089863,596634018.0,0.459859,1.174577,0.239675,-82.202367,-0.093903,153105317.0,-0.272552,-0.032071,-0.005617,-0.06974,-0.00936,-0.021093,-0.019701,-0.245286,-0.019041,3314975.0,0.010631,0.47509,0.0,0.889398,6.374,0.580414,0.01276,0.513568,1.0,1.0,1.0
KOSDAQ,79190,(주)케스피온,2023,2024,2005.0,small_and_medium,manufacturing,2.531186,1.345236,38738321.0,0.595236,0.680007,0.118198,-0.202353,0.043107,11559750.0,0.737352,0.029703,0.027639,0.049901,0.256071,0.876903,0.063518,2.765135,-0.033307,672596.0,0.01973,4.031476,0.0,1.530333,6.374,1.0,-0.250077,0.238474,0.0,1.0,0.0
KOSDAQ,21320,(주)케이씨씨건설,2023,2024,2001.0,large,construction,,,0.0,,,,,,0.0,1000000.0,,,,,,,1000000.0,,0.0,,,0.0,,6.374,,,,0.0,0.0,0.0
KOSDAQ,89150,(주)케이씨티,2023,2024,2006.0,small_and_medium,it_services,,,0.0,,,,,,0.0,1000000.0,,,,,,,1000000.0,,0.0,,,0.0,,6.374,,,,0.0,0.0,0.0
KOSDAQ,60720,(주)케이에이치바텍,2014,2015,2002.0,mid_sized,manufacturing,1.238465,0.364606,576287266.0,0.462258,1.163294,0.145771,-32.299175,0.042248,75418260.0,9.988023,0.062408,0.060787,0.135008,0.305972,1.12872,0.160702,27.035041,-0.121278,20708583.0,0.014414,1.903978,1.0,2.519582,5.726,0.845818,0.297589,-0.027182,0.0,0.0,0.0
KOSDAQ,122450,(주)케이엑스이노베이션,2019,2020,2011.0,mid_sized,it_services,1.01518,0.419478,747993901.0,0.658903,0.517674,0.159992,-42.539111,0.095347,109654991.0,7.164703,0.045511,0.060017,0.069071,0.200215,0.42685,0.197969,8.152655,-0.035401,13926816.0,0.023845,1.011345,1.0,0.247134,6.092,0.577972,0.044461,-0.252826,0.0,0.0,0.0
KOSDAQ,52900,(주)케이엑스하이텍,2023,2024,2005.0,small_and_medium,manufacturing,1.424571,0.353983,195149270.0,0.600411,0.665525,0.186184,-3.252407,0.030635,34130519.0,1.976862,0.034224,0.041615,0.057001,0.188708,0.405005,0.095136,3.582019,-0.051124,7573939.0,0.041406,1.983564,0.0,0.574263,6.374,0.515601,0.041767,-0.061939,0.0,0.0,0.0
KOSDAQ,58400,(주)케이엔엔,2023,2024,2010.0,mid_sized,it_services,4.538534,0.592799,230075315.0,0.936516,0.067788,0.0,-2.25409,0.12786,25721568.0,263.15033,0.046685,0.026477,0.04985,0.791195,,0.17489,499.216035,-0.013507,3098515.0,0.000642,4.523954,1.0,0.736919,6.374,,0.031954,0.015955,0.0,0.0,0.0
KOSDAQ,272110,(주)케이엔제이,2023,2024,2019.0,small_and_medium,manufacturing,1.746182,0.602817,126396880.0,0.51528,0.940691,0.343962,-15.363466,0.173796,22945149.0,5.179884,0.0905,0.095111,0.175632,0.208819,0.294272,0.206617,5.512512,-0.016078,4777827.0,0.005715,1.010657,0.0,2.363802,6.374,0.367342,0.169296,0.014052,0.0,0.0,0.0
KOSDAQ,39420,(주)케이엘넷,2023,2024,2002.0,small_and_medium,it_services,5.768987,1.125246,62589794.0,0.894379,0.118094,0.0,-3.635035,0.159839,15048776.0,1000000.0,0.147304,0.13274,0.1647,1.337254,,0.17358,1000000.0,-0.011181,2284436.0,0.033912,7.703968,1.0,1.145623,6.374,,0.030015,0.011755,0.0,0.0,0.0
KOSDAQ,89600,(주)케이티나스미디어,2022,2023,2013.0,large,it_services,1.665618,0.329531,518025081.0,0.468011,1.136702,0.0,-43.481898,0.189759,152393542.0,57.981346,0.069554,0.063805,0.148616,0.079885,,0.144462,38.619256,0.013325,6119192.0,0.021133,0.552985,1.0,1.086857,5.851,,0.056345,-0.028666,0.0,0.0,0.0
KOSDAQ,24880,(주)케이피에프,2023,2024,1994.0,mid_sized,manufacturing,1.015837,0.086245,653167357.0,0.358277,1.791137,0.380826,-21.628927,0.0274,104351444.0,2.678499,0.046708,0.072344,0.130368,0.175206,0.295237,0.090703,4.162815,-0.078469,16324126.0,0.010663,1.931643,1.0,0.436609,6.374,0.864795,-0.018952,0.004772,0.0,0.0,0.0
KOSDAQ,220260,(주)켐트로스,2023,2024,2015.0,small_and_medium,manufacturing,,,0.0,,,,,,0.0,1000000.0,,,,,,,1000000.0,,0.0,,,0.0,,6.374,,,,0.0,0.0,0.0
KOSDAQ,46070,(주)코다코,2017,2018,2000.0,mid_sized,manufacturing,0.728826,0.044858,417416923.0,0.266987,2.745496,0.538807,-4.705729,-0.008921,41710164.0,0.602578,-0.008757,0.013752,-0.0328,-0.012886,-0.017531,-0.01472,-0.413887,0.003721,29344721.0,0.006439,0.875394,1.0,0.977964,6.229,0.531875,0.088813,-0.046465,0.0,1.0,0.0
KOSDAQ,80530,(주)코디,2023,2024,2010.0,small_and_medium,manufacturing,2.839218,0.847882,63864704.0,0.39938,1.503878,0.479138,-0.612092,-0.078442,8867798.0,-0.238601,-0.111018,-0.012094,-0.277976,-0.022249,-0.02789,-0.01077,-0.263643,-0.083968,3784164.0,0.010879,2.06587,0.0,1.687248,6.374,0.0,0.065341,0.156254,1.0,1.0,1.0
KOSDAQ,104540,(주)코렌텍,2023,2024,2013.0,small_and_medium,manufacturing,1.23614,0.182823,187127564.0,0.460227,1.17284,0.090468,-12.5014,0.055785,51698028.0,1.806394,0.036269,0.037687,0.078807,0.02608,0.155604,0.028618,0.674736,0.013363,3989428.0,0.064277,0.911289,0.0,1.83936,6.374,0.919303,0.08911,0.014301,0.0,0.0,0.0
KOSDAQ,27050,(주)코리아나화장품,2023,2024,1999.0,small_and_medium,manufacturing,2.041358,0.769564,112490646.0,0.762768,0.311014,0.062227,-3.290216,0.020537,33598712.0,2.654475,0.018382,0.008318,0.024099,0.060995,0.232534,0.018916,4.61777,0.00124,3416122.0,0.019917,3.224478,0.0,1.337928,6.374,1.0,0.065971,0.001879,0.0,0.0,0.0
KOSDAQ,290510,(주)코리아센터,2020,2021,2019.0,small_and_medium,it_services,0.988288,0.270901,406676888.0,0.577087,0.732842,0.155245,-30.189417,0.053282,303015193.0,3.591256,0.042571,0.042219,0.073768,0.084568,0.230377,0.048,3.042277,0.003936,7825605.0,0.075394,1.761829,0.0,2.526083,6.282,0.874632,0.179229,0.025376,0.0,0.0,0.0
KOSDAQ,183300,(주)코미코,2019,2020,2017.0,small_and_medium,manufacturing,1.535476,0.750128,292076428.0,0.418145,1.391512,0.336375,-26.835994,0.131536,80413755.0,6.35297,0.099415,0.118178,0.237752,0.228851,0.395861,0.224213,7.158266,-0.05504,13488856.0,0.018128,1.020686,1.0,2.004599,6.092,0.29762,0.25507,-0.050282,0.0,0.0,0.0
KOSDAQ,241710,(주)코스메카코리아,2019,2020,2016.0,small_and_medium,manufacturing,1.260065,0.141891,350909520.0,0.491323,1.035323,0.260455,-31.286474,0.011625,63682904.0,2.344593,0.018053,0.023559,0.036743,0.108418,0.211745,0.055768,5.488558,-0.043654,12739361.0,0.037344,1.944081,1.0,0.703081,6.092,0.402501,0.113876,-0.018589,0.0,0.0,0.0
KOSDAQ,29960,(주)코엔텍,2023,2024,2004.0,small_and_medium,other,,,0.0,,,,,,0.0,1000000.0,,,,,,,1000000.0,,0.0,,,0.0,,6.374,,,,0.0,0.0,0.0
KOSDAQ,15710,(주)코콤,2023,2024,1997.0,mid_sized,manufacturing,,,0.0,,,,,,0.0,1000000.0,,,,,,,1000000.0,,0.0,,,0.0,,6.374,,-1.0,,0.0,0.0,0.0
KOSDAQ,294570,(주)쿠콘,2023,2024,2021.0,small_and_medium,it_services,1.434951,0.947284,207548020.0,0.617496,0.619444,0.027271,-23.995408,0.10494,68365727.0,60.481793,0.046719,0.079915,0.075659,0.373406,5.237449,0.433608,108.097315,-0.108262,3637296.0,0.022088,0.86116,1.0,1.612296,6.374,0.010601,0.139115,0.046253,0.0,0.0,0.0
KOSDAQ,355390,(주)크라우드웍스,2023,2024,2023.0,small_and_medium,it_services,1.363883,0.114969,42860989.0,0.34326,1.91324,0.268076,-2.636295,-0.399244,23978460.0,-2.738362,-0.223886,-0.041665,-0.652234,-0.023727,-0.058127,-0.027853,-1.024123,-0.207774,528919.0,0.022864,0.851855,0.0,8.002651,6.374,0.922541,,,0.0,1.0,0.0
KOSDAQ,110790,(주)크리스에프앤씨,2022,2023,2018.0,mid_sized,manufacturing,1.36264,0.206801,601241953.0,0.525514,0.9029,0.2642,-25.969523,0.069208,282788078.0,15.160847,0.067896,0.130542,0.129199,0.063088,0.113301,0.047248,3.476481,0.013913,7073865.0,0.035209,1.335233,1.0,0.763825,5.851,0.329782,0.410372,-0.112022,0.0,0.0,0.0
KOSDAQ,237880,(주)클리오,2021,2022,2016.0,mid_sized,manufacturing,2.296603,0.458534,234228417.0,0.714735,0.399119,0.0,-18.183426,0.039818,112346269.0,12.143823,0.05303,0.059356,0.074195,0.77753,,0.223216,45.379087,-0.182236,5229617.0,0.00682,3.483299,1.0,1.902684,6.246,,0.089395,-0.004108,0.0,0.0,0.0
KOSDAQ,256940,(주)킵스바이오파마,2023,2024,2017.0,small_and_medium,manufacturing,0.836907,0.073479,117278549.0,0.499488,1.002051,0.136425,-5.248895,0.037587,12797818.0,1.507341,0.045804,0.026094,0.091703,-0.000973,-0.003571,-0.00062,-0.028139,0.030015,1407207.0,0.056241,1.56958,0.0,2.048362,6.374,1.0,0.370736,0.861292,1.0,0.0,0.0
KOSDAQ,219130,(주)타이거일렉,2023,2024,2015.0,small_and_medium,manufacturing,,,0.0,,,,,,0.0,1000000.0,,,,,,,1000000.0,,0.0,,,0.0,,6.374,,,,0.0,0.0,0.0
KOSDAQ,134580,(주)탑코미디어,2020,2021,2013.0,small_and_medium,it_services,,,0.0,,,,,,0.0,1000000.0,,,,,,,1000000.0,,0.0,,,0.0,,6.282,,,,0.0,0.0,0.0
KOSDAQ,44490,(주)태웅,2019,2020,2001.0,mid_sized,manufacturing,,,0.0,,,,,,0.0,1000000.0,,,,,,,1000000.0,,0.0,,,0.0,,6.092,,,,0.0,0.0,0.0
KOSDAQ,124560,(주)태웅로직스,2024,2025,2019.0,small_and_medium,transport_storage,1.497183,0.250676,535202546.0,0.475355,1.10369,0.131723,-65.224367,0.030062,114747959.0,6.613352,0.07532,0.076276,0.158449,0.113576,0.452367,0.030552,5.166372,-0.000955,12628324.0,0.022803,3.717509,1.0,0.507854,6.084,0.75886,0.28887,-0.00515,0.0,0.0,0.0
KOSDAQ,66700,(주)테라젠이텍스,2022,2023,2004.0,mid_sized,manufacturing,1.429218,0.244807,246553217.0,0.639493,0.563738,0.115657,-8.710354,0.056629,79346749.0,7.655317,0.050207,0.041972,0.078511,0.107932,0.336428,0.049609,7.096921,0.005506,4624373.0,0.021854,2.175635,0.0,0.910368,5.851,0.94361,-0.295709,0.124978,0.0,0.0,0.0
KOSDAQ,95610,(주)테스,2023,2024,2008.0,mid_sized,manufacturing,9.316899,1.002261,321829824.0,0.928748,0.076719,0.0,-29.240313,0.010657,12807401.0,-399.119425,0.007049,-0.018214,0.007589,1.248235,,0.1948,1948.898209,-0.084074,4729002.0,0.016474,6.407793,1.0,1.329351,6.374,,-0.043648,-0.119979,0.0,1.0,0.0
KOSDAQ,54450,(주)텔레칩스,2019,2020,2004.0,small_and_medium,manufacturing,2.644683,0.35476,155740434.0,0.66119,0.512425,0.0,-14.248724,0.062906,58881642.0,203.015134,0.046776,0.049097,0.070745,0.47023,,0.187694,658.782179,-0.105923,2169830.0,0.124725,2.505295,1.0,1.383722,6.092,,0.129098,-0.010195,0.0,0.0,0.0
KOSDAQ,393210,(주)토마토시스템,2023,2024,2023.0,small_and_medium,it_services,,,0.0,,,,,,0.0,1000000.0,,,,,,,1000000.0,,0.0,,,0.0,,6.374,,,,0.0,0.0,0.0
KOSDAQ,215480,(주)토박스코리아,2023,2024,2015.0,small_and_medium,wholesale_retail,5.511589,0.281325,41532520.0,0.803626,0.24436,0.060194,-5.942641,0.050954,28376161.0,63.565698,0.073478,0.07096,0.091433,0.336789,1.09873,0.056463,59.24478,-0.006453,1493302.0,0.05279,5.964814,0.0,1.127813,6.374,0.0,-0.001149,-0.030136,0.0,0.0,0.0
KOSDAQ,51360,(주)토비스,2022,2023,2004.0,mid_sized,manufacturing,1.462902,0.111782,399502491.0,0.476399,1.099079,0.379206,-21.769883,-0.015108,63743888.0,1.745604,-0.005822,0.017621,-0.012221,-0.025873,-0.035725,-0.016489,-1.342015,0.001135,14037474.0,0.03152,1.569077,1.0,0.817736,5.851,0.57403,0.08226,-0.01929,1.0,0.0,0.0
KOSDAQ,108230,(주)톱텍,2023,2024,2009.0,mid_sized,manufacturing,1.635116,0.366377,777707203.0,0.504921,0.980508,0.136624,-19.507706,0.080022,93441464.0,19.996235,0.091194,0.088659,0.18061,-0.112348,-0.407109,-0.071896,-12.544832,0.117528,4275799.0,0.002107,1.562635,1.0,0.742686,6.374,0.859527,0.626418,0.06272,0.0,0.0,0.0
KOSDAQ,26150,(주)특수건설,2022,2023,1997.0,mid_sized,construction,1.641376,0.360341,183871037.0,0.577232,0.732407,0.051366,-11.097817,0.008621,14439852.0,3.033583,0.015269,0.0146,0.026452,0.196298,1.615635,0.075184,17.243043,-0.073473,9023427.0,0.002342,2.6109,0.0,1.259731,5.851,1.0,0.018061,0.037981,0.0,0.0,0.0
KOSDAQ,57680,(주)티사이언티픽,2019,2020,2002.0,small_and_medium,it_services,,,0.0,,,,,,0.0,1000000.0,,,,,,,1000000.0,,0.0,,,0.0,,6.092,,,,0.0,0.0,0.0
KOSDAQ,43220,(주)티에스넥스젠,2023,2024,2001.0,small_and_medium,manufacturing,2.091054,0.723397,74097478.0,0.65628,0.523739,0.012333,0.106087,0.001475,4433975.0,-0.776083,0.000528,-0.023273,0.000805,0.239089,6.66355,0.22939,2.740414,-0.081651,1072974.0,0.011812,1.042279,0.0,1.396109,6.374,0.005276,-0.006483,0.381036,0.0,1.0,1.0
KOSDAQ,131290,(주)티에스이,2023,2024,2011.0,mid_sized,manufacturing,3.173657,0.591213,443121341.0,0.78494,0.273983,0.078082,-61.889434,-0.008409,33590073.0,-1.194246,-0.007658,-0.005371,-0.009756,0.027283,0.075144,0.010435,1.304561,-0.010596,24102582.0,0.019349,2.614412,1.0,1.572601,6.374,0.728325,0.016716,-0.165706,0.0,1.0,0.0
KOSDAQ,317240,(주)티에스트릴리온,2022,2023,2019.0,small_and_medium,manufacturing,0.264231,0.004074,68316626.0,0.255197,2.918541,0.383489,-0.845912,-0.161836,25602405.0,-2.618918,-0.156962,-0.085097,-0.615062,-0.069493,-0.134968,-0.056193,-1.592912,-0.097305,994264.0,0.001439,1.236682,0.0,3.515878,5.851,0.950379,0.044007,-0.024951,1.0,1.0,1.0
KOSDAQ,62860,(주)티엘아이,2021,2022,2006.0,small_and_medium,manufacturing,8.261436,5.832788,77968873.0,0.923211,0.083176,0.0,-13.58194,-0.179214,9015198.0,-248.82389,-0.072744,-0.08285,-0.078795,-0.283627,,-0.055094,-65.410462,-0.049067,885495.0,0.025356,5.148073,0.0,0.888771,6.246,,0.065023,0.000339,1.0,1.0,1.0
KOSDAQ,34230,(주)파라다이스,2022,2023,2002.0,mid_sized,it_services,0.591535,0.415125,3511523806.0,0.479896,1.083784,0.093092,-34.804685,0.026907,71580699.0,0.155533,0.008581,0.002965,0.017881,0.03491,0.195041,0.108498,0.952353,-0.013654,88284698.0,0.007033,0.321754,0.0,0.950505,5.851,0.190208,0.011443,0.216461,0.0,1.0,0.0
KOSDAQ,33540,(주)파라텍,2023,2024,1997.0,mid_sized,manufacturing,1.480998,0.247539,205444615.0,0.480337,1.081871,0.234537,-4.300561,-0.069783,2512239.0,-4.071186,-0.09651,-0.077989,-0.200921,-0.148061,-0.328058,-0.072374,-4.016533,0.002755,3982817.0,0.005689,2.045771,0.0,1.393249,6.374,0.357411,-0.019987,-0.043976,0.0,1.0,1.0
KOSDAQ,37070,(주)파세코,2023,2024,2000.0,mid_sized,manufacturing,,,0.0,,,,,,0.0,1000000.0,,,,,,,1000000.0,,0.0,,,0.0,,6.374,,,,0.0,0.0,0.0
KOSDAQ,37030,(주)파워넷,2023,2024,2018.0,mid_sized,manufacturing,1.523671,0.414178,148314213.0,0.631549,0.583409,0.040455,-3.5449,-0.001057,26003729.0,4.932769,0.012915,0.048179,0.02045,0.469629,4.277267,0.137859,17.716031,-0.174362,3380361.0,0.003104,3.406598,0.0,0.676582,6.374,1.0,0.042785,-0.008915,0.0,0.0,0.0
KOSDAQ,123260,(주)파인넥스,2015,2016,2011.0,small_and_medium,manufacturing,0.778859,0.084153,119796560.0,0.500241,0.999038,0.444587,-13.392113,-0.959303,-1495241.0,-1.533242,-0.209928,-0.048851,-0.419654,-0.062034,-0.069732,-0.116402,-0.973022,-0.224495,13589055.0,0.04584,0.532928,0.0,1.50777,5.913,0.873263,-0.184982,-0.397843,1.0,1.0,1.0
KOSDAQ,49120,(주)파인디앤씨,2019,2020,2001.0,small_and_medium,manufacturing,0.754127,0.038555,103603701.0,0.43701,1.288277,0.266815,-2.435202,-0.048017,8013495.0,-0.227587,-0.020878,-0.004069,-0.047774,0.233976,0.493699,0.176044,7.367468,-0.167655,5890821.0,0.017269,1.329078,1.0,1.228458,6.092,0.607495,0.096232,-0.069182,0.0,1.0,0.0
KOSDAQ,106240,(주)파인테크닉스,2019,2020,2009.0,small_and_medium,manufacturing,1.027701,0.175732,141853537.0,0.584806,0.709969,0.178556,-2.87256,-0.016046,16748958.0,3.855991,-0.000843,0.048766,-0.001442,0.02644,0.061481,0.011596,0.868021,-0.026168,10194469.0,0.029752,2.280127,0.0,2.13812,6.092,0.731359,-0.093164,0.147154,0.0,0.0,0.0
KOSDAQ,131760,(주)파인텍,2017,2018,2015.0,small_and_medium,manufacturing,0.774859,0.087987,150391939.0,0.275562,2.628942,0.195926,-7.097052,-0.182217,19315204.0,1.953439,0.011141,0.052821,0.04043,0.057807,0.21374,0.051514,1.5487,-0.190006,6587425.0,0.089507,1.122146,0.0,1.321468,6.229,0.746116,-0.315213,-0.134155,0.0,0.0,0.0
KOSDAQ,65690,(주)파커스,2022,2023,2002.0,small_and_medium,manufacturing,1.799781,0.642504,139765926.0,0.461833,1.165285,0.357741,-8.188837,-0.162753,3576938.0,-44.044138,-0.084575,-0.108694,-0.183128,-0.098902,-0.148784,-0.101737,-21.567856,-0.031922,5325764.0,0.00219,0.972135,1.0,0.497343,5.851,0.3,-0.046845,-0.264685,0.0,1.0,0.0
KOSDAQ,318010,(주)팜스빌,2021,2022,2019.0,small_and_medium,manufacturing,6.724034,1.938026,74307356.0,0.798094,0.252986,0.071773,-13.958176,0.128023,25781992.0,83.030331,0.082956,0.082889,0.103943,0.551407,1.551173,0.211975,111.522331,-0.044093,180045.0,0.005974,2.60129,1.0,1.831774,6.246,0.0,0.076337,0.055208,0.0,0.0,0.0
KOSDAQ,27710,(주)팜스토리,2023,2024,1996.0,mid_sized,manufacturing,0.991354,0.070179,937753149.0,0.271985,2.676668,0.532626,-3.435077,0.006514,139238858.0,0.900717,0.014969,0.027988,0.055035,-0.020318,-0.027771,-0.009246,-0.476029,0.025213,12394704.0,0.000819,2.197529,1.0,0.701117,6.374,0.923171,-0.039144,0.011808,1.0,1.0,0.0
KOSDAQ,119500,(주)포메탈,2023,2024,2010.0,small_and_medium,manufacturing,,,0.0,,,,,,0.0,1000000.0,,,,,,,1000000.0,,0.0,,,0.0,,6.374,,,,0.0,0.0,0.0
KOSDAQ,389140,(주)포바이포,2022,2023,2022.0,small_and_medium,it_services,6.727512,4.367295,66168527.0,0.879198,0.1374,0.0,-10.057053,-0.541907,16194298.0,-127.328959,-0.153131,-0.158667,-0.174171,0.015153,,0.007479,1.468928,-0.134458,2571639.0,0.032268,2.025984,0.0,2.025856,5.851,,,,0.0,1.0,0.0
KOSDAQ,9520,(주)포스코엠텍,2023,2024,1997.0,large,manufacturing,,,0.0,,,,,,0.0,1000000.0,,,,,,,1000000.0,,0.0,,,0.0,,6.374,,,,0.0,0.0,0.0
KOSDAQ,256630,(주)포인트엔지니어링,2022,2023,2017.0,small_and_medium,manufacturing,2.505247,0.445097,102281455.0,0.762424,0.311605,0.136877,-12.44583,0.020096,9029193.0,0.929205,-0.000753,0.004518,-0.000987,0.399978,0.694236,0.246746,19.545363,-0.087286,5505988.0,0.017694,1.621012,1.0,1.468857,5.851,0.785714,0.005969,-0.069456,0.0,1.0,0.0
KOSDAQ,234100,(주)폴라리스세원,2023,2024,2017.0,small_and_medium,manufacturing,4.064587,1.203702,289348910.0,0.820373,0.218958,0.0,-42.679701,0.076135,28204348.0,4.899669,0.055552,0.025449,0.067715,0.389585,,0.126277,13.473059,-0.027788,3978993.0,0.034703,3.085155,0.0,0.418043,6.374,,0.105324,0.054,0.0,0.0,0.0
KOSDAQ,41020,(주)폴라리스오피스,2019,2020,2005.0,small_and_medium,it_services,2.780204,0.768004,35218535.0,0.797518,0.253891,0.0,-0.499468,-0.368349,21048806.0,-50.432652,-0.223123,-0.168909,-0.279772,-0.638079,,-0.216175,-38.576242,-0.090949,667077.0,0.02435,2.95168,0.0,2.167435,6.092,,-0.179428,0.080295,1.0,1.0,1.0
KOSDAQ,290720,(주)푸드나무,2023,2024,2018.0,small_and_medium,wholesale_retail,1.042323,0.305516,115756978.0,0.199391,4.015269,0.596569,-2.444126,-0.104843,47744146.0,-6.805947,-0.17735,-0.153732,-0.889455,-0.242054,-0.324842,-0.117637,-8.579398,0.021077,5068173.0,0.032105,2.057627,1.0,4.791303,6.374,0.536615,0.092728,-0.089443,1.0,1.0,1.0
KOSDAQ,370090,(주)퓨런티어,2023,2024,2022.0,mid_sized,manufacturing,,,0.0,,,,,,0.0,1000000.0,,,,,,,1000000.0,,0.0,,,0.0,,6.374,,,,0.0,0.0,0.0
KOSDAQ,220100,(주)퓨쳐켐,2023,2024,2016.0,small_and_medium,manufacturing,8.791098,2.368526,72833182.0,0.877545,0.139543,0.03597,-4.783542,-0.480511,1568990.0,-17.592056,-0.091998,-0.11549,-0.104836,-0.417103,-1.419981,-0.266327,-7.780239,-0.041076,5492796.0,0.05467,1.56613,0.0,3.648283,6.374,0.0,-0.179032,0.633796,1.0,1.0,1.0
KOSDAQ,227100,(주)프로브잇,2020,2021,2018.0,small_and_medium,other,1.063225,0.052644,22251464.0,0.157918,5.332407,0.172032,-1.063705,-0.391131,3278443.0,-8.036057,-0.654568,-0.256157,-4.144989,0.233134,1.141172,0.110801,6.158806,-0.889326,2156357.0,0.002924,2.104075,0.0,6.00861,6.282,0.880289,-0.099584,-0.237094,0.0,1.0,1.0
KOSDAQ,377220,(주)프롬바이오,2023,2024,2021.0,small_and_medium,manufacturing,1.718832,0.293995,97363661.0,0.772046,0.295259,0.188982,-52.104371,-0.173989,45955024.0,-81.740944,-0.161666,-0.15838,-0.209399,-0.939217,-1.132901,-0.312412,-110.497593,0.094863,1558294.0,0.041817,3.00634,0.0,1.156214,6.374,1.0,0.037732,-0.187258,1.0,1.0,0.0
KOSDAQ,405000,(주)플라즈맵,2023,2024,2022.0,small_and_medium,manufacturing,1.42251,0.468073,39778138.0,0.203062,3.924603,0.453784,0.201625,-1.454756,1259248.0,-9.816814,-0.472412,-0.517171,-2.326441,-0.695345,-1.221168,-1.706452,-10.51867,0.081735,1700523.0,0.011021,0.40748,0.0,10.270857,6.374,0.185589,0.09718,-0.125941,1.0,1.0,1.0
KOSDAQ,75130,(주)플랜티넷,2023,2024,2005.0,small_and_medium,it_services,3.715249,1.803928,91893625.0,0.852175,0.173467,0.025264,-8.422208,0.07216,33066452.0,8.578296,0.047758,0.013835,0.056043,0.343043,2.007232,0.140927,31.443438,-0.024745,1818470.0,0.067787,2.434194,1.0,0.508373,6.374,1.0,0.005399,0.125703,0.0,0.0,0.0
KOSDAQ,237820,(주)플레이디,2022,2023,2020.0,large,it_services,,,0.0,,,,,,0.0,1000000.0,,,,,,,1000000.0,,0.0,,,0.0,,5.851,,,,0.0,0.0,0.0
KOSDAQ,300080,(주)플리토,2022,2023,2019.0,small_and_medium,it_services,2.031213,0.354668,24767706.0,0.484153,1.065463,0.0,-3.59523,-0.430247,13639437.0,-5.791073,-0.233504,-0.266281,-0.482294,-0.42598,,-0.399024,-4.778902,-0.017194,613458.0,0.003298,1.067554,0.0,11.185511,5.851,,-0.112539,0.188767,1.0,1.0,1.0
KOSDAQ,150440,(주)피노텍,2021,2022,2014.0,small_and_medium,it_services,,,0.0,,,,,,0.0,1000000.0,,,,,,,1000000.0,,0.0,,,0.0,,6.246,,,,0.0,0.0,0.0
KOSDAQ,332570,(주)피에스일렉트로닉스,2023,2024,2020.0,small_and_medium,manufacturing,2.289294,0.56162,142828187.0,0.581279,0.720345,0.007702,-3.210161,0.285515,16878351.0,1.702898,0.153655,0.044979,0.26434,0.100327,5.454601,0.088043,1.590456,0.094222,1951521.0,0.005614,1.139522,0.0,1.356243,6.374,1.0,0.203963,0.487693,0.0,0.0,0.0
KOSDAQ,128660,(주)피제이메탈,2022,2023,2010.0,mid_sized,manufacturing,,,0.0,,,,,,0.0,1000000.0,,,,,,,1000000.0,,0.0,,,0.0,,5.851,,,,0.0,0.0,0.0
KOSDAQ,6140,(주)피제이전자,2023,2024,1993.0,mid_sized,manufacturing,,,0.0,,,,,,0.0,1000000.0,,,,,,,1000000.0,,0.0,,,0.0,,6.374,,,,0.0,0.0,0.0
KOSDAQ,87600,(주)픽셀플러스,2023,2024,2015.0,small_and_medium,manufacturing,,,0.0,,,,,,0.0,1000000.0,,,,,,,1000000.0,,0.0,,,0.0,,6.374,,,,0.0,0.0,0.0
KOSDAQ,378340,(주)필에너지,2023,2024,2023.0,mid_sized,manufacturing,1.773459,1.001763,249849612.0,0.514759,0.942658,0.085144,-11.128151,-0.032619,26524230.0,7.726514,-0.014498,0.061285,-0.028164,0.746678,4.255368,0.460185,45.67979,-0.388001,2737315.0,0.01394,1.622562,0.0,3.026018,6.374,0.615798,,,0.0,0.0,0.0
KOSDAQ,161580,(주)필옵틱스,2023,2024,2017.0,mid_sized,manufacturing,1.428554,0.712104,450911370.0,0.39222,1.54959,0.134779,-14.079689,-0.144531,43643337.0,2.351169,-0.10099,0.022766,-0.257484,0.405371,1.828008,0.370312,25.44501,-0.342536,4480087.0,0.013114,1.094675,1.0,1.235327,6.374,0.824377,0.394506,-0.127575,0.0,0.0,0.0
KOSDAQ,163730,(주)핑거,2023,2024,2021.0,small_and_medium,it_services,3.62214,2.249462,62678565.0,0.794703,0.258332,3.2e-05,-9.664678,0.053699,12567020.0,13.817638,0.078592,0.058549,0.098894,0.579042,3725.4815,0.089633,28.054698,-0.047657,1390162.0,0.021012,6.460116,1.0,2.389195,6.374,1.0,0.021751,0.032425,0.0,0.0,0.0
KOSDAQ,3380,(주)하림지주,2023,2024,2017.0,large,it_services,0.771063,0.224113,13385071963.0,0.392042,1.550745,0.383126,-465.775615,0.014782,1978366811.0,1.646604,0.017022,0.042401,0.043418,0.110681,0.175632,0.074668,2.613095,-0.053968,659699000.0,0.013161,1.482307,1.0,0.165847,6.374,0.560057,0.008748,-0.026526,0.0,0.0,0.0
KOSDAQ,101670,(주)하이드로리튬,2023,2024,2008.0,small_and_medium,manufacturing,,,0.0,,,,,,0.0,1000000.0,,,,,,,1000000.0,,0.0,,,0.0,,6.374,,-1.0,,0.0,0.0,0.0
KOSDAQ,149980,(주)하이로닉,2014,2015,2014.0,small_and_medium,manufacturing,,,0.0,,,,,,0.0,1000000.0,,,,,,,1000000.0,,0.0,,,0.0,,5.726,,,,0.0,0.0,0.0
KOSDAQ,65650,(주)하이퍼코퍼레이션,2022,2023,2003.0,small_and_medium,wholesale_retail,,,0.0,,,,,,0.0,1000000.0,,,,,,,1000000.0,,0.0,,,0.0,,5.851,,,,0.0,0.0,0.0
KOSDAQ,66130,(주)하츠,2016,2017,2003.0,mid_sized,manufacturing,,,0.0,,,,,,0.0,1000000.0,,,,,,,1000000.0,,0.0,,,0.0,,6.043,,,,0.0,0.0,0.0
KOSDAQ,62970,(주)한국첨단소재,2023,2024,2019.0,small_and_medium,manufacturing,,,0.0,,,,,,0.0,1000000.0,,,,,,,1000000.0,,0.0,,,0.0,,6.374,,,,0.0,0.0,0.0
KOSDAQ,21650,(주)한국큐빅,2023,2024,2003.0,mid_sized,manufacturing,1.364012,0.163465,173294439.0,0.499129,1.00349,0.103969,-9.580222,0.032779,29579474.0,9.166787,0.05446,0.061444,0.109111,0.142969,0.688755,0.049225,10.683381,-0.023924,7485812.0,0.001922,2.904404,1.0,0.538741,6.374,0.817222,0.094456,0.001696,0.0,0.0,0.0
KOSDAQ,430690,(주)한싹,2023,2024,2023.0,small_and_medium,it_services,2.826459,0.337935,45485784.0,0.78126,0.279984,0.04397,-12.046378,0.134106,10205595.0,76.536502,0.062868,0.057784,0.08047,0.087097,0.433287,0.035965,25.234385,0.051988,286862.0,0.006853,2.421724,0.0,2.932614,6.374,1.0,,,0.0,0.0,0.0
KOSDAQ,320000,(주)한울반도체,2023,2024,2019.0,small_and_medium,manufacturing,,,0.0,,,,,,0.0,1000000.0,,,,,,,1000000.0,,0.0,,,0.0,,6.374,,,,0.0,0.0,0.0
KOSDAQ,220180,(주)핸디소프트,2023,2024,2016.0,small_and_medium,it_services,8.964727,1.722171,75143005.0,0.904706,0.105332,0.0,-6.005597,0.065326,6937589.0,-12.285502,0.015675,-0.012874,0.017326,0.324335,,0.088912,29.494603,-0.008199,869611.0,0.019245,3.647819,0.0,0.903563,6.374,,-0.039788,0.061425,0.0,1.0,0.0
KOSDAQ,214180,(주)헥토이노베이션,2023,2024,2015.0,small_and_medium,it_services,1.648672,0.702315,576093559.0,0.511729,0.954161,0.000816,-42.426307,0.108552,288489350.0,27.057577,0.070206,0.064683,0.137195,0.218228,130.607434,0.212783,44.572712,-0.052195,9241416.0,0.088682,1.025594,1.0,0.659703,6.374,1.0,0.093549,-0.01381,0.0,0.0,0.0
KOSDAQ,84990,(주)헬릭스미스,2018,2019,2005.0,small_and_medium,it_services,2.938966,0.789655,284235779.0,0.485494,1.059758,0.436604,-16.296629,-5.77972,3226821.0,-21.080473,-0.107382,-0.074598,-0.221182,-0.092013,-0.108431,-2.548087,-13.378019,-0.060041,675393.0,0.250419,0.036111,0.0,29.369885,6.168,0.038984,,,0.0,1.0,0.0
KOSDAQ,170030,(주)현대공업,2023,2024,2013.0,mid_sized,manufacturing,1.753964,0.566136,229475260.0,0.626769,0.595485,0.02079,-17.752005,0.042641,27024589.0,36.19593,0.072351,0.067103,0.115435,0.396861,7.124634,0.110522,79.897098,-0.090974,3279622.0,0.005391,3.590768,1.0,0.759385,6.374,1.0,0.111276,0.001699,0.0,0.0,0.0
KOSDAQ,308100,(주)형지글로벌,2021,2022,2019.0,mid_sized,wholesale_retail,2.192414,0.573508,116087871.0,0.602916,0.658606,0.090536,-20.220078,-0.090138,35469114.0,-3.173166,-0.060822,-0.037345,-0.100879,0.010969,0.048108,0.006771,0.370078,-0.062338,1593933.0,0.083512,1.619965,0.0,1.003766,6.246,0.048533,0.119585,-0.161422,0.0,1.0,0.0
KOSDAQ,11080,(주)형지아이앤씨,2023,2024,2004.0,small_and_medium,manufacturing,,,0.0,,,,,,0.0,1000000.0,,,,,,,1000000.0,,0.0,,,0.0,,6.374,,-1.0,,0.0,0.0,0.0
KOSDAQ,64240,(주)홈캐스트,2021,2022,2003.0,small_and_medium,wholesale_retail,,,0.0,,,,,,0.0,1000000.0,,,,,,,1000000.0,,0.0,,,0.0,,6.246,,-1.0,,0.0,0.0,0.0
KOSDAQ,126640,(주)화신정공,2023,2024,2010.0,mid_sized,manufacturing,,,0.0,,,,,,0.0,1000000.0,,,,,,,1000000.0,,0.0,,,0.0,,6.374,,,,0.0,0.0,0.0
KOSDAQ,134780,(주)화진,2017,2018,2011.0,small_and_medium,manufacturing,1.227598,0.337613,126623638.0,0.549901,0.818508,0.269038,-4.79302,-0.074568,17002446.0,6.782426,-0.048781,0.035623,-0.088709,0.267621,0.447727,0.171282,22.934426,-0.172897,5964741.0,0.020872,1.562456,1.0,1.676155,6.229,0.642822,-0.057524,-0.163138,0.0,0.0,0.0
KOSDAQ,353190,(주)휴럼,2023,2024,2020.0,small_and_medium,manufacturing,1.462982,0.383378,75975750.0,0.54341,0.840232,0.091742,-9.484412,0.047621,33512886.0,2.929139,0.059688,0.049427,0.109839,0.081517,0.4057,0.031986,2.205711,0.018193,1497920.0,0.007319,2.548501,0.0,1.076837,6.374,0.064561,0.285075,0.064611,0.0,0.0,0.0
KOSDAQ,78590,(주)휴림에이텍,2015,2016,2005.0,small_and_medium,manufacturing,,,0.0,,,,,,0.0,1000000.0,,,,,,,1000000.0,,0.0,,,0.0,,5.913,,,,0.0,0.0,0.0
KOSDAQ,115160,(주)휴맥스,2023,2024,2009.0,mid_sized,manufacturing,1.038792,0.103205,832437812.0,0.297802,2.357932,0.182327,-10.275926,-0.120154,119852556.0,0.47602,-0.092002,0.013466,-0.308935,0.062937,0.242391,0.05637,1.562301,-0.138395,11182406.0,0.002582,1.116499,0.0,0.53122,6.374,0.530309,-0.173814,-0.046064,0.0,1.0,0.0
KOSDAQ,175140,(주)휴먼테크놀로지,2023,2024,2015.0,small_and_medium,manufacturing,3.612357,0.877098,50577142.0,0.833387,0.199923,0.039544,-4.144077,-0.385325,583314.0,-22.457429,-0.293371,-0.158047,-0.352023,-1.805978,-7.609328,-0.395258,-42.755757,0.007562,810276.0,0.022992,4.569107,0.0,1.211101,6.374,1.0,-0.278428,-0.096862,1.0,1.0,1.0
KOSDAQ,263920,(주)휴엠앤씨,2023,2024,2017.0,mid_sized,manufacturing,1.440363,0.511232,55036526.0,0.735774,0.359113,0.090849,-0.651313,0.212872,10446748.0,9.657442,0.14723,0.087969,0.200103,0.422242,1.228055,0.126799,12.248072,0.075734,1571163.0,0.002735,3.330012,0.0,1.367397,6.374,1.0,0.179056,0.190467,0.0,0.0,0.0
KOSDAQ,10240,(주)흥국,2023,2024,2009.0,small_and_medium,manufacturing,4.583632,1.206148,122271325.0,0.812221,0.231192,0.038205,-15.118437,0.088226,26243415.0,69.180574,0.138153,0.129237,0.170093,0.531003,2.609887,0.081615,53.375635,0.008077,2659406.0,0.00684,6.506232,1.0,0.735803,6.374,0.0,0.039446,0.024683,0.0,0.0,0.0
KOSDAQ,238490,(주)힘스,2023,2024,2017.0,small_and_medium,manufacturing,1.515669,0.107591,95597626.0,0.716871,0.394952,0.062763,-11.116283,0.111762,20382300.0,21.893981,0.063328,0.059472,0.08834,0.433484,1.955484,0.234181,45.182325,-0.064159,948343.0,0.033666,1.851064,0.0,1.143915,6.374,1.0,0.202132,0.385864,0.0,0.0,0.0
KOSDAQ,36620,감성코퍼레이션(주),2019,2020,2000.0,small_and_medium,wholesale_retail,1.086381,0.295014,39221444.0,0.416481,1.401067,0.0,0.425038,-0.804871,1313292.0,-1.497622,-0.102269,-0.036255,-0.245554,-0.137391,,-0.42534,-3.311674,-0.071536,414348.0,0.015157,0.323014,0.0,2.921932,6.092,,1.384266,-0.044465,0.0,1.0,1.0
KOSDAQ,94480,갤럭시아머니트리(주),2023,2024,2007.0,large,it_services,1.258866,0.126787,361095923.0,0.313923,2.185494,0.215644,-4.779087,-0.002655,41225767.0,1.718506,0.004475,0.025591,0.014256,0.083518,0.265713,0.156286,3.84789,-0.058273,1083448.0,0.010569,0.534391,1.0,3.962564,6.374,1.0,0.06844,-0.050891,0.0,0.0,0.0
KOSDAQ,11040,경동제약(주),2023,2024,1992.0,mid_sized,manufacturing,1.520468,0.199559,292970765.0,0.779863,0.282277,0.051252,-13.567168,-0.127435,89412739.0,-15.632054,-0.063158,-0.085178,-0.080986,-0.000495,-0.002127,-0.000196,-0.020005,-0.07065,5790973.0,0.019418,2.522325,1.0,0.890162,6.374,1.0,-0.056388,-0.193727,1.0,1.0,0.0
KOSDAQ,53260,금강철강(주),2023,2024,2002.0,mid_sized,manufacturing,4.688566,1.048484,151753556.0,0.831371,0.202832,0.013643,-11.795494,0.020045,13922776.0,75.877784,0.038914,0.034861,0.046807,-0.416551,-5.148603,-0.0473,-152.888498,0.10001,1119939.0,0.006691,8.80667,1.0,0.790859,6.374,1.0,-0.051054,-0.002055,0.0,0.0,0.0
KOSDAQ,51490,나라엠앤디(주),2023,2024,2001.0,mid_sized,manufacturing,1.129891,0.158695,249184894.0,0.421876,1.370367,0.272417,-13.540115,0.038605,29468767.0,3.434171,0.038417,0.042987,0.091062,0.086997,0.184626,0.054254,4.018046,-0.014507,9658877.0,0.004166,1.603504,1.0,0.859091,6.374,0.984433,0.056265,-0.005055,0.0,0.0,0.0
KOSDAQ,91590,남화토건(주),2023,2024,2012.0,mid_sized,construction,2.109109,0.548944,185302355.0,0.863391,0.158224,0.0,-26.255254,-0.156432,220191.0,-34.659013,-0.11453,-0.023608,-0.132652,-0.894103,,-0.315243,-179.317963,0.061532,155182.0,0.0,2.836232,1.0,0.496785,6.374,,-0.097263,-0.384978,0.0,1.0,0.0
KOSDAQ,54050,농업회사법인(주)엔에이치농우바이오,2022,2023,2002.0,large,other,2.757725,0.330959,327392666.0,0.764019,0.308867,0.087749,-30.207186,0.06713,68990705.0,7.636554,0.032695,0.033635,0.042793,0.125503,0.33751,0.066275,6.724081,0.000382,6393913.0,0.013147,1.893664,1.0,0.555641,5.851,0.976797,0.052545,0.014788,0.0,0.0,0.0
KOSDAQ,403490,농업회사법인우듬지팜(주),2023,2024,2023.0,small_and_medium,manufacturing,1.683691,0.157112,55639828.0,0.692452,0.444143,0.239807,-7.576157,0.025219,10541908.0,9.970503,0.031692,0.06026,0.045768,0.077177,0.098978,0.023343,3.927262,0.001907,2655851.0,0.001749,3.306255,0.0,3.154094,6.374,0.674519,,,0.0,0.0,0.0
KOSDAQ,317850,대모엔지니어링(주),2023,2024,2019.0,small_and_medium,manufacturing,3.229332,0.427072,63144327.0,0.733997,0.362404,0.130231,-10.135366,-0.005495,10506202.0,-0.787841,-0.003531,-0.005993,-0.00481,0.074626,0.152426,0.028224,2.609377,-0.023715,1632696.0,0.003717,2.644026,1.0,1.673946,6.374,0.087964,-0.093022,-0.029023,0.0,1.0,0.0
KOSDAQ,78140,대봉엘에스(주),2023,2024,2005.0,small_and_medium,manufacturing,2.770666,0.347053,194919923.0,0.786099,0.272104,0.143807,-26.641773,0.07055,21444689.0,5.920496,0.032345,0.019499,0.041147,0.141238,0.210081,0.067206,9.172945,0.001503,3347505.0,0.003776,2.101576,1.0,0.662765,6.374,0.995541,0.047186,-0.055581,0.0,0.0,0.0
KOSDAQ,108380,대양전기공업(주),2023,2024,2011.0,mid_sized,manufacturing,2.14642,0.554177,297950272.0,0.757434,0.320246,0.0,-46.176739,0.054285,15191085.0,1000000.0,0.032926,0.012534,0.04347,0.331405,,0.155179,1000000.0,-0.052266,4253032.0,0.003856,2.135629,0.0,0.496855,6.374,,0.14108,0.111774,0.0,0.0,0.0
KOSDAQ,120240,대정화금(주),2023,2024,2010.0,small_and_medium,manufacturing,,,0.0,,,,,,0.0,1000000.0,,,,,,,1000000.0,,0.0,,,0.0,,6.374,,,,0.0,0.0,0.0
KOSDAQ,10170,대한광통신(주),2023,2024,1994.0,mid_sized,manufacturing,0.981488,0.116043,234801809.0,0.323768,2.088633,0.311128,-1.040533,-0.163409,6099499.0,-3.502007,-0.1227,-0.098906,-0.378974,0.037841,0.082247,0.033332,0.906057,-0.151043,7392445.0,0.000723,1.135295,0.0,1.315342,6.374,0.785545,-0.068537,-0.147187,0.0,1.0,0.0
KOSDAQ,13720,더큐브앤(주),2023,2024,1993.0,small_and_medium,manufacturing,1.333816,0.442308,76766804.0,0.625419,0.598929,0.039079,-0.091397,-0.530258,8188030.0,0.29343,-0.21661,0.010257,-0.346345,0.196578,1.884228,0.180256,2.10658,-0.290245,1437731.0,0.004466,1.090552,0.0,1.837095,6.374,0.0,0.032251,0.294075,0.0,1.0,0.0
KOSDAQ,5160,동국산업(주),2023,2024,1999.0,mid_sized,manufacturing,1.357304,0.074338,892650628.0,0.588616,0.6989,0.221843,-8.686303,-0.027267,57058325.0,-2.554987,-0.040406,-0.030369,-0.068645,0.021969,0.04074,0.010657,0.760361,-0.032161,20217917.0,0.003046,2.06145,1.0,0.497094,6.374,0.802099,0.020432,-0.029874,0.0,1.0,0.0
KOSDAQ,86450,동국제약(주),2023,2024,2007.0,mid_sized,manufacturing,1.813503,0.261957,839535126.0,0.686301,0.457087,0.07978,-24.477265,0.066856,410780945.0,11.396836,0.072466,0.079655,0.105589,0.15869,0.623983,0.057173,7.122534,0.008431,20973403.0,0.019252,2.775629,1.0,1.268582,6.374,0.720058,0.092675,-0.015902,0.0,0.0,0.0
KOSDAQ,79960,동양이엔피(주),2023,2024,2005.0,mid_sized,manufacturing,3.346907,0.19746,424283930.0,0.768904,0.300552,0.0,-82.011148,0.087469,67197489.0,782.955383,0.120626,0.101249,0.156881,0.782832,,0.142959,1398.959775,-0.07022,12125176.0,0.009659,5.475916,0.0,0.501138,6.374,,0.098823,0.046461,0.0,0.0,0.0
KOSDAQ,109860,동일금속(주),2023,2024,2009.0,small_and_medium,manufacturing,7.133867,1.967434,161990462.0,0.929588,0.075745,0.0,-32.095485,0.002887,16840340.0,197.191658,0.002512,0.076351,0.002702,1.071803,,0.110688,194.910572,-0.073499,1822296.0,0.004105,9.683099,1.0,0.543881,6.374,,-0.085728,-0.123011,0.0,0.0,0.0
KOSDAQ,23790,동일스틸럭스(주),2018,2019,1994.0,small_and_medium,manufacturing,,,0.0,,,,,,0.0,1000000.0,,,,,,,1000000.0,,0.0,,,0.0,,6.168,,,,0.0,0.0,0.0
KOSDAQ,25900,동화기업(주),2024,2025,1995.0,mid_sized,manufacturing,0.475897,0.091934,2397201402.0,0.407886,1.451668,0.325422,-91.14417,-0.017689,163466912.0,0.321257,-0.012166,0.006968,-0.029826,0.068465,0.124573,0.105863,1.868995,-0.047313,61727078.0,0.026912,0.646728,1.0,0.428126,6.084,0.566811,0.032495,0.094862,0.0,1.0,0.0
KOSDAQ,110990,디아이티(주),2023,2024,2018.0,small_and_medium,manufacturing,6.823645,0.234527,211851147.0,0.878573,0.138209,4.7e-05,-97.479737,0.122954,17387972.0,17.085691,0.069275,0.040803,0.07885,0.081898,210.6775,0.019678,4.16413,0.052191,1141174.0,0.003218,4.161851,1.0,1.868405,6.374,1.0,-0.168698,0.053193,0.0,0.0,0.0
KOSDAQ,310870,디와이씨(주),2023,2024,2018.0,small_and_medium,manufacturing,1.248333,0.121869,106725043.0,0.47774,1.093189,0.115884,-23.646474,0.035965,26099458.0,6.237511,0.048931,0.085667,0.102421,0.3485,1.57061,0.158674,13.252243,-0.140754,5610910.0,0.002415,2.196333,0.0,0.695028,6.374,0.480397,-0.095668,0.000381,0.0,0.0,0.0
KOSDAQ,104460,디와이피엔에프(주),2018,2019,2009.0,small_and_medium,manufacturing,1.141936,0.169901,133139041.0,0.357934,1.79381,0.131211,-7.896148,0.089349,25398116.0,41.061808,0.10317,0.100561,0.288236,0.100613,0.492336,0.076738,26.378011,0.010616,511770.0,0.000885,1.311113,0.0,1.107221,6.168,0.579263,0.419599,0.119156,0.0,0.0,0.0
KOSDAQ,42510,라온시큐어(주),2023,2024,2001.0,small_and_medium,it_services,1.588407,0.361207,75594760.0,0.606986,0.647485,0.013228,-0.637991,0.116649,28565631.0,-0.734089,0.06671,-0.021868,0.109904,0.269141,7.996142,0.154242,3.55085,-0.025781,2895041.0,0.023058,1.744927,0.0,3.009784,6.374,1.0,-0.016864,-0.060725,0.0,1.0,0.0
KOSDAQ,171010,램테크놀러지(주),2023,2024,2013.0,small_and_medium,manufacturing,1.027567,0.376372,92398700.0,0.525854,0.901669,0.337732,-5.841455,-0.066769,3992183.0,-1.478313,-0.049414,-0.031953,-0.093968,-0.001825,-0.002562,-0.00186,-0.040029,-0.03019,2228964.0,0.017067,0.98095,0.0,1.599075,6.374,0.711594,0.11698,-0.157174,0.0,1.0,0.0
KOSDAQ,412350,레이저쎌(주),2022,2023,2022.0,small_and_medium,manufacturing,9.487301,2.584914,38065298.0,0.924429,0.081749,0.0,-7.352624,-0.684816,1657010.0,-259.208054,-0.108535,-0.132228,-0.117408,-1.278285,,-0.609519,-189.369297,-0.011934,774862.0,0.012468,2.097201,0.0,1.486958,5.851,,,,0.0,1.0,0.0
KOSDAQ,47440,레이젠(주),2016,2017,2001.0,mid_sized,manufacturing,0.925073,0.229313,85083365.0,0.475634,1.102459,0.358219,-3.870403,-0.17736,4284051.0,-9.020532,-0.194642,-0.136097,-0.409228,-0.100108,-0.14654,-0.044742,-3.479253,-0.155595,5985340.0,0.008807,2.237468,0.0,1.100525,6.043,0.981101,-0.333076,-0.160083,0.0,1.0,1.0
KOSDAQ,58470,리노공업(주),2020,2021,2001.0,mid_sized,manufacturing,,,0.0,,,,,,0.0,1000000.0,,,,,,,1000000.0,,0.0,,,0.0,,6.282,,,,0.0,0.0,0.0
KOSDAQ,87260,모바일어플라이언스(주),2022,2023,2017.0,small_and_medium,it_services,1.912172,0.495694,72058140.0,0.639267,0.564291,0.033306,-1.830129,0.040216,9500670.0,-0.304237,0.023629,-0.009953,0.036963,-0.005921,-0.064129,-0.002933,-0.065288,0.03142,469415.0,0.057699,2.018612,0.0,1.964575,5.851,1.0,-0.110847,-0.012137,0.0,1.0,0.0
KOSDAQ,95500,미래나노텍(주),2023,2024,2007.0,mid_sized,manufacturing,1.251845,0.524183,624869017.0,0.435972,1.293724,0.253323,-16.570173,0.001158,66208074.0,1.694476,0.010932,0.021931,0.025074,0.184421,0.410615,0.093653,8.036975,-0.102732,11940989.0,0.011951,1.969183,0.0,2.018193,6.374,0.871227,0.280568,0.015772,0.0,0.0,0.0
KOSDAQ,254490,미래반도체(주),2023,2024,2023.0,mid_sized,wholesale_retail,2.720829,1.235309,149322717.0,0.537001,0.862193,0.166157,-54.538502,0.013308,16002462.0,2.315265,0.042861,0.062998,0.079815,0.704087,1.96195,0.127928,11.980725,-0.29208,326466.0,0.016874,5.503778,0.0,4.222296,6.374,0.443352,,,0.0,0.0,0.0
KOSDAQ,89970,브이엠(주),2023,2024,2018.0,small_and_medium,manufacturing,5.21306,2.524982,150925607.0,0.809501,0.23533,0.0,-49.947166,-0.268192,12661220.0,-16.321037,-0.048155,-0.072638,-0.059487,-0.542213,,-0.599392,-23.208676,0.057075,1469085.0,0.002845,0.904606,0.0,2.947007,6.374,,-0.036445,-0.46537,1.0,1.0,0.0
KOSDAQ,146320,비씨엔씨(주),2023,2024,2022.0,small_and_medium,manufacturing,0.911989,0.11298,134417438.0,0.556285,0.797638,0.24447,-10.719855,0.019494,13077982.0,-0.041258,-0.007796,-0.000311,-0.014015,-0.010786,-0.019577,-0.00985,-0.634077,0.014258,5520456.0,0.003377,1.09505,0.0,3.694585,6.374,0.599951,0.212806,-0.103915,0.0,1.0,0.0
KOSDAQ,223310,사토시홀딩스(주),2022,2023,2015.0,small_and_medium,wholesale_retail,,,0.0,,,,,,0.0,1000000.0,,,,,,,1000000.0,,0.0,,,0.0,,5.851,,-1.0,,0.0,0.0,0.0
KOSDAQ,14970,삼륭물산(주),2023,2024,1992.0,small_and_medium,manufacturing,1.137916,0.239209,104708757.0,0.574869,0.739528,0.256329,-6.959507,0.023487,6408266.0,0.722066,0.02457,0.011257,0.04274,0.156264,0.259171,0.080622,4.261414,-0.04708,4259080.0,0.00447,1.938224,0.0,0.898297,6.374,0.912071,-0.069016,0.052528,0.0,1.0,0.0
KOSDAQ,18310,삼목에스폼(주),2023,2024,1996.0,mid_sized,manufacturing,2.246474,0.242008,740156523.0,0.776847,0.287255,0.01504,-77.229675,0.271697,163784325.0,111.56404,0.185291,0.16771,0.238516,0.557952,8.278624,0.209738,82.82579,0.036782,84628881.0,0.007537,2.660236,1.0,0.426692,6.374,0.00026,0.133297,0.098334,0.0,0.0,0.0
KOSDAQ,53700,삼보모터스(주),2023,2024,2001.0,mid_sized,manufacturing,0.940517,0.359931,1037465852.0,0.30733,2.253828,0.371437,-27.03992,0.020689,157366613.0,2.353625,0.03515,0.049783,0.114373,0.192051,0.358144,0.095804,6.289251,-0.1043,48647347.0,0.004195,2.004613,1.0,0.422255,6.374,0.613662,0.200049,0.002891,0.0,0.0,0.0
KOSDAQ,9620,삼보산업(주),2023,2024,1993.0,mid_sized,manufacturing,0.740195,0.057463,341270065.0,0.115285,7.674146,0.510745,-6.859885,-0.039202,19288419.0,-0.044298,-0.04721,-0.001817,-0.409506,0.046546,0.080628,0.032903,1.003766,-0.090245,11488753.0,0.004677,1.414656,1.0,1.424957,6.374,0.77977,0.008354,-0.015084,0.0,1.0,0.0
KOSDAQ,54540,삼영엠텍(주),2023,2024,2001.0,small_and_medium,manufacturing,1.596311,0.101934,111581334.0,0.612685,0.632161,0.247809,-8.099265,0.064874,15842891.0,4.582865,0.058102,0.053715,0.094832,0.078984,0.123448,0.03565,2.609998,0.025077,1329976.0,0.00459,2.215542,1.0,0.801517,6.374,0.981917,0.101476,0.161074,0.0,0.0,0.0
KOSDAQ,250,삼천당제약(주),2023,2024,2000.0,mid_sized,manufacturing,2.828051,0.697536,408021822.0,0.731481,0.36709,0.069178,-24.446909,-0.021736,96966293.0,3.709573,-0.011148,0.02343,-0.01524,0.213834,0.830018,0.121598,9.090985,-0.067682,7989572.0,0.22684,1.758538,1.0,6.075394,6.374,0.433147,0.093084,-0.071538,0.0,0.0,0.0
KOSDAQ,17480,삼현철강(주),2023,2024,2001.0,mid_sized,manufacturing,,,0.0,,,,,,0.0,1000000.0,,,,,,,1000000.0,,0.0,,,0.0,,6.374,,,,0.0,0.0,0.0
KOSDAQ,91580,상신이디피(주),2023,2024,2007.0,small_and_medium,manufacturing,1.18291,0.632927,290682767.0,0.505979,0.976365,0.325766,-20.226317,0.086935,56873961.0,7.952165,0.102148,0.103904,0.201881,0.32461,0.492268,0.154541,12.273237,-0.070153,13363746.0,0.004594,2.100479,1.0,1.465863,6.374,0.883401,0.188932,0.002697,0.0,0.0,0.0
KOSDAQ,86710,선진뷰티사이언스(주),2023,2024,2021.0,small_and_medium,manufacturing,1.479679,0.353415,125771952.0,0.57911,0.726788,0.284837,-10.93708,0.091819,24440673.0,5.074278,0.057041,0.071905,0.098498,0.041521,0.061354,0.030266,1.233254,0.035542,5344353.0,0.00499,1.371885,1.0,1.375546,6.374,0.340549,-0.07228,-0.220693,0.0,0.0,0.0
KOSDAQ,81580,성우전자(주),2020,2021,2007.0,small_and_medium,manufacturing,2.961483,0.469487,121713812.0,0.804976,0.242272,0.088664,-11.635523,-0.033178,6725893.0,-19.04352,-0.035977,-0.038795,-0.044694,0.466735,1.026622,0.097391,44.681561,-0.122034,10387526.0,0.039772,4.792376,0.0,0.443195,6.282,0.843759,-0.040804,0.012152,0.0,1.0,1.0
KOSDAQ,45300,성우테크론(주),2023,2024,2001.0,small_and_medium,manufacturing,1.341133,0.498894,93366439.0,0.736442,0.35788,0.128526,-12.807595,-0.031141,2265092.0,-2.389491,-0.016593,-0.008656,-0.022532,0.112628,0.230958,0.082056,8.193977,-0.040949,1685651.0,0.003193,1.372575,1.0,0.588806,6.374,1.0,0.008346,-0.13949,0.0,1.0,0.0
KOSDAQ,365340,성일하이텍(주),2023,2024,2022.0,small_and_medium,manufacturing,1.211867,0.253161,575068417.0,0.563638,0.774189,0.324276,-52.831395,0.10201,22391753.0,-2.268327,-0.020265,-0.0145,-0.035954,-0.014279,-0.019215,-0.014486,-0.974764,0.050111,13420048.0,0.002598,0.985772,0.0,4.053397,6.374,0.419276,0.367427,-0.043023,0.0,1.0,0.0
KOSDAQ,36630,세종텔레콤(주),2020,2021,2000.0,mid_sized,construction,2.545337,0.274724,485434059.0,0.724379,0.380492,0.075786,-0.171491,0.05875,179450440.0,1.569712,0.03743,0.004994,0.051671,0.417004,1.516575,0.199676,36.126323,-0.081118,18567870.0,0.007964,2.088401,0.0,0.853613,6.282,0.96904,0.088986,0.052203,0.0,0.0,0.0
KOSDAQ,210610,소프트캠프(주),2014,2015,2014.0,small_and_medium,it_services,,,0.0,,,,,,0.0,1000000.0,,,,,,,1000000.0,,0.0,,,0.0,,5.726,,,,0.0,0.0,0.0
KOSDAQ,258790,소프트캠프(주),2023,2024,2017.0,small_and_medium,it_services,1.479373,0.181636,24298508.0,0.473452,1.112146,0.235844,-3.603278,-0.322458,11210792.0,-4.585989,-0.144963,-0.105708,-0.306184,0.008287,0.018502,0.005736,0.189312,-0.249677,523063.0,0.004441,1.44481,0.0,3.145585,6.374,0.7557,-0.255644,-0.356598,0.0,1.0,0.0
KOSDAQ,328380,솔트웨어(주),2023,2024,2019.0,small_and_medium,it_services,,,0.0,,,,,,0.0,1000000.0,,,,,,,1000000.0,,0.0,,,0.0,,6.374,,-1.0,,0.0,0.0,0.0
KOSDAQ,298830,슈어소프트테크(주),2023,2024,2023.0,small_and_medium,it_services,1.516059,0.414128,158138923.0,0.606938,0.647614,0.151777,-16.955054,0.092156,63289972.0,6.528683,0.042634,0.072548,0.070245,0.23609,0.611408,0.231868,8.350967,-0.055915,1800832.0,0.067901,1.018206,0.0,3.799207,6.374,0.474153,,,0.0,0.0,0.0
KOSDAQ,253450,스튜디오드래곤(주),2022,2023,2017.0,large,it_services,0.96125,0.297129,1090666385.0,0.605805,0.650696,0.155868,-42.96302,0.072448,100001760.0,13.222879,0.053747,0.059798,0.08872,-0.146328,-0.370069,-0.090138,-12.754986,0.104043,3336920.0,0.270207,1.623374,0.0,3.912379,5.851,1.0,0.233746,-0.007714,1.0,0.0,0.0
KOSDAQ,215600,신라젠(주),2022,2023,2016.0,small_and_medium,it_services,4.467282,0.724791,103446062.0,0.763098,0.310448,0.096669,-0.534786,-4.905515,5013363.0,-11.772464,-0.231052,-0.236609,-0.302782,-0.903429,-2.213996,-4.416188,-10.648766,-0.023715,1167739.0,0.187913,0.204572,0.0,9.082702,5.851,0.0,-0.232753,58.020634,1.0,1.0,1.0
KOSDAQ,17000,신원종합개발(주),2023,2024,1994.0,mid_sized,construction,,,0.0,,,,,,0.0,1000000.0,,,,,,,1000000.0,,0.0,,,0.0,,6.374,,,,0.0,0.0,0.0
KOSDAQ,56700,신화인터텍(주),2014,2015,2001.0,large,manufacturing,0.603722,0.076418,228932697.0,0.368592,1.713028,0.393897,-5.94378,0.037622,26258349.0,0.639496,0.036326,0.016773,0.098553,0.361748,0.579874,0.251778,8.708758,-0.194281,8898724.0,0.029815,1.436771,0.0,0.845361,5.726,0.891324,0.04352,0.03305,0.0,1.0,0.0
KOSDAQ,109670,씨싸이트(주),2024,2025,2023.0,small_and_medium,manufacturing,2.142337,0.420066,99064094.0,0.564236,0.772309,0.197387,-18.153442,0.001124,32442727.0,0.646312,0.015996,0.012661,0.028349,0.053677,0.1185,0.013328,1.194018,-0.021418,3672317.0,0.003651,4.027393,0.0,0.842668,6.084,1.0,0.005018,0.029005,0.0,1.0,0.0
KOSDAQ,222080,씨아이에스(주),2023,2024,2015.0,small_and_medium,manufacturing,1.471091,0.244521,597029327.0,0.444907,1.247662,0.008375,-36.806914,0.092286,58632448.0,14.812325,0.060356,0.065228,0.135659,-0.216027,-14.318557,-0.230823,-27.231148,0.167858,2356549.0,0.001374,0.935899,0.0,2.909521,6.374,1.0,0.344675,0.019896,0.0,0.0,0.0
KOSDAQ,56730,씨앤티85(주),2017,2018,2002.0,small_and_medium,construction,1.75652,0.805763,68752872.0,0.47667,1.097886,0.026261,-0.819978,-1.244438,6283570.0,0.061308,-0.113473,0.003454,-0.238053,-0.565324,-11.265592,-1.176165,-5.251902,-0.017173,362909.0,0.056814,0.48065,0.0,2.747286,6.229,0.0,,,0.0,1.0,0.0
KOSDAQ,297090,씨에스베어링(주),2023,2024,2019.0,mid_sized,manufacturing,1.417145,0.373634,149790054.0,0.571933,0.748457,0.254612,-5.283084,-0.021017,7984785.0,0.021245,-0.015562,0.000381,-0.02721,-0.039535,-0.066468,-0.03309,-0.943625,0.006175,3315542.0,0.003077,1.194754,0.0,3.504648,6.374,1.0,-0.039156,0.333662,1.0,1.0,0.0
KOSDAQ,130960,씨제이이앤엠(주),2016,2017,2010.0,large,it_services,1.06235,0.086711,2792954984.0,0.57843,0.728817,0.156915,-7.342073,0.039559,348875446.0,2.264873,0.024179,0.010015,0.041801,0.219783,0.590471,0.16821,20.953452,-0.070864,15807550.0,0.152598,1.306599,1.0,1.699817,6.043,0.611339,0.181026,0.00028,0.0,0.0,0.0
KOSDAQ,51500,씨제이프레시웨이(주),2023,2024,2001.0,large,wholesale_retail,0.797921,0.09705,1374744040.0,0.268777,2.720552,0.142968,-30.124743,0.019419,574265696.0,4.753812,0.052956,0.072199,0.197024,0.217265,1.111216,0.071043,10.460391,-0.115442,64947759.0,0.033892,3.058205,1.0,0.766271,6.374,0.279142,-0.074076,0.000406,0.0,0.0,0.0
KOSDAQ,413630,씨피시스템(주),2023,2024,2022.0,mid_sized,manufacturing,,,0.0,,,,,,0.0,1000000.0,,,,,,,1000000.0,,0.0,,,0.0,,6.374,,,,0.0,0.0,0.0
KOSDAQ,92040,아미코젠(주),2018,2019,2013.0,small_and_medium,manufacturing,1.411031,0.229591,231214350.0,0.69325,0.442481,0.148153,-15.704196,0.438495,30523581.0,1.998477,0.229795,0.009624,0.331474,0.040043,0.082908,0.030046,2.550567,0.166977,7554917.0,0.059555,1.332704,0.0,4.082806,6.168,0.816402,0.414028,0.487031,0.0,0.0,0.0
KOSDAQ,36010,아비코전자(주),2023,2024,2002.0,mid_sized,manufacturing,3.698679,1.54453,145065262.0,0.780855,0.280648,0.075828,-15.425059,-0.01898,8720801.0,-16.700062,-0.02995,-0.032479,-0.038356,0.100748,0.291167,0.025617,11.352407,-0.038437,5968010.0,0.015049,3.932945,1.0,1.735623,6.374,0.454545,-0.016177,-0.075803,0.0,1.0,0.0
KOSDAQ,119830,아이텍(주),2023,2024,2010.0,small_and_medium,it_services,1.929623,0.934235,220622810.0,0.668421,0.496064,0.063103,-12.760081,-0.126563,9102896.0,-3.215013,-0.046957,-0.032526,-0.070251,-0.081092,-0.426106,-0.071245,-2.65776,-0.020877,11086878.0,0.036317,1.138206,0.0,1.043598,6.374,0.796328,0.232419,-0.409161,0.0,1.0,0.0
KOSDAQ,1540,안국약품(주),2021,2022,2000.0,mid_sized,manufacturing,2.227153,0.261424,219955957.0,0.696869,0.434989,0.089146,-22.504924,0.022892,101018234.0,-9.278894,0.0173,-0.004929,0.024825,0.02208,0.075079,0.009002,12.600558,0.010327,3875433.0,0.017612,2.452686,1.0,0.910448,6.246,0.999579,0.062673,0.032576,0.0,1.0,1.0
KOSDAQ,140670,알에스오토메이션(주),2023,2024,2017.0,small_and_medium,manufacturing,1.478744,0.363728,74888103.0,0.478735,1.088836,0.29682,-6.707417,-0.070098,10077786.0,-3.015954,-0.068895,-0.039761,-0.143911,-0.011604,-0.020378,-0.005573,-0.458794,-0.070027,1273886.0,0.021708,2.082027,0.0,3.835267,6.374,0.860841,-0.164443,-0.078573,0.0,1.0,0.0
KOSDAQ,102120,어보브반도체(주),2018,2019,2009.0,small_and_medium,manufacturing,6.219833,1.835327,95153898.0,0.828753,0.206632,0.0,-8.033294,0.075256,26073990.0,1000000.0,0.089744,0.081572,0.108288,0.714428,,0.106273,1000000.0,-0.035708,488098.0,0.125903,6.722573,1.0,0.932107,6.168,,0.060122,0.122057,0.0,0.0,0.0
KOSDAQ,38680,에스넷시스템(주),2023,2024,2000.0,mid_sized,it_services,1.310866,0.234573,292747563.0,0.368381,1.714583,0.055584,-10.102437,0.044222,57878759.0,3.183976,0.076801,0.049405,0.208482,0.091281,1.037264,0.035374,3.715674,0.014422,3115993.0,0.014981,2.580463,0.0,0.87098,6.374,1.0,0.080343,0.054679,0.0,0.0,0.0
KOSDAQ,80000,에스엔유프리시젼(주),2022,2023,2005.0,mid_sized,manufacturing,2.64822,0.635745,184818383.0,0.738507,0.354084,0.0,-6.953276,0.060811,18514188.0,1434.774984,0.036456,0.035811,0.049364,0.184023,,0.071468,1927.944721,-0.007175,1437902.0,0.005679,2.574899,0.0,0.731774,5.851,,0.089938,-0.013459,0.0,0.0,0.0
KOSDAQ,109610,에스와이(주),2017,2018,2015.0,mid_sized,manufacturing,0.947635,0.140407,342995527.0,0.331944,2.012555,0.288775,-8.448578,0.001245,44695892.0,1.882967,0.011933,0.027744,0.035948,0.001496,0.003461,0.000871,0.067834,0.000428,8530872.0,0.008434,1.717304,0.0,1.333534,6.229,0.524667,0.249559,-0.003956,0.0,0.0,0.0
KOSDAQ,16250,에스지씨이앤씨(주),2021,2022,1999.0,large,construction,1.232571,0.298992,591722027.0,0.345188,1.89697,0.007172,-19.180883,0.053197,137373025.0,29.406186,0.155385,0.116739,0.450146,-0.006002,-0.547957,-0.001778,-0.989993,0.121514,7824497.0,0.003849,3.375573,1.0,0.614443,6.246,0.862383,-0.108356,-0.105946,0.0,0.0,0.0
KOSDAQ,184230,에스지에이솔루션즈(주),2023,2024,2013.0,small_and_medium,it_services,1.060614,0.490061,91846725.0,0.621361,0.609371,0.030019,-9.531993,0.001177,26028277.0,0.376718,-0.001958,0.013902,-0.003152,-0.002987,-0.037677,-0.001898,-0.030648,0.001833,1324842.0,0.140421,1.573845,0.0,0.747247,6.374,1.0,-0.032247,-0.128046,0.0,1.0,0.0
KOSDAQ,255220,에스지이(주),2022,2023,2018.0,mid_sized,manufacturing,1.00122,0.160497,193477669.0,0.387578,1.580125,0.170317,-15.754525,0.026835,20349369.0,0.129204,-0.007919,0.002926,-0.020431,0.01205,0.043329,0.015889,0.32583,0.005083,4020335.0,0.013648,0.758361,0.0,0.701303,5.851,0.703059,-0.158069,0.210381,0.0,1.0,0.0
KOSDAQ,57500,에스케이씨솔믹스(주),2017,2018,2001.0,large,manufacturing,0.903261,0.158569,168043891.0,0.426378,1.345336,0.226178,-1.330315,0.297083,32410917.0,7.523607,0.123988,0.144243,0.290794,0.472009,1.197084,0.342863,14.122355,-0.036152,8573812.0,0.003526,1.376669,0.0,4.218314,6.229,0.210483,0.089021,0.674081,0.0,0.0,0.0
KOSDAQ,100090,에스케이오션플랜트(주),2021,2022,2008.0,mid_sized,manufacturing,0.607726,0.194594,739392190.0,0.243551,3.105909,0.228983,-8.847335,-0.172567,43375575.0,1.350053,-0.110476,0.035748,-0.453603,0.246097,0.812986,0.273615,7.030421,-0.303569,18819556.0,0.003293,0.899427,0.0,4.346354,6.246,0.705233,0.120216,-0.201229,0.0,0.0,0.0
KOSDAQ,69510,에스텍(주),2023,2024,2003.0,mid_sized,manufacturing,2.057411,0.537276,267772243.0,0.581746,0.718963,0.077695,-27.556459,0.052244,62348386.0,14.996527,0.104449,0.0917,0.179544,0.426164,2.294172,0.115122,29.14991,-0.097355,8474027.0,0.006909,3.70184,1.0,0.624727,6.374,1.0,0.052414,0.031886,0.0,0.0,0.0
KOSDAQ,288620,에스퓨얼셀(주),2023,2024,2018.0,small_and_medium,manufacturing,1.72917,0.075056,144640367.0,0.479682,1.084716,0.241731,-18.881985,-0.070221,7787022.0,-0.678456,-0.030971,-0.017161,-0.064566,-0.047168,-0.101528,-0.109142,-0.970272,0.008752,1929590.0,0.000958,0.432174,1.0,1.71512,6.374,0.962819,-0.05531,-0.086272,1.0,1.0,0.0
KOSDAQ,297890,에이치비솔루션(주),2023,2024,2020.0,small_and_medium,manufacturing,2.283569,1.00282,298046734.0,0.77107,0.2969,0.0,-5.601028,0.786357,29192244.0,3.509453,0.323911,0.022695,0.42008,0.189834,,0.134686,6.720384,0.210273,1141658.0,0.003006,1.409458,1.0,1.593864,6.374,,0.389203,0.553988,0.0,0.0,0.0
KOSDAQ,28300,에이치엘비(주),2014,2015,1996.0,small_and_medium,manufacturing,1.543961,0.456238,54251209.0,0.424323,1.356693,0.298596,-0.640669,-0.087332,5971192.0,0.187142,-0.033146,0.006676,-0.078115,-0.127178,-0.245191,-0.106812,-2.052327,0.013353,1673577.0,0.013697,1.190662,0.0,9.386417,5.726,0.481125,0.502684,0.255331,1.0,1.0,0.0
KOSDAQ,115450,에이치엘비테라퓨틱스(주),2023,2024,2010.0,small_and_medium,wholesale_retail,1.859781,0.884973,200794853.0,0.854199,0.170687,0.012451,-3.633637,-0.057291,7466243.0,-7.814839,-0.013791,-0.043329,-0.016145,0.113638,1.330751,0.061896,2.988302,-0.031904,8337963.0,0.368513,1.835943,0.0,1.892682,6.374,0.0,0.070088,0.194186,0.0,1.0,1.0
KOSDAQ,195940,에이치케이이노엔(주),2023,2024,2021.0,mid_sized,manufacturing,,,0.0,,,,,,0.0,1000000.0,,,,,,,1000000.0,,0.0,,,0.0,,6.374,,,,0.0,0.0,0.0
KOSDAQ,265520,에이피시스템(주),2023,2024,2017.0,mid_sized,manufacturing,2.246158,1.434411,571135693.0,0.562697,0.777155,0.133068,-41.061056,0.112512,105412432.0,10.270749,0.133397,0.105266,0.237068,0.196722,0.646488,0.092082,8.393598,0.019086,5635996.0,0.004948,2.136374,1.0,1.060363,6.374,0.210526,0.042004,-0.05649,0.0,0.0,0.0
KOSDAQ,38870,에코바이오홀딩스(주),2015,2016,2001.0,small_and_medium,it_services,1.654763,0.07569,131799788.0,0.416769,1.399412,0.166237,-11.320374,0.233986,21351381.0,8.8681,0.090211,0.136368,0.216453,0.152261,0.534199,0.305941,5.774939,-0.020886,460097.0,0.052846,0.497681,0.0,3.327821,5.913,0.092451,-0.115578,-0.184021,0.0,0.0,0.0
KOSDAQ,128540,에코캡(주),2019,2020,2018.0,small_and_medium,manufacturing,1.671719,0.350133,120238341.0,0.551612,0.812869,0.246806,-44.556568,0.015722,12785490.0,0.318099,0.009504,0.00245,0.01723,0.069927,0.127041,0.056319,4.071172,-0.022601,3767807.0,0.006501,1.241618,0.0,0.636571,6.092,0.636248,0.107756,-0.008029,0.0,1.0,0.0
KOSDAQ,38110,에코플라스틱(주),2023,2024,2000.0,small_and_medium,manufacturing,0.800878,0.11826,988358418.0,0.220395,3.537318,0.287686,-9.58208,0.020047,137290833.0,4.066227,0.058023,0.073274,0.263271,0.076569,0.207496,0.027306,3.312636,-0.01587,50115860.0,0.012584,2.804074,1.0,0.935544,6.374,0.415411,0.218795,0.007093,0.0,0.0,0.0
KOSDAQ,70300,엑스큐어(주),2018,2019,2010.0,small_and_medium,it_services,,,0.0,,,,,,0.0,1000000.0,,,,,,,1000000.0,,0.0,,,0.0,,6.168,,,,0.0,0.0,0.0
KOSDAQ,67570,엔브이에이치코리아(주),2023,2024,2013.0,mid_sized,manufacturing,0.785001,0.220152,1305179037.0,0.274653,2.640961,0.362988,-15.261987,0.007703,172930412.0,2.121417,0.019601,0.048206,0.071368,0.024011,0.047981,0.016575,0.766461,-0.009323,35233900.0,0.032341,1.448612,1.0,0.320565,6.374,0.66655,0.225307,0.00153,0.0,0.0,0.0
KOSDAQ,101400,엔시트론(주),2022,2023,2009.0,small_and_medium,manufacturing,3.465597,0.645819,37203111.0,0.781649,0.279347,0.0,-0.23209,-0.008769,4456134.0,-0.161054,-0.009375,-0.004714,-0.011994,-0.436863,,-0.142826,-3.258894,0.089533,337609.0,0.008886,3.058709,0.0,1.14602,5.851,,0.060298,0.044426,1.0,1.0,0.0
KOSDAQ,60250,엔에이치엔케이씨피(주),2023,2024,2002.0,other,other,1.462416,0.866531,522008090.0,0.428394,1.334302,0.0,-10.13653,0.036229,92397746.0,593.310591,0.087357,0.08038,0.203918,0.212632,,0.065273,897.142986,-0.05408,4376840.0,0.008037,3.257611,1.0,1.846176,6.374,,0.114962,-0.006133,0.0,0.0,0.0
KOSDAQ,419080,엔젯(주),2023,2024,2022.0,small_and_medium,manufacturing,,,0.0,,,,,,0.0,1000000.0,,,,,,,1000000.0,,0.0,,,0.0,,6.374,,,,0.0,0.0,0.0
KOSDAQ,60370,엘에스마린솔루션(주),2022,2023,2002.0,large,construction,,,0.0,,,,,,0.0,1000000.0,,,,,,,1000000.0,,0.0,,,0.0,,5.851,,,,0.0,0.0,0.0
KOSDAQ,417200,엘에스머트리얼즈(주),2023,2024,2023.0,large,manufacturing,2.880387,1.928901,266198919.0,0.762812,0.310938,0.087178,-5.003011,0.089304,23581582.0,8.918084,0.057069,0.05097,0.074814,0.108511,0.29523,0.050052,4.503233,0.020185,4843756.0,0.077398,2.167987,1.0,14.775917,6.374,1.0,,,0.0,0.0,0.0
KOSDAQ,373170,엠아이큐브솔루션(주),2023,2024,2023.0,small_and_medium,it_services,,,0.0,,,,,,0.0,1000000.0,,,,,,,1000000.0,,0.0,,,0.0,,6.374,,,,0.0,0.0,0.0
KOSDAQ,323230,엠에프엠코리아(주),2022,2023,2019.0,small_and_medium,manufacturing,1.334881,0.046231,132948440.0,0.232407,3.302791,0.279469,-9.206968,-0.003826,18906890.0,0.222211,0.001382,0.008933,0.005948,-0.081388,-0.22354,-0.057008,-1.553945,0.058279,3077680.0,0.000676,1.427643,0.0,0.817089,5.851,0.933283,0.297694,0.147682,1.0,1.0,0.0
KOSDAQ,33160,엠케이전자(주),2023,2024,1997.0,mid_sized,manufacturing,0.696871,0.08767,2307897334.0,0.423379,1.36195,0.130247,-87.561637,-0.035046,73111792.0,2.35823,-0.019711,0.020127,-0.046557,-0.24478,-1.083674,-0.291635,-16.537612,0.124184,17495618.0,0.004617,0.839337,1.0,0.276192,6.374,0.976713,0.063539,-0.0381,0.0,0.0,0.0
KOSDAQ,105550,엣지파운드리(주),2017,2018,2014.0,small_and_medium,manufacturing,,,0.0,,,,,,0.0,1000000.0,,,,,,,1000000.0,,0.0,,,0.0,,6.229,,,,0.0,0.0,0.0
KOSDAQ,265560,영화테크(주),2022,2023,2017.0,small_and_medium,manufacturing,5.226583,0.221836,81305213.0,0.700269,0.428023,0.162113,-9.651929,0.100644,10083113.0,3.394076,0.046255,0.023439,0.066053,0.213213,0.39421,0.108374,9.25415,-0.004558,3220706.0,0.013471,1.967386,1.0,1.680447,5.851,0.113803,0.259037,0.037786,0.0,0.0,0.0
KOSDAQ,39830,오로라월드(주),2018,2019,2001.0,small_and_medium,it_services,1.059201,0.093671,229190180.0,0.445926,1.242526,0.41893,-17.991517,0.040545,68494712.0,3.988715,0.040645,0.057147,0.091147,0.059117,0.078187,0.051131,2.286222,-0.006782,2812812.0,0.016215,1.156184,1.0,0.900402,6.168,0.684717,0.018731,-0.050311,0.0,0.0,0.0
KOSDAQ,353590,오토앤(주),2023,2024,2022.0,small_and_medium,wholesale_retail,1.504855,0.774065,65212961.0,0.443694,1.253803,0.056737,-3.494501,-0.018482,21785988.0,-2.488353,-0.017611,-0.042978,-0.039691,0.031492,0.30878,0.018929,1.014339,-0.034625,1694065.0,0.041017,1.663673,0.0,3.41751,6.374,0.459459,0.173521,0.031926,0.0,1.0,1.0
KOSDAQ,155650,와이엠씨(주),2023,2024,2012.0,mid_sized,manufacturing,1.993041,0.678847,169036354.0,0.725817,0.377757,0.023664,-11.2847,0.072357,29394584.0,22.116325,0.097878,0.093293,0.134851,0.41326,4.788329,0.093598,26.8613,-0.025715,4940730.0,0.008922,4.415255,1.0,0.906341,6.374,0.0,0.18969,-0.014663,0.0,0.0,0.0
KOSDAQ,251370,와이엠티(주),2023,2024,2017.0,small_and_medium,manufacturing,1.123941,0.488049,249909010.0,0.592992,0.686362,0.199874,-17.167209,-0.000595,21683126.0,-0.796035,-0.001473,-0.012684,-0.002484,0.075134,0.152996,0.059981,1.919105,-0.030884,8500743.0,0.006314,1.252619,0.0,1.152626,6.374,0.760354,0.008053,-0.020486,0.0,1.0,0.0
KOSDAQ,73560,우리손에프앤지농업회사법인(주),2023,2024,2016.0,mid_sized,manufacturing,1.283794,0.1854,483903146.0,0.53684,0.862752,0.361756,-6.503973,0.006119,26976214.0,0.466352,0.003343,0.009574,0.006228,0.097502,0.124833,0.078248,2.199634,-0.041628,27654440.0,0.006632,1.246067,1.0,0.407251,6.374,0.648949,0.014026,-0.086283,0.0,1.0,0.0
KOSDAQ,46940,우원개발(주),2023,2024,2002.0,mid_sized,construction,1.684333,0.13839,191495999.0,0.539174,0.854689,0.115065,-10.424994,0.005842,15148826.0,4.170242,0.015849,0.007091,0.029395,-0.157211,-0.629616,-0.054942,-42.603585,0.08015,2410087.0,0.011041,2.861406,0.0,0.547922,6.374,0.160407,0.159909,-0.013203,0.0,0.0,0.0
KOSDAQ,53580,웹케시(주),2023,2024,2019.0,mid_sized,it_services,,,0.0,,,,,,0.0,1000000.0,,,,,,,1000000.0,,0.0,,,0.0,,6.374,,,,0.0,0.0,0.0
KOSDAQ,64510,유네코(주),2018,2019,2018.0,small_and_medium,manufacturing,0.521057,0.006971,83116774.0,0.218083,3.585403,0.493524,-1.863747,-2.958802,2816572.0,-2.89325,-0.49191,-0.101901,-2.255606,-0.163303,-0.258729,-0.723853,-3.625455,-0.394249,2672673.0,0.021465,0.225602,0.0,7.717162,6.168,0.390853,,,0.0,1.0,0.0
KOSDAQ,36200,유니셈(주),2023,2024,1999.0,mid_sized,manufacturing,6.057739,1.775207,243364156.0,0.880921,0.135176,0.012327,-12.982712,0.07854,36365523.0,40.773353,0.091765,0.071449,0.10417,-0.355537,-3.43445,-0.04439,-24.160347,0.117246,2043105.0,0.004245,8.009476,1.0,1.204344,6.374,1.0,0.036795,0.001184,0.0,0.0,0.0
KOSDAQ,18000,유니슨(주),2023,2024,1996.0,mid_sized,manufacturing,0.559753,0.107117,263045947.0,0.224185,3.4606,0.246505,0.066456,-0.242597,-2081452.0,-2.039541,-0.096073,-0.074397,-0.428544,-0.127142,-0.400148,-0.240826,-2.704116,-0.000725,4144858.0,0.073398,0.52794,0.0,2.819364,6.374,0.0,0.003968,-0.187862,1.0,1.0,0.0
KOSDAQ,23410,유진기업(주),2023,2024,1994.0,mid_sized,manufacturing,0.630434,0.200208,2286216043.0,0.467124,1.140761,0.254034,-26.627307,0.047042,199098963.0,2.199346,0.037762,0.036936,0.080839,0.067758,0.142134,0.056025,2.150001,-0.005789,29425299.0,0.039496,1.209441,1.0,0.249391,6.374,0.742653,0.125981,0.024927,0.0,0.0,0.0
KOSDAQ,303530,이노뎁(주),2023,2024,2021.0,small_and_medium,it_services,,,0.0,,,,,,0.0,1000000.0,,,,,,,1000000.0,,0.0,,,0.0,,6.374,,,,0.0,0.0,0.0
KOSDAQ,53350,이니텍(주),2022,2023,2001.0,large,it_services,,,0.0,,,,,,0.0,1000000.0,,,,,,,1000000.0,,0.0,,,0.0,,5.851,,,,0.0,0.0,0.0
KOSDAQ,245620,이원다이애그노믹스(주),2019,2020,2018.0,small_and_medium,it_services,1.05619,0.41103,96400085.0,0.49597,1.016251,0.074282,-12.217488,-0.151709,5424693.0,-10.377142,-0.085176,-0.08873,-0.171736,-0.192706,-1.307577,-0.165074,-11.359512,0.007864,1686466.0,0.05602,1.167392,0.0,4.047668,6.092,0.673685,0.283588,0.1857,1.0,1.0,1.0
KOSDAQ,88290,이원컴포텍(주),2023,2024,2009.0,small_and_medium,manufacturing,,,0.0,,,,,,0.0,1000000.0,,,,,,,1000000.0,,0.0,,,0.0,,6.374,,,,0.0,0.0,0.0
KOSDAQ,1840,이화공영(주),2022,2023,1994.0,mid_sized,construction,,,0.0,,,,,,0.0,1000000.0,,,,,,,1000000.0,,0.0,,,0.0,,5.851,,,,0.0,0.0,0.0
KOSDAQ,24810,이화전기공업(주),2021,2022,1994.0,small_and_medium,manufacturing,1.637294,0.483873,370442906.0,0.711287,0.405902,0.090027,-14.7848,0.414368,8575211.0,-0.958884,0.07472,-0.008048,0.105048,-0.009366,-0.030035,-0.014997,-0.322169,0.077413,1080846.0,0.000946,0.624483,0.0,0.489395,6.246,1.0,0.450119,0.788116,1.0,1.0,1.0
KOSDAQ,79950,인베니아(주),2023,2024,2005.0,mid_sized,manufacturing,0.780824,0.047467,87694074.0,0.397438,1.516113,0.256574,-2.004568,-0.770348,-1793629.0,-7.669392,-0.200388,-0.161281,-0.504199,-0.075202,-0.176612,-0.175076,-2.154817,-0.154072,1625526.0,0.008946,0.429543,0.0,0.780811,6.374,0.955556,-0.228634,-0.75252,0.0,1.0,1.0
KOSDAQ,60150,인선이엔티(주),2023,2024,2002.0,mid_sized,other,1.220134,0.543195,544990569.0,0.630478,0.586098,0.265165,-13.758502,0.007747,49907009.0,4.012967,-0.003523,0.047355,-0.005588,0.146474,0.20412,0.133499,4.586698,-0.050984,15684547.0,0.02366,1.097193,0.0,0.997391,6.374,0.505147,-0.009502,-0.084402,0.0,0.0,0.0
KOSDAQ,49070,인탑스(주),2022,2023,2002.0,mid_sized,manufacturing,3.877326,1.537237,870480458.0,0.840111,0.190319,0.022304,-84.034875,0.106082,208546602.0,331.096312,0.169127,0.163171,0.201316,1.191713,8.543094,0.148869,386.636782,-0.054765,20028631.0,0.002397,8.005105,1.0,0.652673,5.851,1.0,0.060292,0.029295,0.0,0.0,0.0
KOSDAQ,39290,인포뱅크(주),2023,2024,2006.0,mid_sized,it_services,1.829073,0.918771,100772840.0,0.772702,0.29416,0.0,-16.912941,0.043454,13246760.0,-279.774994,0.074585,-0.021827,0.096524,-0.137068,,-0.02294,-399.340499,0.090171,1067300.0,0.004471,5.975044,1.0,1.288454,6.374,,0.13055,0.034228,0.0,1.0,1.0
KOSDAQ,147830,제룡산업(주),2023,2024,2012.0,small_and_medium,manufacturing,,,0.0,,,,,,0.0,1000000.0,,,,,,,1000000.0,,0.0,,,0.0,,6.374,,,,0.0,0.0,0.0
KOSDAQ,33100,제룡전기(주),2023,2024,1997.0,small_and_medium,manufacturing,,,0.0,,,,,,0.0,1000000.0,,,,,,,1000000.0,,0.0,,,0.0,,6.374,,,,0.0,0.0,0.0
KOSDAQ,33320,제이씨현시스템(주),2023,2024,1997.0,mid_sized,wholesale_retail,3.043133,0.335106,146470300.0,0.747958,0.336973,0.098322,-10.462924,-0.012195,21037426.0,-81.186513,-0.015874,-0.038081,-0.021223,0.206113,0.528354,0.035966,110.751932,-0.069564,1690636.0,0.003014,5.730813,1.0,0.848824,6.374,0.545191,-0.088213,-0.014126,0.0,1.0,1.0
KOSDAQ,33050,제이엠아이(주),2023,2024,1997.0,small_and_medium,manufacturing,1.440699,0.294422,89657744.0,0.571055,0.751143,0.087758,-0.571534,0.032853,10513671.0,7.795788,0.037385,0.049581,0.065467,0.210093,1.026894,0.108357,14.1697,-0.062795,3745316.0,0.012587,1.938905,0.0,0.731133,6.374,1.0,0.049026,-0.005357,0.0,0.0,0.0
KOSDAQ,94970,제이엠티(주),2023,2024,2007.0,small_and_medium,manufacturing,2.636693,0.255561,221792518.0,0.713055,0.402416,0.027052,-17.885609,0.18941,27759094.0,53.294298,0.116887,0.066849,0.163925,0.686385,7.280508,0.355906,157.019738,-0.092137,9517068.0,0.00315,1.928556,1.0,0.432605,6.374,1.0,0.603342,-0.1353,0.0,0.0,0.0
KOSDAQ,44060,조광아이엘아이(주),2017,2018,2001.0,small_and_medium,manufacturing,6.875216,1.992731,59138919.0,0.866827,0.153633,0.033819,-9.37123,0.1634,9958208.0,106.386677,0.066983,0.065593,0.077274,0.562892,2.216588,0.217637,121.583429,-0.018681,827498.0,0.012664,2.586374,1.0,0.942029,6.229,0.0,-0.043529,0.019888,0.0,0.0,0.0
KOSDAQ,36930,주성엔지니어링(주),2023,2024,1999.0,mid_sized,manufacturing,3.883637,1.797605,805261391.0,0.639231,0.56438,0.055882,-20.337046,0.119408,150103514.0,7.847452,0.055523,0.035935,0.08686,0.003052,0.019703,0.003114,0.240442,0.041122,18289173.0,0.008081,0.980144,0.0,3.205692,6.374,0.0,-0.033373,-0.123026,0.0,0.0,0.0
KOSDAQ,130500,지에이치신소재(주),2023,2024,2013.0,mid_sized,manufacturing,0.808832,0.353447,180096806.0,0.490873,1.037188,0.403654,-11.155972,0.030771,12484960.0,1.905535,0.018357,0.026078,0.037397,-0.022619,-0.028529,-0.023364,-0.841483,0.026683,2960297.0,0.010827,0.968106,0.0,0.4796,6.374,0.696198,0.373269,-0.020054,0.0,0.0,0.0
KOSDAQ,388050,지투파워(주),2023,2024,2022.0,small_and_medium,manufacturing,2.074499,0.536671,55764039.0,0.578247,0.729364,0.0,-2.4538,0.013584,12567208.0,-31.326706,-0.006356,-0.016954,-0.010992,0.286133,,0.136188,222.977634,-0.10864,707881.0,0.001021,2.101021,0.0,4.669908,6.374,,,,0.0,1.0,0.0
KOSDAQ,158310,참존글로벌(주),2017,2018,2013.0,small_and_medium,manufacturing,1.642757,0.261602,32357130.0,0.588258,0.699936,0.002121,-4.424153,-0.475647,5207091.0,-0.262429,-0.197957,-0.009583,-0.336513,-0.042789,-8.307428,-0.042332,-0.482468,-0.180339,247075.0,0.011693,1.010786,0.0,2.518366,6.229,1.0,-0.085225,1.132336,1.0,1.0,1.0
KOSDAQ,94850,참좋은여행(주),2023,2024,2007.0,mid_sized,it_services,1.771201,0.14406,143382883.0,0.589536,0.69625,0.0,-11.075616,0.105012,68664952.0,68.18131,0.062186,0.044769,0.105484,0.343242,,0.294197,214.566459,-0.090599,1073456.0,0.060822,1.166708,0.0,1.147768,6.374,,,,0.0,0.0,0.0
KOSDAQ,140290,청광건설(주),2021,2022,2013.0,small_and_medium,construction,,,0.0,,,,,,0.0,1000000.0,,,,,,,1000000.0,,0.0,,,0.0,,6.246,,,,0.0,0.0,0.0
KOSDAQ,42000,카페24(주),2023,2024,2018.0,mid_sized,it_services,0.982358,0.252763,321835344.0,0.542454,0.843473,0.069971,-14.520243,0.007131,278111825.0,-0.585645,-0.057407,-0.009648,-0.105828,0.244424,1.598317,0.129417,6.7884,-0.105673,30014668.0,0.03362,1.888649,0.0,3.608191,6.374,0.77106,-0.056528,0.18565,0.0,1.0,1.0
KOSDAQ,44180,케이디(주),2023,2024,2000.0,small_and_medium,construction,1.741673,0.003079,294765568.0,0.110451,8.053749,0.351938,-1.437124,-0.021005,24435811.0,0.891165,-0.007444,0.014934,-0.067396,-0.059602,-0.150647,-0.087107,-3.163731,0.040234,1055297.0,0.000275,0.684232,0.0,0.581013,6.374,0.031502,0.003768,0.006614,1.0,1.0,0.0
KOSDAQ,43290,케이맥(주),2019,2020,2011.0,small_and_medium,manufacturing,1.93671,0.063004,86443633.0,0.509926,0.961069,0.254469,-11.344649,-0.176111,6620175.0,-6.342537,-0.10559,-0.073232,-0.207069,-0.131876,-0.253975,-0.088709,-5.59742,-0.063677,688508.0,0.023888,1.486613,0.0,1.887457,6.092,0.662356,-0.00797,-0.249453,1.0,1.0,0.0
KOSDAQ,111870,케이에이치미래물산(주),2021,2022,2010.0,small_and_medium,manufacturing,0.74808,0.101162,178730598.0,0.693448,0.442069,0.070098,-1.231699,-1.026507,6242319.0,-0.552568,-0.120643,-0.007318,-0.173975,-0.070471,-0.308181,-0.192889,-1.63121,-0.093362,670178.0,0.008278,0.365343,0.0,0.69633,6.246,1.0,0.159891,2.241059,1.0,1.0,1.0
KOSDAQ,53080,케이엔솔(주),2023,2024,2020.0,mid_sized,manufacturing,1.261307,0.38909,396459542.0,0.42753,1.339018,0.233576,-25.07704,0.026987,53397947.0,4.225865,0.038931,0.046582,0.09106,-0.041252,-0.101104,-0.022428,-2.142356,0.052031,4575240.0,0.01982,1.839263,1.0,1.345245,6.374,0.806714,0.23613,-0.014151,0.0,0.0,0.0
KOSDAQ,225430,케이엠제약(주),2023,2024,2015.0,small_and_medium,manufacturing,,,0.0,,,,,,0.0,1000000.0,,,,,,,1000000.0,,0.0,,,0.0,,6.374,,,,0.0,0.0,0.0
KOSDAQ,391710,코닉오토메이션(주),2023,2024,2021.0,small_and_medium,manufacturing,,,0.0,,,,,,0.0,1000000.0,,,,,,,1000000.0,,0.0,,,0.0,,6.374,,,,0.0,0.0,0.0
KOSDAQ,123410,코리아에프티(주),2023,2024,2010.0,mid_sized,manufacturing,1.259359,0.204016,415160886.0,0.427192,1.34087,0.22282,-62.702042,0.044641,95847992.0,5.317328,0.092632,0.081721,0.216839,0.210999,0.542418,0.07384,7.864055,-0.047793,21185740.0,0.026599,2.85753,1.0,0.568271,6.374,0.875978,0.053436,0.029894,0.0,0.0,0.0
KOSDAQ,448710,코츠테크놀로지(주),2023,2024,2023.0,small_and_medium,manufacturing,,,0.0,,,,,,0.0,1000000.0,,,,,,,1000000.0,,0.0,,,0.0,,6.374,,,,0.0,0.0,0.0
KOSDAQ,200130,콜마비앤에이치(주),2023,2024,2014.0,mid_sized,manufacturing,1.032014,0.235323,694508215.0,0.570623,0.752471,0.198106,-25.828338,0.032329,81004786.0,4.097528,0.037417,0.043564,0.065572,0.188737,0.409071,0.097114,7.622287,-0.054062,15195723.0,0.008668,1.943461,1.0,1.337392,6.374,0.502692,0.125768,-0.037784,0.0,0.0,0.0
KOSDAQ,78940,퀀타피아(주),2019,2020,2004.0,small_and_medium,wholesale_retail,1.045201,0.124835,41171992.0,0.462896,1.160313,0.26891,-0.264168,-0.107562,6819006.0,1.06202,-0.098455,0.036495,-0.212693,-0.30672,-0.612622,-0.159725,-4.79401,0.0538,857628.0,0.011546,1.9203,0.0,4.714563,6.092,1.0,0.171396,0.655333,1.0,0.0,0.0
KOSDAQ,114120,크루셜텍(주),2021,2022,2010.0,small_and_medium,manufacturing,1.087686,0.278838,48926155.0,0.420499,1.378126,0.090248,0.018506,-0.335415,-3693136.0,-12.681616,-0.28562,-0.317851,-0.679239,-0.131675,-0.845512,-0.089453,-3.04445,-0.209814,2448968.0,0.030325,1.47201,0.0,1.365265,6.246,1.0,-0.184374,0.003467,1.0,1.0,1.0
KOSDAQ,290560,파라택시스이더리움(주),2023,2024,2023.0,small_and_medium,it_services,,,0.0,,,,,,0.0,1000000.0,,,,,,,1000000.0,,0.0,,,0.0,,6.374,,,,0.0,0.0,0.0
KOSDAQ,271830,팸텍(주),2024,2025,2023.0,small_and_medium,manufacturing,3.384184,1.808408,87797492.0,0.760923,0.314194,0.116649,-21.653999,-0.002022,9998204.0,-17.717835,-0.02444,-0.042453,-0.032119,-0.023553,-0.048272,-0.011146,-2.35004,0.004609,1086817.0,0.011213,2.113145,1.0,0.693476,6.084,0.023583,-0.046323,-0.080154,0.0,1.0,0.0
KOSDAQ,251970,펌텍코리아(주),2023,2024,2019.0,mid_sized,manufacturing,2.805921,0.411927,356089395.0,0.807843,0.237864,0.056155,-45.397495,0.102389,61044962.0,37.592988,0.105136,0.099101,0.130144,0.562892,1.926157,0.13539,41.030902,-0.026365,10105112.0,0.017286,4.157568,1.0,1.032383,6.374,0.897148,0.119004,0.017728,0.0,0.0,0.0
KOSDAQ,237750,피앤씨테크(주),2023,2024,2016.0,small_and_medium,manufacturing,,,0.0,,,,,,0.0,1000000.0,,,,,,,1000000.0,,0.0,,,0.0,,6.374,,,,0.0,0.0,0.0
KOSDAQ,347740,피엔케이피부임상연구센타(주),2021,2022,2020.0,small_and_medium,it_services,,,0.0,,,,,,0.0,1000000.0,,,,,,,1000000.0,,0.0,,,0.0,,6.246,,,,0.0,0.0,0.0
KOSDAQ,67310,하나마이크론(주),2023,2024,2005.0,mid_sized,manufacturing,0.679979,0.165481,1725090132.0,0.31557,2.168865,0.460637,-21.692331,0.000995,126942271.0,1.272737,0.008103,0.033566,0.025678,0.070395,0.104595,0.085865,1.826858,-0.047622,115396486.0,0.018491,0.819827,1.0,2.56915,6.374,0.36784,0.224294,-0.064111,0.0,0.0,0.0
KOSDAQ,166090,하나머티리얼즈(주),2023,2024,2017.0,mid_sized,manufacturing,1.072425,0.232618,672563501.0,0.594285,0.682695,0.293295,-39.469884,0.146392,66048903.0,10.232881,0.060166,0.061381,0.101242,0.161966,0.224048,0.189213,10.954892,-0.014871,33324346.0,0.009054,0.856002,1.0,2.480857,6.374,0.47146,,,0.0,0.0,0.0
KOSDAQ,13030,하이록코리아(주),2023,2024,1989.0,mid_sized,manufacturing,12.978386,6.597728,443155316.0,0.918097,0.08921,0.0,-58.774117,0.252756,76749175.0,2755.058402,0.13704,0.117096,0.149266,0.76473,,0.146985,1473.667321,0.045072,4708069.0,0.014398,5.202774,1.0,0.842094,6.374,,0.075822,0.064837,0.0,0.0,0.0
KOSDAQ,221840,하이즈항공(주),2023,2024,2015.0,small_and_medium,manufacturing,0.946928,0.119076,123275428.0,0.416599,1.400391,0.270593,-4.492497,-0.09429,5269981.0,-1.397724,-0.058402,-0.036852,-0.140187,-0.058251,-0.125591,-0.051872,-1.28894,-0.02779,3788004.0,0.007018,1.12299,1.0,0.999545,6.374,0.748901,-0.099006,0.115221,1.0,1.0,1.0
KOSDAQ,222980,한국맥널티(주),2024,2025,2015.0,small_and_medium,manufacturing,1.308166,0.072102,81317586.0,0.469827,1.128444,0.353879,-5.92657,-0.003959,24462739.0,0.269792,-0.002151,0.007026,-0.004579,-0.072857,-0.109153,-0.035359,-1.483339,0.034302,3711235.0,0.006878,2.060476,0.0,0.938415,6.084,0.742985,-0.037693,0.050979,0.0,1.0,0.0
KOSDAQ,17890,한국알콜산업(주),2023,2024,1992.0,mid_sized,manufacturing,2.407297,0.446196,653170084.0,0.805323,0.241739,0.019177,-47.691885,0.032705,50805754.0,12.170995,0.027819,0.033501,0.034544,0.283589,2.878958,0.082278,20.057601,-0.033263,12909000.0,0.027862,3.446703,1.0,0.476055,6.374,0.638695,0.124144,-0.033204,0.0,0.0,0.0
KOSDAQ,53300,한국정보인증(주),2018,2019,2014.0,mid_sized,it_services,3.3812,0.203996,100615835.0,0.794595,0.258503,0.0,-4.130681,0.201754,38912669.0,1000000.0,0.102182,0.089566,0.128597,0.491248,,0.260908,1000000.0,-0.022877,977743.0,0.047873,1.882841,1.0,1.471539,6.168,,0.077541,0.049199,0.0,0.0,0.0
KOSDAQ,452280,한선엔지니어링(주),2023,2024,2023.0,mid_sized,manufacturing,,,0.0,,,,,,0.0,1000000.0,,,,,,,1000000.0,,0.0,,,0.0,,6.374,,,,0.0,0.0,0.0
KOSDAQ,66980,한성크린텍(주),2022,2023,2003.0,mid_sized,it_services,0.943171,0.11185,301379206.0,0.392065,1.550596,0.093871,-4.222317,-0.012219,25445063.0,1.025367,-0.01049,0.018562,-0.026757,-0.033472,-0.216776,-0.019014,-1.124114,0.007272,7018389.0,0.086886,1.76042,0.0,1.376784,5.851,0.656681,0.174472,-0.12643,1.0,0.0,0.0
KOSDAQ,114810,한솔아이원스(주),2018,2019,2013.0,small_and_medium,manufacturing,,,0.0,,,,,,0.0,1000000.0,,,,,,,1000000.0,,0.0,,,0.0,,6.168,,,,0.0,0.0,0.0
KOSDAQ,7770,한일화학공업(주),2023,2024,1992.0,mid_sized,manufacturing,1.472023,0.122,147240868.0,0.709383,0.409677,0.128651,-58.51573,-0.124679,3227321.0,-6.791389,-0.06961,-0.063884,-0.098128,-0.052158,-0.117823,-0.018304,-1.611419,-0.088093,4737805.0,0.010344,2.849585,1.0,0.550443,6.374,1.0,-0.063126,-0.150255,1.0,1.0,0.0
KOSDAQ,319400,현대무벡스(주),2023,2024,2019.0,mid_sized,manufacturing,2.109241,0.249766,248932797.0,0.645687,0.548738,0.040171,-12.67369,0.015707,33620007.0,5.677061,0.018286,0.016644,0.02832,-0.112653,-0.993598,-0.037097,-13.613958,0.056815,2992488.0,0.015463,3.036708,1.0,2.479214,6.374,1.0,0.134352,-0.028223,1.0,0.0,0.0
KOSDAQ,48410,현대바이오사이언스(주),2018,2019,2002.0,small_and_medium,manufacturing,3.120766,0.276508,54008494.0,0.749594,0.334055,0.109242,-1.401295,0.08216,14522675.0,1.51819,0.05127,0.029309,0.068396,0.369917,0.847926,0.157005,4.798212,-0.044157,1468670.0,0.157074,2.356088,0.0,4.51423,6.168,0.745763,0.091108,0.044056,0.0,0.0,0.0
KOSDAQ,39010,현대에이치티(주),2023,2024,2000.0,mid_sized,manufacturing,,,0.0,,,,,,0.0,1000000.0,,,,,,,1000000.0,,0.0,,,0.0,,6.374,,,,0.0,0.0,0.0
KOSDAQ,39610,화성밸브(주),2015,2016,2000.0,small_and_medium,manufacturing,,,0.0,,,,,,0.0,1000000.0,,,,,,,1000000.0,,0.0,,,0.0,,5.913,,,,0.0,0.0,0.0
KOSDAQ,90710,휴림로봇(주),2024,2025,2006.0,small_and_medium,manufacturing,1.602999,0.382635,334935432.0,0.634121,0.576986,0.066192,-2.874903,-0.070562,14760743.0,-2.945801,0.006405,-0.014744,0.0101,-0.251434,-1.389814,-0.2315,-18.379749,0.063954,4217279.0,0.022746,1.086107,0.0,0.769052,6.084,1.0,1.866268,-0.078807,0.0,1.0,1.0
KOSPI,11810,(주)STX,2016,2017,1990.0,mid_sized,wholesale_retail,0.498949,0.048928,707709000.0,-0.467136,-3.140706,0.855548,3.790475,-0.265933,84759000.0,-0.910906,-0.647015,-0.048281,1.385068,0.055699,0.095516,0.033621,1.541761,-0.728094,6589000.0,0.004849,1.656693,0.0,-0.237663,6.043,0.9489,-0.441528,-0.235898,0.0,1.0,1.0
KOSPI,11420,(주)갤럭시아에스엠,2023,2024,1989.0,large,it_services,,,0.0,,,,,,0.0,1000000.0,,,,,,,1000000.0,,0.0,,,0.0,,6.374,,,,0.0,0.0,0.0
KOSPI,2100,(주)경농,2022,2023,1977.0,mid_sized,manufacturing,1.661647,0.270916,448632689.0,0.580618,0.722303,0.199157,-23.016888,0.085399,110424495.0,11.333591,0.08454,0.091333,0.145603,0.076639,0.161386,0.039877,3.988404,0.036691,6616548.0,0.008328,1.92191,1.0,0.756967,5.851,0.886529,0.153933,0.0258,0.0,0.0,0.0
KOSPI,9450,(주)경동나비엔,2023,2024,1993.0,mid_sized,manufacturing,1.353282,0.201876,1060557971.0,0.551215,0.814175,0.095395,-39.127093,0.069042,513978519.0,11.330413,0.101165,0.099863,0.183531,0.414661,1.950763,0.16388,21.114106,-0.107693,43875536.0,0.017459,2.530267,1.0,1.176263,6.374,0.932208,0.041786,0.022885,0.0,0.0,0.0
KOSPI,37710,(주)광주신세계,2023,2024,2002.0,large,wholesale_retail,,,0.0,,,,,,0.0,1000000.0,,,,,,,1000000.0,,0.0,,,0.0,,6.374,,,,0.0,0.0,0.0
KOSPI,1140,(주)국보,2022,2023,1989.0,mid_sized,transport_storage,1.106955,0.156551,109959854.0,0.391855,1.551963,0.088914,0.175897,-0.238931,28899790.0,-3.223614,-0.222566,-0.12751,-0.567981,0.021772,0.148914,0.014238,0.334739,-0.23543,6028627.0,0.043433,1.529127,0.0,1.76677,5.851,0.952275,0.074719,-0.056493,0.0,1.0,1.0
KOSPI,1570,(주)금양,2023,2024,1976.0,mid_sized,manufacturing,0.297943,0.137136,703467372.0,0.350457,1.853415,0.431112,-7.493888,-0.397,34711125.0,-1.680692,-0.10523,-0.020766,-0.300265,0.032676,0.049232,0.098208,1.71778,-0.107023,7012200.0,0.161469,0.332721,0.0,25.712605,6.374,0.877566,1.525013,-0.232777,0.0,1.0,0.0
KOSPI,214330,(주)금호에이치티,2023,2024,2015.0,mid_sized,manufacturing,1.883939,0.305559,441768263.0,0.686153,0.457401,0.088656,-2.013475,-0.055529,31954979.0,2.273299,-0.033159,0.024388,-0.048326,-0.04343,-0.153745,-0.016528,-1.270541,-0.032163,10365198.0,0.017648,2.627671,0.0,0.414202,6.374,0.869187,0.035474,0.025964,0.0,0.0,0.0
KOSPI,13700,(주)까뮤이앤씨,2023,2024,1989.0,mid_sized,construction,1.332493,0.199049,255548356.0,0.3416,1.927403,0.199526,-2.866704,0.009352,15332416.0,2.158183,0.01271,0.026027,0.037206,0.009667,0.031899,0.005833,0.527755,0.003839,1716441.0,0.003232,1.657193,1.0,0.863785,6.374,0.42013,,,0.0,0.0,0.0
KOSPI,8350,(주)남선알미늄,2023,2024,1978.0,large,manufacturing,1.933791,0.748427,432707601.0,0.700631,0.427286,0.058683,-3.686224,-0.000849,27840262.0,5.271608,-0.011542,0.014897,-0.016474,0.021568,0.110029,0.008998,2.284895,-0.007066,3982927.0,0.000151,2.396948,0.0,1.005074,6.374,0.927801,0.078546,-0.110058,0.0,0.0,0.0
KOSPI,90350,(주)노루페인트,2020,2021,2006.0,mid_sized,manufacturing,1.191105,0.245591,666659131.0,0.500799,0.99681,0.093076,-31.630611,0.027968,146683457.0,7.981072,0.041591,0.048446,0.083049,0.119933,0.643247,0.06208,9.863162,-0.032898,14362279.0,0.017339,1.931914,1.0,0.607405,6.282,0.58211,0.062672,-0.001223,0.0,0.0,0.0
KOSPI,320,(주)노루홀딩스,2019,2020,1973.0,mid_sized,it_services,1.668728,0.322786,1007372302.0,0.563313,0.775211,0.17407,-65.759161,0.02252,210047760.0,3.363872,0.034355,0.02483,0.060988,0.130526,0.327448,0.064932,7.721931,-0.03723,22315371.0,0.016698,2.010185,1.0,0.296855,6.092,0.410214,0.020493,0.019334,0.0,0.0,0.0
KOSPI,6280,(주)녹십자,2023,2024,1989.0,mid_sized,manufacturing,1.195913,0.057205,2643313917.0,0.58255,0.71659,0.151453,-25.352771,-0.012178,484632763.0,1.209,-0.010265,0.013028,-0.017622,-0.00496,-0.01367,-0.003364,-0.192142,-0.005423,66443000.0,0.073925,1.474143,1.0,0.952462,6.374,0.787952,0.046634,-0.05274,0.0,0.0,0.0
KOSPI,5250,(주)녹십자홀딩스,2023,2024,1976.0,mid_sized,it_services,0.899577,0.115343,3737707402.0,0.503395,0.986513,0.218478,-69.78965,-0.035372,603582752.0,-0.309542,-0.0217,-0.004398,-0.043108,-0.021364,-0.04856,-0.019269,-0.746737,-0.008866,79946918.0,0.063152,1.108703,1.0,0.430514,6.374,0.735059,0.040547,-0.063694,0.0,1.0,0.0
KOSPI,6370,(주)대구백화점,2023,2024,1988.0,mid_sized,wholesale_retail,0.981848,0.066297,467423345.0,0.422395,1.367452,0.415323,-2.647501,-0.438555,67645317.0,-0.924979,-0.063919,-0.032406,-0.151325,-0.097179,-0.13515,-0.38786,-1.602167,-0.007337,6490142.0,0.000159,0.250551,1.0,0.497327,6.374,0.370882,-0.006217,-0.193476,1.0,1.0,1.0
KOSPI,47040,(주)대우건설,2023,2024,2001.0,large,construction,1.593549,0.195024,11243136483.0,0.36128,1.76794,0.138488,-0.954617,0.044771,1211728450.0,4.402323,0.06626,0.058926,0.183403,-0.115973,-0.534877,-0.071501,-5.533998,0.120456,118554000.0,0.005793,1.621981,1.0,0.424124,6.374,0.38697,0.009226,-0.003986,1.0,0.0,0.0
KOSPI,69620,(주)대웅제약,2023,2024,2002.0,mid_sized,manufacturing,0.861654,0.167146,1770310793.0,0.515323,0.940532,0.131291,-30.494415,0.087254,688166721.0,9.01219,0.068914,0.069249,0.13373,0.158513,0.585171,0.098892,9.998513,-0.009041,32583358.0,0.13367,1.602892,1.0,1.483438,6.374,0.720341,0.13239,0.05666,0.0,0.0,0.0
KOSPI,2880,(주)대유에이텍,2016,2017,1977.0,mid_sized,manufacturing,0.698373,0.038925,838062939.0,0.23304,3.291105,0.262938,-2.933937,0.005716,170282807.0,1.644985,0.012051,0.024434,0.051712,0.018141,0.052916,0.011431,0.936721,-0.006956,25429862.0,0.059474,1.587032,1.0,0.913211,6.043,0.672765,0.110195,-0.004193,0.0,0.0,0.0
KOSPI,3490,(주)대한항공,2023,2024,1966.0,large,transport_storage,0.913421,0.066185,30391776030.0,0.322956,2.096396,0.159849,-4.315122,0.070079,3261494229.0,3.368532,0.051846,0.0589,0.160536,0.19889,0.842399,0.254004,7.701068,-0.097505,1665900353.0,0.012642,0.783017,1.0,0.899321,6.374,0.210248,0.048075,-0.052614,0.0,0.0,0.0
KOSPI,69460,(주)대호에이엘,2024,2025,2002.0,mid_sized,manufacturing,,,0.0,,,,,,0.0,1000000.0,,,,,,,1000000.0,,0.0,,,0.0,,6.084,,,,0.0,0.0,0.0
KOSPI,192080,(주)더블유게임즈,2023,2024,2019.0,mid_sized,it_services,9.333502,4.782498,1287800689.0,0.929278,0.076104,0.0,-129.259341,0.331244,582333575.0,92.830307,0.189733,0.165625,0.204173,1.052741,,0.164646,41.729001,0.075334,7948293.0,0.066763,6.39397,1.0,0.722781,6.374,,0.042217,0.689381,0.0,0.0,0.0
KOSPI,12510,(주)더존비즈온,2023,2024,1988.0,mid_sized,it_services,0.30239,0.130197,883327560.0,0.50416,0.983497,0.020377,-27.29523,0.097094,152780258.0,4.77067,0.051411,0.078193,0.101975,0.230963,5.619951,0.286114,6.987044,-0.075658,25772968.0,0.075455,0.807241,1.0,2.046281,6.374,1.0,0.060554,0.021261,0.0,0.0,0.0
KOSPI,2150,(주)도화엔지니어링,2023,2024,2010.0,mid_sized,it_services,1.036589,0.286666,605100050.0,0.453419,1.205464,0.073807,-15.273078,0.036077,574990700.0,7.414984,0.043032,0.036179,0.094906,0.088003,0.651703,0.050619,9.858318,-0.013819,6218316.0,0.007354,1.738519,1.0,0.974616,6.374,0.010979,0.157886,0.033238,0.0,0.0,0.0
KOSPI,4140,(주)동방,2023,2024,1988.0,mid_sized,transport_storage,0.851328,0.20712,599319321.0,0.240437,3.159102,0.270516,-1.739513,0.019657,75423477.0,2.176587,0.026039,0.058716,0.108301,0.1045,0.293418,0.061958,2.942386,-0.054192,32375628.0,0.020321,1.686641,0.0,0.685795,6.374,0.284612,0.055205,0.017944,0.0,0.0,0.0
KOSPI,26960,(주)동서,2024,2025,2016.0,mid_sized,wholesale_retail,15.180204,0.495398,1779146551.0,0.960841,0.040755,0.001428,-33.292408,0.325341,85503329.0,208.661189,0.099476,0.024999,0.10353,1.625387,44.561405,0.231642,531.262327,0.025746,4058491.0,0.000854,7.016799,1.0,1.595105,6.084,1.0,0.050251,0.026579,0.0,0.0,0.0
KOSPI,5190,(주)동성화학,2019,2020,1988.0,mid_sized,manufacturing,2.164178,0.763386,188579387.0,0.656219,0.523881,0.066119,-21.372798,0.067462,52342195.0,32.023801,0.114642,0.134204,0.174701,0.47178,2.452979,0.152156,38.701526,-0.090278,4228573.0,0.010132,3.100638,1.0,0.784709,6.092,1.0,0.024494,0.039426,0.0,0.0,0.0
KOSPI,28100,(주)동아지질,2024,2025,2009.0,mid_sized,construction,1.804191,0.822492,400252311.0,0.567391,0.762454,0.134615,-31.321236,0.028941,20189038.0,3.716713,0.033576,0.024014,0.059177,0.051989,0.167074,0.022877,3.48093,0.005961,19061727.0,0.002838,2.272519,1.0,0.799481,6.084,1.0,0.023834,-0.000714,0.0,0.0,0.0
KOSPI,1520,(주)동양,2016,2017,1976.0,mid_sized,manufacturing,5.222551,0.246814,1004693583.0,0.858657,0.164609,0.001961,-6.197746,0.055596,53733899.0,20.891755,0.028305,0.007617,0.032964,-0.929483,-67.001125,-0.300049,-360.34895,0.155718,5995000.0,0.002649,3.097767,1.0,0.829426,6.043,1.0,-0.151577,-1.490971,0.0,0.0,0.0
KOSPI,49770,(주)동원에프앤비,2023,2024,2000.0,mid_sized,manufacturing,1.195784,0.143343,2206146539.0,0.441131,1.266901,0.207933,-49.436286,0.024958,942864863.0,6.209417,0.066536,0.075568,0.15083,0.214014,0.575212,0.060508,9.827991,-0.070272,81641687.0,0.011464,3.536927,1.0,0.648343,6.374,0.514378,0.064891,0.002386,0.0,0.0,0.0
KOSPI,150,(주)두산,2023,2024,1973.0,large,it_services,1.000654,0.309399,28286808652.0,0.396182,1.524089,0.164485,-89.568209,0.014222,3245069267.0,3.079352,0.015943,0.050775,0.040241,0.111751,0.410231,0.099775,4.092279,-0.057859,547504372.0,0.106008,1.120026,1.0,0.17942,6.374,0.369132,0.074917,0.048417,0.0,0.0,0.0
KOSPI,16740,(주)두올,2023,2024,2016.0,mid_sized,manufacturing,1.568095,0.214363,477089682.0,0.451881,1.212973,0.122361,-1.607915,0.02766,125444861.0,11.569595,0.076226,0.092411,0.168686,0.063957,0.286497,0.022207,4.388939,0.008608,17219494.0,0.053655,2.880038,1.0,0.541429,6.374,0.956165,0.032279,0.014389,0.0,0.0,0.0
KOSPI,12030,(주)디비아이엔씨,2014,2015,1993.0,large,it_services,0.556665,0.015118,365853366.0,0.301349,2.318413,0.077457,-0.210693,-0.439537,32804615.0,-0.866767,-0.451137,-0.039445,-1.497059,0.107552,0.970099,0.097033,1.651168,-0.415512,4870240.0,0.015989,1.1084,0.0,0.414639,5.726,1.0,-0.426883,-0.318113,0.0,1.0,0.0
KOSPI,990,(주)디비하이텍,2022,2023,1975.0,large,manufacturing,3.283569,0.374205,2122700475.0,0.771792,0.295685,0.044826,-6.361227,0.333577,933217769.0,232.249754,0.351975,0.362155,0.456049,1.507099,7.672533,0.435784,220.562971,-0.080665,110783170.0,0.008655,3.458363,0.0,1.009343,5.851,0.280106,0.369539,0.072692,0.0,0.0,0.0
KOSPI,3160,(주)디아이,2023,2024,1996.0,mid_sized,manufacturing,1.599525,0.544455,280589482.0,0.574681,0.740096,0.226059,-8.348663,0.009139,59550487.0,1.870142,0.015888,0.021881,0.027646,0.12472,0.234654,0.069376,4.533713,-0.046058,4978967.0,0.022256,1.797736,1.0,1.105678,6.374,0.622735,0.021864,-0.056511,0.0,0.0,0.0
KOSPI,4840,(주)디알비동일,2023,2024,1976.0,mid_sized,manufacturing,1.282672,0.385142,963651592.0,0.516898,0.934617,0.285643,-48.985936,0.029623,145153276.0,2.13414,0.036641,0.037198,0.070887,0.220963,0.37371,0.139429,6.124369,-0.084068,27129048.0,0.001927,1.584773,1.0,0.234066,6.374,0.855518,0.01948,0.024278,0.0,0.0,0.0
KOSPI,27740,(주)마니커,2016,2017,2002.0,mid_sized,manufacturing,0.532209,0.037199,211971928.0,0.458883,1.179204,0.337693,-0.666651,0.004992,17738103.0,-0.62146,0.00495,-0.016487,0.010787,0.040764,0.065321,0.020344,0.831467,-0.016646,8137757.0,0.003997,2.003729,0.0,1.07281,6.043,0.673692,-0.048732,0.055661,0.0,1.0,1.0
KOSPI,9680,(주)모토닉,2018,2019,1994.0,mid_sized,manufacturing,13.862581,1.615068,434168419.0,0.910149,0.098721,0.0,-22.948976,0.050125,23697235.0,1000000.0,0.029197,0.016681,0.032079,0.559984,,0.111881,1000000.0,-0.027773,9601289.0,0.002692,5.00517,1.0,0.834274,6.168,,0.006075,-0.009899,0.0,0.0,0.0
KOSPI,7120,(주)미래아이앤지,2023,2024,1999.0,small_and_medium,it_services,,,0.0,,,,,,0.0,1000000.0,,,,,,,1000000.0,,0.0,,,0.0,,6.374,,-1.0,,0.0,0.0,0.0
KOSPI,81660,(주)미스토홀딩스,2022,2023,2010.0,mid_sized,wholesale_retail,2.098807,0.372855,4821801378.0,0.533942,0.872862,0.237255,-41.126489,0.110746,2029305411.0,12.446906,0.093977,0.09023,0.176005,-0.061709,-0.12122,-0.032848,-3.967314,0.125724,80139102.0,0.25737,1.878639,1.0,0.784603,5.851,0.329551,0.124263,0.021708,0.0,0.0,0.0
KOSPI,35150,(주)백산,2023,2024,1999.0,mid_sized,manufacturing,1.61613,0.367037,351920467.0,0.59235,0.688191,0.208341,-13.776542,0.097007,96482627.0,12.422141,0.147379,0.151018,0.248804,0.322778,0.631562,0.110853,10.823319,-0.016435,5863482.0,0.00402,2.911757,1.0,1.149501,6.374,0.977769,0.038501,0.002676,0.0,0.0,0.0
KOSPI,3850,(주)보령,2023,2024,1988.0,mid_sized,manufacturing,1.878127,0.081859,915511541.0,0.599941,0.666832,0.196414,-14.992214,0.04678,353429854.0,7.149018,0.061502,0.074567,0.102513,0.115284,0.234813,0.049119,4.421746,-0.002196,25084238.0,0.184785,2.347043,1.0,1.486974,6.374,0.156329,0.025914,-0.008368,0.0,0.0,0.0
KOSPI,27410,(주)비지에프,2016,2017,2014.0,mid_sized,it_services,1.330637,0.137187,1917601300.0,0.491323,1.035322,0.025808,-18.015265,0.036539,1004090288.0,21.321273,0.125355,0.113241,0.255138,0.33971,6.695761,0.065583,32.535799,-0.076526,98181000.0,0.026281,5.179834,1.0,4.301807,6.043,0.787832,0.182521,0.001276,0.0,0.0,0.0
KOSPI,282330,(주)비지에프리테일,2023,2024,2017.0,mid_sized,wholesale_retail,0.821777,0.253751,3219078523.0,0.333777,1.996016,0.003321,-61.164944,0.023899,1522759797.0,5.397551,0.07715,0.078652,0.231142,0.301722,60.531436,0.078963,13.794716,-0.140176,467291000.0,0.011206,3.821065,1.0,2.112123,6.374,1.0,0.092607,-0.001514,0.0,0.0,0.0
KOSPI,5180,(주)빙그레,2023,2024,1978.0,mid_sized,manufacturing,2.16902,0.811984,890717260.0,0.720316,0.38828,0.018378,-11.894825,0.061836,441182772.0,65.563796,0.12457,0.126017,0.172937,0.629105,9.573754,0.112401,91.543432,-0.079154,51711522.0,0.023837,5.596973,1.0,0.839877,6.374,0.305437,0.157879,0.041574,0.0,0.0,0.0
KOSPI,145990,(주)삼양사,2023,2024,2011.0,mid_sized,manufacturing,1.466333,0.212156,3205001055.0,0.534195,0.871977,0.224912,-31.051135,0.046011,464304548.0,3.380599,0.046742,0.03532,0.0875,0.176363,0.365257,0.099302,7.862987,-0.044086,69769136.0,0.017121,1.776025,1.0,0.278305,6.374,0.280399,0.08657,0.015003,0.0,0.0,0.0
KOSPI,272550,(주)삼양패키징,2023,2024,2017.0,mid_sized,manufacturing,0.777667,0.119898,642040554.0,0.583413,0.714053,0.101935,-3.744851,0.06032,82629978.0,5.978931,0.047173,0.050569,0.080857,0.199819,0.816618,0.126746,9.8419,-0.043626,20708839.0,0.014836,1.576532,1.0,0.666407,6.374,0.14052,-0.00081,0.030641,0.0,0.0,0.0
KOSPI,70,(주)삼양홀딩스,2023,2024,1968.0,mid_sized,it_services,1.388606,0.181161,5136660179.0,0.544427,0.836794,0.222104,-62.067942,0.070702,528690299.0,2.000145,0.051888,0.018456,0.095308,0.130683,0.268052,0.095244,6.452052,-0.015341,96918000.0,0.022542,1.372087,1.0,0.218812,6.374,0.33941,0.129487,0.038789,0.0,0.0,0.0
KOSPI,4690,(주)삼천리,2023,2024,1976.0,mid_sized,other,1.464509,0.264402,4432766185.0,0.377875,1.646381,0.209415,-81.615002,0.025642,530694183.0,4.415524,0.0401,0.039364,0.106119,0.039955,0.118697,0.019454,2.788273,0.007908,140880303.0,0.004731,2.053873,1.0,0.229982,6.374,0.101293,-0.117322,0.014116,0.0,0.0,0.0
KOSPI,200880,(주)서연이화,2021,2022,2014.0,mid_sized,manufacturing,0.88797,0.138541,1790525413.0,0.389684,1.566184,0.240189,-50.629961,0.013643,297117429.0,3.840783,0.028606,0.036843,0.073407,0.172148,0.437426,0.086292,10.952623,-0.088454,84371784.0,0.006735,1.99496,1.0,0.273097,6.246,0.545129,-0.00738,0.034451,0.0,0.0,0.0
KOSPI,8490,(주)서흥,2017,2018,1990.0,mid_sized,manufacturing,0.974627,0.056297,595288907.0,0.505369,0.978752,0.265224,-48.44329,0.075408,72488852.0,5.559838,0.051999,0.062636,0.102893,0.155168,0.289381,0.130537,6.812727,-0.032414,24883723.0,0.012641,1.18869,1.0,1.25751,6.229,0.543361,0.016041,-0.014801,0.0,0.0,0.0
KOSPI,136490,(주)선진,2023,2024,2011.0,large,manufacturing,0.856291,0.071518,1258124553.0,0.352193,1.839355,0.438445,-36.267421,0.005486,306269284.0,2.444325,0.025131,0.077515,0.071357,0.081775,0.120824,0.034968,1.670492,-0.044663,44489709.0,0.004408,2.338593,1.0,0.35527,6.374,0.973132,-0.056607,-0.006792,0.0,0.0,0.0
KOSPI,1430,(주)세아베스틸지주,2023,2024,1991.0,large,manufacturing,2.221065,0.129808,3665171001.0,0.556331,0.79749,0.201158,-8.297544,0.030854,406047018.0,5.967785,0.042367,0.053665,0.076155,0.141298,0.311644,0.056268,6.971413,-0.028314,103064229.0,0.011355,2.511179,1.0,0.437053,6.374,0.166584,-0.04013,0.010721,0.0,0.0,0.0
KOSPI,306200,(주)세아제강,2023,2024,2018.0,large,manufacturing,,,0.0,,,,,,0.0,1000000.0,,,,,,,1000000.0,,0.0,,,0.0,,6.374,,,,0.0,0.0,0.0
KOSPI,3030,(주)세아제강지주,2023,2024,1969.0,large,it_services,2.128553,0.62442,4340755996.0,0.550342,0.817053,0.224397,-114.359545,0.104681,820030883.0,15.332134,0.129265,0.136139,0.234881,0.284704,0.570505,0.142002,14.417724,-0.033646,61472000.0,0.007428,2.004932,1.0,0.41609,6.374,0.467151,0.215194,0.009516,0.0,0.0,0.0
KOSPI,17550,(주)수산세보틱스,2023,2024,1991.0,mid_sized,manufacturing,1.811834,0.366071,263117530.0,0.66702,0.499206,0.219707,-4.625132,0.074481,52295910.0,4.884326,0.072917,0.062324,0.109317,0.244806,0.37102,0.094677,6.388415,-0.017388,3676510.0,0.023988,2.585695,1.0,0.750205,6.374,1.0,0.005297,0.019471,0.0,0.0,0.0
KOSPI,126720,(주)수산인더스트리,2022,2023,2022.0,mid_sized,construction,5.657563,1.472098,577155431.0,0.802222,0.246538,0.069098,-161.049063,0.137991,73987588.0,27.002533,0.095875,0.087661,0.119511,0.159649,0.456964,0.060037,9.726208,0.040998,10976695.0,0.004155,2.659155,1.0,0.678807,5.851,0.100301,,,0.0,0.0,0.0
KOSPI,104120,(주)신성에프에이,2014,2015,2008.0,mid_sized,manufacturing,,,0.0,,,,,,0.0,1000000.0,,,,,,,1000000.0,,0.0,,,0.0,,5.726,,,,0.0,0.0,0.0
KOSPI,11930,(주)신성이엔지,2022,2023,1996.0,mid_sized,manufacturing,0.976012,0.105185,577555245.0,0.365627,1.735028,0.330375,-1.049514,0.051603,76231394.0,4.298054,0.082231,0.036397,0.224903,-0.065513,-0.125796,-0.036142,-4.907795,0.100899,6324446.0,0.013174,1.812691,0.0,1.515813,5.851,0.499399,0.211681,0.0865,1.0,0.0,0.0
KOSPI,104110,(주)신성이엔지,2014,2015,2008.0,mid_sized,manufacturing,1.1625,0.139363,131201371.0,0.390982,1.557664,0.177595,-4.820559,0.017483,26616237.0,5.823446,0.046217,0.046366,0.118208,0.088019,0.301838,0.033574,6.732644,-0.025691,1129769.0,0.014995,2.621625,1.0,0.438102,5.726,0.703872,0.138046,-0.012864,0.0,0.0,0.0
KOSPI,4170,(주)신세계,2024,2025,1985.0,large,wholesale_retail,0.473517,0.117734,15071774122.0,0.422956,1.364312,0.205828,-128.498857,0.028401,4052715966.0,2.435533,0.012912,0.03165,0.030527,0.089207,0.250093,0.11808,3.961178,-0.039095,426057000.0,0.013479,0.755474,1.0,0.205407,6.084,0.285424,0.021678,-0.020673,0.0,0.0,0.0
KOSPI,31430,(주)신세계인터내셔날,2015,2016,2011.0,large,wholesale_retail,1.025651,0.031862,914201109.0,0.508418,0.966887,0.356925,-12.019492,0.020879,487385168.0,2.744499,0.027864,0.02181,0.054806,0.106484,0.146658,0.047605,6.586901,-0.029388,27662191.0,0.04467,2.236822,1.0,1.574562,5.913,0.636532,0.029751,-0.000235,0.0,0.0,0.0
KOSPI,31440,(주)신세계푸드,2023,2024,2010.0,large,it_services,0.824067,0.174038,875471407.0,0.331125,2.020004,0.05083,-13.971843,0.007149,234495378.0,1.90243,0.017043,0.030183,0.051469,0.151608,1.995032,0.059626,6.391696,-0.089248,43388787.0,0.038017,2.54264,1.0,0.526989,6.374,1.0,-0.03148,0.010965,0.0,0.0,0.0
KOSPI,9270,(주)신원,2023,2024,1988.0,mid_sized,manufacturing,1.537674,0.088207,545009763.0,0.392262,1.549315,0.302397,-3.164253,0.007112,225366226.0,1.903649,0.018666,0.04299,0.047584,0.08152,0.163834,0.032357,2.193814,-0.038653,9626610.0,0.009792,2.519384,1.0,0.684396,6.374,0.529924,0.068385,-0.010529,0.0,0.0,0.0
KOSPI,5450,(주)신한,2018,2019,1978.0,small_and_medium,construction,0.567918,0.065012,161671832.0,0.252315,2.963293,0.082979,-0.161704,-0.027611,27464503.0,9.760378,0.081946,0.142222,0.324776,-0.000887,-0.007992,-0.00185,-0.04551,-0.009237,8217.0,0.045251,0.479533,0.0,0.58879,6.168,0.749237,0.058093,0.062898,0.0,0.0,0.0
KOSPI,102280,(주)쌍방울,2022,2023,2008.0,small_and_medium,manufacturing,4.845321,0.439445,167746018.0,0.826563,0.209829,0.083415,-0.05603,-0.929466,29297700.0,0.73263,-0.653616,0.003828,-0.790764,-0.336546,-0.699749,-0.094808,-11.169872,-0.513868,1081520.0,0.007353,3.549777,0.0,0.600361,5.851,0.522565,-0.576017,-0.738146,1.0,1.0,0.0
KOSPI,4920,(주)씨아이테크,2019,2020,1989.0,small_and_medium,manufacturing,1.11847,0.250233,56095818.0,0.557982,0.792174,0.090577,-0.154735,-0.112033,12934434.0,-7.087533,-0.082978,-0.055671,-0.148711,-0.009753,-0.047595,-0.005939,-0.548841,-0.077013,2741537.0,0.016462,1.642216,0.0,0.793255,6.092,0.769534,0.304824,-0.018212,1.0,1.0,1.0
KOSPI,308170,(주)씨티알모빌리티,2023,2024,2019.0,mid_sized,manufacturing,0.765631,0.022816,298099918.0,0.285488,2.502769,0.42622,-18.76866,-0.038072,30010494.0,0.066454,-0.06902,0.00176,-0.241761,0.019953,0.033449,0.009568,0.538386,-0.070985,14817572.0,0.012378,2.085363,0.0,1.244394,6.374,0.418948,0.002464,-0.04074,0.0,1.0,0.0
KOSPI,122900,(주)아이마켓코리아,2018,2019,2010.0,mid_sized,wholesale_retail,1.431953,0.144308,1078276076.0,0.409475,1.442151,0.018561,-23.304244,0.00706,153862967.0,59.444424,0.03222,0.033573,0.078687,0.026827,0.853496,0.00582,28.049608,0.003376,2430311.0,0.134345,4.609733,1.0,0.563335,6.168,1.0,-0.00796,0.001977,0.0,0.0,0.0
KOSPI,3560,(주)아이에이치큐,2018,2019,1973.0,mid_sized,it_services,3.500796,0.740163,231274872.0,0.884575,0.130487,0.0,-1.797946,-0.090424,109447251.0,181.070016,-0.027726,0.042928,-0.031344,1.518064,,0.370267,739.096991,-0.218015,1173007.0,0.16357,4.099919,1.0,1.329547,6.168,,-0.093324,-0.111224,0.0,0.0,0.0
KOSPI,31820,(주)아이티센씨티에스,2023,2024,1997.0,mid_sized,it_services,1.352521,0.32377,525378185.0,0.393951,1.538388,0.090898,-2.41959,0.003714,116304232.0,6.620938,0.017118,0.029557,0.043453,-0.147911,-0.986174,-0.052764,-20.07987,0.095952,6243764.0,0.01276,2.803263,0.0,0.446837,6.374,0.995114,-0.059152,-0.043524,0.0,0.0,0.0
KOSPI,1780,(주)알루코,2023,2024,2007.0,mid_sized,manufacturing,0.894933,0.104946,861149661.0,0.416703,1.399793,0.374652,-6.440565,0.034611,93270088.0,1.550014,0.028653,0.0437,0.068761,0.13956,0.217281,0.118578,2.887377,-0.057644,49500889.0,0.036143,1.176944,0.0,0.822518,6.374,0.893683,0.054125,0.01025,0.0,0.0,0.0
KOSPI,34120,(주)에스비에스,2023,2024,2003.0,large,it_services,2.021068,0.267511,1346398452.0,0.654428,0.528051,0.090464,-8.499328,0.047368,221080526.0,8.719054,0.045727,0.043318,0.069873,0.136278,0.520582,0.063613,9.479027,-0.012026,29682638.0,0.01511,2.142301,1.0,0.615833,6.374,0.425287,-0.043676,-0.086008,0.0,0.0,0.0
KOSPI,12750,(주)에스원,2023,2024,1996.0,large,it_services,2.33685,0.515451,2179505358.0,0.733151,0.363975,0.0,-83.102176,0.072298,616898426.0,153.643653,0.099225,0.097549,0.135341,0.633348,,0.14055,266.193884,-0.082071,174550606.0,0.031658,4.506219,1.0,1.426836,6.374,,0.050031,0.011102,0.0,0.0,0.0
KOSPI,35000,(주)에이치에스애드,2023,2024,1999.0,large,it_services,1.412236,0.304745,547772703.0,0.333678,1.996899,0.003846,-9.402067,0.029546,219719788.0,30.237537,0.047515,0.048276,0.142398,0.159536,27.641932,0.106194,66.582685,-0.076726,8393635.0,0.014296,1.502314,1.0,0.564696,6.374,1.0,0.005468,-0.003374,0.0,0.0,0.0
KOSPI,97230,(주)에이치제이중공업,2014,2015,2007.0,large,construction,0.931246,0.123282,6470284000.0,0.243123,3.113141,0.339746,-2.075766,-0.118957,-16934000.0,-0.879376,-0.049406,-0.022408,-0.203213,-0.048668,-0.108421,-0.094566,-1.445547,-0.009501,98046000.0,0.010618,0.514645,0.0,0.289034,5.726,0.222604,-0.031884,-0.043763,1.0,1.0,1.0
KOSPI,244920,(주)에이플러스에셋어드바이저,2023,2024,2020.0,other,other,2.031524,0.075897,372854701.0,0.508336,0.967202,0.061686,-15.767352,0.03293,198911588.0,3.766153,0.042695,0.020513,0.08399,-0.017452,-0.139101,-0.009022,-1.575405,0.039899,18926485.0,0.011329,1.934374,0.0,0.517076,6.374,1.0,0.079793,-0.209077,0.0,0.0,0.0
KOSPI,450080,(주)에코프로머티리얼즈,2023,2024,2023.0,large,manufacturing,,,0.0,,,,,,0.0,1000000.0,,,,,,,1000000.0,,0.0,,,0.0,,6.374,,,,0.0,0.0,0.0
KOSPI,138250,(주)엔에스쇼핑,2020,2021,2015.0,large,wholesale_retail,0.493479,0.30564,1151216507.0,0.36424,1.745443,0.262062,-23.888352,0.011922,446140886.0,3.347486,0.018188,0.025511,0.049934,0.084961,0.206114,0.11534,7.087754,-0.048431,11064327.0,0.018961,0.73661,1.0,0.972342,6.282,0.0,0.250298,0.027066,0.0,0.0,0.0
KOSPI,680,(주)엘에스네트웍스,2023,2024,1973.0,large,wholesale_retail,0.477511,0.032097,1309219122.0,0.430797,1.321279,0.035663,-0.431159,0.028198,122522279.0,0.556457,0.009532,0.008874,0.022126,0.020335,0.324549,0.039916,0.725778,-0.003398,9144736.0,0.002714,0.509428,0.0,0.594623,6.374,0.348911,0.006749,0.034804,0.0,1.0,0.0
KOSPI,93050,(주)엘에프,2023,2024,2006.0,mid_sized,manufacturing,1.360975,0.205954,2755627762.0,0.621836,0.60814,0.121268,-10.720587,0.042117,1094398719.0,3.76137,0.022798,0.020823,0.036663,0.088829,0.277006,0.048701,6.068018,-0.004541,61826150.0,0.043502,1.823977,1.0,0.226439,6.374,0.695731,0.066403,-0.047951,0.0,0.0,0.0
KOSPI,1120,(주)엘엑스인터내셔널,2023,2024,1976.0,large,wholesale_retail,1.546439,0.436626,7995340731.0,0.384593,1.600149,0.236798,-14.86664,0.013322,1375632791.0,3.727534,0.042875,0.05417,0.111481,0.10941,0.284341,0.03709,4.633183,-0.043148,246650000.0,0.115029,2.94984,1.0,0.370589,6.374,0.069114,0.035799,-0.02822,0.0,0.0,0.0
KOSPI,108670,(주)엘엑스하우시스,2023,2024,2009.0,large,manufacturing,1.061134,0.231111,2384792000.0,0.349289,1.862957,0.267001,-15.65964,0.017524,840623000.0,2.453081,0.029584,0.046051,0.084698,0.239295,0.583187,0.105321,8.294579,-0.129803,165753000.0,0.023496,2.272061,1.0,0.523421,6.374,0.380488,-0.039834,0.050123,0.0,0.0,0.0
KOSPI,68870,(주)엘지생명과학,2014,2015,2002.0,large,manufacturing,2.686228,0.516433,653137864.0,0.381938,1.618225,0.472628,-1.967409,-0.004683,200595034.0,1.611761,0.003286,0.024797,0.008603,0.045799,0.059892,0.043441,1.839922,-0.031358,28537461.0,0.073353,1.054297,0.0,2.446579,5.726,0.092945,0.067242,-0.01256,0.0,0.0,0.0
KOSPI,51900,(주)엘지생활건강,2018,2019,2001.0,large,manufacturing,1.244553,0.291889,5275874284.0,0.681218,0.467959,0.060246,-39.569383,0.102597,4051122709.0,102.528079,0.181203,0.196982,0.265999,0.485843,2.570766,0.121099,80.613336,-0.023662,135694205.0,0.136479,4.011963,1.0,5.427738,6.168,0.663239,0.104208,0.003952,0.0,0.0,0.0
KOSPI,373220,(주)엘지에너지솔루션,2023,2024,2022.0,large,manufacturing,1.573384,0.463445,45437144000.0,0.536423,0.864202,0.202977,-207.32059,0.048539,4943033000.0,6.851054,0.044973,0.047609,0.083839,0.210988,0.481873,0.131697,14.074904,-0.06176,2150207000.0,0.019279,1.602072,0.0,4.104251,6.374,0.17093,0.186366,0.018076,0.0,0.0,0.0
KOSPI,32640,(주)엘지유플러스,2023,2024,2008.0,large,it_services,0.885372,0.099798,20100605000.0,0.435648,1.295432,0.208109,-2.402055,0.04385,14372626000.0,4.114031,0.038354,0.049652,0.08804,0.262256,0.711188,0.20699,12.263348,-0.116651,2134052000.0,0.091826,1.267001,1.0,0.510066,6.374,0.031077,0.016476,-0.003798,0.0,0.0,0.0
KOSPI,37560,(주)엘지헬로비전,2024,2025,2012.0,large,it_services,1.228361,0.224425,1243517605.0,0.35712,1.800177,0.273418,-1.293626,-0.088787,1007907840.0,0.730815,-0.10268,0.010835,-0.287521,0.109994,0.258626,0.073496,4.769752,-0.156139,108621372.0,0.036833,1.496606,1.0,0.423783,6.084,0.0,-0.057546,-0.050684,0.0,1.0,0.0
KOSPI,51910,(주)엘지화학,2023,2024,2001.0,large,manufacturing,1.569221,0.49399,77466694000.0,0.528462,0.892285,0.211272,-103.592635,0.037166,8785869000.0,3.907712,0.032248,0.032649,0.061022,0.206317,0.460479,0.136407,11.644143,-0.070779,3558790000.0,0.033973,1.512511,1.0,0.954177,6.374,0.114585,0.139655,-0.005165,0.0,0.0,0.0
KOSPI,111770,(주)영원무역,2021,2022,2009.0,mid_sized,wholesale_retail,3.892935,1.221857,3547620438.0,0.686153,0.4574,0.065977,-108.868261,0.119714,827580517.0,20.643814,0.127199,0.124736,0.185379,0.258085,1.227676,0.102901,13.405366,0.013234,79161559.0,0.040984,2.508081,1.0,0.794588,6.246,0.434081,0.167639,0.045749,0.0,0.0,0.0
KOSPI,670,(주)영풍,2021,2022,1976.0,large,manufacturing,1.826992,0.133504,5521001406.0,0.706808,0.41481,0.065697,-422.692288,0.047476,126439718.0,-5.645003,0.036362,-0.004851,0.051445,0.023524,0.104983,0.01063,8.025402,0.023906,103071282.0,0.001311,2.212918,0.0,0.309187,6.246,0.886127,0.104011,0.020666,0.0,1.0,0.0
KOSPI,7310,(주)오뚜기,2017,2018,1994.0,mid_sized,manufacturing,1.558349,0.314566,1721705316.0,0.668861,0.49508,0.032311,-65.952366,0.062264,476925796.0,46.085341,0.104739,0.084832,0.156594,0.190469,1.952054,0.051074,34.264224,0.013818,46298965.0,0.007634,3.729273,1.0,2.407682,6.229,0.550012,0.080989,-0.006366,0.0,0.0,0.0
KOSPI,271560,(주)오리온,2021,2022,2017.0,mid_sized,manufacturing,2.196219,1.054604,3120428661.0,0.734691,0.361117,0.022989,-114.972421,0.111935,946389889.0,58.364925,0.121473,0.119506,0.165339,0.488879,5.64207,0.171825,63.34557,-0.045209,145592707.0,0.010623,2.845225,1.0,1.784907,6.246,0.024183,0.170714,-0.011197,0.0,0.0,0.0
KOSPI,1800,(주)오리온홀딩스,2016,2017,1975.0,mid_sized,other,0.894491,0.274577,2908864465.0,0.586103,0.706183,0.127444,-55.750067,0.104368,1150672769.0,12.971243,0.105687,0.112156,0.180322,0.28292,0.918829,0.142744,13.542972,-0.031482,108279274.0,0.009962,1.982002,1.0,2.308367,6.043,0.253384,-0.030003,0.030027,0.0,0.0,0.0
KOSPI,5320,(주)온타이드,2023,2024,1996.0,mid_sized,wholesale_retail,1.825308,0.325139,175919907.0,0.62979,0.587831,0.101745,-2.326784,-0.037898,23992947.0,-1.078774,-0.033512,-0.020357,-0.053211,0.045501,0.165561,0.013203,0.892664,-0.065195,5567511.0,0.004154,3.446152,0.0,0.527035,6.374,0.885757,0.00521,-0.042112,0.0,1.0,0.0
KOSPI,11690,(주)와이투솔루션,2022,2023,1995.0,mid_sized,manufacturing,2.213433,0.628781,126606991.0,0.651621,0.534634,0.005896,-0.036198,-0.018372,13328954.0,0.997019,-0.015915,0.014077,-0.024424,-0.055447,-3.276102,-0.020292,-1.36809,0.001828,1890443.0,0.006112,2.732401,0.0,1.146499,5.851,1.0,0.068396,0.076762,1.0,1.0,0.0
KOSPI,17370,(주)우신시스템,2021,2022,2002.0,mid_sized,manufacturing,0.916241,0.360129,309605708.0,0.288261,2.469082,0.404287,-8.746302,-0.049217,16906469.0,-2.557998,-0.042281,-0.037102,-0.146675,0.136869,0.240956,0.114967,6.716311,-0.139118,10807602.0,0.006029,1.190504,0.0,0.840319,6.246,0.843419,-0.045948,0.009007,0.0,1.0,1.0
KOSPI,105840,(주)우진,2023,2024,2010.0,mid_sized,manufacturing,3.622749,0.988885,240301076.0,0.820984,0.218051,0.003654,-18.414197,0.108048,43210862.0,40.072132,0.064612,0.063941,0.078701,0.40844,20.012674,0.13614,45.822826,-0.015088,2570223.0,0.031337,3.000141,0.0,0.958062,6.374,0.0,0.058346,0.013053,0.0,0.0,0.0
KOSPI,16880,(주)웅진,2019,2020,1994.0,mid_sized,it_services,1.005191,0.078669,2911024480.0,0.09426,9.60891,0.089227,-5.542674,-0.278177,374958433.0,0.795733,-0.076951,0.025837,-0.816366,0.00859,0.087198,0.027624,0.239621,-0.086132,29303731.0,0.021346,0.310971,0.0,0.448393,6.092,0.95765,2.831031,0.077383,0.0,1.0,0.0
KOSPI,5820,(주)원림,2023,2024,1990.0,small_and_medium,manufacturing,6.284647,0.849312,174969479.0,0.86825,0.151743,0.044768,-12.221859,0.119508,18233529.0,22.37939,0.067078,0.028956,0.077256,0.367999,1.082996,0.100486,37.472218,0.009178,2073729.0,0.01216,3.662189,1.0,0.282109,6.374,0.719141,0.029645,0.006978,0.0,0.0,0.0
KOSPI,700,(주)유수홀딩스,2023,2024,1956.0,mid_sized,it_services,5.661303,4.344471,514472138.0,0.867617,0.152582,3.9e-05,-5.856128,0.068067,76364134.0,23.313848,0.062031,0.040829,0.071496,0.44324,1518.119185,0.088327,33.505144,-0.013459,6427176.0,0.008069,5.018167,1.0,0.3378,6.374,0.0,-0.019915,-0.011054,0.0,0.0,0.0
KOSPI,220,(주)유유제약,2019,2020,1975.0,small_and_medium,manufacturing,1.530837,0.631741,137718627.0,0.657461,0.521002,0.049483,-10.257613,0.061218,46610315.0,4.519583,0.047926,0.058632,0.072895,0.279505,1.934828,0.145089,7.38011,-0.055345,2955798.0,0.013976,1.926437,1.0,0.960969,6.092,0.586962,0.018431,0.009325,0.0,0.0,0.0
KOSPI,100,(주)유한양행,2015,2016,1962.0,mid_sized,manufacturing,2.690128,0.621946,1880328618.0,0.725373,0.378601,0.079295,-22.952441,0.111671,340668824.0,27.413685,0.089532,0.04565,0.123429,0.244457,0.846644,0.111838,40.315283,-0.0001,29999876.0,0.006294,2.185817,1.0,2.275342,5.913,0.423206,0.16359,0.022287,0.0,0.0,0.0
KOSPI,214320,(주)이노션,2023,2024,2015.0,large,it_services,1.425787,0.376166,2560209103.0,0.366169,1.730981,0.001538,-45.873438,0.055768,849694815.0,26.722987,0.06298,0.058596,0.171996,0.051301,21.136739,0.039776,14.829047,0.013073,40620620.0,0.046812,1.289728,1.0,0.913097,6.374,0.888656,0.117926,0.004502,0.0,0.0,0.0
KOSPI,139480,(주)이마트,2023,2024,2011.0,large,wholesale_retail,0.615759,0.17074,33443865586.0,0.413655,1.417472,0.176534,-98.256139,-0.006361,8744166589.0,-0.112373,-0.006348,-0.001403,-0.015345,0.057886,0.192266,0.038515,2.717748,-0.039547,1362073000.0,0.079613,1.502947,1.0,0.154348,6.374,0.19626,0.007293,-0.040716,0.0,1.0,0.0
KOSPI,5950,(주)이수화학,2023,2024,1988.0,mid_sized,manufacturing,1.123975,0.314066,1093466714.0,0.238384,3.194918,0.291217,-1.294306,-0.014069,55707197.0,-1.637225,-0.033754,-0.05123,-0.141595,-0.090256,-0.236045,-0.037668,-2.196837,0.043065,17466796.0,0.029011,2.396114,1.0,1.191646,6.374,0.603629,-0.079633,-0.025952,1.0,1.0,0.0
KOSPI,17940,(주)이원,2023,2024,1997.0,large,wholesale_retail,0.913486,0.084991,4597407646.0,0.369371,1.707303,0.155678,-48.50876,0.027388,409281191.0,1.279235,0.061538,0.020267,0.166602,0.134453,0.544648,0.049799,5.351878,-0.038157,131222816.0,0.005864,2.699911,1.0,0.251673,6.374,0.660772,0.059395,0.009685,0.0,0.0,0.0
KOSPI,101140,(주)인바이오젠,2018,2019,2008.0,small_and_medium,wholesale_retail,,,0.0,,,,,,0.0,1000000.0,,,,,,,1000000.0,,0.0,,,0.0,,6.168,,,,0.0,0.0,0.0
KOSPI,6490,(주)인스코비,2023,2024,1985.0,small_and_medium,it_services,0.753095,0.265658,76484143.0,0.501416,0.99435,0.010742,0.338095,-0.303604,46467313.0,0.451246,-0.384879,0.005842,-0.767584,0.078852,3.659727,0.030126,3.036814,-0.435516,1368963.0,0.033194,2.617402,0.0,3.707482,6.374,1.0,-0.244107,-0.206992,0.0,1.0,0.0
KOSPI,226320,(주)잇츠한불,2015,2016,2015.0,mid_sized,manufacturing,5.334598,1.039041,388023925.0,0.816453,0.22481,0.0,-71.531123,0.270286,190133778.0,1000000.0,0.296525,0.288001,0.363187,0.972415,,0.223723,1000000.0,0.037147,4552504.0,0.00325,4.346515,1.0,4.218879,5.913,,,,0.0,0.0,0.0
KOSPI,194370,(주)제이에스코퍼레이션,2023,2024,2016.0,mid_sized,manufacturing,1.774977,0.411113,762883958.0,0.383822,1.605374,0.456122,-218.571479,0.051377,171304017.0,6.076147,0.084207,0.110163,0.219391,0.203709,0.275192,0.11099,6.923199,-0.067418,15164208.0,0.002846,1.835389,1.0,0.786077,6.374,0.46258,0.429242,-0.014859,0.0,0.0,0.0
KOSPI,30000,(주)제일기획,2023,2024,1998.0,large,it_services,1.725354,0.441565,2889504607.0,0.44913,1.226526,0.0,-55.404291,0.045942,1618937946.0,28.226266,0.098571,0.106428,0.219472,0.167552,,0.064447,24.479193,-0.026502,65968509.0,0.021135,2.599842,1.0,1.686928,6.374,,0.050177,-0.0001,0.0,0.0,0.0
KOSPI,185750,(주)종근당,2023,2024,2013.0,mid_sized,manufacturing,1.850704,0.429445,1402428436.0,0.581588,0.719431,0.08625,-24.95815,0.127951,662201509.0,26.599084,0.172271,0.175837,0.296208,0.542201,2.630309,0.190583,34.31787,-0.074555,33610051.0,0.037454,2.844962,1.0,2.017093,6.374,0.751982,0.246733,0.074215,0.0,0.0,0.0
KOSPI,1630,(주)종근당홀딩스,2023,2024,1976.0,mid_sized,manufacturing,0.807217,0.086923,1456003651.0,0.565579,0.7681,0.227104,-64.749104,0.04612,383863912.0,0.86748,0.030018,0.011679,0.053074,0.058728,0.11234,0.042223,1.894949,0.002355,40364506.0,0.015931,1.390916,1.0,0.360157,6.374,0.781916,0.057855,0.071054,0.0,1.0,0.0
KOSPI,44380,(주)주연테크,2023,2024,2006.0,small_and_medium,manufacturing,4.424083,1.07022,45913552.0,0.806093,0.240552,0.0,-2.125934,-0.102175,2774960.0,-16.63499,-0.096776,-0.101418,-0.120055,-0.096107,,-0.019668,-3.056727,-0.078178,623447.0,0.019529,4.886525,0.0,0.918126,6.374,,-0.137649,-0.017493,0.0,1.0,1.0
KOSPI,78930,(주)지에스,2023,2024,2004.0,large,it_services,0.91001,0.338004,34448425000.0,0.51164,0.954499,0.191715,-36.223142,0.06077,6713700000.0,9.066178,0.10051,0.10804,0.196446,0.179559,0.457396,0.11628,7.358486,-0.041861,0.0,0.039711,1.544204,1.0,0.219756,6.374,0.10093,0.015511,-0.025504,0.0,0.0,0.0
KOSPI,1250,(주)지에스글로벌,2023,2024,1976.0,large,wholesale_retail,1.257006,0.266373,1401098380.0,0.319741,2.127535,0.25321,-1.171175,0.006659,202432564.0,2.470823,0.037262,0.054614,0.11654,0.253828,0.68192,0.061771,7.811858,-0.154056,20999816.0,0.008294,4.109171,0.0,0.469792,6.374,0.509544,-0.012903,-0.006763,0.0,0.0,0.0
KOSPI,7070,(주)지에스리테일,2023,2024,2011.0,large,wholesale_retail,0.697072,0.162069,10042015943.0,0.441519,1.264909,0.064451,-41.339831,0.001907,2960024070.0,3.967273,0.014734,0.039231,0.033371,0.159417,1.381384,0.07699,9.003452,-0.086826,678832000.0,0.01824,2.070609,1.0,0.544405,6.374,0.332192,0.021316,-0.002334,0.0,0.0,0.0
KOSPI,33250,(주)체시스,2023,2024,1999.0,small_and_medium,manufacturing,0.790294,0.03232,90568081.0,0.36704,1.7245,0.228786,-1.077631,0.067275,7767094.0,5.004567,0.037664,0.05041,0.102615,0.102866,0.28459,0.120334,6.463987,-0.028709,3359922.0,0.006429,0.854839,0.0,1.865587,6.374,0.733422,0.193017,0.21032,0.0,0.0,0.0
KOSPI,35720,(주)카카오,2021,2022,2017.0,large,it_services,1.536534,0.992124,22784559109.0,0.595506,0.679245,0.063618,-302.946048,0.277554,5910512881.0,14.924703,0.10036,0.025802,0.168529,0.141769,0.901394,0.221059,33.170116,0.014655,237767252.0,0.063536,0.641316,1.0,3.697169,6.246,0.618452,0.905996,0.23605,0.0,0.0,0.0
KOSPI,29460,(주)케이씨,2023,2024,1997.0,mid_sized,manufacturing,3.263559,0.708804,1062311270.0,0.814187,0.228219,0.013393,-126.625348,0.08452,142002416.0,31.593382,0.077696,0.062487,0.095428,0.298391,4.139827,0.081015,28.032929,0.002398,18047318.0,0.014213,3.683149,1.0,0.288501,6.374,0.421715,0.057422,-0.053963,0.0,0.0,0.0
KOSPI,2380,(주)케이씨씨,2024,2025,1973.0,large,manufacturing,1.236355,0.155169,13108550143.0,0.38443,1.601256,0.360032,-103.800895,0.044046,1630720959.0,1.354541,0.035844,0.03594,0.093241,0.07396,0.126454,0.089626,1.7159,-0.023153,393422891.0,0.03011,0.825204,1.0,0.415287,6.084,0.192834,-0.018341,0.029336,0.0,0.0,0.0
KOSPI,344820,(주)케이씨씨글라스,2023,2024,2020.0,large,manufacturing,2.832212,0.717513,2223679597.0,0.669168,0.494393,0.14281,-92.172645,0.048639,281979322.0,7.440321,0.047946,0.042731,0.07165,0.235332,0.545169,0.103048,13.556154,-0.041107,92918573.0,0.023535,2.283725,1.0,0.44058,6.374,0.024525,0.006388,-0.016456,0.0,0.0,0.0
KOSPI,281820,(주)케이씨텍,2023,2024,2017.0,mid_sized,manufacturing,,,0.0,,,,,,0.0,1000000.0,,,,,,,1000000.0,,0.0,,,0.0,,6.374,,,,0.0,0.0,0.0
KOSPI,30200,(주)케이티,2023,2024,1998.0,large,it_services,1.10426,0.219021,42709982000.0,0.434585,1.301043,0.17824,-10.863949,0.037485,26376273000.0,4.62971,0.031002,0.038627,0.071336,0.22789,0.722915,0.208645,15.44371,-0.105703,3175889000.0,0.047891,1.092237,1.0,0.477902,6.374,0.057042,0.042198,-0.016615,0.0,0.0,0.0
KOSPI,53210,(주)케이티스카이라이프,2023,2024,2011.0,large,it_services,1.201248,0.36673,1215697591.0,0.606345,0.649225,0.041129,-5.165641,-0.110906,1025595275.0,2.584256,-0.089227,0.011572,-0.147155,0.432977,4.144153,0.202036,38.064877,-0.264007,69185465.0,0.208518,2.143064,1.0,0.381662,6.374,0.0,-0.106957,-0.133228,0.0,0.0,0.0
KOSPI,33780,(주)케이티앤지,2023,2024,1999.0,large,manufacturing,2.401714,0.38615,12772452000.0,0.727733,0.37413,0.042212,-8.733334,0.157329,2808215000.0,25.540104,0.09774,0.091395,0.134308,0.364051,2.348145,0.215944,27.698617,-0.026904,210840000.0,0.013704,1.68586,1.0,1.25113,6.374,0.11421,0.038266,-0.01448,0.0,0.0,0.0
KOSPI,36420,(주)콘텐트리중앙,2023,2024,2019.0,mid_sized,it_services,0.466173,0.155188,2453055023.0,0.207952,3.808812,0.19786,-4.296527,-0.172542,229716166.0,-0.78712,-0.064337,-0.027772,-0.309385,-0.043697,-0.174922,-0.085496,-0.980918,-0.035238,83966757.0,0.131125,0.5111,0.0,0.576227,6.374,0.379918,-0.052192,-0.079058,0.0,1.0,1.0
KOSPI,14580,(주)태경비케이,2023,2024,1991.0,mid_sized,manufacturing,2.331384,0.425452,378041031.0,0.77479,0.290672,0.039678,-20.237819,0.116451,86256801.0,27.15133,0.114432,0.106011,0.147694,0.642873,3.648885,0.186065,37.081105,-0.054168,8359387.0,0.03845,3.455097,1.0,0.626241,6.374,1.0,0.046509,0.032937,0.0,0.0,0.0
KOSPI,9410,(주)태영건설,2023,2024,1989.0,large,construction,0.507718,0.050872,4640488560.0,-0.094865,-11.541289,0.206465,22.900827,-0.434535,264529772.0,-2.122864,-0.313377,-0.087174,3.303398,-0.059498,-0.315512,-0.090157,-1.586332,-0.248825,17554488.0,0.002352,0.659932,1.0,-0.211408,6.374,0.834039,0.073365,-0.453371,1.0,1.0,0.0
KOSPI,55490,(주)테이팩스,2021,2022,2017.0,mid_sized,manufacturing,2.885471,0.330433,180813732.0,0.726213,0.377007,0.085234,-33.813194,0.122068,36543944.0,62.105034,0.129844,0.117548,0.178796,0.243743,0.782945,0.077886,35.257822,0.037855,4007353.0,0.11188,3.129475,1.0,2.924521,6.246,0.0,0.111978,0.005642,0.0,0.0,0.0
KOSPI,19180,(주)티에이치엔,2019,2020,1996.0,mid_sized,manufacturing,0.935063,0.119564,265425461.0,0.237584,3.209041,0.320291,-6.006754,0.042613,59762625.0,5.758794,0.089952,0.08103,0.378611,0.075925,0.180731,0.038202,4.113991,0.006683,7963415.0,0.004552,1.987455,1.0,1.044706,6.092,0.598589,0.249681,0.02981,0.0,0.0,0.0
KOSPI,91810,(주)티웨이항공,2020,2021,2018.0,mid_sized,transport_storage,0.673151,0.176661,705789065.0,0.165752,5.033119,0.084513,-1.120647,-0.512116,-137129052.0,-5.892919,-0.248598,-0.246972,-1.499819,-0.110361,-1.0894,-0.24137,-2.196823,-0.103274,108120998.0,0.004089,0.457228,0.0,2.357771,6.282,0.832351,-0.126237,-0.4588,0.0,1.0,1.0
KOSPI,4870,(주)티웨이홀딩스,2018,2019,1977.0,mid_sized,manufacturing,1.926453,1.257686,497537192.0,0.57263,0.746328,0.0,-6.553441,0.045871,108666862.0,25.213779,0.086091,0.086982,0.150343,0.129315,,0.037284,16.020018,0.012729,11660749.0,0.040329,3.468376,0.0,0.630176,6.168,,0.67835,-0.014696,0.0,0.0,0.0
KOSPI,16800,(주)퍼시스,2022,2023,1996.0,mid_sized,manufacturing,3.273165,1.052881,544804538.0,0.868114,0.151922,0.000155,-32.073608,0.015414,103044842.0,186.633586,0.019951,0.059946,0.022982,0.367859,312.678985,0.069328,151.046815,-0.037728,9928098.0,0.008443,5.306066,1.0,0.739186,5.851,1.0,,,0.0,0.0,0.0
KOSPI,47050,(주)포스코인터내셔널,2019,2020,2001.0,large,wholesale_retail,1.413081,0.066294,8959415088.0,0.340208,1.939382,0.323617,-3.941126,0.008287,1124594300.0,4.285617,0.03683,0.067562,0.108258,0.272183,0.554928,0.06588,11.391405,-0.156993,99471809.0,0.135229,4.131469,1.0,0.754889,6.092,0.316067,-0.09327,0.00369,0.0,0.0,0.0
KOSPI,103140,(주)풍산,2023,2024,2008.0,mid_sized,manufacturing,1.656149,0.301645,3660628679.0,0.537054,0.862011,0.151704,-13.030367,0.037923,440855897.0,5.83357,0.054932,0.062458,0.102284,0.410807,1.253638,0.168761,17.762854,-0.147446,90155368.0,0.003396,2.434252,0.0,0.558788,6.374,0.590525,0.078147,-0.002156,0.0,0.0,0.0
KOSPI,39130,(주)하나투어,2023,2024,2011.0,mid_sized,it_services,1.207739,0.320648,644596378.0,0.247138,3.046327,0.021751,-18.86436,0.143477,411611609.0,12.088543,0.088899,0.052821,0.359716,0.240528,8.32545,0.283584,41.443114,-0.089467,18826096.0,0.025342,0.848173,1.0,5.245575,6.374,0.619281,0.415359,0.705125,0.0,0.0,0.0
KOSPI,23350,(주)한국종합기술,2023,2024,2011.0,mid_sized,it_services,,,0.0,,,,,,0.0,1000000.0,,,,,,,1000000.0,,0.0,,,0.0,,6.374,,,,0.0,0.0,0.0
KOSPI,17960,(주)한국카본,2023,2024,1995.0,mid_sized,manufacturing,1.339186,0.224291,792428142.0,0.573748,0.742925,0.152111,-16.517537,-0.022626,63154048.0,3.63778,-0.008914,0.020779,-0.015536,0.16733,0.468901,0.095084,12.486961,-0.088297,16470534.0,0.025643,1.759808,1.0,1.328954,6.374,0.740288,0.353806,-0.077493,0.0,0.0,0.0
KOSPI,2390,(주)한독,2023,2024,1976.0,mid_sized,manufacturing,0.979507,0.054915,790339658.0,0.430996,1.320208,0.314939,-48.497917,-0.055363,166347664.0,0.912763,-0.042397,0.015916,-0.098369,0.080001,0.144538,0.068823,2.610604,-0.082138,15940663.0,0.048661,1.162405,1.0,0.577802,6.374,0.500739,-0.092717,-0.074849,0.0,1.0,0.0
KOSPI,53690,(주)한미글로벌건축사사무소,2021,2022,2009.0,mid_sized,it_services,1.353786,0.453654,285254341.0,0.505247,0.979232,0.202738,-25.305839,0.059279,89451810.0,18.25559,0.073066,0.068843,0.144615,0.093192,0.227422,0.048696,12.226473,0.01002,6146470.0,0.013436,1.913772,1.0,0.923749,6.246,0.670928,0.304416,0.014713,0.0,0.0,0.0
KOSPI,9240,(주)한샘,2018,2019,2002.0,mid_sized,wholesale_retail,1.466411,0.273029,940149892.0,0.611038,0.63656,0.064733,-23.410167,0.046647,511810927.0,24.496996,0.132641,0.0596,0.217075,0.1743,1.047315,0.033051,27.865616,0.027888,20091903.0,0.020077,5.273596,1.0,2.761145,6.168,0.342742,-0.036441,0.000132,0.0,0.0,0.0
KOSPI,14680,(주)한솔케미칼,2024,2025,1989.0,mid_sized,manufacturing,1.277848,0.307238,1464678817.0,0.731521,0.367014,0.119754,-17.904725,0.160872,204763800.0,24.175602,0.100891,0.087955,0.13792,0.412876,0.925632,0.209127,30.468261,-0.025578,49394805.0,0.018876,1.974282,1.0,1.026198,6.084,0.394529,0.084161,0.020018,0.0,0.0,0.0
KOSPI,25750,(주)한솔홈데코,2023,2024,2003.0,mid_sized,manufacturing,0.920782,0.114674,312095401.0,0.447835,1.232964,0.32235,-0.668561,-0.047572,41801744.0,-0.407164,-0.052586,-0.006768,-0.117422,0.012968,0.022213,0.007449,0.430752,-0.052889,9591261.0,0.012037,1.740884,0.0,0.498606,6.374,0.592179,-0.023165,-0.030397,0.0,1.0,0.0
KOSPI,2320,(주)한진,2023,2024,1974.0,large,transport_storage,0.639942,0.250475,4201363600.0,0.366447,1.728908,0.174198,-19.599611,0.009299,231370173.0,1.085818,0.006346,0.029164,0.017317,0.102846,0.374048,0.097507,2.42597,-0.058944,141100000.0,0.085046,1.054753,1.0,0.241267,6.374,0.238972,0.026426,-0.008866,0.0,0.0,0.0
KOSPI,180640,(주)한진칼,2024,2025,2013.0,large,it_services,0.80245,0.61951,4207157983.0,0.787506,0.269832,0.027097,-18.692172,1.753084,116726983.0,0.695291,0.140948,0.011693,0.178981,0.071656,0.561929,0.219265,0.905423,0.106513,21863118.0,0.002323,0.326799,1.0,1.531573,6.084,0.0,0.111557,0.344701,0.0,1.0,0.0
KOSPI,117930,(주)한진해운,2014,2015,2009.0,large,transport_storage,0.331849,0.108215,8515298670.0,0.091311,9.951576,0.136776,0.365956,-0.048913,442824511.0,0.221641,-0.065391,0.009647,-0.716135,0.070027,0.465236,0.062607,1.462016,-0.113347,347613126.0,0.001615,1.11852,1.0,1.898922,5.726,0.327205,-0.195099,0.016922,0.0,1.0,0.0
KOSPI,372910,(주)한컴라이프케어,2023,2024,2021.0,mid_sized,manufacturing,1.951309,0.306418,182210003.0,0.70428,0.419889,0.0,-22.185131,0.007724,23739372.0,10.061873,0.008916,0.010055,0.012659,-0.157113,,-0.075064,-46.493629,0.051242,6502082.0,0.01636,2.093046,0.0,0.977998,6.374,,-0.124116,-0.084859,0.0,0.0,0.0
KOSPI,880,(주)한화,2023,2024,1976.0,large,manufacturing,0.884152,0.188273,209738149000.0,0.158287,5.317654,0.075138,-66.814807,0.03078,6399738000.0,2.664219,0.010712,0.0115,0.067672,0.021487,0.240708,0.071392,4.190192,-0.010288,1319019000.0,0.009348,0.30098,1.0,0.075942,6.374,0.376251,-0.006806,-0.005241,0.0,0.0,0.0
KOSPI,27390,(주)한화갤러리아타임월드,2018,2019,1996.0,large,wholesale_retail,,,0.0,,,,,,0.0,1000000.0,,,,,,,1000000.0,,0.0,,,0.0,,6.168,,,,0.0,0.0,0.0
KOSPI,69960,(주)현대백화점,2023,2024,2002.0,large,wholesale_retail,0.904492,0.047597,11712592639.0,0.536101,0.865322,0.155759,-52.66216,-0.009454,2492631593.0,2.741486,0.003554,0.02591,0.006629,0.139465,0.41537,0.180103,6.845598,-0.068094,357910111.0,0.107235,0.774359,1.0,0.19306,6.374,0.506473,-0.029551,-0.046554,0.0,0.0,0.0
KOSPI,3010,(주)혜인,2023,2024,1988.0,mid_sized,wholesale_retail,,,0.0,,,,,,0.0,1000000.0,,,,,,,1000000.0,,0.0,,,0.0,,6.374,,,,0.0,0.0,0.0
KOSPI,8770,(주)호텔신라,2023,2024,1991.0,large,wholesale_retail,1.161369,0.346408,3006538770.0,0.20239,3.94096,0.299348,-2.042464,0.024094,3568466181.0,1.768189,0.035712,0.030344,0.176451,0.101135,0.269473,0.067963,4.700522,-0.052069,114557109.0,0.009546,1.488072,1.0,4.299147,6.374,0.166667,0.023139,0.034286,0.0,0.0,0.0
KOSPI,378850,(주)화승알앤에이,2023,2024,2021.0,mid_sized,manufacturing,0.746418,0.038035,430773740.0,0.2612,2.828482,0.316943,-10.847994,0.035568,124826253.0,2.869618,0.073501,0.073777,0.281398,0.163103,0.380196,0.076263,4.686941,-0.064301,18297832.0,0.003677,2.138695,1.0,0.699696,6.374,0.755062,0.019416,0.016288,0.0,0.0,0.0
KOSPI,13520,(주)화승코퍼레이션,2024,2025,1991.0,mid_sized,manufacturing,0.962081,0.121493,1288499141.0,0.280939,2.559486,0.425506,-13.464783,0.035295,318369549.0,2.619992,0.061504,0.068851,0.218924,0.018625,0.031475,0.01016,0.509629,0.03313,50320067.0,0.009567,1.833114,1.0,0.208921,6.084,0.743423,0.116025,0.014972,0.0,0.0,0.0
KOSPI,10690,(주)화신,2024,2025,1994.0,mid_sized,manufacturing,0.896604,0.248621,1321669870.0,0.391499,1.554285,0.303477,-28.634956,0.03128,167708174.0,2.546064,0.057361,0.049415,0.146517,0.17025,0.341369,0.079963,5.337731,-0.063072,63734295.0,0.001973,2.129117,1.0,0.460942,6.084,0.723464,0.104324,-0.011581,0.0,0.0,0.0
KOSPI,32560,(주)황금에스티,2024,2025,2009.0,mid_sized,manufacturing,3.073944,1.225178,522556271.0,0.799021,0.251532,0.081998,-48.121552,0.061831,46295536.0,7.133842,0.049098,0.037072,0.061447,0.196059,0.480547,0.064127,7.58249,-0.001411,9717424.0,0.001309,3.057341,1.0,0.197266,6.084,1.0,0.017582,-0.021959,0.0,0.0,0.0
KOSPI,4800,(주)효성,2021,2022,1973.0,large,other,1.221153,0.116548,5257873534.0,0.569103,0.75715,0.171593,-27.401787,0.152754,937359980.0,26.921188,0.121515,0.121829,0.21352,-0.031467,-0.079018,-0.020145,-2.996196,0.116374,93541000.0,0.012462,1.562034,1.0,0.666859,6.246,0.700164,0.186946,0.152315,0.0,0.0,0.0
KOSPI,93370,(주)후성,2023,2024,2006.0,mid_sized,manufacturing,0.762055,0.082908,853376952.0,0.388421,1.574526,0.284209,-6.026226,-0.161302,15066346.0,-2.503428,-0.10414,-0.054027,-0.268112,-0.011192,-0.024083,-0.011164,-0.31715,-0.092047,51664884.0,0.004314,1.002461,1.0,3.410081,6.374,0.30488,-0.086081,-0.345456,0.0,1.0,0.0
KOSPI,5870,(주)휴니드테크놀러지스,2023,2024,1991.0,mid_sized,manufacturing,,,0.0,,,,,,0.0,1000000.0,,,,,,,1000000.0,,0.0,,,0.0,,6.374,,,,0.0,0.0,0.0
KOSPI,79980,(주)휴비스,2023,2024,2012.0,mid_sized,manufacturing,0.817625,0.05751,782722787.0,0.346722,1.884156,0.348378,-0.573259,-0.116405,8191571.0,-4.977631,-0.151472,-0.091512,-0.436868,-0.020618,-0.038663,-0.011365,-0.73264,-0.124494,41838964.0,0.020198,1.814227,0.0,0.523754,6.374,0.511441,-0.013905,-0.036664,1.0,1.0,1.0
KOSPI,16380,KG스틸(주),2019,2020,1986.0,mid_sized,manufacturing,1.185429,0.098769,2355272182.0,0.377647,1.647978,0.435508,-0.601733,-0.013811,138923879.0,0.336515,-0.013444,0.014707,-0.0356,-0.115842,-0.165542,-0.069928,-1.649584,0.057856,57902000.0,0.001163,1.656591,0.0,0.877482,6.092,0.34313,-0.060169,0.012145,1.0,1.0,0.0
KOSPI,1940,KISCO홀딩스(주),2024,2025,1989.0,mid_sized,manufacturing,12.86382,0.930565,1710295193.0,0.912565,0.095813,0.006352,-83.472986,0.044725,53258831.0,-6.233593,0.033353,-0.002121,0.036549,0.530059,7.296292,0.078234,136.210217,-0.019851,23036572.0,0.001919,6.775286,1.0,0.181297,6.084,1.0,-0.051163,-0.039718,0.0,1.0,0.0
KOSPI,10120,LS일렉트릭(주),2024,2025,1994.0,large,manufacturing,1.653095,0.357519,4485197464.0,0.421407,1.373005,0.212196,-11.600614,0.053218,907590800.0,8.904506,0.074326,0.08689,0.176376,0.088685,0.241817,0.050561,5.258544,0.002696,101845898.0,0.016776,1.754009,1.0,2.552257,6.084,0.400653,0.201534,0.004128,0.0,0.0,0.0
KOSPI,500,가온전선(주),2022,2023,1987.0,large,manufacturing,1.540028,0.17441,752332445.0,0.402841,1.482367,0.169262,-8.53213,0.007387,88533598.0,4.996777,0.017674,0.037832,0.043874,0.056681,0.199971,0.017978,4.470472,-0.019939,8388158.0,0.002882,3.152848,1.0,0.409143,5.851,0.244512,0.141686,0.001918,0.0,0.0,0.0
KOSPI,860,강남제비스코(주),2023,2024,1975.0,mid_sized,manufacturing,1.493809,0.38934,985686727.0,0.702147,0.424202,0.086157,-105.476519,0.034011,86733177.0,4.39961,0.023951,0.023504,0.034111,0.22401,0.774422,0.102956,12.489177,-0.04468,22935000.0,0.026511,2.175791,1.0,0.194879,6.374,0.554234,0.029125,0.01668,0.0,0.0,0.0
KOSPI,13580,계룡건설산업(주),2023,2024,1996.0,mid_sized,construction,1.312746,0.226446,2726892636.0,0.314704,2.177591,0.212341,-18.217834,0.017442,219470199.0,3.230134,0.024768,0.036928,0.078703,0.011748,0.037915,0.007375,0.704233,0.010991,30502625.0,0.001616,1.593064,1.0,0.150381,6.374,0.569646,0.065181,-0.003014,0.0,0.0,0.0
KOSPI,4200,고려개발(주),2014,2015,1978.0,large,construction,,,0.0,,,,,,0.0,1000000.0,,,,,,,1000000.0,,0.0,,,0.0,,5.726,,,,0.0,0.0,0.0
KOSPI,10130,고려아연(주),2023,2024,1990.0,large,manufacturing,2.928106,0.35567,12046071312.0,0.800427,0.249333,0.065417,-91.230072,0.054962,961945066.0,15.570344,0.060441,0.054784,0.075511,0.341448,1.041679,0.084586,19.36725,-0.023865,311544857.0,0.036667,4.036708,1.0,1.079908,6.374,0.785744,-0.004286,-0.016189,0.0,0.0,0.0
KOSPI,2240,고려제강(주),2023,2024,1976.0,mid_sized,manufacturing,2.410643,0.412861,2451280644.0,0.732356,0.365456,0.078207,-70.808427,0.036071,223254413.0,4.513292,0.034657,0.022974,0.047322,0.278062,0.951593,0.101979,14.620004,-0.048098,82630000.0,0.006327,2.726657,1.0,0.282697,6.374,0.764252,-0.032173,-0.008474,0.0,0.0,0.0
KOSPI,9290,광동제약(주),2022,2023,1989.0,mid_sized,manufacturing,1.713245,0.292879,932023759.0,0.586945,0.703739,0.144853,-9.435661,0.018652,282047727.0,10.238662,0.038938,0.041034,0.066339,0.163184,0.465327,0.043884,16.818484,-0.038756,12784362.0,0.010702,3.718516,1.0,0.571119,5.851,0.837044,0.05451,-0.000434,0.0,0.0,0.0
KOSPI,339770,교촌에프앤비(주),2022,2023,2020.0,mid_sized,wholesale_retail,1.083588,0.602393,304973383.0,0.587654,0.701682,0.221949,-13.247289,0.009553,89345947.0,8.875903,0.021397,0.028988,0.036411,0.035919,0.066731,0.008729,4.534934,0.001399,8278014.0,0.011133,4.114819,1.0,1.282451,5.851,0.802915,0.197252,-0.049249,0.0,0.0,0.0
KOSPI,14530,극동유화(주),2023,2024,1991.0,mid_sized,manufacturing,1.302169,0.099777,430015237.0,0.497373,1.010562,0.386614,-11.267373,0.013035,68464994.0,4.197122,0.045447,0.064746,0.091375,0.044399,0.057722,0.008287,1.446625,0.012785,7312416.0,0.004402,5.357704,1.0,0.707568,6.374,0.757895,0.217911,-0.003409,0.0,0.0,0.0
KOSPI,2990,금호건설(주),2023,2024,1976.0,large,construction,1.238323,0.177091,1692362778.0,0.277609,2.602194,0.140218,-1.522774,0.000337,97072184.0,1.337905,-0.000919,0.012884,-0.003309,-0.126408,-0.651244,-0.069687,-9.482534,0.091757,8437000.0,0.007344,1.813937,1.0,0.411452,6.374,0.275414,0.000709,-0.009794,0.0,0.0,0.0
KOSPI,11780,금호석유화학(주),2023,2024,1988.0,mid_sized,manufacturing,1.680732,0.295725,7979694634.0,0.731108,0.367787,0.080316,-33.839143,0.070706,645865925.0,11.83971,0.06079,0.044984,0.083147,0.293942,0.984095,0.099755,20.802626,-0.023016,243688000.0,0.004186,2.946638,1.0,0.719197,6.374,0.539997,0.033737,-0.057898,0.0,0.0,0.0
KOSPI,1210,금호전기(주),2022,2023,1973.0,small_and_medium,manufacturing,0.836214,0.177585,61814214.0,0.207708,3.814442,0.072042,0.068067,-0.36735,9868450.0,-1.261064,-0.263064,-0.1907,-1.266507,-0.179323,-1.972115,-0.190857,-0.939522,-0.131383,3181337.0,0.029289,0.939565,0.0,1.974391,5.851,0.102138,-0.262796,-0.129988,1.0,1.0,1.0
KOSPI,73240,금호타이어(주),2023,2024,2005.0,mid_sized,manufacturing,1.061427,0.137043,4830981257.0,0.289601,2.453027,0.427325,0.025931,0.042522,1110070964.0,2.392726,0.047015,0.085078,0.162345,0.147195,0.244701,0.124996,2.940831,-0.068995,273541000.0,0.000709,1.177594,0.0,1.106698,6.374,0.38989,0.028966,0.064288,0.0,0.0,0.0
KOSPI,270,기아(주),2018,2019,1973.0,large,manufacturing,1.328759,0.154547,51786605000.0,0.526072,0.900882,0.111936,-11.734655,0.021339,7992530000.0,5.680943,0.02836,0.022351,0.053908,0.182159,0.771248,0.082532,21.942723,-0.064009,1302631000.0,0.047761,2.207126,1.0,0.501432,6.168,0.235759,-0.009711,0.003258,0.0,0.0,0.0
KOSPI,4540,깨끗한나라(주),2023,2024,1974.0,mid_sized,manufacturing,0.604697,0.113988,641522252.0,0.329844,2.031734,0.270249,-4.626698,-0.059908,61080180.0,-1.338212,-0.048849,-0.029484,-0.148096,0.079646,0.197504,0.066507,2.422557,-0.101455,33627997.0,0.009734,1.197558,0.0,0.430981,6.374,0.345105,-0.029536,-0.055113,0.0,1.0,0.0
KOSPI,25860,남해화학(주),2023,2024,1995.0,large,manufacturing,1.835553,0.125087,833548600.0,0.623019,0.605087,0.209384,-9.453479,0.006724,106485191.0,0.949582,0.011786,0.01326,0.018918,0.324169,0.583643,0.064143,8.751161,-0.109395,19805530.0,0.007595,5.053843,1.0,0.707898,6.374,0.821393,-0.076806,-0.01499,0.0,1.0,0.0
KOSPI,2350,넥센타이어(주),2023,2024,1976.0,mid_sized,manufacturing,1.170022,0.178678,4232661555.0,0.402792,1.48267,0.310351,-30.522904,0.038167,739290064.0,3.094922,0.035364,0.044178,0.087797,0.095681,0.184119,0.089521,4.003065,-0.032779,186421699.0,0.004786,1.068812,1.0,0.491242,6.374,0.349233,0.073098,0.048756,0.0,0.0,0.0
KOSPI,251270,넷마블(주),2023,2024,2017.0,large,it_services,0.475343,0.225834,7915865389.0,0.641628,0.558534,0.212614,-589.906105,-0.121454,2502055600.0,-0.466703,-0.020036,-0.008649,-0.031227,-0.034586,-0.058297,-0.039214,-0.668784,-0.025995,56534446.0,0.134334,0.881993,1.0,0.983236,6.374,0.779184,-0.114118,0.210092,1.0,1.0,1.0
KOSPI,58730,다스코(주),2023,2024,2004.0,mid_sized,manufacturing,1.481409,0.3413,320034641.0,0.481527,1.076725,0.216817,-14.412901,0.038034,54501184.0,3.496749,0.05566,0.070238,0.11559,0.108166,0.258657,0.04747,2.791951,-0.011147,6496924.0,0.014052,2.278641,1.0,0.534939,6.374,0.656358,-0.075359,0.032129,0.0,0.0,0.0
KOSPI,5750,대림바스(주),2024,2025,1992.0,mid_sized,manufacturing,1.129947,0.127181,348281818.0,0.464637,1.152216,0.230273,-8.706241,0.020313,67492560.0,2.104062,0.017233,0.02899,0.037089,0.110945,0.257935,0.073603,4.310867,-0.043003,8983898.0,0.015487,1.507342,1.0,0.376562,6.084,0.790524,0.0018,0.041147,0.0,0.0,0.0
KOSPI,1680,대상(주),2023,2024,1970.0,mid_sized,manufacturing,1.83134,0.773551,3334370027.0,0.402999,1.481398,0.355485,-36.307384,0.016692,1019013836.0,2.33199,0.027037,0.037103,0.06709,0.188303,0.316235,0.091258,7.065522,-0.091854,130170000.0,0.012299,2.063421,1.0,0.55619,6.374,0.271135,0.045193,-0.003439,0.0,0.0,0.0
KOSPI,84690,대상홀딩스(주),2023,2024,2005.0,mid_sized,it_services,1.605485,0.605908,4159485426.0,0.380651,1.627076,0.358858,-41.647002,0.012457,1255980953.0,1.690535,0.021498,0.027555,0.056478,0.125147,0.21599,0.0613,4.755306,-0.061759,151146000.0,0.023162,2.041556,1.0,0.312566,6.374,0.326139,0.035902,-0.002478,0.0,0.0,0.0
KOSPI,128820,대성산업(주),2021,2022,2010.0,mid_sized,wholesale_retail,1.29194,0.337869,1652414613.0,0.278922,2.585238,0.480898,-1.037755,-0.034305,134506304.0,1.026345,-0.006951,0.011706,-0.024921,-0.018698,-0.028036,-0.019731,-1.18209,-0.009959,19387205.0,0.009451,0.947641,0.0,0.447551,6.246,0.029056,0.49991,-0.09131,0.0,0.0,0.0
KOSPI,117580,대성에너지(주),2023,2024,2010.0,mid_sized,other,0.75455,0.080542,803198158.0,0.397914,1.513109,0.051373,-10.621944,0.014944,134529002.0,5.541456,0.022819,0.025388,0.057346,0.041674,0.488414,0.020163,5.476599,-0.006494,27265047.0,0.000986,2.066883,1.0,0.698678,6.374,0.969399,-0.037498,0.015684,0.0,0.0,0.0
KOSPI,16710,대성홀딩스(주),2023,2024,1999.0,mid_sized,it_services,0.978101,0.134475,1245982849.0,0.448669,1.228813,0.081271,-33.745372,0.131013,158999784.0,1.322762,0.173529,0.007997,0.386764,-0.002277,-0.015447,-0.001285,-0.207658,0.129201,34960290.0,0.001781,1.771336,1.0,0.288672,6.374,0.98753,-0.104477,0.127101,0.0,0.0,0.0
KOSPI,3220,대원제약(주),2022,2023,1999.0,mid_sized,manufacturing,1.617555,0.210461,453550066.0,0.548485,0.823205,0.209517,-21.651394,0.064018,237941999.0,11.67718,0.085375,0.094822,0.155657,0.162737,0.350702,0.069591,9.048742,-0.005884,15305588.0,0.063378,2.338477,1.0,1.655527,5.851,0.451179,0.055799,0.045353,0.0,0.0,0.0
KOSPI,15230,대창단조(주),2023,2024,1989.0,mid_sized,manufacturing,5.937376,0.713816,334751849.0,0.814151,0.228273,0.010366,-18.077171,0.091127,75117072.0,259.774256,0.145918,0.138738,0.179228,1.180104,21.158542,0.197295,410.656699,-0.118021,6654250.0,0.003312,5.98141,1.0,0.639508,6.374,0.0,-0.010279,-0.0039,0.0,0.0,0.0
KOSPI,1070,대한방직(주),2023,2024,1973.0,mid_sized,manufacturing,2.181586,0.419806,180718515.0,0.724532,0.380202,0.126191,-23.704957,-0.024573,17021486.0,-1.03773,-0.025833,-0.010029,-0.035655,0.211914,0.462598,0.070611,6.040102,-0.078691,2265131.0,0.001438,3.00115,0.0,0.329489,6.374,0.676189,-0.142049,0.00274,0.0,1.0,1.0
KOSPI,6650,대한유화(주),2015,2016,1999.0,mid_sized,manufacturing,1.526862,0.499791,1529064058.0,0.677269,0.476518,0.111102,-24.258234,0.116267,326285375.0,24.616807,0.17573,0.177353,0.259468,0.65599,1.905532,0.187448,29.385338,-0.080393,64000363.0,0.003272,3.499584,1.0,1.07958,5.913,0.294322,0.06154,0.085173,0.0,0.0,0.0
KOSPI,1440,대한전선(주),2016,2017,1968.0,mid_sized,manufacturing,1.284323,0.291913,1315810316.0,0.22733,3.398899,0.478556,0.301501,-0.011559,152937757.0,1.193903,-0.009454,0.036995,-0.041589,-0.005543,-0.00895,-0.004101,-0.138215,-0.007788,25720000.0,0.013017,1.351458,0.0,5.311391,6.043,0.332176,-0.152623,0.028913,1.0,0.0,0.0
KOSPI,84010,대한제강(주),2021,2022,2005.0,mid_sized,manufacturing,1.664435,0.31332,1232437581.0,0.584377,0.711225,0.031532,-28.221222,0.080619,273165713.0,159.968028,0.178688,0.163741,0.305775,0.288084,3.797279,0.072681,116.975339,0.013076,32568047.0,0.004101,3.96366,1.0,0.532147,6.246,0.62044,0.304359,0.032194,0.0,0.0,0.0
KOSPI,1790,대한제당(주),2023,2024,1968.0,mid_sized,manufacturing,1.919828,0.574409,1185391612.0,0.467854,1.137418,0.262627,-10.532426,0.024396,139243632.0,2.76486,0.035567,0.039832,0.076022,0.063459,0.128583,0.030044,2.344004,-0.006348,12856126.0,0.000531,2.112155,1.0,0.551488,6.374,0.209434,-0.027942,0.005883,0.0,0.0,0.0
KOSPI,5880,대한해운(주),2023,2024,1992.0,large,transport_storage,0.549787,0.092052,4727803814.0,0.390628,1.559977,0.051124,-10.572338,0.033173,322654410.0,1.540319,0.01269,0.05287,0.032487,0.145542,1.734793,0.300068,2.583891,-0.078884,160505782.0,0.000965,0.48503,0.0,0.37244,6.374,0.821026,0.052902,-0.073709,0.0,0.0,0.0
KOSPI,1230,동국홀딩스(주),2021,2022,1988.0,mid_sized,it_services,0.860083,0.129921,6334110919.0,0.439274,1.276482,0.302241,-3.722132,0.077151,1161130956.0,12.832027,0.108506,0.126776,0.247012,0.035404,0.065683,0.017367,2.009377,0.068337,204412701.0,0.006883,2.038545,1.0,0.545347,6.246,0.906114,0.16897,0.06381,0.0,0.0,0.0
KOSPI,5960,동부건설(주),2023,2024,1978.0,mid_sized,construction,1.341425,0.161545,1807512336.0,0.321192,2.113401,0.216499,-4.019367,-0.002555,131725308.0,2.176282,-0.005873,0.016684,-0.018284,0.064225,0.20137,0.041475,5.686846,-0.046282,15870000.0,0.003855,1.548534,1.0,0.233894,6.374,0.651233,0.142765,-0.029488,0.0,0.0,0.0
KOSPI,640,동아쏘시오홀딩스(주),2023,2024,1970.0,mid_sized,it_services,0.657949,0.190575,1957106350.0,0.524912,0.90508,0.279066,-31.361738,0.049349,374873950.0,3.380053,0.033587,0.039283,0.063986,0.17068,0.290569,0.140192,6.977046,-0.052544,68807245.0,0.036682,1.217473,1.0,0.624194,6.374,0.630033,0.130327,0.041628,0.0,0.0,0.0
KOSPI,170900,동아에스티(주),2023,2024,2013.0,mid_sized,manufacturing,1.403686,0.548669,1264420588.0,0.540412,0.85044,0.141571,-14.863277,0.003044,328095135.0,0.878571,0.004748,0.008841,0.008786,0.005806,0.018849,0.005082,0.265183,-0.00107,24901620.0,0.062419,1.142602,1.0,0.871195,6.374,0.095046,0.09216,-0.017055,0.0,1.0,0.0
KOSPI,6040,동원산업(주),2023,2024,1989.0,mid_sized,it_services,1.228007,0.207733,7725142829.0,0.405911,1.463594,0.284851,-66.460015,0.030417,1519114240.0,3.893662,0.045119,0.060159,0.111155,0.14413,0.300599,0.073919,5.542,-0.050392,277522002.0,0.023521,1.949825,1.0,0.493626,6.374,0.420001,0.09403,-0.002437,0.0,0.0,0.0
KOSPI,14820,동원시스템즈(주),2023,2024,1994.0,mid_sized,manufacturing,0.997946,0.139393,1535857780.0,0.503986,0.984182,0.175798,-4.291679,0.050406,152839966.0,3.584916,0.045289,0.052642,0.089862,0.281504,0.794265,0.16798,9.508707,-0.097731,73022667.0,0.033479,1.675819,1.0,1.303934,6.374,0.333333,0.057994,6.8e-05,0.0,0.0,0.0
KOSPI,163560,동일고무벨트(주),2023,2024,2012.0,mid_sized,manufacturing,1.721909,0.456303,374040833.0,0.598057,0.672083,0.227775,-31.186698,0.02343,52298564.0,2.575356,0.028973,0.036598,0.048445,0.279124,0.492556,0.117292,7.894731,-0.089781,5246578.0,0.002876,2.37973,1.0,0.385252,6.374,0.968309,-0.018854,0.005777,0.0,0.0,0.0
KOSPI,2690,동일제강(주),2023,2024,2015.0,mid_sized,manufacturing,,,0.0,,,,,,0.0,1000000.0,,,,,,,1000000.0,,0.0,,,0.0,,6.374,,,,0.0,0.0,0.0
KOSPI,20,동화약품(주),2023,2024,1976.0,mid_sized,manufacturing,2.239625,0.681377,564972409.0,0.720489,0.387946,0.054512,-13.573396,0.078195,190415846.0,60.95867,0.065411,0.033233,0.090787,0.184697,0.947039,0.08077,94.693705,-0.001645,12484182.0,0.06371,2.286712,1.0,0.704709,6.374,0.476334,0.225174,0.014771,0.0,0.0,0.0
KOSPI,11160,두산건설(주),2018,2019,1996.0,large,construction,0.471807,0.051844,2399084870.0,0.153256,5.525012,0.028211,-5.09024,-0.356492,95068990.0,-0.600039,-0.220543,-0.021738,-1.439045,0.046519,1.396278,0.061054,1.087289,-0.269386,6781495.0,0.00211,0.761936,1.0,0.387708,6.168,1.0,-0.156927,-0.236674,0.0,1.0,0.0
KOSPI,34020,두산에너빌리티(주),2023,2024,2000.0,large,manufacturing,1.00467,0.273029,24640833946.0,0.439981,1.272823,0.128342,-2.318159,0.029422,3017001484.0,4.572624,0.02997,0.059548,0.068116,0.150053,0.654754,0.117717,6.452742,-0.06303,322526000.0,0.120884,1.274692,1.0,0.939438,6.374,0.375207,0.069027,0.058807,0.0,0.0,0.0
KOSPI,336260,두산퓨얼셀(주),2023,2024,2019.0,large,manufacturing,,,0.0,,,,,,0.0,1000000.0,,,,,,,1000000.0,,0.0,,,0.0,,6.374,,,,0.0,0.0,0.0
KOSPI,210,디엘(주),2023,2024,1975.0,large,manufacturing,0.902259,0.283099,12119563560.0,0.374056,1.673393,0.382675,-31.682585,-0.02411,926091480.0,0.525027,-0.014236,0.012434,-0.038057,0.042846,0.070083,0.064776,1.132428,-0.036801,339641000.0,0.064302,0.661443,1.0,0.256716,6.374,0.20922,0.008368,-0.04379,0.0,1.0,0.0
KOSPI,1880,디엘건설(주),2021,2022,1977.0,large,construction,,,0.0,,,,,,0.0,1000000.0,,,,,,,1000000.0,,0.0,,,0.0,,6.246,,,,0.0,0.0,0.0
KOSPI,375500,디엘이앤씨(주),2023,2024,2021.0,large,construction,1.542642,0.534624,9344058758.0,0.510354,0.959423,0.083393,-21.222001,0.025299,782110585.0,6.789083,0.029939,0.035387,0.058664,0.050561,0.29687,0.028949,4.749645,-0.003121,77655000.0,0.003524,1.746575,1.0,0.324453,6.374,0.185825,0.041154,-0.032266,0.0,0.0,0.0
KOSPI,92780,디와이피(주),2022,2023,2017.0,mid_sized,manufacturing,1.082219,0.108662,374266035.0,0.332718,2.005544,0.379736,-17.912647,0.00723,40719017.0,1.251085,0.01115,0.019872,0.033511,0.105362,0.185145,0.066133,4.426223,-0.06262,18178775.0,0.00198,1.593184,1.0,0.507068,5.851,0.67897,0.032093,-0.014424,0.0,0.0,0.0
KOSPI,89860,롯데렌탈(주),2023,2024,2021.0,large,it_services,0.451356,0.224048,6718109060.0,0.203224,3.920678,0.401408,-6.453616,0.041858,2752292105.0,2.168979,0.02403,0.045428,0.118244,0.093094,0.184787,0.181055,3.541495,-0.057027,1057957188.0,0.01664,0.514175,1.0,0.744605,6.374,0.058676,-0.030185,0.009609,0.0,0.0,0.0
KOSPI,23530,롯데쇼핑(주),2023,2024,2006.0,large,wholesale_retail,0.510281,0.1458,30644698697.0,0.353616,1.827928,0.203835,-75.613126,0.011623,6774705239.0,0.853818,0.006003,0.01659,0.016976,0.082784,0.262519,0.112657,2.753913,-0.04799,1050633888.0,0.00887,0.734838,1.0,0.195789,6.374,0.31544,-0.033399,0.032215,0.0,1.0,0.0
KOSPI,280360,롯데웰푸드(주),2023,2024,2017.0,large,manufacturing,1.597368,0.53551,4199096313.0,0.510261,0.95978,0.224684,-453.209556,0.016666,1131732951.0,3.654283,0.026157,0.042156,0.051263,0.220288,0.480158,0.111404,9.351822,-0.091744,174579000.0,0.039353,1.977375,1.0,0.545123,6.374,0.073562,0.022858,0.002968,0.0,0.0,0.0
KOSPI,4000,롯데정밀화학(주),2018,2019,1976.0,large,manufacturing,3.134922,0.029875,1700030433.0,0.810514,0.233785,0.04781,-9.68138,0.156684,300204048.0,46.425747,0.161886,0.123947,0.199732,0.848028,3.360975,0.199153,60.187977,-0.034266,76714567.0,0.015187,4.258173,1.0,0.768627,6.168,0.015738,0.03578,0.079729,0.0,0.0,0.0
KOSPI,4990,롯데지주(주),2023,2024,1974.0,large,it_services,0.870127,0.234822,23160430746.0,0.417645,1.394377,0.278606,-456.496866,0.010796,4443316215.0,1.468688,0.016145,0.021316,0.038656,0.091752,0.191784,0.081631,3.681494,-0.046366,751823000.0,0.018627,1.12398,1.0,0.29563,6.374,0.262127,0.044419,-0.013055,0.0,0.0,0.0
KOSPI,5300,롯데칠성음료(주),2023,2024,1973.0,large,manufacturing,0.908816,0.195694,4257669751.0,0.360957,1.770413,0.297123,-304.710349,0.051637,1235334845.0,3.805605,0.048702,0.04948,0.134926,0.098404,0.211645,0.083029,4.83656,-0.023775,173535000.0,0.015907,1.185181,1.0,0.959078,6.374,0.087748,0.151987,0.005506,0.0,0.0,0.0
KOSPI,11170,롯데케미칼(주),2023,2024,1991.0,large,manufacturing,1.50446,0.41412,33476310225.0,0.604384,0.654578,0.273494,-93.598912,-0.001967,781293639.0,-0.917693,-0.01351,-0.010387,-0.022354,0.059615,0.086235,0.039583,2.083808,-0.024757,987192407.0,0.051716,1.506097,1.0,0.323894,6.374,0.37618,0.249835,-0.003216,0.0,1.0,1.0
KOSPI,2270,롯데푸드(주),2020,2021,1973.0,large,manufacturing,1.736837,0.381036,1286538902.0,0.591662,0.690155,0.119701,-133.502375,0.040859,290491203.0,7.373227,0.074989,0.03451,0.126743,0.247777,0.845247,0.075731,21.616654,-0.046589,49874000.0,0.005755,3.271792,1.0,0.492928,6.282,0.025974,,,0.0,0.0,0.0
KOSPI,71840,롯데하이마트(주),2023,2024,2011.0,large,wholesale_retail,,,0.0,,,,,,0.0,1000000.0,,,,,,,1000000.0,,0.0,,,0.0,,6.374,,,,0.0,0.0,0.0
KOSPI,9900,명신산업(주),2021,2022,2020.0,mid_sized,manufacturing,1.311085,0.304063,719480410.0,0.412924,1.421753,0.219052,-10.324186,0.040928,102494455.0,5.664667,0.08088,0.078506,0.19587,0.053956,0.144607,0.020575,2.28565,0.031336,24449968.0,0.006661,2.62248,0.0,5.316055,6.246,0.643784,0.508658,0.150672,0.0,0.0,0.0
KOSPI,70960,모나용평(주),2023,2024,2016.0,mid_sized,it_services,0.613027,0.064368,1004928193.0,0.383882,1.604965,0.141116,-0.60294,0.047262,42520677.0,1.560151,0.012701,0.0213,0.033085,0.211802,0.924734,0.619606,9.558321,-0.120541,17208713.0,0.011299,0.341833,0.0,0.380551,6.374,0.939979,0.15737,0.131841,0.0,0.0,0.0
KOSPI,9200,무림페이퍼(주),2022,2023,1990.0,mid_sized,manufacturing,0.894308,0.234156,2429133746.0,0.283808,2.523512,0.431009,-5.62743,0.024843,210476795.0,2.594419,0.017122,0.039649,0.060331,0.024074,0.040004,0.029935,1.12823,-0.002933,74268950.0,0.001638,0.804229,1.0,0.14787,5.851,0.460899,0.063349,0.024455,0.0,0.0,0.0
KOSPI,9580,무림피앤피(주),2023,2024,1989.0,mid_sized,manufacturing,0.97995,0.165929,1622970089.0,0.388408,1.574614,0.385139,-3.042911,-0.028138,70185396.0,0.559033,-0.01944,0.007153,-0.050051,0.089626,0.142324,0.115698,4.283668,-0.068146,53264970.0,0.001039,0.774656,1.0,0.313635,6.374,0.48938,0.01179,-0.08694,0.0,1.0,0.0
KOSPI,2410,범양건영(주),2023,2024,1988.0,mid_sized,construction,0.705598,0.002119,192910733.0,0.322086,2.104761,0.20717,-1.50217,-0.075445,4739925.0,-3.254095,-0.057182,-0.054087,-0.177537,-0.046563,-0.152366,-0.050424,-1.899109,-0.015663,1696457.0,0.007843,0.92343,0.0,0.839272,6.374,0.905211,-0.102967,-0.005176,1.0,1.0,1.0
KOSPI,5030,부산주공(주),2023,2024,1975.0,mid_sized,manufacturing,,,0.0,,,,,,0.0,1000000.0,,,,,,,1000000.0,,0.0,,,0.0,,6.374,,,,0.0,0.0,0.0
KOSPI,30790,비케이탑스(주),2016,2017,2010.0,mid_sized,it_services,2.717674,1.981275,96432695.0,0.431414,1.317958,0.288509,-0.577812,-0.042166,6634492.0,-1.47757,-0.021301,-0.068893,-0.049376,-0.043116,-0.084971,-0.025126,-0.52578,-0.016626,1376119.0,0.037906,1.715988,0.0,1.41335,6.043,0.011562,-0.010528,0.037608,0.0,1.0,1.0
KOSPI,8040,사조동아원(주),2020,2021,1989.0,mid_sized,manufacturing,0.825097,0.014457,446436771.0,0.465288,1.149208,0.354595,-1.943386,0.02427,47044757.0,2.23577,0.031773,0.03727,0.068287,0.122522,0.184758,0.073818,3.930075,-0.043974,12810390.0,0.006153,1.659784,0.0,0.650271,6.282,0.890034,-0.04379,0.022117,0.0,0.0,0.0
KOSPI,7160,사조산업(주),2022,2023,1989.0,mid_sized,manufacturing,0.787721,0.036353,1166611978.0,0.551371,0.813661,0.200928,-24.72944,0.121231,89893773.0,6.410622,0.06598,0.047294,0.119665,-0.00052,-0.001161,-0.000412,-0.031619,0.068921,20537795.0,0.003287,1.262928,1.0,0.349794,5.851,0.771607,0.047363,0.027522,0.0,0.0,0.0
KOSPI,1470,삼부토건(주),2014,2015,1976.0,mid_sized,construction,0.984437,0.011556,2217130886.0,0.173066,4.778138,0.105459,-8.589536,-0.448505,29616672.0,-1.05281,-0.102482,-0.03156,-0.592155,-0.003771,-0.02957,-0.011375,-0.104026,-0.119835,13511016.0,0.001609,0.331513,1.0,0.095938,5.726,0.854862,0.387734,-0.153312,0.0,1.0,1.0
KOSPI,6400,삼성SDI(주),2022,2023,1979.0,large,manufacturing,1.205417,0.326501,30257525171.0,0.569032,0.75737,0.148996,-47.267218,0.101339,4220746682.0,20.075877,0.087657,0.059754,0.154045,0.202538,0.585835,0.131241,29.326294,-0.019887,1408100379.0,0.006772,1.543254,1.0,2.415915,5.851,0.490482,0.171265,0.009081,0.0,0.0,0.0
KOSPI,28260,삼성물산(주),2023,2024,2014.0,large,wholesale_retail,1.285823,0.211363,66127029213.0,0.60334,0.657439,0.045521,-2130.038419,0.064902,6566946727.0,11.257352,0.053677,0.043404,0.088966,0.106697,0.929728,0.066801,10.976835,-0.001203,820917050.0,0.069601,1.597248,1.0,0.607685,6.374,0.457352,0.121149,0.005938,0.0,0.0,0.0
KOSPI,18260,삼성에스디에스(주),2019,2020,2014.0,large,it_services,3.759212,0.676123,9021235882.0,0.745481,0.341416,9e-05,-172.826526,0.070007,1793928145.0,65.687563,0.114872,0.109751,0.154091,0.389267,1106.842819,0.083378,59.298349,-0.015889,354980578.0,0.022127,4.668669,1.0,2.237863,6.092,0.987616,0.125706,0.006346,0.0,0.0,0.0
KOSPI,28050,삼성이앤에이(주),2022,2023,1996.0,large,it_services,1.186443,0.281681,7848723223.0,0.328339,2.045635,0.029543,-1.629633,0.05921,1080925614.0,47.993107,0.091189,0.089561,0.277728,0.109397,2.487187,0.057359,39.374366,0.002371,41566548.0,0.009556,1.907236,0.0,1.692251,5.851,1.0,0.295442,0.012317,0.0,0.0,0.0
KOSPI,10140,삼성중공업(주),2023,2024,1994.0,large,manufacturing,0.823145,0.051978,15593389152.0,0.218632,3.573904,0.151742,-2.873594,-0.019422,645473765.0,1.306656,-0.018964,0.014964,-0.086739,-0.042388,-0.218271,-0.064482,-2.892047,0.023145,237788775.0,0.00173,0.657363,0.0,2.000726,6.374,0.781684,0.076022,0.08612,1.0,0.0,0.0
KOSPI,11230,삼화전자공업(주),2023,2024,1987.0,small_and_medium,manufacturing,0.521982,0.076164,73014232.0,0.391916,1.551569,0.281098,-0.69295,-0.152042,1884415.0,-3.158228,-0.087977,-0.068525,-0.224478,-0.058828,-0.127259,-0.062326,-1.648707,-0.051493,2559461.0,0.005211,0.943877,0.0,2.480877,6.374,0.975638,0.062144,-0.026595,1.0,1.0,1.0
KOSPI,390,삼화페인트공업(주),2016,2017,1993.0,mid_sized,manufacturing,1.698458,0.18396,526308223.0,0.561879,0.779741,0.164706,-22.295563,0.028449,101006145.0,4.183529,0.036233,0.035863,0.064485,0.044032,0.117127,0.021057,2.250392,0.006773,11971260.0,0.013287,2.091153,1.0,0.850806,6.043,0.225083,0.02808,-0.020369,0.0,0.0,0.0
KOSPI,17390,서울도시가스(주),2019,2020,1995.0,mid_sized,other,2.217867,0.077542,1583402075.0,0.611226,0.636055,0.007322,-26.651911,0.021649,185899152.0,4.445438,0.022721,0.006605,0.037172,0.343389,18.233922,0.155316,89.854762,-0.114892,35475592.0,0.006794,2.210908,1.0,0.364738,6.092,0.0,0.156933,-0.008438,0.0,0.0,0.0
KOSPI,180,성창기업지주(주),2018,2019,1976.0,mid_sized,it_services,1.116711,0.117241,648660747.0,0.754445,0.325479,0.113215,-12.593848,-0.049255,17312092.0,-3.959656,-0.014243,-0.013239,-0.018879,-0.000773,-0.001676,-0.000764,-0.056745,-0.012041,7660698.0,0.002512,1.011249,0.0,0.275797,6.168,0.690419,-0.00833,-0.072371,0.0,1.0,1.0
KOSPI,4430,송원산업(주),2023,2024,1977.0,mid_sized,manufacturing,1.849993,0.320397,1089744000.0,0.647484,0.544439,0.099865,-57.799333,0.033833,149949000.0,6.289018,0.045418,0.053654,0.070145,0.434151,1.532524,0.161926,17.93912,-0.121068,35168000.0,0.010638,2.681165,1.0,0.556469,6.374,0.951758,-0.104794,-0.065401,0.0,0.0,0.0
KOSPI,34300,신세계건설(주),2022,2023,2002.0,large,construction,,,0.0,,,,,,0.0,1000000.0,,,,,,,1000000.0,,0.0,,,0.0,,5.851,,,,0.0,0.0,0.0
KOSPI,3410,쌍용씨앤이(주),2016,2017,1975.0,mid_sized,manufacturing,0.838646,0.193424,3216246977.0,0.564019,0.77299,0.174535,-2.896033,0.085017,423359987.0,9.784855,0.068496,0.081384,0.121443,0.140302,0.350468,0.095515,7.354419,-0.006723,95620975.0,0.01346,1.468894,1.0,0.759747,6.043,0.830966,0.09603,0.048201,0.0,0.0,0.0
KOSPI,112610,씨에스윈드(주),2019,2020,2014.0,mid_sized,manufacturing,1.544142,0.303601,735606529.0,0.502761,0.989018,0.256049,-41.790712,0.043386,113615617.0,5.678238,0.054189,0.08175,0.107782,0.23423,0.454867,0.107175,8.089708,-0.06932,20028456.0,0.011247,2.185486,1.0,1.776086,6.092,0.687375,0.213088,0.029336,0.0,0.0,0.0
KOSPI,1040,씨제이(주),2023,2024,1973.0,large,it_services,0.932654,0.233192,47203762893.0,0.379055,1.63814,0.237775,-98.933434,0.012688,11397395326.0,2.244243,0.020887,0.043197,0.055102,0.171165,0.446993,0.121322,5.521844,-0.095169,1981515913.0,0.100607,1.410828,1.0,0.188157,6.374,0.350803,-0.021489,-0.004095,0.0,0.0,0.0
KOSPI,120,씨제이대한통운(주),2023,2024,1956.0,large,transport_storage,0.948905,0.110642,9357587267.0,0.432066,1.314461,0.162881,-34.446566,0.020639,1299127546.0,3.136019,0.034728,0.05132,0.080377,0.157419,0.548887,0.071092,5.463144,-0.063448,522780176.0,0.052382,2.214303,1.0,0.7177,6.374,0.240109,-0.034633,0.004414,0.0,0.0,0.0
KOSPI,79160,씨제이씨지브이(주),2023,2024,2004.0,large,it_services,0.459661,0.184533,3194214710.0,0.081786,11.227071,0.180886,-3.267547,-0.079797,1545839243.0,0.33494,-0.036786,0.015361,-0.449784,0.06141,0.311728,0.116514,1.22951,-0.095005,285891008.0,0.03743,0.527055,1.0,2.708816,6.374,0.564471,-0.11308,0.087616,0.0,1.0,0.0
KOSPI,11150,씨제이씨푸드(주),2022,2023,1988.0,large,manufacturing,,,0.0,,,,,,0.0,1000000.0,,,,,,,1000000.0,,0.0,,,0.0,,5.851,,,,0.0,0.0,0.0
KOSPI,97950,씨제이제일제당(주),2023,2024,2007.0,large,manufacturing,1.002575,0.193981,29606279551.0,0.397887,1.513279,0.249712,-142.819024,0.019276,6052577321.0,2.505714,0.024726,0.043625,0.062142,0.137143,0.330684,0.084234,4.742917,-0.063679,1379796032.0,0.087706,1.628123,1.0,0.450566,6.374,0.334346,-0.013559,-0.007409,0.0,0.0,0.0
KOSPI,2030,아세아(주),2016,2017,1974.0,mid_sized,it_services,2.196363,0.579042,1706513489.0,0.717891,0.39297,0.079857,-110.828095,0.061688,199108353.0,30.908102,0.050717,0.050463,0.070647,0.231358,0.817314,0.101693,39.975989,-0.025676,49011527.0,0.029902,2.275063,1.0,0.184211,6.043,0.494691,0.071515,0.053884,0.0,0.0,0.0
KOSPI,183190,아세아시멘트(주),2016,2017,2013.0,mid_sized,manufacturing,3.23583,0.874821,850532589.0,0.781678,0.2793,0.005961,-39.344708,0.093473,112384957.0,199.991572,0.063712,0.066988,0.081506,0.389762,14.275442,0.158813,254.044392,-0.03501,17479004.0,0.056111,2.45422,1.0,0.360394,6.043,0.0,0.050926,-0.005457,0.0,0.0,0.0
KOSPI,267850,아시아나아이디티(주),2023,2024,2018.0,large,it_services,,,0.0,,,,,,0.0,1000000.0,,,,,,,1000000.0,,0.0,,,0.0,,6.374,,,,0.0,0.0,0.0
KOSPI,20560,아시아나항공(주),2021,2022,2008.0,large,transport_storage,0.489631,0.137527,13082664860.0,0.039831,24.106035,0.218195,-0.400575,-0.119089,374616039.0,0.277315,-0.048891,0.007124,-1.227466,0.080262,0.353194,0.232324,2.999818,-0.116569,1324412760.0,0.004407,0.345475,1.0,2.855969,6.246,0.904864,-0.055503,0.010034,0.0,1.0,0.0
KOSPI,10780,아이에스동서(주),2023,2024,1986.0,mid_sized,manufacturing,1.649694,0.403306,4237373316.0,0.418233,1.39101,0.260052,-113.733667,0.078966,505798238.0,3.00385,0.051916,0.080361,0.124131,0.052112,0.116579,0.0633,1.133217,0.007503,40405177.0,0.011613,0.823248,0.0,0.504647,6.374,0.353479,0.133658,-0.010947,0.0,0.0,0.0
KOSPI,139990,아주스틸(주),2024,2025,2021.0,mid_sized,manufacturing,0.538321,0.035277,961386247.0,0.123279,7.111704,0.442639,-7.938801,-0.122075,29043225.0,-1.200596,-0.117019,-0.044102,-0.949224,0.043922,0.086995,0.037033,1.048283,-0.165443,36492163.0,0.004595,1.186036,0.0,0.869244,6.084,0.476431,-0.034177,-0.053548,0.0,1.0,1.0
KOSPI,9320,아진전자부품(주),2023,2024,1989.0,small_and_medium,manufacturing,,,0.0,,,,,,0.0,1000000.0,,,,,,,1000000.0,,0.0,,,0.0,,6.374,,,,0.0,0.0,0.0
KOSPI,5850,에스엘(주),2023,2024,1988.0,mid_sized,manufacturing,1.855507,0.281157,3235734467.0,0.620916,0.610524,0.09861,-85.509512,0.07218,638795045.0,15.858251,0.132525,0.11935,0.213435,0.352487,1.355061,0.089353,17.754582,-0.025682,142159465.0,0.011843,3.944878,1.0,0.825343,6.374,1.0,0.10373,0.032436,0.0,0.0,0.0
KOSPI,33530,에스제이지세종(주),2023,2024,2002.0,mid_sized,manufacturing,1.157402,0.251475,1151805424.0,0.357608,1.79636,0.199452,-28.61037,0.00242,166706166.0,2.984125,0.029279,0.045028,0.081875,0.218667,0.70428,0.090271,9.309232,-0.136704,50922917.0,0.028555,2.422351,1.0,0.401211,6.374,0.845376,0.002069,0.002315,0.0,0.0,0.0
KOSPI,5090,에스지씨에너지(주),2023,2024,1993.0,large,other,0.736352,0.173524,2967510634.0,0.292769,2.415658,0.374957,-10.838877,0.005678,210751703.0,1.589352,0.009562,0.035997,0.032662,-0.01587,-0.029934,-0.011014,-0.495561,0.01701,105457519.0,0.003,1.440907,1.0,0.452781,6.374,0.664467,-0.028435,-0.046888,0.0,0.0,0.0
KOSPI,3600,에스케이(주),2014,2015,1984.0,large,it_services,1.091817,0.240447,92997730000.0,0.383931,1.604638,0.291254,-148.636732,0.003089,7349471000.0,2.121939,0.010482,0.025472,0.027303,0.096631,0.204398,0.050052,4.959313,-0.055858,3422694000.0,0.054045,1.93062,1.0,0.217384,5.726,0.222284,0.004751,-0.007154,0.0,0.0,0.0
KOSPI,34730,에스케이(주),2024,2025,2009.0,large,it_services,0.943104,0.344556,214977754000.0,0.373469,1.677598,0.316664,-4972.520164,0.004241,10691527000.0,0.637728,0.005101,0.010956,0.013658,0.060215,0.119137,0.065044,2.195987,-0.035267,6530626000.0,0.048575,0.925757,1.0,0.119677,6.084,0.293829,0.038689,0.007338,0.0,1.0,0.0
KOSPI,18670,에스케이가스(주),2023,2024,1997.0,large,wholesale_retail,1.701056,0.337972,6081811411.0,0.425581,1.349727,0.382167,-55.083149,0.045234,616147539.0,3.904359,0.072013,0.049919,0.169212,0.176677,0.265556,0.088272,7.93774,-0.049481,98726910.0,0.01771,2.001502,1.0,0.527788,6.374,0.3086,0.042875,0.013363,0.0,0.0,0.0
KOSPI,1740,에스케이네트웍스(주),2023,2024,1977.0,large,wholesale_retail,0.606759,0.086289,9110359000.0,0.236636,3.225896,0.329598,-2.323561,0.000598,1232209000.0,1.325892,0.007765,0.026045,0.032815,0.018329,0.042451,0.013956,0.712273,-0.013392,781040000.0,0.041268,1.313372,1.0,0.629164,6.374,0.248607,-0.04094,-0.008792,0.0,0.0,0.0
KOSPI,6120,에스케이디스커버리(주),2024,2025,1976.0,large,it_services,1.479992,0.35965,15077692130.0,0.428007,1.336412,0.284262,-56.785807,0.003531,1056392883.0,1.006778,0.003333,0.011445,0.007787,0.01338,0.026923,0.012765,0.673246,-0.005536,283870350.0,0.05004,1.04815,1.0,0.121115,6.084,0.295454,0.230761,-0.024192,0.0,0.0,0.0
KOSPI,210980,에스케이디앤디(주),2021,2022,2015.0,large,other,2.533784,0.152334,1983430768.0,0.322298,2.102717,0.41173,-25.42628,0.168953,209288938.0,4.048649,0.091556,0.065224,0.284072,-0.020489,-0.033724,-0.034819,-0.861901,0.081261,29870851.0,0.009329,0.588433,1.0,1.201456,6.246,0.056329,0.158257,0.074476,1.0,0.0,0.0
KOSPI,68400,에스케이렌터카(주),2021,2022,2012.0,large,it_services,0.333716,0.159006,2860204476.0,0.169097,4.91376,0.29221,-19.456544,0.019857,829256737.0,1.898147,0.009441,0.027639,0.055833,-0.026406,-0.075086,-0.060523,-1.506821,0.029139,413173671.0,0.006925,0.436296,0.0,1.002124,6.246,0.04786,0.284246,-0.00121,1.0,0.0,0.0
KOSPI,302440,에스케이바이오사이언스(주),2021,2022,2021.0,large,manufacturing,,,0.0,,,,,,0.0,1000000.0,,,,,,,1000000.0,,0.0,,,0.0,,6.246,,,,0.0,0.0,0.0
KOSPI,11790,에스케이씨(주),2023,2024,1997.0,large,manufacturing,1.127702,0.28774,7032322132.0,0.358974,1.785713,0.474171,-12.332652,-0.207773,21691589.0,-1.401267,-0.057169,-0.030758,-0.159255,-0.052073,-0.070397,-0.149446,-1.520735,-0.013028,134212483.0,0.101728,0.348444,1.0,1.359069,6.374,0.346604,0.099988,-0.199924,1.0,1.0,0.0
KOSPI,361610,에스케이아이이테크놀로지(주),2023,2024,2021.0,large,manufacturing,1.245734,0.749766,4083815083.0,0.590541,0.693362,0.256187,-32.825277,0.126481,153474096.0,1.630322,0.024165,0.007843,0.04092,0.074932,0.119762,0.192894,6.378061,-0.010564,148982969.0,0.002809,0.388462,0.0,2.332575,6.374,0.1013,0.167693,0.177149,0.0,0.0,0.0
KOSPI,100090,에스케이오션플랜트(주),2023,2024,2023.0,large,manufacturing,1.098366,0.06516,1431906667.0,0.48805,1.048971,0.095985,-22.611293,0.062159,105011425.0,3.483099,0.044066,0.0528,0.090291,-0.188528,-1.005544,-0.149274,-6.367034,0.136707,17782320.0,0.003739,1.262966,0.0,1.674622,6.374,0.760868,,,0.0,0.0,0.0
KOSPI,96770,에스케이이노베이션(주),2023,2024,2007.0,large,manufacturing,1.13199,0.444721,80835513251.0,0.371371,1.692725,0.321096,-57.91814,0.00718,5014017964.0,1.664297,0.011532,0.023553,0.031052,0.105635,0.206808,0.069453,4.692389,-0.059541,1821317000.0,0.024519,1.520961,1.0,0.476254,6.374,0.31534,0.202571,-0.0171,0.0,0.0,0.0
KOSPI,285130,에스케이케미칼(주),2024,2025,2018.0,large,manufacturing,2.426411,0.551543,5367048627.0,0.565109,0.769571,0.280771,-29.700057,-0.002513,395984985.0,-1.090155,-0.005113,-0.008417,-0.009048,-0.038279,-0.059291,-0.051443,-2.156052,0.015834,118644564.0,0.019649,0.744095,1.0,0.28291,6.084,0.201137,0.290536,-0.029868,0.0,1.0,0.0
KOSPI,17670,에스케이텔레콤(주),2024,2025,1989.0,large,it_services,0.810544,0.219391,30515255000.0,0.387597,1.579997,0.218473,-386.8803,0.077316,17940609000.0,4.52314,0.057734,0.059754,0.148953,0.272228,0.763081,0.283563,12.619496,-0.121257,3699890000.0,0.071927,0.960026,1.0,1.002433,6.084,0.015,0.013149,0.012237,0.0,0.0,0.0
KOSPI,660,에스케이하이닉스(주),2024,2025,1996.0,large,manufacturing,1.693496,0.448825,119855209000.0,0.616708,0.621512,0.156277,-19.208512,0.299079,31828146000.0,17.444721,0.199285,0.195797,0.323143,0.64859,1.590755,0.450137,22.149139,-0.083426,11985337000.0,0.026449,1.440872,1.0,1.712757,6.084,0.068523,0.194608,0.577954,0.0,0.0,0.0
KOSPI,10950,에쓰-오일(주),2023,2024,1987.0,large,manufacturing,1.042492,0.212143,21576123000.0,0.418869,1.387382,0.230912,-30.002377,0.026559,2105745000.0,5.718528,0.052452,0.062782,0.125222,0.201435,0.506949,0.070695,10.662579,-0.073084,711464000.0,0.002712,2.849346,1.0,0.897995,6.374,0.430027,0.100085,-0.023019,0.0,0.0,0.0
KOSPI,95570,에이제이네트웍스(주),2023,2024,2015.0,mid_sized,it_services,0.449089,0.18082,1622157342.0,0.2587,2.865484,0.385818,-7.962649,0.01644,1001975994.0,1.279938,0.01789,0.048322,0.069152,-0.015086,-0.028987,-0.018106,-0.296225,0.021338,163432228.0,0.009157,0.83324,1.0,0.537014,6.374,0.198722,0.094983,0.009183,0.0,0.0,0.0
KOSPI,267270,에이치디건설기계(주),2023,2024,2017.0,large,manufacturing,2.168477,0.421697,3296953373.0,0.537185,0.861557,0.212638,-16.979716,0.033321,724559443.0,5.61438,0.057688,0.07802,0.10739,0.208517,0.453845,0.083183,6.944561,-0.057847,54213000.0,0.021819,2.506728,1.0,0.575093,6.374,0.48971,-0.04397,0.005045,0.0,0.0,0.0
KOSPI,12630,에이치디씨(주),2023,2024,1996.0,large,other,1.576772,0.180873,11620863118.0,0.431501,1.317494,0.23631,-15.786958,0.036041,674817981.0,3.074468,0.029679,0.026904,0.068782,0.036977,0.088957,0.041347,2.402267,-0.002698,114828000.0,0.004358,0.89432,1.0,0.082088,6.374,0.442215,0.00246,0.028715,0.0,0.0,0.0
KOSPI,294870,에이치디씨현대산업개발(주),2023,2024,2018.0,large,construction,1.58448,0.177353,7016268810.0,0.42872,1.332523,0.233287,-8.12802,0.041255,380737461.0,4.297257,0.033782,0.027837,0.078797,0.159712,0.391107,0.152755,14.084829,-0.066599,57052000.0,0.001621,1.04554,1.0,0.319894,6.374,0.694463,-0.043626,0.026029,0.0,0.0,0.0
KOSPI,89470,에이치디씨현대이피(주),2022,2023,2006.0,large,manufacturing,1.917414,0.230341,603330217.0,0.51956,0.924704,0.190232,-17.224795,0.009962,83744163.0,3.407036,0.031797,0.033791,0.0612,0.027438,0.069295,0.007604,1.329104,0.004087,9748086.0,0.003442,3.608178,1.0,0.402482,5.851,0.417935,0.03507,-0.002001,0.0,0.0,0.0
KOSPI,9540,에이치디한국조선해양(주),2022,2023,1999.0,large,it_services,1.049385,0.179414,29883476300.0,0.412005,1.427157,0.069347,-33.793239,-0.01706,366439553.0,-2.14392,-0.014426,-0.011898,-0.035014,0.026307,0.223056,0.026716,2.787199,-0.025346,411201000.0,0.005038,0.984672,1.0,0.406401,5.851,0.306294,0.09491,0.056597,0.0,1.0,1.0
KOSPI,267250,에이치디현대(주),2023,2024,2017.0,large,it_services,1.124454,0.15423,67982820888.0,0.341731,1.926278,0.209137,-284.287449,0.012813,4965260245.0,2.228298,0.014095,0.029883,0.041247,0.087928,0.276759,0.064158,4.315919,-0.046321,1534864000.0,0.039295,1.370502,1.0,0.215233,6.374,0.158793,0.036784,-0.023916,0.0,0.0,0.0
KOSPI,71970,에이치디현대마린엔진(주),2023,2024,2009.0,mid_sized,manufacturing,0.950771,0.16403,454013908.0,0.496408,1.014474,0.192548,-2.157336,0.129138,42865210.0,3.112806,0.032578,0.039481,0.065628,0.15909,0.416086,0.148453,6.316618,-0.010424,2589524.0,0.00092,1.071654,0.0,1.482262,6.374,1.0,0.090617,0.050266,0.0,0.0,0.0
KOSPI,10620,에이치디현대미포(주),2016,2017,1983.0,large,manufacturing,1.196363,0.147003,9226316948.0,0.244777,3.085353,0.321514,-21.583893,0.009385,551098869.0,6.271655,0.010345,0.022491,0.042265,0.076017,0.178561,0.12553,16.008733,-0.053118,50453000.0,0.003239,0.605568,0.0,0.595114,6.043,0.84338,-0.02243,0.003865,0.0,0.0,0.0
KOSPI,42670,에이치디현대인프라코어(주),2023,2024,2001.0,large,manufacturing,1.571149,0.132794,4418425813.0,0.410399,1.436655,0.201722,-8.084592,0.049513,1123584416.0,6.022872,0.077488,0.094664,0.188812,0.171791,0.502117,0.096046,6.444347,-0.049072,102165000.0,0.035718,1.78864,1.0,0.893821,6.374,0.323758,-0.067187,0.001249,0.0,0.0,0.0
KOSPI,267260,에이치디현대일렉트릭(주),2023,2024,2017.0,large,manufacturing,1.317561,0.1176,2910160078.0,0.363221,1.753147,0.211253,-4.864712,0.095995,610417932.0,8.032062,0.106701,0.108316,0.293763,-0.012109,-0.036499,-0.008302,-0.571761,0.096866,44411000.0,0.021113,1.458505,1.0,2.803207,6.374,0.554674,0.195123,0.019009,1.0,0.0,0.0
KOSPI,329180,에이치디현대중공업(주),2023,2024,2021.0,large,manufacturing,0.884833,0.093317,17133618109.0,0.303931,2.290219,0.117188,-10.732021,0.002064,654863515.0,1.354462,0.002006,0.010426,0.006599,0.014157,0.084089,0.014112,1.280136,-0.008413,268003000.0,0.006328,1.003165,0.0,2.19911,6.374,0.218158,0.051826,0.040985,0.0,0.0,0.0
KOSPI,2460,에이치에스화성(주),2017,2018,1988.0,mid_sized,construction,,,0.0,,,,,,0.0,1000000.0,,,,,,,1000000.0,,0.0,,,0.0,,6.229,,,,0.0,0.0,0.0
KOSPI,298050,에이치에스효성첨단소재(주),2023,2024,2018.0,large,manufacturing,0.680757,0.011614,3034402592.0,0.247197,3.04536,0.498846,-32.486754,0.014757,360592296.0,2.085594,0.024169,0.056807,0.097774,0.15449,0.233139,0.110202,4.269848,-0.100727,173511000.0,0.007278,1.401882,1.0,2.386018,6.374,0.660807,0.033969,-0.026957,0.0,0.0,0.0
KOSPI,14790,에이치엘디앤아이한라(주),2023,2024,1994.0,mid_sized,construction,1.045552,0.101932,1724300710.0,0.264222,2.784699,0.230608,-0.857711,0.019516,152603242.0,1.221526,0.019743,0.029382,0.074721,0.024068,0.076792,0.019425,0.736221,8.3e-05,17186679.0,0.002389,1.239043,1.0,0.211389,6.374,0.156176,0.034112,0.002465,0.0,0.0,0.0
KOSPI,204320,에이치엘만도(주),2023,2024,2014.0,mid_sized,manufacturing,1.238777,0.233289,6286700392.0,0.374784,1.668203,0.193197,-49.176739,0.01842,1130487845.0,2.91733,0.035903,0.044423,0.095796,0.109244,0.35353,0.05116,4.485381,-0.043709,289512635.0,0.026824,2.135349,1.0,0.784228,6.374,0.142092,0.075414,0.002682,0.0,0.0,0.0
KOSPI,60980,에이치엘홀딩스(주),2023,2024,2010.0,mid_sized,it_services,0.777148,0.250671,2298229319.0,0.439605,1.274769,0.225047,-17.340594,0.037919,224745357.0,2.524108,0.026737,0.040107,0.06082,0.02511,0.062527,0.025157,0.885598,0.007139,29843305.0,0.008702,0.99815,1.0,0.335184,6.374,0.358933,0.008055,0.035977,0.0,0.0,0.0
KOSPI,11200,에이치엠엠(주),2023,2024,1995.0,large,transport_storage,6.58534,1.623788,25713363000.0,0.833839,0.199272,0.012456,-5.223392,0.115307,974862000.0,3.692313,0.041001,0.022742,0.049171,0.463355,6.181308,0.235652,12.500117,-0.039319,872876000.0,0.001588,1.966266,1.0,0.629239,6.374,0.0,-0.010014,-0.427423,0.0,0.0,0.0
KOSPI,181710,엔에이치엔(주),2019,2020,2013.0,mid_sized,it_services,1.987134,0.858478,2500321249.0,0.731387,0.367266,0.026319,-185.935808,0.015567,1488596661.0,16.490286,0.026214,0.034666,0.035841,0.160336,1.636395,0.07234,20.487007,-0.0338,57162460.0,0.038744,2.216429,1.0,0.714684,6.092,0.681386,0.002272,-0.067266,0.0,0.0,0.0
KOSPI,79550,엘아이지넥스원(주),2023,2024,2015.0,mid_sized,manufacturing,0.956701,0.168048,3815758833.0,0.275793,2.62591,0.033436,-8.5669,0.075788,346792173.0,19.287705,0.048484,0.048844,0.175798,0.169098,3.662563,0.202413,48.35784,-0.076609,59236295.0,0.049328,0.83541,1.0,2.728156,6.374,0.845142,0.266546,0.020429,0.0,0.0,0.0
KOSPI,34220,엘지디스플레이(주),2023,2024,2004.0,large,manufacturing,0.68442,0.162587,35759298000.0,0.245266,3.077204,0.369904,-3.902268,-0.120798,345176000.0,-3.469814,-0.093387,-0.070196,-0.380756,0.06235,0.127216,0.078888,2.326072,-0.119115,4213742000.0,0.048933,0.79036,1.0,0.519759,6.374,0.141798,0.002053,0.001395,0.0,1.0,1.0
KOSPI,11070,엘지이노텍(주),2023,2024,2008.0,large,manufacturing,1.267794,0.329367,11204305524.0,0.420782,1.376525,0.19883,-38.840734,0.02743,1863315858.0,8.158452,0.057054,0.074152,0.135591,0.324214,0.94448,0.102113,20.661296,-0.137346,999822000.0,0.019788,3.175061,1.0,1.202287,6.374,0.017364,0.144042,-0.022589,0.0,0.0,0.0
KOSPI,66570,엘지전자(주),2023,2024,2002.0,large,manufacturing,1.255825,0.351301,60240793000.0,0.390077,1.563598,0.189912,-24.989097,0.013661,19802655000.0,6.203959,0.03104,0.058915,0.079574,0.160948,0.516902,0.07021,10.337262,-0.079066,2703755000.0,0.04293,2.292395,1.0,0.783405,6.374,0.061851,0.092187,-0.008661,0.0,0.0,0.0
KOSPI,10060,오씨아이홀딩스(주),2023,2024,1985.0,large,it_services,4.540975,1.379997,5956551773.0,0.64046,0.561378,0.239141,-34.632405,0.268086,710468568.0,27.280187,0.089473,0.089182,0.139701,0.314809,0.473306,0.254445,34.623033,0.006068,106774169.0,0.003789,1.237238,1.0,0.551546,6.374,0.269704,-0.116964,0.080182,0.0,0.0,0.0
KOSPI,47400,유니온머티리얼(주),2023,2024,2009.0,mid_sized,manufacturing,0.914075,0.017348,187088687.0,0.340644,1.935615,0.48283,-2.034793,-0.154978,9880215.0,-0.875495,-0.101194,-0.02495,-0.297067,0.017868,0.0244,0.018924,0.413396,-0.108261,9343030.0,0.007069,0.944164,1.0,1.914463,6.374,0.854677,-0.083639,-0.153273,0.0,1.0,0.0
KOSPI,8730,율촌화학(주),2022,2023,1988.0,mid_sized,manufacturing,1.701901,0.269846,653136153.0,0.511091,0.9566,0.277214,-21.590902,-0.008152,40025372.0,-1.254795,-0.008654,-0.007078,-0.016932,0.048174,0.084962,0.030226,4.175556,-0.029905,29113707.0,0.023687,1.593815,1.0,2.707993,5.851,0.10388,-0.020369,-0.023842,0.0,1.0,0.0
KOSPI,13360,일성건설(주),2023,2024,1989.0,mid_sized,construction,0.963481,0.114684,409313433.0,0.305503,2.273286,0.091991,-3.629224,0.006715,26377845.0,1.088358,0.01343,0.017752,0.043961,0.06344,0.478947,0.029675,2.701264,-0.034089,6529530.0,0.002215,2.137832,1.0,0.622566,6.374,0.028465,-0.00965,-0.00932,0.0,0.0,0.0
KOSPI,317400,자이에스앤디(주),2023,2024,2019.0,large,other,2.046723,0.585608,1569164881.0,0.505705,0.977436,0.083078,-15.185177,0.040005,207896535.0,8.183754,0.079835,0.080675,0.157868,0.490709,2.919613,0.160281,24.605086,-0.182014,10888047.0,0.009346,3.061555,1.0,0.31325,6.374,0.306836,-0.196408,-0.021269,0.0,0.0,0.0
KOSPI,33240,자화전자(주),2021,2022,1999.0,mid_sized,manufacturing,1.63492,0.25892,437943843.0,0.682153,0.465948,0.070098,-32.379274,0.061899,65423203.0,48.364396,0.042581,0.037256,0.062421,0.279623,1.267909,0.111896,115.378855,-0.039712,24446417.0,0.003255,2.498967,0.0,1.500931,6.246,1.0,0.23022,0.082982,0.0,0.0,0.0
KOSPI,234080,제이더블유생명과학(주),2022,2023,2016.0,mid_sized,manufacturing,1.31189,0.048969,252942118.0,0.554801,0.802449,0.204421,-2.544967,0.079189,48120700.0,8.761262,0.08216,0.107097,0.14809,0.125467,0.273248,0.074783,4.56955,0.003291,13953771.0,0.014166,1.677752,1.0,1.370958,5.851,0.419674,0.152531,0.003145,0.0,0.0,0.0
KOSPI,1060,제이더블유중외제약(주),2023,2024,1976.0,mid_sized,manufacturing,1.317726,0.055446,645038796.0,0.411511,1.43007,0.15963,-3.344394,0.051341,335542396.0,7.984895,0.085013,0.1555,0.206587,0.229604,0.846451,0.116438,6.938337,-0.075541,20483965.0,0.044884,1.971891,1.0,3.273183,6.374,0.708647,0.027176,0.007719,0.0,0.0,0.0
KOSPI,96760,제이더블유홀딩스(주),2019,2020,2007.0,mid_sized,it_services,0.905983,0.177748,1243461899.0,0.282773,2.536405,0.341248,-9.899336,-0.043551,286131263.0,0.086041,-0.020975,0.0022,-0.074176,0.11065,0.232561,0.135847,3.103156,-0.104804,32829275.0,0.059095,0.814519,1.0,1.165209,6.092,0.64577,-0.025222,-0.093786,0.0,1.0,0.0
KOSPI,1560,제일연마공업(주),2024,2025,2005.0,mid_sized,manufacturing,4.922616,1.234155,116092096.0,0.8548,0.169864,0.000118,-18.847116,0.073278,19564274.0,5956.379917,0.066119,0.049563,0.07735,0.403355,497.596751,0.082942,7038.469979,-0.006824,2735633.0,0.020235,4.863073,1.0,0.91183,6.084,0.0,0.08889,-0.054797,0.0,0.0,0.0
KOSPI,6360,지에스건설(주),2023,2024,1981.0,large,construction,1.077966,0.255215,17707298538.0,0.275884,2.624712,0.237078,-10.416394,-0.031221,262193954.0,-1.26663,-0.029224,-0.021909,-0.10593,0.03664,0.11191,0.034964,1.533879,-0.050222,167264000.0,0.023967,1.047929,1.0,0.26313,6.374,0.306387,0.044887,-0.067094,0.0,1.0,0.0
KOSPI,13870,지엠비코리아(주),2022,2023,2012.0,mid_sized,manufacturing,1.186854,0.080899,550819603.0,0.486241,1.056594,0.281077,-27.085895,0.019803,86260810.0,2.105648,0.024128,0.020194,0.049622,0.12996,0.237543,0.06024,6.962107,-0.044819,28210726.0,0.003713,2.157352,1.0,0.316885,5.851,0.824343,0.054273,4e-05,0.0,0.0,0.0
KOSPI,2780,진흥기업(주),2023,2024,1977.0,large,construction,,,0.0,,,,,,0.0,1000000.0,,,,,,,1000000.0,,0.0,,,0.0,,6.374,,,,0.0,0.0,0.0
KOSPI,25620,차에이아이헬스케어(주),2023,2024,1995.0,small_and_medium,manufacturing,2.268108,0.578167,48355454.0,0.82694,0.209277,0.041549,-16.832086,-0.39906,7980531.0,-79.096664,-0.140363,-0.21066,-0.169738,-1.178376,-4.908135,-0.578912,-76.569596,0.063355,628091.0,0.006728,2.035501,0.0,0.606771,6.374,1.0,-0.000653,3.075549,1.0,1.0,1.0
KOSPI,9310,참엔지니어링(주),2023,2024,1987.0,mid_sized,manufacturing,8.388753,0.263791,678200011.0,0.107902,8.267701,0.036861,-0.707445,-0.340371,-873659.0,-10.104102,-0.042204,-0.041418,-0.391135,-0.013758,-0.332969,-0.109158,-2.994152,-0.025997,1622451.0,0.002819,0.126038,1.0,0.477807,6.374,1.0,-0.083099,-0.327073,0.0,1.0,0.0
KOSPI,1620,케이비아이동국실업(주),2023,2024,1990.0,mid_sized,manufacturing,0.814183,0.062044,622237518.0,0.315077,2.173827,0.243361,-2.523181,0.012433,64804129.0,0.449961,0.018747,0.007236,0.059501,0.134996,0.379937,0.088592,5.749254,-0.079486,28895236.0,0.053653,1.523796,0.0,0.337763,6.374,0.681564,0.124044,0.004984,0.0,1.0,0.0
KOSPI,3620,케이지모빌리티(주),2023,2024,1975.0,mid_sized,manufacturing,1.286608,0.06552,2635399999.0,0.410829,1.434102,0.058343,-0.158239,0.002388,407465928.0,6.169282,-0.001121,0.004761,-0.00273,0.007155,0.072254,0.002973,5.462292,-0.000829,116993347.0,0.070925,2.406367,0.0,1.498827,6.374,0.294346,0.316445,0.019954,0.0,0.0,0.0
KOSPI,1390,케이지케미칼(주),2023,2024,1989.0,mid_sized,manufacturing,1.350839,0.121365,7818145771.0,0.465112,1.150019,0.198328,-50.123292,0.03926,1236213065.0,5.449586,0.05677,0.05661,0.122057,0.067622,0.182377,0.031656,3.481974,0.008689,209090911.0,0.034877,2.13616,1.0,0.12898,6.374,0.341119,0.119772,-0.104941,0.0,0.0,0.0
KOSPI,138490,코오롱이앤피(주),2023,2024,2011.0,large,manufacturing,2.596838,0.406352,362980211.0,0.776221,0.288294,0.017335,-6.414545,0.071976,79388878.0,23.782255,0.115508,0.093156,0.148808,0.573581,7.404404,0.102128,32.768586,-0.037895,14142099.0,0.013459,5.6163,1.0,1.056032,6.374,0.3643,-0.062172,0.003078,0.0,0.0,0.0
KOSPI,120110,코오롱인더스트리(주),2023,2024,2010.0,large,manufacturing,0.946574,0.072,6002718765.0,0.488055,1.048949,0.275674,-18.346002,0.010033,1321781826.0,1.454674,0.01493,0.026259,0.030591,0.130665,0.242653,0.079338,3.705684,-0.058434,241028281.0,0.013005,1.646943,1.0,0.460043,6.374,0.677116,-0.000124,-0.025209,0.0,0.0,0.0
KOSPI,15890,태경산업(주),2023,2024,1996.0,mid_sized,manufacturing,1.71199,0.35676,635637932.0,0.708012,0.412405,0.112998,-29.794304,0.055136,145102653.0,9.419355,0.075764,0.069423,0.107009,0.312805,0.808292,0.088496,12.392353,-0.03443,17927015.0,0.029937,3.53466,1.0,0.426053,6.374,0.994952,0.016957,0.004051,0.0,0.0,0.0
KOSPI,6890,태경케미컬(주),2023,2024,2003.0,mid_sized,manufacturing,5.546969,0.838447,182882307.0,0.885714,0.129033,0.0,-26.927819,0.245548,31624490.0,1877.284679,0.118403,0.097753,0.133681,0.973449,,0.287583,2136.513494,-0.016261,2298732.0,0.00385,3.384927,1.0,0.988978,6.374,,0.09254,0.099063,0.0,0.0,0.0
KOSPI,4100,태양금속공업(주),2023,2024,1976.0,mid_sized,manufacturing,0.845008,0.035345,499119800.0,0.217635,3.594859,0.338776,-4.431285,0.000118,77521856.0,1.665441,0.019905,0.044404,0.09146,-0.023479,-0.054223,-0.014856,-0.688976,0.018515,15403016.0,0.00141,1.580489,1.0,1.257529,6.374,0.895086,0.016562,0.001053,0.0,0.0,0.0
KOSPI,2900,티와이엠(주),2023,2024,1973.0,mid_sized,manufacturing,1.307421,0.104973,849110905.0,0.450668,1.218929,0.306507,-2.397638,0.07224,222723425.0,8.197619,0.083424,0.090049,0.185112,0.032298,0.057886,0.01801,1.615178,0.053422,14462086.0,0.021639,1.793303,1.0,0.649863,6.374,0.920718,0.085641,-0.011958,0.0,0.0,0.0
KOSPI,69260,티케이지휴켐스(주),2023,2024,2002.0,mid_sized,manufacturing,2.542384,0.327655,1099714172.0,0.764252,0.308469,0.01807,-19.559872,0.128029,166462704.0,522.215507,0.139499,0.110238,0.182531,0.854622,11.150035,0.210476,954.423794,-0.078921,24370564.0,0.007322,4.06043,1.0,1.045726,6.374,0.245142,,,0.0,0.0,0.0
KOSPI,7980,티피(주),2023,2024,1994.0,mid_sized,manufacturing,1.093139,0.084325,686463961.0,0.302521,2.305558,0.451204,-6.870007,0.006534,152880635.0,1.618794,0.017232,0.059108,0.05696,0.102378,0.158257,0.05327,1.955623,-0.062648,17653672.0,0.003271,1.921859,1.0,0.534276,6.374,0.568528,-0.048199,-0.01634,0.0,0.0,0.0
KOSPI,28670,팬오션(주),2023,2024,2007.0,large,transport_storage,1.358024,0.73629,7853946000.0,0.600125,0.666319,0.02326,-7.817089,0.056189,499828000.0,3.148646,0.031639,0.049129,0.05272,0.23906,4.109898,0.172161,6.126614,-0.064395,489507000.0,0.001361,1.388585,1.0,0.423609,6.374,0.352914,0.040404,-0.04927,0.0,0.0,0.0
KOSPI,1020,페이퍼코리아(주),2023,2024,1976.0,mid_sized,manufacturing,2.064951,0.740826,491668368.0,0.600312,0.665799,0.235131,-2.316655,0.04207,62841893.0,1.440804,0.020022,0.063369,0.033353,0.286955,0.487781,0.155745,2.607722,-0.083712,12667604.0,0.001527,1.842475,1.0,0.543922,6.374,0.407536,-0.020249,0.046531,0.0,0.0,0.0
KOSPI,5490,포스코홀딩스(주),2020,2021,1988.0,large,manufacturing,2.125831,0.282092,79086973226.0,0.602812,0.658891,0.215791,-97.827287,0.030941,4720405751.0,3.761814,0.025606,0.030385,0.042477,0.276507,0.508941,0.150291,13.597023,-0.087215,3156181417.0,0.044831,1.839809,1.0,0.497431,6.282,0.304366,0.000358,0.000139,0.0,0.0,0.0
KOSPI,1340,피케이씨(주),2023,2024,1976.0,mid_sized,manufacturing,0.474427,0.171133,426908196.0,0.500463,0.998149,0.324838,-8.512885,0.033097,58178010.0,2.6814,0.021777,0.041551,0.043513,0.140753,0.21645,0.128538,4.537354,-0.052207,21347590.0,0.001677,1.095029,1.0,1.637779,6.374,0.695436,0.056004,-0.064455,0.0,0.0,0.0
KOSPI,80,하이트진로(주),2023,2024,2009.0,mid_sized,manufacturing,0.651971,0.166395,3358347206.0,0.332269,2.009607,0.23216,-2.025347,0.014091,1114002040.0,2.452361,0.020384,0.036899,0.061348,0.073321,0.210883,0.065241,3.253838,-0.038384,138991111.0,0.034056,1.123841,1.0,1.437024,6.374,0.564297,0.007472,-0.02067,0.0,0.0,0.0
KOSPI,140,하이트진로홀딩스(주),2023,2024,1973.0,mid_sized,it_services,0.504958,0.12821,3979751149.0,0.27769,2.60114,0.331599,-8.334879,0.007306,1122470079.0,1.735948,0.013611,0.034694,0.049015,0.047311,0.103057,0.054252,1.709909,-0.029571,139737872.0,0.003397,0.872071,1.0,0.186826,6.374,0.651654,0.008809,-0.021696,0.0,0.0,0.0
KOSPI,36460,한국가스공사(주),2023,2024,1999.0,mid_sized,other,0.772402,0.034591,57254666338.0,0.17162,4.826831,0.624751,-20.288525,-0.016775,1957123074.0,0.926731,-0.015053,0.027132,-0.087713,0.124093,0.164539,0.132093,3.511175,-0.115851,1887118244.0,0.027119,0.939433,1.0,0.23205,6.374,0.411102,-0.082824,-0.045717,0.0,1.0,0.0
KOSPI,5430,한국공항(주),2023,2024,1976.0,large,transport_storage,2.83281,0.553432,476851540.0,0.730779,0.368404,0.0,-21.010981,0.057685,64903695.0,30.437475,0.083668,0.071236,0.114492,0.286571,,0.067538,32.964798,-0.011255,22029931.0,0.004299,4.243114,0.0,0.449775,6.374,,0.132408,0.043268,0.0,0.0,0.0
KOSPI,25540,한국단자공업(주),2023,2024,1996.0,mid_sized,manufacturing,1.896882,0.248457,1425051765.0,0.653845,0.529414,0.097672,-177.927187,0.056175,204820384.0,16.084315,0.070186,0.078415,0.107344,0.276254,0.979057,0.105073,19.614766,-0.044501,64743115.0,0.006389,2.629172,1.0,0.83833,6.374,0.872513,0.104883,0.014545,0.0,0.0,0.0
KOSPI,10100,한국무브넥스(주),2019,2020,1987.0,mid_sized,manufacturing,1.02849,0.100211,652275270.0,0.349747,1.859211,0.195279,-6.491891,0.011446,67380049.0,1.974051,0.031944,0.022785,0.091335,0.126831,0.422329,0.056386,7.145204,-0.065731,31824282.0,0.005841,2.249328,0.0,0.293651,6.092,0.696042,0.018208,0.012742,0.0,0.0,0.0
KOSPI,4090,한국석유공업(주),2024,2025,1977.0,mid_sized,manufacturing,1.231699,0.114502,384404536.0,0.513983,0.94559,0.301002,-30.128957,0.017875,61709714.0,2.42955,0.031036,0.036204,0.060382,0.070316,0.113536,0.018216,2.293391,-0.00064,5548891.0,0.012919,3.860125,1.0,0.850012,6.084,0.922184,0.085943,-0.003851,0.0,0.0,0.0
KOSPI,2960,한국쉘석유(주),2018,2019,1988.0,mid_sized,manufacturing,,,0.0,,,,,,0.0,1000000.0,,,,,,,1000000.0,,0.0,,,0.0,,6.168,,,,0.0,0.0,0.0
KOSPI,71320,한국지역난방공사,2023,2024,2010.0,mid_sized,other,0.443546,0.006963,7968409129.0,0.262693,2.806728,0.404874,-35.15666,0.05043,413471894.0,3.568785,0.029171,0.039496,0.111046,-0.024136,-0.043954,-0.035866,-1.608008,0.042818,303535793.0,0.008761,0.672951,1.0,0.135245,6.374,0.16738,0.065562,0.094518,0.0,0.0,0.0
KOSPI,104700,한국철강(주),2023,2024,2008.0,mid_sized,manufacturing,,,0.0,,,,,,0.0,1000000.0,,,,,,,1000000.0,,0.0,,,0.0,,6.374,,,,0.0,0.0,0.0
KOSPI,161890,한국콜마(주),2023,2024,2012.0,mid_sized,manufacturing,0.699825,0.1333,3009429378.0,0.471382,1.121423,0.198867,-122.996239,0.011662,578125987.0,3.022183,0.01141,0.045239,0.024206,0.070555,0.187546,0.052068,2.491597,-0.028943,72651859.0,0.070531,1.355056,1.0,0.864542,6.374,0.668381,0.02595,0.01386,0.0,0.0,0.0
KOSPI,161390,한국타이어앤테크놀로지(주),2024,2025,2012.0,large,manufacturing,1.973027,0.510509,15849744510.0,0.706311,0.415806,0.070942,-179.744242,0.120177,3468010156.0,39.720104,0.099296,0.111185,0.140584,0.405189,1.677427,0.200395,42.511619,-0.047636,496555867.0,0.005653,2.021948,1.0,0.42491,6.084,0.869265,0.241821,0.038653,0.0,0.0,0.0
KOSPI,47810,한국항공우주산업(주),2023,2024,2011.0,mid_sized,manufacturing,1.063782,0.149562,7139576929.0,0.226896,3.407308,0.032358,-2.323804,0.057968,463850368.0,8.508912,0.037637,0.034667,0.16588,-0.126894,-3.031745,-0.183384,-24.078593,0.129112,90709907.0,0.112053,0.691956,1.0,3.008601,6.374,0.092631,-0.08142,0.016374,0.0,0.0,0.0
KOSPI,128940,한미약품(주),2022,2023,2010.0,mid_sized,manufacturing,1.025726,0.217701,1924585731.0,0.524386,0.906991,0.304741,-31.772497,0.076271,718553060.0,6.980592,0.062877,0.082143,0.119906,0.177274,0.276674,0.121865,7.165102,-0.031545,84355113.0,0.043951,1.454671,1.0,3.637196,5.851,0.629327,-0.00627,0.008552,0.0,0.0,0.0
KOSPI,105630,한세실업(주),2023,2024,2009.0,mid_sized,manufacturing,1.356866,0.143734,1237247611.0,0.520263,0.922104,0.328138,-31.184718,0.065565,320798861.0,6.270503,0.113902,0.135967,0.218931,0.320122,0.468017,0.111198,7.082506,-0.063022,31264710.0,0.002656,2.87886,1.0,1.308074,6.374,0.892703,-0.001585,0.026724,0.0,0.0,0.0
KOSPI,16450,한세예스24홀딩스(주),2023,2024,2000.0,mid_sized,manufacturing,0.983955,0.100496,2152345947.0,0.447724,1.233519,0.317569,-47.182836,0.040077,700986720.0,4.540572,0.061591,0.088157,0.137565,0.188557,0.327914,0.080602,5.363531,-0.052358,45921049.0,0.02055,2.339343,1.0,0.203392,6.374,0.934513,0.056644,0.025182,0.0,0.0,0.0
KOSPI,9180,한솔로지스틱스(주),2014,2015,1989.0,large,transport_storage,1.424066,0.318702,178713372.0,0.600539,0.665172,0.001941,-3.362074,0.002341,28488623.0,48.821649,0.018317,0.031673,0.030501,0.176233,36.277638,0.028661,108.513757,-0.064648,2623843.0,0.031977,6.148817,1.0,1.028732,5.726,1.0,-0.0387,0.008106,0.0,0.0,0.0
KOSPI,7190,한솔아트원제지(주),2015,2016,1974.0,large,manufacturing,,,0.0,,,,,,0.0,1000000.0,,,,,,,1000000.0,,0.0,,,0.0,,5.913,,,,0.0,0.0,0.0
KOSPI,213500,한솔제지(주),2023,2024,2015.0,mid_sized,manufacturing,0.982536,0.10035,2074407699.0,0.349064,1.864806,0.274345,-5.084211,0.000803,355924520.0,1.02545,0.001216,0.022774,0.003482,0.176602,0.419021,0.108685,5.176065,-0.114107,77284000.0,0.01039,1.624892,1.0,0.349758,6.374,0.296,-0.061361,-0.02923,0.0,0.0,0.0
KOSPI,4710,한솔테크닉스(주),2023,2024,1988.0,mid_sized,manufacturing,1.148925,0.35266,954035007.0,0.497544,1.009871,0.195344,-1.956565,0.029918,174864166.0,3.904041,0.045986,0.051295,0.092425,0.341782,0.879118,0.125769,13.07026,-0.130879,32798288.0,0.058606,2.717537,1.0,0.469464,6.374,0.523237,-0.109977,0.010112,0.0,0.0,0.0
KOSPI,4150,한솔홀딩스(주),2016,2017,1972.0,mid_sized,it_services,0.706842,0.052378,2006748728.0,0.309519,2.230817,0.056347,-1.679591,-0.009726,138081292.0,1.091526,0.007519,0.031068,0.024293,0.011893,0.145743,0.020739,0.288519,-0.012063,39102000.0,0.007134,0.573488,1.0,0.500076,6.043,0.467838,0.016519,0.00184,0.0,0.0,0.0
KOSPI,4960,한신공영(주),2023,2024,1976.0,mid_sized,construction,1.495776,0.209131,2468946950.0,0.304961,2.279106,0.266427,-12.010458,0.018082,89166421.0,0.333963,0.007928,0.005976,0.025996,-0.065374,-0.170544,-0.085701,-2.539095,0.055024,8705623.0,0.000958,0.762819,1.0,0.110988,6.374,0.27136,0.050885,-0.014651,1.0,1.0,0.0
KOSPI,18880,한온시스템(주),2023,2024,1996.0,mid_sized,manufacturing,1.033769,0.21771,9244404434.0,0.271352,2.685252,0.394469,-45.993005,0.00616,908182409.0,1.493486,0.015642,0.029994,0.057644,0.076806,0.141873,0.054121,2.786598,-0.049594,418120999.0,0.133548,1.419157,1.0,1.551295,6.374,0.265308,0.016004,0.003061,0.0,0.0,0.0
KOSPI,300720,한일시멘트(주),2023,2024,2018.0,mid_sized,manufacturing,1.598429,0.365148,2867925364.0,0.599464,0.668156,0.182945,-48.644248,0.098756,455333547.0,10.452684,0.078777,0.085956,0.131412,0.214385,0.46937,0.136852,10.442057,-0.023903,57410499.0,0.044347,1.566545,1.0,0.515266,6.374,0.127159,0.165427,0.039856,0.0,0.0,0.0
KOSPI,6390,한일현대시멘트(주),2023,2024,1975.0,mid_sized,manufacturing,,,0.0,,,,,,0.0,1000000.0,,,,,,,1000000.0,,0.0,,,0.0,,6.374,,,,0.0,0.0,0.0
KOSPI,3300,한일홀딩스(주),2023,2024,1969.0,mid_sized,manufacturing,1.666005,0.403139,3559790251.0,0.617403,0.619688,0.172465,-64.882931,0.076311,495020574.0,9.115199,0.068914,0.073607,0.11162,0.199408,0.442368,0.11493,9.447752,-0.025636,72000284.0,0.06033,1.735035,1.0,0.156702,6.374,0.235891,0.089273,0.010534,0.0,0.0,0.0
KOSPI,51600,한전케이피에스(주),2023,2024,2007.0,mid_sized,construction,3.0373,0.153929,1597333551.0,0.7967,0.255177,0.0,-140.399601,0.106058,282924641.0,244.016818,0.132043,0.124818,0.165738,-0.117329,,-0.02484,-46.63189,0.125696,49654668.0,0.005392,4.723361,1.0,1.204035,6.374,,0.022606,0.035956,0.0,0.0,0.0
KOSPI,9830,한화솔루션(주),2023,2024,1974.0,large,manufacturing,1.132159,0.254403,24492909474.0,0.367884,1.718249,0.347398,-9.140515,-0.011683,2238876998.0,1.452718,-0.004166,0.024682,-0.011324,0.033454,0.060873,0.038977,1.244673,-0.027486,612839069.0,0.021816,0.858315,0.0,0.764824,6.374,0.346353,0.027745,-0.038491,0.0,0.0,0.0
KOSPI,272210,한화시스템(주),2023,2024,2019.0,large,manufacturing,0.9686,0.243971,4483210825.0,0.480487,1.08122,0.040672,-1.280471,0.139858,304309139.0,6.471983,0.092221,0.020715,0.191932,0.035792,0.457179,0.033983,5.809424,0.057932,98699545.0,0.052312,1.053238,1.0,1.522492,6.374,0.725791,0.136248,0.176769,0.0,0.0,0.0
KOSPI,12450,한화에어로스페이스(주),2023,2024,1987.0,large,manufacturing,0.761145,0.149575,19542899926.0,0.239689,3.172067,0.142104,-16.633071,0.104383,2137801224.0,4.070739,0.062159,0.035364,0.259332,0.093563,0.500596,0.148544,8.188544,-0.021148,260812297.0,0.060816,0.629868,1.0,1.345673,6.374,0.49459,0.289339,0.081135,0.0,0.0,0.0
KOSPI,82740,한화엔진(주),2018,2019,2011.0,mid_sized,manufacturing,0.574885,0.121989,743406486.0,0.310771,2.217806,0.057413,-6.012109,-0.036535,1859678.0,-2.070944,-0.039803,-0.04752,-0.128078,0.035986,0.432008,0.036062,1.080905,-0.049931,14962321.0,0.008156,0.997901,0.0,0.752983,6.168,1.0,-0.396266,-0.023082,0.0,1.0,0.0
KOSPI,42660,한화오션(주),2023,2024,2001.0,large,manufacturing,1.235685,0.241212,13944772692.0,0.309231,2.233828,0.155697,-1.805943,0.021603,98808451.0,-1.235582,-0.008339,-0.014091,-0.026965,-0.201311,-0.893145,-0.261754,-12.193415,0.150537,145730000.0,0.000312,0.769086,0.0,1.783239,6.374,0.223728,0.139682,0.3806,1.0,1.0,1.0
KOSPI,101530,해태제과식품(주),2023,2024,2016.0,mid_sized,manufacturing,0.532692,0.044868,684971451.0,0.391693,1.553018,0.280368,-17.429123,0.034733,215747886.0,3.778934,0.040784,0.066753,0.104122,0.139979,0.303708,0.093341,4.820406,-0.053465,29866215.0,0.004787,1.499657,1.0,0.586029,6.374,0.412896,-0.00909,0.038542,0.0,0.0,0.0
KOSPI,143210,핸즈코퍼레이션(주),2021,2022,2016.0,mid_sized,manufacturing,0.808574,0.099516,894964069.0,0.292783,2.415498,0.500149,-22.969913,-0.113747,17634744.0,-6.383454,-0.078909,-0.056012,-0.269512,-0.140675,-0.198916,-0.15837,-11.338197,0.028032,38612873.0,0.000749,0.888266,0.0,0.444875,6.246,0.785848,0.060213,-0.099457,1.0,1.0,1.0
KOSPI,720,현대건설(주),2024,2025,1984.0,large,construction,1.438965,0.349867,27005385000.0,0.358055,1.792867,0.084164,-16.203769,-0.023453,-216933000.0,-12.565592,-0.036501,-0.046784,-0.101942,-0.006853,-0.052268,-0.003636,-1.181549,-0.023974,211390000.0,0.004891,1.884536,1.0,0.295284,6.084,0.327632,0.138771,-0.045519,1.0,1.0,0.0
KOSPI,86280,현대글로비스(주),2023,2024,2005.0,large,transport_storage,1.963368,0.512907,14725019904.0,0.528619,0.891722,0.12948,-414.142593,0.041665,2091468725.0,9.159462,0.098705,0.105537,0.186723,0.323041,1.176056,0.087305,13.215882,-0.079604,538221454.0,0.007225,3.700164,1.0,0.922575,6.374,0.549235,0.06105,-0.002543,0.0,0.0,0.0
KOSPI,64350,현대로템(주),2023,2024,2013.0,large,manufacturing,1.151497,0.123614,5241484775.0,0.314219,2.18249,0.062795,-2.018035,0.043703,464398450.0,7.27479,0.034502,0.040074,0.109802,0.204254,2.230646,0.20466,25.428131,-0.110162,27384816.0,0.017577,0.998017,0.0,1.762737,6.374,0.250954,0.086573,-0.017794,0.0,0.0,0.0
KOSPI,12330,현대모비스(주),2023,2024,1989.0,large,manufacturing,2.121092,0.421429,58585845000.0,0.693944,0.441038,0.02134,-81.78483,0.057773,6762174000.0,15.29068,0.075869,0.039178,0.10933,0.297963,4.273387,0.090164,35.59144,-0.032761,852281000.0,0.006504,3.30466,1.0,0.545985,6.374,0.446192,0.057378,0.009855,0.0,0.0,0.0
KOSPI,4560,현대비앤지스틸(주),2024,2025,1987.0,large,manufacturing,2.411986,0.257401,753622047.0,0.684837,0.460201,0.071949,-5.79597,0.031394,78334921.0,5.716868,0.042834,0.04064,0.062546,0.31347,1.373102,0.093608,13.897535,-0.065661,16143833.0,0.035738,3.348761,0.0,0.329313,6.084,0.002263,-0.049118,0.060285,0.0,0.0,0.0
KOSPI,17800,현대엘리베이터(주),2023,2024,1996.0,mid_sized,manufacturing,1.008995,0.290601,3535433379.0,0.387949,1.577661,0.259689,-5.462462,0.119077,438893113.0,1.786933,0.113598,0.023369,0.292817,0.022845,0.053841,0.018997,1.06914,0.07366,48624269.0,0.031114,1.202523,1.0,1.264063,6.374,0.502074,0.17282,0.082337,0.0,0.0,0.0
KOSPI,307950,현대오토에버(주),2023,2024,2019.0,large,it_services,1.986753,0.522939,2843057165.0,0.560071,0.785489,0.017587,-115.125549,0.045779,339217687.0,29.897253,0.063923,0.063809,0.114134,0.167014,4.177832,0.068154,34.425676,-0.024122,71538590.0,0.099965,2.450552,1.0,3.642609,6.374,0.0,0.08537,0.003604,0.0,0.0,0.0
KOSPI,11210,현대위아(주),2024,2025,2011.0,large,manufacturing,1.652823,0.315992,7075991000.0,0.569008,0.757443,0.088489,-28.610583,0.015826,537401000.0,3.59873,0.025079,0.030923,0.044075,0.194114,0.945441,0.072362,9.736324,-0.065364,241917000.0,0.016474,2.682529,1.0,0.255315,6.084,0.244381,0.036638,0.009709,0.0,0.0,0.0
KOSPI,5380,현대자동차(주),2023,2024,1974.0,large,manufacturing,0.798833,0.26126,282463355000.0,0.360434,1.774432,0.353444,-67.374694,0.075446,33484396000.0,27.131897,0.062375,0.053553,0.173055,-0.013942,-0.025229,-0.015484,-4.517696,0.052365,3283730000.0,0.019534,0.900415,1.0,0.548019,6.374,0.090505,0.104484,0.019431,0.0,0.0,0.0
KOSPI,4020,현대제철(주),2023,2024,1987.0,large,manufacturing,1.497161,0.173562,35218841930.0,0.553567,0.806465,0.202491,-28.219357,0.017094,2132493908.0,1.928557,0.015108,0.022668,0.027292,0.123921,0.27321,0.075185,4.706839,-0.042744,1554871881.0,0.016351,1.648224,1.0,0.249834,6.374,0.180697,-0.042991,-0.020879,0.0,0.0,0.0
KOSPI,11760,현대코퍼레이션(주),2022,2023,1977.0,mid_sized,wholesale_retail,1.263968,0.365247,1831301802.0,0.238407,3.194516,0.362478,-5.600581,0.012843,158719048.0,3.400891,0.049439,0.036492,0.207372,0.277085,0.582177,0.063074,19.666822,-0.168059,6136000.0,0.005324,4.393013,1.0,0.490866,5.851,0.438332,0.072578,0.002795,0.0,0.0,0.0
KOSPI,94280,효성아이티엑스(주),2023,2024,2007.0,large,it_services,0.99184,0.046383,176284814.0,0.398299,1.510679,0.0,-10.299324,0.02894,50495302.0,13.621788,0.103472,0.10886,0.259786,0.38256,,0.080549,28.803701,-0.147484,27812042.0,0.031945,4.749421,1.0,2.200132,6.374,,-0.00302,-0.000245,0.0,0.0,0.0
KOSPI,298040,효성중공업(주),2023,2024,2018.0,large,manufacturing,0.836366,0.098811,4761300218.0,0.257106,2.889445,0.20824,-25.256702,0.030676,637542682.0,2.789749,0.035634,0.054153,0.138596,0.12854,0.458563,0.105722,4.91937,-0.067784,54258000.0,0.008886,1.215833,0.0,1.233209,6.374,0.598315,0.014452,0.022377,0.0,0.0,0.0
KOSPI,298020,효성티앤씨(주),2020,2021,2018.0,large,manufacturing,0.755599,0.072681,2824127678.0,0.253302,2.947864,0.478632,-32.059536,0.032601,498520053.0,5.047425,0.079159,0.094387,0.312507,0.267842,0.417852,0.109427,10.695088,-0.140414,211197000.0,0.008487,2.447689,1.0,1.276485,6.282,0.779514,-0.124113,0.012206,0.0,0.0,0.0
KOSPI,298000,효성화학(주),2023,2024,2018.0,large,manufacturing,0.325596,0.024594,3115610853.0,0.019862,49.346284,0.501513,-2.264067,-0.124269,-77793612.0,-1.091154,-0.119364,-0.06061,-6.009554,0.025351,0.049544,0.027731,0.447321,-0.136194,245271000.0,0.009617,0.914171,0.0,5.269499,6.374,0.440965,-0.004953,0.01777,0.0,1.0,1.0
KOSPI,3280,흥아해운(주),2020,2021,1976.0,mid_sized,transport_storage,0.386692,0.032147,286775958.0,-0.091653,-11.910723,0.050919,1.450326,-0.572039,7345983.0,-0.376437,-0.186693,-0.020216,2.03695,-0.012644,-0.271068,-0.044505,-0.25701,-0.163606,14091077.0,0.000945,0.284095,0.0,-1.145836,6.282,0.857767,-0.334569,-0.069365,1.0,1.0,1.0
