market,stock_code,corp_name,fiscal_year,eval_year,firm_size_group,industry_macro_category,label_eval_year,split,is_speculative,prob_speculative,pred_label_0_5,pred_label_tuned,predicted_label,threshold_default,threshold_tuned,threshold,risk_band
KOSDAQ,250,삼천당제약(주),2016,2017,mid_sized,manufacturing,2017,train,0,0.004288198,0,0,0,0.5,0.5242080092430115,0.5242080092430115,안정
KOSDAQ,250,삼천당제약(주),2017,2018,mid_sized,manufacturing,2018,train,0,0.0033091593,0,0,0,0.5,0.5242080092430115,0.5242080092430115,안정
KOSDAQ,250,삼천당제약(주),2018,2019,mid_sized,manufacturing,2019,train,0,0.0022918743,0,0,0,0.5,0.5242080092430115,0.5242080092430115,안정
KOSDAQ,250,삼천당제약(주),2019,2020,mid_sized,manufacturing,2020,train,0,0.0050157686,0,0,0,0.5,0.5242080092430115,0.5242080092430115,안정
KOSDAQ,250,삼천당제약(주),2020,2021,mid_sized,manufacturing,2021,train,0,0.010746781,0,0,0,0.5,0.5242080092430115,0.5242080092430115,안정
KOSDAQ,250,삼천당제약(주),2021,2022,mid_sized,manufacturing,2022,train,0,0.10098469,0,0,0,0.5,0.5242080092430115,0.5242080092430115,안정
KOSDAQ,1540,안국약품(주),2016,2017,mid_sized,manufacturing,2017,train,0,0.057681587,0,0,0,0.5,0.5242080092430115,0.5242080092430115,안정
KOSDAQ,1540,안국약품(주),2017,2018,mid_sized,manufacturing,2018,train,0,0.016559528,0,0,0,0.5,0.5242080092430115,0.5242080092430115,안정
KOSDAQ,1540,안국약품(주),2018,2019,mid_sized,manufacturing,2019,train,0,0.023786323,0,0,0,0.5,0.5242080092430115,0.5242080092430115,안정
KOSDAQ,1540,안국약품(주),2019,2020,mid_sized,manufacturing,2020,train,0,0.060556415,0,0,0,0.5,0.5242080092430115,0.5242080092430115,안정
KOSDAQ,1540,안국약품(주),2020,2021,mid_sized,manufacturing,2021,train,0,0.091076076,0,0,0,0.5,0.5242080092430115,0.5242080092430115,안정
KOSDAQ,1540,안국약품(주),2021,2022,mid_sized,manufacturing,2022,train,0,0.11018497,0,0,0,0.5,0.5242080092430115,0.5242080092430115,안정
KOSDAQ,1840,이화공영(주),2014,2015,small_and_medium,construction,2015,train,0,0.11646093,0,0,0,0.5,0.5242080092430115,0.5242080092430115,안정
KOSDAQ,1840,이화공영(주),2015,2016,small_and_medium,construction,2016,train,0,0.11646093,0,0,0,0.5,0.5242080092430115,0.5242080092430115,안정
KOSDAQ,1840,이화공영(주),2016,2017,small_and_medium,construction,2017,train,0,0.11646093,0,0,0,0.5,0.5242080092430115,0.5242080092430115,안정
KOSDAQ,1840,이화공영(주),2017,2018,small_and_medium,construction,2018,train,0,0.11118411,0,0,0,0.5,0.5242080092430115,0.5242080092430115,안정
KOSDAQ,1840,이화공영(주),2018,2019,mid_sized,construction,2019,train,0,0.12500992,0,0,0,0.5,0.5242080092430115,0.5242080092430115,안정
KOSDAQ,1840,이화공영(주),2019,2020,mid_sized,construction,2020,train,0,0.12500992,0,0,0,0.5,0.5242080092430115,0.5242080092430115,안정
KOSDAQ,1840,이화공영(주),2020,2021,mid_sized,construction,2021,train,0,0.12500992,0,0,0,0.5,0.5242080092430115,0.5242080092430115,안정
KOSDAQ,1840,이화공영(주),2021,2022,mid_sized,construction,2022,train,0,0.12500992,0,0,0,0.5,0.5242080092430115,0.5242080092430115,안정
KOSDAQ,2290,(주)삼일기업공사,2016,2017,small_and_medium,construction,2017,train,0,0.10685245,0,0,0,0.5,0.5242080092430115,0.5242080092430115,안정
KOSDAQ,2290,(주)삼일기업공사,2017,2018,small_and_medium,construction,2018,train,0,0.10196082,0,0,0,0.5,0.5242080092430115,0.5242080092430115,안정
KOSDAQ,2290,(주)삼일기업공사,2018,2019,small_and_medium,construction,2019,train,0,0.10196082,0,0,0,0.5,0.5242080092430115,0.5242080092430115,안정
KOSDAQ,2290,(주)삼일기업공사,2019,2020,small_and_medium,construction,2020,train,0,0.10196082,0,0,0,0.5,0.5242080092430115,0.5242080092430115,안정
KOSDAQ,2290,(주)삼일기업공사,2020,2021,small_and_medium,construction,2021,train,0,0.10196082,0,0,0,0.5,0.5242080092430115,0.5242080092430115,안정
KOSDAQ,2290,(주)삼일기업공사,2021,2022,small_and_medium,construction,2022,train,0,0.10196082,0,0,0,0.5,0.5242080092430115,0.5242080092430115,안정
KOSDAQ,3380,(주)하림지주,2020,2021,large,it_services,2021,train,0,0.018284772,0,0,0,0.5,0.5242080092430115,0.5242080092430115,안정
KOSDAQ,3380,(주)하림지주,2021,2022,large,it_services,2022,train,0,0.04503542,0,0,0,0.5,0.5242080092430115,0.5242080092430115,안정
KOSDAQ,3800,(주)에이스침대,2017,2018,mid_sized,manufacturing,2018,train,0,0.0036849738,0,0,0,0.5,0.5242080092430115,0.5242080092430115,안정
KOSDAQ,3800,(주)에이스침대,2018,2019,mid_sized,manufacturing,2019,train,0,0.5592584,1,1,1,0.5,0.5242080092430115,0.5242080092430115,관찰
KOSDAQ,3800,(주)에이스침대,2019,2020,mid_sized,manufacturing,2020,train,0,0.3581433,0,0,0,0.5,0.5242080092430115,0.5242080092430115,관찰
KOSDAQ,3800,(주)에이스침대,2020,2021,mid_sized,manufacturing,2021,train,0,0.0043933545,0,0,0,0.5,0.5242080092430115,0.5242080092430115,안정
KOSDAQ,3800,(주)에이스침대,2021,2022,mid_sized,manufacturing,2022,train,0,0.0031765732,0,0,0,0.5,0.5242080092430115,0.5242080092430115,안정
KOSDAQ,5160,동국산업(주),2014,2015,mid_sized,manufacturing,2015,train,0,0.114265166,0,0,0,0.5,0.5242080092430115,0.5242080092430115,안정
KOSDAQ,5160,동국산업(주),2015,2016,mid_sized,manufacturing,2016,train,0,0.048716288,0,0,0,0.5,0.5242080092430115,0.5242080092430115,안정
KOSDAQ,5160,동국산업(주),2016,2017,mid_sized,manufacturing,2017,train,0,0.04161506,0,0,0,0.5,0.5242080092430115,0.5242080092430115,안정
KOSDAQ,5160,동국산업(주),2017,2018,mid_sized,manufacturing,2018,train,0,0.018118693,0,0,0,0.5,0.5242080092430115,0.5242080092430115,안정
KOSDAQ,5160,동국산업(주),2018,2019,mid_sized,manufacturing,2019,train,0,0.05628891,0,0,0,0.5,0.5242080092430115,0.5242080092430115,안정
KOSDAQ,5160,동국산업(주),2019,2020,mid_sized,manufacturing,2020,train,0,0.021586772,0,0,0,0.5,0.5242080092430115,0.5242080092430115,안정
KOSDAQ,5160,동국산업(주),2020,2021,mid_sized,manufacturing,2021,train,0,0.017697537,0,0,0,0.5,0.5242080092430115,0.5242080092430115,안정
KOSDAQ,5160,동국산업(주),2021,2022,mid_sized,manufacturing,2022,train,0,0.03238671,0,0,0,0.5,0.5242080092430115,0.5242080092430115,안정
KOSDAQ,6140,(주)피제이전자,2018,2019,mid_sized,manufacturing,2019,train,0,0.35402805,0,0,0,0.5,0.5242080092430115,0.5242080092430115,관찰
KOSDAQ,6140,(주)피제이전자,2019,2020,mid_sized,manufacturing,2020,train,0,0.35402805,0,0,0,0.5,0.5242080092430115,0.5242080092430115,관찰
KOSDAQ,6140,(주)피제이전자,2020,2021,mid_sized,manufacturing,2021,train,0,0.35402805,0,0,0,0.5,0.5242080092430115,0.5242080092430115,관찰
KOSDAQ,6140,(주)피제이전자,2021,2022,mid_sized,manufacturing,2022,train,0,0.35402805,0,0,0,0.5,0.5242080092430115,0.5242080092430115,관찰
KOSDAQ,6620,(주)동구바이오제약,2019,2020,mid_sized,manufacturing,2020,train,0,0.5792649,1,1,1,0.5,0.5242080092430115,0.5242080092430115,관찰
KOSDAQ,7390,(주)네이처셀,2018,2019,small_and_medium,manufacturing,2019,train,1,0.50230914,1,0,0,0.5,0.5242080092430115,0.5242080092430115,관찰
KOSDAQ,7680,(주)대원,2018,2019,mid_sized,construction,2019,train,0,0.03055547,0,0,0,0.5,0.5242080092430115,0.5242080092430115,안정
KOSDAQ,7680,(주)대원,2020,2021,mid_sized,construction,2021,train,0,0.21162944,0,0,0,0.5,0.5242080092430115,0.5242080092430115,안정
KOSDAQ,7680,(주)대원,2021,2022,mid_sized,construction,2022,train,0,0.044083867,0,0,0,0.5,0.5242080092430115,0.5242080092430115,안정
KOSDAQ,7770,한일화학공업(주),2018,2019,small_and_medium,manufacturing,2019,train,0,0.14923105,0,0,0,0.5,0.5242080092430115,0.5242080092430115,안정
KOSDAQ,7770,한일화학공업(주),2019,2020,small_and_medium,manufacturing,2020,train,0,0.12830491,0,0,0,0.5,0.5242080092430115,0.5242080092430115,안정
KOSDAQ,7770,한일화학공업(주),2020,2021,small_and_medium,manufacturing,2021,train,0,0.21099688,0,0,0,0.5,0.5242080092430115,0.5242080092430115,안정
KOSDAQ,7770,한일화학공업(주),2021,2022,mid_sized,manufacturing,2022,train,0,0.23848823,0,0,0,0.5,0.5242080092430115,0.5242080092430115,안정
KOSDAQ,7820,(주)에스엠코어,2014,2015,small_and_medium,manufacturing,2015,train,0,0.013349934,0,0,0,0.5,0.5242080092430115,0.5242080092430115,안정
KOSDAQ,7820,(주)에스엠코어,2015,2016,small_and_medium,manufacturing,2016,train,0,0.04228122,0,0,0,0.5,0.5242080092430115,0.5242080092430115,안정
KOSDAQ,7820,(주)에스엠코어,2016,2017,large,manufacturing,2017,train,0,0.3662055,0,0,0,0.5,0.5242080092430115,0.5242080092430115,관찰
KOSDAQ,7820,(주)에스엠코어,2017,2018,large,manufacturing,2018,train,0,0.18307117,0,0,0,0.5,0.5242080092430115,0.5242080092430115,안정
KOSDAQ,7820,(주)에스엠코어,2018,2019,large,manufacturing,2019,train,0,0.027082814,0,0,0,0.5,0.5242080092430115,0.5242080092430115,안정
KOSDAQ,7820,(주)에스엠코어,2019,2020,large,manufacturing,2020,train,0,0.022226546,0,0,0,0.5,0.5242080092430115,0.5242080092430115,안정
KOSDAQ,7820,(주)에스엠코어,2020,2021,large,manufacturing,2021,train,0,0.070279494,0,0,0,0.5,0.5242080092430115,0.5242080092430115,안정
KOSDAQ,7820,(주)에스엠코어,2021,2022,large,manufacturing,2022,train,0,0.21509099,0,0,0,0.5,0.5242080092430115,0.5242080092430115,안정
KOSDAQ,8470,(주)부-스타,2021,2022,small_and_medium,manufacturing,2022,train,0,0.5056385,1,0,0,0.5,0.5242080092430115,0.5242080092430115,관찰
KOSDAQ,9520,(주)포스코엠텍,2015,2016,large,manufacturing,2016,train,0,0.34855375,0,0,0,0.5,0.5242080092430115,0.5242080092430115,안정
KOSDAQ,9520,(주)포스코엠텍,2016,2017,large,manufacturing,2017,train,0,0.074941605,0,0,0,0.5,0.5242080092430115,0.5242080092430115,안정
KOSDAQ,9520,(주)포스코엠텍,2017,2018,large,manufacturing,2018,train,0,0.22999159,0,0,0,0.5,0.5242080092430115,0.5242080092430115,안정
KOSDAQ,9520,(주)포스코엠텍,2018,2019,large,manufacturing,2019,train,0,0.08563909,0,0,0,0.5,0.5242080092430115,0.5242080092430115,안정
KOSDAQ,9520,(주)포스코엠텍,2019,2020,large,manufacturing,2020,train,0,0.08563909,0,0,0,0.5,0.5242080092430115,0.5242080092430115,안정
KOSDAQ,9520,(주)포스코엠텍,2020,2021,large,manufacturing,2021,train,0,0.08563909,0,0,0,0.5,0.5242080092430115,0.5242080092430115,안정
KOSDAQ,9520,(주)포스코엠텍,2021,2022,large,manufacturing,2022,train,0,0.08563909,0,0,0,0.5,0.5242080092430115,0.5242080092430115,안정
KOSDAQ,9620,삼보산업(주),2020,2021,mid_sized,manufacturing,2021,train,1,0.9138369,1,1,1,0.5,0.5242080092430115,0.5242080092430115,고위험
KOSDAQ,9620,삼보산업(주),2021,2022,mid_sized,manufacturing,2022,train,1,0.88451684,1,1,1,0.5,0.5242080092430115,0.5242080092430115,고위험
KOSDAQ,10170,대한광통신(주),2014,2015,mid_sized,manufacturing,2015,train,1,0.96467805,1,1,1,0.5,0.5242080092430115,0.5242080092430115,고위험
KOSDAQ,10170,대한광통신(주),2016,2017,mid_sized,manufacturing,2017,train,1,0.9595341,1,1,1,0.5,0.5242080092430115,0.5242080092430115,고위험
KOSDAQ,10170,대한광통신(주),2017,2018,small_and_medium,manufacturing,2018,train,0,0.4765308,0,0,0,0.5,0.5242080092430115,0.5242080092430115,관찰
KOSDAQ,10170,대한광통신(주),2018,2019,small_and_medium,manufacturing,2019,train,0,0.39415005,0,0,0,0.5,0.5242080092430115,0.5242080092430115,관찰
KOSDAQ,10170,대한광통신(주),2019,2020,small_and_medium,manufacturing,2020,train,0,0.79750925,1,1,1,0.5,0.5242080092430115,0.5242080092430115,고위험
KOSDAQ,10170,대한광통신(주),2020,2021,small_and_medium,manufacturing,2021,train,0,0.8564095,1,1,1,0.5,0.5242080092430115,0.5242080092430115,고위험
KOSDAQ,10170,대한광통신(주),2021,2022,small_and_medium,manufacturing,2022,train,1,0.963772,1,1,1,0.5,0.5242080092430115,0.5242080092430115,고위험
KOSDAQ,10240,(주)흥국,2014,2015,small_and_medium,manufacturing,2015,train,0,0.35733458,0,0,0,0.5,0.5242080092430115,0.5242080092430115,관찰
KOSDAQ,10240,(주)흥국,2015,2016,small_and_medium,manufacturing,2016,train,0,0.39449212,0,0,0,0.5,0.5242080092430115,0.5242080092430115,관찰
KOSDAQ,10240,(주)흥국,2016,2017,small_and_medium,manufacturing,2017,train,0,0.043755446,0,0,0,0.5,0.5242080092430115,0.5242080092430115,안정
KOSDAQ,10240,(주)흥국,2017,2018,small_and_medium,manufacturing,2018,train,0,0.04084937,0,0,0,0.5,0.5242080092430115,0.5242080092430115,안정
KOSDAQ,10240,(주)흥국,2018,2019,small_and_medium,manufacturing,2019,train,0,0.045765877,0,0,0,0.5,0.5242080092430115,0.5242080092430115,안정
KOSDAQ,10240,(주)흥국,2019,2020,small_and_medium,manufacturing,2020,train,0,0.044183936,0,0,0,0.5,0.5242080092430115,0.5242080092430115,안정
KOSDAQ,10240,(주)흥국,2020,2021,small_and_medium,manufacturing,2021,train,0,0.042385146,0,0,0,0.5,0.5242080092430115,0.5242080092430115,안정
KOSDAQ,10240,(주)흥국,2021,2022,small_and_medium,manufacturing,2022,train,0,0.03325965,0,0,0,0.5,0.5242080092430115,0.5242080092430115,안정
KOSDAQ,10280,(주)아이티센엔텍,2014,2015,mid_sized,it_services,2015,train,0,0.1593496,0,0,0,0.5,0.5242080092430115,0.5242080092430115,안정
KOSDAQ,10280,(주)아이티센엔텍,2015,2016,mid_sized,it_services,2016,train,0,0.43099025,0,0,0,0.5,0.5242080092430115,0.5242080092430115,관찰
KOSDAQ,10280,(주)아이티센엔텍,2016,2017,mid_sized,it_services,2017,train,0,0.31972578,0,0,0,0.5,0.5242080092430115,0.5242080092430115,안정
KOSDAQ,10280,(주)아이티센엔텍,2017,2018,mid_sized,it_services,2018,train,0,0.117199086,0,0,0,0.5,0.5242080092430115,0.5242080092430115,안정
KOSDAQ,10280,(주)아이티센엔텍,2018,2019,mid_sized,it_services,2019,train,0,0.11554481,0,0,0,0.5,0.5242080092430115,0.5242080092430115,안정
KOSDAQ,10280,(주)아이티센엔텍,2019,2020,mid_sized,it_services,2020,train,0,0.19116211,0,0,0,0.5,0.5242080092430115,0.5242080092430115,안정
KOSDAQ,10280,(주)아이티센엔텍,2020,2021,mid_sized,it_services,2021,train,0,0.5029713,1,0,0,0.5,0.5242080092430115,0.5242080092430115,관찰
KOSDAQ,10280,(주)아이티센엔텍,2021,2022,mid_sized,it_services,2022,train,0,0.23601215,0,0,0,0.5,0.5242080092430115,0.5242080092430115,안정
KOSDAQ,11040,경동제약(주),2017,2018,mid_sized,manufacturing,2018,train,0,0.005026079,0,0,0,0.5,0.5242080092430115,0.5242080092430115,안정
KOSDAQ,11040,경동제약(주),2018,2019,mid_sized,manufacturing,2019,train,0,0.0035694966,0,0,0,0.5,0.5242080092430115,0.5242080092430115,안정
KOSDAQ,11040,경동제약(주),2019,2020,mid_sized,manufacturing,2020,train,0,0.003925761,0,0,0,0.5,0.5242080092430115,0.5242080092430115,안정
KOSDAQ,11040,경동제약(주),2020,2021,mid_sized,manufacturing,2021,train,0,0.0020940315,0,0,0,0.5,0.5242080092430115,0.5242080092430115,안정
KOSDAQ,11040,경동제약(주),2021,2022,mid_sized,manufacturing,2022,train,0,0.0017486279,0,0,0,0.5,0.5242080092430115,0.5242080092430115,안정
KOSDAQ,11080,(주)형지아이앤씨,2019,2020,small_and_medium,manufacturing,2020,train,1,0.969073,1,1,1,0.5,0.5242080092430115,0.5242080092430115,고위험
KOSDAQ,11080,(주)형지아이앤씨,2020,2021,small_and_medium,manufacturing,2021,train,1,0.9916726,1,1,1,0.5,0.5242080092430115,0.5242080092430115,고위험
KOSDAQ,11080,(주)형지아이앤씨,2021,2022,small_and_medium,manufacturing,2022,train,1,0.9916745,1,1,1,0.5,0.5242080092430115,0.5242080092430115,고위험
KOSDAQ,11370,(주)서한,2014,2015,small_and_medium,construction,2015,train,0,0.11646093,0,0,0,0.5,0.5242080092430115,0.5242080092430115,안정
KOSDAQ,11370,(주)서한,2015,2016,mid_sized,construction,2016,train,0,0.13084628,0,0,0,0.5,0.5242080092430115,0.5242080092430115,안정
KOSDAQ,11370,(주)서한,2016,2017,mid_sized,construction,2017,train,0,0.13084628,0,0,0,0.5,0.5242080092430115,0.5242080092430115,안정
KOSDAQ,11370,(주)서한,2017,2018,mid_sized,construction,2018,train,0,0.12500992,0,0,0,0.5,0.5242080092430115,0.5242080092430115,안정
KOSDAQ,11370,(주)서한,2018,2019,mid_sized,construction,2019,train,0,0.12500992,0,0,0,0.5,0.5242080092430115,0.5242080092430115,안정
KOSDAQ,11370,(주)서한,2019,2020,mid_sized,construction,2020,train,0,0.12500992,0,0,0,0.5,0.5242080092430115,0.5242080092430115,안정
KOSDAQ,11370,(주)서한,2020,2021,mid_sized,construction,2021,train,0,0.12500992,0,0,0,0.5,0.5242080092430115,0.5242080092430115,안정
KOSDAQ,11370,(주)서한,2021,2022,mid_sized,construction,2022,train,0,0.12500992,0,0,0,0.5,0.5242080092430115,0.5242080092430115,안정
KOSDAQ,11560,(주)세보엠이씨,2018,2019,mid_sized,construction,2019,train,0,0.0271044,0,0,0,0.5,0.5242080092430115,0.5242080092430115,안정
KOSDAQ,11560,(주)세보엠이씨,2019,2020,mid_sized,construction,2020,train,0,0.14783548,0,0,0,0.5,0.5242080092430115,0.5242080092430115,안정
KOSDAQ,12340,(주)뉴인텍,2021,2022,small_and_medium,manufacturing,2022,train,1,0.9854453,1,1,1,0.5,0.5242080092430115,0.5242080092430115,고위험
KOSDAQ,12700,(주)리드코프,2014,2015,mid_sized,wholesale_retail,2015,train,0,0.10519357,0,0,0,0.5,0.5242080092430115,0.5242080092430115,안정
KOSDAQ,12700,(주)리드코프,2015,2016,mid_sized,wholesale_retail,2016,train,0,0.0952443,0,0,0,0.5,0.5242080092430115,0.5242080092430115,안정
KOSDAQ,12700,(주)리드코프,2016,2017,mid_sized,wholesale_retail,2017,train,0,0.056173224,0,0,0,0.5,0.5242080092430115,0.5242080092430115,안정
KOSDAQ,12700,(주)리드코프,2017,2018,mid_sized,wholesale_retail,2018,train,0,0.080248415,0,0,0,0.5,0.5242080092430115,0.5242080092430115,안정
KOSDAQ,12700,(주)리드코프,2018,2019,mid_sized,wholesale_retail,2019,train,0,0.05240722,0,0,0,0.5,0.5242080092430115,0.5242080092430115,안정
KOSDAQ,12860,(주)모베이스전자,2020,2021,mid_sized,manufacturing,2021,train,1,0.76837295,1,1,1,0.5,0.5242080092430115,0.5242080092430115,고위험
KOSDAQ,12860,(주)모베이스전자,2021,2022,mid_sized,manufacturing,2022,train,1,0.7432695,1,1,1,0.5,0.5242080092430115,0.5242080092430115,고위험
KOSDAQ,13120,(주)동원개발,2015,2016,mid_sized,construction,2016,train,0,0.13084628,0,0,0,0.5,0.5242080092430115,0.5242080092430115,안정
KOSDAQ,13120,(주)동원개발,2016,2017,mid_sized,construction,2017,train,0,0.13084628,0,0,0,0.5,0.5242080092430115,0.5242080092430115,안정
KOSDAQ,13120,(주)동원개발,2017,2018,mid_sized,construction,2018,train,0,0.12500992,0,0,0,0.5,0.5242080092430115,0.5242080092430115,안정
KOSDAQ,13120,(주)동원개발,2018,2019,mid_sized,construction,2019,train,0,0.12500992,0,0,0,0.5,0.5242080092430115,0.5242080092430115,안정
KOSDAQ,13120,(주)동원개발,2019,2020,mid_sized,construction,2020,train,0,0.12500992,0,0,0,0.5,0.5242080092430115,0.5242080092430115,안정
KOSDAQ,13120,(주)동원개발,2021,2022,mid_sized,construction,2022,train,0,0.014300117,0,0,0,0.5,0.5242080092430115,0.5242080092430115,안정
KOSDAQ,13720,더큐브앤(주),2021,2022,small_and_medium,manufacturing,2022,train,1,0.9874335,1,1,1,0.5,0.5242080092430115,0.5242080092430115,고위험
KOSDAQ,13810,(주)스페코,2019,2020,small_and_medium,manufacturing,2020,train,1,0.8416325,1,1,1,0.5,0.5242080092430115,0.5242080092430115,고위험
KOSDAQ,13810,(주)스페코,2020,2021,mid_sized,manufacturing,2021,train,1,0.6962397,1,1,1,0.5,0.5242080092430115,0.5242080092430115,고위험
KOSDAQ,13810,(주)스페코,2021,2022,small_and_medium,manufacturing,2022,train,1,0.7721038,1,1,1,0.5,0.5242080092430115,0.5242080092430115,고위험
KOSDAQ,14190,(주)원익큐브,2018,2019,mid_sized,wholesale_retail,2019,train,1,0.90782577,1,1,1,0.5,0.5242080092430115,0.5242080092430115,고위험
KOSDAQ,14190,(주)원익큐브,2019,2020,mid_sized,wholesale_retail,2020,train,1,0.87160844,1,1,1,0.5,0.5242080092430115,0.5242080092430115,고위험
KOSDAQ,14190,(주)원익큐브,2020,2021,mid_sized,wholesale_retail,2021,train,0,0.58564657,1,1,1,0.5,0.5242080092430115,0.5242080092430115,관찰
KOSDAQ,14190,(주)원익큐브,2021,2022,mid_sized,wholesale_retail,2022,train,0,0.3126706,0,0,0,0.5,0.5242080092430115,0.5242080092430115,안정
KOSDAQ,14200,(주)광림,2019,2020,small_and_medium,manufacturing,2020,train,1,0.9838794,1,1,1,0.5,0.5242080092430115,0.5242080092430115,고위험
KOSDAQ,14200,(주)광림,2021,2022,mid_sized,manufacturing,2022,train,0,0.9283603,1,1,1,0.5,0.5242080092430115,0.5242080092430115,고위험
KOSDAQ,14970,삼륭물산(주),2020,2021,small_and_medium,manufacturing,2021,train,0,0.67057526,1,1,1,0.5,0.5242080092430115,0.5242080092430115,고위험
KOSDAQ,14970,삼륭물산(주),2021,2022,small_and_medium,manufacturing,2022,train,0,0.7413208,1,1,1,0.5,0.5242080092430115,0.5242080092430115,고위험
KOSDAQ,15710,(주)코콤,2018,2019,small_and_medium,manufacturing,2019,train,0,0.013747615,0,0,0,0.5,0.5242080092430115,0.5242080092430115,안정
KOSDAQ,15710,(주)코콤,2019,2020,mid_sized,manufacturing,2020,train,0,0.009724434,0,0,0,0.5,0.5242080092430115,0.5242080092430115,안정
KOSDAQ,15710,(주)코콤,2020,2021,mid_sized,manufacturing,2021,train,0,0.0041158553,0,0,0,0.5,0.5242080092430115,0.5242080092430115,안정
KOSDAQ,15710,(주)코콤,2021,2022,mid_sized,manufacturing,2022,train,0,0.042149693,0,0,0,0.5,0.5242080092430115,0.5242080092430115,안정
KOSDAQ,15750,(주)성우하이텍,2015,2016,mid_sized,manufacturing,2016,train,0,0.05679922,0,0,0,0.5,0.5242080092430115,0.5242080092430115,안정
KOSDAQ,15750,(주)성우하이텍,2016,2017,mid_sized,manufacturing,2017,train,0,0.14042604,0,0,0,0.5,0.5242080092430115,0.5242080092430115,안정
KOSDAQ,16100,(주)리더스코스메틱,2018,2019,small_and_medium,manufacturing,2019,train,1,0.9404445,1,1,1,0.5,0.5242080092430115,0.5242080092430115,고위험
KOSDAQ,16100,(주)리더스코스메틱,2019,2020,mid_sized,manufacturing,2020,train,1,0.98742336,1,1,1,0.5,0.5242080092430115,0.5242080092430115,고위험
KOSDAQ,16100,(주)리더스코스메틱,2020,2021,mid_sized,manufacturing,2021,train,1,0.97512066,1,1,1,0.5,0.5242080092430115,0.5242080092430115,고위험
KOSDAQ,16100,(주)리더스코스메틱,2021,2022,small_and_medium,manufacturing,2022,train,1,0.97677046,1,1,1,0.5,0.5242080092430115,0.5242080092430115,고위험
KOSDAQ,16250,에스지씨이앤씨(주),2016,2017,large,construction,2017,train,0,0.019775387,0,0,0,0.5,0.5242080092430115,0.5242080092430115,안정
KOSDAQ,16250,에스지씨이앤씨(주),2017,2018,large,construction,2018,train,0,0.026932266,0,0,0,0.5,0.5242080092430115,0.5242080092430115,안정
KOSDAQ,16250,에스지씨이앤씨(주),2018,2019,large,construction,2019,train,0,0.054842994,0,0,0,0.5,0.5242080092430115,0.5242080092430115,안정
KOSDAQ,16250,에스지씨이앤씨(주),2019,2020,mid_sized,construction,2020,train,0,0.03732802,0,0,0,0.5,0.5242080092430115,0.5242080092430115,안정
KOSDAQ,16250,에스지씨이앤씨(주),2020,2021,mid_sized,construction,2021,train,0,0.02132518,0,0,0,0.5,0.5242080092430115,0.5242080092430115,안정
KOSDAQ,16250,에스지씨이앤씨(주),2021,2022,large,construction,2022,train,0,0.019918766,0,0,0,0.5,0.5242080092430115,0.5242080092430115,안정
KOSDAQ,17000,신원종합개발(주),2014,2015,small_and_medium,construction,2015,train,0,0.11646093,0,0,0,0.5,0.5242080092430115,0.5242080092430115,안정
KOSDAQ,17000,신원종합개발(주),2015,2016,small_and_medium,construction,2016,train,0,0.11646093,0,0,0,0.5,0.5242080092430115,0.5242080092430115,안정
KOSDAQ,17000,신원종합개발(주),2016,2017,small_and_medium,construction,2017,train,0,0.11646093,0,0,0,0.5,0.5242080092430115,0.5242080092430115,안정
KOSDAQ,17000,신원종합개발(주),2017,2018,small_and_medium,construction,2018,train,0,0.035399854,0,0,0,0.5,0.5242080092430115,0.5242080092430115,안정
KOSDAQ,17000,신원종합개발(주),2018,2019,small_and_medium,construction,2019,train,0,0.07981635,0,0,0,0.5,0.5242080092430115,0.5242080092430115,안정
KOSDAQ,17000,신원종합개발(주),2019,2020,small_and_medium,construction,2020,train,0,0.24645753,0,0,0,0.5,0.5242080092430115,0.5242080092430115,안정
KOSDAQ,17000,신원종합개발(주),2020,2021,small_and_medium,construction,2021,train,0,0.31508076,0,0,0,0.5,0.5242080092430115,0.5242080092430115,안정
KOSDAQ,17000,신원종합개발(주),2021,2022,mid_sized,construction,2022,train,0,0.12500992,0,0,0,0.5,0.5242080092430115,0.5242080092430115,안정
KOSDAQ,17480,삼현철강(주),2014,2015,mid_sized,manufacturing,2015,train,0,0.38390526,0,0,0,0.5,0.5242080092430115,0.5242080092430115,관찰
KOSDAQ,17480,삼현철강(주),2015,2016,mid_sized,manufacturing,2016,train,0,0.38390526,0,0,0,0.5,0.5242080092430115,0.5242080092430115,관찰
KOSDAQ,17480,삼현철강(주),2016,2017,mid_sized,manufacturing,2017,train,0,0.38390526,0,0,0,0.5,0.5242080092430115,0.5242080092430115,관찰
KOSDAQ,17480,삼현철강(주),2017,2018,mid_sized,manufacturing,2018,train,0,0.3816469,0,0,0,0.5,0.5242080092430115,0.5242080092430115,관찰
KOSDAQ,17480,삼현철강(주),2018,2019,mid_sized,manufacturing,2019,train,0,0.3816469,0,0,0,0.5,0.5242080092430115,0.5242080092430115,관찰
KOSDAQ,17480,삼현철강(주),2019,2020,mid_sized,manufacturing,2020,train,0,0.3816469,0,0,0,0.5,0.5242080092430115,0.5242080092430115,관찰
KOSDAQ,17480,삼현철강(주),2020,2021,mid_sized,manufacturing,2021,train,0,0.3816469,0,0,0,0.5,0.5242080092430115,0.5242080092430115,관찰
KOSDAQ,17480,삼현철강(주),2021,2022,mid_sized,manufacturing,2022,train,0,0.3816469,0,0,0,0.5,0.5242080092430115,0.5242080092430115,관찰
KOSDAQ,17890,한국알콜산업(주),2014,2015,mid_sized,manufacturing,2015,train,0,0.070812136,0,0,0,0.5,0.5242080092430115,0.5242080092430115,안정
KOSDAQ,17890,한국알콜산업(주),2015,2016,mid_sized,manufacturing,2016,train,0,0.013502163,0,0,0,0.5,0.5242080092430115,0.5242080092430115,안정
KOSDAQ,17890,한국알콜산업(주),2016,2017,mid_sized,manufacturing,2017,train,0,0.01020156,0,0,0,0.5,0.5242080092430115,0.5242080092430115,안정
KOSDAQ,17890,한국알콜산업(주),2017,2018,mid_sized,manufacturing,2018,train,0,0.009574535,0,0,0,0.5,0.5242080092430115,0.5242080092430115,안정
KOSDAQ,17890,한국알콜산업(주),2018,2019,mid_sized,manufacturing,2019,train,0,0.0056851334,0,0,0,0.5,0.5242080092430115,0.5242080092430115,안정
KOSDAQ,17890,한국알콜산업(주),2019,2020,mid_sized,manufacturing,2020,train,0,0.017489357,0,0,0,0.5,0.5242080092430115,0.5242080092430115,안정
KOSDAQ,17890,한국알콜산업(주),2020,2021,mid_sized,manufacturing,2021,train,0,0.005246282,0,0,0,0.5,0.5242080092430115,0.5242080092430115,안정
KOSDAQ,17890,한국알콜산업(주),2021,2022,mid_sized,manufacturing,2022,train,0,0.00591667,0,0,0,0.5,0.5242080092430115,0.5242080092430115,안정
KOSDAQ,18000,유니슨(주),2020,2021,mid_sized,manufacturing,2021,train,1,0.97755194,1,1,1,0.5,0.5242080092430115,0.5242080092430115,고위험
KOSDAQ,18000,유니슨(주),2021,2022,mid_sized,manufacturing,2022,train,1,0.97743064,1,1,1,0.5,0.5242080092430115,0.5242080092430115,고위험
KOSDAQ,18310,삼목에스폼(주),2016,2017,mid_sized,manufacturing,2017,train,0,0.3603437,0,0,0,0.5,0.5242080092430115,0.5242080092430115,관찰
KOSDAQ,18310,삼목에스폼(주),2017,2018,mid_sized,manufacturing,2018,train,0,0.3581433,0,0,0,0.5,0.5242080092430115,0.5242080092430115,관찰
KOSDAQ,18310,삼목에스폼(주),2018,2019,mid_sized,manufacturing,2019,train,0,0.3581433,0,0,0,0.5,0.5242080092430115,0.5242080092430115,관찰
KOSDAQ,18310,삼목에스폼(주),2019,2020,mid_sized,manufacturing,2020,train,0,0.3581433,0,0,0,0.5,0.5242080092430115,0.5242080092430115,관찰
KOSDAQ,18310,삼목에스폼(주),2020,2021,mid_sized,manufacturing,2021,train,0,0.3581433,0,0,0,0.5,0.5242080092430115,0.5242080092430115,관찰
KOSDAQ,18310,삼목에스폼(주),2021,2022,mid_sized,manufacturing,2022,train,0,0.026254801,0,0,0,0.5,0.5242080092430115,0.5242080092430115,안정
KOSDAQ,18680,(주)서울제약,2017,2018,small_and_medium,manufacturing,2018,train,1,0.5057759,1,0,0,0.5,0.5242080092430115,0.5242080092430115,관찰
KOSDAQ,18700,(주)바른손,2019,2020,small_and_medium,wholesale_retail,2020,train,1,0.9894187,1,1,1,0.5,0.5242080092430115,0.5242080092430115,고위험
KOSDAQ,18700,(주)바른손,2020,2021,small_and_medium,wholesale_retail,2021,train,1,0.9899817,1,1,1,0.5,0.5242080092430115,0.5242080092430115,고위험
KOSDAQ,18700,(주)바른손,2021,2022,small_and_medium,wholesale_retail,2022,train,0,0.82646304,1,1,1,0.5,0.5242080092430115,0.5242080092430115,고위험
KOSDAQ,19210,(주)와이지-원,2014,2015,mid_sized,manufacturing,2015,train,0,0.2667872,0,0,0,0.5,0.5242080092430115,0.5242080092430115,안정
KOSDAQ,19210,(주)와이지-원,2015,2016,mid_sized,manufacturing,2016,train,0,0.100212865,0,0,0,0.5,0.5242080092430115,0.5242080092430115,안정
KOSDAQ,19210,(주)와이지-원,2016,2017,mid_sized,manufacturing,2017,train,0,0.10297498,0,0,0,0.5,0.5242080092430115,0.5242080092430115,안정
KOSDAQ,19210,(주)와이지-원,2017,2018,mid_sized,manufacturing,2018,train,0,0.04110877,0,0,0,0.5,0.5242080092430115,0.5242080092430115,안정
KOSDAQ,19210,(주)와이지-원,2018,2019,mid_sized,manufacturing,2019,train,0,0.05165204,0,0,0,0.5,0.5242080092430115,0.5242080092430115,안정
KOSDAQ,19210,(주)와이지-원,2019,2020,mid_sized,manufacturing,2020,train,0,0.104030244,0,0,0,0.5,0.5242080092430115,0.5242080092430115,안정
KOSDAQ,19210,(주)와이지-원,2020,2021,mid_sized,manufacturing,2021,train,0,0.084865905,0,0,0,0.5,0.5242080092430115,0.5242080092430115,안정
KOSDAQ,19210,(주)와이지-원,2021,2022,mid_sized,manufacturing,2022,train,0,0.054893922,0,0,0,0.5,0.5242080092430115,0.5242080092430115,안정
KOSDAQ,19540,(주)일지테크,2015,2016,small_and_medium,manufacturing,2016,train,0,0.5257358,1,1,1,0.5,0.5242080092430115,0.5242080092430115,관찰
KOSDAQ,19540,(주)일지테크,2016,2017,mid_sized,manufacturing,2017,train,0,0.27289572,0,0,0,0.5,0.5242080092430115,0.5242080092430115,안정
KOSDAQ,19540,(주)일지테크,2017,2018,mid_sized,manufacturing,2018,train,0,0.3927811,0,0,0,0.5,0.5242080092430115,0.5242080092430115,관찰
KOSDAQ,19540,(주)일지테크,2018,2019,mid_sized,manufacturing,2019,train,0,0.37122482,0,0,0,0.5,0.5242080092430115,0.5242080092430115,관찰
KOSDAQ,19540,(주)일지테크,2019,2020,mid_sized,manufacturing,2020,train,0,0.28121054,0,0,0,0.5,0.5242080092430115,0.5242080092430115,안정
KOSDAQ,19540,(주)일지테크,2020,2021,mid_sized,manufacturing,2021,train,0,0.44014674,0,0,0,0.5,0.5242080092430115,0.5242080092430115,관찰
KOSDAQ,19540,(주)일지테크,2021,2022,mid_sized,manufacturing,2022,train,0,0.63607734,1,1,1,0.5,0.5242080092430115,0.5242080092430115,관찰
KOSDAQ,19770,(주)서연탑메탈,2014,2015,mid_sized,manufacturing,2015,train,0,0.11316253,0,0,0,0.5,0.5242080092430115,0.5242080092430115,안정
KOSDAQ,19770,(주)서연탑메탈,2015,2016,mid_sized,manufacturing,2016,train,0,0.31007096,0,0,0,0.5,0.5242080092430115,0.5242080092430115,안정
KOSDAQ,19770,(주)서연탑메탈,2016,2017,mid_sized,manufacturing,2017,train,0,0.5203564,1,0,0,0.5,0.5242080092430115,0.5242080092430115,관찰
KOSDAQ,19770,(주)서연탑메탈,2017,2018,mid_sized,manufacturing,2018,train,0,0.59792477,1,1,1,0.5,0.5242080092430115,0.5242080092430115,관찰
KOSDAQ,19770,(주)서연탑메탈,2018,2019,mid_sized,manufacturing,2019,train,0,0.64734757,1,1,1,0.5,0.5242080092430115,0.5242080092430115,관찰
KOSDAQ,19770,(주)서연탑메탈,2019,2020,mid_sized,manufacturing,2020,train,0,0.5144001,1,0,0,0.5,0.5242080092430115,0.5242080092430115,관찰
KOSDAQ,19770,(주)서연탑메탈,2020,2021,mid_sized,manufacturing,2021,train,0,0.24081789,0,0,0,0.5,0.5242080092430115,0.5242080092430115,안정
KOSDAQ,21320,(주)케이씨씨건설,2014,2015,large,construction,2015,train,0,0.13954386,0,0,0,0.5,0.5242080092430115,0.5242080092430115,안정
KOSDAQ,21320,(주)케이씨씨건설,2015,2016,large,construction,2016,train,0,0.34662357,0,0,0,0.5,0.5242080092430115,0.5242080092430115,안정
KOSDAQ,21320,(주)케이씨씨건설,2016,2017,large,construction,2017,train,0,0.100883015,0,0,0,0.5,0.5242080092430115,0.5242080092430115,안정
KOSDAQ,21320,(주)케이씨씨건설,2017,2018,large,construction,2018,train,0,0.03794229,0,0,0,0.5,0.5242080092430115,0.5242080092430115,안정
KOSDAQ,21320,(주)케이씨씨건설,2018,2019,large,construction,2019,train,0,0.10455482,0,0,0,0.5,0.5242080092430115,0.5242080092430115,안정
KOSDAQ,21320,(주)케이씨씨건설,2019,2020,large,construction,2020,train,0,0.22037041,0,0,0,0.5,0.5242080092430115,0.5242080092430115,안정
KOSDAQ,21320,(주)케이씨씨건설,2020,2021,large,construction,2021,train,0,0.07802594,0,0,0,0.5,0.5242080092430115,0.5242080092430115,안정
KOSDAQ,21320,(주)케이씨씨건설,2021,2022,large,construction,2022,train,0,0.07802594,0,0,0,0.5,0.5242080092430115,0.5242080092430115,안정
KOSDAQ,21650,(주)한국큐빅,2019,2020,mid_sized,manufacturing,2020,train,0,0.80169374,1,1,1,0.5,0.5242080092430115,0.5242080092430115,고위험
KOSDAQ,21650,(주)한국큐빅,2020,2021,mid_sized,manufacturing,2021,train,0,0.29561687,0,0,0,0.5,0.5242080092430115,0.5242080092430115,안정
KOSDAQ,21650,(주)한국큐빅,2021,2022,mid_sized,manufacturing,2022,train,0,0.35389993,0,0,0,0.5,0.5242080092430115,0.5242080092430115,관찰
KOSDAQ,23410,유진기업(주),2020,2021,mid_sized,manufacturing,2021,train,0,0.089783184,0,0,0,0.5,0.5242080092430115,0.5242080092430115,안정
KOSDAQ,23410,유진기업(주),2021,2022,mid_sized,manufacturing,2022,train,0,0.13740349,0,0,0,0.5,0.5242080092430115,0.5242080092430115,안정
KOSDAQ,23790,동일스틸럭스(주),2018,2019,small_and_medium,manufacturing,2019,train,1,0.52651495,1,1,1,0.5,0.5242080092430115,0.5242080092430115,관찰
KOSDAQ,24810,이화전기공업(주),2016,2017,mid_sized,manufacturing,2017,train,1,0.37874043,0,0,0,0.5,0.5242080092430115,0.5242080092430115,관찰
KOSDAQ,24810,이화전기공업(주),2017,2018,small_and_medium,manufacturing,2018,train,1,0.52651495,1,1,1,0.5,0.5242080092430115,0.5242080092430115,관찰
KOSDAQ,24810,이화전기공업(주),2018,2019,small_and_medium,manufacturing,2019,train,1,0.52651495,1,1,1,0.5,0.5242080092430115,0.5242080092430115,관찰
KOSDAQ,24810,이화전기공업(주),2019,2020,small_and_medium,manufacturing,2020,train,1,0.52651495,1,1,1,0.5,0.5242080092430115,0.5242080092430115,관찰
KOSDAQ,24810,이화전기공업(주),2020,2021,small_and_medium,manufacturing,2021,train,1,0.97659415,1,1,1,0.5,0.5242080092430115,0.5242080092430115,고위험
KOSDAQ,24810,이화전기공업(주),2021,2022,small_and_medium,manufacturing,2022,train,1,0.93640614,1,1,1,0.5,0.5242080092430115,0.5242080092430115,고위험
KOSDAQ,24830,(주)세원물산,2014,2015,mid_sized,manufacturing,2015,train,0,0.37874043,0,0,0,0.5,0.5242080092430115,0.5242080092430115,관찰
KOSDAQ,24830,(주)세원물산,2015,2016,mid_sized,manufacturing,2016,train,0,0.37874043,0,0,0,0.5,0.5242080092430115,0.5242080092430115,관찰
KOSDAQ,24830,(주)세원물산,2016,2017,mid_sized,manufacturing,2017,train,0,0.37874043,0,0,0,0.5,0.5242080092430115,0.5242080092430115,관찰
KOSDAQ,24830,(주)세원물산,2017,2018,mid_sized,manufacturing,2018,train,0,0.37649384,0,0,0,0.5,0.5242080092430115,0.5242080092430115,관찰
KOSDAQ,24830,(주)세원물산,2020,2021,mid_sized,manufacturing,2021,train,1,0.37649384,0,0,0,0.5,0.5242080092430115,0.5242080092430115,관찰
KOSDAQ,24830,(주)세원물산,2021,2022,mid_sized,manufacturing,2022,train,1,0.37649384,0,0,0,0.5,0.5242080092430115,0.5242080092430115,관찰
KOSDAQ,24880,(주)케이피에프,2020,2021,mid_sized,manufacturing,2021,train,1,0.7487844,1,1,1,0.5,0.5242080092430115,0.5242080092430115,고위험
KOSDAQ,24880,(주)케이피에프,2021,2022,mid_sized,manufacturing,2022,train,1,0.90748715,1,1,1,0.5,0.5242080092430115,0.5242080092430115,고위험
KOSDAQ,25440,(주)디에이치오토웨어,2014,2015,mid_sized,manufacturing,2015,train,1,0.96846056,1,1,1,0.5,0.5242080092430115,0.5242080092430115,고위험
KOSDAQ,25440,(주)디에이치오토웨어,2015,2016,mid_sized,manufacturing,2016,train,1,0.97748315,1,1,1,0.5,0.5242080092430115,0.5242080092430115,고위험
KOSDAQ,25440,(주)디에이치오토웨어,2016,2017,mid_sized,manufacturing,2017,train,1,0.9350323,1,1,1,0.5,0.5242080092430115,0.5242080092430115,고위험
KOSDAQ,25440,(주)디에이치오토웨어,2017,2018,mid_sized,manufacturing,2018,train,1,0.95711833,1,1,1,0.5,0.5242080092430115,0.5242080092430115,고위험
KOSDAQ,25440,(주)디에이치오토웨어,2018,2019,mid_sized,manufacturing,2019,train,1,0.978916,1,1,1,0.5,0.5242080092430115,0.5242080092430115,고위험
KOSDAQ,25440,(주)디에이치오토웨어,2019,2020,mid_sized,manufacturing,2020,train,1,0.9784161,1,1,1,0.5,0.5242080092430115,0.5242080092430115,고위험
KOSDAQ,25440,(주)디에이치오토웨어,2020,2021,mid_sized,manufacturing,2021,train,1,0.9675907,1,1,1,0.5,0.5242080092430115,0.5242080092430115,고위험
KOSDAQ,25440,(주)디에이치오토웨어,2021,2022,mid_sized,manufacturing,2022,train,1,0.9470839,1,1,1,0.5,0.5242080092430115,0.5242080092430115,고위험
KOSDAQ,25900,동화기업(주),2017,2018,mid_sized,manufacturing,2018,train,0,0.01591096,0,0,0,0.5,0.5242080092430115,0.5242080092430115,안정
KOSDAQ,25900,동화기업(주),2018,2019,mid_sized,manufacturing,2019,train,0,0.046596374,0,0,0,0.5,0.5242080092430115,0.5242080092430115,안정
KOSDAQ,25900,동화기업(주),2019,2020,mid_sized,manufacturing,2020,train,0,0.015694292,0,0,0,0.5,0.5242080092430115,0.5242080092430115,안정
KOSDAQ,25900,동화기업(주),2020,2021,mid_sized,manufacturing,2021,train,0,0.01382321,0,0,0,0.5,0.5242080092430115,0.5242080092430115,안정
KOSDAQ,25900,동화기업(주),2021,2022,mid_sized,manufacturing,2022,train,0,0.0073263636,0,0,0,0.5,0.5242080092430115,0.5242080092430115,안정
KOSDAQ,26150,(주)특수건설,2014,2015,small_and_medium,construction,2015,train,0,0.10941268,0,0,0,0.5,0.5242080092430115,0.5242080092430115,안정
KOSDAQ,26150,(주)특수건설,2015,2016,small_and_medium,construction,2016,train,0,0.10941268,0,0,0,0.5,0.5242080092430115,0.5242080092430115,안정
KOSDAQ,26150,(주)특수건설,2016,2017,small_and_medium,construction,2017,train,0,0.10941268,0,0,0,0.5,0.5242080092430115,0.5242080092430115,안정
KOSDAQ,26150,(주)특수건설,2017,2018,small_and_medium,construction,2018,train,0,0.20483768,0,0,0,0.5,0.5242080092430115,0.5242080092430115,안정
KOSDAQ,26150,(주)특수건설,2018,2019,mid_sized,construction,2019,train,0,0.29607403,0,0,0,0.5,0.5242080092430115,0.5242080092430115,안정
KOSDAQ,26150,(주)특수건설,2019,2020,mid_sized,construction,2020,train,0,0.25996175,0,0,0,0.5,0.5242080092430115,0.5242080092430115,안정
KOSDAQ,26150,(주)특수건설,2020,2021,mid_sized,construction,2021,train,0,0.106229104,0,0,0,0.5,0.5242080092430115,0.5242080092430115,안정
KOSDAQ,26150,(주)특수건설,2021,2022,mid_sized,construction,2022,train,0,0.19478767,0,0,0,0.5,0.5242080092430115,0.5242080092430115,안정
KOSDAQ,26960,(주)동서,2014,2015,mid_sized,wholesale_retail,2015,train,0,0.0017991723,0,0,0,0.5,0.5242080092430115,0.5242080092430115,안정
KOSDAQ,27050,(주)코리아나화장품,2017,2018,mid_sized,manufacturing,2018,train,0,0.13433892,0,0,0,0.5,0.5242080092430115,0.5242080092430115,안정
KOSDAQ,27050,(주)코리아나화장품,2018,2019,mid_sized,manufacturing,2019,train,0,0.19254212,0,0,0,0.5,0.5242080092430115,0.5242080092430115,안정
KOSDAQ,27050,(주)코리아나화장품,2019,2020,mid_sized,manufacturing,2020,train,0,0.49823236,0,0,0,0.5,0.5242080092430115,0.5242080092430115,관찰
KOSDAQ,27050,(주)코리아나화장품,2021,2022,small_and_medium,manufacturing,2022,train,0,0.14664839,0,0,0,0.5,0.5242080092430115,0.5242080092430115,안정
KOSDAQ,27580,(주)상보,2016,2017,mid_sized,manufacturing,2017,train,1,0.99065053,1,1,1,0.5,0.5242080092430115,0.5242080092430115,고위험
KOSDAQ,27580,(주)상보,2017,2018,small_and_medium,manufacturing,2018,train,1,0.99053496,1,1,1,0.5,0.5242080092430115,0.5242080092430115,고위험
KOSDAQ,27580,(주)상보,2018,2019,mid_sized,manufacturing,2019,train,1,0.99624485,1,1,1,0.5,0.5242080092430115,0.5242080092430115,고위험
KOSDAQ,27580,(주)상보,2019,2020,small_and_medium,manufacturing,2020,train,1,0.996077,1,1,1,0.5,0.5242080092430115,0.5242080092430115,고위험
KOSDAQ,27580,(주)상보,2020,2021,small_and_medium,manufacturing,2021,train,1,0.9961992,1,1,1,0.5,0.5242080092430115,0.5242080092430115,고위험
KOSDAQ,27710,(주)팜스토리,2014,2015,mid_sized,manufacturing,2015,train,1,0.94349843,1,1,1,0.5,0.5242080092430115,0.5242080092430115,고위험
KOSDAQ,27710,(주)팜스토리,2015,2016,mid_sized,manufacturing,2016,train,1,0.94103247,1,1,1,0.5,0.5242080092430115,0.5242080092430115,고위험
KOSDAQ,27710,(주)팜스토리,2016,2017,mid_sized,manufacturing,2017,train,1,0.89682955,1,1,1,0.5,0.5242080092430115,0.5242080092430115,고위험
KOSDAQ,27710,(주)팜스토리,2017,2018,mid_sized,manufacturing,2018,train,1,0.9019869,1,1,1,0.5,0.5242080092430115,0.5242080092430115,고위험
KOSDAQ,27710,(주)팜스토리,2019,2020,mid_sized,manufacturing,2020,train,1,0.9597893,1,1,1,0.5,0.5242080092430115,0.5242080092430115,고위험
KOSDAQ,27710,(주)팜스토리,2020,2021,mid_sized,manufacturing,2021,train,1,0.93633693,1,1,1,0.5,0.5242080092430115,0.5242080092430115,고위험
KOSDAQ,27710,(주)팜스토리,2021,2022,mid_sized,manufacturing,2022,train,0,0.76881766,1,1,1,0.5,0.5242080092430115,0.5242080092430115,고위험
KOSDAQ,28040,(주)미래SCI,2016,2017,small_and_medium,wholesale_retail,2017,train,1,0.9791038,1,1,1,0.5,0.5242080092430115,0.5242080092430115,고위험
KOSDAQ,28300,에이치엘비(주),2014,2015,small_and_medium,manufacturing,2015,train,1,0.9884505,1,1,1,0.5,0.5242080092430115,0.5242080092430115,고위험
KOSDAQ,29960,(주)코엔텍,2014,2015,small_and_medium,other,2015,train,0,0.023650913,0,0,0,0.5,0.5242080092430115,0.5242080092430115,안정
KOSDAQ,29960,(주)코엔텍,2015,2016,small_and_medium,other,2016,train,0,0.028009774,0,0,0,0.5,0.5242080092430115,0.5242080092430115,안정
KOSDAQ,29960,(주)코엔텍,2017,2018,small_and_medium,other,2018,train,0,0.06344991,0,0,0,0.5,0.5242080092430115,0.5242080092430115,안정
KOSDAQ,29960,(주)코엔텍,2018,2019,small_and_medium,other,2019,train,0,0.026630534,0,0,0,0.5,0.5242080092430115,0.5242080092430115,안정
KOSDAQ,29960,(주)코엔텍,2019,2020,small_and_medium,other,2020,train,0,0.6082221,1,1,1,0.5,0.5242080092430115,0.5242080092430115,관찰
KOSDAQ,29960,(주)코엔텍,2020,2021,small_and_medium,other,2021,train,0,0.3524785,0,0,0,0.5,0.5242080092430115,0.5242080092430115,관찰
KOSDAQ,29960,(주)코엔텍,2021,2022,small_and_medium,other,2022,train,0,0.3524785,0,0,0,0.5,0.5242080092430115,0.5242080092430115,관찰
KOSDAQ,30530,(주)원익홀딩스,2014,2015,mid_sized,manufacturing,2015,train,0,0.014442183,0,0,0,0.5,0.5242080092430115,0.5242080092430115,안정
KOSDAQ,30530,(주)원익홀딩스,2015,2016,mid_sized,manufacturing,2016,train,0,0.0041215937,0,0,0,0.5,0.5242080092430115,0.5242080092430115,안정
KOSDAQ,30530,(주)원익홀딩스,2017,2018,mid_sized,manufacturing,2018,train,0,0.023344675,0,0,0,0.5,0.5242080092430115,0.5242080092430115,안정
KOSDAQ,30530,(주)원익홀딩스,2018,2019,mid_sized,manufacturing,2019,train,0,0.0688473,0,0,0,0.5,0.5242080092430115,0.5242080092430115,안정
KOSDAQ,30530,(주)원익홀딩스,2019,2020,mid_sized,manufacturing,2020,train,0,0.020600246,0,0,0,0.5,0.5242080092430115,0.5242080092430115,안정
KOSDAQ,30530,(주)원익홀딩스,2020,2021,mid_sized,manufacturing,2021,train,0,0.021182442,0,0,0,0.5,0.5242080092430115,0.5242080092430115,안정
KOSDAQ,30530,(주)원익홀딩스,2021,2022,mid_sized,manufacturing,2022,train,0,0.034425776,0,0,0,0.5,0.5242080092430115,0.5242080092430115,안정
KOSDAQ,31310,(주)아이즈비전,2017,2018,mid_sized,it_services,2018,train,0,0.111911625,0,0,0,0.5,0.5242080092430115,0.5242080092430115,안정
KOSDAQ,31310,(주)아이즈비전,2018,2019,mid_sized,it_services,2019,train,0,0.01707207,0,0,0,0.5,0.5242080092430115,0.5242080092430115,안정
KOSDAQ,31310,(주)아이즈비전,2019,2020,mid_sized,it_services,2020,train,0,0.1466601,0,0,0,0.5,0.5242080092430115,0.5242080092430115,안정
KOSDAQ,31310,(주)아이즈비전,2020,2021,mid_sized,it_services,2021,train,0,0.2941263,0,0,0,0.5,0.5242080092430115,0.5242080092430115,안정
KOSDAQ,31310,(주)아이즈비전,2021,2022,mid_sized,it_services,2022,train,0,0.31003603,0,0,0,0.5,0.5242080092430115,0.5242080092430115,안정
KOSDAQ,32080,(주)아즈텍더블유비이,2014,2015,small_and_medium,manufacturing,2015,train,0,0.5081652,1,0,0,0.5,0.5242080092430115,0.5242080092430115,관찰
KOSDAQ,32080,(주)아즈텍더블유비이,2015,2016,small_and_medium,manufacturing,2016,train,0,0.5081652,1,0,0,0.5,0.5242080092430115,0.5242080092430115,관찰
KOSDAQ,32080,(주)아즈텍더블유비이,2016,2017,small_and_medium,manufacturing,2017,train,1,0.5081652,1,0,0,0.5,0.5242080092430115,0.5242080092430115,관찰
KOSDAQ,32080,(주)아즈텍더블유비이,2017,2018,small_and_medium,manufacturing,2018,train,0,0.5057759,1,0,0,0.5,0.5242080092430115,0.5242080092430115,관찰
KOSDAQ,32080,(주)아즈텍더블유비이,2018,2019,small_and_medium,manufacturing,2019,train,0,0.5057759,1,0,0,0.5,0.5242080092430115,0.5242080092430115,관찰
KOSDAQ,32080,(주)아즈텍더블유비이,2019,2020,small_and_medium,manufacturing,2020,train,1,0.5057759,1,0,0,0.5,0.5242080092430115,0.5242080092430115,관찰
KOSDAQ,32080,(주)아즈텍더블유비이,2020,2021,small_and_medium,manufacturing,2021,train,1,0.49426055,0,0,0,0.5,0.5242080092430115,0.5242080092430115,관찰
KOSDAQ,32080,(주)아즈텍더블유비이,2021,2022,small_and_medium,manufacturing,2022,train,1,0.49426055,0,0,0,0.5,0.5242080092430115,0.5242080092430115,관찰
KOSDAQ,32280,(주)삼일,2018,2019,small_and_medium,transport_storage,2019,train,0,0.47043833,0,0,0,0.5,0.5242080092430115,0.5242080092430115,관찰
KOSDAQ,32280,(주)삼일,2019,2020,mid_sized,transport_storage,2020,train,0,0.32541394,0,0,0,0.5,0.5242080092430115,0.5242080092430115,안정
KOSDAQ,32620,(주)유비케어,2017,2018,small_and_medium,it_services,2018,train,0,0.02438899,0,0,0,0.5,0.5242080092430115,0.5242080092430115,안정
KOSDAQ,32620,(주)유비케어,2018,2019,small_and_medium,it_services,2019,train,0,0.009888269,0,0,0,0.5,0.5242080092430115,0.5242080092430115,안정
KOSDAQ,32620,(주)유비케어,2019,2020,small_and_medium,it_services,2020,train,0,0.013310179,0,0,0,0.5,0.5242080092430115,0.5242080092430115,안정
KOSDAQ,32620,(주)유비케어,2020,2021,small_and_medium,it_services,2021,train,0,0.009396038,0,0,0,0.5,0.5242080092430115,0.5242080092430115,안정
KOSDAQ,32620,(주)유비케어,2021,2022,small_and_medium,it_services,2022,train,0,0.017594635,0,0,0,0.5,0.5242080092430115,0.5242080092430115,안정
KOSDAQ,32680,(주)소프트센,2016,2017,small_and_medium,it_services,2017,train,0,0.47282037,0,0,0,0.5,0.5242080092430115,0.5242080092430115,관찰
KOSDAQ,32680,(주)소프트센,2017,2018,small_and_medium,it_services,2018,train,0,0.47043833,0,0,0,0.5,0.5242080092430115,0.5242080092430115,관찰
KOSDAQ,32680,(주)소프트센,2018,2019,small_and_medium,it_services,2019,train,0,0.47043833,0,0,0,0.5,0.5242080092430115,0.5242080092430115,관찰
KOSDAQ,32680,(주)소프트센,2019,2020,small_and_medium,it_services,2020,train,0,0.47043833,0,0,0,0.5,0.5242080092430115,0.5242080092430115,관찰
KOSDAQ,32680,(주)소프트센,2020,2021,small_and_medium,it_services,2021,train,0,0.12860963,0,0,0,0.5,0.5242080092430115,0.5242080092430115,안정
KOSDAQ,32680,(주)소프트센,2021,2022,small_and_medium,it_services,2022,train,0,0.09475741,0,0,0,0.5,0.5242080092430115,0.5242080092430115,안정
KOSDAQ,32940,(주)원익,2018,2019,small_and_medium,wholesale_retail,2019,train,1,0.9924165,1,1,1,0.5,0.5242080092430115,0.5242080092430115,고위험
KOSDAQ,32940,(주)원익,2019,2020,small_and_medium,wholesale_retail,2020,train,1,0.9700828,1,1,1,0.5,0.5242080092430115,0.5242080092430115,고위험
KOSDAQ,32940,(주)원익,2020,2021,mid_sized,wholesale_retail,2021,train,1,0.91525155,1,1,1,0.5,0.5242080092430115,0.5242080092430115,고위험
KOSDAQ,32940,(주)원익,2021,2022,mid_sized,wholesale_retail,2022,train,1,0.829192,1,1,1,0.5,0.5242080092430115,0.5242080092430115,고위험
KOSDAQ,33050,제이엠아이(주),2019,2020,small_and_medium,manufacturing,2020,train,1,0.9856252,1,1,1,0.5,0.5242080092430115,0.5242080092430115,고위험
KOSDAQ,33050,제이엠아이(주),2020,2021,small_and_medium,manufacturing,2021,train,1,0.97389764,1,1,1,0.5,0.5242080092430115,0.5242080092430115,고위험
KOSDAQ,33050,제이엠아이(주),2021,2022,small_and_medium,manufacturing,2022,train,1,0.9463648,1,1,1,0.5,0.5242080092430115,0.5242080092430115,고위험
KOSDAQ,33100,제룡전기(주),2018,2019,small_and_medium,manufacturing,2019,train,0,0.49327657,0,0,0,0.5,0.5242080092430115,0.5242080092430115,관찰
KOSDAQ,33100,제룡전기(주),2019,2020,small_and_medium,manufacturing,2020,train,0,0.49327657,0,0,0,0.5,0.5242080092430115,0.5242080092430115,관찰
KOSDAQ,33100,제룡전기(주),2020,2021,small_and_medium,manufacturing,2021,train,0,0.48176843,0,0,0,0.5,0.5242080092430115,0.5242080092430115,관찰
KOSDAQ,33100,제룡전기(주),2021,2022,small_and_medium,manufacturing,2022,train,0,0.48176843,0,0,0,0.5,0.5242080092430115,0.5242080092430115,관찰
KOSDAQ,33130,(주)디지틀조선일보,2018,2019,small_and_medium,it_services,2019,train,0,0.026444962,0,0,0,0.5,0.5242080092430115,0.5242080092430115,안정
KOSDAQ,33130,(주)디지틀조선일보,2019,2020,small_and_medium,it_services,2020,train,0,0.027575294,0,0,0,0.5,0.5242080092430115,0.5242080092430115,안정
KOSDAQ,33130,(주)디지틀조선일보,2020,2021,small_and_medium,it_services,2021,train,0,0.03293377,0,0,0,0.5,0.5242080092430115,0.5242080092430115,안정
KOSDAQ,33130,(주)디지틀조선일보,2021,2022,small_and_medium,it_services,2022,train,0,0.033853337,0,0,0,0.5,0.5242080092430115,0.5242080092430115,안정
KOSDAQ,33160,엠케이전자(주),2014,2015,mid_sized,manufacturing,2015,train,1,0.9330765,1,1,1,0.5,0.5242080092430115,0.5242080092430115,고위험
KOSDAQ,33160,엠케이전자(주),2015,2016,mid_sized,manufacturing,2016,train,1,0.9146125,1,1,1,0.5,0.5242080092430115,0.5242080092430115,고위험
KOSDAQ,33160,엠케이전자(주),2016,2017,mid_sized,manufacturing,2017,train,1,0.8922322,1,1,1,0.5,0.5242080092430115,0.5242080092430115,고위험
KOSDAQ,33160,엠케이전자(주),2017,2018,mid_sized,manufacturing,2018,train,1,0.93539786,1,1,1,0.5,0.5242080092430115,0.5242080092430115,고위험
KOSDAQ,33160,엠케이전자(주),2018,2019,mid_sized,manufacturing,2019,train,1,0.8718892,1,1,1,0.5,0.5242080092430115,0.5242080092430115,고위험
KOSDAQ,33160,엠케이전자(주),2019,2020,mid_sized,manufacturing,2020,train,1,0.9053628,1,1,1,0.5,0.5242080092430115,0.5242080092430115,고위험
KOSDAQ,33160,엠케이전자(주),2020,2021,mid_sized,manufacturing,2021,train,1,0.88888496,1,1,1,0.5,0.5242080092430115,0.5242080092430115,고위험
KOSDAQ,33160,엠케이전자(주),2021,2022,mid_sized,manufacturing,2022,train,1,0.77070063,1,1,1,0.5,0.5242080092430115,0.5242080092430115,고위험
KOSDAQ,33320,제이씨현시스템(주),2021,2022,mid_sized,wholesale_retail,2022,train,0,0.023068288,0,0,0,0.5,0.5242080092430115,0.5242080092430115,안정
KOSDAQ,33500,(주)동성화인텍,2014,2015,mid_sized,manufacturing,2015,train,0,0.34797493,0,0,0,0.5,0.5242080092430115,0.5242080092430115,안정
KOSDAQ,33500,(주)동성화인텍,2015,2016,mid_sized,manufacturing,2016,train,0,0.602022,1,1,1,0.5,0.5242080092430115,0.5242080092430115,관찰
KOSDAQ,33500,(주)동성화인텍,2016,2017,mid_sized,manufacturing,2017,train,0,0.32385248,0,0,0,0.5,0.5242080092430115,0.5242080092430115,안정
KOSDAQ,33500,(주)동성화인텍,2017,2018,mid_sized,manufacturing,2018,train,1,0.9299225,1,1,1,0.5,0.5242080092430115,0.5242080092430115,고위험
KOSDAQ,33500,(주)동성화인텍,2018,2019,mid_sized,manufacturing,2019,train,1,0.9737879,1,1,1,0.5,0.5242080092430115,0.5242080092430115,고위험
KOSDAQ,33500,(주)동성화인텍,2019,2020,mid_sized,manufacturing,2020,train,0,0.6198565,1,1,1,0.5,0.5242080092430115,0.5242080092430115,관찰
KOSDAQ,33500,(주)동성화인텍,2020,2021,mid_sized,manufacturing,2021,train,0,0.10975524,0,0,0,0.5,0.5242080092430115,0.5242080092430115,안정
KOSDAQ,33500,(주)동성화인텍,2021,2022,mid_sized,manufacturing,2022,train,0,0.15444583,0,0,0,0.5,0.5242080092430115,0.5242080092430115,안정
KOSDAQ,33540,(주)파라텍,2014,2015,mid_sized,manufacturing,2015,train,0,0.01251446,0,0,0,0.5,0.5242080092430115,0.5242080092430115,안정
KOSDAQ,33540,(주)파라텍,2015,2016,mid_sized,manufacturing,2016,train,0,0.01729272,0,0,0,0.5,0.5242080092430115,0.5242080092430115,안정
KOSDAQ,33540,(주)파라텍,2016,2017,mid_sized,manufacturing,2017,train,0,0.11776149,0,0,0,0.5,0.5242080092430115,0.5242080092430115,안정
KOSDAQ,33540,(주)파라텍,2017,2018,mid_sized,manufacturing,2018,train,0,0.13394035,0,0,0,0.5,0.5242080092430115,0.5242080092430115,안정
KOSDAQ,33540,(주)파라텍,2018,2019,mid_sized,manufacturing,2019,train,0,0.31739888,0,0,0,0.5,0.5242080092430115,0.5242080092430115,안정
KOSDAQ,33540,(주)파라텍,2019,2020,mid_sized,manufacturing,2020,train,0,0.76691735,1,1,1,0.5,0.5242080092430115,0.5242080092430115,고위험
KOSDAQ,33540,(주)파라텍,2020,2021,mid_sized,manufacturing,2021,train,0,0.79123414,1,1,1,0.5,0.5242080092430115,0.5242080092430115,고위험
KOSDAQ,33540,(주)파라텍,2021,2022,mid_sized,manufacturing,2022,train,0,0.5830085,1,1,1,0.5,0.5242080092430115,0.5242080092430115,관찰
KOSDAQ,33640,(주)네패스,2018,2019,mid_sized,manufacturing,2019,train,0,0.034563947,0,0,0,0.5,0.5242080092430115,0.5242080092430115,안정
KOSDAQ,33640,(주)네패스,2019,2020,mid_sized,manufacturing,2020,train,0,0.17569023,0,0,0,0.5,0.5242080092430115,0.5242080092430115,안정
KOSDAQ,33640,(주)네패스,2020,2021,mid_sized,manufacturing,2021,train,0,0.145531,0,0,0,0.5,0.5242080092430115,0.5242080092430115,안정
KOSDAQ,33640,(주)네패스,2021,2022,mid_sized,manufacturing,2022,train,0,0.25343636,0,0,0,0.5,0.5242080092430115,0.5242080092430115,안정
KOSDAQ,34230,(주)파라다이스,2014,2015,mid_sized,it_services,2015,train,0,0.0086434055,0,0,0,0.5,0.5242080092430115,0.5242080092430115,안정
KOSDAQ,34230,(주)파라다이스,2015,2016,mid_sized,it_services,2016,train,0,0.006335091,0,0,0,0.5,0.5242080092430115,0.5242080092430115,안정
KOSDAQ,34230,(주)파라다이스,2016,2017,mid_sized,it_services,2017,train,0,0.0018355587,0,0,0,0.5,0.5242080092430115,0.5242080092430115,안정
KOSDAQ,34230,(주)파라다이스,2017,2018,mid_sized,it_services,2018,train,0,0.005700034,0,0,0,0.5,0.5242080092430115,0.5242080092430115,안정
KOSDAQ,34230,(주)파라다이스,2018,2019,mid_sized,it_services,2019,train,0,0.021610564,0,0,0,0.5,0.5242080092430115,0.5242080092430115,안정
KOSDAQ,34230,(주)파라다이스,2019,2020,mid_sized,it_services,2020,train,0,0.007963325,0,0,0,0.5,0.5242080092430115,0.5242080092430115,안정
KOSDAQ,34230,(주)파라다이스,2020,2021,mid_sized,it_services,2021,train,0,0.009970335,0,0,0,0.5,0.5242080092430115,0.5242080092430115,안정
KOSDAQ,34230,(주)파라다이스,2021,2022,mid_sized,it_services,2022,train,0,0.032391466,0,0,0,0.5,0.5242080092430115,0.5242080092430115,안정
KOSDAQ,35720,(주)카카오,2014,2015,mid_sized,it_services,2015,train,0,0.0018477549,0,0,0,0.5,0.5242080092430115,0.5242080092430115,안정
KOSDAQ,35720,(주)카카오,2015,2016,large,it_services,2016,train,0,0.00026146215,0,0,0,0.5,0.5242080092430115,0.5242080092430115,안정
KOSDAQ,35760,(주)씨제이이엔엠,2014,2015,large,it_services,2015,train,0,0.0011975795,0,0,0,0.5,0.5242080092430115,0.5242080092430115,안정
KOSDAQ,35760,(주)씨제이이엔엠,2015,2016,large,it_services,2016,train,0,0.0010544047,0,0,0,0.5,0.5242080092430115,0.5242080092430115,안정
KOSDAQ,35760,(주)씨제이이엔엠,2017,2018,large,it_services,2018,train,0,0.00035690886,0,0,0,0.5,0.5242080092430115,0.5242080092430115,안정
KOSDAQ,35760,(주)씨제이이엔엠,2018,2019,large,it_services,2019,train,0,0.0016577541,0,0,0,0.5,0.5242080092430115,0.5242080092430115,안정
KOSDAQ,35760,(주)씨제이이엔엠,2019,2020,large,it_services,2020,train,0,0.0014585451,0,0,0,0.5,0.5242080092430115,0.5242080092430115,안정
KOSDAQ,35760,(주)씨제이이엔엠,2020,2021,large,it_services,2021,train,0,0.0021103756,0,0,0,0.5,0.5242080092430115,0.5242080092430115,안정
KOSDAQ,35760,(주)씨제이이엔엠,2021,2022,large,it_services,2022,train,0,0.0024783162,0,0,0,0.5,0.5242080092430115,0.5242080092430115,안정
KOSDAQ,35810,(주)이지홀딩스,2020,2021,mid_sized,manufacturing,2021,train,0,0.089021,0,0,0,0.5,0.5242080092430115,0.5242080092430115,안정
KOSDAQ,35890,(주)서희건설,2014,2015,mid_sized,construction,2015,train,0,0.17374454,0,0,0,0.5,0.5242080092430115,0.5242080092430115,안정
KOSDAQ,35890,(주)서희건설,2015,2016,mid_sized,construction,2016,train,0,0.08042163,0,0,0,0.5,0.5242080092430115,0.5242080092430115,안정
KOSDAQ,35890,(주)서희건설,2016,2017,mid_sized,construction,2017,train,0,0.055681914,0,0,0,0.5,0.5242080092430115,0.5242080092430115,안정
KOSDAQ,35890,(주)서희건설,2017,2018,mid_sized,construction,2018,train,0,0.0611618,0,0,0,0.5,0.5242080092430115,0.5242080092430115,안정
KOSDAQ,35890,(주)서희건설,2018,2019,mid_sized,construction,2019,train,0,0.028985536,0,0,0,0.5,0.5242080092430115,0.5242080092430115,안정
KOSDAQ,35890,(주)서희건설,2019,2020,mid_sized,construction,2020,train,0,0.023309346,0,0,0,0.5,0.5242080092430115,0.5242080092430115,안정
KOSDAQ,35890,(주)서희건설,2020,2021,mid_sized,construction,2021,train,0,0.014042961,0,0,0,0.5,0.5242080092430115,0.5242080092430115,안정
KOSDAQ,35890,(주)서희건설,2021,2022,mid_sized,construction,2022,train,0,0.00814138,0,0,0,0.5,0.5242080092430115,0.5242080092430115,안정
KOSDAQ,36000,(주)예림당,2015,2016,mid_sized,it_services,2016,train,1,0.686048,1,1,1,0.5,0.5242080092430115,0.5242080092430115,고위험
KOSDAQ,36000,(주)예림당,2016,2017,mid_sized,it_services,2017,train,0,0.08066764,0,0,0,0.5,0.5242080092430115,0.5242080092430115,안정
KOSDAQ,36000,(주)예림당,2017,2018,mid_sized,it_services,2018,train,0,0.011369702,0,0,0,0.5,0.5242080092430115,0.5242080092430115,안정
KOSDAQ,36000,(주)예림당,2018,2019,mid_sized,it_services,2019,train,0,0.12282531,0,0,0,0.5,0.5242080092430115,0.5242080092430115,안정
KOSDAQ,36000,(주)예림당,2019,2020,mid_sized,it_services,2020,train,0,0.096008144,0,0,0,0.5,0.5242080092430115,0.5242080092430115,안정
KOSDAQ,36000,(주)예림당,2020,2021,mid_sized,it_services,2021,train,0,0.18838325,0,0,0,0.5,0.5242080092430115,0.5242080092430115,안정
KOSDAQ,36000,(주)예림당,2021,2022,mid_sized,it_services,2022,train,0,0.17288235,0,0,0,0.5,0.5242080092430115,0.5242080092430115,안정
KOSDAQ,36010,아비코전자(주),2015,2016,small_and_medium,manufacturing,2016,train,0,0.096118666,0,0,0,0.5,0.5242080092430115,0.5242080092430115,안정
KOSDAQ,36010,아비코전자(주),2016,2017,small_and_medium,manufacturing,2017,train,0,0.043675076,0,0,0,0.5,0.5242080092430115,0.5242080092430115,안정
KOSDAQ,36010,아비코전자(주),2017,2018,small_and_medium,manufacturing,2018,train,0,0.05193854,0,0,0,0.5,0.5242080092430115,0.5242080092430115,안정
KOSDAQ,36010,아비코전자(주),2018,2019,small_and_medium,manufacturing,2019,train,0,0.033872455,0,0,0,0.5,0.5242080092430115,0.5242080092430115,안정
KOSDAQ,36010,아비코전자(주),2019,2020,small_and_medium,manufacturing,2020,train,0,0.40456662,0,0,0,0.5,0.5242080092430115,0.5242080092430115,관찰
KOSDAQ,36010,아비코전자(주),2020,2021,small_and_medium,manufacturing,2021,train,1,0.7204872,1,1,1,0.5,0.5242080092430115,0.5242080092430115,고위험
KOSDAQ,36010,아비코전자(주),2021,2022,small_and_medium,manufacturing,2022,train,1,0.43756014,0,0,0,0.5,0.5242080092430115,0.5242080092430115,관찰
KOSDAQ,36090,(주)위지트,2018,2019,small_and_medium,manufacturing,2019,train,0,0.1642864,0,0,0,0.5,0.5242080092430115,0.5242080092430115,안정
KOSDAQ,36090,(주)위지트,2019,2020,small_and_medium,manufacturing,2020,train,1,0.96903676,1,1,1,0.5,0.5242080092430115,0.5242080092430115,고위험
KOSDAQ,36090,(주)위지트,2020,2021,small_and_medium,manufacturing,2021,train,1,0.9439724,1,1,1,0.5,0.5242080092430115,0.5242080092430115,고위험
KOSDAQ,36090,(주)위지트,2021,2022,small_and_medium,manufacturing,2022,train,0,0.4740441,0,0,0,0.5,0.5242080092430115,0.5242080092430115,관찰
KOSDAQ,36170,(주)에이치엠넥스,2014,2015,small_and_medium,manufacturing,2015,train,1,0.9210365,1,1,1,0.5,0.5242080092430115,0.5242080092430115,고위험
KOSDAQ,36170,(주)에이치엠넥스,2015,2016,small_and_medium,manufacturing,2016,train,1,0.9811844,1,1,1,0.5,0.5242080092430115,0.5242080092430115,고위험
KOSDAQ,36170,(주)에이치엠넥스,2016,2017,small_and_medium,manufacturing,2017,train,1,0.9731786,1,1,1,0.5,0.5242080092430115,0.5242080092430115,고위험
KOSDAQ,36170,(주)에이치엠넥스,2017,2018,small_and_medium,manufacturing,2018,train,1,0.90654135,1,1,1,0.5,0.5242080092430115,0.5242080092430115,고위험
KOSDAQ,36170,(주)에이치엠넥스,2018,2019,small_and_medium,manufacturing,2019,train,1,0.95432603,1,1,1,0.5,0.5242080092430115,0.5242080092430115,고위험
KOSDAQ,36170,(주)에이치엠넥스,2019,2020,small_and_medium,manufacturing,2020,train,1,0.9744003,1,1,1,0.5,0.5242080092430115,0.5242080092430115,고위험
KOSDAQ,36170,(주)에이치엠넥스,2020,2021,small_and_medium,manufacturing,2021,train,1,0.9866462,1,1,1,0.5,0.5242080092430115,0.5242080092430115,고위험
KOSDAQ,36170,(주)에이치엠넥스,2021,2022,small_and_medium,manufacturing,2022,train,1,0.96959686,1,1,1,0.5,0.5242080092430115,0.5242080092430115,고위험
KOSDAQ,36190,(주)금화피에스시,2021,2022,mid_sized,construction,2022,train,0,0.0035190682,0,0,0,0.5,0.5242080092430115,0.5242080092430115,안정
KOSDAQ,36200,유니셈(주),2014,2015,small_and_medium,manufacturing,2015,train,0,0.6491755,1,1,1,0.5,0.5242080092430115,0.5242080092430115,관찰
KOSDAQ,36200,유니셈(주),2015,2016,small_and_medium,manufacturing,2016,train,0,0.22624332,0,0,0,0.5,0.5242080092430115,0.5242080092430115,안정
KOSDAQ,36200,유니셈(주),2016,2017,small_and_medium,manufacturing,2017,train,0,0.15399656,0,0,0,0.5,0.5242080092430115,0.5242080092430115,안정
KOSDAQ,36200,유니셈(주),2017,2018,small_and_medium,manufacturing,2018,train,0,0.01911381,0,0,0,0.5,0.5242080092430115,0.5242080092430115,안정
KOSDAQ,36200,유니셈(주),2018,2019,small_and_medium,manufacturing,2019,train,0,0.033796676,0,0,0,0.5,0.5242080092430115,0.5242080092430115,안정
KOSDAQ,36200,유니셈(주),2019,2020,small_and_medium,manufacturing,2020,train,0,0.022311302,0,0,0,0.5,0.5242080092430115,0.5242080092430115,안정
KOSDAQ,36200,유니셈(주),2020,2021,mid_sized,manufacturing,2021,train,0,0.01144237,0,0,0,0.5,0.5242080092430115,0.5242080092430115,안정
KOSDAQ,36200,유니셈(주),2021,2022,mid_sized,manufacturing,2022,train,0,0.0074593723,0,0,0,0.5,0.5242080092430115,0.5242080092430115,안정
KOSDAQ,36420,(주)제이콘텐트리,2014,2015,mid_sized,it_services,2015,train,0,0.050977547,0,0,0,0.5,0.5242080092430115,0.5242080092430115,안정
KOSDAQ,36420,(주)제이콘텐트리,2015,2016,mid_sized,it_services,2016,train,0,0.051257554,0,0,0,0.5,0.5242080092430115,0.5242080092430115,안정
KOSDAQ,36420,(주)제이콘텐트리,2016,2017,mid_sized,it_services,2017,train,0,0.07289531,0,0,0,0.5,0.5242080092430115,0.5242080092430115,안정
KOSDAQ,36420,(주)제이콘텐트리,2017,2018,mid_sized,it_services,2018,train,0,0.018657804,0,0,0,0.5,0.5242080092430115,0.5242080092430115,안정
KOSDAQ,36480,(주)대성미생물연구소,2014,2015,small_and_medium,manufacturing,2015,train,0,0.5081652,1,0,0,0.5,0.5242080092430115,0.5242080092430115,관찰
KOSDAQ,36480,(주)대성미생물연구소,2015,2016,small_and_medium,manufacturing,2016,train,0,0.5081652,1,0,0,0.5,0.5242080092430115,0.5242080092430115,관찰
KOSDAQ,36480,(주)대성미생물연구소,2016,2017,small_and_medium,manufacturing,2017,train,0,0.5081652,1,0,0,0.5,0.5242080092430115,0.5242080092430115,관찰
KOSDAQ,36480,(주)대성미생물연구소,2017,2018,small_and_medium,manufacturing,2018,train,0,0.5057759,1,0,0,0.5,0.5242080092430115,0.5242080092430115,관찰
KOSDAQ,36480,(주)대성미생물연구소,2018,2019,small_and_medium,manufacturing,2019,train,0,0.5057759,1,0,0,0.5,0.5242080092430115,0.5242080092430115,관찰
KOSDAQ,36480,(주)대성미생물연구소,2019,2020,small_and_medium,manufacturing,2020,train,0,0.5057759,1,0,0,0.5,0.5242080092430115,0.5242080092430115,관찰
KOSDAQ,36480,(주)대성미생물연구소,2020,2021,small_and_medium,manufacturing,2021,train,0,0.49426055,0,0,0,0.5,0.5242080092430115,0.5242080092430115,관찰
KOSDAQ,36480,(주)대성미생물연구소,2021,2022,small_and_medium,manufacturing,2022,train,0,0.49426055,0,0,0,0.5,0.5242080092430115,0.5242080092430115,관찰
KOSDAQ,36540,(주)에스에프에이반도체,2016,2017,mid_sized,manufacturing,2017,train,1,0.797394,1,1,1,0.5,0.5242080092430115,0.5242080092430115,고위험
KOSDAQ,36540,(주)에스에프에이반도체,2017,2018,mid_sized,manufacturing,2018,train,0,0.18305011,0,0,0,0.5,0.5242080092430115,0.5242080092430115,안정
KOSDAQ,36540,(주)에스에프에이반도체,2018,2019,mid_sized,manufacturing,2019,train,0,0.12748605,0,0,0,0.5,0.5242080092430115,0.5242080092430115,안정
KOSDAQ,36540,(주)에스에프에이반도체,2019,2020,mid_sized,manufacturing,2020,train,0,0.17995253,0,0,0,0.5,0.5242080092430115,0.5242080092430115,안정
KOSDAQ,36540,(주)에스에프에이반도체,2020,2021,mid_sized,manufacturing,2021,train,0,0.0552165,0,0,0,0.5,0.5242080092430115,0.5242080092430115,안정
KOSDAQ,36540,(주)에스에프에이반도체,2021,2022,mid_sized,manufacturing,2022,train,0,0.013569494,0,0,0,0.5,0.5242080092430115,0.5242080092430115,안정
KOSDAQ,36620,감성코퍼레이션(주),2015,2016,small_and_medium,wholesale_retail,2016,train,1,0.78791463,1,1,1,0.5,0.5242080092430115,0.5242080092430115,고위험
KOSDAQ,36620,감성코퍼레이션(주),2016,2017,small_and_medium,wholesale_retail,2017,train,1,0.78791463,1,1,1,0.5,0.5242080092430115,0.5242080092430115,고위험
KOSDAQ,36620,감성코퍼레이션(주),2017,2018,small_and_medium,wholesale_retail,2018,train,1,0.78631294,1,1,1,0.5,0.5242080092430115,0.5242080092430115,고위험
KOSDAQ,36620,감성코퍼레이션(주),2018,2019,small_and_medium,wholesale_retail,2019,train,1,0.9795934,1,1,1,0.5,0.5242080092430115,0.5242080092430115,고위험
KOSDAQ,36620,감성코퍼레이션(주),2019,2020,small_and_medium,wholesale_retail,2020,train,1,0.98452234,1,1,1,0.5,0.5242080092430115,0.5242080092430115,고위험
KOSDAQ,36630,세종텔레콤(주),2014,2015,mid_sized,construction,2015,train,1,0.89720887,1,1,1,0.5,0.5242080092430115,0.5242080092430115,고위험
KOSDAQ,36630,세종텔레콤(주),2015,2016,mid_sized,construction,2016,train,1,0.927292,1,1,1,0.5,0.5242080092430115,0.5242080092430115,고위험
KOSDAQ,36630,세종텔레콤(주),2016,2017,mid_sized,construction,2017,train,1,0.88230735,1,1,1,0.5,0.5242080092430115,0.5242080092430115,고위험
KOSDAQ,36630,세종텔레콤(주),2020,2021,mid_sized,construction,2021,train,1,0.7400372,1,1,1,0.5,0.5242080092430115,0.5242080092430115,고위험
KOSDAQ,36810,(주)에프에스티,2014,2015,small_and_medium,manufacturing,2015,train,0,0.74080753,1,1,1,0.5,0.5242080092430115,0.5242080092430115,고위험
KOSDAQ,36810,(주)에프에스티,2015,2016,mid_sized,manufacturing,2016,train,0,0.32898355,0,0,0,0.5,0.5242080092430115,0.5242080092430115,안정
KOSDAQ,36810,(주)에프에스티,2016,2017,small_and_medium,manufacturing,2017,train,0,0.70972365,1,1,1,0.5,0.5242080092430115,0.5242080092430115,고위험
KOSDAQ,36810,(주)에프에스티,2017,2018,small_and_medium,manufacturing,2018,train,0,0.34865463,0,0,0,0.5,0.5242080092430115,0.5242080092430115,안정
KOSDAQ,36930,주성엔지니어링(주),2020,2021,mid_sized,manufacturing,2021,train,1,0.8604279,1,1,1,0.5,0.5242080092430115,0.5242080092430115,고위험
KOSDAQ,36930,주성엔지니어링(주),2021,2022,mid_sized,manufacturing,2022,train,0,0.13979833,0,0,0,0.5,0.5242080092430115,0.5242080092430115,안정
KOSDAQ,37030,(주)파워넷,2018,2019,small_and_medium,manufacturing,2019,train,1,0.86321545,1,1,1,0.5,0.5242080092430115,0.5242080092430115,고위험
KOSDAQ,37030,(주)파워넷,2019,2020,small_and_medium,manufacturing,2020,train,1,0.9260962,1,1,1,0.5,0.5242080092430115,0.5242080092430115,고위험
KOSDAQ,37030,(주)파워넷,2020,2021,mid_sized,manufacturing,2021,train,1,0.8107899,1,1,1,0.5,0.5242080092430115,0.5242080092430115,고위험
KOSDAQ,37030,(주)파워넷,2021,2022,mid_sized,manufacturing,2022,train,0,0.5507901,1,1,1,0.5,0.5242080092430115,0.5242080092430115,관찰
KOSDAQ,37070,(주)파세코,2018,2019,small_and_medium,manufacturing,2019,train,0,0.5057759,1,0,0,0.5,0.5242080092430115,0.5242080092430115,관찰
KOSDAQ,37070,(주)파세코,2019,2020,small_and_medium,manufacturing,2020,train,0,0.5057759,1,0,0,0.5,0.5242080092430115,0.5242080092430115,관찰
KOSDAQ,37070,(주)파세코,2020,2021,small_and_medium,manufacturing,2021,train,0,0.49426055,0,0,0,0.5,0.5242080092430115,0.5242080092430115,관찰
KOSDAQ,37070,(주)파세코,2021,2022,small_and_medium,manufacturing,2022,train,0,0.49426055,0,0,0,0.5,0.5242080092430115,0.5242080092430115,관찰
KOSDAQ,37330,(주)인지디스플레이,2014,2015,mid_sized,manufacturing,2015,train,1,0.7736178,1,1,1,0.5,0.5242080092430115,0.5242080092430115,고위험
KOSDAQ,37330,(주)인지디스플레이,2015,2016,mid_sized,manufacturing,2016,train,1,0.5992601,1,1,1,0.5,0.5242080092430115,0.5242080092430115,관찰
KOSDAQ,37330,(주)인지디스플레이,2016,2017,mid_sized,manufacturing,2017,train,1,0.6127155,1,1,1,0.5,0.5242080092430115,0.5242080092430115,관찰
KOSDAQ,37330,(주)인지디스플레이,2017,2018,mid_sized,manufacturing,2018,train,0,0.3544844,0,0,0,0.5,0.5242080092430115,0.5242080092430115,관찰
KOSDAQ,37330,(주)인지디스플레이,2018,2019,mid_sized,manufacturing,2019,train,0,0.16897757,0,0,0,0.5,0.5242080092430115,0.5242080092430115,안정
KOSDAQ,37330,(주)인지디스플레이,2019,2020,mid_sized,manufacturing,2020,train,0,0.18699588,0,0,0,0.5,0.5242080092430115,0.5242080092430115,안정
KOSDAQ,37330,(주)인지디스플레이,2020,2021,mid_sized,manufacturing,2021,train,0,0.036949266,0,0,0,0.5,0.5242080092430115,0.5242080092430115,안정
KOSDAQ,38070,(주)서린바이오사이언스,2014,2015,small_and_medium,wholesale_retail,2015,train,0,0.07400692,0,0,0,0.5,0.5242080092430115,0.5242080092430115,안정
KOSDAQ,38070,(주)서린바이오사이언스,2019,2020,small_and_medium,wholesale_retail,2020,train,0,0.031307317,0,0,0,0.5,0.5242080092430115,0.5242080092430115,안정
KOSDAQ,38070,(주)서린바이오사이언스,2021,2022,small_and_medium,wholesale_retail,2022,train,0,0.18456705,0,0,0,0.5,0.5242080092430115,0.5242080092430115,안정
KOSDAQ,38110,에코플라스틱(주),2014,2015,mid_sized,manufacturing,2015,train,0,0.2972379,0,0,0,0.5,0.5242080092430115,0.5242080092430115,안정
KOSDAQ,38110,에코플라스틱(주),2015,2016,mid_sized,manufacturing,2016,train,0,0.28126323,0,0,0,0.5,0.5242080092430115,0.5242080092430115,안정
KOSDAQ,38110,에코플라스틱(주),2017,2018,mid_sized,manufacturing,2018,train,0,0.23213129,0,0,0,0.5,0.5242080092430115,0.5242080092430115,안정
KOSDAQ,38110,에코플라스틱(주),2018,2019,mid_sized,manufacturing,2019,train,0,0.40671772,0,0,0,0.5,0.5242080092430115,0.5242080092430115,관찰
KOSDAQ,38110,에코플라스틱(주),2019,2020,mid_sized,manufacturing,2020,train,0,0.35553706,0,0,0,0.5,0.5242080092430115,0.5242080092430115,관찰
KOSDAQ,38110,에코플라스틱(주),2021,2022,mid_sized,manufacturing,2022,train,0,0.31734756,0,0,0,0.5,0.5242080092430115,0.5242080092430115,안정
KOSDAQ,38290,(주)마크로젠,2020,2021,mid_sized,it_services,2021,train,0,0.055644467,0,0,0,0.5,0.5242080092430115,0.5242080092430115,안정
KOSDAQ,38290,(주)마크로젠,2021,2022,mid_sized,it_services,2022,train,0,0.032670677,0,0,0,0.5,0.5242080092430115,0.5242080092430115,안정
KOSDAQ,38540,(주)상상인,2014,2015,small_and_medium,it_services,2015,train,0,0.028197862,0,0,0,0.5,0.5242080092430115,0.5242080092430115,안정
KOSDAQ,38540,(주)상상인,2015,2016,small_and_medium,it_services,2016,train,0,0.058279388,0,0,0,0.5,0.5242080092430115,0.5242080092430115,안정
KOSDAQ,38540,(주)상상인,2016,2017,small_and_medium,it_services,2017,train,0,0.033923928,0,0,0,0.5,0.5242080092430115,0.5242080092430115,안정
KOSDAQ,38540,(주)상상인,2017,2018,mid_sized,it_services,2018,train,0,0.04380077,0,0,0,0.5,0.5242080092430115,0.5242080092430115,안정
KOSDAQ,38540,(주)상상인,2018,2019,mid_sized,it_services,2019,train,0,0.035425536,0,0,0,0.5,0.5242080092430115,0.5242080092430115,안정
KOSDAQ,38540,(주)상상인,2019,2020,mid_sized,it_services,2020,train,0,0.011701069,0,0,0,0.5,0.5242080092430115,0.5242080092430115,안정
KOSDAQ,38540,(주)상상인,2020,2021,mid_sized,it_services,2021,train,0,0.030516457,0,0,0,0.5,0.5242080092430115,0.5242080092430115,안정
KOSDAQ,38540,(주)상상인,2021,2022,mid_sized,it_services,2022,train,0,0.02029358,0,0,0,0.5,0.5242080092430115,0.5242080092430115,안정
KOSDAQ,38680,에스넷시스템(주),2014,2015,mid_sized,it_services,2015,train,0,0.053131696,0,0,0,0.5,0.5242080092430115,0.5242080092430115,안정
KOSDAQ,38680,에스넷시스템(주),2015,2016,mid_sized,it_services,2016,train,0,0.23557085,0,0,0,0.5,0.5242080092430115,0.5242080092430115,안정
KOSDAQ,38870,에코바이오홀딩스(주),2015,2016,small_and_medium,it_services,2016,train,0,0.16215965,0,0,0,0.5,0.5242080092430115,0.5242080092430115,안정
KOSDAQ,39010,현대에이치티(주),2019,2020,small_and_medium,manufacturing,2020,train,0,0.7345827,1,1,1,0.5,0.5242080092430115,0.5242080092430115,고위험
KOSDAQ,39010,현대에이치티(주),2020,2021,small_and_medium,manufacturing,2021,train,0,0.49426055,0,0,0,0.5,0.5242080092430115,0.5242080092430115,관찰
KOSDAQ,39010,현대에이치티(주),2021,2022,small_and_medium,manufacturing,2022,train,0,0.49426055,0,0,0,0.5,0.5242080092430115,0.5242080092430115,관찰
KOSDAQ,39020,(주)이건홀딩스,2014,2015,mid_sized,manufacturing,2015,train,1,0.9220263,1,1,1,0.5,0.5242080092430115,0.5242080092430115,고위험
KOSDAQ,39020,(주)이건홀딩스,2015,2016,mid_sized,manufacturing,2016,train,1,0.94929695,1,1,1,0.5,0.5242080092430115,0.5242080092430115,고위험
KOSDAQ,39020,(주)이건홀딩스,2016,2017,mid_sized,manufacturing,2017,train,1,0.953705,1,1,1,0.5,0.5242080092430115,0.5242080092430115,고위험
KOSDAQ,39020,(주)이건홀딩스,2017,2018,mid_sized,manufacturing,2018,train,1,0.92578906,1,1,1,0.5,0.5242080092430115,0.5242080092430115,고위험
KOSDAQ,39020,(주)이건홀딩스,2018,2019,mid_sized,manufacturing,2019,train,1,0.868603,1,1,1,0.5,0.5242080092430115,0.5242080092430115,고위험
KOSDAQ,39020,(주)이건홀딩스,2019,2020,mid_sized,manufacturing,2020,train,0,0.44716015,0,0,0,0.5,0.5242080092430115,0.5242080092430115,관찰
KOSDAQ,39020,(주)이건홀딩스,2020,2021,mid_sized,manufacturing,2021,train,0,0.5122473,1,0,0,0.5,0.5242080092430115,0.5242080092430115,관찰
KOSDAQ,39020,(주)이건홀딩스,2021,2022,mid_sized,manufacturing,2022,train,0,0.3372844,0,0,0,0.5,0.5242080092430115,0.5242080092430115,안정
KOSDAQ,39290,인포뱅크(주),2014,2015,small_and_medium,it_services,2015,train,0,0.295482,0,0,0,0.5,0.5242080092430115,0.5242080092430115,안정
KOSDAQ,39290,인포뱅크(주),2015,2016,small_and_medium,it_services,2016,train,0,0.1435816,0,0,0,0.5,0.5242080092430115,0.5242080092430115,안정
KOSDAQ,39290,인포뱅크(주),2016,2017,small_and_medium,it_services,2017,train,0,0.11683174,0,0,0,0.5,0.5242080092430115,0.5242080092430115,안정
KOSDAQ,39290,인포뱅크(주),2017,2018,small_and_medium,it_services,2018,train,0,0.10012418,0,0,0,0.5,0.5242080092430115,0.5242080092430115,안정
KOSDAQ,39290,인포뱅크(주),2019,2020,mid_sized,it_services,2020,train,0,0.0339503,0,0,0,0.5,0.5242080092430115,0.5242080092430115,안정
KOSDAQ,39290,인포뱅크(주),2020,2021,small_and_medium,it_services,2021,train,0,0.09511487,0,0,0,0.5,0.5242080092430115,0.5242080092430115,안정
KOSDAQ,39290,인포뱅크(주),2021,2022,mid_sized,it_services,2022,train,0,0.036581103,0,0,0,0.5,0.5242080092430115,0.5242080092430115,안정
KOSDAQ,39310,(주)세중,2017,2018,mid_sized,it_services,2018,train,0,0.05564433,0,0,0,0.5,0.5242080092430115,0.5242080092430115,안정
KOSDAQ,39310,(주)세중,2018,2019,mid_sized,it_services,2019,train,1,0.5426487,1,1,1,0.5,0.5242080092430115,0.5242080092430115,관찰
KOSDAQ,39310,(주)세중,2021,2022,mid_sized,it_services,2022,train,0,0.064682566,0,0,0,0.5,0.5242080092430115,0.5242080092430115,안정
KOSDAQ,39560,(주)다산네트웍스,2014,2015,mid_sized,manufacturing,2015,train,1,0.8300334,1,1,1,0.5,0.5242080092430115,0.5242080092430115,고위험
KOSDAQ,39560,(주)다산네트웍스,2015,2016,small_and_medium,manufacturing,2016,train,1,0.92052794,1,1,1,0.5,0.5242080092430115,0.5242080092430115,고위험
KOSDAQ,39560,(주)다산네트웍스,2016,2017,small_and_medium,manufacturing,2017,train,1,0.9102889,1,1,1,0.5,0.5242080092430115,0.5242080092430115,고위험
KOSDAQ,39560,(주)다산네트웍스,2017,2018,small_and_medium,manufacturing,2018,train,1,0.8693348,1,1,1,0.5,0.5242080092430115,0.5242080092430115,고위험
KOSDAQ,39560,(주)다산네트웍스,2018,2019,small_and_medium,manufacturing,2019,train,1,0.8438741,1,1,1,0.5,0.5242080092430115,0.5242080092430115,고위험
KOSDAQ,39610,화성밸브(주),2014,2015,small_and_medium,manufacturing,2015,train,0,0.5081652,1,0,0,0.5,0.5242080092430115,0.5242080092430115,관찰
KOSDAQ,39610,화성밸브(주),2015,2016,small_and_medium,manufacturing,2016,train,0,0.5081652,1,0,0,0.5,0.5242080092430115,0.5242080092430115,관찰
KOSDAQ,39830,오로라월드(주),2016,2017,small_and_medium,it_services,2017,train,0,0.13225003,0,0,0,0.5,0.5242080092430115,0.5242080092430115,안정
KOSDAQ,39830,오로라월드(주),2018,2019,small_and_medium,it_services,2019,train,0,0.14664136,0,0,0,0.5,0.5242080092430115,0.5242080092430115,안정
KOSDAQ,40160,(주)누리플렉스,2016,2017,small_and_medium,it_services,2017,train,0,0.1921546,0,0,0,0.5,0.5242080092430115,0.5242080092430115,안정
KOSDAQ,40160,(주)누리플렉스,2017,2018,small_and_medium,it_services,2018,train,0,0.60650903,1,1,1,0.5,0.5242080092430115,0.5242080092430115,관찰
KOSDAQ,40160,(주)누리플렉스,2018,2019,small_and_medium,it_services,2019,train,0,0.33788058,0,0,0,0.5,0.5242080092430115,0.5242080092430115,안정
KOSDAQ,40160,(주)누리플렉스,2019,2020,small_and_medium,it_services,2020,train,0,0.24926293,0,0,0,0.5,0.5242080092430115,0.5242080092430115,안정
KOSDAQ,40160,(주)누리플렉스,2020,2021,small_and_medium,it_services,2021,train,0,0.4217289,0,0,0,0.5,0.5242080092430115,0.5242080092430115,관찰
KOSDAQ,40160,(주)누리플렉스,2021,2022,mid_sized,it_services,2022,train,0,0.34603426,0,0,0,0.5,0.5242080092430115,0.5242080092430115,안정
KOSDAQ,40300,(주)와이티엔,2014,2015,mid_sized,it_services,2015,train,0,0.36250815,0,0,0,0.5,0.5242080092430115,0.5242080092430115,관찰
KOSDAQ,40300,(주)와이티엔,2015,2016,mid_sized,it_services,2016,train,0,0.26901135,0,0,0,0.5,0.5242080092430115,0.5242080092430115,안정
KOSDAQ,40300,(주)와이티엔,2016,2017,mid_sized,it_services,2017,train,0,0.28858805,0,0,0,0.5,0.5242080092430115,0.5242080092430115,안정
KOSDAQ,40300,(주)와이티엔,2018,2019,mid_sized,it_services,2019,train,0,0.13680004,0,0,0,0.5,0.5242080092430115,0.5242080092430115,안정
KOSDAQ,40910,(주)아이씨디,2017,2018,small_and_medium,manufacturing,2018,train,0,0.1648748,0,0,0,0.5,0.5242080092430115,0.5242080092430115,안정
KOSDAQ,40910,(주)아이씨디,2018,2019,mid_sized,manufacturing,2019,train,0,0.030628,0,0,0,0.5,0.5242080092430115,0.5242080092430115,안정
KOSDAQ,40910,(주)아이씨디,2019,2020,mid_sized,manufacturing,2020,train,0,0.01885818,0,0,0,0.5,0.5242080092430115,0.5242080092430115,안정
KOSDAQ,40910,(주)아이씨디,2020,2021,mid_sized,manufacturing,2021,train,0,0.0058701644,0,0,0,0.5,0.5242080092430115,0.5242080092430115,안정
KOSDAQ,40910,(주)아이씨디,2021,2022,mid_sized,manufacturing,2022,train,0,0.035444297,0,0,0,0.5,0.5242080092430115,0.5242080092430115,안정
KOSDAQ,41020,(주)폴라리스오피스,2019,2020,small_and_medium,it_services,2020,train,1,0.98073786,1,1,1,0.5,0.5242080092430115,0.5242080092430115,고위험
KOSDAQ,41830,(주)인바디,2016,2017,small_and_medium,manufacturing,2017,train,0,0.008366327,0,0,0,0.5,0.5242080092430115,0.5242080092430115,안정
KOSDAQ,41830,(주)인바디,2017,2018,small_and_medium,manufacturing,2018,train,0,0.01076074,0,0,0,0.5,0.5242080092430115,0.5242080092430115,안정
KOSDAQ,41830,(주)인바디,2018,2019,small_and_medium,manufacturing,2019,train,0,0.013791998,0,0,0,0.5,0.5242080092430115,0.5242080092430115,안정
KOSDAQ,41830,(주)인바디,2019,2020,small_and_medium,manufacturing,2020,train,0,0.0066561094,0,0,0,0.5,0.5242080092430115,0.5242080092430115,안정
KOSDAQ,41830,(주)인바디,2020,2021,small_and_medium,manufacturing,2021,train,0,0.01726425,0,0,0,0.5,0.5242080092430115,0.5242080092430115,안정
KOSDAQ,41830,(주)인바디,2021,2022,small_and_medium,manufacturing,2022,train,0,0.010305037,0,0,0,0.5,0.5242080092430115,0.5242080092430115,안정
KOSDAQ,42000,카페24(주),2021,2022,mid_sized,it_services,2022,train,0,0.055849012,0,0,0,0.5,0.5242080092430115,0.5242080092430115,안정
KOSDAQ,42370,(주)비츠로테크,2014,2015,small_and_medium,it_services,2015,train,0,0.48529774,0,0,0,0.5,0.5242080092430115,0.5242080092430115,관찰
KOSDAQ,42370,(주)비츠로테크,2015,2016,small_and_medium,it_services,2016,train,0,0.48529774,0,0,0,0.5,0.5242080092430115,0.5242080092430115,관찰
KOSDAQ,42370,(주)비츠로테크,2017,2018,mid_sized,it_services,2018,train,0,0.013620753,0,0,0,0.5,0.5242080092430115,0.5242080092430115,안정
KOSDAQ,42370,(주)비츠로테크,2020,2021,mid_sized,it_services,2021,train,0,0.008913448,0,0,0,0.5,0.5242080092430115,0.5242080092430115,안정
KOSDAQ,42370,(주)비츠로테크,2021,2022,mid_sized,it_services,2022,train,0,0.0069263214,0,0,0,0.5,0.5242080092430115,0.5242080092430115,안정
KOSDAQ,42510,라온시큐어(주),2020,2021,small_and_medium,it_services,2021,train,1,0.95405775,1,1,1,0.5,0.5242080092430115,0.5242080092430115,고위험
KOSDAQ,42510,라온시큐어(주),2021,2022,small_and_medium,it_services,2022,train,1,0.9770686,1,1,1,0.5,0.5242080092430115,0.5242080092430115,고위험
KOSDAQ,43220,(주)티에스넥스젠,2016,2017,small_and_medium,manufacturing,2017,train,1,0.9972365,1,1,1,0.5,0.5242080092430115,0.5242080092430115,고위험
KOSDAQ,43220,(주)티에스넥스젠,2017,2018,small_and_medium,manufacturing,2018,train,1,0.99721044,1,1,1,0.5,0.5242080092430115,0.5242080092430115,고위험
KOSDAQ,43220,(주)티에스넥스젠,2018,2019,small_and_medium,manufacturing,2019,train,1,0.9975319,1,1,1,0.5,0.5242080092430115,0.5242080092430115,고위험
KOSDAQ,43220,(주)티에스넥스젠,2019,2020,small_and_medium,manufacturing,2020,train,1,0.9845403,1,1,1,0.5,0.5242080092430115,0.5242080092430115,고위험
KOSDAQ,43220,(주)티에스넥스젠,2020,2021,small_and_medium,manufacturing,2021,train,1,0.9395407,1,1,1,0.5,0.5242080092430115,0.5242080092430115,고위험
KOSDAQ,43220,(주)티에스넥스젠,2021,2022,small_and_medium,manufacturing,2022,train,1,0.9862839,1,1,1,0.5,0.5242080092430115,0.5242080092430115,고위험
KOSDAQ,43290,케이맥(주),2014,2015,small_and_medium,manufacturing,2015,train,1,0.929508,1,1,1,0.5,0.5242080092430115,0.5242080092430115,고위험
KOSDAQ,43290,케이맥(주),2015,2016,small_and_medium,manufacturing,2016,train,1,0.95884514,1,1,1,0.5,0.5242080092430115,0.5242080092430115,고위험
KOSDAQ,43290,케이맥(주),2016,2017,small_and_medium,manufacturing,2017,train,1,0.7962188,1,1,1,0.5,0.5242080092430115,0.5242080092430115,고위험
KOSDAQ,43290,케이맥(주),2017,2018,small_and_medium,manufacturing,2018,train,1,0.9407764,1,1,1,0.5,0.5242080092430115,0.5242080092430115,고위험
KOSDAQ,43290,케이맥(주),2018,2019,small_and_medium,manufacturing,2019,train,1,0.8009365,1,1,1,0.5,0.5242080092430115,0.5242080092430115,고위험
KOSDAQ,43290,케이맥(주),2019,2020,small_and_medium,manufacturing,2020,train,1,0.9049702,1,1,1,0.5,0.5242080092430115,0.5242080092430115,고위험
KOSDAQ,43910,(주)자연과환경,2019,2020,small_and_medium,manufacturing,2020,train,1,0.97747755,1,1,1,0.5,0.5242080092430115,0.5242080092430115,고위험
KOSDAQ,43910,(주)자연과환경,2020,2021,small_and_medium,manufacturing,2021,train,1,0.98058265,1,1,1,0.5,0.5242080092430115,0.5242080092430115,고위험
KOSDAQ,43910,(주)자연과환경,2021,2022,small_and_medium,manufacturing,2022,train,1,0.994753,1,1,1,0.5,0.5242080092430115,0.5242080092430115,고위험
KOSDAQ,44060,조광아이엘아이(주),2015,2016,small_and_medium,manufacturing,2016,train,0,0.050608914,0,0,0,0.5,0.5242080092430115,0.5242080092430115,안정
KOSDAQ,44060,조광아이엘아이(주),2016,2017,small_and_medium,manufacturing,2017,train,0,0.05014016,0,0,0,0.5,0.5242080092430115,0.5242080092430115,안정
KOSDAQ,44060,조광아이엘아이(주),2017,2018,small_and_medium,manufacturing,2018,train,0,0.027669378,0,0,0,0.5,0.5242080092430115,0.5242080092430115,안정
KOSDAQ,44180,케이디(주),2019,2020,small_and_medium,construction,2020,train,1,0.977684,1,1,1,0.5,0.5242080092430115,0.5242080092430115,고위험
KOSDAQ,44180,케이디(주),2020,2021,small_and_medium,construction,2021,train,1,0.95061934,1,1,1,0.5,0.5242080092430115,0.5242080092430115,고위험
KOSDAQ,44340,(주)위닉스,2014,2015,mid_sized,manufacturing,2015,train,1,0.71493745,1,1,1,0.5,0.5242080092430115,0.5242080092430115,고위험
KOSDAQ,44340,(주)위닉스,2015,2016,mid_sized,manufacturing,2016,train,1,0.8012474,1,1,1,0.5,0.5242080092430115,0.5242080092430115,고위험
KOSDAQ,44340,(주)위닉스,2018,2019,mid_sized,manufacturing,2019,train,0,0.0797041,0,0,0,0.5,0.5242080092430115,0.5242080092430115,안정
KOSDAQ,44340,(주)위닉스,2019,2020,mid_sized,manufacturing,2020,train,0,0.025067782,0,0,0,0.5,0.5242080092430115,0.5242080092430115,안정
KOSDAQ,44340,(주)위닉스,2020,2021,mid_sized,manufacturing,2021,train,0,0.059567425,0,0,0,0.5,0.5242080092430115,0.5242080092430115,안정
KOSDAQ,44340,(주)위닉스,2021,2022,mid_sized,manufacturing,2022,train,0,0.22396521,0,0,0,0.5,0.5242080092430115,0.5242080092430115,안정
KOSDAQ,44480,(주)빌리언스,2017,2018,small_and_medium,manufacturing,2018,train,1,0.94417214,1,1,1,0.5,0.5242080092430115,0.5242080092430115,고위험
KOSDAQ,44480,(주)빌리언스,2018,2019,small_and_medium,manufacturing,2019,train,1,0.98065776,1,1,1,0.5,0.5242080092430115,0.5242080092430115,고위험
KOSDAQ,44480,(주)빌리언스,2019,2020,small_and_medium,manufacturing,2020,train,1,0.93527585,1,1,1,0.5,0.5242080092430115,0.5242080092430115,고위험
KOSDAQ,44480,(주)빌리언스,2020,2021,small_and_medium,manufacturing,2021,train,1,0.9721761,1,1,1,0.5,0.5242080092430115,0.5242080092430115,고위험
KOSDAQ,44480,(주)빌리언스,2021,2022,small_and_medium,manufacturing,2022,train,1,0.9863977,1,1,1,0.5,0.5242080092430115,0.5242080092430115,고위험
KOSDAQ,44490,(주)태웅,2014,2015,mid_sized,manufacturing,2015,train,0,0.38390526,0,0,0,0.5,0.5242080092430115,0.5242080092430115,관찰
KOSDAQ,44490,(주)태웅,2015,2016,mid_sized,manufacturing,2016,train,0,0.38390526,0,0,0,0.5,0.5242080092430115,0.5242080092430115,관찰
KOSDAQ,44490,(주)태웅,2016,2017,mid_sized,manufacturing,2017,train,0,0.38390526,0,0,0,0.5,0.5242080092430115,0.5242080092430115,관찰
KOSDAQ,44490,(주)태웅,2017,2018,mid_sized,manufacturing,2018,train,0,0.3816469,0,0,0,0.5,0.5242080092430115,0.5242080092430115,관찰
KOSDAQ,44490,(주)태웅,2018,2019,mid_sized,manufacturing,2019,train,0,0.3816469,0,0,0,0.5,0.5242080092430115,0.5242080092430115,관찰
KOSDAQ,44490,(주)태웅,2019,2020,mid_sized,manufacturing,2020,train,0,0.3816469,0,0,0,0.5,0.5242080092430115,0.5242080092430115,관찰
KOSDAQ,45060,(주)오공,2018,2019,mid_sized,manufacturing,2019,train,0,0.26666042,0,0,0,0.5,0.5242080092430115,0.5242080092430115,안정
KOSDAQ,45060,(주)오공,2019,2020,mid_sized,manufacturing,2020,train,0,0.1003492,0,0,0,0.5,0.5242080092430115,0.5242080092430115,안정
KOSDAQ,45060,(주)오공,2020,2021,mid_sized,manufacturing,2021,train,0,0.045814835,0,0,0,0.5,0.5242080092430115,0.5242080092430115,안정
KOSDAQ,45060,(주)오공,2021,2022,mid_sized,manufacturing,2022,train,0,0.023645425,0,0,0,0.5,0.5242080092430115,0.5242080092430115,안정
KOSDAQ,45300,성우테크론(주),2018,2019,small_and_medium,manufacturing,2019,train,0,0.13729702,0,0,0,0.5,0.5242080092430115,0.5242080092430115,안정
KOSDAQ,45300,성우테크론(주),2019,2020,small_and_medium,manufacturing,2020,train,0,0.43986458,0,0,0,0.5,0.5242080092430115,0.5242080092430115,관찰
KOSDAQ,45300,성우테크론(주),2020,2021,small_and_medium,manufacturing,2021,train,0,0.20554098,0,0,0,0.5,0.5242080092430115,0.5242080092430115,안정
KOSDAQ,45300,성우테크론(주),2021,2022,small_and_medium,manufacturing,2022,train,0,0.049977493,0,0,0,0.5,0.5242080092430115,0.5242080092430115,안정
KOSDAQ,45660,(주)에이텍,2016,2017,small_and_medium,manufacturing,2017,train,0,0.5343487,1,1,1,0.5,0.5242080092430115,0.5242080092430115,관찰
KOSDAQ,45660,(주)에이텍,2017,2018,small_and_medium,manufacturing,2018,train,0,0.5319694,1,1,1,0.5,0.5242080092430115,0.5242080092430115,관찰
KOSDAQ,45660,(주)에이텍,2021,2022,small_and_medium,manufacturing,2022,train,0,0.5204859,1,0,0,0.5,0.5242080092430115,0.5242080092430115,관찰
KOSDAQ,46070,(주)코다코,2014,2015,mid_sized,manufacturing,2015,train,1,0.8565718,1,1,1,0.5,0.5242080092430115,0.5242080092430115,고위험
KOSDAQ,46070,(주)코다코,2015,2016,mid_sized,manufacturing,2016,train,0,0.6791093,1,1,1,0.5,0.5242080092430115,0.5242080092430115,고위험
KOSDAQ,46070,(주)코다코,2016,2017,mid_sized,manufacturing,2017,train,0,0.56040275,1,1,1,0.5,0.5242080092430115,0.5242080092430115,관찰
KOSDAQ,46070,(주)코다코,2017,2018,mid_sized,manufacturing,2018,train,0,0.7207131,1,1,1,0.5,0.5242080092430115,0.5242080092430115,고위험
KOSDAQ,46120,(주)오르비텍,2017,2018,small_and_medium,it_services,2018,train,0,0.31338143,0,0,0,0.5,0.5242080092430115,0.5242080092430115,안정
KOSDAQ,46120,(주)오르비텍,2018,2019,small_and_medium,it_services,2019,train,0,0.3983664,0,0,0,0.5,0.5242080092430115,0.5242080092430115,관찰
KOSDAQ,46120,(주)오르비텍,2019,2020,small_and_medium,it_services,2020,train,0,0.47681803,0,0,0,0.5,0.5242080092430115,0.5242080092430115,관찰
KOSDAQ,46120,(주)오르비텍,2020,2021,small_and_medium,it_services,2021,train,0,0.88640314,1,1,1,0.5,0.5242080092430115,0.5242080092430115,고위험
KOSDAQ,46120,(주)오르비텍,2021,2022,small_and_medium,it_services,2022,train,0,0.602055,1,1,1,0.5,0.5242080092430115,0.5242080092430115,관찰
KOSDAQ,46140,(주)에스비에스콘텐츠허브,2014,2015,large,it_services,2015,train,0,0.0053524734,0,0,0,0.5,0.5242080092430115,0.5242080092430115,안정
KOSDAQ,46940,우원개발(주),2021,2022,mid_sized,construction,2022,train,0,0.415148,0,0,0,0.5,0.5242080092430115,0.5242080092430115,관찰
KOSDAQ,46970,(주)우리로,2014,2015,small_and_medium,wholesale_retail,2015,train,1,0.8102303,1,1,1,0.5,0.5242080092430115,0.5242080092430115,고위험
KOSDAQ,46970,(주)우리로,2015,2016,mid_sized,wholesale_retail,2016,train,1,0.9307556,1,1,1,0.5,0.5242080092430115,0.5242080092430115,고위험
KOSDAQ,46970,(주)우리로,2016,2017,small_and_medium,wholesale_retail,2017,train,1,0.9703095,1,1,1,0.5,0.5242080092430115,0.5242080092430115,고위험
KOSDAQ,46970,(주)우리로,2017,2018,small_and_medium,wholesale_retail,2018,train,1,0.9883625,1,1,1,0.5,0.5242080092430115,0.5242080092430115,고위험
KOSDAQ,46970,(주)우리로,2018,2019,small_and_medium,wholesale_retail,2019,train,1,0.9911118,1,1,1,0.5,0.5242080092430115,0.5242080092430115,고위험
KOSDAQ,46970,(주)우리로,2019,2020,small_and_medium,wholesale_retail,2020,train,1,0.9897565,1,1,1,0.5,0.5242080092430115,0.5242080092430115,고위험
KOSDAQ,46970,(주)우리로,2020,2021,small_and_medium,wholesale_retail,2021,train,1,0.9936946,1,1,1,0.5,0.5242080092430115,0.5242080092430115,고위험
KOSDAQ,46970,(주)우리로,2021,2022,small_and_medium,wholesale_retail,2022,train,1,0.9605753,1,1,1,0.5,0.5242080092430115,0.5242080092430115,고위험
KOSDAQ,47440,레이젠(주),2014,2015,mid_sized,manufacturing,2015,train,1,0.93734646,1,1,1,0.5,0.5242080092430115,0.5242080092430115,고위험
KOSDAQ,47440,레이젠(주),2015,2016,mid_sized,manufacturing,2016,train,1,0.8727882,1,1,1,0.5,0.5242080092430115,0.5242080092430115,고위험
KOSDAQ,47440,레이젠(주),2016,2017,mid_sized,manufacturing,2017,train,1,0.9624947,1,1,1,0.5,0.5242080092430115,0.5242080092430115,고위험
KOSDAQ,48410,현대바이오사이언스(주),2017,2018,small_and_medium,manufacturing,2018,train,1,0.9915758,1,1,1,0.5,0.5242080092430115,0.5242080092430115,고위험
KOSDAQ,48410,현대바이오사이언스(주),2018,2019,small_and_medium,manufacturing,2019,train,1,0.9377389,1,1,1,0.5,0.5242080092430115,0.5242080092430115,고위험
KOSDAQ,48430,(주)유라테크,2014,2015,small_and_medium,manufacturing,2015,train,0,0.032316815,0,0,0,0.5,0.5242080092430115,0.5242080092430115,안정
KOSDAQ,48430,(주)유라테크,2015,2016,mid_sized,manufacturing,2016,train,0,0.016171,0,0,0,0.5,0.5242080092430115,0.5242080092430115,안정
KOSDAQ,48430,(주)유라테크,2016,2017,mid_sized,manufacturing,2017,train,0,0.028087674,0,0,0,0.5,0.5242080092430115,0.5242080092430115,안정
KOSDAQ,48430,(주)유라테크,2017,2018,mid_sized,manufacturing,2018,train,0,0.01940758,0,0,0,0.5,0.5242080092430115,0.5242080092430115,안정
KOSDAQ,48430,(주)유라테크,2018,2019,mid_sized,manufacturing,2019,train,0,0.040157713,0,0,0,0.5,0.5242080092430115,0.5242080092430115,안정
KOSDAQ,48430,(주)유라테크,2019,2020,mid_sized,manufacturing,2020,train,0,0.05025165,0,0,0,0.5,0.5242080092430115,0.5242080092430115,안정
KOSDAQ,48430,(주)유라테크,2020,2021,mid_sized,manufacturing,2021,train,0,0.13299976,0,0,0,0.5,0.5242080092430115,0.5242080092430115,안정
KOSDAQ,48430,(주)유라테크,2021,2022,mid_sized,manufacturing,2022,train,0,0.024751248,0,0,0,0.5,0.5242080092430115,0.5242080092430115,안정
KOSDAQ,48550,(주)에스엠컬처앤콘텐츠,2019,2020,mid_sized,it_services,2020,train,0,0.13789125,0,0,0,0.5,0.5242080092430115,0.5242080092430115,안정
KOSDAQ,48550,(주)에스엠컬처앤콘텐츠,2020,2021,mid_sized,it_services,2021,train,1,0.85115945,1,1,1,0.5,0.5242080092430115,0.5242080092430115,고위험
KOSDAQ,48550,(주)에스엠컬처앤콘텐츠,2021,2022,mid_sized,it_services,2022,train,1,0.81320655,1,1,1,0.5,0.5242080092430115,0.5242080092430115,고위험
KOSDAQ,48830,(주)엔피케이,2021,2022,small_and_medium,manufacturing,2022,train,0,0.3974244,0,0,0,0.5,0.5242080092430115,0.5242080092430115,관찰
KOSDAQ,48870,(주)시너지이노베이션,2018,2019,small_and_medium,manufacturing,2019,train,1,0.98441064,1,1,1,0.5,0.5242080092430115,0.5242080092430115,고위험
KOSDAQ,48870,(주)시너지이노베이션,2019,2020,small_and_medium,manufacturing,2020,train,1,0.9299375,1,1,1,0.5,0.5242080092430115,0.5242080092430115,고위험
KOSDAQ,48870,(주)시너지이노베이션,2020,2021,small_and_medium,manufacturing,2021,train,1,0.9570467,1,1,1,0.5,0.5242080092430115,0.5242080092430115,고위험
KOSDAQ,48870,(주)시너지이노베이션,2021,2022,small_and_medium,manufacturing,2022,train,1,0.9007198,1,1,1,0.5,0.5242080092430115,0.5242080092430115,고위험
KOSDAQ,49070,인탑스(주),2014,2015,mid_sized,manufacturing,2015,train,0,0.06596275,0,0,0,0.5,0.5242080092430115,0.5242080092430115,안정
KOSDAQ,49070,인탑스(주),2015,2016,mid_sized,manufacturing,2016,train,0,0.0059164455,0,0,0,0.5,0.5242080092430115,0.5242080092430115,안정
KOSDAQ,49070,인탑스(주),2016,2017,mid_sized,manufacturing,2017,train,0,0.007062444,0,0,0,0.5,0.5242080092430115,0.5242080092430115,안정
KOSDAQ,49070,인탑스(주),2017,2018,mid_sized,manufacturing,2018,train,0,0.0027176049,0,0,0,0.5,0.5242080092430115,0.5242080092430115,안정
KOSDAQ,49070,인탑스(주),2018,2019,mid_sized,manufacturing,2019,train,0,0.003806293,0,0,0,0.5,0.5242080092430115,0.5242080092430115,안정
KOSDAQ,49070,인탑스(주),2019,2020,mid_sized,manufacturing,2020,train,0,0.011392972,0,0,0,0.5,0.5242080092430115,0.5242080092430115,안정
KOSDAQ,49070,인탑스(주),2020,2021,mid_sized,manufacturing,2021,train,0,0.008419953,0,0,0,0.5,0.5242080092430115,0.5242080092430115,안정
KOSDAQ,49070,인탑스(주),2021,2022,mid_sized,manufacturing,2022,train,0,0.004341799,0,0,0,0.5,0.5242080092430115,0.5242080092430115,안정
KOSDAQ,49120,(주)파인디앤씨,2014,2015,small_and_medium,manufacturing,2015,train,1,0.90077114,1,1,1,0.5,0.5242080092430115,0.5242080092430115,고위험
KOSDAQ,49120,(주)파인디앤씨,2015,2016,small_and_medium,manufacturing,2016,train,1,0.9308749,1,1,1,0.5,0.5242080092430115,0.5242080092430115,고위험
KOSDAQ,49120,(주)파인디앤씨,2016,2017,small_and_medium,manufacturing,2017,train,1,0.901214,1,1,1,0.5,0.5242080092430115,0.5242080092430115,고위험
KOSDAQ,49120,(주)파인디앤씨,2017,2018,small_and_medium,manufacturing,2018,train,1,0.9800597,1,1,1,0.5,0.5242080092430115,0.5242080092430115,고위험
KOSDAQ,49120,(주)파인디앤씨,2018,2019,small_and_medium,manufacturing,2019,train,1,0.9556653,1,1,1,0.5,0.5242080092430115,0.5242080092430115,고위험
KOSDAQ,49120,(주)파인디앤씨,2019,2020,small_and_medium,manufacturing,2020,train,1,0.93348706,1,1,1,0.5,0.5242080092430115,0.5242080092430115,고위험
KOSDAQ,49180,(주)셀루메드,2018,2019,small_and_medium,manufacturing,2019,train,1,0.9968003,1,1,1,0.5,0.5242080092430115,0.5242080092430115,고위험
KOSDAQ,49180,(주)셀루메드,2020,2021,small_and_medium,manufacturing,2021,train,1,0.9753059,1,1,1,0.5,0.5242080092430115,0.5242080092430115,고위험
KOSDAQ,49180,(주)셀루메드,2021,2022,small_and_medium,manufacturing,2022,train,1,0.9435044,1,1,1,0.5,0.5242080092430115,0.5242080092430115,고위험
KOSDAQ,49480,(주)오픈베이스,2021,2022,mid_sized,it_services,2022,train,0,0.110445894,0,0,0,0.5,0.5242080092430115,0.5242080092430115,안정
KOSDAQ,49960,(주)쎌바이오텍,2019,2020,small_and_medium,manufacturing,2020,train,0,0.023698168,0,0,0,0.5,0.5242080092430115,0.5242080092430115,안정
KOSDAQ,50110,(주)캠시스,2016,2017,mid_sized,manufacturing,2017,train,1,0.9747097,1,1,1,0.5,0.5242080092430115,0.5242080092430115,고위험
KOSDAQ,50110,(주)캠시스,2017,2018,mid_sized,manufacturing,2018,train,1,0.9661253,1,1,1,0.5,0.5242080092430115,0.5242080092430115,고위험
KOSDAQ,50760,(주)에스폴리텍,2020,2021,mid_sized,manufacturing,2021,train,0,0.34918597,0,0,0,0.5,0.5242080092430115,0.5242080092430115,안정
KOSDAQ,50760,(주)에스폴리텍,2021,2022,mid_sized,manufacturing,2022,train,1,0.7613349,1,1,1,0.5,0.5242080092430115,0.5242080092430115,고위험
KOSDAQ,50890,(주)쏠리드,2021,2022,mid_sized,manufacturing,2022,train,1,0.8740049,1,1,1,0.5,0.5242080092430115,0.5242080092430115,고위험
KOSDAQ,51360,(주)토비스,2020,2021,mid_sized,manufacturing,2021,train,0,0.16586785,0,0,0,0.5,0.5242080092430115,0.5242080092430115,안정
KOSDAQ,51360,(주)토비스,2021,2022,mid_sized,manufacturing,2022,train,0,0.6767222,1,1,1,0.5,0.5242080092430115,0.5242080092430115,고위험
KOSDAQ,51490,나라엠앤디(주),2017,2018,small_and_medium,manufacturing,2018,train,1,0.7897255,1,1,1,0.5,0.5242080092430115,0.5242080092430115,고위험
KOSDAQ,51490,나라엠앤디(주),2018,2019,mid_sized,manufacturing,2019,train,1,0.79954547,1,1,1,0.5,0.5242080092430115,0.5242080092430115,고위험
KOSDAQ,51490,나라엠앤디(주),2019,2020,mid_sized,manufacturing,2020,train,1,0.9222803,1,1,1,0.5,0.5242080092430115,0.5242080092430115,고위험
KOSDAQ,51490,나라엠앤디(주),2020,2021,mid_sized,manufacturing,2021,train,1,0.9369164,1,1,1,0.5,0.5242080092430115,0.5242080092430115,고위험
KOSDAQ,51490,나라엠앤디(주),2021,2022,mid_sized,manufacturing,2022,train,1,0.87364286,1,1,1,0.5,0.5242080092430115,0.5242080092430115,고위험
KOSDAQ,51500,씨제이프레시웨이(주),2014,2015,large,wholesale_retail,2015,train,0,0.016513519,0,0,0,0.5,0.5242080092430115,0.5242080092430115,안정
KOSDAQ,51500,씨제이프레시웨이(주),2015,2016,large,wholesale_retail,2016,train,0,0.0053814123,0,0,0,0.5,0.5242080092430115,0.5242080092430115,안정
KOSDAQ,51500,씨제이프레시웨이(주),2016,2017,large,wholesale_retail,2017,train,0,0.002389601,0,0,0,0.5,0.5242080092430115,0.5242080092430115,안정
KOSDAQ,51500,씨제이프레시웨이(주),2017,2018,large,wholesale_retail,2018,train,0,0.0010087524,0,0,0,0.5,0.5242080092430115,0.5242080092430115,안정
KOSDAQ,51500,씨제이프레시웨이(주),2018,2019,large,wholesale_retail,2019,train,0,0.0025562758,0,0,0,0.5,0.5242080092430115,0.5242080092430115,안정
KOSDAQ,51500,씨제이프레시웨이(주),2019,2020,large,wholesale_retail,2020,train,0,0.002046908,0,0,0,0.5,0.5242080092430115,0.5242080092430115,안정
KOSDAQ,51500,씨제이프레시웨이(주),2020,2021,large,wholesale_retail,2021,train,0,0.002436202,0,0,0,0.5,0.5242080092430115,0.5242080092430115,안정
KOSDAQ,51500,씨제이프레시웨이(주),2021,2022,large,wholesale_retail,2022,train,0,0.0031775378,0,0,0,0.5,0.5242080092430115,0.5242080092430115,안정
KOSDAQ,52710,(주)아모텍,2014,2015,mid_sized,manufacturing,2015,train,0,0.6763542,1,1,1,0.5,0.5242080092430115,0.5242080092430115,고위험
KOSDAQ,52710,(주)아모텍,2015,2016,mid_sized,manufacturing,2016,train,0,0.17931797,0,0,0,0.5,0.5242080092430115,0.5242080092430115,안정
KOSDAQ,52710,(주)아모텍,2016,2017,mid_sized,manufacturing,2017,train,0,0.14380434,0,0,0,0.5,0.5242080092430115,0.5242080092430115,안정
KOSDAQ,52710,(주)아모텍,2017,2018,mid_sized,manufacturing,2018,train,0,0.21793556,0,0,0,0.5,0.5242080092430115,0.5242080092430115,안정
KOSDAQ,52710,(주)아모텍,2018,2019,mid_sized,manufacturing,2019,train,0,0.30126956,0,0,0,0.5,0.5242080092430115,0.5242080092430115,안정
KOSDAQ,52710,(주)아모텍,2019,2020,mid_sized,manufacturing,2020,train,0,0.49125078,0,0,0,0.5,0.5242080092430115,0.5242080092430115,관찰
KOSDAQ,52710,(주)아모텍,2020,2021,mid_sized,manufacturing,2021,train,1,0.7412477,1,1,1,0.5,0.5242080092430115,0.5242080092430115,고위험
KOSDAQ,52710,(주)아모텍,2021,2022,mid_sized,manufacturing,2022,train,1,0.8816031,1,1,1,0.5,0.5242080092430115,0.5242080092430115,고위험
KOSDAQ,52900,(주)케이엑스하이텍,2016,2017,small_and_medium,manufacturing,2017,train,1,0.8381613,1,1,1,0.5,0.5242080092430115,0.5242080092430115,고위험
KOSDAQ,52900,(주)케이엑스하이텍,2017,2018,small_and_medium,manufacturing,2018,train,1,0.90969956,1,1,1,0.5,0.5242080092430115,0.5242080092430115,고위험
KOSDAQ,52900,(주)케이엑스하이텍,2018,2019,small_and_medium,manufacturing,2019,train,0,0.10747738,0,0,0,0.5,0.5242080092430115,0.5242080092430115,안정
KOSDAQ,52900,(주)케이엑스하이텍,2019,2020,small_and_medium,manufacturing,2020,train,0,0.11834129,0,0,0,0.5,0.5242080092430115,0.5242080092430115,안정
KOSDAQ,52900,(주)케이엑스하이텍,2020,2021,small_and_medium,manufacturing,2021,train,0,0.23289922,0,0,0,0.5,0.5242080092430115,0.5242080092430115,안정
KOSDAQ,52900,(주)케이엑스하이텍,2021,2022,small_and_medium,manufacturing,2022,train,0,0.7129959,1,1,1,0.5,0.5242080092430115,0.5242080092430115,고위험
KOSDAQ,53060,(주)세동,2014,2015,small_and_medium,manufacturing,2015,train,1,0.967755,1,1,1,0.5,0.5242080092430115,0.5242080092430115,고위험
KOSDAQ,53060,(주)세동,2015,2016,small_and_medium,manufacturing,2016,train,1,0.9794494,1,1,1,0.5,0.5242080092430115,0.5242080092430115,고위험
KOSDAQ,53060,(주)세동,2016,2017,small_and_medium,manufacturing,2017,train,1,0.98608243,1,1,1,0.5,0.5242080092430115,0.5242080092430115,고위험
KOSDAQ,53060,(주)세동,2017,2018,mid_sized,manufacturing,2018,train,1,0.9758852,1,1,1,0.5,0.5242080092430115,0.5242080092430115,고위험
KOSDAQ,53060,(주)세동,2018,2019,mid_sized,manufacturing,2019,train,1,0.9848471,1,1,1,0.5,0.5242080092430115,0.5242080092430115,고위험
KOSDAQ,53060,(주)세동,2019,2020,mid_sized,manufacturing,2020,train,1,0.9883342,1,1,1,0.5,0.5242080092430115,0.5242080092430115,고위험
KOSDAQ,53060,(주)세동,2020,2021,mid_sized,manufacturing,2021,train,1,0.9904799,1,1,1,0.5,0.5242080092430115,0.5242080092430115,고위험
KOSDAQ,53060,(주)세동,2021,2022,mid_sized,manufacturing,2022,train,1,0.9853271,1,1,1,0.5,0.5242080092430115,0.5242080092430115,고위험
KOSDAQ,53080,케이엔솔(주),2020,2021,mid_sized,manufacturing,2021,train,0,0.1312892,0,0,0,0.5,0.5242080092430115,0.5242080092430115,안정
KOSDAQ,53080,케이엔솔(주),2021,2022,mid_sized,manufacturing,2022,train,0,0.41406667,0,0,0,0.5,0.5242080092430115,0.5242080092430115,관찰
KOSDAQ,53260,금강철강(주),2020,2021,mid_sized,manufacturing,2021,train,0,0.048220817,0,0,0,0.5,0.5242080092430115,0.5242080092430115,안정
KOSDAQ,53260,금강철강(주),2021,2022,mid_sized,manufacturing,2022,train,0,0.029411761,0,0,0,0.5,0.5242080092430115,0.5242080092430115,안정
KOSDAQ,53300,한국정보인증(주),2014,2015,mid_sized,it_services,2015,train,0,0.02637686,0,0,0,0.5,0.5242080092430115,0.5242080092430115,안정
KOSDAQ,53300,한국정보인증(주),2015,2016,mid_sized,it_services,2016,train,0,0.017003305,0,0,0,0.5,0.5242080092430115,0.5242080092430115,안정
KOSDAQ,53300,한국정보인증(주),2016,2017,mid_sized,it_services,2017,train,0,0.023552071,0,0,0,0.5,0.5242080092430115,0.5242080092430115,안정
KOSDAQ,53300,한국정보인증(주),2017,2018,mid_sized,it_services,2018,train,0,0.0154572455,0,0,0,0.5,0.5242080092430115,0.5242080092430115,안정
KOSDAQ,53300,한국정보인증(주),2018,2019,mid_sized,it_services,2019,train,0,0.024777925,0,0,0,0.5,0.5242080092430115,0.5242080092430115,안정
KOSDAQ,53350,이니텍(주),2020,2021,large,it_services,2021,train,0,0.042201586,0,0,0,0.5,0.5242080092430115,0.5242080092430115,안정
KOSDAQ,53350,이니텍(주),2021,2022,large,it_services,2022,train,0,0.25493464,0,0,0,0.5,0.5242080092430115,0.5242080092430115,안정
KOSDAQ,53580,웹케시(주),2019,2020,small_and_medium,it_services,2020,train,0,0.6871621,1,1,1,0.5,0.5242080092430115,0.5242080092430115,고위험
KOSDAQ,53580,웹케시(주),2020,2021,small_and_medium,it_services,2021,train,0,0.67129636,1,1,1,0.5,0.5242080092430115,0.5242080092430115,고위험
KOSDAQ,53580,웹케시(주),2021,2022,small_and_medium,it_services,2022,train,0,0.67129636,1,1,1,0.5,0.5242080092430115,0.5242080092430115,고위험
KOSDAQ,53700,삼보모터스(주),2021,2022,mid_sized,manufacturing,2022,train,1,0.6940236,1,1,1,0.5,0.5242080092430115,0.5242080092430115,고위험
KOSDAQ,54090,(주)삼진엘앤디,2014,2015,small_and_medium,manufacturing,2015,train,1,0.84732115,1,1,1,0.5,0.5242080092430115,0.5242080092430115,고위험
KOSDAQ,54090,(주)삼진엘앤디,2018,2019,small_and_medium,manufacturing,2019,train,1,0.91635305,1,1,1,0.5,0.5242080092430115,0.5242080092430115,고위험
KOSDAQ,54090,(주)삼진엘앤디,2019,2020,small_and_medium,manufacturing,2020,train,1,0.8977299,1,1,1,0.5,0.5242080092430115,0.5242080092430115,고위험
KOSDAQ,54090,(주)삼진엘앤디,2020,2021,small_and_medium,manufacturing,2021,train,1,0.9088102,1,1,1,0.5,0.5242080092430115,0.5242080092430115,고위험
KOSDAQ,54090,(주)삼진엘앤디,2021,2022,small_and_medium,manufacturing,2022,train,1,0.90333223,1,1,1,0.5,0.5242080092430115,0.5242080092430115,고위험
KOSDAQ,54180,(주)메디콕스,2014,2015,small_and_medium,manufacturing,2015,train,1,0.5343487,1,1,1,0.5,0.5242080092430115,0.5242080092430115,관찰
KOSDAQ,54180,(주)메디콕스,2015,2016,small_and_medium,manufacturing,2016,train,1,0.5343487,1,1,1,0.5,0.5242080092430115,0.5242080092430115,관찰
KOSDAQ,54180,(주)메디콕스,2017,2018,small_and_medium,manufacturing,2018,train,1,0.5319694,1,1,1,0.5,0.5242080092430115,0.5242080092430115,관찰
KOSDAQ,54180,(주)메디콕스,2018,2019,small_and_medium,manufacturing,2019,train,1,0.5319694,1,1,1,0.5,0.5242080092430115,0.5242080092430115,관찰
KOSDAQ,54180,(주)메디콕스,2019,2020,small_and_medium,manufacturing,2020,train,1,0.9903983,1,1,1,0.5,0.5242080092430115,0.5242080092430115,고위험
KOSDAQ,54220,(주)비츠로시스,2014,2015,small_and_medium,manufacturing,2015,train,1,0.9567867,1,1,1,0.5,0.5242080092430115,0.5242080092430115,고위험
KOSDAQ,54220,(주)비츠로시스,2015,2016,small_and_medium,manufacturing,2016,train,0,0.90926856,1,1,1,0.5,0.5242080092430115,0.5242080092430115,고위험
KOSDAQ,54220,(주)비츠로시스,2016,2017,small_and_medium,manufacturing,2017,train,0,0.756301,1,1,1,0.5,0.5242080092430115,0.5242080092430115,고위험
KOSDAQ,54220,(주)비츠로시스,2017,2018,small_and_medium,manufacturing,2018,train,0,0.5319694,1,1,1,0.5,0.5242080092430115,0.5242080092430115,관찰
KOSDAQ,54450,(주)텔레칩스,2016,2017,small_and_medium,manufacturing,2017,train,0,0.016181672,0,0,0,0.5,0.5242080092430115,0.5242080092430115,안정
KOSDAQ,54450,(주)텔레칩스,2017,2018,small_and_medium,manufacturing,2018,train,0,0.03474043,0,0,0,0.5,0.5242080092430115,0.5242080092430115,안정
KOSDAQ,54450,(주)텔레칩스,2018,2019,small_and_medium,manufacturing,2019,train,0,0.01907704,0,0,0,0.5,0.5242080092430115,0.5242080092430115,안정
KOSDAQ,54450,(주)텔레칩스,2019,2020,small_and_medium,manufacturing,2020,train,0,0.03157513,0,0,0,0.5,0.5242080092430115,0.5242080092430115,안정
KOSDAQ,54540,삼영엠텍(주),2019,2020,small_and_medium,manufacturing,2020,train,0,0.41456696,0,0,0,0.5,0.5242080092430115,0.5242080092430115,관찰
KOSDAQ,54540,삼영엠텍(주),2020,2021,small_and_medium,manufacturing,2021,train,0,0.24766424,0,0,0,0.5,0.5242080092430115,0.5242080092430115,안정
KOSDAQ,54540,삼영엠텍(주),2021,2022,small_and_medium,manufacturing,2022,train,0,0.57820195,1,1,1,0.5,0.5242080092430115,0.5242080092430115,관찰
KOSDAQ,54940,(주)엑사이엔씨,2019,2020,mid_sized,construction,2020,train,1,0.7998813,1,1,1,0.5,0.5242080092430115,0.5242080092430115,고위험
KOSDAQ,56190,(주)에스에프에이,2016,2017,mid_sized,manufacturing,2017,train,0,0.0022826914,0,0,0,0.5,0.5242080092430115,0.5242080092430115,안정
KOSDAQ,56190,(주)에스에프에이,2017,2018,mid_sized,manufacturing,2018,train,0,0.005918976,0,0,0,0.5,0.5242080092430115,0.5242080092430115,안정
KOSDAQ,56190,(주)에스에프에이,2018,2019,mid_sized,manufacturing,2019,train,0,0.002652874,0,0,0,0.5,0.5242080092430115,0.5242080092430115,안정
KOSDAQ,56190,(주)에스에프에이,2019,2020,mid_sized,manufacturing,2020,train,0,0.0040205703,0,0,0,0.5,0.5242080092430115,0.5242080092430115,안정
KOSDAQ,56190,(주)에스에프에이,2020,2021,mid_sized,manufacturing,2021,train,0,0.0018818643,0,0,0,0.5,0.5242080092430115,0.5242080092430115,안정
KOSDAQ,56190,(주)에스에프에이,2021,2022,mid_sized,manufacturing,2022,train,0,0.0014323756,0,0,0,0.5,0.5242080092430115,0.5242080092430115,안정
KOSDAQ,56700,신화인터텍(주),2014,2015,large,manufacturing,2015,train,1,0.798753,1,1,1,0.5,0.5242080092430115,0.5242080092430115,고위험
KOSDAQ,56730,씨앤티85(주),2015,2016,small_and_medium,construction,2016,train,1,0.99172556,1,1,1,0.5,0.5242080092430115,0.5242080092430115,고위험
KOSDAQ,56730,씨앤티85(주),2016,2017,mid_sized,construction,2017,train,1,0.47206935,0,0,0,0.5,0.5242080092430115,0.5242080092430115,관찰
KOSDAQ,56730,씨앤티85(주),2017,2018,small_and_medium,construction,2018,train,1,0.91789436,1,1,1,0.5,0.5242080092430115,0.5242080092430115,고위험
KOSDAQ,57500,에스케이씨솔믹스(주),2014,2015,large,manufacturing,2015,train,0,0.46017876,0,0,0,0.5,0.5242080092430115,0.5242080092430115,관찰
KOSDAQ,57500,에스케이씨솔믹스(주),2015,2016,large,manufacturing,2016,train,0,0.7258881,1,1,1,0.5,0.5242080092430115,0.5242080092430115,고위험
KOSDAQ,57500,에스케이씨솔믹스(주),2016,2017,large,manufacturing,2017,train,0,0.28163534,0,0,0,0.5,0.5242080092430115,0.5242080092430115,안정
KOSDAQ,57500,에스케이씨솔믹스(주),2017,2018,large,manufacturing,2018,train,0,0.113651425,0,0,0,0.5,0.5242080092430115,0.5242080092430115,안정
KOSDAQ,57680,(주)티사이언티픽,2017,2018,small_and_medium,it_services,2018,train,1,0.82361335,1,1,1,0.5,0.5242080092430115,0.5242080092430115,고위험
KOSDAQ,57680,(주)티사이언티픽,2018,2019,small_and_medium,it_services,2019,train,1,0.59199375,1,1,1,0.5,0.5242080092430115,0.5242080092430115,관찰
KOSDAQ,57680,(주)티사이언티픽,2019,2020,small_and_medium,it_services,2020,train,1,0.59199375,1,1,1,0.5,0.5242080092430115,0.5242080092430115,관찰
KOSDAQ,58400,(주)케이엔엔,2018,2019,mid_sized,it_services,2019,train,0,0.01696005,0,0,0,0.5,0.5242080092430115,0.5242080092430115,안정
KOSDAQ,58400,(주)케이엔엔,2019,2020,mid_sized,it_services,2020,train,0,0.013089609,0,0,0,0.5,0.5242080092430115,0.5242080092430115,안정
KOSDAQ,58400,(주)케이엔엔,2020,2021,mid_sized,it_services,2021,train,0,0.0131643275,0,0,0,0.5,0.5242080092430115,0.5242080092430115,안정
KOSDAQ,58400,(주)케이엔엔,2021,2022,mid_sized,it_services,2022,train,0,0.018268203,0,0,0,0.5,0.5242080092430115,0.5242080092430115,안정
KOSDAQ,58470,리노공업(주),2016,2017,small_and_medium,manufacturing,2017,train,0,0.5343487,1,1,1,0.5,0.5242080092430115,0.5242080092430115,관찰
KOSDAQ,58470,리노공업(주),2017,2018,small_and_medium,manufacturing,2018,train,0,0.5319694,1,1,1,0.5,0.5242080092430115,0.5242080092430115,관찰
KOSDAQ,58470,리노공업(주),2018,2019,small_and_medium,manufacturing,2019,train,0,0.5319694,1,1,1,0.5,0.5242080092430115,0.5242080092430115,관찰
KOSDAQ,58470,리노공업(주),2019,2020,small_and_medium,manufacturing,2020,train,0,0.5319694,1,1,1,0.5,0.5242080092430115,0.5242080092430115,관찰
KOSDAQ,58470,리노공업(주),2020,2021,mid_sized,manufacturing,2021,train,0,0.3816469,0,0,0,0.5,0.5242080092430115,0.5242080092430115,관찰
KOSDAQ,59090,(주)미코,2014,2015,mid_sized,manufacturing,2015,train,1,0.9683312,1,1,1,0.5,0.5242080092430115,0.5242080092430115,고위험
KOSDAQ,59090,(주)미코,2015,2016,small_and_medium,manufacturing,2016,train,1,0.9059736,1,1,1,0.5,0.5242080092430115,0.5242080092430115,고위험
KOSDAQ,59090,(주)미코,2016,2017,small_and_medium,manufacturing,2017,train,1,0.7835195,1,1,1,0.5,0.5242080092430115,0.5242080092430115,고위험
KOSDAQ,59090,(주)미코,2017,2018,small_and_medium,manufacturing,2018,train,1,0.8124628,1,1,1,0.5,0.5242080092430115,0.5242080092430115,고위험
KOSDAQ,59090,(주)미코,2018,2019,small_and_medium,manufacturing,2019,train,1,0.77924746,1,1,1,0.5,0.5242080092430115,0.5242080092430115,고위험
KOSDAQ,59090,(주)미코,2019,2020,small_and_medium,manufacturing,2020,train,1,0.87453663,1,1,1,0.5,0.5242080092430115,0.5242080092430115,고위험
KOSDAQ,59090,(주)미코,2020,2021,small_and_medium,manufacturing,2021,train,1,0.7400625,1,1,1,0.5,0.5242080092430115,0.5242080092430115,고위험
KOSDAQ,59120,(주)아진엑스텍,2017,2018,small_and_medium,manufacturing,2018,train,0,0.5331714,1,1,1,0.5,0.5242080092430115,0.5242080092430115,관찰
KOSDAQ,59120,(주)아진엑스텍,2018,2019,small_and_medium,manufacturing,2019,train,0,0.5331714,1,1,1,0.5,0.5242080092430115,0.5242080092430115,관찰
KOSDAQ,59120,(주)아진엑스텍,2019,2020,small_and_medium,manufacturing,2020,train,0,0.5331714,1,1,1,0.5,0.5242080092430115,0.5242080092430115,관찰
KOSDAQ,59120,(주)아진엑스텍,2020,2021,small_and_medium,manufacturing,2021,train,0,0.5216908,1,0,0,0.5,0.5242080092430115,0.5242080092430115,관찰
KOSDAQ,59120,(주)아진엑스텍,2021,2022,small_and_medium,manufacturing,2022,train,0,0.5216908,1,0,0,0.5,0.5242080092430115,0.5242080092430115,관찰
KOSDAQ,60150,인선이엔티(주),2020,2021,mid_sized,other,2021,train,0,0.0746004,0,0,0,0.5,0.5242080092430115,0.5242080092430115,안정
KOSDAQ,60150,인선이엔티(주),2021,2022,mid_sized,other,2022,train,0,0.05387883,0,0,0,0.5,0.5242080092430115,0.5242080092430115,안정
KOSDAQ,60250,엔에이치엔케이씨피(주),2014,2015,mid_sized,other,2015,train,0,0.021957738,0,0,0,0.5,0.5242080092430115,0.5242080092430115,안정
KOSDAQ,60250,엔에이치엔케이씨피(주),2015,2016,mid_sized,other,2016,train,0,0.070622586,0,0,0,0.5,0.5242080092430115,0.5242080092430115,안정
KOSDAQ,60250,엔에이치엔케이씨피(주),2016,2017,mid_sized,other,2017,train,0,0.026888564,0,0,0,0.5,0.5242080092430115,0.5242080092430115,안정
KOSDAQ,60250,엔에이치엔케이씨피(주),2017,2018,mid_sized,other,2018,train,0,0.023759974,0,0,0,0.5,0.5242080092430115,0.5242080092430115,안정
KOSDAQ,60250,엔에이치엔케이씨피(주),2018,2019,mid_sized,other,2019,train,0,0.019553062,0,0,0,0.5,0.5242080092430115,0.5242080092430115,안정
KOSDAQ,60250,엔에이치엔케이씨피(주),2019,2020,other,other,2020,train,0,0.012384543,0,0,0,0.5,0.5242080092430115,0.5242080092430115,안정
KOSDAQ,60250,엔에이치엔케이씨피(주),2020,2021,other,other,2021,train,0,0.013889207,0,0,0,0.5,0.5242080092430115,0.5242080092430115,안정
KOSDAQ,60250,엔에이치엔케이씨피(주),2021,2022,other,other,2022,train,0,0.039558847,0,0,0,0.5,0.5242080092430115,0.5242080092430115,안정
KOSDAQ,60300,(주)레드로버,2014,2015,small_and_medium,it_services,2015,train,1,0.59430057,1,1,1,0.5,0.5242080092430115,0.5242080092430115,관찰
KOSDAQ,60300,(주)레드로버,2015,2016,small_and_medium,it_services,2016,train,1,0.9430781,1,1,1,0.5,0.5242080092430115,0.5242080092430115,고위험
KOSDAQ,60300,(주)레드로버,2016,2017,small_and_medium,it_services,2017,train,1,0.95139426,1,1,1,0.5,0.5242080092430115,0.5242080092430115,고위험
KOSDAQ,60300,(주)레드로버,2017,2018,small_and_medium,it_services,2018,train,1,0.956312,1,1,1,0.5,0.5242080092430115,0.5242080092430115,고위험
KOSDAQ,60300,(주)레드로버,2018,2019,small_and_medium,it_services,2019,train,1,0.9719849,1,1,1,0.5,0.5242080092430115,0.5242080092430115,고위험
KOSDAQ,60370,엘에스마린솔루션(주),2019,2020,large,construction,2020,train,0,0.10187589,0,0,0,0.5,0.5242080092430115,0.5242080092430115,안정
KOSDAQ,60370,엘에스마린솔루션(주),2020,2021,large,construction,2021,train,0,0.10187589,0,0,0,0.5,0.5242080092430115,0.5242080092430115,안정
KOSDAQ,60370,엘에스마린솔루션(주),2021,2022,large,construction,2022,train,0,0.10187589,0,0,0,0.5,0.5242080092430115,0.5242080092430115,안정
KOSDAQ,60560,(주)에이치씨홈센타,2020,2021,mid_sized,wholesale_retail,2021,train,1,0.8932637,1,1,1,0.5,0.5242080092430115,0.5242080092430115,고위험
KOSDAQ,60720,(주)케이에이치바텍,2014,2015,mid_sized,manufacturing,2015,train,0,0.07814889,0,0,0,0.5,0.5242080092430115,0.5242080092430115,안정
KOSDAQ,60850,(주)영림원소프트랩,2020,2021,small_and_medium,it_services,2021,train,0,0.18005592,0,0,0,0.5,0.5242080092430115,0.5242080092430115,안정
KOSDAQ,60850,(주)영림원소프트랩,2021,2022,small_and_medium,it_services,2022,train,0,0.060763314,0,0,0,0.5,0.5242080092430115,0.5242080092430115,안정
KOSDAQ,61040,(주)알에프텍,2014,2015,mid_sized,manufacturing,2015,train,0,0.2727865,0,0,0,0.5,0.5242080092430115,0.5242080092430115,안정
KOSDAQ,61040,(주)알에프텍,2015,2016,mid_sized,manufacturing,2016,train,0,0.22051111,0,0,0,0.5,0.5242080092430115,0.5242080092430115,안정
KOSDAQ,61040,(주)알에프텍,2016,2017,mid_sized,manufacturing,2017,train,0,0.071843825,0,0,0,0.5,0.5242080092430115,0.5242080092430115,안정
KOSDAQ,61040,(주)알에프텍,2017,2018,mid_sized,manufacturing,2018,train,0,0.40622017,0,0,0,0.5,0.5242080092430115,0.5242080092430115,관찰
KOSDAQ,61040,(주)알에프텍,2018,2019,mid_sized,manufacturing,2019,train,1,0.6143025,1,1,1,0.5,0.5242080092430115,0.5242080092430115,관찰
KOSDAQ,61040,(주)알에프텍,2019,2020,mid_sized,manufacturing,2020,train,1,0.77933466,1,1,1,0.5,0.5242080092430115,0.5242080092430115,고위험
KOSDAQ,61040,(주)알에프텍,2020,2021,mid_sized,manufacturing,2021,train,1,0.82990307,1,1,1,0.5,0.5242080092430115,0.5242080092430115,고위험
KOSDAQ,61040,(주)알에프텍,2021,2022,mid_sized,manufacturing,2022,train,0,0.043312408,0,0,0,0.5,0.5242080092430115,0.5242080092430115,안정
KOSDAQ,62860,(주)티엘아이,2020,2021,small_and_medium,manufacturing,2021,train,1,0.8414555,1,1,1,0.5,0.5242080092430115,0.5242080092430115,고위험
KOSDAQ,62860,(주)티엘아이,2021,2022,small_and_medium,manufacturing,2022,train,1,0.9548367,1,1,1,0.5,0.5242080092430115,0.5242080092430115,고위험
KOSDAQ,62970,(주)한국첨단소재,2019,2020,small_and_medium,manufacturing,2020,train,1,0.76433647,1,1,1,0.5,0.5242080092430115,0.5242080092430115,고위험
KOSDAQ,62970,(주)한국첨단소재,2020,2021,small_and_medium,manufacturing,2021,train,1,0.75096625,1,1,1,0.5,0.5242080092430115,0.5242080092430115,고위험
KOSDAQ,62970,(주)한국첨단소재,2021,2022,small_and_medium,manufacturing,2022,train,1,0.75096625,1,1,1,0.5,0.5242080092430115,0.5242080092430115,고위험
KOSDAQ,64240,(주)홈캐스트,2019,2020,small_and_medium,wholesale_retail,2020,train,1,0.99717414,1,1,1,0.5,0.5242080092430115,0.5242080092430115,고위험
KOSDAQ,64240,(주)홈캐스트,2021,2022,small_and_medium,wholesale_retail,2022,train,1,0.9348025,1,1,1,0.5,0.5242080092430115,0.5242080092430115,고위험
KOSDAQ,64480,(주)브리지텍,2014,2015,small_and_medium,it_services,2015,train,0,0.48726165,0,0,0,0.5,0.5242080092430115,0.5242080092430115,관찰
KOSDAQ,64480,(주)브리지텍,2015,2016,small_and_medium,it_services,2016,train,0,0.48726165,0,0,0,0.5,0.5242080092430115,0.5242080092430115,관찰
KOSDAQ,64480,(주)브리지텍,2016,2017,small_and_medium,it_services,2017,train,0,0.48726165,0,0,0,0.5,0.5242080092430115,0.5242080092430115,관찰
KOSDAQ,64480,(주)브리지텍,2017,2018,small_and_medium,it_services,2018,train,0,0.48487377,0,0,0,0.5,0.5242080092430115,0.5242080092430115,관찰
KOSDAQ,64480,(주)브리지텍,2018,2019,small_and_medium,it_services,2019,train,0,0.48487377,0,0,0,0.5,0.5242080092430115,0.5242080092430115,관찰
KOSDAQ,64480,(주)브리지텍,2019,2020,small_and_medium,it_services,2020,train,0,0.48487377,0,0,0,0.5,0.5242080092430115,0.5242080092430115,관찰
KOSDAQ,64480,(주)브리지텍,2020,2021,small_and_medium,it_services,2021,train,0,0.4733785,0,0,0,0.5,0.5242080092430115,0.5242080092430115,관찰
KOSDAQ,64480,(주)브리지텍,2021,2022,small_and_medium,it_services,2022,train,0,0.4733785,0,0,0,0.5,0.5242080092430115,0.5242080092430115,관찰
KOSDAQ,64510,유네코(주),2018,2019,small_and_medium,manufacturing,2019,train,1,0.9935068,1,1,1,0.5,0.5242080092430115,0.5242080092430115,고위험
KOSDAQ,65370,(주)위세아이텍,2020,2021,small_and_medium,it_services,2021,train,0,0.67129636,1,1,1,0.5,0.5242080092430115,0.5242080092430115,고위험
KOSDAQ,65370,(주)위세아이텍,2021,2022,small_and_medium,it_services,2022,train,0,0.67129636,1,1,1,0.5,0.5242080092430115,0.5242080092430115,고위험
KOSDAQ,65650,(주)하이퍼코퍼레이션,2021,2022,small_and_medium,wholesale_retail,2022,train,1,0.9348025,1,1,1,0.5,0.5242080092430115,0.5242080092430115,고위험
KOSDAQ,65680,(주)우주일렉트로닉스,2014,2015,mid_sized,manufacturing,2015,train,0,0.025521003,0,0,0,0.5,0.5242080092430115,0.5242080092430115,안정
KOSDAQ,65680,(주)우주일렉트로닉스,2018,2019,mid_sized,manufacturing,2019,train,0,0.15159824,0,0,0,0.5,0.5242080092430115,0.5242080092430115,안정
KOSDAQ,65680,(주)우주일렉트로닉스,2019,2020,mid_sized,manufacturing,2020,train,0,0.0749271,0,0,0,0.5,0.5242080092430115,0.5242080092430115,안정
KOSDAQ,65690,(주)파커스,2014,2015,small_and_medium,manufacturing,2015,train,0,0.2589573,0,0,0,0.5,0.5242080092430115,0.5242080092430115,안정
KOSDAQ,65690,(주)파커스,2015,2016,small_and_medium,manufacturing,2016,train,0,0.13593607,0,0,0,0.5,0.5242080092430115,0.5242080092430115,안정
KOSDAQ,65690,(주)파커스,2016,2017,small_and_medium,manufacturing,2017,train,0,0.09761789,0,0,0,0.5,0.5242080092430115,0.5242080092430115,안정
KOSDAQ,65690,(주)파커스,2017,2018,small_and_medium,manufacturing,2018,train,0,0.6161852,1,1,1,0.5,0.5242080092430115,0.5242080092430115,관찰
KOSDAQ,65690,(주)파커스,2018,2019,small_and_medium,manufacturing,2019,train,0,0.4901522,0,0,0,0.5,0.5242080092430115,0.5242080092430115,관찰
KOSDAQ,65690,(주)파커스,2019,2020,small_and_medium,manufacturing,2020,train,0,0.42314526,0,0,0,0.5,0.5242080092430115,0.5242080092430115,관찰
KOSDAQ,65690,(주)파커스,2020,2021,small_and_medium,manufacturing,2021,train,0,0.6069038,1,1,1,0.5,0.5242080092430115,0.5242080092430115,관찰
KOSDAQ,65690,(주)파커스,2021,2022,small_and_medium,manufacturing,2022,train,0,0.27264383,0,0,0,0.5,0.5242080092430115,0.5242080092430115,안정
KOSDAQ,65770,(주)씨에스,2014,2015,small_and_medium,manufacturing,2015,train,1,0.99173707,1,1,1,0.5,0.5242080092430115,0.5242080092430115,고위험
KOSDAQ,65770,(주)씨에스,2015,2016,small_and_medium,manufacturing,2016,train,1,0.9976852,1,1,1,0.5,0.5242080092430115,0.5242080092430115,고위험
KOSDAQ,65770,(주)씨에스,2016,2017,small_and_medium,manufacturing,2017,train,1,0.99637526,1,1,1,0.5,0.5242080092430115,0.5242080092430115,고위험
KOSDAQ,65770,(주)씨에스,2017,2018,small_and_medium,manufacturing,2018,train,1,0.9775134,1,1,1,0.5,0.5242080092430115,0.5242080092430115,고위험
KOSDAQ,65770,(주)씨에스,2018,2019,small_and_medium,manufacturing,2019,train,1,0.7156035,1,1,1,0.5,0.5242080092430115,0.5242080092430115,고위험
KOSDAQ,65770,(주)씨에스,2019,2020,small_and_medium,manufacturing,2020,train,1,0.8841864,1,1,1,0.5,0.5242080092430115,0.5242080092430115,고위험
KOSDAQ,65770,(주)씨에스,2020,2021,small_and_medium,manufacturing,2021,train,0,0.43498012,0,0,0,0.5,0.5242080092430115,0.5242080092430115,관찰
KOSDAQ,65770,(주)씨에스,2021,2022,small_and_medium,manufacturing,2022,train,0,0.7136538,1,1,1,0.5,0.5242080092430115,0.5242080092430115,고위험
KOSDAQ,66130,(주)하츠,2014,2015,mid_sized,manufacturing,2015,train,0,0.45096135,0,0,0,0.5,0.5242080092430115,0.5242080092430115,관찰
KOSDAQ,66130,(주)하츠,2015,2016,mid_sized,manufacturing,2016,train,0,0.45096135,0,0,0,0.5,0.5242080092430115,0.5242080092430115,관찰
KOSDAQ,66130,(주)하츠,2016,2017,mid_sized,manufacturing,2017,train,0,0.45096135,0,0,0,0.5,0.5242080092430115,0.5242080092430115,관찰
KOSDAQ,66700,(주)테라젠이텍스,2015,2016,mid_sized,manufacturing,2016,train,1,0.9154564,1,1,1,0.5,0.5242080092430115,0.5242080092430115,고위험
KOSDAQ,66700,(주)테라젠이텍스,2016,2017,mid_sized,manufacturing,2017,train,1,0.8723111,1,1,1,0.5,0.5242080092430115,0.5242080092430115,고위험
KOSDAQ,66700,(주)테라젠이텍스,2017,2018,mid_sized,manufacturing,2018,train,1,0.8230002,1,1,1,0.5,0.5242080092430115,0.5242080092430115,고위험
KOSDAQ,66700,(주)테라젠이텍스,2019,2020,mid_sized,manufacturing,2020,train,1,0.9434391,1,1,1,0.5,0.5242080092430115,0.5242080092430115,고위험
KOSDAQ,66700,(주)테라젠이텍스,2021,2022,mid_sized,manufacturing,2022,train,0,0.5957932,1,1,1,0.5,0.5242080092430115,0.5242080092430115,관찰
KOSDAQ,67280,(주)멀티캠퍼스,2014,2015,large,it_services,2015,train,0,0.0038012338,0,0,0,0.5,0.5242080092430115,0.5242080092430115,안정
KOSDAQ,67280,(주)멀티캠퍼스,2015,2016,large,it_services,2016,train,0,0.011447122,0,0,0,0.5,0.5242080092430115,0.5242080092430115,안정
KOSDAQ,67280,(주)멀티캠퍼스,2016,2017,large,it_services,2017,train,0,0.0021068999,0,0,0,0.5,0.5242080092430115,0.5242080092430115,안정
KOSDAQ,67280,(주)멀티캠퍼스,2017,2018,large,it_services,2018,train,0,0.002683635,0,0,0,0.5,0.5242080092430115,0.5242080092430115,안정
KOSDAQ,67280,(주)멀티캠퍼스,2018,2019,large,it_services,2019,train,0,0.0077357907,0,0,0,0.5,0.5242080092430115,0.5242080092430115,안정
KOSDAQ,67280,(주)멀티캠퍼스,2019,2020,large,it_services,2020,train,0,0.007126555,0,0,0,0.5,0.5242080092430115,0.5242080092430115,안정
KOSDAQ,67280,(주)멀티캠퍼스,2020,2021,large,it_services,2021,train,0,0.011210771,0,0,0,0.5,0.5242080092430115,0.5242080092430115,안정
KOSDAQ,67280,(주)멀티캠퍼스,2021,2022,large,it_services,2022,train,0,0.00886421,0,0,0,0.5,0.5242080092430115,0.5242080092430115,안정
KOSDAQ,67310,하나마이크론(주),2020,2021,mid_sized,manufacturing,2021,train,0,0.2554091,0,0,0,0.5,0.5242080092430115,0.5242080092430115,안정
KOSDAQ,67310,하나마이크론(주),2021,2022,mid_sized,manufacturing,2022,train,0,0.058034852,0,0,0,0.5,0.5242080092430115,0.5242080092430115,안정
KOSDAQ,67570,엔브이에이치코리아(주),2014,2015,mid_sized,manufacturing,2015,train,0,0.10443811,0,0,0,0.5,0.5242080092430115,0.5242080092430115,안정
KOSDAQ,67570,엔브이에이치코리아(주),2016,2017,mid_sized,manufacturing,2017,train,0,0.2613382,0,0,0,0.5,0.5242080092430115,0.5242080092430115,안정
KOSDAQ,67570,엔브이에이치코리아(주),2017,2018,mid_sized,manufacturing,2018,train,0,0.35137615,0,0,0,0.5,0.5242080092430115,0.5242080092430115,관찰
KOSDAQ,67570,엔브이에이치코리아(주),2018,2019,mid_sized,manufacturing,2019,train,0,0.40869412,0,0,0,0.5,0.5242080092430115,0.5242080092430115,관찰
KOSDAQ,67570,엔브이에이치코리아(주),2019,2020,mid_sized,manufacturing,2020,train,0,0.19854665,0,0,0,0.5,0.5242080092430115,0.5242080092430115,안정
KOSDAQ,67570,엔브이에이치코리아(주),2021,2022,mid_sized,manufacturing,2022,train,0,0.11538902,0,0,0,0.5,0.5242080092430115,0.5242080092430115,안정
KOSDAQ,67730,(주)로지시스,2021,2022,small_and_medium,it_services,2022,train,0,0.498832,0,0,0,0.5,0.5242080092430115,0.5242080092430115,관찰
KOSDAQ,67920,(주)이글루코퍼레이션,2017,2018,small_and_medium,it_services,2018,train,0,0.010864881,0,0,0,0.5,0.5242080092430115,0.5242080092430115,안정
KOSDAQ,68240,(주)다원시스,2021,2022,mid_sized,manufacturing,2022,train,0,0.43165123,0,0,0,0.5,0.5242080092430115,0.5242080092430115,관찰
KOSDAQ,68790,(주)디엠에스,2021,2022,mid_sized,manufacturing,2022,train,0,0.02545213,0,0,0,0.5,0.5242080092430115,0.5242080092430115,안정
KOSDAQ,68940,(주)셀피글로벌,2014,2015,mid_sized,manufacturing,2015,train,0,0.38359097,0,0,0,0.5,0.5242080092430115,0.5242080092430115,관찰
KOSDAQ,68940,(주)셀피글로벌,2015,2016,small_and_medium,manufacturing,2016,train,0,0.6033794,1,1,1,0.5,0.5242080092430115,0.5242080092430115,관찰
KOSDAQ,68940,(주)셀피글로벌,2016,2017,mid_sized,manufacturing,2017,train,1,0.69774,1,1,1,0.5,0.5242080092430115,0.5242080092430115,고위험
KOSDAQ,68940,(주)셀피글로벌,2017,2018,small_and_medium,manufacturing,2018,train,1,0.9848279,1,1,1,0.5,0.5242080092430115,0.5242080092430115,고위험
KOSDAQ,68940,(주)셀피글로벌,2018,2019,small_and_medium,manufacturing,2019,train,1,0.9949125,1,1,1,0.5,0.5242080092430115,0.5242080092430115,고위험
KOSDAQ,68940,(주)셀피글로벌,2019,2020,small_and_medium,manufacturing,2020,train,1,0.9692908,1,1,1,0.5,0.5242080092430115,0.5242080092430115,고위험
KOSDAQ,68940,(주)셀피글로벌,2020,2021,small_and_medium,manufacturing,2021,train,1,0.9742354,1,1,1,0.5,0.5242080092430115,0.5242080092430115,고위험
KOSDAQ,68940,(주)셀피글로벌,2021,2022,small_and_medium,manufacturing,2022,train,1,0.99094075,1,1,1,0.5,0.5242080092430115,0.5242080092430115,고위험
KOSDAQ,69140,(주)누리플랜,2021,2022,small_and_medium,manufacturing,2022,train,1,0.9288573,1,1,1,0.5,0.5242080092430115,0.5242080092430115,고위험
KOSDAQ,69510,에스텍(주),2017,2018,mid_sized,manufacturing,2018,train,0,0.020915683,0,0,0,0.5,0.5242080092430115,0.5242080092430115,안정
KOSDAQ,69510,에스텍(주),2018,2019,mid_sized,manufacturing,2019,train,0,0.009068379,0,0,0,0.5,0.5242080092430115,0.5242080092430115,안정
KOSDAQ,69510,에스텍(주),2019,2020,mid_sized,manufacturing,2020,train,0,0.00797735,0,0,0,0.5,0.5242080092430115,0.5242080092430115,안정
KOSDAQ,69510,에스텍(주),2020,2021,mid_sized,manufacturing,2021,train,0,0.0200811,0,0,0,0.5,0.5242080092430115,0.5242080092430115,안정
KOSDAQ,69510,에스텍(주),2021,2022,mid_sized,manufacturing,2022,train,0,0.33929092,0,0,0,0.5,0.5242080092430115,0.5242080092430115,안정
KOSDAQ,70300,엑스큐어(주),2018,2019,small_and_medium,it_services,2019,train,1,0.4949745,0,0,0,0.5,0.5242080092430115,0.5242080092430115,관찰
KOSDAQ,71200,(주)인피니트헬스케어,2021,2022,small_and_medium,it_services,2022,train,0,0.037968878,0,0,0,0.5,0.5242080092430115,0.5242080092430115,안정
KOSDAQ,72020,(주)중앙백신연구소,2020,2021,small_and_medium,manufacturing,2021,train,0,0.58860636,1,1,1,0.5,0.5242080092430115,0.5242080092430115,관찰
KOSDAQ,72990,(주)에이치시티,2018,2019,small_and_medium,it_services,2019,train,0,0.3356232,0,0,0,0.5,0.5242080092430115,0.5242080092430115,안정
KOSDAQ,72990,(주)에이치시티,2019,2020,small_and_medium,it_services,2020,train,0,0.254164,0,0,0,0.5,0.5242080092430115,0.5242080092430115,안정
KOSDAQ,72990,(주)에이치시티,2020,2021,small_and_medium,it_services,2021,train,0,0.12469287,0,0,0,0.5,0.5242080092430115,0.5242080092430115,안정
KOSDAQ,72990,(주)에이치시티,2021,2022,small_and_medium,it_services,2022,train,0,0.1336753,0,0,0,0.5,0.5242080092430115,0.5242080092430115,안정
KOSDAQ,73190,(주)듀오백,2020,2021,small_and_medium,manufacturing,2021,train,0,0.2197335,0,0,0,0.5,0.5242080092430115,0.5242080092430115,안정
KOSDAQ,73190,(주)듀오백,2021,2022,small_and_medium,manufacturing,2022,train,0,0.64094484,1,1,1,0.5,0.5242080092430115,0.5242080092430115,관찰
KOSDAQ,73560,우리손에프앤지농업회사법인(주),2019,2020,mid_sized,manufacturing,2020,train,0,0.38684157,0,0,0,0.5,0.5242080092430115,0.5242080092430115,관찰
KOSDAQ,73560,우리손에프앤지농업회사법인(주),2020,2021,mid_sized,manufacturing,2021,train,0,0.0713775,0,0,0,0.5,0.5242080092430115,0.5242080092430115,안정
KOSDAQ,73560,우리손에프앤지농업회사법인(주),2021,2022,mid_sized,manufacturing,2022,train,0,0.06637514,0,0,0,0.5,0.5242080092430115,0.5242080092430115,안정
KOSDAQ,74600,(주)원익큐엔씨,2018,2019,mid_sized,manufacturing,2019,train,0,0.10445881,0,0,0,0.5,0.5242080092430115,0.5242080092430115,안정
KOSDAQ,74600,(주)원익큐엔씨,2019,2020,mid_sized,manufacturing,2020,train,0,0.18103306,0,0,0,0.5,0.5242080092430115,0.5242080092430115,안정
KOSDAQ,75130,(주)플랜티넷,2021,2022,small_and_medium,it_services,2022,train,0,0.085578404,0,0,0,0.5,0.5242080092430115,0.5242080092430115,안정
KOSDAQ,75970,(주)동국알앤에스,2014,2015,mid_sized,manufacturing,2015,train,1,0.8706681,1,1,1,0.5,0.5242080092430115,0.5242080092430115,고위험
KOSDAQ,75970,(주)동국알앤에스,2015,2016,mid_sized,manufacturing,2016,train,1,0.8575739,1,1,1,0.5,0.5242080092430115,0.5242080092430115,고위험
KOSDAQ,75970,(주)동국알앤에스,2016,2017,mid_sized,manufacturing,2017,train,1,0.9057515,1,1,1,0.5,0.5242080092430115,0.5242080092430115,고위험
KOSDAQ,75970,(주)동국알앤에스,2017,2018,mid_sized,manufacturing,2018,train,1,0.8618655,1,1,1,0.5,0.5242080092430115,0.5242080092430115,고위험
KOSDAQ,75970,(주)동국알앤에스,2018,2019,mid_sized,manufacturing,2019,train,1,0.80306923,1,1,1,0.5,0.5242080092430115,0.5242080092430115,고위험
KOSDAQ,75970,(주)동국알앤에스,2019,2020,mid_sized,manufacturing,2020,train,1,0.8076359,1,1,1,0.5,0.5242080092430115,0.5242080092430115,고위험
KOSDAQ,78070,(주)유비쿼스홀딩스,2015,2016,mid_sized,it_services,2016,train,0,0.010675879,0,0,0,0.5,0.5242080092430115,0.5242080092430115,안정
KOSDAQ,78140,대봉엘에스(주),2014,2015,small_and_medium,manufacturing,2015,train,0,0.021213733,0,0,0,0.5,0.5242080092430115,0.5242080092430115,안정
KOSDAQ,78140,대봉엘에스(주),2015,2016,small_and_medium,manufacturing,2016,train,0,0.019311063,0,0,0,0.5,0.5242080092430115,0.5242080092430115,안정
KOSDAQ,78140,대봉엘에스(주),2016,2017,small_and_medium,manufacturing,2017,train,0,0.013933137,0,0,0,0.5,0.5242080092430115,0.5242080092430115,안정
KOSDAQ,78140,대봉엘에스(주),2017,2018,small_and_medium,manufacturing,2018,train,0,0.021570161,0,0,0,0.5,0.5242080092430115,0.5242080092430115,안정
KOSDAQ,78140,대봉엘에스(주),2018,2019,small_and_medium,manufacturing,2019,train,0,0.015282921,0,0,0,0.5,0.5242080092430115,0.5242080092430115,안정
KOSDAQ,78140,대봉엘에스(주),2019,2020,small_and_medium,manufacturing,2020,train,0,0.015598049,0,0,0,0.5,0.5242080092430115,0.5242080092430115,안정
KOSDAQ,78140,대봉엘에스(주),2020,2021,small_and_medium,manufacturing,2021,train,0,0.027907824,0,0,0,0.5,0.5242080092430115,0.5242080092430115,안정
KOSDAQ,78140,대봉엘에스(주),2021,2022,small_and_medium,manufacturing,2022,train,0,0.013442317,0,0,0,0.5,0.5242080092430115,0.5242080092430115,안정
KOSDAQ,78150,(주)에이치비테크놀러지,2014,2015,small_and_medium,manufacturing,2015,train,0,0.6020057,1,1,1,0.5,0.5242080092430115,0.5242080092430115,관찰
KOSDAQ,78150,(주)에이치비테크놀러지,2015,2016,small_and_medium,manufacturing,2016,train,0,0.6020057,1,1,1,0.5,0.5242080092430115,0.5242080092430115,관찰
KOSDAQ,78150,(주)에이치비테크놀러지,2016,2017,small_and_medium,manufacturing,2017,train,0,0.6020057,1,1,1,0.5,0.5242080092430115,0.5242080092430115,관찰
KOSDAQ,78150,(주)에이치비테크놀러지,2017,2018,mid_sized,manufacturing,2018,train,0,0.4485957,0,0,0,0.5,0.5242080092430115,0.5242080092430115,관찰
KOSDAQ,78150,(주)에이치비테크놀러지,2018,2019,mid_sized,manufacturing,2019,train,0,0.15617989,0,0,0,0.5,0.5242080092430115,0.5242080092430115,안정
KOSDAQ,78150,(주)에이치비테크놀러지,2019,2020,mid_sized,manufacturing,2020,train,0,0.09666439,0,0,0,0.5,0.5242080092430115,0.5242080092430115,안정
KOSDAQ,78150,(주)에이치비테크놀러지,2020,2021,mid_sized,manufacturing,2021,train,0,0.31867,0,0,0,0.5,0.5242080092430115,0.5242080092430115,안정
KOSDAQ,78150,(주)에이치비테크놀러지,2021,2022,mid_sized,manufacturing,2022,train,0,0.18859677,0,0,0,0.5,0.5242080092430115,0.5242080092430115,안정
KOSDAQ,78340,(주)컴투스,2020,2021,mid_sized,it_services,2021,train,0,0.0016653333,0,0,0,0.5,0.5242080092430115,0.5242080092430115,안정
KOSDAQ,78340,(주)컴투스,2021,2022,mid_sized,it_services,2022,train,0,0.0017385184,0,0,0,0.5,0.5242080092430115,0.5242080092430115,안정
KOSDAQ,78590,(주)휴림에이텍,2014,2015,small_and_medium,manufacturing,2015,train,1,0.68830466,1,1,1,0.5,0.5242080092430115,0.5242080092430115,고위험
KOSDAQ,78590,(주)휴림에이텍,2015,2016,small_and_medium,manufacturing,2016,train,1,0.68830466,1,1,1,0.5,0.5242080092430115,0.5242080092430115,고위험
KOSDAQ,78940,퀀타피아(주),2019,2020,small_and_medium,wholesale_retail,2020,train,1,0.99759185,1,1,1,0.5,0.5242080092430115,0.5242080092430115,고위험
KOSDAQ,79190,(주)케스피온,2021,2022,small_and_medium,manufacturing,2022,train,1,0.9958942,1,1,1,0.5,0.5242080092430115,0.5242080092430115,고위험
KOSDAQ,79650,(주)서산,2018,2019,small_and_medium,manufacturing,2019,train,1,0.7342662,1,1,1,0.5,0.5242080092430115,0.5242080092430115,고위험
KOSDAQ,79650,(주)서산,2019,2020,small_and_medium,manufacturing,2020,train,1,0.918077,1,1,1,0.5,0.5242080092430115,0.5242080092430115,고위험
KOSDAQ,79650,(주)서산,2020,2021,small_and_medium,manufacturing,2021,train,1,0.9182001,1,1,1,0.5,0.5242080092430115,0.5242080092430115,고위험
KOSDAQ,79650,(주)서산,2021,2022,small_and_medium,manufacturing,2022,train,1,0.8012595,1,1,1,0.5,0.5242080092430115,0.5242080092430115,고위험
KOSDAQ,79810,(주)디이엔티,2014,2015,small_and_medium,manufacturing,2015,train,1,0.9648928,1,1,1,0.5,0.5242080092430115,0.5242080092430115,고위험
KOSDAQ,79810,(주)디이엔티,2015,2016,small_and_medium,manufacturing,2016,train,1,0.84130377,1,1,1,0.5,0.5242080092430115,0.5242080092430115,고위험
KOSDAQ,79810,(주)디이엔티,2016,2017,small_and_medium,manufacturing,2017,train,1,0.9687635,1,1,1,0.5,0.5242080092430115,0.5242080092430115,고위험
KOSDAQ,79810,(주)디이엔티,2017,2018,small_and_medium,manufacturing,2018,train,1,0.97191566,1,1,1,0.5,0.5242080092430115,0.5242080092430115,고위험
KOSDAQ,79810,(주)디이엔티,2018,2019,small_and_medium,manufacturing,2019,train,1,0.9875707,1,1,1,0.5,0.5242080092430115,0.5242080092430115,고위험
KOSDAQ,79810,(주)디이엔티,2019,2020,small_and_medium,manufacturing,2020,train,1,0.9962561,1,1,1,0.5,0.5242080092430115,0.5242080092430115,고위험
KOSDAQ,79810,(주)디이엔티,2020,2021,small_and_medium,manufacturing,2021,train,1,0.97982717,1,1,1,0.5,0.5242080092430115,0.5242080092430115,고위험
KOSDAQ,79810,(주)디이엔티,2021,2022,small_and_medium,manufacturing,2022,train,1,0.98460495,1,1,1,0.5,0.5242080092430115,0.5242080092430115,고위험
KOSDAQ,79940,(주)가비아,2019,2020,small_and_medium,it_services,2020,train,0,0.019859321,0,0,0,0.5,0.5242080092430115,0.5242080092430115,안정
KOSDAQ,79940,(주)가비아,2020,2021,small_and_medium,it_services,2021,train,0,0.016607422,0,0,0,0.5,0.5242080092430115,0.5242080092430115,안정
KOSDAQ,79940,(주)가비아,2021,2022,small_and_medium,it_services,2022,train,0,0.0057449136,0,0,0,0.5,0.5242080092430115,0.5242080092430115,안정
KOSDAQ,79950,인베니아(주),2014,2015,small_and_medium,manufacturing,2015,train,1,0.98567504,1,1,1,0.5,0.5242080092430115,0.5242080092430115,고위험
KOSDAQ,79950,인베니아(주),2015,2016,small_and_medium,manufacturing,2016,train,1,0.9766912,1,1,1,0.5,0.5242080092430115,0.5242080092430115,고위험
KOSDAQ,79950,인베니아(주),2016,2017,small_and_medium,manufacturing,2017,train,1,0.9610374,1,1,1,0.5,0.5242080092430115,0.5242080092430115,고위험
KOSDAQ,79950,인베니아(주),2017,2018,small_and_medium,manufacturing,2018,train,1,0.9421688,1,1,1,0.5,0.5242080092430115,0.5242080092430115,고위험
KOSDAQ,79950,인베니아(주),2018,2019,small_and_medium,manufacturing,2019,train,1,0.9625498,1,1,1,0.5,0.5242080092430115,0.5242080092430115,고위험
KOSDAQ,79950,인베니아(주),2019,2020,mid_sized,manufacturing,2020,train,1,0.9385101,1,1,1,0.5,0.5242080092430115,0.5242080092430115,고위험
KOSDAQ,79950,인베니아(주),2020,2021,small_and_medium,manufacturing,2021,train,1,0.97367936,1,1,1,0.5,0.5242080092430115,0.5242080092430115,고위험
KOSDAQ,79950,인베니아(주),2021,2022,mid_sized,manufacturing,2022,train,1,0.9538322,1,1,1,0.5,0.5242080092430115,0.5242080092430115,고위험
KOSDAQ,79960,동양이엔피(주),2014,2015,mid_sized,manufacturing,2015,train,0,0.01512209,0,0,0,0.5,0.5242080092430115,0.5242080092430115,안정
KOSDAQ,79960,동양이엔피(주),2015,2016,mid_sized,manufacturing,2016,train,0,0.025988268,0,0,0,0.5,0.5242080092430115,0.5242080092430115,안정
KOSDAQ,79960,동양이엔피(주),2016,2017,mid_sized,manufacturing,2017,train,0,0.024797728,0,0,0,0.5,0.5242080092430115,0.5242080092430115,안정
KOSDAQ,79960,동양이엔피(주),2017,2018,mid_sized,manufacturing,2018,train,0,0.026583292,0,0,0,0.5,0.5242080092430115,0.5242080092430115,안정
KOSDAQ,79960,동양이엔피(주),2018,2019,mid_sized,manufacturing,2019,train,0,0.09842948,0,0,0,0.5,0.5242080092430115,0.5242080092430115,안정
KOSDAQ,79960,동양이엔피(주),2019,2020,mid_sized,manufacturing,2020,train,0,0.01643654,0,0,0,0.5,0.5242080092430115,0.5242080092430115,안정
KOSDAQ,79960,동양이엔피(주),2020,2021,mid_sized,manufacturing,2021,train,0,0.01027107,0,0,0,0.5,0.5242080092430115,0.5242080092430115,안정
KOSDAQ,79960,동양이엔피(주),2021,2022,mid_sized,manufacturing,2022,train,0,0.045506954,0,0,0,0.5,0.5242080092430115,0.5242080092430115,안정
KOSDAQ,80000,에스엔유프리시젼(주),2014,2015,small_and_medium,manufacturing,2015,train,1,0.68830466,1,1,1,0.5,0.5242080092430115,0.5242080092430115,고위험
KOSDAQ,80000,에스엔유프리시젼(주),2015,2016,small_and_medium,manufacturing,2016,train,1,0.68830466,1,1,1,0.5,0.5242080092430115,0.5242080092430115,고위험
KOSDAQ,80000,에스엔유프리시젼(주),2016,2017,mid_sized,manufacturing,2017,train,1,0.54527295,1,1,1,0.5,0.5242080092430115,0.5242080092430115,관찰
KOSDAQ,80000,에스엔유프리시젼(주),2017,2018,small_and_medium,manufacturing,2018,train,1,0.68625015,1,1,1,0.5,0.5242080092430115,0.5242080092430115,고위험
KOSDAQ,80000,에스엔유프리시젼(주),2018,2019,small_and_medium,manufacturing,2019,train,1,0.7004387,1,1,1,0.5,0.5242080092430115,0.5242080092430115,고위험
KOSDAQ,80000,에스엔유프리시젼(주),2019,2020,small_and_medium,manufacturing,2020,train,0,0.1506403,0,0,0,0.5,0.5242080092430115,0.5242080092430115,안정
KOSDAQ,80000,에스엔유프리시젼(주),2020,2021,mid_sized,manufacturing,2021,train,0,0.07405756,0,0,0,0.5,0.5242080092430115,0.5242080092430115,안정
KOSDAQ,80000,에스엔유프리시젼(주),2021,2022,mid_sized,manufacturing,2022,train,0,0.09697122,0,0,0,0.5,0.5242080092430115,0.5242080092430115,안정
KOSDAQ,80010,(주)이상네트웍스,2016,2017,small_and_medium,wholesale_retail,2017,train,0,0.1360622,0,0,0,0.5,0.5242080092430115,0.5242080092430115,안정
KOSDAQ,80010,(주)이상네트웍스,2017,2018,small_and_medium,wholesale_retail,2018,train,0,0.049018715,0,0,0,0.5,0.5242080092430115,0.5242080092430115,안정
KOSDAQ,80010,(주)이상네트웍스,2018,2019,small_and_medium,wholesale_retail,2019,train,0,0.114616655,0,0,0,0.5,0.5242080092430115,0.5242080092430115,안정
KOSDAQ,80010,(주)이상네트웍스,2019,2020,small_and_medium,wholesale_retail,2020,train,0,0.24039206,0,0,0,0.5,0.5242080092430115,0.5242080092430115,안정
KOSDAQ,80010,(주)이상네트웍스,2020,2021,small_and_medium,wholesale_retail,2021,train,0,0.287424,0,0,0,0.5,0.5242080092430115,0.5242080092430115,안정
KOSDAQ,80010,(주)이상네트웍스,2021,2022,small_and_medium,wholesale_retail,2022,train,0,0.13131034,0,0,0,0.5,0.5242080092430115,0.5242080092430115,안정
KOSDAQ,80520,(주)오디텍,2014,2015,small_and_medium,manufacturing,2015,train,0,0.013997189,0,0,0,0.5,0.5242080092430115,0.5242080092430115,안정
KOSDAQ,80520,(주)오디텍,2015,2016,small_and_medium,manufacturing,2016,train,0,0.013610391,0,0,0,0.5,0.5242080092430115,0.5242080092430115,안정
KOSDAQ,80520,(주)오디텍,2016,2017,small_and_medium,manufacturing,2017,train,0,0.013882286,0,0,0,0.5,0.5242080092430115,0.5242080092430115,안정
KOSDAQ,80520,(주)오디텍,2017,2018,small_and_medium,manufacturing,2018,train,0,0.02130451,0,0,0,0.5,0.5242080092430115,0.5242080092430115,안정
KOSDAQ,80520,(주)오디텍,2018,2019,small_and_medium,manufacturing,2019,train,0,0.03777281,0,0,0,0.5,0.5242080092430115,0.5242080092430115,안정
KOSDAQ,80520,(주)오디텍,2019,2020,small_and_medium,manufacturing,2020,train,0,0.055522926,0,0,0,0.5,0.5242080092430115,0.5242080092430115,안정
KOSDAQ,80520,(주)오디텍,2020,2021,small_and_medium,manufacturing,2021,train,0,0.052575268,0,0,0,0.5,0.5242080092430115,0.5242080092430115,안정
KOSDAQ,80520,(주)오디텍,2021,2022,small_and_medium,manufacturing,2022,train,0,0.010736409,0,0,0,0.5,0.5242080092430115,0.5242080092430115,안정
KOSDAQ,80530,(주)코디,2014,2015,small_and_medium,manufacturing,2015,train,1,0.8489227,1,1,1,0.5,0.5242080092430115,0.5242080092430115,고위험
KOSDAQ,80530,(주)코디,2016,2017,small_and_medium,manufacturing,2017,train,1,0.9874134,1,1,1,0.5,0.5242080092430115,0.5242080092430115,고위험
KOSDAQ,80530,(주)코디,2017,2018,small_and_medium,manufacturing,2018,train,1,0.9967955,1,1,1,0.5,0.5242080092430115,0.5242080092430115,고위험
KOSDAQ,80530,(주)코디,2018,2019,small_and_medium,manufacturing,2019,train,1,0.99712104,1,1,1,0.5,0.5242080092430115,0.5242080092430115,고위험
KOSDAQ,80530,(주)코디,2019,2020,small_and_medium,manufacturing,2020,train,1,0.9933702,1,1,1,0.5,0.5242080092430115,0.5242080092430115,고위험
KOSDAQ,80530,(주)코디,2020,2021,small_and_medium,manufacturing,2021,train,1,0.96153826,1,1,1,0.5,0.5242080092430115,0.5242080092430115,고위험
KOSDAQ,80530,(주)코디,2021,2022,small_and_medium,manufacturing,2022,train,1,0.9770184,1,1,1,0.5,0.5242080092430115,0.5242080092430115,고위험
KOSDAQ,80580,(주)오킨스전자,2020,2021,small_and_medium,manufacturing,2021,train,1,0.8932969,1,1,1,0.5,0.5242080092430115,0.5242080092430115,고위험
KOSDAQ,81580,성우전자(주),2016,2017,small_and_medium,manufacturing,2017,train,0,0.059754003,0,0,0,0.5,0.5242080092430115,0.5242080092430115,안정
KOSDAQ,81580,성우전자(주),2017,2018,small_and_medium,manufacturing,2018,train,0,0.05786397,0,0,0,0.5,0.5242080092430115,0.5242080092430115,안정
KOSDAQ,81580,성우전자(주),2018,2019,small_and_medium,manufacturing,2019,train,0,0.061653957,0,0,0,0.5,0.5242080092430115,0.5242080092430115,안정
KOSDAQ,81580,성우전자(주),2019,2020,small_and_medium,manufacturing,2020,train,0,0.3733022,0,0,0,0.5,0.5242080092430115,0.5242080092430115,관찰
KOSDAQ,81580,성우전자(주),2020,2021,small_and_medium,manufacturing,2021,train,0,0.57495093,1,1,1,0.5,0.5242080092430115,0.5242080092430115,관찰
KOSDAQ,82920,(주)비츠로셀,2020,2021,small_and_medium,manufacturing,2021,train,0,0.014091371,0,0,0,0.5,0.5242080092430115,0.5242080092430115,안정
KOSDAQ,82920,(주)비츠로셀,2021,2022,small_and_medium,manufacturing,2022,train,0,0.0127966795,0,0,0,0.5,0.5242080092430115,0.5242080092430115,안정
KOSDAQ,83310,(주)엘오티베큠,2014,2015,small_and_medium,manufacturing,2015,train,0,0.063554,0,0,0,0.5,0.5242080092430115,0.5242080092430115,안정
KOSDAQ,83310,(주)엘오티베큠,2015,2016,small_and_medium,manufacturing,2016,train,0,0.05542665,0,0,0,0.5,0.5242080092430115,0.5242080092430115,안정
KOSDAQ,83310,(주)엘오티베큠,2016,2017,small_and_medium,manufacturing,2017,train,0,0.064282574,0,0,0,0.5,0.5242080092430115,0.5242080092430115,안정
KOSDAQ,83310,(주)엘오티베큠,2017,2018,small_and_medium,manufacturing,2018,train,0,0.03290933,0,0,0,0.5,0.5242080092430115,0.5242080092430115,안정
KOSDAQ,83310,(주)엘오티베큠,2018,2019,small_and_medium,manufacturing,2019,train,0,0.0061004325,0,0,0,0.5,0.5242080092430115,0.5242080092430115,안정
KOSDAQ,83310,(주)엘오티베큠,2019,2020,mid_sized,manufacturing,2020,train,0,0.29582685,0,0,0,0.5,0.5242080092430115,0.5242080092430115,안정
KOSDAQ,83310,(주)엘오티베큠,2020,2021,mid_sized,manufacturing,2021,train,0,0.052359655,0,0,0,0.5,0.5242080092430115,0.5242080092430115,안정
KOSDAQ,83310,(주)엘오티베큠,2021,2022,mid_sized,manufacturing,2022,train,0,0.011718915,0,0,0,0.5,0.5242080092430115,0.5242080092430115,안정
KOSDAQ,83450,(주)글로벌스탠다드테크놀로지,2015,2016,small_and_medium,manufacturing,2016,train,0,0.03789693,0,0,0,0.5,0.5242080092430115,0.5242080092430115,안정
KOSDAQ,83450,(주)글로벌스탠다드테크놀로지,2016,2017,small_and_medium,manufacturing,2017,train,0,0.04841233,0,0,0,0.5,0.5242080092430115,0.5242080092430115,안정
KOSDAQ,83450,(주)글로벌스탠다드테크놀로지,2017,2018,small_and_medium,manufacturing,2018,train,0,0.04339955,0,0,0,0.5,0.5242080092430115,0.5242080092430115,안정
KOSDAQ,83450,(주)글로벌스탠다드테크놀로지,2018,2019,small_and_medium,manufacturing,2019,train,0,0.024934493,0,0,0,0.5,0.5242080092430115,0.5242080092430115,안정
KOSDAQ,83450,(주)글로벌스탠다드테크놀로지,2019,2020,small_and_medium,manufacturing,2020,train,0,0.030111179,0,0,0,0.5,0.5242080092430115,0.5242080092430115,안정
KOSDAQ,83450,(주)글로벌스탠다드테크놀로지,2020,2021,small_and_medium,manufacturing,2021,train,0,0.016018426,0,0,0,0.5,0.5242080092430115,0.5242080092430115,안정
KOSDAQ,83450,(주)글로벌스탠다드테크놀로지,2021,2022,mid_sized,manufacturing,2022,train,0,0.010254722,0,0,0,0.5,0.5242080092430115,0.5242080092430115,안정
KOSDAQ,83930,(주)아바코,2014,2015,mid_sized,manufacturing,2015,train,0,0.087365955,0,0,0,0.5,0.5242080092430115,0.5242080092430115,안정
KOSDAQ,83930,(주)아바코,2015,2016,mid_sized,manufacturing,2016,train,0,0.031472255,0,0,0,0.5,0.5242080092430115,0.5242080092430115,안정
KOSDAQ,83930,(주)아바코,2016,2017,mid_sized,manufacturing,2017,train,0,0.05202133,0,0,0,0.5,0.5242080092430115,0.5242080092430115,안정
KOSDAQ,83930,(주)아바코,2017,2018,mid_sized,manufacturing,2018,train,0,0.0833269,0,0,0,0.5,0.5242080092430115,0.5242080092430115,안정
KOSDAQ,83930,(주)아바코,2018,2019,mid_sized,manufacturing,2019,train,0,0.11855802,0,0,0,0.5,0.5242080092430115,0.5242080092430115,안정
KOSDAQ,83930,(주)아바코,2019,2020,mid_sized,manufacturing,2020,train,0,0.015439918,0,0,0,0.5,0.5242080092430115,0.5242080092430115,안정
KOSDAQ,83930,(주)아바코,2020,2021,mid_sized,manufacturing,2021,train,0,0.012205178,0,0,0,0.5,0.5242080092430115,0.5242080092430115,안정
KOSDAQ,83930,(주)아바코,2021,2022,mid_sized,manufacturing,2022,train,0,0.0622153,0,0,0,0.5,0.5242080092430115,0.5242080092430115,안정
KOSDAQ,84650,(주)랩지노믹스,2019,2020,small_and_medium,it_services,2020,train,0,0.51034635,1,0,0,0.5,0.5242080092430115,0.5242080092430115,관찰
KOSDAQ,84650,(주)랩지노믹스,2020,2021,small_and_medium,it_services,2021,train,0,0.03011096,0,0,0,0.5,0.5242080092430115,0.5242080092430115,안정
KOSDAQ,84650,(주)랩지노믹스,2021,2022,small_and_medium,it_services,2022,train,0,0.012254162,0,0,0,0.5,0.5242080092430115,0.5242080092430115,안정
KOSDAQ,84990,(주)헬릭스미스,2018,2019,small_and_medium,it_services,2019,train,1,0.9415368,1,1,1,0.5,0.5242080092430115,0.5242080092430115,고위험
KOSDAQ,85670,(주)뉴프렉스,2015,2016,mid_sized,manufacturing,2016,train,1,0.9628388,1,1,1,0.5,0.5242080092430115,0.5242080092430115,고위험
KOSDAQ,85670,(주)뉴프렉스,2016,2017,mid_sized,manufacturing,2017,train,1,0.96962947,1,1,1,0.5,0.5242080092430115,0.5242080092430115,고위험
KOSDAQ,85670,(주)뉴프렉스,2017,2018,mid_sized,manufacturing,2018,train,1,0.9475734,1,1,1,0.5,0.5242080092430115,0.5242080092430115,고위험
KOSDAQ,85670,(주)뉴프렉스,2018,2019,mid_sized,manufacturing,2019,train,1,0.8581937,1,1,1,0.5,0.5242080092430115,0.5242080092430115,고위험
KOSDAQ,85670,(주)뉴프렉스,2019,2020,mid_sized,manufacturing,2020,train,1,0.9689192,1,1,1,0.5,0.5242080092430115,0.5242080092430115,고위험
KOSDAQ,85670,(주)뉴프렉스,2020,2021,mid_sized,manufacturing,2021,train,1,0.9913162,1,1,1,0.5,0.5242080092430115,0.5242080092430115,고위험
KOSDAQ,85670,(주)뉴프렉스,2021,2022,mid_sized,manufacturing,2022,train,1,0.97670865,1,1,1,0.5,0.5242080092430115,0.5242080092430115,고위험
KOSDAQ,86450,동국제약(주),2014,2015,mid_sized,manufacturing,2015,train,0,0.014282981,0,0,0,0.5,0.5242080092430115,0.5242080092430115,안정
KOSDAQ,86450,동국제약(주),2016,2017,mid_sized,manufacturing,2017,train,0,0.0068022558,0,0,0,0.5,0.5242080092430115,0.5242080092430115,안정
KOSDAQ,86450,동국제약(주),2017,2018,mid_sized,manufacturing,2018,train,0,0.0063692206,0,0,0,0.5,0.5242080092430115,0.5242080092430115,안정
KOSDAQ,86450,동국제약(주),2018,2019,mid_sized,manufacturing,2019,train,0,0.006714661,0,0,0,0.5,0.5242080092430115,0.5242080092430115,안정
KOSDAQ,86450,동국제약(주),2019,2020,mid_sized,manufacturing,2020,train,0,0.0032263573,0,0,0,0.5,0.5242080092430115,0.5242080092430115,안정
KOSDAQ,86450,동국제약(주),2020,2021,mid_sized,manufacturing,2021,train,0,0.0049707377,0,0,0,0.5,0.5242080092430115,0.5242080092430115,안정
KOSDAQ,86450,동국제약(주),2021,2022,mid_sized,manufacturing,2022,train,0,0.023360146,0,0,0,0.5,0.5242080092430115,0.5242080092430115,안정
KOSDAQ,86710,선진뷰티사이언스(주),2021,2022,small_and_medium,manufacturing,2022,train,0,0.23354852,0,0,0,0.5,0.5242080092430115,0.5242080092430115,안정
KOSDAQ,87260,모바일어플라이언스(주),2018,2019,small_and_medium,it_services,2019,train,0,0.4659437,0,0,0,0.5,0.5242080092430115,0.5242080092430115,관찰
KOSDAQ,87260,모바일어플라이언스(주),2019,2020,small_and_medium,it_services,2020,train,1,0.8340155,1,1,1,0.5,0.5242080092430115,0.5242080092430115,고위험
KOSDAQ,87260,모바일어플라이언스(주),2021,2022,small_and_medium,it_services,2022,train,0,0.39962643,0,0,0,0.5,0.5242080092430115,0.5242080092430115,관찰
KOSDAQ,87600,(주)픽셀플러스,2019,2020,small_and_medium,manufacturing,2020,train,1,0.5331714,1,1,1,0.5,0.5242080092430115,0.5242080092430115,관찰
KOSDAQ,87600,(주)픽셀플러스,2020,2021,small_and_medium,manufacturing,2021,train,1,0.5216908,1,0,0,0.5,0.5242080092430115,0.5242080092430115,관찰
KOSDAQ,87600,(주)픽셀플러스,2021,2022,small_and_medium,manufacturing,2022,train,0,0.5216908,1,0,0,0.5,0.5242080092430115,0.5242080092430115,관찰
KOSDAQ,88130,(주)동아엘텍,2018,2019,mid_sized,manufacturing,2019,train,0,0.016789882,0,0,0,0.5,0.5242080092430115,0.5242080092430115,안정
KOSDAQ,88290,이원컴포텍(주),2015,2016,small_and_medium,manufacturing,2016,train,1,0.9866236,1,1,1,0.5,0.5242080092430115,0.5242080092430115,고위험
KOSDAQ,88290,이원컴포텍(주),2016,2017,small_and_medium,manufacturing,2017,train,1,0.9895113,1,1,1,0.5,0.5242080092430115,0.5242080092430115,고위험
KOSDAQ,88290,이원컴포텍(주),2017,2018,small_and_medium,manufacturing,2018,train,1,0.9923321,1,1,1,0.5,0.5242080092430115,0.5242080092430115,고위험
KOSDAQ,88290,이원컴포텍(주),2018,2019,small_and_medium,manufacturing,2019,train,1,0.9866831,1,1,1,0.5,0.5242080092430115,0.5242080092430115,고위험
KOSDAQ,88290,이원컴포텍(주),2019,2020,small_and_medium,manufacturing,2020,train,1,0.8083307,1,1,1,0.5,0.5242080092430115,0.5242080092430115,고위험
KOSDAQ,88290,이원컴포텍(주),2020,2021,small_and_medium,manufacturing,2021,train,1,0.9925459,1,1,1,0.5,0.5242080092430115,0.5242080092430115,고위험
KOSDAQ,88290,이원컴포텍(주),2021,2022,small_and_medium,manufacturing,2022,train,1,0.77305955,1,1,1,0.5,0.5242080092430115,0.5242080092430115,고위험
KOSDAQ,88800,(주)에이스테크놀로지,2014,2015,mid_sized,manufacturing,2015,train,1,0.8442865,1,1,1,0.5,0.5242080092430115,0.5242080092430115,고위험
KOSDAQ,88800,(주)에이스테크놀로지,2017,2018,mid_sized,manufacturing,2018,train,1,0.94460607,1,1,1,0.5,0.5242080092430115,0.5242080092430115,고위험
KOSDAQ,88800,(주)에이스테크놀로지,2018,2019,mid_sized,manufacturing,2019,train,0,0.83743715,1,1,1,0.5,0.5242080092430115,0.5242080092430115,고위험
KOSDAQ,88800,(주)에이스테크놀로지,2019,2020,mid_sized,manufacturing,2020,train,0,0.8606807,1,1,1,0.5,0.5242080092430115,0.5242080092430115,고위험
KOSDAQ,88800,(주)에이스테크놀로지,2020,2021,mid_sized,manufacturing,2021,train,1,0.98863065,1,1,1,0.5,0.5242080092430115,0.5242080092430115,고위험
KOSDAQ,88800,(주)에이스테크놀로지,2021,2022,mid_sized,manufacturing,2022,train,1,0.98941857,1,1,1,0.5,0.5242080092430115,0.5242080092430115,고위험
KOSDAQ,89150,(주)케이씨티,2019,2020,small_and_medium,it_services,2020,train,0,0.6662242,1,1,1,0.5,0.5242080092430115,0.5242080092430115,고위험
KOSDAQ,89150,(주)케이씨티,2020,2021,small_and_medium,it_services,2021,train,0,0.65590394,1,1,1,0.5,0.5242080092430115,0.5242080092430115,고위험
KOSDAQ,89150,(주)케이씨티,2021,2022,small_and_medium,it_services,2022,train,0,0.65590394,1,1,1,0.5,0.5242080092430115,0.5242080092430115,고위험
KOSDAQ,89600,(주)케이티나스미디어,2016,2017,large,it_services,2017,train,0,0.0033646147,0,0,0,0.5,0.5242080092430115,0.5242080092430115,안정
KOSDAQ,89600,(주)케이티나스미디어,2019,2020,large,it_services,2020,train,0,0.0044836253,0,0,0,0.5,0.5242080092430115,0.5242080092430115,안정
KOSDAQ,89600,(주)케이티나스미디어,2020,2021,large,it_services,2021,train,0,0.0052162716,0,0,0,0.5,0.5242080092430115,0.5242080092430115,안정
KOSDAQ,89600,(주)케이티나스미디어,2021,2022,large,it_services,2022,train,0,0.0058990074,0,0,0,0.5,0.5242080092430115,0.5242080092430115,안정
KOSDAQ,89970,브이엠(주),2019,2020,small_and_medium,manufacturing,2020,train,0,0.022504862,0,0,0,0.5,0.5242080092430115,0.5242080092430115,안정
KOSDAQ,89970,브이엠(주),2020,2021,small_and_medium,manufacturing,2021,train,0,0.039262798,0,0,0,0.5,0.5242080092430115,0.5242080092430115,안정
KOSDAQ,89970,브이엠(주),2021,2022,small_and_medium,manufacturing,2022,train,0,0.014556796,0,0,0,0.5,0.5242080092430115,0.5242080092430115,안정
KOSDAQ,89980,(주)상아프론테크,2014,2015,mid_sized,manufacturing,2015,train,0,0.3815208,0,0,0,0.5,0.5242080092430115,0.5242080092430115,관찰
KOSDAQ,89980,(주)상아프론테크,2015,2016,mid_sized,manufacturing,2016,train,0,0.18661219,0,0,0,0.5,0.5242080092430115,0.5242080092430115,안정
KOSDAQ,89980,(주)상아프론테크,2016,2017,mid_sized,manufacturing,2017,train,0,0.3091702,0,0,0,0.5,0.5242080092430115,0.5242080092430115,안정
KOSDAQ,89980,(주)상아프론테크,2017,2018,mid_sized,manufacturing,2018,train,0,0.21086572,0,0,0,0.5,0.5242080092430115,0.5242080092430115,안정
KOSDAQ,89980,(주)상아프론테크,2018,2019,mid_sized,manufacturing,2019,train,0,0.22155894,0,0,0,0.5,0.5242080092430115,0.5242080092430115,안정
KOSDAQ,89980,(주)상아프론테크,2019,2020,mid_sized,manufacturing,2020,train,0,0.19388978,0,0,0,0.5,0.5242080092430115,0.5242080092430115,안정
KOSDAQ,89980,(주)상아프론테크,2020,2021,mid_sized,manufacturing,2021,train,0,0.20096973,0,0,0,0.5,0.5242080092430115,0.5242080092430115,안정
KOSDAQ,89980,(주)상아프론테크,2021,2022,mid_sized,manufacturing,2022,train,0,0.17430322,0,0,0,0.5,0.5242080092430115,0.5242080092430115,안정
KOSDAQ,90150,(주)아이윈,2014,2015,small_and_medium,manufacturing,2015,train,1,0.9492573,1,1,1,0.5,0.5242080092430115,0.5242080092430115,고위험
KOSDAQ,90150,(주)아이윈,2015,2016,small_and_medium,manufacturing,2016,train,1,0.9417149,1,1,1,0.5,0.5242080092430115,0.5242080092430115,고위험
KOSDAQ,90150,(주)아이윈,2016,2017,small_and_medium,manufacturing,2017,train,1,0.95439315,1,1,1,0.5,0.5242080092430115,0.5242080092430115,고위험
KOSDAQ,90150,(주)아이윈,2017,2018,small_and_medium,manufacturing,2018,train,1,0.95577025,1,1,1,0.5,0.5242080092430115,0.5242080092430115,고위험
KOSDAQ,90150,(주)아이윈,2018,2019,small_and_medium,manufacturing,2019,train,1,0.9838991,1,1,1,0.5,0.5242080092430115,0.5242080092430115,고위험
KOSDAQ,90150,(주)아이윈,2019,2020,small_and_medium,manufacturing,2020,train,1,0.9054998,1,1,1,0.5,0.5242080092430115,0.5242080092430115,고위험
KOSDAQ,90150,(주)아이윈,2020,2021,small_and_medium,manufacturing,2021,train,1,0.91747725,1,1,1,0.5,0.5242080092430115,0.5242080092430115,고위험
KOSDAQ,90150,(주)아이윈,2021,2022,small_and_medium,manufacturing,2022,train,1,0.893235,1,1,1,0.5,0.5242080092430115,0.5242080092430115,고위험
KOSDAQ,90360,(주)로보스타,2016,2017,small_and_medium,manufacturing,2017,train,1,0.7186181,1,1,1,0.5,0.5242080092430115,0.5242080092430115,고위험
KOSDAQ,90360,(주)로보스타,2017,2018,small_and_medium,manufacturing,2018,train,1,0.6953007,1,1,1,0.5,0.5242080092430115,0.5242080092430115,고위험
KOSDAQ,90360,(주)로보스타,2018,2019,large,manufacturing,2019,train,1,0.61030525,1,1,1,0.5,0.5242080092430115,0.5242080092430115,관찰
KOSDAQ,90360,(주)로보스타,2019,2020,large,manufacturing,2020,train,1,0.63850194,1,1,1,0.5,0.5242080092430115,0.5242080092430115,관찰
KOSDAQ,90360,(주)로보스타,2020,2021,large,manufacturing,2021,train,1,0.86811626,1,1,1,0.5,0.5242080092430115,0.5242080092430115,고위험
KOSDAQ,90360,(주)로보스타,2021,2022,large,manufacturing,2022,train,0,0.13978685,0,0,0,0.5,0.5242080092430115,0.5242080092430115,안정
KOSDAQ,90710,휴림로봇(주),2017,2018,mid_sized,manufacturing,2018,train,1,0.97287524,1,1,1,0.5,0.5242080092430115,0.5242080092430115,고위험
KOSDAQ,90710,휴림로봇(주),2018,2019,small_and_medium,manufacturing,2019,train,1,0.9920184,1,1,1,0.5,0.5242080092430115,0.5242080092430115,고위험
KOSDAQ,90710,휴림로봇(주),2019,2020,small_and_medium,manufacturing,2020,train,1,0.9880476,1,1,1,0.5,0.5242080092430115,0.5242080092430115,고위험
KOSDAQ,90710,휴림로봇(주),2020,2021,small_and_medium,manufacturing,2021,train,1,0.97337544,1,1,1,0.5,0.5242080092430115,0.5242080092430115,고위험
KOSDAQ,90710,휴림로봇(주),2021,2022,small_and_medium,manufacturing,2022,train,1,0.9957753,1,1,1,0.5,0.5242080092430115,0.5242080092430115,고위험
KOSDAQ,90740,(주)연이비앤티,2014,2015,mid_sized,manufacturing,2015,train,1,0.92279917,1,1,1,0.5,0.5242080092430115,0.5242080092430115,고위험
KOSDAQ,90740,(주)연이비앤티,2015,2016,mid_sized,manufacturing,2016,train,1,0.88370484,1,1,1,0.5,0.5242080092430115,0.5242080092430115,고위험
KOSDAQ,90740,(주)연이비앤티,2016,2017,mid_sized,manufacturing,2017,train,1,0.9036817,1,1,1,0.5,0.5242080092430115,0.5242080092430115,고위험
KOSDAQ,90740,(주)연이비앤티,2017,2018,mid_sized,manufacturing,2018,train,1,0.9125132,1,1,1,0.5,0.5242080092430115,0.5242080092430115,고위험
KOSDAQ,90740,(주)연이비앤티,2018,2019,mid_sized,manufacturing,2019,train,1,0.9462808,1,1,1,0.5,0.5242080092430115,0.5242080092430115,고위험
KOSDAQ,91120,(주)이엠텍,2015,2016,mid_sized,manufacturing,2016,train,0,0.10995777,0,0,0,0.5,0.5242080092430115,0.5242080092430115,안정
KOSDAQ,91120,(주)이엠텍,2016,2017,mid_sized,manufacturing,2017,train,0,0.06331024,0,0,0,0.5,0.5242080092430115,0.5242080092430115,안정
KOSDAQ,91120,(주)이엠텍,2017,2018,mid_sized,manufacturing,2018,train,0,0.0183142,0,0,0,0.5,0.5242080092430115,0.5242080092430115,안정
KOSDAQ,91120,(주)이엠텍,2018,2019,mid_sized,manufacturing,2019,train,0,0.0074324417,0,0,0,0.5,0.5242080092430115,0.5242080092430115,안정
KOSDAQ,91120,(주)이엠텍,2019,2020,mid_sized,manufacturing,2020,train,0,0.13367702,0,0,0,0.5,0.5242080092430115,0.5242080092430115,안정
KOSDAQ,91120,(주)이엠텍,2020,2021,mid_sized,manufacturing,2021,train,0,0.16294958,0,0,0,0.5,0.5242080092430115,0.5242080092430115,안정
KOSDAQ,91120,(주)이엠텍,2021,2022,mid_sized,manufacturing,2022,train,0,0.0187581,0,0,0,0.5,0.5242080092430115,0.5242080092430115,안정
KOSDAQ,91580,상신이디피(주),2021,2022,small_and_medium,manufacturing,2022,train,0,0.3876913,0,0,0,0.5,0.5242080092430115,0.5242080092430115,관찰
KOSDAQ,91590,남화토건(주),2014,2015,mid_sized,construction,2015,train,0,0.005305623,0,0,0,0.5,0.5242080092430115,0.5242080092430115,안정
KOSDAQ,91590,남화토건(주),2018,2019,mid_sized,construction,2019,train,0,0.015574112,0,0,0,0.5,0.5242080092430115,0.5242080092430115,안정
KOSDAQ,91590,남화토건(주),2019,2020,mid_sized,construction,2020,train,0,0.012943804,0,0,0,0.5,0.5242080092430115,0.5242080092430115,안정
KOSDAQ,91590,남화토건(주),2020,2021,mid_sized,construction,2021,train,0,0.006388905,0,0,0,0.5,0.5242080092430115,0.5242080092430115,안정
KOSDAQ,91590,남화토건(주),2021,2022,mid_sized,construction,2022,train,0,0.0043054344,0,0,0,0.5,0.5242080092430115,0.5242080092430115,안정
KOSDAQ,91990,(주)셀트리온헬스케어,2019,2020,mid_sized,wholesale_retail,2020,train,0,0.11947986,0,0,0,0.5,0.5242080092430115,0.5242080092430115,안정
KOSDAQ,91990,(주)셀트리온헬스케어,2020,2021,large,wholesale_retail,2021,train,0,0.022974728,0,0,0,0.5,0.5242080092430115,0.5242080092430115,안정
KOSDAQ,92040,아미코젠(주),2014,2015,small_and_medium,manufacturing,2015,train,0,0.048595376,0,0,0,0.5,0.5242080092430115,0.5242080092430115,안정
KOSDAQ,92040,아미코젠(주),2015,2016,small_and_medium,manufacturing,2016,train,0,0.09158714,0,0,0,0.5,0.5242080092430115,0.5242080092430115,안정
KOSDAQ,92040,아미코젠(주),2016,2017,small_and_medium,manufacturing,2017,train,0,0.19991213,0,0,0,0.5,0.5242080092430115,0.5242080092430115,안정
KOSDAQ,92040,아미코젠(주),2017,2018,small_and_medium,manufacturing,2018,train,0,0.47333044,0,0,0,0.5,0.5242080092430115,0.5242080092430115,관찰
KOSDAQ,92040,아미코젠(주),2018,2019,small_and_medium,manufacturing,2019,train,0,0.44715157,0,0,0,0.5,0.5242080092430115,0.5242080092430115,관찰
KOSDAQ,92730,(주)네오팜,2020,2021,small_and_medium,manufacturing,2021,train,0,0.014723417,0,0,0,0.5,0.5242080092430115,0.5242080092430115,안정
KOSDAQ,92730,(주)네오팜,2021,2022,mid_sized,manufacturing,2022,train,0,0.0056669787,0,0,0,0.5,0.5242080092430115,0.5242080092430115,안정
KOSDAQ,92870,(주)엑시콘,2015,2016,small_and_medium,manufacturing,2016,train,0,0.2264986,0,0,0,0.5,0.5242080092430115,0.5242080092430115,안정
KOSDAQ,92870,(주)엑시콘,2016,2017,small_and_medium,manufacturing,2017,train,0,0.048152797,0,0,0,0.5,0.5242080092430115,0.5242080092430115,안정
KOSDAQ,92870,(주)엑시콘,2017,2018,small_and_medium,manufacturing,2018,train,0,0.022440003,0,0,0,0.5,0.5242080092430115,0.5242080092430115,안정
KOSDAQ,92870,(주)엑시콘,2018,2019,small_and_medium,manufacturing,2019,train,0,0.26929763,0,0,0,0.5,0.5242080092430115,0.5242080092430115,안정
KOSDAQ,92870,(주)엑시콘,2019,2020,small_and_medium,manufacturing,2020,train,0,0.5064034,1,0,0,0.5,0.5242080092430115,0.5242080092430115,관찰
KOSDAQ,92870,(주)엑시콘,2020,2021,small_and_medium,manufacturing,2021,train,0,0.051670294,0,0,0,0.5,0.5242080092430115,0.5242080092430115,안정
KOSDAQ,92870,(주)엑시콘,2021,2022,small_and_medium,manufacturing,2022,train,0,0.06634337,0,0,0,0.5,0.5242080092430115,0.5242080092430115,안정
KOSDAQ,94480,갤럭시아머니트리(주),2019,2020,large,it_services,2020,train,0,0.21989734,0,0,0,0.5,0.5242080092430115,0.5242080092430115,안정
KOSDAQ,94480,갤럭시아머니트리(주),2020,2021,large,it_services,2021,train,0,0.11658437,0,0,0,0.5,0.5242080092430115,0.5242080092430115,안정
KOSDAQ,94480,갤럭시아머니트리(주),2021,2022,large,it_services,2022,train,0,0.17105012,0,0,0,0.5,0.5242080092430115,0.5242080092430115,안정
KOSDAQ,94840,(주)슈프리마에이치큐,2020,2021,small_and_medium,manufacturing,2021,train,0,0.048789352,0,0,0,0.5,0.5242080092430115,0.5242080092430115,안정
KOSDAQ,94840,(주)슈프리마에이치큐,2021,2022,small_and_medium,manufacturing,2022,train,0,0.08131823,0,0,0,0.5,0.5242080092430115,0.5242080092430115,안정
KOSDAQ,94850,참좋은여행(주),2016,2017,mid_sized,it_services,2017,train,0,0.5225097,1,0,0,0.5,0.5242080092430115,0.5242080092430115,관찰
KOSDAQ,94850,참좋은여행(주),2017,2018,mid_sized,it_services,2018,train,0,0.52012426,1,0,0,0.5,0.5242080092430115,0.5242080092430115,관찰
KOSDAQ,94850,참좋은여행(주),2018,2019,mid_sized,it_services,2019,train,0,0.52012426,1,0,0,0.5,0.5242080092430115,0.5242080092430115,관찰
KOSDAQ,94850,참좋은여행(주),2019,2020,mid_sized,it_services,2020,train,0,0.52012426,1,0,0,0.5,0.5242080092430115,0.5242080092430115,관찰
KOSDAQ,94850,참좋은여행(주),2020,2021,mid_sized,it_services,2021,train,1,0.52012426,1,0,0,0.5,0.5242080092430115,0.5242080092430115,관찰
KOSDAQ,94850,참좋은여행(주),2021,2022,mid_sized,it_services,2022,train,1,0.52012426,1,0,0,0.5,0.5242080092430115,0.5242080092430115,관찰
KOSDAQ,94860,(주)네오리진,2014,2015,small_and_medium,it_services,2015,train,1,0.66834646,1,1,1,0.5,0.5242080092430115,0.5242080092430115,고위험
KOSDAQ,94860,(주)네오리진,2015,2016,small_and_medium,it_services,2016,train,1,0.66834646,1,1,1,0.5,0.5242080092430115,0.5242080092430115,고위험
KOSDAQ,94860,(주)네오리진,2016,2017,small_and_medium,it_services,2017,train,1,0.66834646,1,1,1,0.5,0.5242080092430115,0.5242080092430115,고위험
KOSDAQ,94860,(주)네오리진,2017,2018,small_and_medium,it_services,2018,train,1,0.8652746,1,1,1,0.5,0.5242080092430115,0.5242080092430115,고위험
KOSDAQ,94970,제이엠티(주),2019,2020,small_and_medium,manufacturing,2020,train,0,0.14880309,0,0,0,0.5,0.5242080092430115,0.5242080092430115,안정
KOSDAQ,94970,제이엠티(주),2020,2021,small_and_medium,manufacturing,2021,train,0,0.48025993,0,0,0,0.5,0.5242080092430115,0.5242080092430115,관찰
KOSDAQ,94970,제이엠티(주),2021,2022,small_and_medium,manufacturing,2022,train,1,0.59760946,1,1,1,0.5,0.5242080092430115,0.5242080092430115,관찰
KOSDAQ,95340,(주)아이에스시,2016,2017,small_and_medium,wholesale_retail,2017,train,0,0.018244512,0,0,0,0.5,0.5242080092430115,0.5242080092430115,안정
KOSDAQ,95340,(주)아이에스시,2017,2018,small_and_medium,wholesale_retail,2018,train,0,0.012947453,0,0,0,0.5,0.5242080092430115,0.5242080092430115,안정
KOSDAQ,95340,(주)아이에스시,2018,2019,small_and_medium,wholesale_retail,2019,train,0,0.01252828,0,0,0,0.5,0.5242080092430115,0.5242080092430115,안정
KOSDAQ,95340,(주)아이에스시,2019,2020,small_and_medium,wholesale_retail,2020,train,0,0.12624255,0,0,0,0.5,0.5242080092430115,0.5242080092430115,안정
KOSDAQ,95340,(주)아이에스시,2020,2021,small_and_medium,wholesale_retail,2021,train,0,0.025200598,0,0,0,0.5,0.5242080092430115,0.5242080092430115,안정
KOSDAQ,95500,미래나노텍(주),2014,2015,mid_sized,manufacturing,2015,train,1,0.94124746,1,1,1,0.5,0.5242080092430115,0.5242080092430115,고위험
KOSDAQ,95500,미래나노텍(주),2015,2016,mid_sized,manufacturing,2016,train,0,0.6757644,1,1,1,0.5,0.5242080092430115,0.5242080092430115,고위험
KOSDAQ,95500,미래나노텍(주),2016,2017,mid_sized,manufacturing,2017,train,1,0.7027929,1,1,1,0.5,0.5242080092430115,0.5242080092430115,고위험
KOSDAQ,95500,미래나노텍(주),2017,2018,mid_sized,manufacturing,2018,train,1,0.7397981,1,1,1,0.5,0.5242080092430115,0.5242080092430115,고위험
KOSDAQ,95500,미래나노텍(주),2018,2019,mid_sized,manufacturing,2019,train,1,0.84674656,1,1,1,0.5,0.5242080092430115,0.5242080092430115,고위험
KOSDAQ,95500,미래나노텍(주),2019,2020,mid_sized,manufacturing,2020,train,1,0.8660437,1,1,1,0.5,0.5242080092430115,0.5242080092430115,고위험
KOSDAQ,95500,미래나노텍(주),2020,2021,mid_sized,manufacturing,2021,train,1,0.7767326,1,1,1,0.5,0.5242080092430115,0.5242080092430115,고위험
KOSDAQ,95500,미래나노텍(주),2021,2022,mid_sized,manufacturing,2022,train,0,0.14450043,0,0,0,0.5,0.5242080092430115,0.5242080092430115,안정
KOSDAQ,95610,(주)테스,2020,2021,mid_sized,manufacturing,2021,train,0,0.0042884992,0,0,0,0.5,0.5242080092430115,0.5242080092430115,안정
KOSDAQ,95610,(주)테스,2021,2022,mid_sized,manufacturing,2022,train,0,0.0039969375,0,0,0,0.5,0.5242080092430115,0.5242080092430115,안정
KOSDAQ,96350,(주)대창솔루션,2019,2020,small_and_medium,manufacturing,2020,train,1,0.98090416,1,1,1,0.5,0.5242080092430115,0.5242080092430115,고위험
KOSDAQ,96350,(주)대창솔루션,2020,2021,small_and_medium,manufacturing,2021,train,1,0.99706954,1,1,1,0.5,0.5242080092430115,0.5242080092430115,고위험
KOSDAQ,96350,(주)대창솔루션,2021,2022,small_and_medium,manufacturing,2022,train,1,0.99848723,1,1,1,0.5,0.5242080092430115,0.5242080092430115,고위험
KOSDAQ,96630,(주)에스코넥,2014,2015,small_and_medium,manufacturing,2015,train,1,0.9632813,1,1,1,0.5,0.5242080092430115,0.5242080092430115,고위험
KOSDAQ,96630,(주)에스코넥,2015,2016,mid_sized,manufacturing,2016,train,0,0.7711596,1,1,1,0.5,0.5242080092430115,0.5242080092430115,고위험
KOSDAQ,96630,(주)에스코넥,2016,2017,mid_sized,manufacturing,2017,train,0,0.38290662,0,0,0,0.5,0.5242080092430115,0.5242080092430115,관찰
KOSDAQ,96630,(주)에스코넥,2017,2018,mid_sized,manufacturing,2018,train,1,0.81913286,1,1,1,0.5,0.5242080092430115,0.5242080092430115,고위험
KOSDAQ,96630,(주)에스코넥,2018,2019,mid_sized,manufacturing,2019,train,0,0.43926305,0,0,0,0.5,0.5242080092430115,0.5242080092430115,관찰
KOSDAQ,96630,(주)에스코넥,2019,2020,mid_sized,manufacturing,2020,train,1,0.8995772,1,1,1,0.5,0.5242080092430115,0.5242080092430115,고위험
KOSDAQ,96630,(주)에스코넥,2020,2021,small_and_medium,manufacturing,2021,train,1,0.9910812,1,1,1,0.5,0.5242080092430115,0.5242080092430115,고위험
KOSDAQ,96630,(주)에스코넥,2021,2022,small_and_medium,manufacturing,2022,train,1,0.994333,1,1,1,0.5,0.5242080092430115,0.5242080092430115,고위험
KOSDAQ,96690,(주)에이루트,2019,2020,small_and_medium,manufacturing,2020,train,1,0.9829936,1,1,1,0.5,0.5242080092430115,0.5242080092430115,고위험
KOSDAQ,96690,(주)에이루트,2020,2021,small_and_medium,manufacturing,2021,train,1,0.96290016,1,1,1,0.5,0.5242080092430115,0.5242080092430115,고위험
KOSDAQ,96690,(주)에이루트,2021,2022,small_and_medium,manufacturing,2022,train,1,0.97424,1,1,1,0.5,0.5242080092430115,0.5242080092430115,고위험
KOSDAQ,99320,(주)쎄트렉아이,2014,2015,small_and_medium,manufacturing,2015,train,0,0.034694087,0,0,0,0.5,0.5242080092430115,0.5242080092430115,안정
KOSDAQ,99320,(주)쎄트렉아이,2015,2016,small_and_medium,manufacturing,2016,train,0,0.042455498,0,0,0,0.5,0.5242080092430115,0.5242080092430115,안정
KOSDAQ,99320,(주)쎄트렉아이,2016,2017,small_and_medium,manufacturing,2017,train,0,0.01967213,0,0,0,0.5,0.5242080092430115,0.5242080092430115,안정
KOSDAQ,99320,(주)쎄트렉아이,2017,2018,small_and_medium,manufacturing,2018,train,0,0.02748909,0,0,0,0.5,0.5242080092430115,0.5242080092430115,안정
KOSDAQ,99320,(주)쎄트렉아이,2018,2019,small_and_medium,manufacturing,2019,train,0,0.046613887,0,0,0,0.5,0.5242080092430115,0.5242080092430115,안정
KOSDAQ,99320,(주)쎄트렉아이,2019,2020,small_and_medium,manufacturing,2020,train,0,0.031021692,0,0,0,0.5,0.5242080092430115,0.5242080092430115,안정
KOSDAQ,99320,(주)쎄트렉아이,2020,2021,small_and_medium,manufacturing,2021,train,0,0.034350876,0,0,0,0.5,0.5242080092430115,0.5242080092430115,안정
KOSDAQ,99320,(주)쎄트렉아이,2021,2022,small_and_medium,manufacturing,2022,train,0,0.495111,0,0,0,0.5,0.5242080092430115,0.5242080092430115,관찰
KOSDAQ,99520,(주)디지아이티엑스,2014,2015,small_and_medium,manufacturing,2015,train,1,0.52727765,1,1,1,0.5,0.5242080092430115,0.5242080092430115,관찰
KOSDAQ,99520,(주)디지아이티엑스,2015,2016,small_and_medium,manufacturing,2016,train,1,0.52727765,1,1,1,0.5,0.5242080092430115,0.5242080092430115,관찰
KOSDAQ,99520,(주)디지아이티엑스,2016,2017,small_and_medium,manufacturing,2017,train,1,0.52727765,1,1,1,0.5,0.5242080092430115,0.5242080092430115,관찰
KOSDAQ,99520,(주)디지아이티엑스,2017,2018,small_and_medium,manufacturing,2018,train,1,0.52489436,1,1,1,0.5,0.5242080092430115,0.5242080092430115,관찰
KOSDAQ,99520,(주)디지아이티엑스,2018,2019,small_and_medium,manufacturing,2019,train,1,0.52489436,1,1,1,0.5,0.5242080092430115,0.5242080092430115,관찰
KOSDAQ,99520,(주)디지아이티엑스,2019,2020,small_and_medium,manufacturing,2020,train,1,0.9744694,1,1,1,0.5,0.5242080092430115,0.5242080092430115,고위험
KOSDAQ,99520,(주)디지아이티엑스,2020,2021,small_and_medium,manufacturing,2021,train,1,0.9691816,1,1,1,0.5,0.5242080092430115,0.5242080092430115,고위험
KOSDAQ,100030,(주)인지소프트,2016,2017,small_and_medium,it_services,2017,train,1,0.7926282,1,1,1,0.5,0.5242080092430115,0.5242080092430115,고위험
KOSDAQ,100030,(주)인지소프트,2017,2018,small_and_medium,it_services,2018,train,1,0.59401053,1,1,1,0.5,0.5242080092430115,0.5242080092430115,관찰
KOSDAQ,100030,(주)인지소프트,2021,2022,small_and_medium,it_services,2022,train,0,0.20549862,0,0,0,0.5,0.5242080092430115,0.5242080092430115,안정
KOSDAQ,100090,에스케이오션플랜트(주),2016,2017,mid_sized,manufacturing,2017,train,0,0.37407953,0,0,0,0.5,0.5242080092430115,0.5242080092430115,관찰
KOSDAQ,100090,에스케이오션플랜트(주),2018,2019,mid_sized,manufacturing,2019,train,0,0.18627588,0,0,0,0.5,0.5242080092430115,0.5242080092430115,안정
KOSDAQ,100090,에스케이오션플랜트(주),2020,2021,mid_sized,manufacturing,2021,train,0,0.51415944,1,0,0,0.5,0.5242080092430115,0.5242080092430115,관찰
KOSDAQ,100090,에스케이오션플랜트(주),2021,2022,mid_sized,manufacturing,2022,train,0,0.7669277,1,1,1,0.5,0.5242080092430115,0.5242080092430115,고위험
KOSDAQ,100120,(주)뷰웍스,2019,2020,small_and_medium,manufacturing,2020,train,0,0.0059052883,0,0,0,0.5,0.5242080092430115,0.5242080092430115,안정
KOSDAQ,100120,(주)뷰웍스,2020,2021,mid_sized,manufacturing,2021,train,0,0.007294238,0,0,0,0.5,0.5242080092430115,0.5242080092430115,안정
KOSDAQ,100120,(주)뷰웍스,2021,2022,mid_sized,manufacturing,2022,train,0,0.008343003,0,0,0,0.5,0.5242080092430115,0.5242080092430115,안정
KOSDAQ,100590,(주)머큐리,2018,2019,mid_sized,manufacturing,2019,train,0,0.5792649,1,1,1,0.5,0.5242080092430115,0.5242080092430115,관찰
KOSDAQ,100590,(주)머큐리,2019,2020,mid_sized,manufacturing,2020,train,0,0.5792649,1,1,1,0.5,0.5242080092430115,0.5242080092430115,관찰
KOSDAQ,100590,(주)머큐리,2020,2021,mid_sized,manufacturing,2021,train,0,0.57272774,1,1,1,0.5,0.5242080092430115,0.5242080092430115,관찰
KOSDAQ,100590,(주)머큐리,2021,2022,mid_sized,manufacturing,2022,train,0,0.57272774,1,1,1,0.5,0.5242080092430115,0.5242080092430115,관찰
KOSDAQ,101400,엔시트론(주),2019,2020,small_and_medium,manufacturing,2020,train,1,0.996292,1,1,1,0.5,0.5242080092430115,0.5242080092430115,고위험
KOSDAQ,101400,엔시트론(주),2020,2021,small_and_medium,manufacturing,2021,train,1,0.9981337,1,1,1,0.5,0.5242080092430115,0.5242080092430115,고위험
KOSDAQ,101400,엔시트론(주),2021,2022,small_and_medium,manufacturing,2022,train,1,0.9848615,1,1,1,0.5,0.5242080092430115,0.5242080092430115,고위험
KOSDAQ,101490,(주)에스앤에스텍,2014,2015,small_and_medium,manufacturing,2015,train,1,0.9701274,1,1,1,0.5,0.5242080092430115,0.5242080092430115,고위험
KOSDAQ,101490,(주)에스앤에스텍,2015,2016,small_and_medium,manufacturing,2016,train,1,0.77790916,1,1,1,0.5,0.5242080092430115,0.5242080092430115,고위험
KOSDAQ,101490,(주)에스앤에스텍,2016,2017,small_and_medium,manufacturing,2017,train,0,0.52727765,1,1,1,0.5,0.5242080092430115,0.5242080092430115,관찰
KOSDAQ,101490,(주)에스앤에스텍,2017,2018,small_and_medium,manufacturing,2018,train,0,0.52489436,1,1,1,0.5,0.5242080092430115,0.5242080092430115,관찰
KOSDAQ,101490,(주)에스앤에스텍,2018,2019,small_and_medium,manufacturing,2019,train,0,0.52489436,1,1,1,0.5,0.5242080092430115,0.5242080092430115,관찰
KOSDAQ,101490,(주)에스앤에스텍,2019,2020,small_and_medium,manufacturing,2020,train,0,0.52489436,1,1,1,0.5,0.5242080092430115,0.5242080092430115,관찰
KOSDAQ,101490,(주)에스앤에스텍,2020,2021,small_and_medium,manufacturing,2021,train,0,0.026101848,0,0,0,0.5,0.5242080092430115,0.5242080092430115,안정
KOSDAQ,101490,(주)에스앤에스텍,2021,2022,small_and_medium,manufacturing,2022,train,0,0.009607342,0,0,0,0.5,0.5242080092430115,0.5242080092430115,안정
KOSDAQ,102120,어보브반도체(주),2014,2015,small_and_medium,manufacturing,2015,train,0,0.020607237,0,0,0,0.5,0.5242080092430115,0.5242080092430115,안정
KOSDAQ,102120,어보브반도체(주),2016,2017,small_and_medium,manufacturing,2017,train,0,0.03043948,0,0,0,0.5,0.5242080092430115,0.5242080092430115,안정
KOSDAQ,102120,어보브반도체(주),2017,2018,small_and_medium,manufacturing,2018,train,0,0.16659303,0,0,0,0.5,0.5242080092430115,0.5242080092430115,안정
KOSDAQ,102120,어보브반도체(주),2018,2019,small_and_medium,manufacturing,2019,train,0,0.031858597,0,0,0,0.5,0.5242080092430115,0.5242080092430115,안정
KOSDAQ,102710,(주)이엔에프테크놀로지,2014,2015,mid_sized,manufacturing,2015,train,0,0.0973045,0,0,0,0.5,0.5242080092430115,0.5242080092430115,안정
KOSDAQ,102710,(주)이엔에프테크놀로지,2015,2016,mid_sized,manufacturing,2016,train,0,0.010159659,0,0,0,0.5,0.5242080092430115,0.5242080092430115,안정
KOSDAQ,102710,(주)이엔에프테크놀로지,2016,2017,mid_sized,manufacturing,2017,train,0,0.010832791,0,0,0,0.5,0.5242080092430115,0.5242080092430115,안정
KOSDAQ,102710,(주)이엔에프테크놀로지,2017,2018,mid_sized,manufacturing,2018,train,0,0.009759721,0,0,0,0.5,0.5242080092430115,0.5242080092430115,안정
KOSDAQ,102710,(주)이엔에프테크놀로지,2018,2019,mid_sized,manufacturing,2019,train,0,0.0057911547,0,0,0,0.5,0.5242080092430115,0.5242080092430115,안정
KOSDAQ,102710,(주)이엔에프테크놀로지,2019,2020,mid_sized,manufacturing,2020,train,0,0.0036919129,0,0,0,0.5,0.5242080092430115,0.5242080092430115,안정
KOSDAQ,102710,(주)이엔에프테크놀로지,2020,2021,mid_sized,manufacturing,2021,train,0,0.013351416,0,0,0,0.5,0.5242080092430115,0.5242080092430115,안정
KOSDAQ,102710,(주)이엔에프테크놀로지,2021,2022,mid_sized,manufacturing,2022,train,0,0.01943454,0,0,0,0.5,0.5242080092430115,0.5242080092430115,안정
KOSDAQ,104040,(주)대성파인텍,2014,2015,small_and_medium,manufacturing,2015,train,1,0.5908713,1,1,1,0.5,0.5242080092430115,0.5242080092430115,관찰
KOSDAQ,104040,(주)대성파인텍,2018,2019,small_and_medium,manufacturing,2019,train,0,0.64735866,1,1,1,0.5,0.5242080092430115,0.5242080092430115,관찰
KOSDAQ,104460,디와이피엔에프(주),2016,2017,small_and_medium,manufacturing,2017,train,0,0.25769982,0,0,0,0.5,0.5242080092430115,0.5242080092430115,안정
KOSDAQ,104460,디와이피엔에프(주),2017,2018,small_and_medium,manufacturing,2018,train,0,0.3246142,0,0,0,0.5,0.5242080092430115,0.5242080092430115,안정
KOSDAQ,104460,디와이피엔에프(주),2018,2019,small_and_medium,manufacturing,2019,train,0,0.33082554,0,0,0,0.5,0.5242080092430115,0.5242080092430115,안정
KOSDAQ,104540,(주)코렌텍,2018,2019,small_and_medium,manufacturing,2019,train,1,0.98153186,1,1,1,0.5,0.5242080092430115,0.5242080092430115,고위험
KOSDAQ,104540,(주)코렌텍,2019,2020,small_and_medium,manufacturing,2020,train,1,0.9600296,1,1,1,0.5,0.5242080092430115,0.5242080092430115,고위험
KOSDAQ,104540,(주)코렌텍,2020,2021,small_and_medium,manufacturing,2021,train,0,0.66823494,1,1,1,0.5,0.5242080092430115,0.5242080092430115,고위험
KOSDAQ,104540,(주)코렌텍,2021,2022,small_and_medium,manufacturing,2022,train,0,0.5798902,1,1,1,0.5,0.5242080092430115,0.5242080092430115,관찰
KOSDAQ,104620,(주)노랑풍선,2019,2020,small_and_medium,it_services,2020,train,0,0.115029864,0,0,0,0.5,0.5242080092430115,0.5242080092430115,안정
KOSDAQ,104620,(주)노랑풍선,2021,2022,mid_sized,it_services,2022,train,1,0.9695976,1,1,1,0.5,0.5242080092430115,0.5242080092430115,고위험
KOSDAQ,104830,(주)원익머트리얼즈,2014,2015,mid_sized,manufacturing,2015,train,0,0.005085834,0,0,0,0.5,0.5242080092430115,0.5242080092430115,안정
KOSDAQ,104830,(주)원익머트리얼즈,2015,2016,mid_sized,manufacturing,2016,train,0,0.011520328,0,0,0,0.5,0.5242080092430115,0.5242080092430115,안정
KOSDAQ,104830,(주)원익머트리얼즈,2016,2017,mid_sized,manufacturing,2017,train,0,0.0069676056,0,0,0,0.5,0.5242080092430115,0.5242080092430115,안정
KOSDAQ,104830,(주)원익머트리얼즈,2017,2018,mid_sized,manufacturing,2018,train,0,0.005149605,0,0,0,0.5,0.5242080092430115,0.5242080092430115,안정
KOSDAQ,104830,(주)원익머트리얼즈,2018,2019,mid_sized,manufacturing,2019,train,0,0.0028210457,0,0,0,0.5,0.5242080092430115,0.5242080092430115,안정
KOSDAQ,104830,(주)원익머트리얼즈,2019,2020,mid_sized,manufacturing,2020,train,0,0.001988267,0,0,0,0.5,0.5242080092430115,0.5242080092430115,안정
KOSDAQ,104830,(주)원익머트리얼즈,2020,2021,mid_sized,manufacturing,2021,train,0,0.0025915906,0,0,0,0.5,0.5242080092430115,0.5242080092430115,안정
KOSDAQ,104830,(주)원익머트리얼즈,2021,2022,mid_sized,manufacturing,2022,train,0,0.0018872836,0,0,0,0.5,0.5242080092430115,0.5242080092430115,안정
KOSDAQ,105550,엣지파운드리(주),2016,2017,small_and_medium,manufacturing,2017,train,1,0.5355499,1,1,1,0.5,0.5242080092430115,0.5242080092430115,관찰
KOSDAQ,105550,엣지파운드리(주),2017,2018,small_and_medium,manufacturing,2018,train,1,0.5331714,1,1,1,0.5,0.5242080092430115,0.5242080092430115,관찰
KOSDAQ,106240,(주)파인테크닉스,2014,2015,small_and_medium,manufacturing,2015,train,0,0.52177376,1,0,0,0.5,0.5242080092430115,0.5242080092430115,관찰
KOSDAQ,106240,(주)파인테크닉스,2015,2016,small_and_medium,manufacturing,2016,train,0,0.507672,1,0,0,0.5,0.5242080092430115,0.5242080092430115,관찰
KOSDAQ,106240,(주)파인테크닉스,2016,2017,small_and_medium,manufacturing,2017,train,0,0.716227,1,1,1,0.5,0.5242080092430115,0.5242080092430115,고위험
KOSDAQ,106240,(주)파인테크닉스,2017,2018,small_and_medium,manufacturing,2018,train,1,0.94905585,1,1,1,0.5,0.5242080092430115,0.5242080092430115,고위험
KOSDAQ,106240,(주)파인테크닉스,2018,2019,small_and_medium,manufacturing,2019,train,1,0.98695785,1,1,1,0.5,0.5242080092430115,0.5242080092430115,고위험
KOSDAQ,106240,(주)파인테크닉스,2019,2020,small_and_medium,manufacturing,2020,train,0,0.8980307,1,1,1,0.5,0.5242080092430115,0.5242080092430115,고위험
KOSDAQ,106520,(주)노블엠앤비,2018,2019,small_and_medium,manufacturing,2019,train,1,0.99280155,1,1,1,0.5,0.5242080092430115,0.5242080092430115,고위험
KOSDAQ,106520,(주)노블엠앤비,2020,2021,small_and_medium,manufacturing,2021,train,1,0.99180436,1,1,1,0.5,0.5242080092430115,0.5242080092430115,고위험
KOSDAQ,106520,(주)노블엠앤비,2021,2022,small_and_medium,manufacturing,2022,train,1,0.997276,1,1,1,0.5,0.5242080092430115,0.5242080092430115,고위험
KOSDAQ,108230,(주)톱텍,2015,2016,mid_sized,manufacturing,2016,train,0,0.03121413,0,0,0,0.5,0.5242080092430115,0.5242080092430115,안정
KOSDAQ,108230,(주)톱텍,2016,2017,mid_sized,manufacturing,2017,train,0,0.11773576,0,0,0,0.5,0.5242080092430115,0.5242080092430115,안정
KOSDAQ,108230,(주)톱텍,2017,2018,mid_sized,manufacturing,2018,train,0,0.0038032457,0,0,0,0.5,0.5242080092430115,0.5242080092430115,안정
KOSDAQ,108230,(주)톱텍,2018,2019,mid_sized,manufacturing,2019,train,0,0.02377232,0,0,0,0.5,0.5242080092430115,0.5242080092430115,안정
KOSDAQ,108230,(주)톱텍,2019,2020,mid_sized,manufacturing,2020,train,0,0.31524885,0,0,0,0.5,0.5242080092430115,0.5242080092430115,안정
KOSDAQ,108230,(주)톱텍,2020,2021,mid_sized,manufacturing,2021,train,0,0.011689196,0,0,0,0.5,0.5242080092430115,0.5242080092430115,안정
KOSDAQ,108230,(주)톱텍,2021,2022,mid_sized,manufacturing,2022,train,0,0.35138595,0,0,0,0.5,0.5242080092430115,0.5242080092430115,관찰
KOSDAQ,108320,(주)엘엑스세미콘,2014,2015,large,manufacturing,2015,train,0,0.002277168,0,0,0,0.5,0.5242080092430115,0.5242080092430115,안정
KOSDAQ,108320,(주)엘엑스세미콘,2015,2016,large,manufacturing,2016,train,0,0.0029747905,0,0,0,0.5,0.5242080092430115,0.5242080092430115,안정
KOSDAQ,108320,(주)엘엑스세미콘,2016,2017,large,manufacturing,2017,train,0,0.0040382002,0,0,0,0.5,0.5242080092430115,0.5242080092430115,안정
KOSDAQ,108380,대양전기공업(주),2019,2020,small_and_medium,manufacturing,2020,train,0,0.029512249,0,0,0,0.5,0.5242080092430115,0.5242080092430115,안정
KOSDAQ,108380,대양전기공업(주),2020,2021,small_and_medium,manufacturing,2021,train,0,0.018223846,0,0,0,0.5,0.5242080092430115,0.5242080092430115,안정
KOSDAQ,108380,대양전기공업(주),2021,2022,mid_sized,manufacturing,2022,train,0,0.01686504,0,0,0,0.5,0.5242080092430115,0.5242080092430115,안정
KOSDAQ,109610,에스와이(주),2016,2017,small_and_medium,manufacturing,2017,train,1,0.8981654,1,1,1,0.5,0.5242080092430115,0.5242080092430115,고위험
KOSDAQ,109610,에스와이(주),2017,2018,mid_sized,manufacturing,2018,train,1,0.87029415,1,1,1,0.5,0.5242080092430115,0.5242080092430115,고위험
KOSDAQ,109740,(주)디에스케이,2014,2015,small_and_medium,manufacturing,2015,train,0,0.020242156,0,0,0,0.5,0.5242080092430115,0.5242080092430115,안정
KOSDAQ,109740,(주)디에스케이,2015,2016,small_and_medium,manufacturing,2016,train,0,0.03323102,0,0,0,0.5,0.5242080092430115,0.5242080092430115,안정
KOSDAQ,109740,(주)디에스케이,2016,2017,small_and_medium,manufacturing,2017,train,0,0.2622932,0,0,0,0.5,0.5242080092430115,0.5242080092430115,안정
KOSDAQ,109740,(주)디에스케이,2017,2018,small_and_medium,manufacturing,2018,train,1,0.9638825,1,1,1,0.5,0.5242080092430115,0.5242080092430115,고위험
KOSDAQ,109740,(주)디에스케이,2018,2019,small_and_medium,manufacturing,2019,train,0,0.5159468,1,0,0,0.5,0.5242080092430115,0.5242080092430115,관찰
KOSDAQ,109740,(주)디에스케이,2019,2020,small_and_medium,manufacturing,2020,train,0,0.36602283,0,0,0,0.5,0.5242080092430115,0.5242080092430115,관찰
KOSDAQ,109740,(주)디에스케이,2020,2021,small_and_medium,manufacturing,2021,train,1,0.8823343,1,1,1,0.5,0.5242080092430115,0.5242080092430115,고위험
KOSDAQ,109740,(주)디에스케이,2021,2022,small_and_medium,manufacturing,2022,train,0,0.82367575,1,1,1,0.5,0.5242080092430115,0.5242080092430115,고위험
KOSDAQ,109860,동일금속(주),2019,2020,small_and_medium,manufacturing,2020,train,0,0.017132942,0,0,0,0.5,0.5242080092430115,0.5242080092430115,안정
KOSDAQ,109860,동일금속(주),2020,2021,small_and_medium,manufacturing,2021,train,0,0.016594619,0,0,0,0.5,0.5242080092430115,0.5242080092430115,안정
KOSDAQ,109860,동일금속(주),2021,2022,small_and_medium,manufacturing,2022,train,0,0.023897266,0,0,0,0.5,0.5242080092430115,0.5242080092430115,안정
KOSDAQ,110790,(주)크리스에프앤씨,2018,2019,mid_sized,manufacturing,2019,train,0,0.013730867,0,0,0,0.5,0.5242080092430115,0.5242080092430115,안정
KOSDAQ,110790,(주)크리스에프앤씨,2019,2020,mid_sized,manufacturing,2020,train,0,0.008406615,0,0,0,0.5,0.5242080092430115,0.5242080092430115,안정
KOSDAQ,110790,(주)크리스에프앤씨,2020,2021,mid_sized,manufacturing,2021,train,0,0.0095206285,0,0,0,0.5,0.5242080092430115,0.5242080092430115,안정
KOSDAQ,110790,(주)크리스에프앤씨,2021,2022,mid_sized,manufacturing,2022,train,0,0.0053853723,0,0,0,0.5,0.5242080092430115,0.5242080092430115,안정
KOSDAQ,110990,디아이티(주),2021,2022,small_and_medium,manufacturing,2022,train,1,0.88769484,1,1,1,0.5,0.5242080092430115,0.5242080092430115,고위험
KOSDAQ,111870,케이에이치미래물산(주),2017,2018,mid_sized,manufacturing,2018,train,0,0.023652209,0,0,0,0.5,0.5242080092430115,0.5242080092430115,안정
KOSDAQ,111870,케이에이치미래물산(주),2019,2020,small_and_medium,manufacturing,2020,train,0,0.84917426,1,1,1,0.5,0.5242080092430115,0.5242080092430115,고위험
KOSDAQ,111870,케이에이치미래물산(주),2020,2021,small_and_medium,manufacturing,2021,train,1,0.98857856,1,1,1,0.5,0.5242080092430115,0.5242080092430115,고위험
KOSDAQ,111870,케이에이치미래물산(주),2021,2022,small_and_medium,manufacturing,2022,train,1,0.99548304,1,1,1,0.5,0.5242080092430115,0.5242080092430115,고위험
KOSDAQ,112240,(주)에스에프씨,2016,2017,small_and_medium,manufacturing,2017,train,0,0.29094002,0,0,0,0.5,0.5242080092430115,0.5242080092430115,안정
KOSDAQ,112240,(주)에스에프씨,2017,2018,small_and_medium,manufacturing,2018,train,1,0.94823635,1,1,1,0.5,0.5242080092430115,0.5242080092430115,고위험
KOSDAQ,114120,크루셜텍(주),2020,2021,mid_sized,manufacturing,2021,train,1,0.98679173,1,1,1,0.5,0.5242080092430115,0.5242080092430115,고위험
KOSDAQ,114120,크루셜텍(주),2021,2022,small_and_medium,manufacturing,2022,train,1,0.9940724,1,1,1,0.5,0.5242080092430115,0.5242080092430115,고위험
KOSDAQ,114810,한솔아이원스(주),2014,2015,small_and_medium,manufacturing,2015,train,0,0.5355499,1,1,1,0.5,0.5242080092430115,0.5242080092430115,관찰
KOSDAQ,114810,한솔아이원스(주),2015,2016,mid_sized,manufacturing,2016,train,1,0.39823136,0,0,0,0.5,0.5242080092430115,0.5242080092430115,관찰
KOSDAQ,114810,한솔아이원스(주),2016,2017,small_and_medium,manufacturing,2017,train,1,0.5355499,1,1,1,0.5,0.5242080092430115,0.5242080092430115,관찰
KOSDAQ,114810,한솔아이원스(주),2017,2018,small_and_medium,manufacturing,2018,train,0,0.5331714,1,1,1,0.5,0.5242080092430115,0.5242080092430115,관찰
KOSDAQ,114810,한솔아이원스(주),2018,2019,small_and_medium,manufacturing,2019,train,0,0.5331714,1,1,1,0.5,0.5242080092430115,0.5242080092430115,관찰
KOSDAQ,114840,(주)아이패밀리에스씨,2021,2022,small_and_medium,manufacturing,2022,train,0,0.7422505,1,1,1,0.5,0.5242080092430115,0.5242080092430115,고위험
KOSDAQ,115160,(주)휴맥스,2015,2016,mid_sized,manufacturing,2016,train,0,0.015189919,0,0,0,0.5,0.5242080092430115,0.5242080092430115,안정
KOSDAQ,115160,(주)휴맥스,2016,2017,mid_sized,manufacturing,2017,train,0,0.023078237,0,0,0,0.5,0.5242080092430115,0.5242080092430115,안정
KOSDAQ,115160,(주)휴맥스,2019,2020,mid_sized,manufacturing,2020,train,0,0.27396885,0,0,0,0.5,0.5242080092430115,0.5242080092430115,안정
KOSDAQ,115160,(주)휴맥스,2020,2021,mid_sized,manufacturing,2021,train,0,0.28322765,0,0,0,0.5,0.5242080092430115,0.5242080092430115,안정
KOSDAQ,115160,(주)휴맥스,2021,2022,mid_sized,manufacturing,2022,train,0,0.37166017,0,0,0,0.5,0.5242080092430115,0.5242080092430115,관찰
KOSDAQ,115310,(주)인포바인,2020,2021,small_and_medium,it_services,2021,train,0,0.020053223,0,0,0,0.5,0.5242080092430115,0.5242080092430115,안정
KOSDAQ,115310,(주)인포바인,2021,2022,small_and_medium,it_services,2022,train,0,0.01779456,0,0,0,0.5,0.5242080092430115,0.5242080092430115,안정
KOSDAQ,115450,에이치엘비테라퓨틱스(주),2020,2021,small_and_medium,wholesale_retail,2021,train,1,0.9881995,1,1,1,0.5,0.5242080092430115,0.5242080092430115,고위험
KOSDAQ,115450,에이치엘비테라퓨틱스(주),2021,2022,small_and_medium,wholesale_retail,2022,train,1,0.98936635,1,1,1,0.5,0.5242080092430115,0.5242080092430115,고위험
KOSDAQ,115960,(주)연우,2017,2018,mid_sized,manufacturing,2018,train,0,0.073273264,0,0,0,0.5,0.5242080092430115,0.5242080092430115,안정
KOSDAQ,115960,(주)연우,2018,2019,mid_sized,manufacturing,2019,train,0,0.13733569,0,0,0,0.5,0.5242080092430115,0.5242080092430115,안정
KOSDAQ,115960,(주)연우,2019,2020,mid_sized,manufacturing,2020,train,0,0.03188478,0,0,0,0.5,0.5242080092430115,0.5242080092430115,안정
KOSDAQ,115960,(주)연우,2020,2021,mid_sized,manufacturing,2021,train,0,0.018147137,0,0,0,0.5,0.5242080092430115,0.5242080092430115,안정
KOSDAQ,115960,(주)연우,2021,2022,mid_sized,manufacturing,2022,train,0,0.0053802384,0,0,0,0.5,0.5242080092430115,0.5242080092430115,안정
KOSDAQ,117670,(주)알파칩스,2018,2019,small_and_medium,manufacturing,2019,train,1,0.9803109,1,1,1,0.5,0.5242080092430115,0.5242080092430115,고위험
KOSDAQ,119500,(주)포메탈,2017,2018,small_and_medium,manufacturing,2018,train,0,0.51783913,1,0,0,0.5,0.5242080092430115,0.5242080092430115,관찰
KOSDAQ,119500,(주)포메탈,2018,2019,small_and_medium,manufacturing,2019,train,0,0.51783913,1,0,0,0.5,0.5242080092430115,0.5242080092430115,관찰
KOSDAQ,119500,(주)포메탈,2019,2020,small_and_medium,manufacturing,2020,train,0,0.51783913,1,0,0,0.5,0.5242080092430115,0.5242080092430115,관찰
KOSDAQ,119500,(주)포메탈,2020,2021,small_and_medium,manufacturing,2021,train,0,0.50633055,1,0,0,0.5,0.5242080092430115,0.5242080092430115,관찰
KOSDAQ,119500,(주)포메탈,2021,2022,small_and_medium,manufacturing,2022,train,0,0.50633055,1,0,0,0.5,0.5242080092430115,0.5242080092430115,관찰
KOSDAQ,119830,아이텍(주),2018,2019,small_and_medium,it_services,2019,train,1,0.7899814,1,1,1,0.5,0.5242080092430115,0.5242080092430115,고위험
KOSDAQ,119830,아이텍(주),2019,2020,small_and_medium,it_services,2020,train,1,0.9162062,1,1,1,0.5,0.5242080092430115,0.5242080092430115,고위험
KOSDAQ,119830,아이텍(주),2020,2021,small_and_medium,it_services,2021,train,1,0.9465093,1,1,1,0.5,0.5242080092430115,0.5242080092430115,고위험
KOSDAQ,119830,아이텍(주),2021,2022,small_and_medium,it_services,2022,train,1,0.8754439,1,1,1,0.5,0.5242080092430115,0.5242080092430115,고위험
KOSDAQ,120240,대정화금(주),2014,2015,small_and_medium,manufacturing,2015,train,0,0.5202254,1,0,0,0.5,0.5242080092430115,0.5242080092430115,관찰
KOSDAQ,120240,대정화금(주),2015,2016,small_and_medium,manufacturing,2016,train,0,0.5202254,1,0,0,0.5,0.5242080092430115,0.5242080092430115,관찰
KOSDAQ,120240,대정화금(주),2016,2017,small_and_medium,manufacturing,2017,train,0,0.5202254,1,0,0,0.5,0.5242080092430115,0.5242080092430115,관찰
KOSDAQ,120240,대정화금(주),2017,2018,small_and_medium,manufacturing,2018,train,0,0.51783913,1,0,0,0.5,0.5242080092430115,0.5242080092430115,관찰
KOSDAQ,120240,대정화금(주),2018,2019,small_and_medium,manufacturing,2019,train,0,0.51783913,1,0,0,0.5,0.5242080092430115,0.5242080092430115,관찰
KOSDAQ,120240,대정화금(주),2019,2020,small_and_medium,manufacturing,2020,train,0,0.51783913,1,0,0,0.5,0.5242080092430115,0.5242080092430115,관찰
KOSDAQ,120240,대정화금(주),2020,2021,small_and_medium,manufacturing,2021,train,0,0.50633055,1,0,0,0.5,0.5242080092430115,0.5242080092430115,관찰
KOSDAQ,120240,대정화금(주),2021,2022,small_and_medium,manufacturing,2022,train,0,0.50633055,1,0,0,0.5,0.5242080092430115,0.5242080092430115,관찰
KOSDAQ,121600,(주)나노신소재,2019,2020,small_and_medium,manufacturing,2020,train,0,0.023245253,0,0,0,0.5,0.5242080092430115,0.5242080092430115,안정
KOSDAQ,121600,(주)나노신소재,2020,2021,small_and_medium,manufacturing,2021,train,0,0.106169,0,0,0,0.5,0.5242080092430115,0.5242080092430115,안정
KOSDAQ,121600,(주)나노신소재,2021,2022,small_and_medium,manufacturing,2022,train,0,0.042785738,0,0,0,0.5,0.5242080092430115,0.5242080092430115,안정
KOSDAQ,121800,(주)비덴트,2017,2018,small_and_medium,manufacturing,2018,train,1,0.88339615,1,1,1,0.5,0.5242080092430115,0.5242080092430115,고위험
KOSDAQ,122350,(주)삼기,2014,2015,mid_sized,manufacturing,2015,train,1,0.9309129,1,1,1,0.5,0.5242080092430115,0.5242080092430115,고위험
KOSDAQ,122350,(주)삼기,2015,2016,mid_sized,manufacturing,2016,train,1,0.88622,1,1,1,0.5,0.5242080092430115,0.5242080092430115,고위험
KOSDAQ,122350,(주)삼기,2016,2017,mid_sized,manufacturing,2017,train,1,0.8404548,1,1,1,0.5,0.5242080092430115,0.5242080092430115,고위험
KOSDAQ,122350,(주)삼기,2017,2018,mid_sized,manufacturing,2018,train,1,0.74169284,1,1,1,0.5,0.5242080092430115,0.5242080092430115,고위험
KOSDAQ,122350,(주)삼기,2018,2019,mid_sized,manufacturing,2019,train,1,0.7929075,1,1,1,0.5,0.5242080092430115,0.5242080092430115,고위험
KOSDAQ,122350,(주)삼기,2019,2020,mid_sized,manufacturing,2020,train,1,0.8786167,1,1,1,0.5,0.5242080092430115,0.5242080092430115,고위험
KOSDAQ,122350,(주)삼기,2020,2021,mid_sized,manufacturing,2021,train,1,0.9015398,1,1,1,0.5,0.5242080092430115,0.5242080092430115,고위험
KOSDAQ,122350,(주)삼기,2021,2022,mid_sized,manufacturing,2022,train,1,0.90600187,1,1,1,0.5,0.5242080092430115,0.5242080092430115,고위험
KOSDAQ,122450,(주)케이엑스이노베이션,2014,2015,mid_sized,it_services,2015,train,0,0.021134282,0,0,0,0.5,0.5242080092430115,0.5242080092430115,안정
KOSDAQ,122450,(주)케이엑스이노베이션,2018,2019,mid_sized,it_services,2019,train,0,0.08269517,0,0,0,0.5,0.5242080092430115,0.5242080092430115,안정
KOSDAQ,122450,(주)케이엑스이노베이션,2019,2020,mid_sized,it_services,2020,train,0,0.06606433,0,0,0,0.5,0.5242080092430115,0.5242080092430115,안정
KOSDAQ,122640,(주)예스티,2015,2016,small_and_medium,manufacturing,2016,train,0,0.5355499,1,1,1,0.5,0.5242080092430115,0.5242080092430115,관찰
KOSDAQ,122640,(주)예스티,2016,2017,small_and_medium,manufacturing,2017,train,0,0.39189932,0,0,0,0.5,0.5242080092430115,0.5242080092430115,관찰
KOSDAQ,123040,(주)엠에스오토텍,2014,2015,mid_sized,manufacturing,2015,train,1,0.9643242,1,1,1,0.5,0.5242080092430115,0.5242080092430115,고위험
KOSDAQ,123040,(주)엠에스오토텍,2015,2016,mid_sized,manufacturing,2016,train,1,0.94794905,1,1,1,0.5,0.5242080092430115,0.5242080092430115,고위험
KOSDAQ,123040,(주)엠에스오토텍,2016,2017,mid_sized,manufacturing,2017,train,1,0.90152705,1,1,1,0.5,0.5242080092430115,0.5242080092430115,고위험
KOSDAQ,123040,(주)엠에스오토텍,2017,2018,mid_sized,manufacturing,2018,train,1,0.9034856,1,1,1,0.5,0.5242080092430115,0.5242080092430115,고위험
KOSDAQ,123040,(주)엠에스오토텍,2018,2019,mid_sized,manufacturing,2019,train,1,0.9340408,1,1,1,0.5,0.5242080092430115,0.5242080092430115,고위험
KOSDAQ,123040,(주)엠에스오토텍,2019,2020,mid_sized,manufacturing,2020,train,1,0.8338802,1,1,1,0.5,0.5242080092430115,0.5242080092430115,고위험
KOSDAQ,123040,(주)엠에스오토텍,2020,2021,mid_sized,manufacturing,2021,train,1,0.85259265,1,1,1,0.5,0.5242080092430115,0.5242080092430115,고위험
KOSDAQ,123040,(주)엠에스오토텍,2021,2022,mid_sized,manufacturing,2022,train,1,0.7454151,1,1,1,0.5,0.5242080092430115,0.5242080092430115,고위험
KOSDAQ,123260,(주)파인넥스,2014,2015,small_and_medium,manufacturing,2015,train,1,0.96145356,1,1,1,0.5,0.5242080092430115,0.5242080092430115,고위험
KOSDAQ,123260,(주)파인넥스,2015,2016,small_and_medium,manufacturing,2016,train,1,0.96841097,1,1,1,0.5,0.5242080092430115,0.5242080092430115,고위험
KOSDAQ,123330,(주)제닉,2019,2020,small_and_medium,manufacturing,2020,train,0,0.9204938,1,1,1,0.5,0.5242080092430115,0.5242080092430115,고위험
KOSDAQ,123330,(주)제닉,2020,2021,small_and_medium,manufacturing,2021,train,0,0.8986139,1,1,1,0.5,0.5242080092430115,0.5242080092430115,고위험
KOSDAQ,123330,(주)제닉,2021,2022,small_and_medium,manufacturing,2022,train,0,0.93662757,1,1,1,0.5,0.5242080092430115,0.5242080092430115,고위험
KOSDAQ,123410,코리아에프티(주),2020,2021,mid_sized,manufacturing,2021,train,1,0.72632116,1,1,1,0.5,0.5242080092430115,0.5242080092430115,고위험
KOSDAQ,123410,코리아에프티(주),2021,2022,mid_sized,manufacturing,2022,train,1,0.67744523,1,1,1,0.5,0.5242080092430115,0.5242080092430115,고위험
KOSDAQ,123570,(주)이엠넷,2014,2015,small_and_medium,it_services,2015,train,0,0.11780186,0,0,0,0.5,0.5242080092430115,0.5242080092430115,안정
KOSDAQ,123570,(주)이엠넷,2015,2016,small_and_medium,it_services,2016,train,0,0.055160433,0,0,0,0.5,0.5242080092430115,0.5242080092430115,안정
KOSDAQ,123570,(주)이엠넷,2016,2017,small_and_medium,it_services,2017,train,0,0.036118537,0,0,0,0.5,0.5242080092430115,0.5242080092430115,안정
KOSDAQ,123570,(주)이엠넷,2017,2018,small_and_medium,it_services,2018,train,0,0.05029691,0,0,0,0.5,0.5242080092430115,0.5242080092430115,안정
KOSDAQ,123570,(주)이엠넷,2018,2019,small_and_medium,it_services,2019,train,0,0.0153047815,0,0,0,0.5,0.5242080092430115,0.5242080092430115,안정
KOSDAQ,123570,(주)이엠넷,2019,2020,small_and_medium,it_services,2020,train,0,0.022709448,0,0,0,0.5,0.5242080092430115,0.5242080092430115,안정
KOSDAQ,123570,(주)이엠넷,2020,2021,small_and_medium,it_services,2021,train,0,0.032314975,0,0,0,0.5,0.5242080092430115,0.5242080092430115,안정
KOSDAQ,123570,(주)이엠넷,2021,2022,small_and_medium,it_services,2022,train,0,0.029315433,0,0,0,0.5,0.5242080092430115,0.5242080092430115,안정
KOSDAQ,123840,(주)뉴온,2019,2020,small_and_medium,manufacturing,2020,train,1,0.94441736,1,1,1,0.5,0.5242080092430115,0.5242080092430115,고위험
KOSDAQ,123840,(주)뉴온,2020,2021,small_and_medium,manufacturing,2021,train,1,0.9115129,1,1,1,0.5,0.5242080092430115,0.5242080092430115,고위험
KOSDAQ,123840,(주)뉴온,2021,2022,small_and_medium,manufacturing,2022,train,1,0.9762972,1,1,1,0.5,0.5242080092430115,0.5242080092430115,고위험
KOSDAQ,124500,(주)아이티센글로벌,2015,2016,small_and_medium,it_services,2016,train,0,0.4746349,0,0,0,0.5,0.5242080092430115,0.5242080092430115,관찰
KOSDAQ,124500,(주)아이티센글로벌,2016,2017,small_and_medium,it_services,2017,train,0,0.55718595,1,1,1,0.5,0.5242080092430115,0.5242080092430115,관찰
KOSDAQ,124500,(주)아이티센글로벌,2017,2018,mid_sized,it_services,2018,train,0,0.5675909,1,1,1,0.5,0.5242080092430115,0.5242080092430115,관찰
KOSDAQ,124500,(주)아이티센글로벌,2018,2019,mid_sized,it_services,2019,train,0,0.24115933,0,0,0,0.5,0.5242080092430115,0.5242080092430115,안정
KOSDAQ,124500,(주)아이티센글로벌,2019,2020,mid_sized,it_services,2020,train,0,0.0330803,0,0,0,0.5,0.5242080092430115,0.5242080092430115,안정
KOSDAQ,124500,(주)아이티센글로벌,2020,2021,mid_sized,it_services,2021,train,0,0.04982205,0,0,0,0.5,0.5242080092430115,0.5242080092430115,안정
KOSDAQ,124500,(주)아이티센글로벌,2021,2022,mid_sized,it_services,2022,train,0,0.056338247,0,0,0,0.5,0.5242080092430115,0.5242080092430115,안정
KOSDAQ,124560,(주)태웅로직스,2019,2020,mid_sized,transport_storage,2020,train,1,0.7318817,1,1,1,0.5,0.5242080092430115,0.5242080092430115,고위험
KOSDAQ,124560,(주)태웅로직스,2020,2021,mid_sized,transport_storage,2021,train,1,0.8090266,1,1,1,0.5,0.5242080092430115,0.5242080092430115,고위험
KOSDAQ,124560,(주)태웅로직스,2021,2022,mid_sized,transport_storage,2022,train,0,0.11779692,0,0,0,0.5,0.5242080092430115,0.5242080092430115,안정
KOSDAQ,126600,(주)비지에프에코머티리얼즈,2019,2020,mid_sized,manufacturing,2020,train,0,0.02895359,0,0,0,0.5,0.5242080092430115,0.5242080092430115,안정
KOSDAQ,126600,(주)비지에프에코머티리얼즈,2020,2021,mid_sized,manufacturing,2021,train,0,0.016609067,0,0,0,0.5,0.5242080092430115,0.5242080092430115,안정
KOSDAQ,126600,(주)비지에프에코머티리얼즈,2021,2022,mid_sized,manufacturing,2022,train,0,0.16330351,0,0,0,0.5,0.5242080092430115,0.5242080092430115,안정
KOSDAQ,126640,(주)화신정공,2014,2015,mid_sized,manufacturing,2015,train,0,0.38359097,0,0,0,0.5,0.5242080092430115,0.5242080092430115,관찰
KOSDAQ,126640,(주)화신정공,2015,2016,mid_sized,manufacturing,2016,train,0,0.38359097,0,0,0,0.5,0.5242080092430115,0.5242080092430115,관찰
KOSDAQ,126640,(주)화신정공,2016,2017,mid_sized,manufacturing,2017,train,0,0.38359097,0,0,0,0.5,0.5242080092430115,0.5242080092430115,관찰
KOSDAQ,126640,(주)화신정공,2017,2018,mid_sized,manufacturing,2018,train,0,0.38133323,0,0,0,0.5,0.5242080092430115,0.5242080092430115,관찰
KOSDAQ,126640,(주)화신정공,2018,2019,mid_sized,manufacturing,2019,train,0,0.38133323,0,0,0,0.5,0.5242080092430115,0.5242080092430115,관찰
KOSDAQ,126640,(주)화신정공,2019,2020,mid_sized,manufacturing,2020,train,0,0.38133323,0,0,0,0.5,0.5242080092430115,0.5242080092430115,관찰
KOSDAQ,126640,(주)화신정공,2020,2021,mid_sized,manufacturing,2021,train,0,0.38133323,0,0,0,0.5,0.5242080092430115,0.5242080092430115,관찰
KOSDAQ,126640,(주)화신정공,2021,2022,mid_sized,manufacturing,2022,train,0,0.38133323,0,0,0,0.5,0.5242080092430115,0.5242080092430115,관찰
KOSDAQ,126870,(주)뉴로스,2014,2015,small_and_medium,manufacturing,2015,train,1,0.88777584,1,1,1,0.5,0.5242080092430115,0.5242080092430115,고위험
KOSDAQ,126870,(주)뉴로스,2015,2016,small_and_medium,manufacturing,2016,train,1,0.7881153,1,1,1,0.5,0.5242080092430115,0.5242080092430115,고위험
KOSDAQ,126870,(주)뉴로스,2016,2017,small_and_medium,manufacturing,2017,train,1,0.8930368,1,1,1,0.5,0.5242080092430115,0.5242080092430115,고위험
KOSDAQ,127710,(주)아시아경제,2020,2021,mid_sized,it_services,2021,train,0,0.2541791,0,0,0,0.5,0.5242080092430115,0.5242080092430115,안정
KOSDAQ,128540,에코캡(주),2018,2019,small_and_medium,manufacturing,2019,train,1,0.7957307,1,1,1,0.5,0.5242080092430115,0.5242080092430115,고위험
KOSDAQ,128540,에코캡(주),2019,2020,small_and_medium,manufacturing,2020,train,1,0.8601786,1,1,1,0.5,0.5242080092430115,0.5242080092430115,고위험
KOSDAQ,128660,(주)피제이메탈,2018,2019,mid_sized,manufacturing,2019,train,0,0.38133323,0,0,0,0.5,0.5242080092430115,0.5242080092430115,관찰
KOSDAQ,128660,(주)피제이메탈,2020,2021,mid_sized,manufacturing,2021,train,0,0.38133323,0,0,0,0.5,0.5242080092430115,0.5242080092430115,관찰
KOSDAQ,129890,(주)앱코,2021,2022,small_and_medium,manufacturing,2022,train,1,0.94522476,1,1,1,0.5,0.5242080092430115,0.5242080092430115,고위험
KOSDAQ,130500,지에이치신소재(주),2014,2015,mid_sized,manufacturing,2015,train,0,0.4745989,0,0,0,0.5,0.5242080092430115,0.5242080092430115,관찰
KOSDAQ,130500,지에이치신소재(주),2016,2017,small_and_medium,manufacturing,2017,train,0,0.05909997,0,0,0,0.5,0.5242080092430115,0.5242080092430115,안정
KOSDAQ,130500,지에이치신소재(주),2017,2018,small_and_medium,manufacturing,2018,train,0,0.037517726,0,0,0,0.5,0.5242080092430115,0.5242080092430115,안정
KOSDAQ,130500,지에이치신소재(주),2018,2019,small_and_medium,manufacturing,2019,train,0,0.76116884,1,1,1,0.5,0.5242080092430115,0.5242080092430115,고위험
KOSDAQ,130500,지에이치신소재(주),2019,2020,small_and_medium,manufacturing,2020,train,0,0.7220767,1,1,1,0.5,0.5242080092430115,0.5242080092430115,고위험
KOSDAQ,130500,지에이치신소재(주),2020,2021,small_and_medium,manufacturing,2021,train,1,0.8419012,1,1,1,0.5,0.5242080092430115,0.5242080092430115,고위험
KOSDAQ,130500,지에이치신소재(주),2021,2022,mid_sized,manufacturing,2022,train,1,0.8425515,1,1,1,0.5,0.5242080092430115,0.5242080092430115,고위험
KOSDAQ,130960,씨제이이앤엠(주),2014,2015,large,it_services,2015,train,0,0.0041541406,0,0,0,0.5,0.5242080092430115,0.5242080092430115,안정
KOSDAQ,130960,씨제이이앤엠(주),2015,2016,large,it_services,2016,train,0,0.005194661,0,0,0,0.5,0.5242080092430115,0.5242080092430115,안정
KOSDAQ,130960,씨제이이앤엠(주),2016,2017,large,it_services,2017,train,0,0.005812606,0,0,0,0.5,0.5242080092430115,0.5242080092430115,안정
KOSDAQ,131030,(주)옵투스제약,2017,2018,small_and_medium,manufacturing,2018,train,0,0.51783913,1,0,0,0.5,0.5242080092430115,0.5242080092430115,관찰
KOSDAQ,131030,(주)옵투스제약,2018,2019,mid_sized,manufacturing,2019,train,0,0.38133323,0,0,0,0.5,0.5242080092430115,0.5242080092430115,관찰
KOSDAQ,131030,(주)옵투스제약,2019,2020,small_and_medium,manufacturing,2020,train,0,0.51783913,1,0,0,0.5,0.5242080092430115,0.5242080092430115,관찰
KOSDAQ,131030,(주)옵투스제약,2020,2021,mid_sized,manufacturing,2021,train,0,0.38133323,0,0,0,0.5,0.5242080092430115,0.5242080092430115,관찰
KOSDAQ,131030,(주)옵투스제약,2021,2022,mid_sized,manufacturing,2022,train,0,0.38133323,0,0,0,0.5,0.5242080092430115,0.5242080092430115,관찰
KOSDAQ,131090,(주)시큐브,2021,2022,small_and_medium,it_services,2022,train,0,0.03688055,0,0,0,0.5,0.5242080092430115,0.5242080092430115,안정
KOSDAQ,131290,(주)티에스이,2014,2015,mid_sized,manufacturing,2015,train,0,0.045443185,0,0,0,0.5,0.5242080092430115,0.5242080092430115,안정
KOSDAQ,131290,(주)티에스이,2015,2016,mid_sized,manufacturing,2016,train,0,0.2499721,0,0,0,0.5,0.5242080092430115,0.5242080092430115,안정
KOSDAQ,131290,(주)티에스이,2016,2017,mid_sized,manufacturing,2017,train,1,0.58901566,1,1,1,0.5,0.5242080092430115,0.5242080092430115,관찰
KOSDAQ,131290,(주)티에스이,2017,2018,mid_sized,manufacturing,2018,train,0,0.025117736,0,0,0,0.5,0.5242080092430115,0.5242080092430115,안정
KOSDAQ,131290,(주)티에스이,2018,2019,mid_sized,manufacturing,2019,train,0,0.03673887,0,0,0,0.5,0.5242080092430115,0.5242080092430115,안정
KOSDAQ,131290,(주)티에스이,2019,2020,mid_sized,manufacturing,2020,train,0,0.01576705,0,0,0,0.5,0.5242080092430115,0.5242080092430115,안정
KOSDAQ,131290,(주)티에스이,2020,2021,mid_sized,manufacturing,2021,train,0,0.0045303046,0,0,0,0.5,0.5242080092430115,0.5242080092430115,안정
KOSDAQ,131290,(주)티에스이,2021,2022,mid_sized,manufacturing,2022,train,0,0.0069566104,0,0,0,0.5,0.5242080092430115,0.5242080092430115,안정
KOSDAQ,131400,(주)이브이첨단소재,2014,2015,small_and_medium,manufacturing,2015,train,1,0.83679366,1,1,1,0.5,0.5242080092430115,0.5242080092430115,고위험
KOSDAQ,131400,(주)이브이첨단소재,2015,2016,small_and_medium,manufacturing,2016,train,1,0.9775439,1,1,1,0.5,0.5242080092430115,0.5242080092430115,고위험
KOSDAQ,131400,(주)이브이첨단소재,2016,2017,small_and_medium,manufacturing,2017,train,1,0.98562163,1,1,1,0.5,0.5242080092430115,0.5242080092430115,고위험
KOSDAQ,131400,(주)이브이첨단소재,2017,2018,small_and_medium,manufacturing,2018,train,1,0.93428713,1,1,1,0.5,0.5242080092430115,0.5242080092430115,고위험
KOSDAQ,131400,(주)이브이첨단소재,2018,2019,small_and_medium,manufacturing,2019,train,1,0.8719074,1,1,1,0.5,0.5242080092430115,0.5242080092430115,고위험
KOSDAQ,131400,(주)이브이첨단소재,2019,2020,small_and_medium,manufacturing,2020,train,1,0.8873861,1,1,1,0.5,0.5242080092430115,0.5242080092430115,고위험
KOSDAQ,131400,(주)이브이첨단소재,2020,2021,small_and_medium,manufacturing,2021,train,1,0.9335129,1,1,1,0.5,0.5242080092430115,0.5242080092430115,고위험
KOSDAQ,131400,(주)이브이첨단소재,2021,2022,small_and_medium,manufacturing,2022,train,1,0.9822021,1,1,1,0.5,0.5242080092430115,0.5242080092430115,고위험
KOSDAQ,131760,(주)파인텍,2017,2018,small_and_medium,manufacturing,2018,train,1,0.97223973,1,1,1,0.5,0.5242080092430115,0.5242080092430115,고위험
KOSDAQ,134580,(주)탑코미디어,2019,2020,small_and_medium,it_services,2020,train,1,0.74909985,1,1,1,0.5,0.5242080092430115,0.5242080092430115,고위험
KOSDAQ,134580,(주)탑코미디어,2020,2021,small_and_medium,it_services,2021,train,1,0.498832,0,0,0,0.5,0.5242080092430115,0.5242080092430115,관찰
KOSDAQ,134780,(주)화진,2014,2015,small_and_medium,manufacturing,2015,train,0,0.32301864,0,0,0,0.5,0.5242080092430115,0.5242080092430115,안정
KOSDAQ,134780,(주)화진,2015,2016,small_and_medium,manufacturing,2016,train,0,0.116963826,0,0,0,0.5,0.5242080092430115,0.5242080092430115,안정
KOSDAQ,134780,(주)화진,2016,2017,small_and_medium,manufacturing,2017,train,0,0.10885687,0,0,0,0.5,0.5242080092430115,0.5242080092430115,안정
KOSDAQ,134780,(주)화진,2017,2018,small_and_medium,manufacturing,2018,train,0,0.6888503,1,1,1,0.5,0.5242080092430115,0.5242080092430115,고위험
KOSDAQ,136540,(주)윈스테크넷,2019,2020,small_and_medium,it_services,2020,train,0,0.058202453,0,0,0,0.5,0.5242080092430115,0.5242080092430115,안정
KOSDAQ,136540,(주)윈스테크넷,2020,2021,small_and_medium,it_services,2021,train,0,0.06218983,0,0,0,0.5,0.5242080092430115,0.5242080092430115,안정
KOSDAQ,136540,(주)윈스테크넷,2021,2022,small_and_medium,it_services,2022,train,0,0.023236752,0,0,0,0.5,0.5242080092430115,0.5242080092430115,안정
KOSDAQ,138080,(주)오이솔루션,2014,2015,small_and_medium,manufacturing,2015,train,0,0.040631395,0,0,0,0.5,0.5242080092430115,0.5242080092430115,안정
KOSDAQ,138080,(주)오이솔루션,2017,2018,small_and_medium,manufacturing,2018,train,1,0.7395063,1,1,1,0.5,0.5242080092430115,0.5242080092430115,고위험
KOSDAQ,138080,(주)오이솔루션,2018,2019,small_and_medium,manufacturing,2019,train,0,0.5452203,1,1,1,0.5,0.5242080092430115,0.5242080092430115,관찰
KOSDAQ,138080,(주)오이솔루션,2019,2020,small_and_medium,manufacturing,2020,train,0,0.008983013,0,0,0,0.5,0.5242080092430115,0.5242080092430115,안정
KOSDAQ,138080,(주)오이솔루션,2020,2021,small_and_medium,manufacturing,2021,train,0,0.11046344,0,0,0,0.5,0.5242080092430115,0.5242080092430115,안정
KOSDAQ,138080,(주)오이솔루션,2021,2022,small_and_medium,manufacturing,2022,train,0,0.12385503,0,0,0,0.5,0.5242080092430115,0.5242080092430115,안정
KOSDAQ,138580,(주)비즈니스온커뮤니케이션,2019,2020,small_and_medium,it_services,2020,train,0,0.4934827,0,0,0,0.5,0.5242080092430115,0.5242080092430115,관찰
KOSDAQ,138580,(주)비즈니스온커뮤니케이션,2020,2021,small_and_medium,it_services,2021,train,0,0.05812316,0,0,0,0.5,0.5242080092430115,0.5242080092430115,안정
KOSDAQ,138580,(주)비즈니스온커뮤니케이션,2021,2022,small_and_medium,it_services,2022,train,0,0.01358254,0,0,0,0.5,0.5242080092430115,0.5242080092430115,안정
KOSDAQ,139050,(주)비에프랩스,2014,2015,small_and_medium,it_services,2015,train,0,0.08545575,0,0,0,0.5,0.5242080092430115,0.5242080092430115,안정
KOSDAQ,139050,(주)비에프랩스,2015,2016,small_and_medium,it_services,2016,train,0,0.38774586,0,0,0,0.5,0.5242080092430115,0.5242080092430115,관찰
KOSDAQ,139050,(주)비에프랩스,2016,2017,small_and_medium,it_services,2017,train,0,0.456008,0,0,0,0.5,0.5242080092430115,0.5242080092430115,관찰
KOSDAQ,139050,(주)비에프랩스,2017,2018,small_and_medium,it_services,2018,train,0,0.5808298,1,1,1,0.5,0.5242080092430115,0.5242080092430115,관찰
KOSDAQ,139050,(주)비에프랩스,2018,2019,small_and_medium,it_services,2019,train,0,0.66871196,1,1,1,0.5,0.5242080092430115,0.5242080092430115,고위험
KOSDAQ,139050,(주)비에프랩스,2019,2020,small_and_medium,it_services,2020,train,1,0.9063478,1,1,1,0.5,0.5242080092430115,0.5242080092430115,고위험
KOSDAQ,139050,(주)비에프랩스,2021,2022,small_and_medium,it_services,2022,train,0,0.52729005,1,1,1,0.5,0.5242080092430115,0.5242080092430115,관찰
KOSDAQ,140070,(주)서플러스글로벌,2017,2018,small_and_medium,wholesale_retail,2018,train,0,0.11060929,0,0,0,0.5,0.5242080092430115,0.5242080092430115,안정
KOSDAQ,140070,(주)서플러스글로벌,2018,2019,small_and_medium,wholesale_retail,2019,train,0,0.049201943,0,0,0,0.5,0.5242080092430115,0.5242080092430115,안정
KOSDAQ,140070,(주)서플러스글로벌,2019,2020,small_and_medium,wholesale_retail,2020,train,1,0.7372078,1,1,1,0.5,0.5242080092430115,0.5242080092430115,고위험
KOSDAQ,140070,(주)서플러스글로벌,2020,2021,small_and_medium,wholesale_retail,2021,train,0,0.36925146,0,0,0,0.5,0.5242080092430115,0.5242080092430115,관찰
KOSDAQ,140070,(주)서플러스글로벌,2021,2022,mid_sized,wholesale_retail,2022,train,0,0.13411872,0,0,0,0.5,0.5242080092430115,0.5242080092430115,안정
KOSDAQ,140290,청광건설(주),2018,2019,small_and_medium,construction,2019,train,0,0.14591512,0,0,0,0.5,0.5242080092430115,0.5242080092430115,안정
KOSDAQ,140290,청광건설(주),2019,2020,small_and_medium,construction,2020,train,0,0.14591512,0,0,0,0.5,0.5242080092430115,0.5242080092430115,안정
KOSDAQ,140290,청광건설(주),2021,2022,small_and_medium,construction,2022,train,0,0.14591512,0,0,0,0.5,0.5242080092430115,0.5242080092430115,안정
KOSDAQ,140670,알에스오토메이션(주),2020,2021,small_and_medium,manufacturing,2021,train,1,0.7973729,1,1,1,0.5,0.5242080092430115,0.5242080092430115,고위험
KOSDAQ,140670,알에스오토메이션(주),2021,2022,small_and_medium,manufacturing,2022,train,0,0.4605987,0,0,0,0.5,0.5242080092430115,0.5242080092430115,관찰
KOSDAQ,141000,(주)비아트론,2014,2015,small_and_medium,manufacturing,2015,train,0,0.51953435,1,0,0,0.5,0.5242080092430115,0.5242080092430115,관찰
KOSDAQ,141000,(주)비아트론,2015,2016,small_and_medium,manufacturing,2016,train,0,0.51953435,1,0,0,0.5,0.5242080092430115,0.5242080092430115,관찰
KOSDAQ,141000,(주)비아트론,2016,2017,small_and_medium,manufacturing,2017,train,0,0.028539458,0,0,0,0.5,0.5242080092430115,0.5242080092430115,안정
KOSDAQ,141000,(주)비아트론,2017,2018,small_and_medium,manufacturing,2018,train,0,0.013586239,0,0,0,0.5,0.5242080092430115,0.5242080092430115,안정
KOSDAQ,141080,(주)리가켐 바이오사이언스,2016,2017,small_and_medium,it_services,2017,train,1,0.98199826,1,1,1,0.5,0.5242080092430115,0.5242080092430115,고위험
KOSDAQ,141080,(주)리가켐 바이오사이언스,2019,2020,small_and_medium,it_services,2020,train,0,0.057662845,0,0,0,0.5,0.5242080092430115,0.5242080092430115,안정
KOSDAQ,141080,(주)리가켐 바이오사이언스,2021,2022,small_and_medium,it_services,2022,train,0,0.498832,0,0,0,0.5,0.5242080092430115,0.5242080092430115,관찰
KOSDAQ,142210,(주)유니트론텍,2016,2017,small_and_medium,wholesale_retail,2017,train,1,0.9164218,1,1,1,0.5,0.5242080092430115,0.5242080092430115,고위험
KOSDAQ,142210,(주)유니트론텍,2017,2018,small_and_medium,wholesale_retail,2018,train,1,0.84109426,1,1,1,0.5,0.5242080092430115,0.5242080092430115,고위험
KOSDAQ,142210,(주)유니트론텍,2018,2019,small_and_medium,wholesale_retail,2019,train,1,0.93329245,1,1,1,0.5,0.5242080092430115,0.5242080092430115,고위험
KOSDAQ,142210,(주)유니트론텍,2019,2020,small_and_medium,wholesale_retail,2020,train,0,0.5094187,1,0,0,0.5,0.5242080092430115,0.5242080092430115,관찰
KOSDAQ,142210,(주)유니트론텍,2020,2021,mid_sized,wholesale_retail,2021,train,0,0.5890387,1,1,1,0.5,0.5242080092430115,0.5242080092430115,관찰
KOSDAQ,142210,(주)유니트론텍,2021,2022,mid_sized,wholesale_retail,2022,train,1,0.8240954,1,1,1,0.5,0.5242080092430115,0.5242080092430115,고위험
KOSDAQ,142280,(주)녹십자엠에스,2015,2016,mid_sized,manufacturing,2016,train,0,0.5545773,1,1,1,0.5,0.5242080092430115,0.5242080092430115,관찰
KOSDAQ,142280,(주)녹십자엠에스,2016,2017,mid_sized,manufacturing,2017,train,0,0.5178411,1,0,0,0.5,0.5242080092430115,0.5242080092430115,관찰
KOSDAQ,142280,(주)녹십자엠에스,2017,2018,mid_sized,manufacturing,2018,train,0,0.82703584,1,1,1,0.5,0.5242080092430115,0.5242080092430115,고위험
KOSDAQ,147830,제룡산업(주),2019,2020,small_and_medium,manufacturing,2020,train,0,0.5171478,1,0,0,0.5,0.5242080092430115,0.5242080092430115,관찰
KOSDAQ,147830,제룡산업(주),2020,2021,small_and_medium,manufacturing,2021,train,0,0.5056385,1,0,0,0.5,0.5242080092430115,0.5242080092430115,관찰
KOSDAQ,147830,제룡산업(주),2021,2022,small_and_medium,manufacturing,2022,train,0,0.5056385,1,0,0,0.5,0.5242080092430115,0.5242080092430115,관찰
KOSDAQ,149950,(주)아바텍,2018,2019,small_and_medium,manufacturing,2019,train,0,0.7380475,1,1,1,0.5,0.5242080092430115,0.5242080092430115,고위험
KOSDAQ,149950,(주)아바텍,2019,2020,small_and_medium,manufacturing,2020,train,0,0.03573413,0,0,0,0.5,0.5242080092430115,0.5242080092430115,안정
KOSDAQ,149950,(주)아바텍,2020,2021,small_and_medium,manufacturing,2021,train,0,0.73449486,1,1,1,0.5,0.5242080092430115,0.5242080092430115,고위험
KOSDAQ,149950,(주)아바텍,2021,2022,small_and_medium,manufacturing,2022,train,0,0.5056385,1,0,0,0.5,0.5242080092430115,0.5242080092430115,관찰
KOSDAQ,149980,(주)하이로닉,2014,2015,small_and_medium,manufacturing,2015,train,0,0.5355499,1,1,1,0.5,0.5242080092430115,0.5242080092430115,관찰
KOSDAQ,150440,(주)피노텍,2019,2020,small_and_medium,it_services,2020,train,1,0.96291596,1,1,1,0.5,0.5242080092430115,0.5242080092430115,고위험
KOSDAQ,150440,(주)피노텍,2020,2021,small_and_medium,it_services,2021,train,1,0.7626944,1,1,1,0.5,0.5242080092430115,0.5242080092430115,고위험
KOSDAQ,150440,(주)피노텍,2021,2022,small_and_medium,it_services,2022,train,1,0.498832,0,0,0,0.5,0.5242080092430115,0.5242080092430115,관찰
KOSDAQ,155650,와이엠씨(주),2014,2015,small_and_medium,manufacturing,2015,train,0,0.16795756,0,0,0,0.5,0.5242080092430115,0.5242080092430115,안정
KOSDAQ,155650,와이엠씨(주),2015,2016,small_and_medium,manufacturing,2016,train,0,0.189656,0,0,0,0.5,0.5242080092430115,0.5242080092430115,안정
KOSDAQ,155650,와이엠씨(주),2016,2017,small_and_medium,manufacturing,2017,train,0,0.24257858,0,0,0,0.5,0.5242080092430115,0.5242080092430115,안정
KOSDAQ,155650,와이엠씨(주),2017,2018,small_and_medium,manufacturing,2018,train,0,0.08148238,0,0,0,0.5,0.5242080092430115,0.5242080092430115,안정
KOSDAQ,155650,와이엠씨(주),2018,2019,small_and_medium,manufacturing,2019,train,0,0.14486046,0,0,0,0.5,0.5242080092430115,0.5242080092430115,안정
KOSDAQ,155650,와이엠씨(주),2019,2020,small_and_medium,manufacturing,2020,train,0,0.31310147,0,0,0,0.5,0.5242080092430115,0.5242080092430115,안정
KOSDAQ,155650,와이엠씨(주),2020,2021,small_and_medium,manufacturing,2021,train,0,0.11290009,0,0,0,0.5,0.5242080092430115,0.5242080092430115,안정
KOSDAQ,155650,와이엠씨(주),2021,2022,mid_sized,manufacturing,2022,train,0,0.015171241,0,0,0,0.5,0.5242080092430115,0.5242080092430115,안정
KOSDAQ,158310,참존글로벌(주),2014,2015,small_and_medium,manufacturing,2015,train,1,0.5355499,1,1,1,0.5,0.5242080092430115,0.5242080092430115,관찰
KOSDAQ,158310,참존글로벌(주),2015,2016,small_and_medium,manufacturing,2016,train,1,0.96375483,1,1,1,0.5,0.5242080092430115,0.5242080092430115,고위험
KOSDAQ,158310,참존글로벌(주),2016,2017,small_and_medium,manufacturing,2017,train,1,0.97321814,1,1,1,0.5,0.5242080092430115,0.5242080092430115,고위험
KOSDAQ,158310,참존글로벌(주),2017,2018,small_and_medium,manufacturing,2018,train,1,0.98695916,1,1,1,0.5,0.5242080092430115,0.5242080092430115,고위험
KOSDAQ,161570,(주)더미동,2014,2015,small_and_medium,manufacturing,2015,train,0,0.03855454,0,0,0,0.5,0.5242080092430115,0.5242080092430115,안정
KOSDAQ,161580,(주)필옵틱스,2017,2018,small_and_medium,manufacturing,2018,train,1,0.6325557,1,1,1,0.5,0.5242080092430115,0.5242080092430115,관찰
KOSDAQ,161580,(주)필옵틱스,2018,2019,small_and_medium,manufacturing,2019,train,1,0.913335,1,1,1,0.5,0.5242080092430115,0.5242080092430115,고위험
KOSDAQ,161580,(주)필옵틱스,2019,2020,small_and_medium,manufacturing,2020,train,1,0.98950815,1,1,1,0.5,0.5242080092430115,0.5242080092430115,고위험
KOSDAQ,161580,(주)필옵틱스,2020,2021,small_and_medium,manufacturing,2021,train,1,0.9256836,1,1,1,0.5,0.5242080092430115,0.5242080092430115,고위험
KOSDAQ,161580,(주)필옵틱스,2021,2022,mid_sized,manufacturing,2022,train,1,0.8976688,1,1,1,0.5,0.5242080092430115,0.5242080092430115,고위험
KOSDAQ,163730,(주)핑거,2021,2022,small_and_medium,it_services,2022,train,0,0.11058386,0,0,0,0.5,0.5242080092430115,0.5242080092430115,안정
KOSDAQ,166090,하나머티리얼즈(주),2017,2018,mid_sized,manufacturing,2018,train,1,0.3956233,0,0,0,0.5,0.5242080092430115,0.5242080092430115,관찰
KOSDAQ,166090,하나머티리얼즈(주),2018,2019,mid_sized,manufacturing,2019,train,1,0.3956233,0,0,0,0.5,0.5242080092430115,0.5242080092430115,관찰
KOSDAQ,166090,하나머티리얼즈(주),2019,2020,mid_sized,manufacturing,2020,train,1,0.3956233,0,0,0,0.5,0.5242080092430115,0.5242080092430115,관찰
KOSDAQ,166090,하나머티리얼즈(주),2020,2021,mid_sized,manufacturing,2021,train,1,0.3956233,0,0,0,0.5,0.5242080092430115,0.5242080092430115,관찰
KOSDAQ,166090,하나머티리얼즈(주),2021,2022,mid_sized,manufacturing,2022,train,0,0.3956233,0,0,0,0.5,0.5242080092430115,0.5242080092430115,관찰
KOSDAQ,170030,(주)현대공업,2014,2015,small_and_medium,manufacturing,2015,train,0,0.05223199,0,0,0,0.5,0.5242080092430115,0.5242080092430115,안정
KOSDAQ,170030,(주)현대공업,2015,2016,small_and_medium,manufacturing,2016,train,0,0.04376749,0,0,0,0.5,0.5242080092430115,0.5242080092430115,안정
KOSDAQ,170030,(주)현대공업,2016,2017,small_and_medium,manufacturing,2017,train,0,0.027867293,0,0,0,0.5,0.5242080092430115,0.5242080092430115,안정
KOSDAQ,170030,(주)현대공업,2017,2018,small_and_medium,manufacturing,2018,train,0,0.058700338,0,0,0,0.5,0.5242080092430115,0.5242080092430115,안정
KOSDAQ,170030,(주)현대공업,2018,2019,small_and_medium,manufacturing,2019,train,0,0.046955943,0,0,0,0.5,0.5242080092430115,0.5242080092430115,안정
KOSDAQ,170030,(주)현대공업,2019,2020,small_and_medium,manufacturing,2020,train,0,0.05016617,0,0,0,0.5,0.5242080092430115,0.5242080092430115,안정
KOSDAQ,170030,(주)현대공업,2020,2021,small_and_medium,manufacturing,2021,train,0,0.026118847,0,0,0,0.5,0.5242080092430115,0.5242080092430115,안정
KOSDAQ,170030,(주)현대공업,2021,2022,mid_sized,manufacturing,2022,train,0,0.01458826,0,0,0,0.5,0.5242080092430115,0.5242080092430115,안정
KOSDAQ,171010,램테크놀러지(주),2016,2017,small_and_medium,manufacturing,2017,train,1,0.9831855,1,1,1,0.5,0.5242080092430115,0.5242080092430115,고위험
KOSDAQ,171010,램테크놀러지(주),2017,2018,small_and_medium,manufacturing,2018,train,1,0.9707511,1,1,1,0.5,0.5242080092430115,0.5242080092430115,고위험
KOSDAQ,171010,램테크놀러지(주),2018,2019,small_and_medium,manufacturing,2019,train,1,0.9554123,1,1,1,0.5,0.5242080092430115,0.5242080092430115,고위험
KOSDAQ,171010,램테크놀러지(주),2019,2020,small_and_medium,manufacturing,2020,train,1,0.8650186,1,1,1,0.5,0.5242080092430115,0.5242080092430115,고위험
KOSDAQ,171010,램테크놀러지(주),2020,2021,small_and_medium,manufacturing,2021,train,0,0.66485846,1,1,1,0.5,0.5242080092430115,0.5242080092430115,고위험
KOSDAQ,171010,램테크놀러지(주),2021,2022,small_and_medium,manufacturing,2022,train,1,0.860853,1,1,1,0.5,0.5242080092430115,0.5242080092430115,고위험
KOSDAQ,171090,(주)선익시스템,2018,2019,small_and_medium,manufacturing,2019,train,0,0.02101006,0,0,0,0.5,0.5242080092430115,0.5242080092430115,안정
KOSDAQ,173940,(주)에프엔씨엔터테인먼트,2018,2019,small_and_medium,it_services,2019,train,1,0.8723903,1,1,1,0.5,0.5242080092430115,0.5242080092430115,고위험
KOSDAQ,173940,(주)에프엔씨엔터테인먼트,2020,2021,small_and_medium,it_services,2021,train,1,0.8652712,1,1,1,0.5,0.5242080092430115,0.5242080092430115,고위험
KOSDAQ,174880,(주)장원테크,2016,2017,small_and_medium,manufacturing,2017,train,1,0.7030187,1,1,1,0.5,0.5242080092430115,0.5242080092430115,고위험
KOSDAQ,174880,(주)장원테크,2017,2018,small_and_medium,manufacturing,2018,train,1,0.68481034,1,1,1,0.5,0.5242080092430115,0.5242080092430115,고위험
KOSDAQ,174880,(주)장원테크,2018,2019,small_and_medium,manufacturing,2019,train,0,0.21942188,0,0,0,0.5,0.5242080092430115,0.5242080092430115,안정
KOSDAQ,174880,(주)장원테크,2019,2020,small_and_medium,manufacturing,2020,train,1,0.9056124,1,1,1,0.5,0.5242080092430115,0.5242080092430115,고위험
KOSDAQ,174880,(주)장원테크,2020,2021,small_and_medium,manufacturing,2021,train,1,0.9716527,1,1,1,0.5,0.5242080092430115,0.5242080092430115,고위험
KOSDAQ,174880,(주)장원테크,2021,2022,small_and_medium,manufacturing,2022,train,1,0.98278207,1,1,1,0.5,0.5242080092430115,0.5242080092430115,고위험
KOSDAQ,175140,(주)휴먼테크놀로지,2019,2020,small_and_medium,manufacturing,2020,train,1,0.98204064,1,1,1,0.5,0.5242080092430115,0.5242080092430115,고위험
KOSDAQ,175140,(주)휴먼테크놀로지,2020,2021,small_and_medium,manufacturing,2021,train,1,0.77885365,1,1,1,0.5,0.5242080092430115,0.5242080092430115,고위험
KOSDAQ,175140,(주)휴먼테크놀로지,2021,2022,small_and_medium,manufacturing,2022,train,1,0.9401534,1,1,1,0.5,0.5242080092430115,0.5242080092430115,고위험
KOSDAQ,179900,(주)유티아이,2017,2018,small_and_medium,manufacturing,2018,train,1,0.49946448,0,0,0,0.5,0.5242080092430115,0.5242080092430115,관찰
KOSDAQ,179900,(주)유티아이,2018,2019,small_and_medium,manufacturing,2019,train,1,0.45870268,0,0,0,0.5,0.5242080092430115,0.5242080092430115,관찰
KOSDAQ,179900,(주)유티아이,2019,2020,small_and_medium,manufacturing,2020,train,0,0.16608174,0,0,0,0.5,0.5242080092430115,0.5242080092430115,안정
KOSDAQ,179900,(주)유티아이,2020,2021,small_and_medium,manufacturing,2021,train,1,0.88244325,1,1,1,0.5,0.5242080092430115,0.5242080092430115,고위험
KOSDAQ,179900,(주)유티아이,2021,2022,small_and_medium,manufacturing,2022,train,1,0.7699138,1,1,1,0.5,0.5242080092430115,0.5242080092430115,고위험
KOSDAQ,182400,(주)엔케이젠바이오텍코리아,2017,2018,small_and_medium,manufacturing,2018,train,0,0.55225134,1,1,1,0.5,0.5242080092430115,0.5242080092430115,관찰
KOSDAQ,182400,(주)엔케이젠바이오텍코리아,2019,2020,small_and_medium,manufacturing,2020,train,1,0.9862308,1,1,1,0.5,0.5242080092430115,0.5242080092430115,고위험
KOSDAQ,183300,(주)코미코,2018,2019,small_and_medium,manufacturing,2019,train,0,0.15078492,0,0,0,0.5,0.5242080092430115,0.5242080092430115,안정
KOSDAQ,183300,(주)코미코,2019,2020,small_and_medium,manufacturing,2020,train,0,0.27691945,0,0,0,0.5,0.5242080092430115,0.5242080092430115,안정
KOSDAQ,183490,(주)엔지켐생명과학,2021,2022,small_and_medium,manufacturing,2022,train,1,0.9765855,1,1,1,0.5,0.5242080092430115,0.5242080092430115,고위험
KOSDAQ,184230,에스지에이솔루션즈(주),2019,2020,small_and_medium,it_services,2020,train,1,0.9622484,1,1,1,0.5,0.5242080092430115,0.5242080092430115,고위험
KOSDAQ,184230,에스지에이솔루션즈(주),2020,2021,small_and_medium,it_services,2021,train,1,0.8484284,1,1,1,0.5,0.5242080092430115,0.5242080092430115,고위험
KOSDAQ,184230,에스지에이솔루션즈(주),2021,2022,small_and_medium,it_services,2022,train,1,0.79416704,1,1,1,0.5,0.5242080092430115,0.5242080092430115,고위험
KOSDAQ,186230,(주)그린플러스,2019,2020,small_and_medium,manufacturing,2020,train,1,0.85665125,1,1,1,0.5,0.5242080092430115,0.5242080092430115,고위험
KOSDAQ,186230,(주)그린플러스,2020,2021,small_and_medium,manufacturing,2021,train,1,0.9337849,1,1,1,0.5,0.5242080092430115,0.5242080092430115,고위험
KOSDAQ,186230,(주)그린플러스,2021,2022,small_and_medium,manufacturing,2022,train,1,0.9252719,1,1,1,0.5,0.5242080092430115,0.5242080092430115,고위험
KOSDAQ,187270,(주)신화콘텍,2017,2018,small_and_medium,manufacturing,2018,train,1,0.83574563,1,1,1,0.5,0.5242080092430115,0.5242080092430115,고위험
KOSDAQ,187270,(주)신화콘텍,2018,2019,small_and_medium,manufacturing,2019,train,1,0.91734016,1,1,1,0.5,0.5242080092430115,0.5242080092430115,고위험
KOSDAQ,187790,(주)나노,2021,2022,small_and_medium,manufacturing,2022,train,1,0.9768857,1,1,1,0.5,0.5242080092430115,0.5242080092430115,고위험
KOSDAQ,187870,(주)디바이스,2017,2018,small_and_medium,manufacturing,2018,train,0,0.51634896,1,0,0,0.5,0.5242080092430115,0.5242080092430115,관찰
KOSDAQ,187870,(주)디바이스,2018,2019,small_and_medium,manufacturing,2019,train,0,0.51634896,1,0,0,0.5,0.5242080092430115,0.5242080092430115,관찰
KOSDAQ,189300,(주)인텔리안테크놀로지스,2019,2020,small_and_medium,manufacturing,2020,train,0,0.09257673,0,0,0,0.5,0.5242080092430115,0.5242080092430115,안정
KOSDAQ,189300,(주)인텔리안테크놀로지스,2020,2021,small_and_medium,manufacturing,2021,train,1,0.5865197,1,1,1,0.5,0.5242080092430115,0.5242080092430115,관찰
KOSDAQ,189300,(주)인텔리안테크놀로지스,2021,2022,small_and_medium,manufacturing,2022,train,0,0.092590384,0,0,0,0.5,0.5242080092430115,0.5242080092430115,안정
KOSDAQ,189860,(주)서전기전,2019,2020,small_and_medium,manufacturing,2020,train,0,0.5331714,1,1,1,0.5,0.5242080092430115,0.5242080092430115,관찰
KOSDAQ,189860,(주)서전기전,2020,2021,small_and_medium,manufacturing,2021,train,0,0.5216908,1,0,0,0.5,0.5242080092430115,0.5242080092430115,관찰
KOSDAQ,189860,(주)서전기전,2021,2022,small_and_medium,manufacturing,2022,train,0,0.5216908,1,0,0,0.5,0.5242080092430115,0.5242080092430115,관찰
KOSDAQ,191410,(주)육일씨엔에쓰,2016,2017,small_and_medium,manufacturing,2017,train,1,0.9857407,1,1,1,0.5,0.5242080092430115,0.5242080092430115,고위험
KOSDAQ,191410,(주)육일씨엔에쓰,2018,2019,mid_sized,manufacturing,2019,train,1,0.87747604,1,1,1,0.5,0.5242080092430115,0.5242080092430115,고위험
KOSDAQ,191410,(주)육일씨엔에쓰,2019,2020,small_and_medium,manufacturing,2020,train,1,0.9682469,1,1,1,0.5,0.5242080092430115,0.5242080092430115,고위험
KOSDAQ,191410,(주)육일씨엔에쓰,2020,2021,small_and_medium,manufacturing,2021,train,1,0.9965412,1,1,1,0.5,0.5242080092430115,0.5242080092430115,고위험
KOSDAQ,192410,(주)오늘이엔엠,2019,2020,small_and_medium,manufacturing,2020,train,1,0.9669163,1,1,1,0.5,0.5242080092430115,0.5242080092430115,고위험
KOSDAQ,192410,(주)오늘이엔엠,2020,2021,small_and_medium,manufacturing,2021,train,1,0.9867219,1,1,1,0.5,0.5242080092430115,0.5242080092430115,고위험
KOSDAQ,192410,(주)오늘이엔엠,2021,2022,small_and_medium,manufacturing,2022,train,1,0.9770551,1,1,1,0.5,0.5242080092430115,0.5242080092430115,고위험
KOSDAQ,192440,(주)슈피겐코리아,2016,2017,small_and_medium,manufacturing,2017,train,0,0.008497476,0,0,0,0.5,0.5242080092430115,0.5242080092430115,안정
KOSDAQ,192440,(주)슈피겐코리아,2017,2018,small_and_medium,manufacturing,2018,train,0,0.005362673,0,0,0,0.5,0.5242080092430115,0.5242080092430115,안정
KOSDAQ,194700,(주)노바렉스,2018,2019,small_and_medium,manufacturing,2019,train,0,0.0490693,0,0,0,0.5,0.5242080092430115,0.5242080092430115,안정
KOSDAQ,194700,(주)노바렉스,2019,2020,small_and_medium,manufacturing,2020,train,0,0.07058074,0,0,0,0.5,0.5242080092430115,0.5242080092430115,안정
KOSDAQ,194700,(주)노바렉스,2020,2021,small_and_medium,manufacturing,2021,train,0,0.1486783,0,0,0,0.5,0.5242080092430115,0.5242080092430115,안정
KOSDAQ,194700,(주)노바렉스,2021,2022,small_and_medium,manufacturing,2022,train,0,0.089269005,0,0,0,0.5,0.5242080092430115,0.5242080092430115,안정
KOSDAQ,195500,(주)마니커에프앤지,2019,2020,mid_sized,manufacturing,2020,train,1,0.75312775,1,1,1,0.5,0.5242080092430115,0.5242080092430115,고위험
KOSDAQ,195500,(주)마니커에프앤지,2020,2021,small_and_medium,manufacturing,2021,train,1,0.75096625,1,1,1,0.5,0.5242080092430115,0.5242080092430115,고위험
KOSDAQ,195500,(주)마니커에프앤지,2021,2022,small_and_medium,manufacturing,2022,train,1,0.75096625,1,1,1,0.5,0.5242080092430115,0.5242080092430115,고위험
KOSDAQ,195940,에이치케이이노엔(주),2021,2022,mid_sized,manufacturing,2022,train,0,0.012078625,0,0,0,0.5,0.5242080092430115,0.5242080092430115,안정
KOSDAQ,196490,(주)디에이테크놀로지,2015,2016,small_and_medium,manufacturing,2016,train,0,0.050765764,0,0,0,0.5,0.5242080092430115,0.5242080092430115,안정
KOSDAQ,196490,(주)디에이테크놀로지,2016,2017,small_and_medium,manufacturing,2017,train,0,0.18316944,0,0,0,0.5,0.5242080092430115,0.5242080092430115,안정
KOSDAQ,196490,(주)디에이테크놀로지,2017,2018,small_and_medium,manufacturing,2018,train,0,0.30675483,0,0,0,0.5,0.5242080092430115,0.5242080092430115,안정
KOSDAQ,196490,(주)디에이테크놀로지,2018,2019,small_and_medium,manufacturing,2019,train,0,0.7675432,1,1,1,0.5,0.5242080092430115,0.5242080092430115,고위험
KOSDAQ,196490,(주)디에이테크놀로지,2019,2020,small_and_medium,manufacturing,2020,train,1,0.9575783,1,1,1,0.5,0.5242080092430115,0.5242080092430115,고위험
KOSDAQ,196490,(주)디에이테크놀로지,2020,2021,small_and_medium,manufacturing,2021,train,1,0.97329867,1,1,1,0.5,0.5242080092430115,0.5242080092430115,고위험
KOSDAQ,196490,(주)디에이테크놀로지,2021,2022,small_and_medium,manufacturing,2022,train,1,0.98862654,1,1,1,0.5,0.5242080092430115,0.5242080092430115,고위험
KOSDAQ,196700,(주)웹스,2015,2016,small_and_medium,manufacturing,2016,train,0,0.3436176,0,0,0,0.5,0.5242080092430115,0.5242080092430115,안정
KOSDAQ,196700,(주)웹스,2016,2017,small_and_medium,manufacturing,2017,train,0,0.3975079,0,0,0,0.5,0.5242080092430115,0.5242080092430115,관찰
KOSDAQ,196700,(주)웹스,2017,2018,small_and_medium,manufacturing,2018,train,0,0.81067103,1,1,1,0.5,0.5242080092430115,0.5242080092430115,고위험
KOSDAQ,196700,(주)웹스,2018,2019,small_and_medium,manufacturing,2019,train,1,0.917103,1,1,1,0.5,0.5242080092430115,0.5242080092430115,고위험
KOSDAQ,196700,(주)웹스,2019,2020,small_and_medium,manufacturing,2020,train,1,0.8876862,1,1,1,0.5,0.5242080092430115,0.5242080092430115,고위험
KOSDAQ,196700,(주)웹스,2020,2021,small_and_medium,manufacturing,2021,train,1,0.9103222,1,1,1,0.5,0.5242080092430115,0.5242080092430115,고위험
KOSDAQ,196700,(주)웹스,2021,2022,small_and_medium,manufacturing,2022,train,1,0.85834163,1,1,1,0.5,0.5242080092430115,0.5242080092430115,고위험
KOSDAQ,197140,(주)디지캡,2018,2019,small_and_medium,it_services,2019,train,0,0.6715443,1,1,1,0.5,0.5242080092430115,0.5242080092430115,고위험
KOSDAQ,197140,(주)디지캡,2019,2020,small_and_medium,it_services,2020,train,0,0.26933596,0,0,0,0.5,0.5242080092430115,0.5242080092430115,안정
KOSDAQ,197140,(주)디지캡,2020,2021,small_and_medium,it_services,2021,train,0,0.2753304,0,0,0,0.5,0.5242080092430115,0.5242080092430115,안정
KOSDAQ,197140,(주)디지캡,2021,2022,small_and_medium,it_services,2022,train,0,0.19790079,0,0,0,0.5,0.5242080092430115,0.5242080092430115,안정
KOSDAQ,198440,(주)강동씨앤엘,2020,2021,small_and_medium,manufacturing,2021,train,0,0.5216908,1,0,0,0.5,0.5242080092430115,0.5242080092430115,관찰
KOSDAQ,198440,(주)강동씨앤엘,2021,2022,mid_sized,manufacturing,2022,train,0,0.39594284,0,0,0,0.5,0.5242080092430115,0.5242080092430115,관찰
KOSDAQ,200130,콜마비앤에이치(주),2019,2020,mid_sized,manufacturing,2020,train,0,0.0068586636,0,0,0,0.5,0.5242080092430115,0.5242080092430115,안정
KOSDAQ,200130,콜마비앤에이치(주),2020,2021,mid_sized,manufacturing,2021,train,0,0.007033355,0,0,0,0.5,0.5242080092430115,0.5242080092430115,안정
KOSDAQ,200130,콜마비앤에이치(주),2021,2022,mid_sized,manufacturing,2022,train,0,0.004191534,0,0,0,0.5,0.5242080092430115,0.5242080092430115,안정
KOSDAQ,200350,(주)아티스트스튜디오,2021,2022,small_and_medium,it_services,2022,train,1,0.7865241,1,1,1,0.5,0.5242080092430115,0.5242080092430115,고위험
KOSDAQ,200710,(주)에이디테크놀로지,2014,2015,small_and_medium,manufacturing,2015,train,0,0.062160794,0,0,0,0.5,0.5242080092430115,0.5242080092430115,안정
KOSDAQ,200710,(주)에이디테크놀로지,2015,2016,small_and_medium,manufacturing,2016,train,0,0.06469157,0,0,0,0.5,0.5242080092430115,0.5242080092430115,안정
KOSDAQ,200710,(주)에이디테크놀로지,2016,2017,small_and_medium,manufacturing,2017,train,0,0.3786186,0,0,0,0.5,0.5242080092430115,0.5242080092430115,관찰
KOSDAQ,200710,(주)에이디테크놀로지,2017,2018,small_and_medium,manufacturing,2018,train,1,0.7866856,1,1,1,0.5,0.5242080092430115,0.5242080092430115,고위험
KOSDAQ,200710,(주)에이디테크놀로지,2018,2019,small_and_medium,manufacturing,2019,train,0,0.13681437,0,0,0,0.5,0.5242080092430115,0.5242080092430115,안정
KOSDAQ,200710,(주)에이디테크놀로지,2019,2020,small_and_medium,manufacturing,2020,train,0,0.51615286,1,0,0,0.5,0.5242080092430115,0.5242080092430115,관찰
KOSDAQ,200710,(주)에이디테크놀로지,2020,2021,small_and_medium,manufacturing,2021,train,0,0.183873,0,0,0,0.5,0.5242080092430115,0.5242080092430115,안정
KOSDAQ,200710,(주)에이디테크놀로지,2021,2022,small_and_medium,manufacturing,2022,train,0,0.14260015,0,0,0,0.5,0.5242080092430115,0.5242080092430115,안정
KOSDAQ,203450,(주)유니온바이오메트릭스,2021,2022,small_and_medium,manufacturing,2022,train,0,0.65975404,1,1,1,0.5,0.5242080092430115,0.5242080092430115,고위험
KOSDAQ,203650,(주)드림시큐리티,2020,2021,small_and_medium,it_services,2021,train,0,0.036866713,0,0,0,0.5,0.5242080092430115,0.5242080092430115,안정
KOSDAQ,203650,(주)드림시큐리티,2021,2022,small_and_medium,it_services,2022,train,0,0.115536675,0,0,0,0.5,0.5242080092430115,0.5242080092430115,안정
KOSDAQ,204020,(주)그리티,2018,2019,small_and_medium,manufacturing,2019,train,0,0.05883549,0,0,0,0.5,0.5242080092430115,0.5242080092430115,안정
KOSDAQ,204020,(주)그리티,2019,2020,small_and_medium,manufacturing,2020,train,0,0.13300669,0,0,0,0.5,0.5242080092430115,0.5242080092430115,안정
KOSDAQ,204020,(주)그리티,2020,2021,small_and_medium,manufacturing,2021,train,0,0.12867276,0,0,0,0.5,0.5242080092430115,0.5242080092430115,안정
KOSDAQ,204020,(주)그리티,2021,2022,mid_sized,manufacturing,2022,train,0,0.25252014,0,0,0,0.5,0.5242080092430115,0.5242080092430115,안정
KOSDAQ,206560,(주)덱스터스튜디오,2021,2022,small_and_medium,it_services,2022,train,1,0.8533701,1,1,1,0.5,0.5242080092430115,0.5242080092430115,고위험
KOSDAQ,208140,(주)정다운,2020,2021,mid_sized,manufacturing,2021,train,1,0.85257924,1,1,1,0.5,0.5242080092430115,0.5242080092430115,고위험
KOSDAQ,208140,(주)정다운,2021,2022,mid_sized,manufacturing,2022,train,1,0.6614129,1,1,1,0.5,0.5242080092430115,0.5242080092430115,고위험
KOSDAQ,208350,(주)지란지교시큐리티,2020,2021,small_and_medium,it_services,2021,train,0,0.5142137,1,0,0,0.5,0.5242080092430115,0.5242080092430115,관찰
KOSDAQ,208350,(주)지란지교시큐리티,2021,2022,small_and_medium,it_services,2022,train,0,0.5783808,1,1,1,0.5,0.5242080092430115,0.5242080092430115,관찰
KOSDAQ,210610,소프트캠프(주),2014,2015,small_and_medium,it_services,2015,train,1,0.51273483,1,0,0,0.5,0.5242080092430115,0.5242080092430115,관찰
KOSDAQ,214180,(주)헥토이노베이션,2018,2019,mid_sized,it_services,2019,train,0,0.0045645037,0,0,0,0.5,0.5242080092430115,0.5242080092430115,안정
KOSDAQ,214180,(주)헥토이노베이션,2019,2020,small_and_medium,it_services,2020,train,0,0.004974241,0,0,0,0.5,0.5242080092430115,0.5242080092430115,안정
KOSDAQ,214180,(주)헥토이노베이션,2020,2021,small_and_medium,it_services,2021,train,0,0.012950209,0,0,0,0.5,0.5242080092430115,0.5242080092430115,안정
KOSDAQ,214180,(주)헥토이노베이션,2021,2022,small_and_medium,it_services,2022,train,0,0.00720154,0,0,0,0.5,0.5242080092430115,0.5242080092430115,안정
KOSDAQ,214260,(주)라파스,2019,2020,small_and_medium,manufacturing,2020,train,1,0.882488,1,1,1,0.5,0.5242080092430115,0.5242080092430115,고위험
KOSDAQ,214260,(주)라파스,2020,2021,small_and_medium,manufacturing,2021,train,1,0.96885407,1,1,1,0.5,0.5242080092430115,0.5242080092430115,고위험
KOSDAQ,214260,(주)라파스,2021,2022,small_and_medium,manufacturing,2022,train,1,0.9268121,1,1,1,0.5,0.5242080092430115,0.5242080092430115,고위험
KOSDAQ,214270,(주)에프에스엔,2021,2022,small_and_medium,it_services,2022,train,1,0.52121794,1,0,0,0.5,0.5242080092430115,0.5242080092430115,관찰
KOSDAQ,215090,(주)솔디펜스,2017,2018,mid_sized,manufacturing,2018,train,0,0.39594284,0,0,0,0.5,0.5242080092430115,0.5242080092430115,관찰
KOSDAQ,215090,(주)솔디펜스,2018,2019,small_and_medium,manufacturing,2019,train,1,0.5331714,1,1,1,0.5,0.5242080092430115,0.5242080092430115,관찰
KOSDAQ,215090,(주)솔디펜스,2019,2020,small_and_medium,manufacturing,2020,train,1,0.5331714,1,1,1,0.5,0.5242080092430115,0.5242080092430115,관찰
KOSDAQ,215090,(주)솔디펜스,2020,2021,small_and_medium,manufacturing,2021,train,1,0.5216908,1,0,0,0.5,0.5242080092430115,0.5242080092430115,관찰
KOSDAQ,215090,(주)솔디펜스,2021,2022,small_and_medium,manufacturing,2022,train,1,0.5216908,1,0,0,0.5,0.5242080092430115,0.5242080092430115,관찰
KOSDAQ,215480,(주)토박스코리아,2016,2017,mid_sized,wholesale_retail,2017,train,1,0.6379553,1,1,1,0.5,0.5242080092430115,0.5242080092430115,관찰
KOSDAQ,215480,(주)토박스코리아,2019,2020,small_and_medium,wholesale_retail,2020,train,1,0.8184991,1,1,1,0.5,0.5242080092430115,0.5242080092430115,고위험
KOSDAQ,215480,(주)토박스코리아,2020,2021,small_and_medium,wholesale_retail,2021,train,1,0.8115554,1,1,1,0.5,0.5242080092430115,0.5242080092430115,고위험
KOSDAQ,215480,(주)토박스코리아,2021,2022,small_and_medium,wholesale_retail,2022,train,1,0.6940431,1,1,1,0.5,0.5242080092430115,0.5242080092430115,고위험
KOSDAQ,215600,신라젠(주),2020,2021,small_and_medium,it_services,2021,train,1,0.9843635,1,1,1,0.5,0.5242080092430115,0.5242080092430115,고위험
KOSDAQ,217480,(주)에스디생명공학,2017,2018,small_and_medium,manufacturing,2018,train,0,0.05480025,0,0,0,0.5,0.5242080092430115,0.5242080092430115,안정
KOSDAQ,217480,(주)에스디생명공학,2018,2019,small_and_medium,manufacturing,2019,train,0,0.04632491,0,0,0,0.5,0.5242080092430115,0.5242080092430115,안정
KOSDAQ,217480,(주)에스디생명공학,2019,2020,mid_sized,manufacturing,2020,train,0,0.2792312,0,0,0,0.5,0.5242080092430115,0.5242080092430115,안정
KOSDAQ,217480,(주)에스디생명공학,2020,2021,mid_sized,manufacturing,2021,train,0,0.6450984,1,1,1,0.5,0.5242080092430115,0.5242080092430115,관찰
KOSDAQ,217480,(주)에스디생명공학,2021,2022,mid_sized,manufacturing,2022,train,0,0.9519821,1,1,1,0.5,0.5242080092430115,0.5242080092430115,고위험
KOSDAQ,217500,(주)러셀,2015,2016,mid_sized,manufacturing,2016,train,1,0.39823136,0,0,0,0.5,0.5242080092430115,0.5242080092430115,관찰
KOSDAQ,217500,(주)러셀,2016,2017,mid_sized,manufacturing,2017,train,0,0.39823136,0,0,0,0.5,0.5242080092430115,0.5242080092430115,관찰
KOSDAQ,217500,(주)러셀,2017,2018,mid_sized,manufacturing,2018,train,0,0.39594284,0,0,0,0.5,0.5242080092430115,0.5242080092430115,관찰
KOSDAQ,217500,(주)러셀,2018,2019,small_and_medium,manufacturing,2019,train,0,0.5331714,1,1,1,0.5,0.5242080092430115,0.5242080092430115,관찰
KOSDAQ,217500,(주)러셀,2019,2020,small_and_medium,manufacturing,2020,train,0,0.5331714,1,1,1,0.5,0.5242080092430115,0.5242080092430115,관찰
KOSDAQ,217500,(주)러셀,2020,2021,small_and_medium,manufacturing,2021,train,0,0.020871798,0,0,0,0.5,0.5242080092430115,0.5242080092430115,안정
KOSDAQ,217500,(주)러셀,2021,2022,small_and_medium,manufacturing,2022,train,0,0.07248946,0,0,0,0.5,0.5242080092430115,0.5242080092430115,안정
KOSDAQ,218150,(주)미래생명자원,2017,2018,small_and_medium,manufacturing,2018,train,0,0.25733748,0,0,0,0.5,0.5242080092430115,0.5242080092430115,안정
KOSDAQ,218150,(주)미래생명자원,2018,2019,small_and_medium,manufacturing,2019,train,0,0.24310324,0,0,0,0.5,0.5242080092430115,0.5242080092430115,안정
KOSDAQ,218150,(주)미래생명자원,2020,2021,small_and_medium,manufacturing,2021,train,0,0.4589439,0,0,0,0.5,0.5242080092430115,0.5242080092430115,관찰
KOSDAQ,218150,(주)미래생명자원,2021,2022,small_and_medium,manufacturing,2022,train,0,0.5078748,1,0,0,0.5,0.5242080092430115,0.5242080092430115,관찰
KOSDAQ,219130,(주)타이거일렉,2018,2019,small_and_medium,manufacturing,2019,train,0,0.5331714,1,1,1,0.5,0.5242080092430115,0.5242080092430115,관찰
KOSDAQ,219130,(주)타이거일렉,2019,2020,small_and_medium,manufacturing,2020,train,0,0.5331714,1,1,1,0.5,0.5242080092430115,0.5242080092430115,관찰
KOSDAQ,219130,(주)타이거일렉,2020,2021,small_and_medium,manufacturing,2021,train,0,0.5216908,1,0,0,0.5,0.5242080092430115,0.5242080092430115,관찰
KOSDAQ,219130,(주)타이거일렉,2021,2022,small_and_medium,manufacturing,2022,train,0,0.5216908,1,0,0,0.5,0.5242080092430115,0.5242080092430115,관찰
KOSDAQ,219550,(주)디와이디,2016,2017,mid_sized,wholesale_retail,2017,train,0,0.6379553,1,1,1,0.5,0.5242080092430115,0.5242080092430115,관찰
KOSDAQ,219550,(주)디와이디,2017,2018,mid_sized,wholesale_retail,2018,train,0,0.6357446,1,1,1,0.5,0.5242080092430115,0.5242080092430115,관찰
KOSDAQ,219550,(주)디와이디,2018,2019,mid_sized,wholesale_retail,2019,train,0,0.6357446,1,1,1,0.5,0.5242080092430115,0.5242080092430115,관찰
KOSDAQ,219550,(주)디와이디,2019,2020,small_and_medium,wholesale_retail,2020,train,1,0.9671388,1,1,1,0.5,0.5242080092430115,0.5242080092430115,고위험
KOSDAQ,219550,(주)디와이디,2020,2021,small_and_medium,wholesale_retail,2021,train,1,0.9913635,1,1,1,0.5,0.5242080092430115,0.5242080092430115,고위험
KOSDAQ,219550,(주)디와이디,2021,2022,small_and_medium,wholesale_retail,2022,train,1,0.9268934,1,1,1,0.5,0.5242080092430115,0.5242080092430115,고위험
KOSDAQ,220100,(주)퓨쳐켐,2019,2020,small_and_medium,manufacturing,2020,train,1,0.9934995,1,1,1,0.5,0.5242080092430115,0.5242080092430115,고위험
KOSDAQ,220100,(주)퓨쳐켐,2020,2021,small_and_medium,manufacturing,2021,train,1,0.9780818,1,1,1,0.5,0.5242080092430115,0.5242080092430115,고위험
KOSDAQ,220100,(주)퓨쳐켐,2021,2022,small_and_medium,manufacturing,2022,train,1,0.9831579,1,1,1,0.5,0.5242080092430115,0.5242080092430115,고위험
KOSDAQ,220180,(주)핸디소프트,2020,2021,small_and_medium,it_services,2021,train,0,0.7502689,1,1,1,0.5,0.5242080092430115,0.5242080092430115,고위험
KOSDAQ,220180,(주)핸디소프트,2021,2022,small_and_medium,it_services,2022,train,0,0.4819744,0,0,0,0.5,0.5242080092430115,0.5242080092430115,관찰
KOSDAQ,220260,(주)켐트로스,2018,2019,small_and_medium,manufacturing,2019,train,0,0.5331714,1,1,1,0.5,0.5242080092430115,0.5242080092430115,관찰
KOSDAQ,220260,(주)켐트로스,2019,2020,small_and_medium,manufacturing,2020,train,0,0.5331714,1,1,1,0.5,0.5242080092430115,0.5242080092430115,관찰
KOSDAQ,220260,(주)켐트로스,2020,2021,small_and_medium,manufacturing,2021,train,0,0.5216908,1,0,0,0.5,0.5242080092430115,0.5242080092430115,관찰
KOSDAQ,220260,(주)켐트로스,2021,2022,small_and_medium,manufacturing,2022,train,0,0.5216908,1,0,0,0.5,0.5242080092430115,0.5242080092430115,관찰
KOSDAQ,221840,하이즈항공(주),2015,2016,small_and_medium,manufacturing,2016,train,0,0.5355499,1,1,1,0.5,0.5242080092430115,0.5242080092430115,관찰
KOSDAQ,221840,하이즈항공(주),2016,2017,small_and_medium,manufacturing,2017,train,0,0.5355499,1,1,1,0.5,0.5242080092430115,0.5242080092430115,관찰
KOSDAQ,221840,하이즈항공(주),2017,2018,small_and_medium,manufacturing,2018,train,0,0.46632737,0,0,0,0.5,0.5242080092430115,0.5242080092430115,관찰
KOSDAQ,221840,하이즈항공(주),2018,2019,small_and_medium,manufacturing,2019,train,0,0.5135507,1,0,0,0.5,0.5242080092430115,0.5242080092430115,관찰
KOSDAQ,221840,하이즈항공(주),2019,2020,small_and_medium,manufacturing,2020,train,0,0.2438103,0,0,0,0.5,0.5242080092430115,0.5242080092430115,안정
KOSDAQ,221840,하이즈항공(주),2020,2021,small_and_medium,manufacturing,2021,train,0,0.3698741,0,0,0,0.5,0.5242080092430115,0.5242080092430115,관찰
KOSDAQ,221840,하이즈항공(주),2021,2022,small_and_medium,manufacturing,2022,train,1,0.95444983,1,1,1,0.5,0.5242080092430115,0.5242080092430115,고위험
KOSDAQ,222080,씨아이에스(주),2018,2019,small_and_medium,manufacturing,2019,train,1,0.9745364,1,1,1,0.5,0.5242080092430115,0.5242080092430115,고위험
KOSDAQ,222080,씨아이에스(주),2019,2020,small_and_medium,manufacturing,2020,train,1,0.7819889,1,1,1,0.5,0.5242080092430115,0.5242080092430115,고위험
KOSDAQ,222080,씨아이에스(주),2020,2021,small_and_medium,manufacturing,2021,train,1,0.5216908,1,0,0,0.5,0.5242080092430115,0.5242080092430115,관찰
KOSDAQ,222080,씨아이에스(주),2021,2022,small_and_medium,manufacturing,2022,train,1,0.9403244,1,1,1,0.5,0.5242080092430115,0.5242080092430115,고위험
KOSDAQ,222800,(주)심텍,2015,2016,mid_sized,manufacturing,2016,train,0,0.37306154,0,0,0,0.5,0.5242080092430115,0.5242080092430115,관찰
KOSDAQ,222810,(주)세토피아,2021,2022,small_and_medium,manufacturing,2022,train,1,0.9924992,1,1,1,0.5,0.5242080092430115,0.5242080092430115,고위험
KOSDAQ,222980,한국맥널티(주),2020,2021,small_and_medium,manufacturing,2021,train,0,0.68092275,1,1,1,0.5,0.5242080092430115,0.5242080092430115,고위험
KOSDAQ,222980,한국맥널티(주),2021,2022,small_and_medium,manufacturing,2022,train,0,0.4626444,0,0,0,0.5,0.5242080092430115,0.5242080092430115,관찰
KOSDAQ,223310,사토시홀딩스(주),2019,2020,small_and_medium,wholesale_retail,2020,train,1,0.996561,1,1,1,0.5,0.5242080092430115,0.5242080092430115,고위험
KOSDAQ,223310,사토시홀딩스(주),2020,2021,small_and_medium,wholesale_retail,2021,train,1,0.9884243,1,1,1,0.5,0.5242080092430115,0.5242080092430115,고위험
KOSDAQ,224110,(주)에이텍모빌리티,2016,2017,small_and_medium,manufacturing,2017,train,0,0.5355499,1,1,1,0.5,0.5242080092430115,0.5242080092430115,관찰
KOSDAQ,224110,(주)에이텍모빌리티,2017,2018,small_and_medium,manufacturing,2018,train,0,0.26178932,0,0,0,0.5,0.5242080092430115,0.5242080092430115,안정
KOSDAQ,224110,(주)에이텍모빌리티,2018,2019,small_and_medium,manufacturing,2019,train,0,0.071733154,0,0,0,0.5,0.5242080092430115,0.5242080092430115,안정
KOSDAQ,225430,케이엠제약(주),2017,2018,mid_sized,manufacturing,2018,train,1,0.39594284,0,0,0,0.5,0.5242080092430115,0.5242080092430115,관찰
KOSDAQ,225430,케이엠제약(주),2018,2019,small_and_medium,manufacturing,2019,train,1,0.5331714,1,1,1,0.5,0.5242080092430115,0.5242080092430115,관찰
KOSDAQ,225430,케이엠제약(주),2019,2020,small_and_medium,manufacturing,2020,train,1,0.5331714,1,1,1,0.5,0.5242080092430115,0.5242080092430115,관찰
KOSDAQ,225430,케이엠제약(주),2020,2021,small_and_medium,manufacturing,2021,train,0,0.5216908,1,0,0,0.5,0.5242080092430115,0.5242080092430115,관찰
KOSDAQ,225430,케이엠제약(주),2021,2022,small_and_medium,manufacturing,2022,train,0,0.5216908,1,0,0,0.5,0.5242080092430115,0.5242080092430115,관찰
KOSDAQ,227100,(주)프로브잇,2018,2019,small_and_medium,other,2019,train,1,0.6373985,1,1,1,0.5,0.5242080092430115,0.5242080092430115,관찰
KOSDAQ,227100,(주)프로브잇,2020,2021,small_and_medium,other,2021,train,1,0.96753114,1,1,1,0.5,0.5242080092430115,0.5242080092430115,고위험
KOSDAQ,230980,(주)비유테크놀러지,2021,2022,small_and_medium,it_services,2022,train,1,0.9640328,1,1,1,0.5,0.5242080092430115,0.5242080092430115,고위험
KOSDAQ,232140,(주)와이씨,2015,2016,mid_sized,manufacturing,2016,train,0,0.39823136,0,0,0,0.5,0.5242080092430115,0.5242080092430115,관찰
KOSDAQ,232140,(주)와이씨,2016,2017,mid_sized,manufacturing,2017,train,0,0.39823136,0,0,0,0.5,0.5242080092430115,0.5242080092430115,관찰
KOSDAQ,232140,(주)와이씨,2017,2018,small_and_medium,manufacturing,2018,train,0,0.19242923,0,0,0,0.5,0.5242080092430115,0.5242080092430115,안정
KOSDAQ,232140,(주)와이씨,2018,2019,mid_sized,manufacturing,2019,train,0,0.17575863,0,0,0,0.5,0.5242080092430115,0.5242080092430115,안정
KOSDAQ,232140,(주)와이씨,2019,2020,mid_sized,manufacturing,2020,train,0,0.8025,1,1,1,0.5,0.5242080092430115,0.5242080092430115,고위험
KOSDAQ,232140,(주)와이씨,2020,2021,mid_sized,manufacturing,2021,train,0,0.08799493,0,0,0,0.5,0.5242080092430115,0.5242080092430115,안정
KOSDAQ,232140,(주)와이씨,2021,2022,mid_sized,manufacturing,2022,train,0,0.00780151,0,0,0,0.5,0.5242080092430115,0.5242080092430115,안정
KOSDAQ,232680,(주)라온로보틱스,2020,2021,small_and_medium,manufacturing,2021,train,1,0.7422505,1,1,1,0.5,0.5242080092430115,0.5242080092430115,고위험
KOSDAQ,234100,(주)폴라리스세원,2018,2019,small_and_medium,manufacturing,2019,train,0,0.51634896,1,0,0,0.5,0.5242080092430115,0.5242080092430115,관찰
KOSDAQ,234100,(주)폴라리스세원,2019,2020,small_and_medium,manufacturing,2020,train,0,0.48034915,0,0,0,0.5,0.5242080092430115,0.5242080092430115,관찰
KOSDAQ,234100,(주)폴라리스세원,2020,2021,small_and_medium,manufacturing,2021,train,0,0.45352328,0,0,0,0.5,0.5242080092430115,0.5242080092430115,관찰
KOSDAQ,234100,(주)폴라리스세원,2021,2022,small_and_medium,manufacturing,2022,train,0,0.21889168,0,0,0,0.5,0.5242080092430115,0.5242080092430115,안정
KOSDAQ,236200,(주)슈프리마,2020,2021,small_and_medium,manufacturing,2021,train,0,0.028714186,0,0,0,0.5,0.5242080092430115,0.5242080092430115,안정
KOSDAQ,236200,(주)슈프리마,2021,2022,small_and_medium,manufacturing,2022,train,0,0.033717953,0,0,0,0.5,0.5242080092430115,0.5242080092430115,안정
KOSDAQ,237750,피앤씨테크(주),2016,2017,small_and_medium,manufacturing,2017,train,0,0.51873577,1,0,0,0.5,0.5242080092430115,0.5242080092430115,관찰
KOSDAQ,237750,피앤씨테크(주),2017,2018,small_and_medium,manufacturing,2018,train,0,0.51634896,1,0,0,0.5,0.5242080092430115,0.5242080092430115,관찰
KOSDAQ,237750,피앤씨테크(주),2018,2019,small_and_medium,manufacturing,2019,train,0,0.51634896,1,0,0,0.5,0.5242080092430115,0.5242080092430115,관찰
KOSDAQ,237750,피앤씨테크(주),2019,2020,small_and_medium,manufacturing,2020,train,0,0.51634896,1,0,0,0.5,0.5242080092430115,0.5242080092430115,관찰
KOSDAQ,237750,피앤씨테크(주),2020,2021,small_and_medium,manufacturing,2021,train,0,0.5048388,1,0,0,0.5,0.5242080092430115,0.5242080092430115,관찰
KOSDAQ,237750,피앤씨테크(주),2021,2022,small_and_medium,manufacturing,2022,train,0,0.5048388,1,0,0,0.5,0.5242080092430115,0.5242080092430115,관찰
KOSDAQ,237820,(주)플레이디,2020,2021,large,it_services,2021,train,0,0.24933693,0,0,0,0.5,0.5242080092430115,0.5242080092430115,안정
KOSDAQ,237820,(주)플레이디,2021,2022,large,it_services,2022,train,0,0.24933693,0,0,0,0.5,0.5242080092430115,0.5242080092430115,안정
KOSDAQ,237880,(주)클리오,2019,2020,small_and_medium,manufacturing,2020,train,0,0.19039653,0,0,0,0.5,0.5242080092430115,0.5242080092430115,안정
KOSDAQ,237880,(주)클리오,2020,2021,mid_sized,manufacturing,2021,train,0,0.03269117,0,0,0,0.5,0.5242080092430115,0.5242080092430115,안정
KOSDAQ,237880,(주)클리오,2021,2022,mid_sized,manufacturing,2022,train,0,0.02165704,0,0,0,0.5,0.5242080092430115,0.5242080092430115,안정
KOSDAQ,238490,(주)힘스,2017,2018,small_and_medium,manufacturing,2018,train,0,0.51634896,1,0,0,0.5,0.5242080092430115,0.5242080092430115,관찰
KOSDAQ,238490,(주)힘스,2018,2019,small_and_medium,manufacturing,2019,train,0,0.51634896,1,0,0,0.5,0.5242080092430115,0.5242080092430115,관찰
KOSDAQ,238490,(주)힘스,2019,2020,small_and_medium,manufacturing,2020,train,0,0.51634896,1,0,0,0.5,0.5242080092430115,0.5242080092430115,관찰
KOSDAQ,238490,(주)힘스,2020,2021,small_and_medium,manufacturing,2021,train,0,0.03419881,0,0,0,0.5,0.5242080092430115,0.5242080092430115,안정
KOSDAQ,238490,(주)힘스,2021,2022,small_and_medium,manufacturing,2022,train,0,0.32054225,0,0,0,0.5,0.5242080092430115,0.5242080092430115,안정
KOSDAQ,239610,(주)에이치엘사이언스,2018,2019,small_and_medium,manufacturing,2019,train,0,0.51634896,1,0,0,0.5,0.5242080092430115,0.5242080092430115,관찰
KOSDAQ,239610,(주)에이치엘사이언스,2019,2020,small_and_medium,manufacturing,2020,train,0,0.51634896,1,0,0,0.5,0.5242080092430115,0.5242080092430115,관찰
KOSDAQ,239610,(주)에이치엘사이언스,2020,2021,small_and_medium,manufacturing,2021,train,0,0.5048388,1,0,0,0.5,0.5242080092430115,0.5242080092430115,관찰
KOSDAQ,239610,(주)에이치엘사이언스,2021,2022,small_and_medium,manufacturing,2022,train,0,0.01160372,0,0,0,0.5,0.5242080092430115,0.5242080092430115,안정
KOSDAQ,240810,(주)원익아이피에스,2018,2019,small_and_medium,manufacturing,2019,train,0,0.0031517493,0,0,0,0.5,0.5242080092430115,0.5242080092430115,안정
KOSDAQ,240810,(주)원익아이피에스,2020,2021,mid_sized,manufacturing,2021,train,0,0.004602015,0,0,0,0.5,0.5242080092430115,0.5242080092430115,안정
KOSDAQ,241710,(주)코스메카코리아,2017,2018,small_and_medium,manufacturing,2018,train,0,0.030548684,0,0,0,0.5,0.5242080092430115,0.5242080092430115,안정
KOSDAQ,241710,(주)코스메카코리아,2019,2020,small_and_medium,manufacturing,2020,train,0,0.13048884,0,0,0,0.5,0.5242080092430115,0.5242080092430115,안정
KOSDAQ,241770,(주)메카로,2017,2018,small_and_medium,manufacturing,2018,train,0,0.51634896,1,0,0,0.5,0.5242080092430115,0.5242080092430115,관찰
KOSDAQ,241770,(주)메카로,2018,2019,small_and_medium,manufacturing,2019,train,0,0.019825477,0,0,0,0.5,0.5242080092430115,0.5242080092430115,안정
KOSDAQ,241770,(주)메카로,2019,2020,small_and_medium,manufacturing,2020,train,0,0.0084093865,0,0,0,0.5,0.5242080092430115,0.5242080092430115,안정
KOSDAQ,241770,(주)메카로,2020,2021,small_and_medium,manufacturing,2021,train,0,0.18506756,0,0,0,0.5,0.5242080092430115,0.5242080092430115,안정
KOSDAQ,241770,(주)메카로,2021,2022,small_and_medium,manufacturing,2022,train,0,0.014760673,0,0,0,0.5,0.5242080092430115,0.5242080092430115,안정
KOSDAQ,245620,이원다이애그노믹스(주),2018,2019,small_and_medium,it_services,2019,train,1,0.92597896,1,1,1,0.5,0.5242080092430115,0.5242080092430115,고위험
KOSDAQ,245620,이원다이애그노믹스(주),2019,2020,small_and_medium,it_services,2020,train,1,0.962885,1,1,1,0.5,0.5242080092430115,0.5242080092430115,고위험
KOSDAQ,247540,(주)에코프로비엠,2020,2021,mid_sized,manufacturing,2021,train,0,0.013663832,0,0,0,0.5,0.5242080092430115,0.5242080092430115,안정
KOSDAQ,247540,(주)에코프로비엠,2021,2022,mid_sized,manufacturing,2022,train,0,0.09836319,0,0,0,0.5,0.5242080092430115,0.5242080092430115,안정
KOSDAQ,250930,(주)예선테크,2020,2021,small_and_medium,manufacturing,2021,train,1,0.7971097,1,1,1,0.5,0.5242080092430115,0.5242080092430115,고위험
KOSDAQ,250930,(주)예선테크,2021,2022,small_and_medium,manufacturing,2022,train,1,0.6300915,1,1,1,0.5,0.5242080092430115,0.5242080092430115,관찰
KOSDAQ,251370,와이엠티(주),2017,2018,small_and_medium,manufacturing,2018,train,0,0.6183803,1,1,1,0.5,0.5242080092430115,0.5242080092430115,관찰
KOSDAQ,251370,와이엠티(주),2018,2019,small_and_medium,manufacturing,2019,train,1,0.8226437,1,1,1,0.5,0.5242080092430115,0.5242080092430115,고위험
KOSDAQ,251370,와이엠티(주),2019,2020,small_and_medium,manufacturing,2020,train,0,0.30066204,0,0,0,0.5,0.5242080092430115,0.5242080092430115,안정
KOSDAQ,251370,와이엠티(주),2020,2021,small_and_medium,manufacturing,2021,train,1,0.7981842,1,1,1,0.5,0.5242080092430115,0.5242080092430115,고위험
KOSDAQ,251370,와이엠티(주),2021,2022,small_and_medium,manufacturing,2022,train,1,0.69829,1,1,1,0.5,0.5242080092430115,0.5242080092430115,고위험
KOSDAQ,251630,(주)브이원텍,2017,2018,small_and_medium,manufacturing,2018,train,0,0.060933042,0,0,0,0.5,0.5242080092430115,0.5242080092430115,안정
KOSDAQ,251970,펌텍코리아(주),2019,2020,small_and_medium,manufacturing,2020,train,0,0.08386104,0,0,0,0.5,0.5242080092430115,0.5242080092430115,안정
KOSDAQ,251970,펌텍코리아(주),2020,2021,small_and_medium,manufacturing,2021,train,0,0.039563905,0,0,0,0.5,0.5242080092430115,0.5242080092430115,안정
KOSDAQ,251970,펌텍코리아(주),2021,2022,mid_sized,manufacturing,2022,train,0,0.008088583,0,0,0,0.5,0.5242080092430115,0.5242080092430115,안정
KOSDAQ,252500,(주)세화피앤씨,2016,2017,mid_sized,manufacturing,2017,train,0,0.39791116,0,0,0,0.5,0.5242080092430115,0.5242080092430115,관찰
KOSDAQ,252500,(주)세화피앤씨,2017,2018,small_and_medium,manufacturing,2018,train,0,0.51634896,1,0,0,0.5,0.5242080092430115,0.5242080092430115,관찰
KOSDAQ,252500,(주)세화피앤씨,2018,2019,small_and_medium,manufacturing,2019,train,0,0.51634896,1,0,0,0.5,0.5242080092430115,0.5242080092430115,관찰
KOSDAQ,252500,(주)세화피앤씨,2019,2020,small_and_medium,manufacturing,2020,train,0,0.51634896,1,0,0,0.5,0.5242080092430115,0.5242080092430115,관찰
KOSDAQ,252500,(주)세화피앤씨,2020,2021,small_and_medium,manufacturing,2021,train,0,0.5048388,1,0,0,0.5,0.5242080092430115,0.5242080092430115,관찰
KOSDAQ,252500,(주)세화피앤씨,2021,2022,small_and_medium,manufacturing,2022,train,0,0.5048388,1,0,0,0.5,0.5242080092430115,0.5242080092430115,관찰
KOSDAQ,252990,(주)샘씨엔에스,2021,2022,small_and_medium,manufacturing,2022,train,0,0.7422505,1,1,1,0.5,0.5242080092430115,0.5242080092430115,고위험
KOSDAQ,253450,스튜디오드래곤(주),2018,2019,large,it_services,2019,train,0,0.009929502,0,0,0,0.5,0.5242080092430115,0.5242080092430115,안정
KOSDAQ,253450,스튜디오드래곤(주),2019,2020,large,it_services,2020,train,0,0.008795361,0,0,0,0.5,0.5242080092430115,0.5242080092430115,안정
KOSDAQ,253450,스튜디오드래곤(주),2021,2022,large,it_services,2022,train,0,0.014284887,0,0,0,0.5,0.5242080092430115,0.5242080092430115,안정
KOSDAQ,253590,(주)네오셈,2018,2019,mid_sized,manufacturing,2019,train,1,0.5792649,1,1,1,0.5,0.5242080092430115,0.5242080092430115,관찰
KOSDAQ,253590,(주)네오셈,2019,2020,small_and_medium,manufacturing,2020,train,1,0.94541734,1,1,1,0.5,0.5242080092430115,0.5242080092430115,고위험
KOSDAQ,253590,(주)네오셈,2020,2021,small_and_medium,manufacturing,2021,train,1,0.82595354,1,1,1,0.5,0.5242080092430115,0.5242080092430115,고위험
KOSDAQ,253590,(주)네오셈,2021,2022,small_and_medium,manufacturing,2022,train,1,0.7436494,1,1,1,0.5,0.5242080092430115,0.5242080092430115,고위험
KOSDAQ,255440,(주)야스,2018,2019,small_and_medium,manufacturing,2019,train,0,0.059385866,0,0,0,0.5,0.5242080092430115,0.5242080092430115,안정
KOSDAQ,255440,(주)야스,2019,2020,small_and_medium,manufacturing,2020,train,0,0.010255855,0,0,0,0.5,0.5242080092430115,0.5242080092430115,안정
KOSDAQ,255440,(주)야스,2020,2021,small_and_medium,manufacturing,2021,train,0,0.0040481295,0,0,0,0.5,0.5242080092430115,0.5242080092430115,안정
KOSDAQ,255440,(주)야스,2021,2022,small_and_medium,manufacturing,2022,train,0,0.02360747,0,0,0,0.5,0.5242080092430115,0.5242080092430115,안정
KOSDAQ,256630,(주)포인트엔지니어링,2019,2020,small_and_medium,manufacturing,2020,train,0,0.15103881,0,0,0,0.5,0.5242080092430115,0.5242080092430115,안정
KOSDAQ,256630,(주)포인트엔지니어링,2020,2021,small_and_medium,manufacturing,2021,train,0,0.15228124,0,0,0,0.5,0.5242080092430115,0.5242080092430115,안정
KOSDAQ,256630,(주)포인트엔지니어링,2021,2022,small_and_medium,manufacturing,2022,train,0,0.15602894,0,0,0,0.5,0.5242080092430115,0.5242080092430115,안정
KOSDAQ,256940,(주)킵스바이오파마,2021,2022,small_and_medium,manufacturing,2022,train,1,0.97565573,1,1,1,0.5,0.5242080092430115,0.5242080092430115,고위험
KOSDAQ,258790,소프트캠프(주),2018,2019,mid_sized,it_services,2019,train,1,0.37396947,0,0,0,0.5,0.5242080092430115,0.5242080092430115,관찰
KOSDAQ,258790,소프트캠프(주),2020,2021,small_and_medium,it_services,2021,train,0,0.2490451,0,0,0,0.5,0.5242080092430115,0.5242080092430115,안정
KOSDAQ,258790,소프트캠프(주),2021,2022,small_and_medium,it_services,2022,train,1,0.8839746,1,1,1,0.5,0.5242080092430115,0.5242080092430115,고위험
KOSDAQ,259630,(주)엠플러스,2021,2022,small_and_medium,manufacturing,2022,train,1,0.9097614,1,1,1,0.5,0.5242080092430115,0.5242080092430115,고위험
KOSDAQ,262260,(주)에이프로,2020,2021,small_and_medium,manufacturing,2021,train,0,0.57669437,1,1,1,0.5,0.5242080092430115,0.5242080092430115,관찰
KOSDAQ,262260,(주)에이프로,2021,2022,small_and_medium,manufacturing,2022,train,0,0.7523148,1,1,1,0.5,0.5242080092430115,0.5242080092430115,고위험
KOSDAQ,263020,(주)디케이앤디,2018,2019,small_and_medium,manufacturing,2019,train,0,0.13969755,0,0,0,0.5,0.5242080092430115,0.5242080092430115,안정
KOSDAQ,263020,(주)디케이앤디,2019,2020,small_and_medium,manufacturing,2020,train,0,0.07893502,0,0,0,0.5,0.5242080092430115,0.5242080092430115,안정
KOSDAQ,263020,(주)디케이앤디,2020,2021,small_and_medium,manufacturing,2021,train,0,0.07057161,0,0,0,0.5,0.5242080092430115,0.5242080092430115,안정
KOSDAQ,263020,(주)디케이앤디,2021,2022,small_and_medium,manufacturing,2022,train,0,0.7883433,1,1,1,0.5,0.5242080092430115,0.5242080092430115,고위험
KOSDAQ,263540,(주)어스앤에어로스페이스,2017,2018,small_and_medium,manufacturing,2018,train,0,0.51634896,1,0,0,0.5,0.5242080092430115,0.5242080092430115,관찰
KOSDAQ,263540,(주)어스앤에어로스페이스,2018,2019,small_and_medium,manufacturing,2019,train,1,0.51634896,1,0,0,0.5,0.5242080092430115,0.5242080092430115,관찰
KOSDAQ,263540,(주)어스앤에어로스페이스,2019,2020,small_and_medium,manufacturing,2020,train,1,0.51634896,1,0,0,0.5,0.5242080092430115,0.5242080092430115,관찰
KOSDAQ,263770,(주)유에스티,2017,2018,mid_sized,manufacturing,2018,train,0,0.3956233,0,0,0,0.5,0.5242080092430115,0.5242080092430115,관찰
KOSDAQ,263770,(주)유에스티,2018,2019,mid_sized,manufacturing,2019,train,0,0.3956233,0,0,0,0.5,0.5242080092430115,0.5242080092430115,관찰
KOSDAQ,263770,(주)유에스티,2019,2020,mid_sized,manufacturing,2020,train,0,0.3956233,0,0,0,0.5,0.5242080092430115,0.5242080092430115,관찰
KOSDAQ,263770,(주)유에스티,2020,2021,mid_sized,manufacturing,2021,train,0,0.3956233,0,0,0,0.5,0.5242080092430115,0.5242080092430115,관찰
KOSDAQ,263770,(주)유에스티,2021,2022,mid_sized,manufacturing,2022,train,0,0.3956233,0,0,0,0.5,0.5242080092430115,0.5242080092430115,관찰
KOSDAQ,263800,(주)데이타솔루션,2019,2020,mid_sized,wholesale_retail,2020,train,0,0.61391425,1,1,1,0.5,0.5242080092430115,0.5242080092430115,관찰
KOSDAQ,263800,(주)데이타솔루션,2020,2021,mid_sized,wholesale_retail,2021,train,0,0.61391425,1,1,1,0.5,0.5242080092430115,0.5242080092430115,관찰
KOSDAQ,263800,(주)데이타솔루션,2021,2022,mid_sized,wholesale_retail,2022,train,0,0.61391425,1,1,1,0.5,0.5242080092430115,0.5242080092430115,관찰
KOSDAQ,263920,(주)휴엠앤씨,2017,2018,small_and_medium,manufacturing,2018,train,0,0.51634896,1,0,0,0.5,0.5242080092430115,0.5242080092430115,관찰
KOSDAQ,263920,(주)휴엠앤씨,2018,2019,small_and_medium,manufacturing,2019,train,1,0.8498178,1,1,1,0.5,0.5242080092430115,0.5242080092430115,고위험
KOSDAQ,263920,(주)휴엠앤씨,2019,2020,small_and_medium,manufacturing,2020,train,1,0.9039639,1,1,1,0.5,0.5242080092430115,0.5242080092430115,고위험
KOSDAQ,263920,(주)휴엠앤씨,2021,2022,small_and_medium,manufacturing,2022,train,1,0.99252397,1,1,1,0.5,0.5242080092430115,0.5242080092430115,고위험
KOSDAQ,264450,(주)유비쿼스,2017,2018,small_and_medium,manufacturing,2018,train,0,0.51634896,1,0,0,0.5,0.5242080092430115,0.5242080092430115,관찰
KOSDAQ,264450,(주)유비쿼스,2018,2019,small_and_medium,manufacturing,2019,train,0,0.51634896,1,0,0,0.5,0.5242080092430115,0.5242080092430115,관찰
KOSDAQ,264450,(주)유비쿼스,2019,2020,small_and_medium,manufacturing,2020,train,0,0.51634896,1,0,0,0.5,0.5242080092430115,0.5242080092430115,관찰
KOSDAQ,264450,(주)유비쿼스,2021,2022,small_and_medium,manufacturing,2022,train,0,0.5048388,1,0,0,0.5,0.5242080092430115,0.5242080092430115,관찰
KOSDAQ,264850,(주)이랜시스,2019,2020,small_and_medium,manufacturing,2020,train,0,0.4858985,0,0,0,0.5,0.5242080092430115,0.5242080092430115,관찰
KOSDAQ,265520,에이피시스템(주),2019,2020,small_and_medium,manufacturing,2020,train,0,0.43451,0,0,0,0.5,0.5242080092430115,0.5242080092430115,관찰
KOSDAQ,265520,에이피시스템(주),2020,2021,small_and_medium,manufacturing,2021,train,0,0.27089733,0,0,0,0.5,0.5242080092430115,0.5242080092430115,안정
KOSDAQ,265520,에이피시스템(주),2021,2022,mid_sized,manufacturing,2022,train,0,0.03519311,0,0,0,0.5,0.5242080092430115,0.5242080092430115,안정
KOSDAQ,265560,영화테크(주),2018,2019,small_and_medium,manufacturing,2019,train,0,0.007595518,0,0,0,0.5,0.5242080092430115,0.5242080092430115,안정
KOSDAQ,265560,영화테크(주),2019,2020,small_and_medium,manufacturing,2020,train,0,0.19758652,0,0,0,0.5,0.5242080092430115,0.5242080092430115,안정
KOSDAQ,265560,영화테크(주),2020,2021,small_and_medium,manufacturing,2021,train,0,0.25136355,0,0,0,0.5,0.5242080092430115,0.5242080092430115,안정
KOSDAQ,265560,영화테크(주),2021,2022,small_and_medium,manufacturing,2022,train,0,0.050846074,0,0,0,0.5,0.5242080092430115,0.5242080092430115,안정
KOSDAQ,265740,(주)엔에프씨,2020,2021,small_and_medium,manufacturing,2021,train,0,0.1843941,0,0,0,0.5,0.5242080092430115,0.5242080092430115,안정
KOSDAQ,265740,(주)엔에프씨,2021,2022,small_and_medium,manufacturing,2022,train,0,0.067535974,0,0,0,0.5,0.5242080092430115,0.5242080092430115,안정
KOSDAQ,269620,(주)시스웍,2017,2018,small_and_medium,manufacturing,2018,train,0,0.047917996,0,0,0,0.5,0.5242080092430115,0.5242080092430115,안정
KOSDAQ,269620,(주)시스웍,2018,2019,small_and_medium,manufacturing,2019,train,0,0.030530091,0,0,0,0.5,0.5242080092430115,0.5242080092430115,안정
KOSDAQ,269620,(주)시스웍,2019,2020,small_and_medium,manufacturing,2020,train,0,0.17944674,0,0,0,0.5,0.5242080092430115,0.5242080092430115,안정
KOSDAQ,269620,(주)시스웍,2020,2021,small_and_medium,manufacturing,2021,train,0,0.6175538,1,1,1,0.5,0.5242080092430115,0.5242080092430115,관찰
KOSDAQ,269620,(주)시스웍,2021,2022,small_and_medium,manufacturing,2022,train,1,0.9900956,1,1,1,0.5,0.5242080092430115,0.5242080092430115,고위험
KOSDAQ,270870,(주)뉴트리,2020,2021,small_and_medium,manufacturing,2021,train,0,0.027021317,0,0,0,0.5,0.5242080092430115,0.5242080092430115,안정
KOSDAQ,270870,(주)뉴트리,2021,2022,small_and_medium,manufacturing,2022,train,0,0.045678996,0,0,0,0.5,0.5242080092430115,0.5242080092430115,안정
KOSDAQ,272110,(주)케이엔제이,2019,2020,small_and_medium,manufacturing,2020,train,1,0.8540856,1,1,1,0.5,0.5242080092430115,0.5242080092430115,고위험
KOSDAQ,272110,(주)케이엔제이,2020,2021,small_and_medium,manufacturing,2021,train,1,0.9599096,1,1,1,0.5,0.5242080092430115,0.5242080092430115,고위험
KOSDAQ,272110,(주)케이엔제이,2021,2022,small_and_medium,manufacturing,2022,train,1,0.9039341,1,1,1,0.5,0.5242080092430115,0.5242080092430115,고위험
KOSDAQ,275630,(주)에스에스알,2020,2021,small_and_medium,it_services,2021,train,1,0.655284,1,1,1,0.5,0.5242080092430115,0.5242080092430115,고위험
KOSDAQ,275630,(주)에스에스알,2021,2022,small_and_medium,it_services,2022,train,0,0.655284,1,1,1,0.5,0.5242080092430115,0.5242080092430115,고위험
KOSDAQ,277410,(주)인산가,2019,2020,small_and_medium,manufacturing,2020,train,0,0.19214563,0,0,0,0.5,0.5242080092430115,0.5242080092430115,안정
KOSDAQ,277810,(주)레인보우로보틱스,2021,2022,small_and_medium,manufacturing,2022,train,1,0.9825492,1,1,1,0.5,0.5242080092430115,0.5242080092430115,고위험
KOSDAQ,281740,(주)레이크머티리얼즈,2021,2022,small_and_medium,manufacturing,2022,train,0,0.6587034,1,1,1,0.5,0.5242080092430115,0.5242080092430115,고위험
KOSDAQ,288620,에스퓨얼셀(주),2019,2020,small_and_medium,manufacturing,2020,train,1,0.7001215,1,1,1,0.5,0.5242080092430115,0.5242080092430115,고위험
KOSDAQ,288620,에스퓨얼셀(주),2020,2021,small_and_medium,manufacturing,2021,train,0,0.33004004,0,0,0,0.5,0.5242080092430115,0.5242080092430115,안정
KOSDAQ,288620,에스퓨얼셀(주),2021,2022,small_and_medium,manufacturing,2022,train,0,0.36397952,0,0,0,0.5,0.5242080092430115,0.5242080092430115,관찰
KOSDAQ,289220,(주)자이언트스텝,2021,2022,small_and_medium,it_services,2022,train,1,0.9214076,1,1,1,0.5,0.5242080092430115,0.5242080092430115,고위험
KOSDAQ,290380,(주)대유,2020,2021,small_and_medium,manufacturing,2021,train,0,0.68461144,1,1,1,0.5,0.5242080092430115,0.5242080092430115,고위험
KOSDAQ,290510,(주)코리아센터,2019,2020,small_and_medium,it_services,2020,train,0,0.09813529,0,0,0,0.5,0.5242080092430115,0.5242080092430115,안정
KOSDAQ,290510,(주)코리아센터,2020,2021,small_and_medium,it_services,2021,train,0,0.026936036,0,0,0,0.5,0.5242080092430115,0.5242080092430115,안정
KOSDAQ,290720,(주)푸드나무,2018,2019,small_and_medium,wholesale_retail,2019,train,0,0.08517775,0,0,0,0.5,0.5242080092430115,0.5242080092430115,안정
KOSDAQ,290720,(주)푸드나무,2019,2020,small_and_medium,wholesale_retail,2020,train,0,0.046650276,0,0,0,0.5,0.5242080092430115,0.5242080092430115,안정
KOSDAQ,290720,(주)푸드나무,2020,2021,small_and_medium,wholesale_retail,2021,train,0,0.046904776,0,0,0,0.5,0.5242080092430115,0.5242080092430115,안정
KOSDAQ,290720,(주)푸드나무,2021,2022,small_and_medium,wholesale_retail,2022,train,0,0.07554839,0,0,0,0.5,0.5242080092430115,0.5242080092430115,안정
KOSDAQ,294140,(주)레몬,2020,2021,mid_sized,manufacturing,2021,train,0,0.7466036,1,1,1,0.5,0.5242080092430115,0.5242080092430115,고위험
KOSDAQ,294140,(주)레몬,2021,2022,mid_sized,manufacturing,2022,train,1,0.7466036,1,1,1,0.5,0.5242080092430115,0.5242080092430115,고위험
KOSDAQ,294570,(주)쿠콘,2021,2022,small_and_medium,it_services,2022,train,0,0.030741245,0,0,0,0.5,0.5242080092430115,0.5242080092430115,안정
KOSDAQ,297090,씨에스베어링(주),2019,2020,small_and_medium,manufacturing,2020,train,0,0.5815761,1,1,1,0.5,0.5242080092430115,0.5242080092430115,관찰
KOSDAQ,297090,씨에스베어링(주),2021,2022,small_and_medium,manufacturing,2022,train,0,0.7873662,1,1,1,0.5,0.5242080092430115,0.5242080092430115,고위험
KOSDAQ,297890,에이치비솔루션(주),2020,2021,small_and_medium,manufacturing,2021,train,1,0.8498505,1,1,1,0.5,0.5242080092430115,0.5242080092430115,고위험
KOSDAQ,297890,에이치비솔루션(주),2021,2022,small_and_medium,manufacturing,2022,train,0,0.47638142,0,0,0,0.5,0.5242080092430115,0.5242080092430115,관찰
KOSDAQ,299900,(주)위지윅스튜디오,2018,2019,small_and_medium,it_services,2019,train,1,0.6715443,1,1,1,0.5,0.5242080092430115,0.5242080092430115,고위험
KOSDAQ,299900,(주)위지윅스튜디오,2019,2020,small_and_medium,it_services,2020,train,0,0.28792396,0,0,0,0.5,0.5242080092430115,0.5242080092430115,안정
KOSDAQ,299900,(주)위지윅스튜디오,2020,2021,small_and_medium,it_services,2021,train,1,0.7907676,1,1,1,0.5,0.5242080092430115,0.5242080092430115,고위험
KOSDAQ,299900,(주)위지윅스튜디오,2021,2022,small_and_medium,it_services,2022,train,0,0.41622472,0,0,0,0.5,0.5242080092430115,0.5242080092430115,관찰
KOSDAQ,300080,(주)플리토,2019,2020,small_and_medium,it_services,2020,train,1,0.9699775,1,1,1,0.5,0.5242080092430115,0.5242080092430115,고위험
KOSDAQ,300080,(주)플리토,2020,2021,small_and_medium,it_services,2021,train,1,0.9861559,1,1,1,0.5,0.5242080092430115,0.5242080092430115,고위험
KOSDAQ,300080,(주)플리토,2021,2022,small_and_medium,it_services,2022,train,1,0.95742935,1,1,1,0.5,0.5242080092430115,0.5242080092430115,고위험
KOSDAQ,303530,이노뎁(주),2021,2022,small_and_medium,it_services,2022,train,0,0.67129636,1,1,1,0.5,0.5242080092430115,0.5242080092430115,고위험
KOSDAQ,306040,(주)에스제이그룹,2019,2020,small_and_medium,manufacturing,2020,train,0,0.019854603,0,0,0,0.5,0.5242080092430115,0.5242080092430115,안정
KOSDAQ,306040,(주)에스제이그룹,2020,2021,small_and_medium,manufacturing,2021,train,0,0.021460887,0,0,0,0.5,0.5242080092430115,0.5242080092430115,안정
KOSDAQ,306040,(주)에스제이그룹,2021,2022,small_and_medium,manufacturing,2022,train,0,0.017104642,0,0,0,0.5,0.5242080092430115,0.5242080092430115,안정
KOSDAQ,307280,(주)원바이오젠,2019,2020,mid_sized,manufacturing,2020,train,1,0.5792649,1,1,1,0.5,0.5242080092430115,0.5242080092430115,관찰
KOSDAQ,307280,(주)원바이오젠,2021,2022,small_and_medium,manufacturing,2022,train,0,0.64962786,1,1,1,0.5,0.5242080092430115,0.5242080092430115,관찰
KOSDAQ,307870,(주)비투엔,2018,2019,mid_sized,it_services,2019,train,1,0.5840768,1,1,1,0.5,0.5242080092430115,0.5242080092430115,관찰
KOSDAQ,307870,(주)비투엔,2019,2020,mid_sized,it_services,2020,train,1,0.5840768,1,1,1,0.5,0.5242080092430115,0.5242080092430115,관찰
KOSDAQ,307870,(주)비투엔,2020,2021,mid_sized,it_services,2021,train,1,0.57755995,1,1,1,0.5,0.5242080092430115,0.5242080092430115,관찰
KOSDAQ,307870,(주)비투엔,2021,2022,small_and_medium,it_services,2022,train,0,0.655284,1,1,1,0.5,0.5242080092430115,0.5242080092430115,고위험
KOSDAQ,308100,(주)형지글로벌,2019,2020,mid_sized,wholesale_retail,2020,train,1,0.75051194,1,1,1,0.5,0.5242080092430115,0.5242080092430115,고위험
KOSDAQ,308100,(주)형지글로벌,2020,2021,mid_sized,wholesale_retail,2021,train,1,0.8516974,1,1,1,0.5,0.5242080092430115,0.5242080092430115,고위험
KOSDAQ,308100,(주)형지글로벌,2021,2022,mid_sized,wholesale_retail,2022,train,1,0.9630911,1,1,1,0.5,0.5242080092430115,0.5242080092430115,고위험
KOSDAQ,310870,디와이씨(주),2021,2022,small_and_medium,manufacturing,2022,train,1,0.68461144,1,1,1,0.5,0.5242080092430115,0.5242080092430115,고위험
KOSDAQ,311390,(주)네오크레마,2019,2020,small_and_medium,manufacturing,2020,train,0,0.34414887,0,0,0,0.5,0.5242080092430115,0.5242080092430115,안정
KOSDAQ,311390,(주)네오크레마,2020,2021,small_and_medium,manufacturing,2021,train,0,0.1282131,0,0,0,0.5,0.5242080092430115,0.5242080092430115,안정
KOSDAQ,311390,(주)네오크레마,2021,2022,small_and_medium,manufacturing,2022,train,0,0.13229159,0,0,0,0.5,0.5242080092430115,0.5242080092430115,안정
KOSDAQ,315640,(주)딥노이드,2021,2022,small_and_medium,it_services,2022,train,1,0.67129636,1,1,1,0.5,0.5242080092430115,0.5242080092430115,고위험
KOSDAQ,317120,(주)라닉스,2019,2020,small_and_medium,manufacturing,2020,train,0,0.76433647,1,1,1,0.5,0.5242080092430115,0.5242080092430115,고위험
KOSDAQ,317120,(주)라닉스,2020,2021,small_and_medium,manufacturing,2021,train,1,0.75096625,1,1,1,0.5,0.5242080092430115,0.5242080092430115,고위험
KOSDAQ,317120,(주)라닉스,2021,2022,small_and_medium,manufacturing,2022,train,0,0.86418176,1,1,1,0.5,0.5242080092430115,0.5242080092430115,고위험
KOSDAQ,317240,(주)티에스트릴리온,2020,2021,small_and_medium,manufacturing,2021,train,1,0.9126787,1,1,1,0.5,0.5242080092430115,0.5242080092430115,고위험
KOSDAQ,317240,(주)티에스트릴리온,2021,2022,small_and_medium,manufacturing,2022,train,1,0.99298626,1,1,1,0.5,0.5242080092430115,0.5242080092430115,고위험
KOSDAQ,317330,(주)덕산테코피아,2019,2020,small_and_medium,manufacturing,2020,train,1,0.76433647,1,1,1,0.5,0.5242080092430115,0.5242080092430115,고위험
KOSDAQ,317330,(주)덕산테코피아,2020,2021,small_and_medium,manufacturing,2021,train,0,0.020015756,0,0,0,0.5,0.5242080092430115,0.5242080092430115,안정
KOSDAQ,317330,(주)덕산테코피아,2021,2022,small_and_medium,manufacturing,2022,train,0,0.07061677,0,0,0,0.5,0.5242080092430115,0.5242080092430115,안정
KOSDAQ,317770,(주)엑스페릭스,2019,2020,small_and_medium,manufacturing,2020,train,0,0.061870687,0,0,0,0.5,0.5242080092430115,0.5242080092430115,안정
KOSDAQ,317770,(주)엑스페릭스,2020,2021,small_and_medium,manufacturing,2021,train,0,0.30390632,0,0,0,0.5,0.5242080092430115,0.5242080092430115,안정
KOSDAQ,317770,(주)엑스페릭스,2021,2022,small_and_medium,manufacturing,2022,train,0,0.07835477,0,0,0,0.5,0.5242080092430115,0.5242080092430115,안정
KOSDAQ,317830,(주)에스피시스템스,2019,2020,small_and_medium,manufacturing,2020,train,0,0.36716008,0,0,0,0.5,0.5242080092430115,0.5242080092430115,관찰
KOSDAQ,317830,(주)에스피시스템스,2020,2021,small_and_medium,manufacturing,2021,train,0,0.2511331,0,0,0,0.5,0.5242080092430115,0.5242080092430115,안정
KOSDAQ,317830,(주)에스피시스템스,2021,2022,small_and_medium,manufacturing,2022,train,1,0.9103879,1,1,1,0.5,0.5242080092430115,0.5242080092430115,고위험
KOSDAQ,317850,대모엔지니어링(주),2020,2021,small_and_medium,manufacturing,2021,train,0,0.26907927,0,0,0,0.5,0.5242080092430115,0.5242080092430115,안정
KOSDAQ,317850,대모엔지니어링(주),2021,2022,small_and_medium,manufacturing,2022,train,0,0.22734006,0,0,0,0.5,0.5242080092430115,0.5242080092430115,안정
KOSDAQ,318010,(주)팜스빌,2019,2020,mid_sized,manufacturing,2020,train,0,0.047268555,0,0,0,0.5,0.5242080092430115,0.5242080092430115,안정
KOSDAQ,318010,(주)팜스빌,2020,2021,mid_sized,manufacturing,2021,train,0,0.096194334,0,0,0,0.5,0.5242080092430115,0.5242080092430115,안정
KOSDAQ,318010,(주)팜스빌,2021,2022,small_and_medium,manufacturing,2022,train,0,0.025919003,0,0,0,0.5,0.5242080092430115,0.5242080092430115,안정
KOSDAQ,319400,현대무벡스(주),2020,2021,mid_sized,manufacturing,2021,train,0,0.74811745,1,1,1,0.5,0.5242080092430115,0.5242080092430115,고위험
KOSDAQ,319400,현대무벡스(주),2021,2022,mid_sized,manufacturing,2022,train,0,0.35084903,0,0,0,0.5,0.5242080092430115,0.5242080092430115,관찰
KOSDAQ,320000,(주)한울반도체,2019,2020,mid_sized,manufacturing,2020,train,0,0.75312775,1,1,1,0.5,0.5242080092430115,0.5242080092430115,고위험
KOSDAQ,320000,(주)한울반도체,2020,2021,mid_sized,manufacturing,2021,train,0,0.74811745,1,1,1,0.5,0.5242080092430115,0.5242080092430115,고위험
KOSDAQ,320000,(주)한울반도체,2021,2022,mid_sized,manufacturing,2022,train,0,0.74811745,1,1,1,0.5,0.5242080092430115,0.5242080092430115,고위험
KOSDAQ,332290,(주)누보,2019,2020,mid_sized,manufacturing,2020,train,1,0.75312775,1,1,1,0.5,0.5242080092430115,0.5242080092430115,고위험
KOSDAQ,332290,(주)누보,2020,2021,mid_sized,manufacturing,2021,train,1,0.74811745,1,1,1,0.5,0.5242080092430115,0.5242080092430115,고위험
KOSDAQ,332290,(주)누보,2021,2022,mid_sized,manufacturing,2022,train,1,0.74811745,1,1,1,0.5,0.5242080092430115,0.5242080092430115,고위험
KOSDAQ,332570,(주)피에스일렉트로닉스,2020,2021,small_and_medium,manufacturing,2021,train,0,0.5112798,1,0,0,0.5,0.5242080092430115,0.5242080092430115,관찰
KOSDAQ,332570,(주)피에스일렉트로닉스,2021,2022,small_and_medium,manufacturing,2022,train,1,0.9062354,1,1,1,0.5,0.5242080092430115,0.5242080092430115,고위험
KOSDAQ,333620,(주)엔시스,2021,2022,small_and_medium,manufacturing,2022,train,0,0.18842469,0,0,0,0.5,0.5242080092430115,0.5242080092430115,안정
KOSDAQ,335870,(주)윙스풋,2019,2020,mid_sized,wholesale_retail,2020,train,1,0.89312273,1,1,1,0.5,0.5242080092430115,0.5242080092430115,고위험
KOSDAQ,335870,(주)윙스풋,2020,2021,mid_sized,wholesale_retail,2021,train,1,0.89054066,1,1,1,0.5,0.5242080092430115,0.5242080092430115,고위험
KOSDAQ,335870,(주)윙스풋,2021,2022,mid_sized,wholesale_retail,2022,train,1,0.89054066,1,1,1,0.5,0.5242080092430115,0.5242080092430115,고위험
KOSDAQ,347000,(주)센코,2020,2021,small_and_medium,manufacturing,2021,train,1,0.75096625,1,1,1,0.5,0.5242080092430115,0.5242080092430115,고위험
KOSDAQ,347000,(주)센코,2021,2022,small_and_medium,manufacturing,2022,train,1,0.81839716,1,1,1,0.5,0.5242080092430115,0.5242080092430115,고위험
KOSDAQ,347700,(주)스피어코퍼레이션,2021,2022,small_and_medium,it_services,2022,train,1,0.67129636,1,1,1,0.5,0.5242080092430115,0.5242080092430115,고위험
KOSDAQ,347740,피엔케이피부임상연구센타(주),2020,2021,small_and_medium,it_services,2021,train,0,0.67129636,1,1,1,0.5,0.5242080092430115,0.5242080092430115,고위험
KOSDAQ,347740,피엔케이피부임상연구센타(주),2021,2022,small_and_medium,it_services,2022,train,0,0.67129636,1,1,1,0.5,0.5242080092430115,0.5242080092430115,고위험
KOSDAQ,352700,(주)씨앤투스,2021,2022,small_and_medium,manufacturing,2022,train,0,0.0042170794,0,0,0,0.5,0.5242080092430115,0.5242080092430115,안정
KOSDAQ,352770,(주)셀레스트라,2020,2021,small_and_medium,manufacturing,2021,train,1,0.9822662,1,1,1,0.5,0.5242080092430115,0.5242080092430115,고위험
KOSDAQ,352770,(주)셀레스트라,2021,2022,small_and_medium,manufacturing,2022,train,1,0.901894,1,1,1,0.5,0.5242080092430115,0.5242080092430115,고위험
KOSDAQ,353190,(주)휴럼,2020,2021,mid_sized,manufacturing,2021,train,1,0.7466036,1,1,1,0.5,0.5242080092430115,0.5242080092430115,고위험
KOSDAQ,353190,(주)휴럼,2021,2022,small_and_medium,manufacturing,2022,train,1,0.97155535,1,1,1,0.5,0.5242080092430115,0.5242080092430115,고위험
KOSDAQ,357230,(주)에이치피오,2021,2022,small_and_medium,manufacturing,2022,train,0,0.013539222,0,0,0,0.5,0.5242080092430115,0.5242080092430115,안정
KOSDAQ,357580,(주)아모센스,2021,2022,small_and_medium,manufacturing,2022,train,1,0.7422505,1,1,1,0.5,0.5242080092430115,0.5242080092430115,고위험
KOSDAQ,373200,(주)엑스플러스,2021,2022,small_and_medium,manufacturing,2022,train,0,0.7422505,1,1,1,0.5,0.5242080092430115,0.5242080092430115,고위험
KOSDAQ,377220,(주)프롬바이오,2021,2022,small_and_medium,manufacturing,2022,train,0,0.7422505,1,1,1,0.5,0.5242080092430115,0.5242080092430115,고위험
KOSDAQ,382480,(주)지아이텍,2021,2022,small_and_medium,manufacturing,2022,train,0,0.7422505,1,1,1,0.5,0.5242080092430115,0.5242080092430115,고위험
KOSDAQ,382800,(주)지앤비에스에코,2021,2022,small_and_medium,manufacturing,2022,train,1,0.7422505,1,1,1,0.5,0.5242080092430115,0.5242080092430115,고위험
KOSDAQ,382840,(주)원준,2021,2022,small_and_medium,manufacturing,2022,train,0,0.0734176,0,0,0,0.5,0.5242080092430115,0.5242080092430115,안정
KOSDAQ,383310,(주)에코프로에이치엔,2021,2022,small_and_medium,manufacturing,2022,train,0,0.53320026,1,1,1,0.5,0.5242080092430115,0.5242080092430115,관찰
KOSDAQ,391710,코닉오토메이션(주),2021,2022,mid_sized,manufacturing,2022,train,1,0.7377884,1,1,1,0.5,0.5242080092430115,0.5242080092430115,고위험
KOSDAQ,393210,(주)토마토시스템,2021,2022,small_and_medium,it_services,2022,train,0,0.67129636,1,1,1,0.5,0.5242080092430115,0.5242080092430115,고위험
KOSPI,20,동화약품(주),2015,2016,mid_sized,manufacturing,2016,train,0,0.5058765,1,0,0,0.5,0.5242080092430115,0.5242080092430115,관찰
KOSPI,20,동화약품(주),2016,2017,mid_sized,manufacturing,2017,train,0,0.5058765,1,0,0,0.5,0.5242080092430115,0.5242080092430115,관찰
KOSPI,20,동화약품(주),2017,2018,mid_sized,manufacturing,2018,train,0,0.6462734,1,1,1,0.5,0.5242080092430115,0.5242080092430115,관찰
KOSPI,20,동화약품(주),2018,2019,mid_sized,manufacturing,2019,train,0,0.011312558,0,0,0,0.5,0.5242080092430115,0.5242080092430115,안정
KOSPI,20,동화약품(주),2019,2020,mid_sized,manufacturing,2020,train,0,0.011245669,0,0,0,0.5,0.5242080092430115,0.5242080092430115,안정
KOSPI,70,(주)삼양홀딩스,2014,2015,mid_sized,it_services,2015,train,0,0.0032600302,0,0,0,0.5,0.5242080092430115,0.5242080092430115,안정
KOSPI,70,(주)삼양홀딩스,2015,2016,mid_sized,it_services,2016,train,0,0.002871101,0,0,0,0.5,0.5242080092430115,0.5242080092430115,안정
KOSPI,70,(주)삼양홀딩스,2016,2017,mid_sized,it_services,2017,train,0,0.0015823819,0,0,0,0.5,0.5242080092430115,0.5242080092430115,안정
KOSPI,70,(주)삼양홀딩스,2017,2018,mid_sized,it_services,2018,train,0,0.0022389083,0,0,0,0.5,0.5242080092430115,0.5242080092430115,안정
KOSPI,70,(주)삼양홀딩스,2018,2019,mid_sized,it_services,2019,train,0,0.0034388832,0,0,0,0.5,0.5242080092430115,0.5242080092430115,안정
KOSPI,70,(주)삼양홀딩스,2019,2020,mid_sized,it_services,2020,train,0,0.0019227526,0,0,0,0.5,0.5242080092430115,0.5242080092430115,안정
KOSPI,70,(주)삼양홀딩스,2020,2021,mid_sized,it_services,2021,train,0,0.004653703,0,0,0,0.5,0.5242080092430115,0.5242080092430115,안정
KOSPI,70,(주)삼양홀딩스,2021,2022,mid_sized,it_services,2022,train,0,0.011086057,0,0,0,0.5,0.5242080092430115,0.5242080092430115,안정
KOSPI,80,하이트진로(주),2014,2015,large,manufacturing,2015,train,0,0.0038860822,0,0,0,0.5,0.5242080092430115,0.5242080092430115,안정
KOSPI,80,하이트진로(주),2015,2016,large,manufacturing,2016,train,0,0.0052235685,0,0,0,0.5,0.5242080092430115,0.5242080092430115,안정
KOSPI,80,하이트진로(주),2016,2017,mid_sized,manufacturing,2017,train,0,0.015410228,0,0,0,0.5,0.5242080092430115,0.5242080092430115,안정
KOSPI,80,하이트진로(주),2017,2018,mid_sized,manufacturing,2018,train,0,0.024655474,0,0,0,0.5,0.5242080092430115,0.5242080092430115,안정
KOSPI,80,하이트진로(주),2018,2019,mid_sized,manufacturing,2019,train,0,0.023571912,0,0,0,0.5,0.5242080092430115,0.5242080092430115,안정
KOSPI,80,하이트진로(주),2019,2020,mid_sized,manufacturing,2020,train,0,0.027344441,0,0,0,0.5,0.5242080092430115,0.5242080092430115,안정
KOSPI,80,하이트진로(주),2020,2021,mid_sized,manufacturing,2021,train,0,0.030327301,0,0,0,0.5,0.5242080092430115,0.5242080092430115,안정
KOSPI,80,하이트진로(주),2021,2022,mid_sized,manufacturing,2022,train,0,0.04779584,0,0,0,0.5,0.5242080092430115,0.5242080092430115,안정
KOSPI,100,(주)유한양행,2015,2016,mid_sized,manufacturing,2016,train,0,0.0024170303,0,0,0,0.5,0.5242080092430115,0.5242080092430115,안정
KOSPI,120,씨제이대한통운(주),2014,2015,large,transport_storage,2015,train,0,0.001346093,0,0,0,0.5,0.5242080092430115,0.5242080092430115,안정
KOSPI,120,씨제이대한통운(주),2015,2016,large,transport_storage,2016,train,0,0.00095380575,0,0,0,0.5,0.5242080092430115,0.5242080092430115,안정
KOSPI,120,씨제이대한통운(주),2016,2017,large,transport_storage,2017,train,0,0.0011159276,0,0,0,0.5,0.5242080092430115,0.5242080092430115,안정
KOSPI,120,씨제이대한통운(주),2017,2018,large,transport_storage,2018,train,0,0.0015829591,0,0,0,0.5,0.5242080092430115,0.5242080092430115,안정
KOSPI,120,씨제이대한통운(주),2018,2019,large,transport_storage,2019,train,0,0.0035875735,0,0,0,0.5,0.5242080092430115,0.5242080092430115,안정
KOSPI,120,씨제이대한통운(주),2019,2020,large,transport_storage,2020,train,0,0.0009993474,0,0,0,0.5,0.5242080092430115,0.5242080092430115,안정
KOSPI,120,씨제이대한통운(주),2020,2021,large,transport_storage,2021,train,0,0.00078013923,0,0,0,0.5,0.5242080092430115,0.5242080092430115,안정
KOSPI,120,씨제이대한통운(주),2021,2022,large,transport_storage,2022,train,0,0.0005687228,0,0,0,0.5,0.5242080092430115,0.5242080092430115,안정
KOSPI,140,하이트진로홀딩스(주),2014,2015,large,it_services,2015,train,0,0.0035881498,0,0,0,0.5,0.5242080092430115,0.5242080092430115,안정
KOSPI,140,하이트진로홀딩스(주),2015,2016,large,it_services,2016,train,0,0.0026797443,0,0,0,0.5,0.5242080092430115,0.5242080092430115,안정
KOSPI,140,하이트진로홀딩스(주),2016,2017,mid_sized,it_services,2017,train,0,0.010116831,0,0,0,0.5,0.5242080092430115,0.5242080092430115,안정
KOSPI,140,하이트진로홀딩스(주),2017,2018,mid_sized,it_services,2018,train,0,0.006559568,0,0,0,0.5,0.5242080092430115,0.5242080092430115,안정
KOSPI,140,하이트진로홀딩스(주),2018,2019,mid_sized,it_services,2019,train,0,0.012585234,0,0,0,0.5,0.5242080092430115,0.5242080092430115,안정
KOSPI,140,하이트진로홀딩스(주),2019,2020,mid_sized,it_services,2020,train,0,0.008102846,0,0,0,0.5,0.5242080092430115,0.5242080092430115,안정
KOSPI,140,하이트진로홀딩스(주),2020,2021,mid_sized,it_services,2021,train,0,0.010964933,0,0,0,0.5,0.5242080092430115,0.5242080092430115,안정
KOSPI,140,하이트진로홀딩스(주),2021,2022,mid_sized,it_services,2022,train,0,0.014172307,0,0,0,0.5,0.5242080092430115,0.5242080092430115,안정
KOSPI,150,(주)두산,2014,2015,large,it_services,2015,train,0,0.0020372062,0,0,0,0.5,0.5242080092430115,0.5242080092430115,안정
KOSPI,150,(주)두산,2015,2016,large,it_services,2016,train,0,0.002674977,0,0,0,0.5,0.5242080092430115,0.5242080092430115,안정
KOSPI,150,(주)두산,2016,2017,large,it_services,2017,train,0,0.0031821192,0,0,0,0.5,0.5242080092430115,0.5242080092430115,안정
KOSPI,150,(주)두산,2017,2018,large,it_services,2018,train,0,0.0023146723,0,0,0,0.5,0.5242080092430115,0.5242080092430115,안정
KOSPI,150,(주)두산,2018,2019,large,it_services,2019,train,0,0.0022658007,0,0,0,0.5,0.5242080092430115,0.5242080092430115,안정
KOSPI,150,(주)두산,2019,2020,large,it_services,2020,train,0,0.005000467,0,0,0,0.5,0.5242080092430115,0.5242080092430115,안정
KOSPI,150,(주)두산,2020,2021,large,it_services,2021,train,0,0.0045506153,0,0,0,0.5,0.5242080092430115,0.5242080092430115,안정
KOSPI,150,(주)두산,2021,2022,large,it_services,2022,train,0,0.004285145,0,0,0,0.5,0.5242080092430115,0.5242080092430115,안정
KOSPI,180,성창기업지주(주),2015,2016,mid_sized,it_services,2016,train,0,0.2753077,0,0,0,0.5,0.5242080092430115,0.5242080092430115,안정
KOSPI,180,성창기업지주(주),2017,2018,mid_sized,it_services,2018,train,0,0.11777267,0,0,0,0.5,0.5242080092430115,0.5242080092430115,안정
KOSPI,180,성창기업지주(주),2018,2019,mid_sized,it_services,2019,train,0,0.34792587,0,0,0,0.5,0.5242080092430115,0.5242080092430115,안정
KOSPI,210,디엘(주),2014,2015,large,manufacturing,2015,train,0,0.0061021326,0,0,0,0.5,0.5242080092430115,0.5242080092430115,안정
KOSPI,210,디엘(주),2015,2016,large,manufacturing,2016,train,0,0.016298631,0,0,0,0.5,0.5242080092430115,0.5242080092430115,안정
KOSPI,210,디엘(주),2016,2017,large,manufacturing,2017,train,0,0.0063030864,0,0,0,0.5,0.5242080092430115,0.5242080092430115,안정
KOSPI,210,디엘(주),2017,2018,large,manufacturing,2018,train,0,0.0060699345,0,0,0,0.5,0.5242080092430115,0.5242080092430115,안정
KOSPI,210,디엘(주),2018,2019,large,manufacturing,2019,train,0,0.0026910894,0,0,0,0.5,0.5242080092430115,0.5242080092430115,안정
KOSPI,210,디엘(주),2019,2020,large,manufacturing,2020,train,0,0.0029922668,0,0,0,0.5,0.5242080092430115,0.5242080092430115,안정
KOSPI,210,디엘(주),2020,2021,large,manufacturing,2021,train,0,0.007145028,0,0,0,0.5,0.5242080092430115,0.5242080092430115,안정
KOSPI,210,디엘(주),2021,2022,large,manufacturing,2022,train,0,0.009809794,0,0,0,0.5,0.5242080092430115,0.5242080092430115,안정
KOSPI,220,(주)유유제약,2019,2020,small_and_medium,manufacturing,2020,train,0,0.2888151,0,0,0,0.5,0.5242080092430115,0.5242080092430115,안정
KOSPI,270,기아(주),2014,2015,large,manufacturing,2015,train,0,0.0010270287,0,0,0,0.5,0.5242080092430115,0.5242080092430115,안정
KOSPI,270,기아(주),2015,2016,large,manufacturing,2016,train,0,0.0010081149,0,0,0,0.5,0.5242080092430115,0.5242080092430115,안정
KOSPI,270,기아(주),2016,2017,large,manufacturing,2017,train,0,0.0017241742,0,0,0,0.5,0.5242080092430115,0.5242080092430115,안정
KOSPI,270,기아(주),2017,2018,large,manufacturing,2018,train,0,0.0025174243,0,0,0,0.5,0.5242080092430115,0.5242080092430115,안정
KOSPI,270,기아(주),2018,2019,large,manufacturing,2019,train,0,0.000532229,0,0,0,0.5,0.5242080092430115,0.5242080092430115,안정
KOSPI,320,(주)노루홀딩스,2014,2015,mid_sized,it_services,2015,train,0,0.025086615,0,0,0,0.5,0.5242080092430115,0.5242080092430115,안정
KOSPI,320,(주)노루홀딩스,2015,2016,mid_sized,it_services,2016,train,0,0.020371709,0,0,0,0.5,0.5242080092430115,0.5242080092430115,안정
KOSPI,320,(주)노루홀딩스,2016,2017,mid_sized,it_services,2017,train,0,0.008438506,0,0,0,0.5,0.5242080092430115,0.5242080092430115,안정
KOSPI,320,(주)노루홀딩스,2017,2018,mid_sized,it_services,2018,train,0,0.014403238,0,0,0,0.5,0.5242080092430115,0.5242080092430115,안정
KOSPI,320,(주)노루홀딩스,2018,2019,mid_sized,it_services,2019,train,0,0.013433783,0,0,0,0.5,0.5242080092430115,0.5242080092430115,안정
KOSPI,320,(주)노루홀딩스,2019,2020,mid_sized,it_services,2020,train,0,0.018602382,0,0,0,0.5,0.5242080092430115,0.5242080092430115,안정
KOSPI,390,삼화페인트공업(주),2016,2017,mid_sized,manufacturing,2017,train,0,0.056612786,0,0,0,0.5,0.5242080092430115,0.5242080092430115,안정
KOSPI,500,가온전선(주),2014,2015,large,manufacturing,2015,train,0,0.03450958,0,0,0,0.5,0.5242080092430115,0.5242080092430115,안정
KOSPI,500,가온전선(주),2015,2016,large,manufacturing,2016,train,0,0.026972696,0,0,0,0.5,0.5242080092430115,0.5242080092430115,안정
KOSPI,500,가온전선(주),2016,2017,large,manufacturing,2017,train,0,0.02512061,0,0,0,0.5,0.5242080092430115,0.5242080092430115,안정
KOSPI,500,가온전선(주),2017,2018,large,manufacturing,2018,train,0,0.038368896,0,0,0,0.5,0.5242080092430115,0.5242080092430115,안정
KOSPI,500,가온전선(주),2018,2019,large,manufacturing,2019,train,0,0.035033535,0,0,0,0.5,0.5242080092430115,0.5242080092430115,안정
KOSPI,500,가온전선(주),2019,2020,large,manufacturing,2020,train,0,0.041931145,0,0,0,0.5,0.5242080092430115,0.5242080092430115,안정
KOSPI,500,가온전선(주),2020,2021,large,manufacturing,2021,train,0,0.07769488,0,0,0,0.5,0.5242080092430115,0.5242080092430115,안정
KOSPI,500,가온전선(주),2021,2022,large,manufacturing,2022,train,0,0.09195268,0,0,0,0.5,0.5242080092430115,0.5242080092430115,안정
KOSPI,640,동아쏘시오홀딩스(주),2015,2016,mid_sized,it_services,2016,train,0,0.00811975,0,0,0,0.5,0.5242080092430115,0.5242080092430115,안정
KOSPI,640,동아쏘시오홀딩스(주),2016,2017,mid_sized,it_services,2017,train,0,0.013046652,0,0,0,0.5,0.5242080092430115,0.5242080092430115,안정
KOSPI,640,동아쏘시오홀딩스(주),2017,2018,mid_sized,it_services,2018,train,0,0.004806433,0,0,0,0.5,0.5242080092430115,0.5242080092430115,안정
KOSPI,640,동아쏘시오홀딩스(주),2018,2019,mid_sized,it_services,2019,train,0,0.008436588,0,0,0,0.5,0.5242080092430115,0.5242080092430115,안정
KOSPI,640,동아쏘시오홀딩스(주),2019,2020,mid_sized,it_services,2020,train,0,0.0071788193,0,0,0,0.5,0.5242080092430115,0.5242080092430115,안정
KOSPI,640,동아쏘시오홀딩스(주),2020,2021,mid_sized,it_services,2021,train,0,0.0049634906,0,0,0,0.5,0.5242080092430115,0.5242080092430115,안정
KOSPI,640,동아쏘시오홀딩스(주),2021,2022,mid_sized,it_services,2022,train,0,0.002829377,0,0,0,0.5,0.5242080092430115,0.5242080092430115,안정
KOSPI,660,에스케이하이닉스(주),2015,2016,large,manufacturing,2016,train,0,0.0015576177,0,0,0,0.5,0.5242080092430115,0.5242080092430115,안정
KOSPI,660,에스케이하이닉스(주),2018,2019,large,manufacturing,2019,train,0,0.0010068642,0,0,0,0.5,0.5242080092430115,0.5242080092430115,안정
KOSPI,660,에스케이하이닉스(주),2019,2020,large,manufacturing,2020,train,0,0.0031761276,0,0,0,0.5,0.5242080092430115,0.5242080092430115,안정
KOSPI,660,에스케이하이닉스(주),2020,2021,large,manufacturing,2021,train,0,0.002733823,0,0,0,0.5,0.5242080092430115,0.5242080092430115,안정
KOSPI,660,에스케이하이닉스(주),2021,2022,large,manufacturing,2022,train,0,0.004235282,0,0,0,0.5,0.5242080092430115,0.5242080092430115,안정
KOSPI,670,(주)영풍,2021,2022,large,manufacturing,2022,train,0,0.020141201,0,0,0,0.5,0.5242080092430115,0.5242080092430115,안정
KOSPI,680,(주)엘에스네트웍스,2014,2015,large,wholesale_retail,2015,train,0,0.04117086,0,0,0,0.5,0.5242080092430115,0.5242080092430115,안정
KOSPI,680,(주)엘에스네트웍스,2015,2016,large,wholesale_retail,2016,train,0,0.019399319,0,0,0,0.5,0.5242080092430115,0.5242080092430115,안정
KOSPI,680,(주)엘에스네트웍스,2016,2017,large,wholesale_retail,2017,train,0,0.27482197,0,0,0,0.5,0.5242080092430115,0.5242080092430115,안정
KOSPI,680,(주)엘에스네트웍스,2017,2018,large,wholesale_retail,2018,train,0,0.15531696,0,0,0,0.5,0.5242080092430115,0.5242080092430115,안정
KOSPI,680,(주)엘에스네트웍스,2018,2019,large,wholesale_retail,2019,train,0,0.09048783,0,0,0,0.5,0.5242080092430115,0.5242080092430115,안정
KOSPI,680,(주)엘에스네트웍스,2019,2020,large,wholesale_retail,2020,train,0,0.170254,0,0,0,0.5,0.5242080092430115,0.5242080092430115,안정
KOSPI,680,(주)엘에스네트웍스,2020,2021,large,wholesale_retail,2021,train,0,0.21012634,0,0,0,0.5,0.5242080092430115,0.5242080092430115,안정
KOSPI,680,(주)엘에스네트웍스,2021,2022,large,wholesale_retail,2022,train,0,0.09827634,0,0,0,0.5,0.5242080092430115,0.5242080092430115,안정
KOSPI,720,현대건설(주),2014,2015,large,construction,2015,train,0,0.0057000425,0,0,0,0.5,0.5242080092430115,0.5242080092430115,안정
KOSPI,720,현대건설(주),2015,2016,large,construction,2016,train,0,0.0070141032,0,0,0,0.5,0.5242080092430115,0.5242080092430115,안정
KOSPI,720,현대건설(주),2016,2017,large,construction,2017,train,0,0.004644319,0,0,0,0.5,0.5242080092430115,0.5242080092430115,안정
KOSPI,720,현대건설(주),2017,2018,large,construction,2018,train,0,0.0031030597,0,0,0,0.5,0.5242080092430115,0.5242080092430115,안정
KOSPI,720,현대건설(주),2018,2019,large,construction,2019,train,0,0.0027871947,0,0,0,0.5,0.5242080092430115,0.5242080092430115,안정
KOSPI,720,현대건설(주),2019,2020,large,construction,2020,train,0,0.0043966593,0,0,0,0.5,0.5242080092430115,0.5242080092430115,안정
KOSPI,720,현대건설(주),2020,2021,large,construction,2021,train,0,0.0030121717,0,0,0,0.5,0.5242080092430115,0.5242080092430115,안정
KOSPI,720,현대건설(주),2021,2022,large,construction,2022,train,0,0.0036208183,0,0,0,0.5,0.5242080092430115,0.5242080092430115,안정
KOSPI,880,(주)한화,2014,2015,large,manufacturing,2015,train,0,0.032111287,0,0,0,0.5,0.5242080092430115,0.5242080092430115,안정
KOSPI,880,(주)한화,2015,2016,large,manufacturing,2016,train,0,0.020103076,0,0,0,0.5,0.5242080092430115,0.5242080092430115,안정
KOSPI,880,(주)한화,2016,2017,large,manufacturing,2017,train,0,0.030323066,0,0,0,0.5,0.5242080092430115,0.5242080092430115,안정
KOSPI,880,(주)한화,2017,2018,large,manufacturing,2018,train,0,0.03213043,0,0,0,0.5,0.5242080092430115,0.5242080092430115,안정
KOSPI,880,(주)한화,2018,2019,large,manufacturing,2019,train,0,0.032062136,0,0,0,0.5,0.5242080092430115,0.5242080092430115,안정
KOSPI,880,(주)한화,2019,2020,large,manufacturing,2020,train,0,0.030823223,0,0,0,0.5,0.5242080092430115,0.5242080092430115,안정
KOSPI,880,(주)한화,2020,2021,large,manufacturing,2021,train,0,0.03759604,0,0,0,0.5,0.5242080092430115,0.5242080092430115,안정
KOSPI,880,(주)한화,2021,2022,large,manufacturing,2022,train,0,0.03026416,0,0,0,0.5,0.5242080092430115,0.5242080092430115,안정
KOSPI,990,(주)디비하이텍,2017,2018,mid_sized,manufacturing,2018,train,0,0.026508193,0,0,0,0.5,0.5242080092430115,0.5242080092430115,안정
KOSPI,990,(주)디비하이텍,2018,2019,mid_sized,manufacturing,2019,train,0,0.040273137,0,0,0,0.5,0.5242080092430115,0.5242080092430115,안정
KOSPI,990,(주)디비하이텍,2021,2022,large,manufacturing,2022,train,0,0.0019444692,0,0,0,0.5,0.5242080092430115,0.5242080092430115,안정
KOSPI,1040,씨제이(주),2014,2015,large,it_services,2015,train,0,0.0021449388,0,0,0,0.5,0.5242080092430115,0.5242080092430115,안정
KOSPI,1040,씨제이(주),2015,2016,large,it_services,2016,train,0,0.0011420916,0,0,0,0.5,0.5242080092430115,0.5242080092430115,안정
KOSPI,1040,씨제이(주),2016,2017,large,it_services,2017,train,0,0.0018458264,0,0,0,0.5,0.5242080092430115,0.5242080092430115,안정
KOSPI,1040,씨제이(주),2017,2018,large,it_services,2018,train,0,0.00149433,0,0,0,0.5,0.5242080092430115,0.5242080092430115,안정
KOSPI,1040,씨제이(주),2018,2019,large,it_services,2019,train,0,0.0048021944,0,0,0,0.5,0.5242080092430115,0.5242080092430115,안정
KOSPI,1040,씨제이(주),2019,2020,large,it_services,2020,train,0,0.005632676,0,0,0,0.5,0.5242080092430115,0.5242080092430115,안정
KOSPI,1040,씨제이(주),2020,2021,large,it_services,2021,train,0,0.0028854308,0,0,0,0.5,0.5242080092430115,0.5242080092430115,안정
KOSPI,1040,씨제이(주),2021,2022,large,it_services,2022,train,0,0.0043103024,0,0,0,0.5,0.5242080092430115,0.5242080092430115,안정
KOSPI,1060,제이더블유중외제약(주),2021,2022,mid_sized,manufacturing,2022,train,0,0.24093005,0,0,0,0.5,0.5242080092430115,0.5242080092430115,안정
KOSPI,1070,대한방직(주),2014,2015,mid_sized,manufacturing,2015,train,1,0.93910587,1,1,1,0.5,0.5242080092430115,0.5242080092430115,고위험
KOSPI,1070,대한방직(주),2015,2016,mid_sized,manufacturing,2016,train,1,0.9536408,1,1,1,0.5,0.5242080092430115,0.5242080092430115,고위험
KOSPI,1070,대한방직(주),2016,2017,mid_sized,manufacturing,2017,train,1,0.9643525,1,1,1,0.5,0.5242080092430115,0.5242080092430115,고위험
KOSPI,1070,대한방직(주),2017,2018,mid_sized,manufacturing,2018,train,1,0.90978974,1,1,1,0.5,0.5242080092430115,0.5242080092430115,고위험
KOSPI,1070,대한방직(주),2018,2019,mid_sized,manufacturing,2019,train,1,0.8900673,1,1,1,0.5,0.5242080092430115,0.5242080092430115,고위험
KOSPI,1070,대한방직(주),2019,2020,mid_sized,manufacturing,2020,train,1,0.9057031,1,1,1,0.5,0.5242080092430115,0.5242080092430115,고위험
KOSPI,1070,대한방직(주),2020,2021,mid_sized,manufacturing,2021,train,1,0.8500294,1,1,1,0.5,0.5242080092430115,0.5242080092430115,고위험
KOSPI,1070,대한방직(주),2021,2022,mid_sized,manufacturing,2022,train,1,0.86722046,1,1,1,0.5,0.5242080092430115,0.5242080092430115,고위험
KOSPI,1140,(주)국보,2018,2019,mid_sized,transport_storage,2019,train,1,0.98561305,1,1,1,0.5,0.5242080092430115,0.5242080092430115,고위험
KOSPI,1140,(주)국보,2019,2020,small_and_medium,transport_storage,2020,train,1,0.99293035,1,1,1,0.5,0.5242080092430115,0.5242080092430115,고위험
KOSPI,1140,(주)국보,2020,2021,mid_sized,transport_storage,2021,train,1,0.9941707,1,1,1,0.5,0.5242080092430115,0.5242080092430115,고위험
KOSPI,1140,(주)국보,2021,2022,mid_sized,transport_storage,2022,train,1,0.9916304,1,1,1,0.5,0.5242080092430115,0.5242080092430115,고위험
KOSPI,1210,금호전기(주),2018,2019,mid_sized,manufacturing,2019,train,1,0.9828485,1,1,1,0.5,0.5242080092430115,0.5242080092430115,고위험
KOSPI,1210,금호전기(주),2019,2020,small_and_medium,manufacturing,2020,train,1,0.99837106,1,1,1,0.5,0.5242080092430115,0.5242080092430115,고위험
KOSPI,1210,금호전기(주),2020,2021,small_and_medium,manufacturing,2021,train,1,0.9986613,1,1,1,0.5,0.5242080092430115,0.5242080092430115,고위험
KOSPI,1210,금호전기(주),2021,2022,small_and_medium,manufacturing,2022,train,1,0.99920684,1,1,1,0.5,0.5242080092430115,0.5242080092430115,고위험
KOSPI,1230,동국홀딩스(주),2016,2017,mid_sized,it_services,2017,train,0,0.0047809365,0,0,0,0.5,0.5242080092430115,0.5242080092430115,안정
KOSPI,1230,동국홀딩스(주),2017,2018,mid_sized,it_services,2018,train,0,0.006127426,0,0,0,0.5,0.5242080092430115,0.5242080092430115,안정
KOSPI,1230,동국홀딩스(주),2018,2019,mid_sized,it_services,2019,train,0,0.011163135,0,0,0,0.5,0.5242080092430115,0.5242080092430115,안정
KOSPI,1230,동국홀딩스(주),2019,2020,mid_sized,it_services,2020,train,0,0.013236472,0,0,0,0.5,0.5242080092430115,0.5242080092430115,안정
KOSPI,1230,동국홀딩스(주),2020,2021,mid_sized,it_services,2021,train,0,0.010798087,0,0,0,0.5,0.5242080092430115,0.5242080092430115,안정
KOSPI,1230,동국홀딩스(주),2021,2022,mid_sized,it_services,2022,train,0,0.004180872,0,0,0,0.5,0.5242080092430115,0.5242080092430115,안정
KOSPI,1250,(주)지에스글로벌,2014,2015,large,wholesale_retail,2015,train,0,0.021805344,0,0,0,0.5,0.5242080092430115,0.5242080092430115,안정
KOSPI,1250,(주)지에스글로벌,2015,2016,large,wholesale_retail,2016,train,0,0.014880464,0,0,0,0.5,0.5242080092430115,0.5242080092430115,안정
KOSPI,1250,(주)지에스글로벌,2016,2017,large,wholesale_retail,2017,train,0,0.02707467,0,0,0,0.5,0.5242080092430115,0.5242080092430115,안정
KOSPI,1250,(주)지에스글로벌,2017,2018,large,wholesale_retail,2018,train,0,0.01904106,0,0,0,0.5,0.5242080092430115,0.5242080092430115,안정
KOSPI,1250,(주)지에스글로벌,2018,2019,large,wholesale_retail,2019,train,0,0.014920213,0,0,0,0.5,0.5242080092430115,0.5242080092430115,안정
KOSPI,1250,(주)지에스글로벌,2019,2020,large,wholesale_retail,2020,train,0,0.0065217796,0,0,0,0.5,0.5242080092430115,0.5242080092430115,안정
KOSPI,1250,(주)지에스글로벌,2020,2021,large,wholesale_retail,2021,train,0,0.0152151985,0,0,0,0.5,0.5242080092430115,0.5242080092430115,안정
KOSPI,1250,(주)지에스글로벌,2021,2022,large,wholesale_retail,2022,train,0,0.026279913,0,0,0,0.5,0.5242080092430115,0.5242080092430115,안정
KOSPI,1340,피케이씨(주),2018,2019,mid_sized,manufacturing,2019,train,0,0.6462734,1,1,1,0.5,0.5242080092430115,0.5242080092430115,관찰
KOSPI,1340,피케이씨(주),2019,2020,mid_sized,manufacturing,2020,train,0,0.2525187,0,0,0,0.5,0.5242080092430115,0.5242080092430115,안정
KOSPI,1340,피케이씨(주),2020,2021,mid_sized,manufacturing,2021,train,0,0.22083871,0,0,0,0.5,0.5242080092430115,0.5242080092430115,안정
KOSPI,1340,피케이씨(주),2021,2022,mid_sized,manufacturing,2022,train,0,0.076927245,0,0,0,0.5,0.5242080092430115,0.5242080092430115,안정
KOSPI,1390,케이지케미칼(주),2014,2015,mid_sized,manufacturing,2015,train,1,0.66540605,1,1,1,0.5,0.5242080092430115,0.5242080092430115,고위험
KOSPI,1390,케이지케미칼(주),2015,2016,mid_sized,manufacturing,2016,train,1,0.85392165,1,1,1,0.5,0.5242080092430115,0.5242080092430115,고위험
KOSPI,1390,케이지케미칼(주),2016,2017,mid_sized,manufacturing,2017,train,1,0.6362366,1,1,1,0.5,0.5242080092430115,0.5242080092430115,관찰
KOSPI,1390,케이지케미칼(주),2018,2019,mid_sized,manufacturing,2019,train,1,0.48954624,0,0,0,0.5,0.5242080092430115,0.5242080092430115,관찰
KOSPI,1390,케이지케미칼(주),2019,2020,mid_sized,manufacturing,2020,train,1,0.7110242,1,1,1,0.5,0.5242080092430115,0.5242080092430115,고위험
KOSPI,1390,케이지케미칼(주),2020,2021,mid_sized,manufacturing,2021,train,1,0.6957424,1,1,1,0.5,0.5242080092430115,0.5242080092430115,고위험
KOSPI,1390,케이지케미칼(주),2021,2022,mid_sized,manufacturing,2022,train,1,0.8092568,1,1,1,0.5,0.5242080092430115,0.5242080092430115,고위험
KOSPI,1430,(주)세아베스틸지주,2014,2015,large,manufacturing,2015,train,0,0.08969366,0,0,0,0.5,0.5242080092430115,0.5242080092430115,안정
KOSPI,1430,(주)세아베스틸지주,2015,2016,large,manufacturing,2016,train,0,0.004622898,0,0,0,0.5,0.5242080092430115,0.5242080092430115,안정
KOSPI,1430,(주)세아베스틸지주,2016,2017,mid_sized,manufacturing,2017,train,0,0.008946973,0,0,0,0.5,0.5242080092430115,0.5242080092430115,안정
KOSPI,1430,(주)세아베스틸지주,2017,2018,mid_sized,manufacturing,2018,train,0,0.0032217337,0,0,0,0.5,0.5242080092430115,0.5242080092430115,안정
KOSPI,1430,(주)세아베스틸지주,2018,2019,mid_sized,manufacturing,2019,train,0,0.028870352,0,0,0,0.5,0.5242080092430115,0.5242080092430115,안정
KOSPI,1430,(주)세아베스틸지주,2019,2020,mid_sized,manufacturing,2020,train,0,0.013486344,0,0,0,0.5,0.5242080092430115,0.5242080092430115,안정
KOSPI,1430,(주)세아베스틸지주,2020,2021,mid_sized,manufacturing,2021,train,0,0.024943067,0,0,0,0.5,0.5242080092430115,0.5242080092430115,안정
KOSPI,1430,(주)세아베스틸지주,2021,2022,large,manufacturing,2022,train,0,0.0030730595,0,0,0,0.5,0.5242080092430115,0.5242080092430115,안정
KOSPI,1440,대한전선(주),2014,2015,mid_sized,manufacturing,2015,train,1,0.9624198,1,1,1,0.5,0.5242080092430115,0.5242080092430115,고위험
KOSPI,1440,대한전선(주),2015,2016,mid_sized,manufacturing,2016,train,1,0.94151956,1,1,1,0.5,0.5242080092430115,0.5242080092430115,고위험
KOSPI,1440,대한전선(주),2016,2017,mid_sized,manufacturing,2017,train,1,0.93603855,1,1,1,0.5,0.5242080092430115,0.5242080092430115,고위험
KOSPI,1470,삼부토건(주),2014,2015,mid_sized,construction,2015,train,1,0.8525741,1,1,1,0.5,0.5242080092430115,0.5242080092430115,고위험
KOSPI,1520,(주)동양,2015,2016,mid_sized,manufacturing,2016,train,0,0.08844388,0,0,0,0.5,0.5242080092430115,0.5242080092430115,안정
KOSPI,1520,(주)동양,2016,2017,mid_sized,manufacturing,2017,train,0,0.013509977,0,0,0,0.5,0.5242080092430115,0.5242080092430115,안정
KOSPI,1560,제일연마공업(주),2019,2020,mid_sized,manufacturing,2020,train,0,0.02495286,0,0,0,0.5,0.5242080092430115,0.5242080092430115,안정
KOSPI,1560,제일연마공업(주),2020,2021,mid_sized,manufacturing,2021,train,0,0.014933471,0,0,0,0.5,0.5242080092430115,0.5242080092430115,안정
KOSPI,1560,제일연마공업(주),2021,2022,mid_sized,manufacturing,2022,train,0,0.02126373,0,0,0,0.5,0.5242080092430115,0.5242080092430115,안정
KOSPI,1570,(주)금양,2014,2015,small_and_medium,manufacturing,2015,train,1,0.9823125,1,1,1,0.5,0.5242080092430115,0.5242080092430115,고위험
KOSPI,1570,(주)금양,2015,2016,small_and_medium,manufacturing,2016,train,1,0.9620302,1,1,1,0.5,0.5242080092430115,0.5242080092430115,고위험
KOSPI,1570,(주)금양,2019,2020,mid_sized,manufacturing,2020,train,1,0.9568599,1,1,1,0.5,0.5242080092430115,0.5242080092430115,고위험
KOSPI,1570,(주)금양,2020,2021,mid_sized,manufacturing,2021,train,1,0.9802843,1,1,1,0.5,0.5242080092430115,0.5242080092430115,고위험
KOSPI,1570,(주)금양,2021,2022,mid_sized,manufacturing,2022,train,1,0.9417027,1,1,1,0.5,0.5242080092430115,0.5242080092430115,고위험
KOSPI,1620,케이비아이동국실업(주),2014,2015,mid_sized,manufacturing,2015,train,1,0.8942836,1,1,1,0.5,0.5242080092430115,0.5242080092430115,고위험
KOSPI,1620,케이비아이동국실업(주),2015,2016,mid_sized,manufacturing,2016,train,1,0.8674635,1,1,1,0.5,0.5242080092430115,0.5242080092430115,고위험
KOSPI,1620,케이비아이동국실업(주),2016,2017,mid_sized,manufacturing,2017,train,1,0.874464,1,1,1,0.5,0.5242080092430115,0.5242080092430115,고위험
KOSPI,1620,케이비아이동국실업(주),2017,2018,mid_sized,manufacturing,2018,train,1,0.9132947,1,1,1,0.5,0.5242080092430115,0.5242080092430115,고위험
KOSPI,1620,케이비아이동국실업(주),2018,2019,mid_sized,manufacturing,2019,train,1,0.8891376,1,1,1,0.5,0.5242080092430115,0.5242080092430115,고위험
KOSPI,1620,케이비아이동국실업(주),2019,2020,mid_sized,manufacturing,2020,train,1,0.9074207,1,1,1,0.5,0.5242080092430115,0.5242080092430115,고위험
KOSPI,1620,케이비아이동국실업(주),2020,2021,mid_sized,manufacturing,2021,train,1,0.89053696,1,1,1,0.5,0.5242080092430115,0.5242080092430115,고위험
KOSPI,1620,케이비아이동국실업(주),2021,2022,mid_sized,manufacturing,2022,train,1,0.86711675,1,1,1,0.5,0.5242080092430115,0.5242080092430115,고위험
KOSPI,1630,(주)종근당홀딩스,2020,2021,mid_sized,manufacturing,2021,train,0,0.0051488527,0,0,0,0.5,0.5242080092430115,0.5242080092430115,안정
KOSPI,1630,(주)종근당홀딩스,2021,2022,mid_sized,manufacturing,2022,train,0,0.010365554,0,0,0,0.5,0.5242080092430115,0.5242080092430115,안정
KOSPI,1680,대상(주),2014,2015,mid_sized,manufacturing,2015,train,0,0.0062983185,0,0,0,0.5,0.5242080092430115,0.5242080092430115,안정
KOSPI,1680,대상(주),2015,2016,mid_sized,manufacturing,2016,train,0,0.015640896,0,0,0,0.5,0.5242080092430115,0.5242080092430115,안정
KOSPI,1680,대상(주),2016,2017,mid_sized,manufacturing,2017,train,0,0.025958454,0,0,0,0.5,0.5242080092430115,0.5242080092430115,안정
KOSPI,1680,대상(주),2017,2018,mid_sized,manufacturing,2018,train,0,0.009519194,0,0,0,0.5,0.5242080092430115,0.5242080092430115,안정
KOSPI,1680,대상(주),2018,2019,mid_sized,manufacturing,2019,train,0,0.0044673705,0,0,0,0.5,0.5242080092430115,0.5242080092430115,안정
KOSPI,1680,대상(주),2019,2020,mid_sized,manufacturing,2020,train,0,0.006478883,0,0,0,0.5,0.5242080092430115,0.5242080092430115,안정
KOSPI,1680,대상(주),2020,2021,mid_sized,manufacturing,2021,train,0,0.0044580195,0,0,0,0.5,0.5242080092430115,0.5242080092430115,안정
KOSPI,1680,대상(주),2021,2022,mid_sized,manufacturing,2022,train,0,0.007184745,0,0,0,0.5,0.5242080092430115,0.5242080092430115,안정
KOSPI,1740,에스케이네트웍스(주),2014,2015,large,wholesale_retail,2015,train,0,0.0038240203,0,0,0,0.5,0.5242080092430115,0.5242080092430115,안정
KOSPI,1740,에스케이네트웍스(주),2015,2016,large,wholesale_retail,2016,train,0,0.002492576,0,0,0,0.5,0.5242080092430115,0.5242080092430115,안정
KOSPI,1740,에스케이네트웍스(주),2016,2017,large,wholesale_retail,2017,train,0,0.001817849,0,0,0,0.5,0.5242080092430115,0.5242080092430115,안정
KOSPI,1740,에스케이네트웍스(주),2017,2018,large,wholesale_retail,2018,train,0,0.0040860376,0,0,0,0.5,0.5242080092430115,0.5242080092430115,안정
KOSPI,1740,에스케이네트웍스(주),2018,2019,large,wholesale_retail,2019,train,0,0.0036594744,0,0,0,0.5,0.5242080092430115,0.5242080092430115,안정
KOSPI,1740,에스케이네트웍스(주),2019,2020,large,wholesale_retail,2020,train,0,0.008589346,0,0,0,0.5,0.5242080092430115,0.5242080092430115,안정
KOSPI,1740,에스케이네트웍스(주),2020,2021,large,wholesale_retail,2021,train,0,0.010670749,0,0,0,0.5,0.5242080092430115,0.5242080092430115,안정
KOSPI,1740,에스케이네트웍스(주),2021,2022,large,wholesale_retail,2022,train,0,0.009401872,0,0,0,0.5,0.5242080092430115,0.5242080092430115,안정
KOSPI,1780,(주)알루코,2016,2017,mid_sized,manufacturing,2017,train,1,0.36227885,0,0,0,0.5,0.5242080092430115,0.5242080092430115,관찰
KOSPI,1800,(주)오리온홀딩스,2014,2015,mid_sized,other,2015,train,0,0.003424033,0,0,0,0.5,0.5242080092430115,0.5242080092430115,안정
KOSPI,1800,(주)오리온홀딩스,2015,2016,mid_sized,other,2016,train,0,0.0028965976,0,0,0,0.5,0.5242080092430115,0.5242080092430115,안정
KOSPI,1800,(주)오리온홀딩스,2016,2017,mid_sized,other,2017,train,0,0.0008441849,0,0,0,0.5,0.5242080092430115,0.5242080092430115,안정
KOSPI,1880,디엘건설(주),2019,2020,large,construction,2020,train,0,0.44845802,0,0,0,0.5,0.5242080092430115,0.5242080092430115,관찰
KOSPI,1880,디엘건설(주),2020,2021,large,construction,2021,train,0,0.4733665,0,0,0,0.5,0.5242080092430115,0.5242080092430115,관찰
KOSPI,1880,디엘건설(주),2021,2022,large,construction,2022,train,0,0.4733665,0,0,0,0.5,0.5242080092430115,0.5242080092430115,관찰
KOSPI,1940,KISCO홀딩스(주),2018,2019,mid_sized,manufacturing,2019,train,0,0.0091967825,0,0,0,0.5,0.5242080092430115,0.5242080092430115,안정
KOSPI,1940,KISCO홀딩스(주),2020,2021,mid_sized,manufacturing,2021,train,0,0.00518783,0,0,0,0.5,0.5242080092430115,0.5242080092430115,안정
KOSPI,1940,KISCO홀딩스(주),2021,2022,mid_sized,manufacturing,2022,train,0,0.027117824,0,0,0,0.5,0.5242080092430115,0.5242080092430115,안정
KOSPI,2030,아세아(주),2014,2015,mid_sized,it_services,2015,train,0,0.0030159357,0,0,0,0.5,0.5242080092430115,0.5242080092430115,안정
KOSPI,2030,아세아(주),2016,2017,mid_sized,it_services,2017,train,0,0.0037070892,0,0,0,0.5,0.5242080092430115,0.5242080092430115,안정
KOSPI,2150,(주)도화엔지니어링,2015,2016,mid_sized,it_services,2016,train,0,0.30126476,0,0,0,0.5,0.5242080092430115,0.5242080092430115,안정
KOSPI,2150,(주)도화엔지니어링,2016,2017,mid_sized,it_services,2017,train,0,0.30126476,0,0,0,0.5,0.5242080092430115,0.5242080092430115,안정
KOSPI,2150,(주)도화엔지니어링,2017,2018,mid_sized,it_services,2018,train,0,0.0030623716,0,0,0,0.5,0.5242080092430115,0.5242080092430115,안정
KOSPI,2150,(주)도화엔지니어링,2018,2019,mid_sized,it_services,2019,train,0,0.003276187,0,0,0,0.5,0.5242080092430115,0.5242080092430115,안정
KOSPI,2150,(주)도화엔지니어링,2019,2020,mid_sized,it_services,2020,train,0,0.0027853914,0,0,0,0.5,0.5242080092430115,0.5242080092430115,안정
KOSPI,2150,(주)도화엔지니어링,2020,2021,mid_sized,it_services,2021,train,0,0.004620202,0,0,0,0.5,0.5242080092430115,0.5242080092430115,안정
KOSPI,2150,(주)도화엔지니어링,2021,2022,mid_sized,it_services,2022,train,0,0.010596228,0,0,0,0.5,0.5242080092430115,0.5242080092430115,안정
KOSPI,2240,고려제강(주),2017,2018,mid_sized,manufacturing,2018,train,0,0.020077877,0,0,0,0.5,0.5242080092430115,0.5242080092430115,안정
KOSPI,2240,고려제강(주),2018,2019,mid_sized,manufacturing,2019,train,0,0.019520499,0,0,0,0.5,0.5242080092430115,0.5242080092430115,안정
KOSPI,2240,고려제강(주),2019,2020,mid_sized,manufacturing,2020,train,0,0.017179865,0,0,0,0.5,0.5242080092430115,0.5242080092430115,안정
KOSPI,2240,고려제강(주),2020,2021,mid_sized,manufacturing,2021,train,0,0.013594652,0,0,0,0.5,0.5242080092430115,0.5242080092430115,안정
KOSPI,2240,고려제강(주),2021,2022,mid_sized,manufacturing,2022,train,0,0.027846012,0,0,0,0.5,0.5242080092430115,0.5242080092430115,안정
KOSPI,2270,롯데푸드(주),2014,2015,large,manufacturing,2015,train,0,0.16100164,0,0,0,0.5,0.5242080092430115,0.5242080092430115,안정
KOSPI,2270,롯데푸드(주),2015,2016,large,manufacturing,2016,train,0,0.16100164,0,0,0,0.5,0.5242080092430115,0.5242080092430115,안정
KOSPI,2270,롯데푸드(주),2016,2017,large,manufacturing,2017,train,0,0.16100164,0,0,0,0.5,0.5242080092430115,0.5242080092430115,안정
KOSPI,2270,롯데푸드(주),2017,2018,large,manufacturing,2018,train,0,0.24689063,0,0,0,0.5,0.5242080092430115,0.5242080092430115,안정
KOSPI,2270,롯데푸드(주),2018,2019,large,manufacturing,2019,train,0,0.24689063,0,0,0,0.5,0.5242080092430115,0.5242080092430115,안정
KOSPI,2270,롯데푸드(주),2019,2020,large,manufacturing,2020,train,0,0.24689063,0,0,0,0.5,0.5242080092430115,0.5242080092430115,안정
KOSPI,2270,롯데푸드(주),2020,2021,large,manufacturing,2021,train,0,0.001096589,0,0,0,0.5,0.5242080092430115,0.5242080092430115,안정
KOSPI,2320,(주)한진,2014,2015,large,transport_storage,2015,train,0,0.012340854,0,0,0,0.5,0.5242080092430115,0.5242080092430115,안정
KOSPI,2320,(주)한진,2015,2016,large,transport_storage,2016,train,0,0.013757832,0,0,0,0.5,0.5242080092430115,0.5242080092430115,안정
KOSPI,2320,(주)한진,2016,2017,large,transport_storage,2017,train,0,0.01597466,0,0,0,0.5,0.5242080092430115,0.5242080092430115,안정
KOSPI,2320,(주)한진,2017,2018,large,transport_storage,2018,train,0,0.017480878,0,0,0,0.5,0.5242080092430115,0.5242080092430115,안정
KOSPI,2320,(주)한진,2018,2019,large,transport_storage,2019,train,0,0.0048610745,0,0,0,0.5,0.5242080092430115,0.5242080092430115,안정
KOSPI,2320,(주)한진,2019,2020,large,transport_storage,2020,train,0,0.009255604,0,0,0,0.5,0.5242080092430115,0.5242080092430115,안정
KOSPI,2320,(주)한진,2020,2021,large,transport_storage,2021,train,0,0.0036134543,0,0,0,0.5,0.5242080092430115,0.5242080092430115,안정
KOSPI,2320,(주)한진,2021,2022,large,transport_storage,2022,train,0,0.005667935,0,0,0,0.5,0.5242080092430115,0.5242080092430115,안정
KOSPI,2350,넥센타이어(주),2014,2015,mid_sized,manufacturing,2015,train,0,0.016375529,0,0,0,0.5,0.5242080092430115,0.5242080092430115,안정
KOSPI,2350,넥센타이어(주),2015,2016,mid_sized,manufacturing,2016,train,0,0.01441143,0,0,0,0.5,0.5242080092430115,0.5242080092430115,안정
KOSPI,2350,넥센타이어(주),2016,2017,mid_sized,manufacturing,2017,train,0,0.0075741834,0,0,0,0.5,0.5242080092430115,0.5242080092430115,안정
KOSPI,2350,넥센타이어(주),2017,2018,mid_sized,manufacturing,2018,train,0,0.0058164317,0,0,0,0.5,0.5242080092430115,0.5242080092430115,안정
KOSPI,2350,넥센타이어(주),2018,2019,mid_sized,manufacturing,2019,train,0,0.0029958365,0,0,0,0.5,0.5242080092430115,0.5242080092430115,안정
KOSPI,2350,넥센타이어(주),2019,2020,mid_sized,manufacturing,2020,train,0,0.002623817,0,0,0,0.5,0.5242080092430115,0.5242080092430115,안정
KOSPI,2350,넥센타이어(주),2020,2021,mid_sized,manufacturing,2021,train,0,0.0054071257,0,0,0,0.5,0.5242080092430115,0.5242080092430115,안정
KOSPI,2350,넥센타이어(주),2021,2022,mid_sized,manufacturing,2022,train,0,0.003180007,0,0,0,0.5,0.5242080092430115,0.5242080092430115,안정
KOSPI,2380,(주)케이씨씨,2014,2015,large,manufacturing,2015,train,0,0.0033243184,0,0,0,0.5,0.5242080092430115,0.5242080092430115,안정
KOSPI,2380,(주)케이씨씨,2015,2016,large,manufacturing,2016,train,0,0.003937062,0,0,0,0.5,0.5242080092430115,0.5242080092430115,안정
KOSPI,2380,(주)케이씨씨,2016,2017,large,manufacturing,2017,train,0,0.008364622,0,0,0,0.5,0.5242080092430115,0.5242080092430115,안정
KOSPI,2380,(주)케이씨씨,2017,2018,large,manufacturing,2018,train,0,0.018044373,0,0,0,0.5,0.5242080092430115,0.5242080092430115,안정
KOSPI,2380,(주)케이씨씨,2018,2019,large,manufacturing,2019,train,0,0.0059379665,0,0,0,0.5,0.5242080092430115,0.5242080092430115,안정
KOSPI,2380,(주)케이씨씨,2019,2020,large,manufacturing,2020,train,0,0.035746574,0,0,0,0.5,0.5242080092430115,0.5242080092430115,안정
KOSPI,2380,(주)케이씨씨,2020,2021,large,manufacturing,2021,train,0,0.01605674,0,0,0,0.5,0.5242080092430115,0.5242080092430115,안정
KOSPI,2380,(주)케이씨씨,2021,2022,large,manufacturing,2022,train,0,0.0043220855,0,0,0,0.5,0.5242080092430115,0.5242080092430115,안정
KOSPI,2390,(주)한독,2016,2017,mid_sized,manufacturing,2017,train,0,0.1855719,0,0,0,0.5,0.5242080092430115,0.5242080092430115,안정
KOSPI,2390,(주)한독,2017,2018,mid_sized,manufacturing,2018,train,0,0.16046003,0,0,0,0.5,0.5242080092430115,0.5242080092430115,안정
KOSPI,2390,(주)한독,2018,2019,mid_sized,manufacturing,2019,train,0,0.080537826,0,0,0,0.5,0.5242080092430115,0.5242080092430115,안정
KOSPI,2390,(주)한독,2019,2020,mid_sized,manufacturing,2020,train,0,0.054818384,0,0,0,0.5,0.5242080092430115,0.5242080092430115,안정
KOSPI,2390,(주)한독,2020,2021,mid_sized,manufacturing,2021,train,0,0.014741013,0,0,0,0.5,0.5242080092430115,0.5242080092430115,안정
KOSPI,2390,(주)한독,2021,2022,mid_sized,manufacturing,2022,train,0,0.0406424,0,0,0,0.5,0.5242080092430115,0.5242080092430115,안정
KOSPI,2410,범양건영(주),2014,2015,small_and_medium,construction,2015,train,0,0.13081849,0,0,0,0.5,0.5242080092430115,0.5242080092430115,안정
KOSPI,2410,범양건영(주),2015,2016,small_and_medium,construction,2016,train,0,0.37520894,0,0,0,0.5,0.5242080092430115,0.5242080092430115,관찰
KOSPI,2410,범양건영(주),2016,2017,small_and_medium,construction,2017,train,0,0.4947426,0,0,0,0.5,0.5242080092430115,0.5242080092430115,관찰
KOSPI,2410,범양건영(주),2017,2018,small_and_medium,construction,2018,train,0,0.3433702,0,0,0,0.5,0.5242080092430115,0.5242080092430115,안정
KOSPI,2410,범양건영(주),2018,2019,small_and_medium,construction,2019,train,0,0.091089025,0,0,0,0.5,0.5242080092430115,0.5242080092430115,안정
KOSPI,2410,범양건영(주),2019,2020,small_and_medium,construction,2020,train,0,0.17194135,0,0,0,0.5,0.5242080092430115,0.5242080092430115,안정
KOSPI,2410,범양건영(주),2020,2021,small_and_medium,construction,2021,train,0,0.20544542,0,0,0,0.5,0.5242080092430115,0.5242080092430115,안정
KOSPI,2410,범양건영(주),2021,2022,mid_sized,construction,2022,train,0,0.39668489,0,0,0,0.5,0.5242080092430115,0.5242080092430115,관찰
KOSPI,2460,에이치에스화성(주),2014,2015,mid_sized,construction,2015,train,0,0.0167067,0,0,0,0.5,0.5242080092430115,0.5242080092430115,안정
KOSPI,2460,에이치에스화성(주),2015,2016,mid_sized,construction,2016,train,0,0.3610973,0,0,0,0.5,0.5242080092430115,0.5242080092430115,관찰
KOSPI,2460,에이치에스화성(주),2017,2018,mid_sized,construction,2018,train,0,0.1535289,0,0,0,0.5,0.5242080092430115,0.5242080092430115,안정
KOSPI,2690,동일제강(주),2016,2017,mid_sized,manufacturing,2017,train,0,0.3344116,0,0,0,0.5,0.5242080092430115,0.5242080092430115,안정
KOSPI,2690,동일제강(주),2017,2018,mid_sized,manufacturing,2018,train,0,0.33228734,0,0,0,0.5,0.5242080092430115,0.5242080092430115,안정
KOSPI,2690,동일제강(주),2018,2019,mid_sized,manufacturing,2019,train,0,0.33228734,0,0,0,0.5,0.5242080092430115,0.5242080092430115,안정
KOSPI,2690,동일제강(주),2019,2020,mid_sized,manufacturing,2020,train,0,0.33228734,0,0,0,0.5,0.5242080092430115,0.5242080092430115,안정
KOSPI,2690,동일제강(주),2020,2021,mid_sized,manufacturing,2021,train,0,0.33228734,0,0,0,0.5,0.5242080092430115,0.5242080092430115,안정
KOSPI,2690,동일제강(주),2021,2022,mid_sized,manufacturing,2022,train,0,0.33228734,0,0,0,0.5,0.5242080092430115,0.5242080092430115,안정
KOSPI,2780,진흥기업(주),2018,2019,large,construction,2019,train,1,0.77276754,1,1,1,0.5,0.5242080092430115,0.5242080092430115,고위험
KOSPI,2780,진흥기업(주),2019,2020,large,construction,2020,train,1,0.44845802,0,0,0,0.5,0.5242080092430115,0.5242080092430115,관찰
KOSPI,2780,진흥기업(주),2020,2021,large,construction,2021,train,1,0.4733665,0,0,0,0.5,0.5242080092430115,0.5242080092430115,관찰
KOSPI,2780,진흥기업(주),2021,2022,large,construction,2022,train,1,0.4733665,0,0,0,0.5,0.5242080092430115,0.5242080092430115,관찰
KOSPI,2880,(주)대유에이텍,2016,2017,mid_sized,manufacturing,2017,train,0,0.1622322,0,0,0,0.5,0.5242080092430115,0.5242080092430115,안정
KOSPI,2900,티와이엠(주),2014,2015,mid_sized,manufacturing,2015,train,0,0.7494955,1,1,1,0.5,0.5242080092430115,0.5242080092430115,고위험
KOSPI,2900,티와이엠(주),2019,2020,mid_sized,manufacturing,2020,train,1,0.9059512,1,1,1,0.5,0.5242080092430115,0.5242080092430115,고위험
KOSPI,2900,티와이엠(주),2020,2021,mid_sized,manufacturing,2021,train,1,0.8941909,1,1,1,0.5,0.5242080092430115,0.5242080092430115,고위험
KOSPI,2900,티와이엠(주),2021,2022,mid_sized,manufacturing,2022,train,1,0.7662585,1,1,1,0.5,0.5242080092430115,0.5242080092430115,고위험
KOSPI,2960,한국쉘석유(주),2018,2019,mid_sized,manufacturing,2019,train,0,0.4443,0,0,0,0.5,0.5242080092430115,0.5242080092430115,관찰
KOSPI,2990,금호건설(주),2020,2021,large,construction,2021,train,0,0.0550435,0,0,0,0.5,0.5242080092430115,0.5242080092430115,안정
KOSPI,2990,금호건설(주),2021,2022,large,construction,2022,train,0,0.017436242,0,0,0,0.5,0.5242080092430115,0.5242080092430115,안정
KOSPI,3010,(주)혜인,2018,2019,mid_sized,wholesale_retail,2019,train,0,0.51172465,1,0,0,0.5,0.5242080092430115,0.5242080092430115,관찰
KOSPI,3010,(주)혜인,2019,2020,mid_sized,wholesale_retail,2020,train,0,0.2178365,0,0,0,0.5,0.5242080092430115,0.5242080092430115,안정
KOSPI,3010,(주)혜인,2020,2021,mid_sized,wholesale_retail,2021,train,0,0.32017604,0,0,0,0.5,0.5242080092430115,0.5242080092430115,안정
KOSPI,3010,(주)혜인,2021,2022,mid_sized,wholesale_retail,2022,train,0,0.10145446,0,0,0,0.5,0.5242080092430115,0.5242080092430115,안정
KOSPI,3030,(주)세아제강지주,2014,2015,large,it_services,2015,train,0,0.0024692477,0,0,0,0.5,0.5242080092430115,0.5242080092430115,안정
KOSPI,3030,(주)세아제강지주,2015,2016,large,it_services,2016,train,0,0.0011738094,0,0,0,0.5,0.5242080092430115,0.5242080092430115,안정
KOSPI,3030,(주)세아제강지주,2016,2017,mid_sized,it_services,2017,train,0,0.0034506002,0,0,0,0.5,0.5242080092430115,0.5242080092430115,안정
KOSPI,3030,(주)세아제강지주,2017,2018,mid_sized,it_services,2018,train,0,0.0039047473,0,0,0,0.5,0.5242080092430115,0.5242080092430115,안정
KOSPI,3030,(주)세아제강지주,2019,2020,mid_sized,it_services,2020,train,0,0.0065369173,0,0,0,0.5,0.5242080092430115,0.5242080092430115,안정
KOSPI,3030,(주)세아제강지주,2020,2021,mid_sized,it_services,2021,train,0,0.0041276775,0,0,0,0.5,0.5242080092430115,0.5242080092430115,안정
KOSPI,3030,(주)세아제강지주,2021,2022,large,it_services,2022,train,0,0.0069346735,0,0,0,0.5,0.5242080092430115,0.5242080092430115,안정
KOSPI,3160,(주)디아이,2014,2015,mid_sized,manufacturing,2015,train,0,0.4938489,0,0,0,0.5,0.5242080092430115,0.5242080092430115,관찰
KOSPI,3160,(주)디아이,2015,2016,mid_sized,manufacturing,2016,train,0,0.62069035,1,1,1,0.5,0.5242080092430115,0.5242080092430115,관찰
KOSPI,3160,(주)디아이,2016,2017,mid_sized,manufacturing,2017,train,1,0.715748,1,1,1,0.5,0.5242080092430115,0.5242080092430115,고위험
KOSPI,3160,(주)디아이,2017,2018,mid_sized,manufacturing,2018,train,0,0.11200464,0,0,0,0.5,0.5242080092430115,0.5242080092430115,안정
KOSPI,3160,(주)디아이,2018,2019,mid_sized,manufacturing,2019,train,0,0.019485429,0,0,0,0.5,0.5242080092430115,0.5242080092430115,안정
KOSPI,3160,(주)디아이,2019,2020,mid_sized,manufacturing,2020,train,0,0.50256735,1,0,0,0.5,0.5242080092430115,0.5242080092430115,관찰
KOSPI,3160,(주)디아이,2020,2021,mid_sized,manufacturing,2021,train,0,0.312508,0,0,0,0.5,0.5242080092430115,0.5242080092430115,안정
KOSPI,3160,(주)디아이,2021,2022,mid_sized,manufacturing,2022,train,0,0.12488275,0,0,0,0.5,0.5242080092430115,0.5242080092430115,안정
KOSPI,3220,대원제약(주),2014,2015,mid_sized,manufacturing,2015,train,0,0.005948759,0,0,0,0.5,0.5242080092430115,0.5242080092430115,안정
KOSPI,3220,대원제약(주),2015,2016,mid_sized,manufacturing,2016,train,0,0.006553682,0,0,0,0.5,0.5242080092430115,0.5242080092430115,안정
KOSPI,3220,대원제약(주),2016,2017,mid_sized,manufacturing,2017,train,0,0.0065592234,0,0,0,0.5,0.5242080092430115,0.5242080092430115,안정
KOSPI,3220,대원제약(주),2017,2018,mid_sized,manufacturing,2018,train,0,0.0067681223,0,0,0,0.5,0.5242080092430115,0.5242080092430115,안정
KOSPI,3220,대원제약(주),2018,2019,mid_sized,manufacturing,2019,train,0,0.0041387803,0,0,0,0.5,0.5242080092430115,0.5242080092430115,안정
KOSPI,3220,대원제약(주),2019,2020,mid_sized,manufacturing,2020,train,0,0.0056902515,0,0,0,0.5,0.5242080092430115,0.5242080092430115,안정
KOSPI,3220,대원제약(주),2020,2021,mid_sized,manufacturing,2021,train,0,0.007468571,0,0,0,0.5,0.5242080092430115,0.5242080092430115,안정
KOSPI,3220,대원제약(주),2021,2022,mid_sized,manufacturing,2022,train,0,0.031257894,0,0,0,0.5,0.5242080092430115,0.5242080092430115,안정
KOSPI,3280,흥아해운(주),2014,2015,mid_sized,transport_storage,2015,train,0,0.7500833,1,1,1,0.5,0.5242080092430115,0.5242080092430115,고위험
KOSPI,3280,흥아해운(주),2015,2016,mid_sized,transport_storage,2016,train,1,0.8557624,1,1,1,0.5,0.5242080092430115,0.5242080092430115,고위험
KOSPI,3280,흥아해운(주),2016,2017,mid_sized,transport_storage,2017,train,1,0.799308,1,1,1,0.5,0.5242080092430115,0.5242080092430115,고위험
KOSPI,3280,흥아해운(주),2017,2018,mid_sized,transport_storage,2018,train,1,0.9608463,1,1,1,0.5,0.5242080092430115,0.5242080092430115,고위험
KOSPI,3280,흥아해운(주),2018,2019,mid_sized,transport_storage,2019,train,1,0.9839175,1,1,1,0.5,0.5242080092430115,0.5242080092430115,고위험
KOSPI,3280,흥아해운(주),2019,2020,mid_sized,transport_storage,2020,train,1,0.97764164,1,1,1,0.5,0.5242080092430115,0.5242080092430115,고위험
KOSPI,3280,흥아해운(주),2020,2021,mid_sized,transport_storage,2021,train,1,0.98994,1,1,1,0.5,0.5242080092430115,0.5242080092430115,고위험
KOSPI,3300,한일홀딩스(주),2014,2015,mid_sized,manufacturing,2015,train,0,0.00087736076,0,0,0,0.5,0.5242080092430115,0.5242080092430115,안정
KOSPI,3300,한일홀딩스(주),2015,2016,mid_sized,manufacturing,2016,train,0,0.0024747152,0,0,0,0.5,0.5242080092430115,0.5242080092430115,안정
KOSPI,3300,한일홀딩스(주),2016,2017,mid_sized,manufacturing,2017,train,0,0.003814166,0,0,0,0.5,0.5242080092430115,0.5242080092430115,안정
KOSPI,3300,한일홀딩스(주),2017,2018,mid_sized,manufacturing,2018,train,0,0.009309239,0,0,0,0.5,0.5242080092430115,0.5242080092430115,안정
KOSPI,3300,한일홀딩스(주),2018,2019,mid_sized,manufacturing,2019,train,0,0.01589417,0,0,0,0.5,0.5242080092430115,0.5242080092430115,안정
KOSPI,3300,한일홀딩스(주),2019,2020,mid_sized,manufacturing,2020,train,0,0.0026615784,0,0,0,0.5,0.5242080092430115,0.5242080092430115,안정
KOSPI,3300,한일홀딩스(주),2020,2021,mid_sized,manufacturing,2021,train,0,0.009665806,0,0,0,0.5,0.5242080092430115,0.5242080092430115,안정
KOSPI,3300,한일홀딩스(주),2021,2022,mid_sized,manufacturing,2022,train,0,0.008110108,0,0,0,0.5,0.5242080092430115,0.5242080092430115,안정
KOSPI,3410,쌍용씨앤이(주),2016,2017,mid_sized,manufacturing,2017,train,0,0.01381052,0,0,0,0.5,0.5242080092430115,0.5242080092430115,안정
KOSPI,3490,(주)대한항공,2014,2015,large,transport_storage,2015,train,0,0.008387966,0,0,0,0.5,0.5242080092430115,0.5242080092430115,안정
KOSPI,3490,(주)대한항공,2015,2016,large,transport_storage,2016,train,0,0.008675313,0,0,0,0.5,0.5242080092430115,0.5242080092430115,안정
KOSPI,3490,(주)대한항공,2016,2017,large,transport_storage,2017,train,0,0.011875727,0,0,0,0.5,0.5242080092430115,0.5242080092430115,안정
KOSPI,3490,(주)대한항공,2017,2018,large,transport_storage,2018,train,0,0.004885582,0,0,0,0.5,0.5242080092430115,0.5242080092430115,안정
KOSPI,3490,(주)대한항공,2018,2019,large,transport_storage,2019,train,0,0.009626304,0,0,0,0.5,0.5242080092430115,0.5242080092430115,안정
KOSPI,3490,(주)대한항공,2019,2020,large,transport_storage,2020,train,0,0.008148194,0,0,0,0.5,0.5242080092430115,0.5242080092430115,안정
KOSPI,3490,(주)대한항공,2020,2021,large,transport_storage,2021,train,0,0.011440142,0,0,0,0.5,0.5242080092430115,0.5242080092430115,안정
KOSPI,3490,(주)대한항공,2021,2022,large,transport_storage,2022,train,0,0.0073719886,0,0,0,0.5,0.5242080092430115,0.5242080092430115,안정
KOSPI,3560,(주)아이에이치큐,2017,2018,mid_sized,it_services,2018,train,0,0.024131473,0,0,0,0.5,0.5242080092430115,0.5242080092430115,안정
KOSPI,3560,(주)아이에이치큐,2018,2019,mid_sized,it_services,2019,train,0,0.09341484,0,0,0,0.5,0.5242080092430115,0.5242080092430115,안정
KOSPI,3600,에스케이(주),2014,2015,large,it_services,2015,train,0,0.000872686,0,0,0,0.5,0.5242080092430115,0.5242080092430115,안정
KOSPI,4000,롯데정밀화학(주),2014,2015,large,manufacturing,2015,train,0,0.008280325,0,0,0,0.5,0.5242080092430115,0.5242080092430115,안정
KOSPI,4000,롯데정밀화학(주),2015,2016,large,manufacturing,2016,train,0,0.001513042,0,0,0,0.5,0.5242080092430115,0.5242080092430115,안정
KOSPI,4000,롯데정밀화학(주),2016,2017,large,manufacturing,2017,train,0,0.0014421914,0,0,0,0.5,0.5242080092430115,0.5242080092430115,안정
KOSPI,4000,롯데정밀화학(주),2017,2018,large,manufacturing,2018,train,0,0.0007116236,0,0,0,0.5,0.5242080092430115,0.5242080092430115,안정
KOSPI,4000,롯데정밀화학(주),2018,2019,large,manufacturing,2019,train,0,0.00032751216,0,0,0,0.5,0.5242080092430115,0.5242080092430115,안정
KOSPI,4020,현대제철(주),2014,2015,large,manufacturing,2015,train,0,0.0022367747,0,0,0,0.5,0.5242080092430115,0.5242080092430115,안정
KOSPI,4020,현대제철(주),2015,2016,large,manufacturing,2016,train,0,0.003116503,0,0,0,0.5,0.5242080092430115,0.5242080092430115,안정
KOSPI,4020,현대제철(주),2020,2021,large,manufacturing,2021,train,0,0.0034685717,0,0,0,0.5,0.5242080092430115,0.5242080092430115,안정
KOSPI,4020,현대제철(주),2021,2022,large,manufacturing,2022,train,0,0.009050999,0,0,0,0.5,0.5242080092430115,0.5242080092430115,안정
KOSPI,4090,한국석유공업(주),2014,2015,mid_sized,manufacturing,2015,train,0,0.3457046,0,0,0,0.5,0.5242080092430115,0.5242080092430115,안정
KOSPI,4090,한국석유공업(주),2015,2016,mid_sized,manufacturing,2016,train,0,0.14190397,0,0,0,0.5,0.5242080092430115,0.5242080092430115,안정
KOSPI,4090,한국석유공업(주),2016,2017,mid_sized,manufacturing,2017,train,0,0.12017895,0,0,0,0.5,0.5242080092430115,0.5242080092430115,안정
KOSPI,4090,한국석유공업(주),2017,2018,mid_sized,manufacturing,2018,train,0,0.08138722,0,0,0,0.5,0.5242080092430115,0.5242080092430115,안정
KOSPI,4090,한국석유공업(주),2018,2019,mid_sized,manufacturing,2019,train,0,0.14864048,0,0,0,0.5,0.5242080092430115,0.5242080092430115,안정
KOSPI,4090,한국석유공업(주),2019,2020,mid_sized,manufacturing,2020,train,0,0.105581254,0,0,0,0.5,0.5242080092430115,0.5242080092430115,안정
KOSPI,4090,한국석유공업(주),2020,2021,mid_sized,manufacturing,2021,train,0,0.10023041,0,0,0,0.5,0.5242080092430115,0.5242080092430115,안정
KOSPI,4090,한국석유공업(주),2021,2022,mid_sized,manufacturing,2022,train,0,0.08191658,0,0,0,0.5,0.5242080092430115,0.5242080092430115,안정
KOSPI,4100,태양금속공업(주),2016,2017,mid_sized,manufacturing,2017,train,0,0.4031647,0,0,0,0.5,0.5242080092430115,0.5242080092430115,관찰
KOSPI,4100,태양금속공업(주),2017,2018,mid_sized,manufacturing,2018,train,0,0.5012138,1,0,0,0.5,0.5242080092430115,0.5242080092430115,관찰
KOSPI,4100,태양금속공업(주),2018,2019,mid_sized,manufacturing,2019,train,1,0.7620891,1,1,1,0.5,0.5242080092430115,0.5242080092430115,고위험
KOSPI,4100,태양금속공업(주),2019,2020,mid_sized,manufacturing,2020,train,1,0.84961385,1,1,1,0.5,0.5242080092430115,0.5242080092430115,고위험
KOSPI,4100,태양금속공업(주),2020,2021,mid_sized,manufacturing,2021,train,1,0.92782956,1,1,1,0.5,0.5242080092430115,0.5242080092430115,고위험
KOSPI,4100,태양금속공업(주),2021,2022,mid_sized,manufacturing,2022,train,1,0.9104715,1,1,1,0.5,0.5242080092430115,0.5242080092430115,고위험
KOSPI,4140,(주)동방,2014,2015,mid_sized,transport_storage,2015,train,0,0.48498964,0,0,0,0.5,0.5242080092430115,0.5242080092430115,관찰
KOSPI,4140,(주)동방,2015,2016,mid_sized,transport_storage,2016,train,0,0.24211414,0,0,0,0.5,0.5242080092430115,0.5242080092430115,안정
KOSPI,4140,(주)동방,2016,2017,mid_sized,transport_storage,2017,train,0,0.15939274,0,0,0,0.5,0.5242080092430115,0.5242080092430115,안정
KOSPI,4140,(주)동방,2017,2018,mid_sized,transport_storage,2018,train,0,0.305204,0,0,0,0.5,0.5242080092430115,0.5242080092430115,안정
KOSPI,4140,(주)동방,2018,2019,mid_sized,transport_storage,2019,train,0,0.3154495,0,0,0,0.5,0.5242080092430115,0.5242080092430115,안정
KOSPI,4140,(주)동방,2019,2020,mid_sized,transport_storage,2020,train,0,0.23304045,0,0,0,0.5,0.5242080092430115,0.5242080092430115,안정
KOSPI,4140,(주)동방,2020,2021,mid_sized,transport_storage,2021,train,0,0.25380468,0,0,0,0.5,0.5242080092430115,0.5242080092430115,안정
KOSPI,4140,(주)동방,2021,2022,mid_sized,transport_storage,2022,train,0,0.16425079,0,0,0,0.5,0.5242080092430115,0.5242080092430115,안정
KOSPI,4150,한솔홀딩스(주),2014,2015,large,it_services,2015,train,0,0.023609214,0,0,0,0.5,0.5242080092430115,0.5242080092430115,안정
KOSPI,4150,한솔홀딩스(주),2015,2016,large,it_services,2016,train,0,0.01879494,0,0,0,0.5,0.5242080092430115,0.5242080092430115,안정
KOSPI,4150,한솔홀딩스(주),2016,2017,mid_sized,it_services,2017,train,0,0.030242445,0,0,0,0.5,0.5242080092430115,0.5242080092430115,안정
KOSPI,4170,(주)신세계,2014,2015,large,wholesale_retail,2015,train,0,0.00127847,0,0,0,0.5,0.5242080092430115,0.5242080092430115,안정
KOSPI,4170,(주)신세계,2015,2016,large,wholesale_retail,2016,train,0,0.001524422,0,0,0,0.5,0.5242080092430115,0.5242080092430115,안정
KOSPI,4170,(주)신세계,2016,2017,large,wholesale_retail,2017,train,0,0.0021196231,0,0,0,0.5,0.5242080092430115,0.5242080092430115,안정
KOSPI,4170,(주)신세계,2017,2018,large,wholesale_retail,2018,train,0,0.0012499559,0,0,0,0.5,0.5242080092430115,0.5242080092430115,안정
KOSPI,4170,(주)신세계,2018,2019,large,wholesale_retail,2019,train,0,0.0025373502,0,0,0,0.5,0.5242080092430115,0.5242080092430115,안정
KOSPI,4170,(주)신세계,2019,2020,large,wholesale_retail,2020,train,0,0.0012802363,0,0,0,0.5,0.5242080092430115,0.5242080092430115,안정
KOSPI,4170,(주)신세계,2020,2021,large,wholesale_retail,2021,train,0,0.0029277964,0,0,0,0.5,0.5242080092430115,0.5242080092430115,안정
KOSPI,4170,(주)신세계,2021,2022,large,wholesale_retail,2022,train,0,0.0013487244,0,0,0,0.5,0.5242080092430115,0.5242080092430115,안정
KOSPI,4200,고려개발(주),2014,2015,large,construction,2015,train,0,0.196084,0,0,0,0.5,0.5242080092430115,0.5242080092430115,안정
KOSPI,4430,송원산업(주),2016,2017,mid_sized,manufacturing,2017,train,0,0.027483823,0,0,0,0.5,0.5242080092430115,0.5242080092430115,안정
KOSPI,4430,송원산업(주),2018,2019,mid_sized,manufacturing,2019,train,0,0.020911027,0,0,0,0.5,0.5242080092430115,0.5242080092430115,안정
KOSPI,4430,송원산업(주),2019,2020,mid_sized,manufacturing,2020,train,0,0.011398967,0,0,0,0.5,0.5242080092430115,0.5242080092430115,안정
KOSPI,4430,송원산업(주),2020,2021,mid_sized,manufacturing,2021,train,0,0.0060168765,0,0,0,0.5,0.5242080092430115,0.5242080092430115,안정
KOSPI,4430,송원산업(주),2021,2022,mid_sized,manufacturing,2022,train,0,0.019902175,0,0,0,0.5,0.5242080092430115,0.5242080092430115,안정
KOSPI,4540,깨끗한나라(주),2014,2015,mid_sized,manufacturing,2015,train,0,0.2325653,0,0,0,0.5,0.5242080092430115,0.5242080092430115,안정
KOSPI,4540,깨끗한나라(주),2015,2016,mid_sized,manufacturing,2016,train,0,0.34644556,0,0,0,0.5,0.5242080092430115,0.5242080092430115,안정
KOSPI,4540,깨끗한나라(주),2016,2017,mid_sized,manufacturing,2017,train,0,0.15115337,0,0,0,0.5,0.5242080092430115,0.5242080092430115,안정
KOSPI,4540,깨끗한나라(주),2017,2018,mid_sized,manufacturing,2018,train,0,0.5918583,1,1,1,0.5,0.5242080092430115,0.5242080092430115,관찰
KOSPI,4540,깨끗한나라(주),2019,2020,mid_sized,manufacturing,2020,train,0,0.4545603,0,0,0,0.5,0.5242080092430115,0.5242080092430115,관찰
KOSPI,4540,깨끗한나라(주),2020,2021,mid_sized,manufacturing,2021,train,0,0.06550382,0,0,0,0.5,0.5242080092430115,0.5242080092430115,안정
KOSPI,4540,깨끗한나라(주),2021,2022,mid_sized,manufacturing,2022,train,0,0.16479784,0,0,0,0.5,0.5242080092430115,0.5242080092430115,안정
KOSPI,4560,현대비앤지스틸(주),2014,2015,large,manufacturing,2015,train,0,0.13761571,0,0,0,0.5,0.5242080092430115,0.5242080092430115,안정
KOSPI,4560,현대비앤지스틸(주),2015,2016,large,manufacturing,2016,train,0,0.02642366,0,0,0,0.5,0.5242080092430115,0.5242080092430115,안정
KOSPI,4560,현대비앤지스틸(주),2017,2018,large,manufacturing,2018,train,0,0.0068710595,0,0,0,0.5,0.5242080092430115,0.5242080092430115,안정
KOSPI,4560,현대비앤지스틸(주),2018,2019,large,manufacturing,2019,train,0,0.044058647,0,0,0,0.5,0.5242080092430115,0.5242080092430115,안정
KOSPI,4560,현대비앤지스틸(주),2020,2021,large,manufacturing,2021,train,0,0.0071272706,0,0,0,0.5,0.5242080092430115,0.5242080092430115,안정
KOSPI,4560,현대비앤지스틸(주),2021,2022,large,manufacturing,2022,train,0,0.0056945835,0,0,0,0.5,0.5242080092430115,0.5242080092430115,안정
KOSPI,4690,(주)삼천리,2014,2015,large,other,2015,train,0,0.0037782553,0,0,0,0.5,0.5242080092430115,0.5242080092430115,안정
KOSPI,4690,(주)삼천리,2015,2016,large,other,2016,train,0,0.0021239938,0,0,0,0.5,0.5242080092430115,0.5242080092430115,안정
KOSPI,4690,(주)삼천리,2016,2017,mid_sized,other,2017,train,0,0.007387193,0,0,0,0.5,0.5242080092430115,0.5242080092430115,안정
KOSPI,4690,(주)삼천리,2017,2018,mid_sized,other,2018,train,0,0.0058914456,0,0,0,0.5,0.5242080092430115,0.5242080092430115,안정
KOSPI,4690,(주)삼천리,2018,2019,mid_sized,other,2019,train,0,0.00670737,0,0,0,0.5,0.5242080092430115,0.5242080092430115,안정
KOSPI,4690,(주)삼천리,2019,2020,mid_sized,other,2020,train,0,0.009896597,0,0,0,0.5,0.5242080092430115,0.5242080092430115,안정
KOSPI,4690,(주)삼천리,2020,2021,mid_sized,other,2021,train,0,0.005158637,0,0,0,0.5,0.5242080092430115,0.5242080092430115,안정
KOSPI,4690,(주)삼천리,2021,2022,mid_sized,other,2022,train,0,0.010671821,0,0,0,0.5,0.5242080092430115,0.5242080092430115,안정
KOSPI,4710,한솔테크닉스(주),2014,2015,large,manufacturing,2015,train,0,0.022369238,0,0,0,0.5,0.5242080092430115,0.5242080092430115,안정
KOSPI,4710,한솔테크닉스(주),2015,2016,large,manufacturing,2016,train,0,0.012320981,0,0,0,0.5,0.5242080092430115,0.5242080092430115,안정
KOSPI,4710,한솔테크닉스(주),2016,2017,mid_sized,manufacturing,2017,train,0,0.0649895,0,0,0,0.5,0.5242080092430115,0.5242080092430115,안정
KOSPI,4710,한솔테크닉스(주),2017,2018,mid_sized,manufacturing,2018,train,0,0.052168645,0,0,0,0.5,0.5242080092430115,0.5242080092430115,안정
KOSPI,4710,한솔테크닉스(주),2018,2019,mid_sized,manufacturing,2019,train,0,0.20193742,0,0,0,0.5,0.5242080092430115,0.5242080092430115,안정
KOSPI,4710,한솔테크닉스(주),2019,2020,mid_sized,manufacturing,2020,train,0,0.034828912,0,0,0,0.5,0.5242080092430115,0.5242080092430115,안정
KOSPI,4710,한솔테크닉스(주),2020,2021,mid_sized,manufacturing,2021,train,0,0.033850577,0,0,0,0.5,0.5242080092430115,0.5242080092430115,안정
KOSPI,4710,한솔테크닉스(주),2021,2022,mid_sized,manufacturing,2022,train,0,0.20203912,0,0,0,0.5,0.5242080092430115,0.5242080092430115,안정
KOSPI,4800,(주)효성,2014,2015,large,other,2015,train,0,0.0041062543,0,0,0,0.5,0.5242080092430115,0.5242080092430115,안정
KOSPI,4800,(주)효성,2015,2016,large,other,2016,train,0,0.004570409,0,0,0,0.5,0.5242080092430115,0.5242080092430115,안정
KOSPI,4800,(주)효성,2016,2017,large,other,2017,train,0,0.0033843846,0,0,0,0.5,0.5242080092430115,0.5242080092430115,안정
KOSPI,4800,(주)효성,2017,2018,large,other,2018,train,0,0.0040681995,0,0,0,0.5,0.5242080092430115,0.5242080092430115,안정
KOSPI,4800,(주)효성,2020,2021,large,other,2021,train,0,0.0028434342,0,0,0,0.5,0.5242080092430115,0.5242080092430115,안정
KOSPI,4800,(주)효성,2021,2022,large,other,2022,train,0,0.0022471244,0,0,0,0.5,0.5242080092430115,0.5242080092430115,안정
KOSPI,4840,(주)디알비동일,2019,2020,mid_sized,manufacturing,2020,train,0,0.11374485,0,0,0,0.5,0.5242080092430115,0.5242080092430115,안정
KOSPI,4840,(주)디알비동일,2020,2021,mid_sized,manufacturing,2021,train,0,0.1687233,0,0,0,0.5,0.5242080092430115,0.5242080092430115,안정
KOSPI,4840,(주)디알비동일,2021,2022,mid_sized,manufacturing,2022,train,1,0.60863215,1,1,1,0.5,0.5242080092430115,0.5242080092430115,관찰
KOSPI,4870,(주)티웨이홀딩스,2018,2019,mid_sized,manufacturing,2019,train,1,0.57058996,1,1,1,0.5,0.5242080092430115,0.5242080092430115,관찰
KOSPI,4920,(주)씨아이테크,2018,2019,small_and_medium,manufacturing,2019,train,1,0.99310774,1,1,1,0.5,0.5242080092430115,0.5242080092430115,고위험
KOSPI,4920,(주)씨아이테크,2019,2020,small_and_medium,manufacturing,2020,train,1,0.99066895,1,1,1,0.5,0.5242080092430115,0.5242080092430115,고위험
KOSPI,4960,한신공영(주),2014,2015,mid_sized,construction,2015,train,0,0.7081361,1,1,1,0.5,0.5242080092430115,0.5242080092430115,고위험
KOSPI,4960,한신공영(주),2015,2016,mid_sized,construction,2016,train,0,0.20834793,0,0,0,0.5,0.5242080092430115,0.5242080092430115,안정
KOSPI,4960,한신공영(주),2016,2017,mid_sized,construction,2017,train,0,0.13882759,0,0,0,0.5,0.5242080092430115,0.5242080092430115,안정
KOSPI,4960,한신공영(주),2017,2018,mid_sized,construction,2018,train,0,0.095981084,0,0,0,0.5,0.5242080092430115,0.5242080092430115,안정
KOSPI,4960,한신공영(주),2018,2019,mid_sized,construction,2019,train,0,0.03682978,0,0,0,0.5,0.5242080092430115,0.5242080092430115,안정
KOSPI,4960,한신공영(주),2019,2020,mid_sized,construction,2020,train,0,0.14610462,0,0,0,0.5,0.5242080092430115,0.5242080092430115,안정
KOSPI,4960,한신공영(주),2020,2021,mid_sized,construction,2021,train,0,0.14730541,0,0,0,0.5,0.5242080092430115,0.5242080092430115,안정
KOSPI,4960,한신공영(주),2021,2022,mid_sized,construction,2022,train,0,0.21210422,0,0,0,0.5,0.5242080092430115,0.5242080092430115,안정
KOSPI,4990,롯데지주(주),2014,2015,large,it_services,2015,train,0,0.001135503,0,0,0,0.5,0.5242080092430115,0.5242080092430115,안정
KOSPI,4990,롯데지주(주),2015,2016,large,it_services,2016,train,0,0.0014824633,0,0,0,0.5,0.5242080092430115,0.5242080092430115,안정
KOSPI,4990,롯데지주(주),2016,2017,large,it_services,2017,train,0,0.0020110367,0,0,0,0.5,0.5242080092430115,0.5242080092430115,안정
KOSPI,4990,롯데지주(주),2018,2019,large,it_services,2019,train,0,0.0052399626,0,0,0,0.5,0.5242080092430115,0.5242080092430115,안정
KOSPI,4990,롯데지주(주),2019,2020,large,it_services,2020,train,0,0.0041324273,0,0,0,0.5,0.5242080092430115,0.5242080092430115,안정
KOSPI,4990,롯데지주(주),2020,2021,large,it_services,2021,train,0,0.001570111,0,0,0,0.5,0.5242080092430115,0.5242080092430115,안정
KOSPI,4990,롯데지주(주),2021,2022,large,it_services,2022,train,0,0.001527197,0,0,0,0.5,0.5242080092430115,0.5242080092430115,안정
KOSPI,5030,부산주공(주),2018,2019,mid_sized,manufacturing,2019,train,1,0.6752793,1,1,1,0.5,0.5242080092430115,0.5242080092430115,고위험
KOSPI,5030,부산주공(주),2019,2020,mid_sized,manufacturing,2020,train,1,0.6752793,1,1,1,0.5,0.5242080092430115,0.5242080092430115,고위험
KOSPI,5030,부산주공(주),2020,2021,mid_sized,manufacturing,2021,train,1,0.7070744,1,1,1,0.5,0.5242080092430115,0.5242080092430115,고위험
KOSPI,5030,부산주공(주),2021,2022,mid_sized,manufacturing,2022,train,1,0.7070744,1,1,1,0.5,0.5242080092430115,0.5242080092430115,고위험
KOSPI,5090,에스지씨에너지(주),2017,2018,large,other,2018,train,0,0.081738204,0,0,0,0.5,0.5242080092430115,0.5242080092430115,안정
KOSPI,5090,에스지씨에너지(주),2018,2019,large,other,2019,train,0,0.031734042,0,0,0,0.5,0.5242080092430115,0.5242080092430115,안정
KOSPI,5090,에스지씨에너지(주),2019,2020,mid_sized,other,2020,train,0,0.09609244,0,0,0,0.5,0.5242080092430115,0.5242080092430115,안정
KOSPI,5090,에스지씨에너지(주),2020,2021,mid_sized,other,2021,train,0,0.3102885,0,0,0,0.5,0.5242080092430115,0.5242080092430115,안정
KOSPI,5090,에스지씨에너지(주),2021,2022,large,other,2022,train,0,0.0028358272,0,0,0,0.5,0.5242080092430115,0.5242080092430115,안정
KOSPI,5180,(주)빙그레,2014,2015,mid_sized,manufacturing,2015,train,0,0.0013530137,0,0,0,0.5,0.5242080092430115,0.5242080092430115,안정
KOSPI,5180,(주)빙그레,2015,2016,mid_sized,manufacturing,2016,train,0,0.00069738546,0,0,0,0.5,0.5242080092430115,0.5242080092430115,안정
KOSPI,5180,(주)빙그레,2016,2017,mid_sized,manufacturing,2017,train,0,0.0018463009,0,0,0,0.5,0.5242080092430115,0.5242080092430115,안정
KOSPI,5180,(주)빙그레,2017,2018,mid_sized,manufacturing,2018,train,0,0.0045403386,0,0,0,0.5,0.5242080092430115,0.5242080092430115,안정
KOSPI,5180,(주)빙그레,2018,2019,mid_sized,manufacturing,2019,train,0,0.001671105,0,0,0,0.5,0.5242080092430115,0.5242080092430115,안정
KOSPI,5180,(주)빙그레,2019,2020,mid_sized,manufacturing,2020,train,0,0.00265144,0,0,0,0.5,0.5242080092430115,0.5242080092430115,안정
KOSPI,5180,(주)빙그레,2020,2021,mid_sized,manufacturing,2021,train,0,0.0008607259,0,0,0,0.5,0.5242080092430115,0.5242080092430115,안정
KOSPI,5180,(주)빙그레,2021,2022,mid_sized,manufacturing,2022,train,0,0.0010770798,0,0,0,0.5,0.5242080092430115,0.5242080092430115,안정
KOSPI,5190,(주)동성화학,2014,2015,mid_sized,manufacturing,2015,train,0,0.23268746,0,0,0,0.5,0.5242080092430115,0.5242080092430115,안정
KOSPI,5190,(주)동성화학,2019,2020,mid_sized,manufacturing,2020,train,0,0.014055067,0,0,0,0.5,0.5242080092430115,0.5242080092430115,안정
KOSPI,5250,(주)녹십자홀딩스,2020,2021,mid_sized,it_services,2021,train,0,0.004608137,0,0,0,0.5,0.5242080092430115,0.5242080092430115,안정
KOSPI,5250,(주)녹십자홀딩스,2021,2022,mid_sized,it_services,2022,train,0,0.0026309218,0,0,0,0.5,0.5242080092430115,0.5242080092430115,안정
KOSPI,5300,롯데칠성음료(주),2015,2016,large,manufacturing,2016,train,0,0.0016532391,0,0,0,0.5,0.5242080092430115,0.5242080092430115,안정
KOSPI,5300,롯데칠성음료(주),2016,2017,large,manufacturing,2017,train,0,0.0048231715,0,0,0,0.5,0.5242080092430115,0.5242080092430115,안정
KOSPI,5300,롯데칠성음료(주),2017,2018,large,manufacturing,2018,train,0,0.012959678,0,0,0,0.5,0.5242080092430115,0.5242080092430115,안정
KOSPI,5300,롯데칠성음료(주),2018,2019,large,manufacturing,2019,train,0,0.011362084,0,0,0,0.5,0.5242080092430115,0.5242080092430115,안정
KOSPI,5300,롯데칠성음료(주),2019,2020,large,manufacturing,2020,train,0,0.012229801,0,0,0,0.5,0.5242080092430115,0.5242080092430115,안정
KOSPI,5300,롯데칠성음료(주),2020,2021,large,manufacturing,2021,train,0,0.0124308895,0,0,0,0.5,0.5242080092430115,0.5242080092430115,안정
KOSPI,5300,롯데칠성음료(주),2021,2022,large,manufacturing,2022,train,0,0.0034084723,0,0,0,0.5,0.5242080092430115,0.5242080092430115,안정
KOSPI,5320,(주)온타이드,2014,2015,small_and_medium,wholesale_retail,2015,train,1,0.9341779,1,1,1,0.5,0.5242080092430115,0.5242080092430115,고위험
KOSPI,5320,(주)온타이드,2018,2019,mid_sized,wholesale_retail,2019,train,1,0.92466825,1,1,1,0.5,0.5242080092430115,0.5242080092430115,고위험
KOSPI,5320,(주)온타이드,2019,2020,mid_sized,wholesale_retail,2020,train,1,0.9440976,1,1,1,0.5,0.5242080092430115,0.5242080092430115,고위험
KOSPI,5320,(주)온타이드,2021,2022,mid_sized,wholesale_retail,2022,train,1,0.92677915,1,1,1,0.5,0.5242080092430115,0.5242080092430115,고위험
KOSPI,5380,현대자동차(주),2014,2015,large,manufacturing,2015,train,0,0.0023805175,0,0,0,0.5,0.5242080092430115,0.5242080092430115,안정
KOSPI,5380,현대자동차(주),2015,2016,large,manufacturing,2016,train,0,0.003911266,0,0,0,0.5,0.5242080092430115,0.5242080092430115,안정
KOSPI,5380,현대자동차(주),2016,2017,large,manufacturing,2017,train,0,0.003699949,0,0,0,0.5,0.5242080092430115,0.5242080092430115,안정
KOSPI,5380,현대자동차(주),2017,2018,large,manufacturing,2018,train,0,0.0026171058,0,0,0,0.5,0.5242080092430115,0.5242080092430115,안정
KOSPI,5380,현대자동차(주),2018,2019,large,manufacturing,2019,train,0,0.0044654515,0,0,0,0.5,0.5242080092430115,0.5242080092430115,안정
KOSPI,5380,현대자동차(주),2019,2020,large,manufacturing,2020,train,0,0.011622269,0,0,0,0.5,0.5242080092430115,0.5242080092430115,안정
KOSPI,5380,현대자동차(주),2020,2021,large,manufacturing,2021,train,0,0.010119696,0,0,0,0.5,0.5242080092430115,0.5242080092430115,안정
KOSPI,5380,현대자동차(주),2021,2022,large,manufacturing,2022,train,0,0.009471664,0,0,0,0.5,0.5242080092430115,0.5242080092430115,안정
KOSPI,5430,한국공항(주),2014,2015,large,transport_storage,2015,train,0,0.032701645,0,0,0,0.5,0.5242080092430115,0.5242080092430115,안정
KOSPI,5430,한국공항(주),2015,2016,large,transport_storage,2016,train,0,0.009739645,0,0,0,0.5,0.5242080092430115,0.5242080092430115,안정
KOSPI,5430,한국공항(주),2016,2017,large,transport_storage,2017,train,0,0.0012935817,0,0,0,0.5,0.5242080092430115,0.5242080092430115,안정
KOSPI,5430,한국공항(주),2017,2018,large,transport_storage,2018,train,0,0.0008244012,0,0,0,0.5,0.5242080092430115,0.5242080092430115,안정
KOSPI,5430,한국공항(주),2018,2019,large,transport_storage,2019,train,0,0.006498159,0,0,0,0.5,0.5242080092430115,0.5242080092430115,안정
KOSPI,5430,한국공항(주),2019,2020,large,transport_storage,2020,train,0,0.00354589,0,0,0,0.5,0.5242080092430115,0.5242080092430115,안정
KOSPI,5430,한국공항(주),2020,2021,large,transport_storage,2021,train,0,0.055122793,0,0,0,0.5,0.5242080092430115,0.5242080092430115,안정
KOSPI,5430,한국공항(주),2021,2022,large,transport_storage,2022,train,0,0.026134498,0,0,0,0.5,0.5242080092430115,0.5242080092430115,안정
KOSPI,5450,(주)신한,2014,2015,mid_sized,construction,2015,train,1,0.9197975,1,1,1,0.5,0.5242080092430115,0.5242080092430115,고위험
KOSPI,5450,(주)신한,2015,2016,mid_sized,construction,2016,train,1,0.90081644,1,1,1,0.5,0.5242080092430115,0.5242080092430115,고위험
KOSPI,5450,(주)신한,2016,2017,mid_sized,construction,2017,train,0,0.6448431,1,1,1,0.5,0.5242080092430115,0.5242080092430115,관찰
KOSPI,5450,(주)신한,2017,2018,mid_sized,construction,2018,train,1,0.966008,1,1,1,0.5,0.5242080092430115,0.5242080092430115,고위험
KOSPI,5450,(주)신한,2018,2019,small_and_medium,construction,2019,train,1,0.9219251,1,1,1,0.5,0.5242080092430115,0.5242080092430115,고위험
KOSPI,5490,포스코홀딩스(주),2014,2015,large,manufacturing,2015,train,0,0.0021985655,0,0,0,0.5,0.5242080092430115,0.5242080092430115,안정
KOSPI,5490,포스코홀딩스(주),2015,2016,large,manufacturing,2016,train,0,0.0037273264,0,0,0,0.5,0.5242080092430115,0.5242080092430115,안정
KOSPI,5490,포스코홀딩스(주),2016,2017,large,manufacturing,2017,train,0,0.002152189,0,0,0,0.5,0.5242080092430115,0.5242080092430115,안정
KOSPI,5490,포스코홀딩스(주),2017,2018,large,manufacturing,2018,train,0,0.00082866836,0,0,0,0.5,0.5242080092430115,0.5242080092430115,안정
KOSPI,5490,포스코홀딩스(주),2018,2019,large,manufacturing,2019,train,0,0.0011959614,0,0,0,0.5,0.5242080092430115,0.5242080092430115,안정
KOSPI,5490,포스코홀딩스(주),2019,2020,large,manufacturing,2020,train,0,0.0014504187,0,0,0,0.5,0.5242080092430115,0.5242080092430115,안정
KOSPI,5490,포스코홀딩스(주),2020,2021,large,manufacturing,2021,train,0,0.0013965479,0,0,0,0.5,0.5242080092430115,0.5242080092430115,안정
KOSPI,5750,대림바스(주),2015,2016,mid_sized,manufacturing,2016,train,1,0.74915093,1,1,1,0.5,0.5242080092430115,0.5242080092430115,고위험
KOSPI,5750,대림바스(주),2016,2017,mid_sized,manufacturing,2017,train,0,0.3806216,0,0,0,0.5,0.5242080092430115,0.5242080092430115,관찰
KOSPI,5750,대림바스(주),2018,2019,mid_sized,manufacturing,2019,train,0,0.37030894,0,0,0,0.5,0.5242080092430115,0.5242080092430115,관찰
KOSPI,5750,대림바스(주),2019,2020,mid_sized,manufacturing,2020,train,1,0.69976336,1,1,1,0.5,0.5242080092430115,0.5242080092430115,고위험
KOSPI,5750,대림바스(주),2020,2021,mid_sized,manufacturing,2021,train,1,0.73737323,1,1,1,0.5,0.5242080092430115,0.5242080092430115,고위험
KOSPI,5820,(주)원림,2014,2015,small_and_medium,manufacturing,2015,train,1,0.8714377,1,1,1,0.5,0.5242080092430115,0.5242080092430115,고위험
KOSPI,5820,(주)원림,2015,2016,small_and_medium,manufacturing,2016,train,1,0.85132265,1,1,1,0.5,0.5242080092430115,0.5242080092430115,고위험
KOSPI,5820,(주)원림,2016,2017,small_and_medium,manufacturing,2017,train,1,0.80194634,1,1,1,0.5,0.5242080092430115,0.5242080092430115,고위험
KOSPI,5820,(주)원림,2017,2018,small_and_medium,manufacturing,2018,train,1,0.881693,1,1,1,0.5,0.5242080092430115,0.5242080092430115,고위험
KOSPI,5820,(주)원림,2018,2019,small_and_medium,manufacturing,2019,train,1,0.8831101,1,1,1,0.5,0.5242080092430115,0.5242080092430115,고위험
KOSPI,5820,(주)원림,2019,2020,small_and_medium,manufacturing,2020,train,1,0.93168414,1,1,1,0.5,0.5242080092430115,0.5242080092430115,고위험
KOSPI,5820,(주)원림,2020,2021,small_and_medium,manufacturing,2021,train,1,0.9483016,1,1,1,0.5,0.5242080092430115,0.5242080092430115,고위험
KOSPI,5820,(주)원림,2021,2022,small_and_medium,manufacturing,2022,train,1,0.9169669,1,1,1,0.5,0.5242080092430115,0.5242080092430115,고위험
KOSPI,5850,에스엘(주),2019,2020,mid_sized,manufacturing,2020,train,0,0.028514264,0,0,0,0.5,0.5242080092430115,0.5242080092430115,안정
KOSPI,5850,에스엘(주),2020,2021,mid_sized,manufacturing,2021,train,0,0.0033508183,0,0,0,0.5,0.5242080092430115,0.5242080092430115,안정
KOSPI,5850,에스엘(주),2021,2022,mid_sized,manufacturing,2022,train,0,0.0043806476,0,0,0,0.5,0.5242080092430115,0.5242080092430115,안정
KOSPI,5870,(주)휴니드테크놀러지스,2014,2015,small_and_medium,manufacturing,2015,train,0,0.50595146,1,0,0,0.5,0.5242080092430115,0.5242080092430115,관찰
KOSPI,5870,(주)휴니드테크놀러지스,2015,2016,small_and_medium,manufacturing,2016,train,0,0.50595146,1,0,0,0.5,0.5242080092430115,0.5242080092430115,관찰
KOSPI,5870,(주)휴니드테크놀러지스,2016,2017,small_and_medium,manufacturing,2017,train,0,0.50595146,1,0,0,0.5,0.5242080092430115,0.5242080092430115,관찰
KOSPI,5870,(주)휴니드테크놀러지스,2017,2018,small_and_medium,manufacturing,2018,train,0,0.5035619,1,0,0,0.5,0.5242080092430115,0.5242080092430115,관찰
KOSPI,5870,(주)휴니드테크놀러지스,2018,2019,small_and_medium,manufacturing,2019,train,0,0.5035619,1,0,0,0.5,0.5242080092430115,0.5242080092430115,관찰
KOSPI,5870,(주)휴니드테크놀러지스,2019,2020,small_and_medium,manufacturing,2020,train,0,0.5035619,1,0,0,0.5,0.5242080092430115,0.5242080092430115,관찰
KOSPI,5870,(주)휴니드테크놀러지스,2020,2021,small_and_medium,manufacturing,2021,train,0,0.4920468,0,0,0,0.5,0.5242080092430115,0.5242080092430115,관찰
KOSPI,5870,(주)휴니드테크놀러지스,2021,2022,mid_sized,manufacturing,2022,train,0,0.35517493,0,0,0,0.5,0.5242080092430115,0.5242080092430115,관찰
KOSPI,5880,대한해운(주),2016,2017,mid_sized,transport_storage,2017,train,0,0.056830592,0,0,0,0.5,0.5242080092430115,0.5242080092430115,안정
KOSPI,5880,대한해운(주),2020,2021,large,transport_storage,2021,train,0,0.058050223,0,0,0,0.5,0.5242080092430115,0.5242080092430115,안정
KOSPI,5880,대한해운(주),2021,2022,large,transport_storage,2022,train,0,0.011855729,0,0,0,0.5,0.5242080092430115,0.5242080092430115,안정
KOSPI,5950,(주)이수화학,2014,2015,mid_sized,manufacturing,2015,train,0,0.39886215,0,0,0,0.5,0.5242080092430115,0.5242080092430115,관찰
KOSPI,5950,(주)이수화학,2015,2016,mid_sized,manufacturing,2016,train,0,0.23088287,0,0,0,0.5,0.5242080092430115,0.5242080092430115,안정
KOSPI,5950,(주)이수화학,2016,2017,mid_sized,manufacturing,2017,train,0,0.1809562,0,0,0,0.5,0.5242080092430115,0.5242080092430115,안정
KOSPI,5950,(주)이수화학,2017,2018,mid_sized,manufacturing,2018,train,0,0.27476743,0,0,0,0.5,0.5242080092430115,0.5242080092430115,안정
KOSPI,5950,(주)이수화학,2018,2019,mid_sized,manufacturing,2019,train,0,0.13166901,0,0,0,0.5,0.5242080092430115,0.5242080092430115,안정
KOSPI,5950,(주)이수화학,2019,2020,mid_sized,manufacturing,2020,train,0,0.25475046,0,0,0,0.5,0.5242080092430115,0.5242080092430115,안정
KOSPI,5950,(주)이수화학,2020,2021,mid_sized,manufacturing,2021,train,0,0.3951159,0,0,0,0.5,0.5242080092430115,0.5242080092430115,관찰
KOSPI,5950,(주)이수화학,2021,2022,mid_sized,manufacturing,2022,train,0,0.10721762,0,0,0,0.5,0.5242080092430115,0.5242080092430115,안정
KOSPI,5960,동부건설(주),2014,2015,large,construction,2015,train,1,0.97336346,1,1,1,0.5,0.5242080092430115,0.5242080092430115,고위험
KOSPI,5960,동부건설(주),2018,2019,mid_sized,construction,2019,train,0,0.033361666,0,0,0,0.5,0.5242080092430115,0.5242080092430115,안정
KOSPI,5960,동부건설(주),2019,2020,mid_sized,construction,2020,train,0,0.029467562,0,0,0,0.5,0.5242080092430115,0.5242080092430115,안정
KOSPI,5960,동부건설(주),2020,2021,mid_sized,construction,2021,train,0,0.01112974,0,0,0,0.5,0.5242080092430115,0.5242080092430115,안정
KOSPI,5960,동부건설(주),2021,2022,mid_sized,construction,2022,train,0,0.03964981,0,0,0,0.5,0.5242080092430115,0.5242080092430115,안정
KOSPI,6040,동원산업(주),2014,2015,mid_sized,it_services,2015,train,0,0.0050251014,0,0,0,0.5,0.5242080092430115,0.5242080092430115,안정
KOSPI,6040,동원산업(주),2015,2016,mid_sized,it_services,2016,train,0,0.008652179,0,0,0,0.5,0.5242080092430115,0.5242080092430115,안정
KOSPI,6040,동원산업(주),2016,2017,mid_sized,it_services,2017,train,0,0.0034967263,0,0,0,0.5,0.5242080092430115,0.5242080092430115,안정
KOSPI,6040,동원산업(주),2017,2018,mid_sized,it_services,2018,train,0,0.0029578058,0,0,0,0.5,0.5242080092430115,0.5242080092430115,안정
KOSPI,6040,동원산업(주),2018,2019,mid_sized,it_services,2019,train,0,0.0033627667,0,0,0,0.5,0.5242080092430115,0.5242080092430115,안정
KOSPI,6040,동원산업(주),2019,2020,mid_sized,it_services,2020,train,0,0.0055009252,0,0,0,0.5,0.5242080092430115,0.5242080092430115,안정
KOSPI,6040,동원산업(주),2020,2021,mid_sized,it_services,2021,train,0,0.0066062612,0,0,0,0.5,0.5242080092430115,0.5242080092430115,안정
KOSPI,6040,동원산업(주),2021,2022,mid_sized,it_services,2022,train,0,0.0030361372,0,0,0,0.5,0.5242080092430115,0.5242080092430115,안정
KOSPI,6120,에스케이디스커버리(주),2014,2015,large,it_services,2015,train,0,0.0017769886,0,0,0,0.5,0.5242080092430115,0.5242080092430115,안정
KOSPI,6120,에스케이디스커버리(주),2015,2016,large,it_services,2016,train,0,0.0025806674,0,0,0,0.5,0.5242080092430115,0.5242080092430115,안정
KOSPI,6120,에스케이디스커버리(주),2016,2017,large,it_services,2017,train,0,0.0026170039,0,0,0,0.5,0.5242080092430115,0.5242080092430115,안정
KOSPI,6120,에스케이디스커버리(주),2017,2018,large,it_services,2018,train,0,0.0038424237,0,0,0,0.5,0.5242080092430115,0.5242080092430115,안정
KOSPI,6120,에스케이디스커버리(주),2018,2019,large,it_services,2019,train,0,0.0013429826,0,0,0,0.5,0.5242080092430115,0.5242080092430115,안정
KOSPI,6120,에스케이디스커버리(주),2019,2020,large,it_services,2020,train,0,0.005552112,0,0,0,0.5,0.5242080092430115,0.5242080092430115,안정
KOSPI,6120,에스케이디스커버리(주),2020,2021,large,it_services,2021,train,0,0.0037811678,0,0,0,0.5,0.5242080092430115,0.5242080092430115,안정
KOSPI,6120,에스케이디스커버리(주),2021,2022,large,it_services,2022,train,0,0.0058112117,0,0,0,0.5,0.5242080092430115,0.5242080092430115,안정
KOSPI,6280,(주)녹십자,2015,2016,mid_sized,manufacturing,2016,train,0,0.007869064,0,0,0,0.5,0.5242080092430115,0.5242080092430115,안정
KOSPI,6280,(주)녹십자,2016,2017,mid_sized,manufacturing,2017,train,0,0.0021164806,0,0,0,0.5,0.5242080092430115,0.5242080092430115,안정
KOSPI,6280,(주)녹십자,2017,2018,mid_sized,manufacturing,2018,train,0,0.0017555602,0,0,0,0.5,0.5242080092430115,0.5242080092430115,안정
KOSPI,6280,(주)녹십자,2018,2019,mid_sized,manufacturing,2019,train,0,0.00085076544,0,0,0,0.5,0.5242080092430115,0.5242080092430115,안정
KOSPI,6280,(주)녹십자,2019,2020,mid_sized,manufacturing,2020,train,0,0.0049663084,0,0,0,0.5,0.5242080092430115,0.5242080092430115,안정
KOSPI,6280,(주)녹십자,2020,2021,mid_sized,manufacturing,2021,train,0,0.010174588,0,0,0,0.5,0.5242080092430115,0.5242080092430115,안정
KOSPI,6280,(주)녹십자,2021,2022,mid_sized,manufacturing,2022,train,0,0.0036886255,0,0,0,0.5,0.5242080092430115,0.5242080092430115,안정
KOSPI,6360,지에스건설(주),2017,2018,large,construction,2018,train,0,0.023812633,0,0,0,0.5,0.5242080092430115,0.5242080092430115,안정
KOSPI,6360,지에스건설(주),2018,2019,large,construction,2019,train,0,0.01715035,0,0,0,0.5,0.5242080092430115,0.5242080092430115,안정
KOSPI,6360,지에스건설(주),2019,2020,large,construction,2020,train,0,0.0077105323,0,0,0,0.5,0.5242080092430115,0.5242080092430115,안정
KOSPI,6360,지에스건설(주),2020,2021,large,construction,2021,train,0,0.013069808,0,0,0,0.5,0.5242080092430115,0.5242080092430115,안정
KOSPI,6360,지에스건설(주),2021,2022,large,construction,2022,train,0,0.006860018,0,0,0,0.5,0.5242080092430115,0.5242080092430115,안정
KOSPI,6370,(주)대구백화점,2018,2019,mid_sized,wholesale_retail,2019,train,1,0.93600607,1,1,1,0.5,0.5242080092430115,0.5242080092430115,고위험
KOSPI,6370,(주)대구백화점,2019,2020,mid_sized,wholesale_retail,2020,train,1,0.9524906,1,1,1,0.5,0.5242080092430115,0.5242080092430115,고위험
KOSPI,6370,(주)대구백화점,2020,2021,mid_sized,wholesale_retail,2021,train,1,0.95819473,1,1,1,0.5,0.5242080092430115,0.5242080092430115,고위험
KOSPI,6370,(주)대구백화점,2021,2022,mid_sized,wholesale_retail,2022,train,1,0.9309533,1,1,1,0.5,0.5242080092430115,0.5242080092430115,고위험
KOSPI,6400,삼성SDI(주),2014,2015,large,manufacturing,2015,train,0,0.0067852996,0,0,0,0.5,0.5242080092430115,0.5242080092430115,안정
KOSPI,6400,삼성SDI(주),2015,2016,large,manufacturing,2016,train,0,0.005888469,0,0,0,0.5,0.5242080092430115,0.5242080092430115,안정
KOSPI,6400,삼성SDI(주),2016,2017,large,manufacturing,2017,train,0,0.012317975,0,0,0,0.5,0.5242080092430115,0.5242080092430115,안정
KOSPI,6400,삼성SDI(주),2017,2018,large,manufacturing,2018,train,0,0.01296731,0,0,0,0.5,0.5242080092430115,0.5242080092430115,안정
KOSPI,6400,삼성SDI(주),2018,2019,large,manufacturing,2019,train,0,0.0074321213,0,0,0,0.5,0.5242080092430115,0.5242080092430115,안정
KOSPI,6400,삼성SDI(주),2019,2020,large,manufacturing,2020,train,0,0.0038991114,0,0,0,0.5,0.5242080092430115,0.5242080092430115,안정
KOSPI,6400,삼성SDI(주),2020,2021,large,manufacturing,2021,train,0,0.0030831997,0,0,0,0.5,0.5242080092430115,0.5242080092430115,안정
KOSPI,6400,삼성SDI(주),2021,2022,large,manufacturing,2022,train,0,0.004352859,0,0,0,0.5,0.5242080092430115,0.5242080092430115,안정
KOSPI,6490,(주)인스코비,2019,2020,small_and_medium,it_services,2020,train,1,0.95319384,1,1,1,0.5,0.5242080092430115,0.5242080092430115,고위험
KOSPI,6490,(주)인스코비,2020,2021,small_and_medium,it_services,2021,train,1,0.97581553,1,1,1,0.5,0.5242080092430115,0.5242080092430115,고위험
KOSPI,6490,(주)인스코비,2021,2022,small_and_medium,it_services,2022,train,1,0.9415927,1,1,1,0.5,0.5242080092430115,0.5242080092430115,고위험
KOSPI,6650,대한유화(주),2015,2016,mid_sized,manufacturing,2016,train,0,0.0017160468,0,0,0,0.5,0.5242080092430115,0.5242080092430115,안정
KOSPI,6890,태경케미컬(주),2019,2020,mid_sized,manufacturing,2020,train,0,0.03333953,0,0,0,0.5,0.5242080092430115,0.5242080092430115,안정
KOSPI,6890,태경케미컬(주),2020,2021,mid_sized,manufacturing,2021,train,0,0.009674359,0,0,0,0.5,0.5242080092430115,0.5242080092430115,안정
KOSPI,6890,태경케미컬(주),2021,2022,mid_sized,manufacturing,2022,train,0,0.009716796,0,0,0,0.5,0.5242080092430115,0.5242080092430115,안정
KOSPI,7070,(주)지에스리테일,2014,2015,large,wholesale_retail,2015,train,0,0.00039440754,0,0,0,0.5,0.5242080092430115,0.5242080092430115,안정
KOSPI,7070,(주)지에스리테일,2015,2016,large,wholesale_retail,2016,train,0,0.0010792459,0,0,0,0.5,0.5242080092430115,0.5242080092430115,안정
KOSPI,7070,(주)지에스리테일,2016,2017,large,wholesale_retail,2017,train,0,0.00035666398,0,0,0,0.5,0.5242080092430115,0.5242080092430115,안정
KOSPI,7070,(주)지에스리테일,2017,2018,large,wholesale_retail,2018,train,0,0.00073328207,0,0,0,0.5,0.5242080092430115,0.5242080092430115,안정
KOSPI,7070,(주)지에스리테일,2018,2019,large,wholesale_retail,2019,train,0,0.00078767166,0,0,0,0.5,0.5242080092430115,0.5242080092430115,안정
KOSPI,7070,(주)지에스리테일,2019,2020,large,wholesale_retail,2020,train,0,0.0019065302,0,0,0,0.5,0.5242080092430115,0.5242080092430115,안정
KOSPI,7070,(주)지에스리테일,2020,2021,large,wholesale_retail,2021,train,0,0.0018884582,0,0,0,0.5,0.5242080092430115,0.5242080092430115,안정
KOSPI,7070,(주)지에스리테일,2021,2022,large,wholesale_retail,2022,train,0,0.0012103884,0,0,0,0.5,0.5242080092430115,0.5242080092430115,안정
KOSPI,7120,(주)미래아이앤지,2019,2020,small_and_medium,it_services,2020,train,1,0.8294693,1,1,1,0.5,0.5242080092430115,0.5242080092430115,고위험
KOSPI,7120,(주)미래아이앤지,2020,2021,small_and_medium,it_services,2021,train,0,0.21811095,0,0,0,0.5,0.5242080092430115,0.5242080092430115,안정
KOSPI,7120,(주)미래아이앤지,2021,2022,small_and_medium,it_services,2022,train,1,0.7057128,1,1,1,0.5,0.5242080092430115,0.5242080092430115,고위험
KOSPI,7160,사조산업(주),2017,2018,mid_sized,manufacturing,2018,train,0,0.109999664,0,0,0,0.5,0.5242080092430115,0.5242080092430115,안정
KOSPI,7160,사조산업(주),2018,2019,mid_sized,manufacturing,2019,train,0,0.11444727,0,0,0,0.5,0.5242080092430115,0.5242080092430115,안정
KOSPI,7160,사조산업(주),2019,2020,mid_sized,manufacturing,2020,train,0,0.044876695,0,0,0,0.5,0.5242080092430115,0.5242080092430115,안정
KOSPI,7160,사조산업(주),2020,2021,mid_sized,manufacturing,2021,train,0,0.09887608,0,0,0,0.5,0.5242080092430115,0.5242080092430115,안정
KOSPI,7160,사조산업(주),2021,2022,mid_sized,manufacturing,2022,train,0,0.08408796,0,0,0,0.5,0.5242080092430115,0.5242080092430115,안정
KOSPI,7190,한솔아트원제지(주),2014,2015,large,manufacturing,2015,train,0,0.16100164,0,0,0,0.5,0.5242080092430115,0.5242080092430115,안정
KOSPI,7190,한솔아트원제지(주),2015,2016,large,manufacturing,2016,train,0,0.16100164,0,0,0,0.5,0.5242080092430115,0.5242080092430115,안정
KOSPI,7310,(주)오뚜기,2014,2015,mid_sized,manufacturing,2015,train,0,0.004086197,0,0,0,0.5,0.5242080092430115,0.5242080092430115,안정
KOSPI,7310,(주)오뚜기,2015,2016,mid_sized,manufacturing,2016,train,0,0.0023713615,0,0,0,0.5,0.5242080092430115,0.5242080092430115,안정
KOSPI,7310,(주)오뚜기,2016,2017,mid_sized,manufacturing,2017,train,0,0.0027331496,0,0,0,0.5,0.5242080092430115,0.5242080092430115,안정
KOSPI,7310,(주)오뚜기,2017,2018,mid_sized,manufacturing,2018,train,0,0.0012306466,0,0,0,0.5,0.5242080092430115,0.5242080092430115,안정
KOSPI,7980,티피(주),2018,2019,mid_sized,manufacturing,2019,train,1,0.76021016,1,1,1,0.5,0.5242080092430115,0.5242080092430115,고위험
KOSPI,7980,티피(주),2019,2020,mid_sized,manufacturing,2020,train,1,0.7268446,1,1,1,0.5,0.5242080092430115,0.5242080092430115,고위험
KOSPI,7980,티피(주),2020,2021,mid_sized,manufacturing,2021,train,1,0.89049804,1,1,1,0.5,0.5242080092430115,0.5242080092430115,고위험
KOSPI,7980,티피(주),2021,2022,mid_sized,manufacturing,2022,train,1,0.877801,1,1,1,0.5,0.5242080092430115,0.5242080092430115,고위험
KOSPI,8040,사조동아원(주),2014,2015,mid_sized,manufacturing,2015,train,1,0.941378,1,1,1,0.5,0.5242080092430115,0.5242080092430115,고위험
KOSPI,8040,사조동아원(주),2016,2017,mid_sized,manufacturing,2017,train,0,0.61925805,1,1,1,0.5,0.5242080092430115,0.5242080092430115,관찰
KOSPI,8040,사조동아원(주),2017,2018,mid_sized,manufacturing,2018,train,0,0.6453529,1,1,1,0.5,0.5242080092430115,0.5242080092430115,관찰
KOSPI,8040,사조동아원(주),2020,2021,mid_sized,manufacturing,2021,train,0,0.7381583,1,1,1,0.5,0.5242080092430115,0.5242080092430115,고위험
KOSPI,8350,(주)남선알미늄,2021,2022,large,manufacturing,2022,train,1,0.79730296,1,1,1,0.5,0.5242080092430115,0.5242080092430115,고위험
KOSPI,8490,(주)서흥,2015,2016,mid_sized,manufacturing,2016,train,0,0.052711677,0,0,0,0.5,0.5242080092430115,0.5242080092430115,안정
KOSPI,8490,(주)서흥,2016,2017,mid_sized,manufacturing,2017,train,0,0.03320183,0,0,0,0.5,0.5242080092430115,0.5242080092430115,안정
KOSPI,8490,(주)서흥,2017,2018,mid_sized,manufacturing,2018,train,0,0.045366332,0,0,0,0.5,0.5242080092430115,0.5242080092430115,안정
KOSPI,8730,율촌화학(주),2018,2019,mid_sized,manufacturing,2019,train,0,0.05059757,0,0,0,0.5,0.5242080092430115,0.5242080092430115,안정
KOSPI,8730,율촌화학(주),2019,2020,mid_sized,manufacturing,2020,train,0,0.0077021644,0,0,0,0.5,0.5242080092430115,0.5242080092430115,안정
KOSPI,8730,율촌화학(주),2020,2021,mid_sized,manufacturing,2021,train,0,0.0064720814,0,0,0,0.5,0.5242080092430115,0.5242080092430115,안정
KOSPI,8730,율촌화학(주),2021,2022,mid_sized,manufacturing,2022,train,0,0.024657967,0,0,0,0.5,0.5242080092430115,0.5242080092430115,안정
KOSPI,8770,(주)호텔신라,2014,2015,large,wholesale_retail,2015,train,0,0.0021077322,0,0,0,0.5,0.5242080092430115,0.5242080092430115,안정
KOSPI,8770,(주)호텔신라,2015,2016,large,wholesale_retail,2016,train,0,0.0014662001,0,0,0,0.5,0.5242080092430115,0.5242080092430115,안정
KOSPI,8770,(주)호텔신라,2016,2017,large,wholesale_retail,2017,train,0,0.0016279388,0,0,0,0.5,0.5242080092430115,0.5242080092430115,안정
KOSPI,8770,(주)호텔신라,2017,2018,large,wholesale_retail,2018,train,0,0.0019375908,0,0,0,0.5,0.5242080092430115,0.5242080092430115,안정
KOSPI,8770,(주)호텔신라,2018,2019,large,wholesale_retail,2019,train,0,0.0019959793,0,0,0,0.5,0.5242080092430115,0.5242080092430115,안정
KOSPI,8770,(주)호텔신라,2019,2020,large,wholesale_retail,2020,train,0,0.0032546641,0,0,0,0.5,0.5242080092430115,0.5242080092430115,안정
KOSPI,8770,(주)호텔신라,2020,2021,large,wholesale_retail,2021,train,0,0.0773412,0,0,0,0.5,0.5242080092430115,0.5242080092430115,안정
KOSPI,8770,(주)호텔신라,2021,2022,large,wholesale_retail,2022,train,0,0.0027784666,0,0,0,0.5,0.5242080092430115,0.5242080092430115,안정
KOSPI,9180,한솔로지스틱스(주),2014,2015,large,transport_storage,2015,train,0,0.023647033,0,0,0,0.5,0.5242080092430115,0.5242080092430115,안정
KOSPI,9200,무림페이퍼(주),2014,2015,mid_sized,manufacturing,2015,train,0,0.16102444,0,0,0,0.5,0.5242080092430115,0.5242080092430115,안정
KOSPI,9200,무림페이퍼(주),2015,2016,mid_sized,manufacturing,2016,train,0,0.16356243,0,0,0,0.5,0.5242080092430115,0.5242080092430115,안정
KOSPI,9200,무림페이퍼(주),2016,2017,mid_sized,manufacturing,2017,train,0,0.12364041,0,0,0,0.5,0.5242080092430115,0.5242080092430115,안정
KOSPI,9200,무림페이퍼(주),2017,2018,mid_sized,manufacturing,2018,train,0,0.21286349,0,0,0,0.5,0.5242080092430115,0.5242080092430115,안정
KOSPI,9200,무림페이퍼(주),2018,2019,mid_sized,manufacturing,2019,train,0,0.37686455,0,0,0,0.5,0.5242080092430115,0.5242080092430115,관찰
KOSPI,9200,무림페이퍼(주),2019,2020,mid_sized,manufacturing,2020,train,0,0.17754297,0,0,0,0.5,0.5242080092430115,0.5242080092430115,안정
KOSPI,9200,무림페이퍼(주),2020,2021,mid_sized,manufacturing,2021,train,0,0.24661043,0,0,0,0.5,0.5242080092430115,0.5242080092430115,안정
KOSPI,9200,무림페이퍼(주),2021,2022,mid_sized,manufacturing,2022,train,0,0.32528695,0,0,0,0.5,0.5242080092430115,0.5242080092430115,안정
KOSPI,9240,(주)한샘,2018,2019,mid_sized,wholesale_retail,2019,train,0,0.005338301,0,0,0,0.5,0.5242080092430115,0.5242080092430115,안정
KOSPI,9270,(주)신원,2014,2015,mid_sized,manufacturing,2015,train,0,0.20061019,0,0,0,0.5,0.5242080092430115,0.5242080092430115,안정
KOSPI,9270,(주)신원,2015,2016,mid_sized,manufacturing,2016,train,0,0.14449257,0,0,0,0.5,0.5242080092430115,0.5242080092430115,안정
KOSPI,9270,(주)신원,2016,2017,mid_sized,manufacturing,2017,train,0,0.10895561,0,0,0,0.5,0.5242080092430115,0.5242080092430115,안정
KOSPI,9270,(주)신원,2017,2018,mid_sized,manufacturing,2018,train,0,0.316873,0,0,0,0.5,0.5242080092430115,0.5242080092430115,안정
KOSPI,9270,(주)신원,2018,2019,mid_sized,manufacturing,2019,train,0,0.24085836,0,0,0,0.5,0.5242080092430115,0.5242080092430115,안정
KOSPI,9270,(주)신원,2019,2020,mid_sized,manufacturing,2020,train,0,0.13300592,0,0,0,0.5,0.5242080092430115,0.5242080092430115,안정
KOSPI,9270,(주)신원,2020,2021,mid_sized,manufacturing,2021,train,0,0.15047212,0,0,0,0.5,0.5242080092430115,0.5242080092430115,안정
KOSPI,9270,(주)신원,2021,2022,mid_sized,manufacturing,2022,train,0,0.14487623,0,0,0,0.5,0.5242080092430115,0.5242080092430115,안정
KOSPI,9290,광동제약(주),2014,2015,mid_sized,manufacturing,2015,train,0,0.037257094,0,0,0,0.5,0.5242080092430115,0.5242080092430115,안정
KOSPI,9290,광동제약(주),2016,2017,mid_sized,manufacturing,2017,train,0,0.031775277,0,0,0,0.5,0.5242080092430115,0.5242080092430115,안정
KOSPI,9290,광동제약(주),2017,2018,mid_sized,manufacturing,2018,train,0,0.038760155,0,0,0,0.5,0.5242080092430115,0.5242080092430115,안정
KOSPI,9290,광동제약(주),2018,2019,mid_sized,manufacturing,2019,train,0,0.029524993,0,0,0,0.5,0.5242080092430115,0.5242080092430115,안정
KOSPI,9290,광동제약(주),2019,2020,mid_sized,manufacturing,2020,train,0,0.02550348,0,0,0,0.5,0.5242080092430115,0.5242080092430115,안정
KOSPI,9290,광동제약(주),2020,2021,mid_sized,manufacturing,2021,train,0,0.035414625,0,0,0,0.5,0.5242080092430115,0.5242080092430115,안정
KOSPI,9290,광동제약(주),2021,2022,mid_sized,manufacturing,2022,train,0,0.015669215,0,0,0,0.5,0.5242080092430115,0.5242080092430115,안정
KOSPI,9310,참엔지니어링(주),2014,2015,mid_sized,manufacturing,2015,train,1,0.9462963,1,1,1,0.5,0.5242080092430115,0.5242080092430115,고위험
KOSPI,9310,참엔지니어링(주),2015,2016,small_and_medium,manufacturing,2016,train,1,0.98098147,1,1,1,0.5,0.5242080092430115,0.5242080092430115,고위험
KOSPI,9310,참엔지니어링(주),2016,2017,small_and_medium,manufacturing,2017,train,1,0.9601222,1,1,1,0.5,0.5242080092430115,0.5242080092430115,고위험
KOSPI,9310,참엔지니어링(주),2017,2018,small_and_medium,manufacturing,2018,train,1,0.89923286,1,1,1,0.5,0.5242080092430115,0.5242080092430115,고위험
KOSPI,9310,참엔지니어링(주),2018,2019,small_and_medium,manufacturing,2019,train,1,0.94725704,1,1,1,0.5,0.5242080092430115,0.5242080092430115,고위험
KOSPI,9310,참엔지니어링(주),2019,2020,mid_sized,manufacturing,2020,train,1,0.9815369,1,1,1,0.5,0.5242080092430115,0.5242080092430115,고위험
KOSPI,9310,참엔지니어링(주),2020,2021,mid_sized,manufacturing,2021,train,1,0.9391546,1,1,1,0.5,0.5242080092430115,0.5242080092430115,고위험
KOSPI,9310,참엔지니어링(주),2021,2022,mid_sized,manufacturing,2022,train,1,0.97592807,1,1,1,0.5,0.5242080092430115,0.5242080092430115,고위험
KOSPI,9320,아진전자부품(주),2014,2015,small_and_medium,manufacturing,2015,train,1,0.9809014,1,1,1,0.5,0.5242080092430115,0.5242080092430115,고위험
KOSPI,9320,아진전자부품(주),2015,2016,small_and_medium,manufacturing,2016,train,1,0.97575957,1,1,1,0.5,0.5242080092430115,0.5242080092430115,고위험
KOSPI,9320,아진전자부품(주),2016,2017,small_and_medium,manufacturing,2017,train,1,0.9595181,1,1,1,0.5,0.5242080092430115,0.5242080092430115,고위험
KOSPI,9320,아진전자부품(주),2017,2018,small_and_medium,manufacturing,2018,train,1,0.92141277,1,1,1,0.5,0.5242080092430115,0.5242080092430115,고위험
KOSPI,9320,아진전자부품(주),2018,2019,small_and_medium,manufacturing,2019,train,1,0.91405994,1,1,1,0.5,0.5242080092430115,0.5242080092430115,고위험
KOSPI,9320,아진전자부품(주),2019,2020,small_and_medium,manufacturing,2020,train,1,0.7827813,1,1,1,0.5,0.5242080092430115,0.5242080092430115,고위험
KOSPI,9320,아진전자부품(주),2020,2021,small_and_medium,manufacturing,2021,train,1,0.78606945,1,1,1,0.5,0.5242080092430115,0.5242080092430115,고위험
KOSPI,9320,아진전자부품(주),2021,2022,small_and_medium,manufacturing,2022,train,1,0.78606945,1,1,1,0.5,0.5242080092430115,0.5242080092430115,고위험
KOSPI,9410,(주)태영건설,2014,2015,large,construction,2015,train,0,0.013155355,0,0,0,0.5,0.5242080092430115,0.5242080092430115,안정
KOSPI,9410,(주)태영건설,2015,2016,large,construction,2016,train,0,0.0047229887,0,0,0,0.5,0.5242080092430115,0.5242080092430115,안정
KOSPI,9410,(주)태영건설,2016,2017,mid_sized,construction,2017,train,0,0.024165003,0,0,0,0.5,0.5242080092430115,0.5242080092430115,안정
KOSPI,9410,(주)태영건설,2017,2018,mid_sized,construction,2018,train,0,0.025125183,0,0,0,0.5,0.5242080092430115,0.5242080092430115,안정
KOSPI,9410,(주)태영건설,2018,2019,mid_sized,construction,2019,train,0,0.010316063,0,0,0,0.5,0.5242080092430115,0.5242080092430115,안정
KOSPI,9410,(주)태영건설,2019,2020,mid_sized,construction,2020,train,0,0.01534074,0,0,0,0.5,0.5242080092430115,0.5242080092430115,안정
KOSPI,9410,(주)태영건설,2020,2021,mid_sized,construction,2021,train,0,0.010879639,0,0,0,0.5,0.5242080092430115,0.5242080092430115,안정
KOSPI,9410,(주)태영건설,2021,2022,large,construction,2022,train,0,0.024117563,0,0,0,0.5,0.5242080092430115,0.5242080092430115,안정
KOSPI,9450,(주)경동나비엔,2014,2015,mid_sized,manufacturing,2015,train,0,0.27268857,0,0,0,0.5,0.5242080092430115,0.5242080092430115,안정
KOSPI,9450,(주)경동나비엔,2015,2016,mid_sized,manufacturing,2016,train,0,0.036518008,0,0,0,0.5,0.5242080092430115,0.5242080092430115,안정
KOSPI,9450,(주)경동나비엔,2016,2017,mid_sized,manufacturing,2017,train,0,0.01415994,0,0,0,0.5,0.5242080092430115,0.5242080092430115,안정
KOSPI,9450,(주)경동나비엔,2017,2018,mid_sized,manufacturing,2018,train,0,0.022671022,0,0,0,0.5,0.5242080092430115,0.5242080092430115,안정
KOSPI,9450,(주)경동나비엔,2018,2019,mid_sized,manufacturing,2019,train,0,0.05284325,0,0,0,0.5,0.5242080092430115,0.5242080092430115,안정
KOSPI,9450,(주)경동나비엔,2019,2020,mid_sized,manufacturing,2020,train,0,0.012186301,0,0,0,0.5,0.5242080092430115,0.5242080092430115,안정
KOSPI,9450,(주)경동나비엔,2020,2021,mid_sized,manufacturing,2021,train,0,0.014986481,0,0,0,0.5,0.5242080092430115,0.5242080092430115,안정
KOSPI,9450,(주)경동나비엔,2021,2022,mid_sized,manufacturing,2022,train,0,0.005759747,0,0,0,0.5,0.5242080092430115,0.5242080092430115,안정
KOSPI,9540,에이치디한국조선해양(주),2014,2015,large,it_services,2015,train,0,0.02805655,0,0,0,0.5,0.5242080092430115,0.5242080092430115,안정
KOSPI,9540,에이치디한국조선해양(주),2015,2016,large,it_services,2016,train,0,0.008363898,0,0,0,0.5,0.5242080092430115,0.5242080092430115,안정
KOSPI,9540,에이치디한국조선해양(주),2016,2017,large,it_services,2017,train,0,0.009056633,0,0,0,0.5,0.5242080092430115,0.5242080092430115,안정
KOSPI,9540,에이치디한국조선해양(주),2017,2018,large,it_services,2018,train,0,0.014492529,0,0,0,0.5,0.5242080092430115,0.5242080092430115,안정
KOSPI,9540,에이치디한국조선해양(주),2018,2019,large,it_services,2019,train,0,0.0090133855,0,0,0,0.5,0.5242080092430115,0.5242080092430115,안정
KOSPI,9580,무림피앤피(주),2014,2015,mid_sized,manufacturing,2015,train,0,0.030636644,0,0,0,0.5,0.5242080092430115,0.5242080092430115,안정
KOSPI,9580,무림피앤피(주),2015,2016,mid_sized,manufacturing,2016,train,0,0.06674107,0,0,0,0.5,0.5242080092430115,0.5242080092430115,안정
KOSPI,9580,무림피앤피(주),2016,2017,mid_sized,manufacturing,2017,train,0,0.043988127,0,0,0,0.5,0.5242080092430115,0.5242080092430115,안정
KOSPI,9580,무림피앤피(주),2017,2018,mid_sized,manufacturing,2018,train,0,0.028158566,0,0,0,0.5,0.5242080092430115,0.5242080092430115,안정
KOSPI,9580,무림피앤피(주),2018,2019,mid_sized,manufacturing,2019,train,0,0.033100046,0,0,0,0.5,0.5242080092430115,0.5242080092430115,안정
KOSPI,9580,무림피앤피(주),2019,2020,mid_sized,manufacturing,2020,train,0,0.05813901,0,0,0,0.5,0.5242080092430115,0.5242080092430115,안정
KOSPI,9580,무림피앤피(주),2020,2021,mid_sized,manufacturing,2021,train,0,0.08887392,0,0,0,0.5,0.5242080092430115,0.5242080092430115,안정
KOSPI,9580,무림피앤피(주),2021,2022,mid_sized,manufacturing,2022,train,0,0.1438449,0,0,0,0.5,0.5242080092430115,0.5242080092430115,안정
KOSPI,9680,(주)모토닉,2016,2017,mid_sized,manufacturing,2017,train,0,0.014039297,0,0,0,0.5,0.5242080092430115,0.5242080092430115,안정
KOSPI,9680,(주)모토닉,2017,2018,mid_sized,manufacturing,2018,train,0,0.004301213,0,0,0,0.5,0.5242080092430115,0.5242080092430115,안정
KOSPI,9680,(주)모토닉,2018,2019,mid_sized,manufacturing,2019,train,0,0.0065262048,0,0,0,0.5,0.5242080092430115,0.5242080092430115,안정
KOSPI,9830,한화솔루션(주),2014,2015,large,manufacturing,2015,train,0,0.006564199,0,0,0,0.5,0.5242080092430115,0.5242080092430115,안정
KOSPI,9830,한화솔루션(주),2015,2016,large,manufacturing,2016,train,0,0.013577737,0,0,0,0.5,0.5242080092430115,0.5242080092430115,안정
KOSPI,9830,한화솔루션(주),2016,2017,large,manufacturing,2017,train,0,0.012816683,0,0,0,0.5,0.5242080092430115,0.5242080092430115,안정
KOSPI,9830,한화솔루션(주),2017,2018,large,manufacturing,2018,train,0,0.006348916,0,0,0,0.5,0.5242080092430115,0.5242080092430115,안정
KOSPI,9830,한화솔루션(주),2018,2019,large,manufacturing,2019,train,0,0.009551827,0,0,0,0.5,0.5242080092430115,0.5242080092430115,안정
KOSPI,9830,한화솔루션(주),2019,2020,large,manufacturing,2020,train,0,0.012350901,0,0,0,0.5,0.5242080092430115,0.5242080092430115,안정
KOSPI,9830,한화솔루션(주),2020,2021,large,manufacturing,2021,train,0,0.017338766,0,0,0,0.5,0.5242080092430115,0.5242080092430115,안정
KOSPI,9830,한화솔루션(주),2021,2022,large,manufacturing,2022,train,0,0.016396748,0,0,0,0.5,0.5242080092430115,0.5242080092430115,안정
KOSPI,9900,명신산업(주),2020,2021,mid_sized,manufacturing,2021,train,1,0.89343816,1,1,1,0.5,0.5242080092430115,0.5242080092430115,고위험
KOSPI,9900,명신산업(주),2021,2022,mid_sized,manufacturing,2022,train,1,0.875345,1,1,1,0.5,0.5242080092430115,0.5242080092430115,고위험
KOSPI,10100,한국무브넥스(주),2019,2020,mid_sized,manufacturing,2020,train,0,0.3007103,0,0,0,0.5,0.5242080092430115,0.5242080092430115,안정
KOSPI,10120,LS일렉트릭(주),2014,2015,large,manufacturing,2015,train,0,0.0017510618,0,0,0,0.5,0.5242080092430115,0.5242080092430115,안정
KOSPI,10120,LS일렉트릭(주),2015,2016,large,manufacturing,2016,train,0,0.0012231213,0,0,0,0.5,0.5242080092430115,0.5242080092430115,안정
KOSPI,10120,LS일렉트릭(주),2016,2017,large,manufacturing,2017,train,0,0.0010106927,0,0,0,0.5,0.5242080092430115,0.5242080092430115,안정
KOSPI,10120,LS일렉트릭(주),2017,2018,large,manufacturing,2018,train,0,0.0009941468,0,0,0,0.5,0.5242080092430115,0.5242080092430115,안정
KOSPI,10120,LS일렉트릭(주),2018,2019,large,manufacturing,2019,train,0,0.00078310847,0,0,0,0.5,0.5242080092430115,0.5242080092430115,안정
KOSPI,10120,LS일렉트릭(주),2019,2020,large,manufacturing,2020,train,0,0.0007035207,0,0,0,0.5,0.5242080092430115,0.5242080092430115,안정
KOSPI,10120,LS일렉트릭(주),2020,2021,large,manufacturing,2021,train,0,0.0019882973,0,0,0,0.5,0.5242080092430115,0.5242080092430115,안정
KOSPI,10120,LS일렉트릭(주),2021,2022,large,manufacturing,2022,train,0,0.0014088409,0,0,0,0.5,0.5242080092430115,0.5242080092430115,안정
KOSPI,10140,삼성중공업(주),2021,2022,large,manufacturing,2022,train,0,0.25458965,0,0,0,0.5,0.5242080092430115,0.5242080092430115,안정
KOSPI,10620,에이치디현대미포(주),2014,2015,large,manufacturing,2015,train,0,0.06582866,0,0,0,0.5,0.5242080092430115,0.5242080092430115,안정
KOSPI,10620,에이치디현대미포(주),2015,2016,large,manufacturing,2016,train,0,0.06742826,0,0,0,0.5,0.5242080092430115,0.5242080092430115,안정
KOSPI,10620,에이치디현대미포(주),2016,2017,large,manufacturing,2017,train,0,0.029833967,0,0,0,0.5,0.5242080092430115,0.5242080092430115,안정
KOSPI,10690,(주)화신,2014,2015,mid_sized,manufacturing,2015,train,0,0.035055563,0,0,0,0.5,0.5242080092430115,0.5242080092430115,안정
KOSPI,10690,(주)화신,2015,2016,mid_sized,manufacturing,2016,train,0,0.02940046,0,0,0,0.5,0.5242080092430115,0.5242080092430115,안정
KOSPI,10690,(주)화신,2016,2017,mid_sized,manufacturing,2017,train,0,0.032966692,0,0,0,0.5,0.5242080092430115,0.5242080092430115,안정
KOSPI,10690,(주)화신,2017,2018,mid_sized,manufacturing,2018,train,0,0.030384574,0,0,0,0.5,0.5242080092430115,0.5242080092430115,안정
KOSPI,10690,(주)화신,2018,2019,mid_sized,manufacturing,2019,train,0,0.13884392,0,0,0,0.5,0.5242080092430115,0.5242080092430115,안정
KOSPI,10690,(주)화신,2019,2020,mid_sized,manufacturing,2020,train,0,0.06679113,0,0,0,0.5,0.5242080092430115,0.5242080092430115,안정
KOSPI,10690,(주)화신,2020,2021,mid_sized,manufacturing,2021,train,0,0.13206978,0,0,0,0.5,0.5242080092430115,0.5242080092430115,안정
KOSPI,10690,(주)화신,2021,2022,mid_sized,manufacturing,2022,train,0,0.1811837,0,0,0,0.5,0.5242080092430115,0.5242080092430115,안정
KOSPI,10780,아이에스동서(주),2014,2015,mid_sized,manufacturing,2015,train,0,0.07646088,0,0,0,0.5,0.5242080092430115,0.5242080092430115,안정
KOSPI,10780,아이에스동서(주),2015,2016,mid_sized,manufacturing,2016,train,0,0.058508206,0,0,0,0.5,0.5242080092430115,0.5242080092430115,안정
KOSPI,10780,아이에스동서(주),2016,2017,mid_sized,manufacturing,2017,train,0,0.008554176,0,0,0,0.5,0.5242080092430115,0.5242080092430115,안정
KOSPI,10780,아이에스동서(주),2017,2018,mid_sized,manufacturing,2018,train,0,0.026909651,0,0,0,0.5,0.5242080092430115,0.5242080092430115,안정
KOSPI,10780,아이에스동서(주),2018,2019,mid_sized,manufacturing,2019,train,0,0.010398751,0,0,0,0.5,0.5242080092430115,0.5242080092430115,안정
KOSPI,10780,아이에스동서(주),2019,2020,mid_sized,manufacturing,2020,train,0,0.010540479,0,0,0,0.5,0.5242080092430115,0.5242080092430115,안정
KOSPI,10780,아이에스동서(주),2020,2021,mid_sized,manufacturing,2021,train,0,0.019131243,0,0,0,0.5,0.5242080092430115,0.5242080092430115,안정
KOSPI,10780,아이에스동서(주),2021,2022,mid_sized,manufacturing,2022,train,0,0.011553645,0,0,0,0.5,0.5242080092430115,0.5242080092430115,안정
KOSPI,10950,에쓰-오일(주),2014,2015,large,manufacturing,2015,train,0,0.0010888085,0,0,0,0.5,0.5242080092430115,0.5242080092430115,안정
KOSPI,10950,에쓰-오일(주),2015,2016,large,manufacturing,2016,train,0,0.0014079048,0,0,0,0.5,0.5242080092430115,0.5242080092430115,안정
KOSPI,10950,에쓰-오일(주),2016,2017,large,manufacturing,2017,train,0,0.0018950748,0,0,0,0.5,0.5242080092430115,0.5242080092430115,안정
KOSPI,10950,에쓰-오일(주),2017,2018,large,manufacturing,2018,train,0,0.00457203,0,0,0,0.5,0.5242080092430115,0.5242080092430115,안정
KOSPI,10950,에쓰-오일(주),2018,2019,large,manufacturing,2019,train,0,0.0072751963,0,0,0,0.5,0.5242080092430115,0.5242080092430115,안정
KOSPI,10950,에쓰-오일(주),2019,2020,large,manufacturing,2020,train,0,0.007883861,0,0,0,0.5,0.5242080092430115,0.5242080092430115,안정
KOSPI,10950,에쓰-오일(주),2020,2021,large,manufacturing,2021,train,0,0.06507271,0,0,0,0.5,0.5242080092430115,0.5242080092430115,안정
KOSPI,10950,에쓰-오일(주),2021,2022,large,manufacturing,2022,train,0,0.017826283,0,0,0,0.5,0.5242080092430115,0.5242080092430115,안정
KOSPI,11070,엘지이노텍(주),2014,2015,large,manufacturing,2015,train,0,0.003946494,0,0,0,0.5,0.5242080092430115,0.5242080092430115,안정
KOSPI,11070,엘지이노텍(주),2015,2016,large,manufacturing,2016,train,0,0.000379901,0,0,0,0.5,0.5242080092430115,0.5242080092430115,안정
KOSPI,11070,엘지이노텍(주),2016,2017,large,manufacturing,2017,train,0,0.00086554745,0,0,0,0.5,0.5242080092430115,0.5242080092430115,안정
KOSPI,11070,엘지이노텍(주),2017,2018,large,manufacturing,2018,train,0,0.003164828,0,0,0,0.5,0.5242080092430115,0.5242080092430115,안정
KOSPI,11070,엘지이노텍(주),2018,2019,large,manufacturing,2019,train,0,0.0019039724,0,0,0,0.5,0.5242080092430115,0.5242080092430115,안정
KOSPI,11070,엘지이노텍(주),2019,2020,large,manufacturing,2020,train,0,0.0031072043,0,0,0,0.5,0.5242080092430115,0.5242080092430115,안정
KOSPI,11070,엘지이노텍(주),2020,2021,large,manufacturing,2021,train,0,0.0053421054,0,0,0,0.5,0.5242080092430115,0.5242080092430115,안정
KOSPI,11070,엘지이노텍(주),2021,2022,large,manufacturing,2022,train,0,0.0011509527,0,0,0,0.5,0.5242080092430115,0.5242080092430115,안정
KOSPI,11150,씨제이씨푸드(주),2019,2020,large,manufacturing,2020,train,0,0.124085285,0,0,0,0.5,0.5242080092430115,0.5242080092430115,안정
KOSPI,11150,씨제이씨푸드(주),2020,2021,large,manufacturing,2021,train,0,0.12947209,0,0,0,0.5,0.5242080092430115,0.5242080092430115,안정
KOSPI,11150,씨제이씨푸드(주),2021,2022,large,manufacturing,2022,train,0,0.12947209,0,0,0,0.5,0.5242080092430115,0.5242080092430115,안정
KOSPI,11160,두산건설(주),2014,2015,large,construction,2015,train,0,0.05732355,0,0,0,0.5,0.5242080092430115,0.5242080092430115,안정
KOSPI,11160,두산건설(주),2015,2016,large,construction,2016,train,1,0.816394,1,1,1,0.5,0.5242080092430115,0.5242080092430115,고위험
KOSPI,11160,두산건설(주),2016,2017,large,construction,2017,train,1,0.8556979,1,1,1,0.5,0.5242080092430115,0.5242080092430115,고위험
KOSPI,11160,두산건설(주),2017,2018,large,construction,2018,train,1,0.8209008,1,1,1,0.5,0.5242080092430115,0.5242080092430115,고위험
KOSPI,11160,두산건설(주),2018,2019,large,construction,2019,train,1,0.9339787,1,1,1,0.5,0.5242080092430115,0.5242080092430115,고위험
KOSPI,11170,롯데케미칼(주),2014,2015,large,manufacturing,2015,train,0,0.0016783751,0,0,0,0.5,0.5242080092430115,0.5242080092430115,안정
KOSPI,11170,롯데케미칼(주),2015,2016,large,manufacturing,2016,train,0,0.0016246723,0,0,0,0.5,0.5242080092430115,0.5242080092430115,안정
KOSPI,11170,롯데케미칼(주),2016,2017,large,manufacturing,2017,train,0,0.0011955667,0,0,0,0.5,0.5242080092430115,0.5242080092430115,안정
KOSPI,11170,롯데케미칼(주),2017,2018,large,manufacturing,2018,train,0,0.00080151216,0,0,0,0.5,0.5242080092430115,0.5242080092430115,안정
KOSPI,11170,롯데케미칼(주),2018,2019,large,manufacturing,2019,train,0,0.0006243444,0,0,0,0.5,0.5242080092430115,0.5242080092430115,안정
KOSPI,11170,롯데케미칼(주),2019,2020,large,manufacturing,2020,train,0,0.00031195278,0,0,0,0.5,0.5242080092430115,0.5242080092430115,안정
KOSPI,11170,롯데케미칼(주),2020,2021,large,manufacturing,2021,train,0,0.00064075284,0,0,0,0.5,0.5242080092430115,0.5242080092430115,안정
KOSPI,11170,롯데케미칼(주),2021,2022,large,manufacturing,2022,train,0,0.0015949385,0,0,0,0.5,0.5242080092430115,0.5242080092430115,안정
KOSPI,11200,에이치엠엠(주),2014,2015,large,transport_storage,2015,train,1,0.93134326,1,1,1,0.5,0.5242080092430115,0.5242080092430115,고위험
KOSPI,11200,에이치엠엠(주),2015,2016,large,transport_storage,2016,train,1,0.96787316,1,1,1,0.5,0.5242080092430115,0.5242080092430115,고위험
KOSPI,11200,에이치엠엠(주),2016,2017,mid_sized,transport_storage,2017,train,1,0.88794124,1,1,1,0.5,0.5242080092430115,0.5242080092430115,고위험
KOSPI,11200,에이치엠엠(주),2017,2018,mid_sized,transport_storage,2018,train,1,0.9510901,1,1,1,0.5,0.5242080092430115,0.5242080092430115,고위험
KOSPI,11200,에이치엠엠(주),2019,2020,mid_sized,transport_storage,2020,train,1,0.9633419,1,1,1,0.5,0.5242080092430115,0.5242080092430115,고위험
KOSPI,11200,에이치엠엠(주),2020,2021,mid_sized,transport_storage,2021,train,0,0.057559162,0,0,0,0.5,0.5242080092430115,0.5242080092430115,안정
KOSPI,11200,에이치엠엠(주),2021,2022,large,transport_storage,2022,train,0,0.018548409,0,0,0,0.5,0.5242080092430115,0.5242080092430115,안정
KOSPI,11210,현대위아(주),2014,2015,large,manufacturing,2015,train,0,0.0010850121,0,0,0,0.5,0.5242080092430115,0.5242080092430115,안정
KOSPI,11210,현대위아(주),2015,2016,large,manufacturing,2016,train,0,0.0010427068,0,0,0,0.5,0.5242080092430115,0.5242080092430115,안정
KOSPI,11210,현대위아(주),2016,2017,large,manufacturing,2017,train,0,0.001266673,0,0,0,0.5,0.5242080092430115,0.5242080092430115,안정
KOSPI,11210,현대위아(주),2017,2018,large,manufacturing,2018,train,0,0.00103952,0,0,0,0.5,0.5242080092430115,0.5242080092430115,안정
KOSPI,11210,현대위아(주),2018,2019,large,manufacturing,2019,train,0,0.0033043267,0,0,0,0.5,0.5242080092430115,0.5242080092430115,안정
KOSPI,11210,현대위아(주),2019,2020,large,manufacturing,2020,train,0,0.001475695,0,0,0,0.5,0.5242080092430115,0.5242080092430115,안정
KOSPI,11210,현대위아(주),2020,2021,large,manufacturing,2021,train,0,0.0030747207,0,0,0,0.5,0.5242080092430115,0.5242080092430115,안정
KOSPI,11210,현대위아(주),2021,2022,large,manufacturing,2022,train,0,0.0010869561,0,0,0,0.5,0.5242080092430115,0.5242080092430115,안정
KOSPI,11230,삼화전자공업(주),2020,2021,small_and_medium,manufacturing,2021,train,1,0.9951007,1,1,1,0.5,0.5242080092430115,0.5242080092430115,고위험
KOSPI,11230,삼화전자공업(주),2021,2022,small_and_medium,manufacturing,2022,train,1,0.99629766,1,1,1,0.5,0.5242080092430115,0.5242080092430115,고위험
KOSPI,11420,(주)갤럭시아에스엠,2020,2021,large,it_services,2021,train,1,0.5055135,1,0,0,0.5,0.5242080092430115,0.5242080092430115,관찰
KOSPI,11420,(주)갤럭시아에스엠,2021,2022,large,it_services,2022,train,0,0.18374422,0,0,0,0.5,0.5242080092430115,0.5242080092430115,안정
KOSPI,11690,(주)와이투솔루션,2014,2015,small_and_medium,manufacturing,2015,train,1,0.97770965,1,1,1,0.5,0.5242080092430115,0.5242080092430115,고위험
KOSPI,11690,(주)와이투솔루션,2015,2016,small_and_medium,manufacturing,2016,train,1,0.9574327,1,1,1,0.5,0.5242080092430115,0.5242080092430115,고위험
KOSPI,11690,(주)와이투솔루션,2016,2017,small_and_medium,manufacturing,2017,train,1,0.9549279,1,1,1,0.5,0.5242080092430115,0.5242080092430115,고위험
KOSPI,11690,(주)와이투솔루션,2017,2018,small_and_medium,manufacturing,2018,train,1,0.9235629,1,1,1,0.5,0.5242080092430115,0.5242080092430115,고위험
KOSPI,11690,(주)와이투솔루션,2018,2019,mid_sized,manufacturing,2019,train,1,0.97384113,1,1,1,0.5,0.5242080092430115,0.5242080092430115,고위험
KOSPI,11690,(주)와이투솔루션,2019,2020,mid_sized,manufacturing,2020,train,1,0.9869399,1,1,1,0.5,0.5242080092430115,0.5242080092430115,고위험
KOSPI,11690,(주)와이투솔루션,2020,2021,mid_sized,manufacturing,2021,train,1,0.99551195,1,1,1,0.5,0.5242080092430115,0.5242080092430115,고위험
KOSPI,11690,(주)와이투솔루션,2021,2022,mid_sized,manufacturing,2022,train,1,0.9630338,1,1,1,0.5,0.5242080092430115,0.5242080092430115,고위험
KOSPI,11760,현대코퍼레이션(주),2017,2018,mid_sized,wholesale_retail,2018,train,0,0.09589149,0,0,0,0.5,0.5242080092430115,0.5242080092430115,안정
KOSPI,11760,현대코퍼레이션(주),2018,2019,mid_sized,wholesale_retail,2019,train,0,0.042208567,0,0,0,0.5,0.5242080092430115,0.5242080092430115,안정
KOSPI,11760,현대코퍼레이션(주),2019,2020,mid_sized,wholesale_retail,2020,train,0,0.047001332,0,0,0,0.5,0.5242080092430115,0.5242080092430115,안정
KOSPI,11780,금호석유화학(주),2014,2015,large,manufacturing,2015,train,0,0.013349356,0,0,0,0.5,0.5242080092430115,0.5242080092430115,안정
KOSPI,11780,금호석유화학(주),2015,2016,large,manufacturing,2016,train,0,0.014396266,0,0,0,0.5,0.5242080092430115,0.5242080092430115,안정
KOSPI,11780,금호석유화학(주),2016,2017,mid_sized,manufacturing,2017,train,0,0.048069324,0,0,0,0.5,0.5242080092430115,0.5242080092430115,안정
KOSPI,11780,금호석유화학(주),2017,2018,mid_sized,manufacturing,2018,train,0,0.011083972,0,0,0,0.5,0.5242080092430115,0.5242080092430115,안정
KOSPI,11780,금호석유화학(주),2018,2019,mid_sized,manufacturing,2019,train,0,0.0049824566,0,0,0,0.5,0.5242080092430115,0.5242080092430115,안정
KOSPI,11780,금호석유화학(주),2019,2020,mid_sized,manufacturing,2020,train,0,0.0039343103,0,0,0,0.5,0.5242080092430115,0.5242080092430115,안정
KOSPI,11780,금호석유화학(주),2020,2021,mid_sized,manufacturing,2021,train,0,0.002647554,0,0,0,0.5,0.5242080092430115,0.5242080092430115,안정
KOSPI,11780,금호석유화학(주),2021,2022,mid_sized,manufacturing,2022,train,0,0.0020712605,0,0,0,0.5,0.5242080092430115,0.5242080092430115,안정
KOSPI,11790,에스케이씨(주),2014,2015,large,manufacturing,2015,train,0,0.021376148,0,0,0,0.5,0.5242080092430115,0.5242080092430115,안정
KOSPI,11790,에스케이씨(주),2015,2016,large,manufacturing,2016,train,0,0.008153429,0,0,0,0.5,0.5242080092430115,0.5242080092430115,안정
KOSPI,11790,에스케이씨(주),2016,2017,large,manufacturing,2017,train,0,0.003881494,0,0,0,0.5,0.5242080092430115,0.5242080092430115,안정
KOSPI,11790,에스케이씨(주),2017,2018,large,manufacturing,2018,train,0,0.005403142,0,0,0,0.5,0.5242080092430115,0.5242080092430115,안정
KOSPI,11790,에스케이씨(주),2018,2019,large,manufacturing,2019,train,0,0.0029457535,0,0,0,0.5,0.5242080092430115,0.5242080092430115,안정
KOSPI,11790,에스케이씨(주),2019,2020,large,manufacturing,2020,train,0,0.004465581,0,0,0,0.5,0.5242080092430115,0.5242080092430115,안정
KOSPI,11790,에스케이씨(주),2020,2021,large,manufacturing,2021,train,0,0.010831381,0,0,0,0.5,0.5242080092430115,0.5242080092430115,안정
KOSPI,11790,에스케이씨(주),2021,2022,large,manufacturing,2022,train,0,0.005011813,0,0,0,0.5,0.5242080092430115,0.5242080092430115,안정
KOSPI,11810,(주)STX,2014,2015,mid_sized,wholesale_retail,2015,train,1,0.95470977,1,1,1,0.5,0.5242080092430115,0.5242080092430115,고위험
KOSPI,11810,(주)STX,2015,2016,mid_sized,wholesale_retail,2016,train,1,0.9735792,1,1,1,0.5,0.5242080092430115,0.5242080092430115,고위험
KOSPI,11810,(주)STX,2016,2017,mid_sized,wholesale_retail,2017,train,1,0.9880155,1,1,1,0.5,0.5242080092430115,0.5242080092430115,고위험
KOSPI,11930,(주)신성이엔지,2015,2016,mid_sized,manufacturing,2016,train,1,0.34562895,0,0,0,0.5,0.5242080092430115,0.5242080092430115,안정
KOSPI,11930,(주)신성이엔지,2016,2017,mid_sized,manufacturing,2017,train,1,0.94151723,1,1,1,0.5,0.5242080092430115,0.5242080092430115,고위험
KOSPI,11930,(주)신성이엔지,2017,2018,mid_sized,manufacturing,2018,train,1,0.95720196,1,1,1,0.5,0.5242080092430115,0.5242080092430115,고위험
KOSPI,11930,(주)신성이엔지,2018,2019,mid_sized,manufacturing,2019,train,1,0.9773073,1,1,1,0.5,0.5242080092430115,0.5242080092430115,고위험
KOSPI,11930,(주)신성이엔지,2019,2020,mid_sized,manufacturing,2020,train,1,0.87964094,1,1,1,0.5,0.5242080092430115,0.5242080092430115,고위험
KOSPI,11930,(주)신성이엔지,2020,2021,mid_sized,manufacturing,2021,train,1,0.79105496,1,1,1,0.5,0.5242080092430115,0.5242080092430115,고위험
KOSPI,11930,(주)신성이엔지,2021,2022,mid_sized,manufacturing,2022,train,1,0.8953039,1,1,1,0.5,0.5242080092430115,0.5242080092430115,고위험
KOSPI,12030,(주)디비아이엔씨,2014,2015,large,it_services,2015,train,1,0.88136786,1,1,1,0.5,0.5242080092430115,0.5242080092430115,고위험
KOSPI,12330,현대모비스(주),2020,2021,large,manufacturing,2021,train,0,0.0027808945,0,0,0,0.5,0.5242080092430115,0.5242080092430115,안정
KOSPI,12330,현대모비스(주),2021,2022,large,manufacturing,2022,train,0,0.0017125142,0,0,0,0.5,0.5242080092430115,0.5242080092430115,안정
KOSPI,12450,한화에어로스페이스(주),2014,2015,large,manufacturing,2015,train,0,0.0046351776,0,0,0,0.5,0.5242080092430115,0.5242080092430115,안정
KOSPI,12450,한화에어로스페이스(주),2015,2016,large,manufacturing,2016,train,0,0.007907969,0,0,0,0.5,0.5242080092430115,0.5242080092430115,안정
KOSPI,12450,한화에어로스페이스(주),2016,2017,large,manufacturing,2017,train,0,0.0062111565,0,0,0,0.5,0.5242080092430115,0.5242080092430115,안정
KOSPI,12450,한화에어로스페이스(주),2017,2018,large,manufacturing,2018,train,0,0.011785326,0,0,0,0.5,0.5242080092430115,0.5242080092430115,안정
KOSPI,12450,한화에어로스페이스(주),2018,2019,large,manufacturing,2019,train,0,0.006579874,0,0,0,0.5,0.5242080092430115,0.5242080092430115,안정
KOSPI,12450,한화에어로스페이스(주),2019,2020,large,manufacturing,2020,train,0,0.006158462,0,0,0,0.5,0.5242080092430115,0.5242080092430115,안정
KOSPI,12450,한화에어로스페이스(주),2020,2021,large,manufacturing,2021,train,0,0.005565587,0,0,0,0.5,0.5242080092430115,0.5242080092430115,안정
KOSPI,12450,한화에어로스페이스(주),2021,2022,large,manufacturing,2022,train,0,0.003646621,0,0,0,0.5,0.5242080092430115,0.5242080092430115,안정
KOSPI,12510,(주)더존비즈온,2018,2019,mid_sized,it_services,2019,train,0,0.0058955103,0,0,0,0.5,0.5242080092430115,0.5242080092430115,안정
KOSPI,12510,(주)더존비즈온,2019,2020,mid_sized,it_services,2020,train,0,0.023745483,0,0,0,0.5,0.5242080092430115,0.5242080092430115,안정
KOSPI,12510,(주)더존비즈온,2020,2021,mid_sized,it_services,2021,train,0,0.006889139,0,0,0,0.5,0.5242080092430115,0.5242080092430115,안정
KOSPI,12510,(주)더존비즈온,2021,2022,mid_sized,it_services,2022,train,0,0.009017321,0,0,0,0.5,0.5242080092430115,0.5242080092430115,안정
KOSPI,12630,에이치디씨(주),2014,2015,large,other,2015,train,0,0.019630035,0,0,0,0.5,0.5242080092430115,0.5242080092430115,안정
KOSPI,12630,에이치디씨(주),2015,2016,large,other,2016,train,0,0.0076049916,0,0,0,0.5,0.5242080092430115,0.5242080092430115,안정
KOSPI,12630,에이치디씨(주),2016,2017,mid_sized,other,2017,train,0,0.0043891803,0,0,0,0.5,0.5242080092430115,0.5242080092430115,안정
KOSPI,12630,에이치디씨(주),2020,2021,large,other,2021,train,0,0.010785132,0,0,0,0.5,0.5242080092430115,0.5242080092430115,안정
KOSPI,12630,에이치디씨(주),2021,2022,large,other,2022,train,0,0.0095784245,0,0,0,0.5,0.5242080092430115,0.5242080092430115,안정
KOSPI,12750,(주)에스원,2017,2018,large,it_services,2018,train,0,0.0002435387,0,0,0,0.5,0.5242080092430115,0.5242080092430115,안정
KOSPI,12750,(주)에스원,2018,2019,large,it_services,2019,train,0,0.0003903169,0,0,0,0.5,0.5242080092430115,0.5242080092430115,안정
KOSPI,12750,(주)에스원,2019,2020,large,it_services,2020,train,0,0.00043753392,0,0,0,0.5,0.5242080092430115,0.5242080092430115,안정
KOSPI,12750,(주)에스원,2020,2021,large,it_services,2021,train,0,0.00031777043,0,0,0,0.5,0.5242080092430115,0.5242080092430115,안정
KOSPI,12750,(주)에스원,2021,2022,large,it_services,2022,train,0,0.00043466652,0,0,0,0.5,0.5242080092430115,0.5242080092430115,안정
KOSPI,13360,일성건설(주),2014,2015,mid_sized,construction,2015,train,1,0.9443081,1,1,1,0.5,0.5242080092430115,0.5242080092430115,고위험
KOSPI,13360,일성건설(주),2015,2016,mid_sized,construction,2016,train,1,0.954729,1,1,1,0.5,0.5242080092430115,0.5242080092430115,고위험
KOSPI,13360,일성건설(주),2016,2017,mid_sized,construction,2017,train,1,0.9234929,1,1,1,0.5,0.5242080092430115,0.5242080092430115,고위험
KOSPI,13360,일성건설(주),2017,2018,mid_sized,construction,2018,train,1,0.8585674,1,1,1,0.5,0.5242080092430115,0.5242080092430115,고위험
KOSPI,13360,일성건설(주),2018,2019,mid_sized,construction,2019,train,1,0.9125112,1,1,1,0.5,0.5242080092430115,0.5242080092430115,고위험
KOSPI,13360,일성건설(주),2019,2020,mid_sized,construction,2020,train,1,0.91078615,1,1,1,0.5,0.5242080092430115,0.5242080092430115,고위험
KOSPI,13360,일성건설(주),2020,2021,mid_sized,construction,2021,train,1,0.89200217,1,1,1,0.5,0.5242080092430115,0.5242080092430115,고위험
KOSPI,13360,일성건설(주),2021,2022,mid_sized,construction,2022,train,1,0.7851906,1,1,1,0.5,0.5242080092430115,0.5242080092430115,고위험
KOSPI,13520,(주)화승코퍼레이션,2014,2015,mid_sized,manufacturing,2015,train,0,0.06370861,0,0,0,0.5,0.5242080092430115,0.5242080092430115,안정
KOSPI,13520,(주)화승코퍼레이션,2015,2016,mid_sized,manufacturing,2016,train,0,0.12481516,0,0,0,0.5,0.5242080092430115,0.5242080092430115,안정
KOSPI,13520,(주)화승코퍼레이션,2016,2017,mid_sized,manufacturing,2017,train,0,0.1624967,0,0,0,0.5,0.5242080092430115,0.5242080092430115,안정
KOSPI,13520,(주)화승코퍼레이션,2017,2018,mid_sized,manufacturing,2018,train,0,0.09873298,0,0,0,0.5,0.5242080092430115,0.5242080092430115,안정
KOSPI,13520,(주)화승코퍼레이션,2018,2019,mid_sized,manufacturing,2019,train,0,0.09301003,0,0,0,0.5,0.5242080092430115,0.5242080092430115,안정
KOSPI,13520,(주)화승코퍼레이션,2019,2020,mid_sized,manufacturing,2020,train,0,0.13378902,0,0,0,0.5,0.5242080092430115,0.5242080092430115,안정
KOSPI,13520,(주)화승코퍼레이션,2020,2021,mid_sized,manufacturing,2021,train,0,0.10736721,0,0,0,0.5,0.5242080092430115,0.5242080092430115,안정
KOSPI,13520,(주)화승코퍼레이션,2021,2022,mid_sized,manufacturing,2022,train,0,0.4439786,0,0,0,0.5,0.5242080092430115,0.5242080092430115,관찰
KOSPI,13580,계룡건설산업(주),2014,2015,mid_sized,construction,2015,train,0,0.55953103,1,1,1,0.5,0.5242080092430115,0.5242080092430115,관찰
KOSPI,13580,계룡건설산업(주),2015,2016,mid_sized,construction,2016,train,0,0.2216346,0,0,0,0.5,0.5242080092430115,0.5242080092430115,안정
KOSPI,13580,계룡건설산업(주),2016,2017,mid_sized,construction,2017,train,0,0.20934433,0,0,0,0.5,0.5242080092430115,0.5242080092430115,안정
KOSPI,13580,계룡건설산업(주),2017,2018,mid_sized,construction,2018,train,0,0.0919299,0,0,0,0.5,0.5242080092430115,0.5242080092430115,안정
KOSPI,13580,계룡건설산업(주),2018,2019,mid_sized,construction,2019,train,0,0.0492563,0,0,0,0.5,0.5242080092430115,0.5242080092430115,안정
KOSPI,13580,계룡건설산업(주),2019,2020,mid_sized,construction,2020,train,0,0.10691178,0,0,0,0.5,0.5242080092430115,0.5242080092430115,안정
KOSPI,13580,계룡건설산업(주),2020,2021,mid_sized,construction,2021,train,0,0.040239554,0,0,0,0.5,0.5242080092430115,0.5242080092430115,안정
KOSPI,13580,계룡건설산업(주),2021,2022,mid_sized,construction,2022,train,0,0.046520904,0,0,0,0.5,0.5242080092430115,0.5242080092430115,안정
KOSPI,13700,(주)까뮤이앤씨,2014,2015,small_and_medium,construction,2015,train,0,0.19939099,0,0,0,0.5,0.5242080092430115,0.5242080092430115,안정
KOSPI,13700,(주)까뮤이앤씨,2015,2016,small_and_medium,construction,2016,train,0,0.19939099,0,0,0,0.5,0.5242080092430115,0.5242080092430115,안정
KOSPI,13700,(주)까뮤이앤씨,2016,2017,small_and_medium,construction,2017,train,0,0.19939099,0,0,0,0.5,0.5242080092430115,0.5242080092430115,안정
KOSPI,13700,(주)까뮤이앤씨,2017,2018,small_and_medium,construction,2018,train,0,0.19808741,0,0,0,0.5,0.5242080092430115,0.5242080092430115,안정
KOSPI,13700,(주)까뮤이앤씨,2018,2019,mid_sized,construction,2019,train,0,0.22033574,0,0,0,0.5,0.5242080092430115,0.5242080092430115,안정
KOSPI,13700,(주)까뮤이앤씨,2019,2020,mid_sized,construction,2020,train,0,0.22033574,0,0,0,0.5,0.5242080092430115,0.5242080092430115,안정
KOSPI,13700,(주)까뮤이앤씨,2020,2021,mid_sized,construction,2021,train,0,0.22880945,0,0,0,0.5,0.5242080092430115,0.5242080092430115,안정
KOSPI,13700,(주)까뮤이앤씨,2021,2022,mid_sized,construction,2022,train,0,0.22880945,0,0,0,0.5,0.5242080092430115,0.5242080092430115,안정
KOSPI,13870,지엠비코리아(주),2014,2015,mid_sized,manufacturing,2015,train,0,0.060788397,0,0,0,0.5,0.5242080092430115,0.5242080092430115,안정
KOSPI,13870,지엠비코리아(주),2015,2016,mid_sized,manufacturing,2016,train,0,0.05770035,0,0,0,0.5,0.5242080092430115,0.5242080092430115,안정
KOSPI,13870,지엠비코리아(주),2016,2017,mid_sized,manufacturing,2017,train,0,0.033718146,0,0,0,0.5,0.5242080092430115,0.5242080092430115,안정
KOSPI,13870,지엠비코리아(주),2017,2018,mid_sized,manufacturing,2018,train,0,0.018769324,0,0,0,0.5,0.5242080092430115,0.5242080092430115,안정
KOSPI,13870,지엠비코리아(주),2018,2019,mid_sized,manufacturing,2019,train,0,0.024601202,0,0,0,0.5,0.5242080092430115,0.5242080092430115,안정
KOSPI,13870,지엠비코리아(주),2019,2020,mid_sized,manufacturing,2020,train,0,0.03677635,0,0,0,0.5,0.5242080092430115,0.5242080092430115,안정
KOSPI,13870,지엠비코리아(주),2020,2021,mid_sized,manufacturing,2021,train,0,0.030961705,0,0,0,0.5,0.5242080092430115,0.5242080092430115,안정
KOSPI,13870,지엠비코리아(주),2021,2022,mid_sized,manufacturing,2022,train,0,0.094369754,0,0,0,0.5,0.5242080092430115,0.5242080092430115,안정
KOSPI,14530,극동유화(주),2020,2021,mid_sized,manufacturing,2021,train,0,0.06342904,0,0,0,0.5,0.5242080092430115,0.5242080092430115,안정
KOSPI,14530,극동유화(주),2021,2022,mid_sized,manufacturing,2022,train,0,0.07410275,0,0,0,0.5,0.5242080092430115,0.5242080092430115,안정
KOSPI,14580,(주)태경비케이,2019,2020,mid_sized,manufacturing,2020,train,0,0.074603625,0,0,0,0.5,0.5242080092430115,0.5242080092430115,안정
KOSPI,14580,(주)태경비케이,2020,2021,mid_sized,manufacturing,2021,train,0,0.017477004,0,0,0,0.5,0.5242080092430115,0.5242080092430115,안정
KOSPI,14580,(주)태경비케이,2021,2022,mid_sized,manufacturing,2022,train,0,0.00685539,0,0,0,0.5,0.5242080092430115,0.5242080092430115,안정
KOSPI,14680,(주)한솔케미칼,2014,2015,large,manufacturing,2015,train,0,0.023364648,0,0,0,0.5,0.5242080092430115,0.5242080092430115,안정
KOSPI,14680,(주)한솔케미칼,2015,2016,large,manufacturing,2016,train,0,0.03916992,0,0,0,0.5,0.5242080092430115,0.5242080092430115,안정
KOSPI,14680,(주)한솔케미칼,2016,2017,mid_sized,manufacturing,2017,train,0,0.06314541,0,0,0,0.5,0.5242080092430115,0.5242080092430115,안정
KOSPI,14680,(주)한솔케미칼,2017,2018,mid_sized,manufacturing,2018,train,0,0.061103407,0,0,0,0.5,0.5242080092430115,0.5242080092430115,안정
KOSPI,14680,(주)한솔케미칼,2018,2019,mid_sized,manufacturing,2019,train,0,0.02214808,0,0,0,0.5,0.5242080092430115,0.5242080092430115,안정
KOSPI,14680,(주)한솔케미칼,2019,2020,mid_sized,manufacturing,2020,train,0,0.026975187,0,0,0,0.5,0.5242080092430115,0.5242080092430115,안정
KOSPI,14680,(주)한솔케미칼,2020,2021,mid_sized,manufacturing,2021,train,0,0.010408221,0,0,0,0.5,0.5242080092430115,0.5242080092430115,안정
KOSPI,14680,(주)한솔케미칼,2021,2022,mid_sized,manufacturing,2022,train,0,0.0028537945,0,0,0,0.5,0.5242080092430115,0.5242080092430115,안정
KOSPI,14790,에이치엘디앤아이한라(주),2016,2017,mid_sized,construction,2017,train,0,0.15324105,0,0,0,0.5,0.5242080092430115,0.5242080092430115,안정
KOSPI,14790,에이치엘디앤아이한라(주),2019,2020,mid_sized,construction,2020,train,0,0.3525607,0,0,0,0.5,0.5242080092430115,0.5242080092430115,관찰
KOSPI,14790,에이치엘디앤아이한라(주),2020,2021,mid_sized,construction,2021,train,0,0.04629231,0,0,0,0.5,0.5242080092430115,0.5242080092430115,안정
KOSPI,14790,에이치엘디앤아이한라(주),2021,2022,mid_sized,construction,2022,train,0,0.023797315,0,0,0,0.5,0.5242080092430115,0.5242080092430115,안정
KOSPI,14820,동원시스템즈(주),2017,2018,mid_sized,manufacturing,2018,train,0,0.035488762,0,0,0,0.5,0.5242080092430115,0.5242080092430115,안정
KOSPI,14820,동원시스템즈(주),2018,2019,mid_sized,manufacturing,2019,train,0,0.009244278,0,0,0,0.5,0.5242080092430115,0.5242080092430115,안정
KOSPI,14820,동원시스템즈(주),2019,2020,mid_sized,manufacturing,2020,train,0,0.005550888,0,0,0,0.5,0.5242080092430115,0.5242080092430115,안정
KOSPI,14820,동원시스템즈(주),2020,2021,mid_sized,manufacturing,2021,train,0,0.014907456,0,0,0,0.5,0.5242080092430115,0.5242080092430115,안정
KOSPI,14820,동원시스템즈(주),2021,2022,mid_sized,manufacturing,2022,train,0,0.027931895,0,0,0,0.5,0.5242080092430115,0.5242080092430115,안정
KOSPI,15230,대창단조(주),2014,2015,mid_sized,manufacturing,2015,train,0,0.039699975,0,0,0,0.5,0.5242080092430115,0.5242080092430115,안정
KOSPI,15230,대창단조(주),2015,2016,mid_sized,manufacturing,2016,train,0,0.025018258,0,0,0,0.5,0.5242080092430115,0.5242080092430115,안정
KOSPI,15230,대창단조(주),2016,2017,mid_sized,manufacturing,2017,train,0,0.017932873,0,0,0,0.5,0.5242080092430115,0.5242080092430115,안정
KOSPI,15230,대창단조(주),2017,2018,mid_sized,manufacturing,2018,train,0,0.03244141,0,0,0,0.5,0.5242080092430115,0.5242080092430115,안정
KOSPI,15230,대창단조(주),2018,2019,mid_sized,manufacturing,2019,train,0,0.08982497,0,0,0,0.5,0.5242080092430115,0.5242080092430115,안정
KOSPI,15230,대창단조(주),2019,2020,mid_sized,manufacturing,2020,train,0,0.012182163,0,0,0,0.5,0.5242080092430115,0.5242080092430115,안정
KOSPI,15230,대창단조(주),2020,2021,mid_sized,manufacturing,2021,train,0,0.017592205,0,0,0,0.5,0.5242080092430115,0.5242080092430115,안정
KOSPI,15230,대창단조(주),2021,2022,mid_sized,manufacturing,2022,train,0,0.011446508,0,0,0,0.5,0.5242080092430115,0.5242080092430115,안정
KOSPI,15890,태경산업(주),2019,2020,mid_sized,manufacturing,2020,train,0,0.0330011,0,0,0,0.5,0.5242080092430115,0.5242080092430115,안정
KOSPI,15890,태경산업(주),2020,2021,mid_sized,manufacturing,2021,train,0,0.016358847,0,0,0,0.5,0.5242080092430115,0.5242080092430115,안정
KOSPI,15890,태경산업(주),2021,2022,mid_sized,manufacturing,2022,train,0,0.013992116,0,0,0,0.5,0.5242080092430115,0.5242080092430115,안정
KOSPI,16380,KG스틸(주),2014,2015,large,manufacturing,2015,train,1,0.9606336,1,1,1,0.5,0.5242080092430115,0.5242080092430115,고위험
KOSPI,16380,KG스틸(주),2015,2016,mid_sized,manufacturing,2016,train,1,0.9447957,1,1,1,0.5,0.5242080092430115,0.5242080092430115,고위험
KOSPI,16380,KG스틸(주),2016,2017,mid_sized,manufacturing,2017,train,1,0.86617565,1,1,1,0.5,0.5242080092430115,0.5242080092430115,고위험
KOSPI,16380,KG스틸(주),2018,2019,mid_sized,manufacturing,2019,train,1,0.9499493,1,1,1,0.5,0.5242080092430115,0.5242080092430115,고위험
KOSPI,16380,KG스틸(주),2019,2020,mid_sized,manufacturing,2020,train,1,0.87615776,1,1,1,0.5,0.5242080092430115,0.5242080092430115,고위험
KOSPI,16710,대성홀딩스(주),2014,2015,large,it_services,2015,train,0,0.0045896266,0,0,0,0.5,0.5242080092430115,0.5242080092430115,안정
KOSPI,16710,대성홀딩스(주),2015,2016,mid_sized,it_services,2016,train,0,0.008903432,0,0,0,0.5,0.5242080092430115,0.5242080092430115,안정
KOSPI,16710,대성홀딩스(주),2016,2017,mid_sized,it_services,2017,train,0,0.008636793,0,0,0,0.5,0.5242080092430115,0.5242080092430115,안정
KOSPI,16710,대성홀딩스(주),2017,2018,mid_sized,it_services,2018,train,0,0.008005686,0,0,0,0.5,0.5242080092430115,0.5242080092430115,안정
KOSPI,16710,대성홀딩스(주),2018,2019,mid_sized,it_services,2019,train,0,0.004939501,0,0,0,0.5,0.5242080092430115,0.5242080092430115,안정
KOSPI,16710,대성홀딩스(주),2019,2020,mid_sized,it_services,2020,train,0,0.021469062,0,0,0,0.5,0.5242080092430115,0.5242080092430115,안정
KOSPI,16710,대성홀딩스(주),2020,2021,mid_sized,it_services,2021,train,0,0.005421829,0,0,0,0.5,0.5242080092430115,0.5242080092430115,안정
KOSPI,16710,대성홀딩스(주),2021,2022,mid_sized,it_services,2022,train,0,0.0031772873,0,0,0,0.5,0.5242080092430115,0.5242080092430115,안정
KOSPI,16740,(주)두올,2016,2017,mid_sized,manufacturing,2017,train,0,0.2924415,0,0,0,0.5,0.5242080092430115,0.5242080092430115,안정
KOSPI,16740,(주)두올,2017,2018,mid_sized,manufacturing,2018,train,0,0.12150354,0,0,0,0.5,0.5242080092430115,0.5242080092430115,안정
KOSPI,16740,(주)두올,2018,2019,mid_sized,manufacturing,2019,train,0,0.077282235,0,0,0,0.5,0.5242080092430115,0.5242080092430115,안정
KOSPI,16740,(주)두올,2019,2020,mid_sized,manufacturing,2020,train,0,0.05408666,0,0,0,0.5,0.5242080092430115,0.5242080092430115,안정
KOSPI,16740,(주)두올,2020,2021,mid_sized,manufacturing,2021,train,0,0.0819074,0,0,0,0.5,0.5242080092430115,0.5242080092430115,안정
KOSPI,16740,(주)두올,2021,2022,mid_sized,manufacturing,2022,train,0,0.06820214,0,0,0,0.5,0.5242080092430115,0.5242080092430115,안정
KOSPI,16800,(주)퍼시스,2019,2020,mid_sized,manufacturing,2020,train,0,0.3434702,0,0,0,0.5,0.5242080092430115,0.5242080092430115,안정
KOSPI,16800,(주)퍼시스,2021,2022,mid_sized,manufacturing,2022,train,0,0.3434702,0,0,0,0.5,0.5242080092430115,0.5242080092430115,안정
KOSPI,16880,(주)웅진,2014,2015,mid_sized,it_services,2015,train,0,0.14284196,0,0,0,0.5,0.5242080092430115,0.5242080092430115,안정
KOSPI,16880,(주)웅진,2016,2017,mid_sized,it_services,2017,train,0,0.1595983,0,0,0,0.5,0.5242080092430115,0.5242080092430115,안정
KOSPI,16880,(주)웅진,2017,2018,mid_sized,it_services,2018,train,0,0.17789194,0,0,0,0.5,0.5242080092430115,0.5242080092430115,안정
KOSPI,16880,(주)웅진,2018,2019,mid_sized,it_services,2019,train,0,0.50931937,1,0,0,0.5,0.5242080092430115,0.5242080092430115,관찰
KOSPI,16880,(주)웅진,2019,2020,mid_sized,it_services,2020,train,0,0.076255366,0,0,0,0.5,0.5242080092430115,0.5242080092430115,안정
KOSPI,17370,(주)우신시스템,2018,2019,mid_sized,manufacturing,2019,train,0,0.80415606,1,1,1,0.5,0.5242080092430115,0.5242080092430115,고위험
KOSPI,17370,(주)우신시스템,2019,2020,mid_sized,manufacturing,2020,train,0,0.81731254,1,1,1,0.5,0.5242080092430115,0.5242080092430115,고위험
KOSPI,17370,(주)우신시스템,2020,2021,mid_sized,manufacturing,2021,train,0,0.89801896,1,1,1,0.5,0.5242080092430115,0.5242080092430115,고위험
KOSPI,17370,(주)우신시스템,2021,2022,mid_sized,manufacturing,2022,train,1,0.94542694,1,1,1,0.5,0.5242080092430115,0.5242080092430115,고위험
KOSPI,17390,서울도시가스(주),2016,2017,mid_sized,other,2017,train,0,0.0014979893,0,0,0,0.5,0.5242080092430115,0.5242080092430115,안정
KOSPI,17390,서울도시가스(주),2017,2018,mid_sized,other,2018,train,0,0.001367299,0,0,0,0.5,0.5242080092430115,0.5242080092430115,안정
KOSPI,17390,서울도시가스(주),2018,2019,mid_sized,other,2019,train,0,0.001099485,0,0,0,0.5,0.5242080092430115,0.5242080092430115,안정
KOSPI,17390,서울도시가스(주),2019,2020,mid_sized,other,2020,train,0,0.0017569059,0,0,0,0.5,0.5242080092430115,0.5242080092430115,안정
KOSPI,17550,(주)수산세보틱스,2018,2019,mid_sized,manufacturing,2019,train,1,0.8842565,1,1,1,0.5,0.5242080092430115,0.5242080092430115,고위험
KOSPI,17550,(주)수산세보틱스,2019,2020,mid_sized,manufacturing,2020,train,1,0.83119756,1,1,1,0.5,0.5242080092430115,0.5242080092430115,고위험
KOSPI,17550,(주)수산세보틱스,2020,2021,mid_sized,manufacturing,2021,train,0,0.4492477,0,0,0,0.5,0.5242080092430115,0.5242080092430115,관찰
KOSPI,17550,(주)수산세보틱스,2021,2022,mid_sized,manufacturing,2022,train,0,0.23227112,0,0,0,0.5,0.5242080092430115,0.5242080092430115,안정
KOSPI,17670,에스케이텔레콤(주),2014,2015,large,it_services,2015,train,0,0.00069280143,0,0,0,0.5,0.5242080092430115,0.5242080092430115,안정
KOSPI,17670,에스케이텔레콤(주),2015,2016,large,it_services,2016,train,0,0.0006779378,0,0,0,0.5,0.5242080092430115,0.5242080092430115,안정
KOSPI,17670,에스케이텔레콤(주),2016,2017,large,it_services,2017,train,0,0.0011430804,0,0,0,0.5,0.5242080092430115,0.5242080092430115,안정
KOSPI,17670,에스케이텔레콤(주),2017,2018,large,it_services,2018,train,0,0.00077911775,0,0,0,0.5,0.5242080092430115,0.5242080092430115,안정
KOSPI,17670,에스케이텔레콤(주),2018,2019,large,it_services,2019,train,0,0.001017934,0,0,0,0.5,0.5242080092430115,0.5242080092430115,안정
KOSPI,17670,에스케이텔레콤(주),2019,2020,large,it_services,2020,train,0,0.0007465243,0,0,0,0.5,0.5242080092430115,0.5242080092430115,안정
KOSPI,17670,에스케이텔레콤(주),2020,2021,large,it_services,2021,train,0,0.0009998874,0,0,0,0.5,0.5242080092430115,0.5242080092430115,안정
KOSPI,17670,에스케이텔레콤(주),2021,2022,large,it_services,2022,train,0,0.002481304,0,0,0,0.5,0.5242080092430115,0.5242080092430115,안정
KOSPI,17800,현대엘리베이터(주),2014,2015,large,manufacturing,2015,train,0,0.026920835,0,0,0,0.5,0.5242080092430115,0.5242080092430115,안정
KOSPI,17800,현대엘리베이터(주),2016,2017,mid_sized,manufacturing,2017,train,0,0.051587857,0,0,0,0.5,0.5242080092430115,0.5242080092430115,안정
KOSPI,17800,현대엘리베이터(주),2017,2018,mid_sized,manufacturing,2018,train,0,0.07889201,0,0,0,0.5,0.5242080092430115,0.5242080092430115,안정
KOSPI,17800,현대엘리베이터(주),2018,2019,mid_sized,manufacturing,2019,train,0,0.053751152,0,0,0,0.5,0.5242080092430115,0.5242080092430115,안정
KOSPI,17800,현대엘리베이터(주),2019,2020,mid_sized,manufacturing,2020,train,0,0.07706503,0,0,0,0.5,0.5242080092430115,0.5242080092430115,안정
KOSPI,17800,현대엘리베이터(주),2020,2021,mid_sized,manufacturing,2021,train,0,0.04888391,0,0,0,0.5,0.5242080092430115,0.5242080092430115,안정
KOSPI,17800,현대엘리베이터(주),2021,2022,mid_sized,manufacturing,2022,train,0,0.043744747,0,0,0,0.5,0.5242080092430115,0.5242080092430115,안정
KOSPI,17940,(주)이원,2014,2015,large,wholesale_retail,2015,train,0,0.0027030318,0,0,0,0.5,0.5242080092430115,0.5242080092430115,안정
KOSPI,17940,(주)이원,2015,2016,large,wholesale_retail,2016,train,0,0.0037453193,0,0,0,0.5,0.5242080092430115,0.5242080092430115,안정
KOSPI,17940,(주)이원,2016,2017,large,wholesale_retail,2017,train,0,0.008349487,0,0,0,0.5,0.5242080092430115,0.5242080092430115,안정
KOSPI,17940,(주)이원,2017,2018,large,wholesale_retail,2018,train,0,0.009545314,0,0,0,0.5,0.5242080092430115,0.5242080092430115,안정
KOSPI,17940,(주)이원,2018,2019,large,wholesale_retail,2019,train,0,0.0055842292,0,0,0,0.5,0.5242080092430115,0.5242080092430115,안정
KOSPI,17940,(주)이원,2019,2020,large,wholesale_retail,2020,train,0,0.0032818175,0,0,0,0.5,0.5242080092430115,0.5242080092430115,안정
KOSPI,17940,(주)이원,2020,2021,large,wholesale_retail,2021,train,0,0.020653917,0,0,0,0.5,0.5242080092430115,0.5242080092430115,안정
KOSPI,17940,(주)이원,2021,2022,large,wholesale_retail,2022,train,0,0.013577161,0,0,0,0.5,0.5242080092430115,0.5242080092430115,안정
KOSPI,17960,(주)한국카본,2014,2015,mid_sized,manufacturing,2015,train,0,0.004156297,0,0,0,0.5,0.5242080092430115,0.5242080092430115,안정
KOSPI,17960,(주)한국카본,2015,2016,mid_sized,manufacturing,2016,train,0,0.012434643,0,0,0,0.5,0.5242080092430115,0.5242080092430115,안정
KOSPI,17960,(주)한국카본,2016,2017,mid_sized,manufacturing,2017,train,0,0.0037090215,0,0,0,0.5,0.5242080092430115,0.5242080092430115,안정
KOSPI,17960,(주)한국카본,2017,2018,mid_sized,manufacturing,2018,train,0,0.038625695,0,0,0,0.5,0.5242080092430115,0.5242080092430115,안정
KOSPI,17960,(주)한국카본,2018,2019,mid_sized,manufacturing,2019,train,0,0.011210708,0,0,0,0.5,0.5242080092430115,0.5242080092430115,안정
KOSPI,17960,(주)한국카본,2019,2020,mid_sized,manufacturing,2020,train,0,0.00877574,0,0,0,0.5,0.5242080092430115,0.5242080092430115,안정
KOSPI,17960,(주)한국카본,2020,2021,mid_sized,manufacturing,2021,train,0,0.0030504223,0,0,0,0.5,0.5242080092430115,0.5242080092430115,안정
KOSPI,17960,(주)한국카본,2021,2022,mid_sized,manufacturing,2022,train,0,0.0050110975,0,0,0,0.5,0.5242080092430115,0.5242080092430115,안정
KOSPI,18260,삼성에스디에스(주),2014,2015,large,it_services,2015,train,0,0.00016965663,0,0,0,0.5,0.5242080092430115,0.5242080092430115,안정
KOSPI,18260,삼성에스디에스(주),2015,2016,large,it_services,2016,train,0,0.00016342246,0,0,0,0.5,0.5242080092430115,0.5242080092430115,안정
KOSPI,18260,삼성에스디에스(주),2016,2017,large,it_services,2017,train,0,0.00021726251,0,0,0,0.5,0.5242080092430115,0.5242080092430115,안정
KOSPI,18260,삼성에스디에스(주),2017,2018,large,it_services,2018,train,0,0.00019100084,0,0,0,0.5,0.5242080092430115,0.5242080092430115,안정
KOSPI,18260,삼성에스디에스(주),2018,2019,large,it_services,2019,train,0,0.0003443146,0,0,0,0.5,0.5242080092430115,0.5242080092430115,안정
KOSPI,18260,삼성에스디에스(주),2019,2020,large,it_services,2020,train,0,0.00039489887,0,0,0,0.5,0.5242080092430115,0.5242080092430115,안정
KOSPI,18670,에스케이가스(주),2014,2015,large,wholesale_retail,2015,train,0,0.0004432981,0,0,0,0.5,0.5242080092430115,0.5242080092430115,안정
KOSPI,18670,에스케이가스(주),2015,2016,large,wholesale_retail,2016,train,0,0.0044035963,0,0,0,0.5,0.5242080092430115,0.5242080092430115,안정
KOSPI,18670,에스케이가스(주),2016,2017,large,wholesale_retail,2017,train,0,0.0015151291,0,0,0,0.5,0.5242080092430115,0.5242080092430115,안정
KOSPI,18670,에스케이가스(주),2017,2018,large,wholesale_retail,2018,train,0,0.001322654,0,0,0,0.5,0.5242080092430115,0.5242080092430115,안정
KOSPI,18670,에스케이가스(주),2018,2019,large,wholesale_retail,2019,train,0,0.0011668691,0,0,0,0.5,0.5242080092430115,0.5242080092430115,안정
KOSPI,18670,에스케이가스(주),2019,2020,large,wholesale_retail,2020,train,0,0.0023466172,0,0,0,0.5,0.5242080092430115,0.5242080092430115,안정
KOSPI,18670,에스케이가스(주),2020,2021,large,wholesale_retail,2021,train,0,0.002534212,0,0,0,0.5,0.5242080092430115,0.5242080092430115,안정
KOSPI,18670,에스케이가스(주),2021,2022,large,wholesale_retail,2022,train,0,0.003203561,0,0,0,0.5,0.5242080092430115,0.5242080092430115,안정
KOSPI,18880,한온시스템(주),2015,2016,mid_sized,manufacturing,2016,train,0,0.0024062,0,0,0,0.5,0.5242080092430115,0.5242080092430115,안정
KOSPI,18880,한온시스템(주),2016,2017,mid_sized,manufacturing,2017,train,0,0.0027697482,0,0,0,0.5,0.5242080092430115,0.5242080092430115,안정
KOSPI,18880,한온시스템(주),2017,2018,mid_sized,manufacturing,2018,train,0,0.0010463613,0,0,0,0.5,0.5242080092430115,0.5242080092430115,안정
KOSPI,18880,한온시스템(주),2018,2019,mid_sized,manufacturing,2019,train,0,0.0065008565,0,0,0,0.5,0.5242080092430115,0.5242080092430115,안정
KOSPI,18880,한온시스템(주),2019,2020,mid_sized,manufacturing,2020,train,0,0.023859149,0,0,0,0.5,0.5242080092430115,0.5242080092430115,안정
KOSPI,18880,한온시스템(주),2020,2021,mid_sized,manufacturing,2021,train,0,0.027800461,0,0,0,0.5,0.5242080092430115,0.5242080092430115,안정
KOSPI,18880,한온시스템(주),2021,2022,mid_sized,manufacturing,2022,train,0,0.020683518,0,0,0,0.5,0.5242080092430115,0.5242080092430115,안정
KOSPI,19180,(주)티에이치엔,2014,2015,mid_sized,manufacturing,2015,train,1,0.98369944,1,1,1,0.5,0.5242080092430115,0.5242080092430115,고위험
KOSPI,19180,(주)티에이치엔,2015,2016,mid_sized,manufacturing,2016,train,1,0.9765048,1,1,1,0.5,0.5242080092430115,0.5242080092430115,고위험
KOSPI,19180,(주)티에이치엔,2016,2017,mid_sized,manufacturing,2017,train,1,0.91344994,1,1,1,0.5,0.5242080092430115,0.5242080092430115,고위험
KOSPI,19180,(주)티에이치엔,2017,2018,mid_sized,manufacturing,2018,train,1,0.92894393,1,1,1,0.5,0.5242080092430115,0.5242080092430115,고위험
KOSPI,19180,(주)티에이치엔,2018,2019,mid_sized,manufacturing,2019,train,1,0.93723536,1,1,1,0.5,0.5242080092430115,0.5242080092430115,고위험
KOSPI,19180,(주)티에이치엔,2019,2020,mid_sized,manufacturing,2020,train,1,0.870601,1,1,1,0.5,0.5242080092430115,0.5242080092430115,고위험
KOSPI,20560,아시아나항공(주),2014,2015,large,transport_storage,2015,train,0,0.006798449,0,0,0,0.5,0.5242080092430115,0.5242080092430115,안정
KOSPI,20560,아시아나항공(주),2015,2016,large,transport_storage,2016,train,0,0.033698544,0,0,0,0.5,0.5242080092430115,0.5242080092430115,안정
KOSPI,20560,아시아나항공(주),2016,2017,large,transport_storage,2017,train,0,0.010979852,0,0,0,0.5,0.5242080092430115,0.5242080092430115,안정
KOSPI,20560,아시아나항공(주),2017,2018,large,transport_storage,2018,train,0,0.012155447,0,0,0,0.5,0.5242080092430115,0.5242080092430115,안정
KOSPI,20560,아시아나항공(주),2018,2019,large,transport_storage,2019,train,0,0.01418167,0,0,0,0.5,0.5242080092430115,0.5242080092430115,안정
KOSPI,20560,아시아나항공(주),2019,2020,large,transport_storage,2020,train,0,0.3987551,0,0,0,0.5,0.5242080092430115,0.5242080092430115,관찰
KOSPI,20560,아시아나항공(주),2020,2021,large,transport_storage,2021,train,0,0.28568792,0,0,0,0.5,0.5242080092430115,0.5242080092430115,안정
KOSPI,20560,아시아나항공(주),2021,2022,large,transport_storage,2022,train,0,0.13495117,0,0,0,0.5,0.5242080092430115,0.5242080092430115,안정
KOSPI,23530,롯데쇼핑(주),2014,2015,large,wholesale_retail,2015,train,0,0.001386771,0,0,0,0.5,0.5242080092430115,0.5242080092430115,안정
KOSPI,23530,롯데쇼핑(주),2015,2016,large,wholesale_retail,2016,train,0,0.0022308687,0,0,0,0.5,0.5242080092430115,0.5242080092430115,안정
KOSPI,23530,롯데쇼핑(주),2016,2017,large,wholesale_retail,2017,train,0,0.0025366626,0,0,0,0.5,0.5242080092430115,0.5242080092430115,안정
KOSPI,23530,롯데쇼핑(주),2017,2018,large,wholesale_retail,2018,train,0,0.0015678775,0,0,0,0.5,0.5242080092430115,0.5242080092430115,안정
KOSPI,23530,롯데쇼핑(주),2018,2019,large,wholesale_retail,2019,train,0,0.0022149023,0,0,0,0.5,0.5242080092430115,0.5242080092430115,안정
KOSPI,23530,롯데쇼핑(주),2019,2020,large,wholesale_retail,2020,train,0,0.00481979,0,0,0,0.5,0.5242080092430115,0.5242080092430115,안정
KOSPI,23530,롯데쇼핑(주),2020,2021,large,wholesale_retail,2021,train,0,0.0062525817,0,0,0,0.5,0.5242080092430115,0.5242080092430115,안정
KOSPI,23530,롯데쇼핑(주),2021,2022,large,wholesale_retail,2022,train,0,0.0066188406,0,0,0,0.5,0.5242080092430115,0.5242080092430115,안정
KOSPI,25540,한국단자공업(주),2014,2015,mid_sized,manufacturing,2015,train,0,0.0016648115,0,0,0,0.5,0.5242080092430115,0.5242080092430115,안정
KOSPI,25540,한국단자공업(주),2015,2016,mid_sized,manufacturing,2016,train,0,0.00089573767,0,0,0,0.5,0.5242080092430115,0.5242080092430115,안정
KOSPI,25540,한국단자공업(주),2016,2017,mid_sized,manufacturing,2017,train,0,0.0009817797,0,0,0,0.5,0.5242080092430115,0.5242080092430115,안정
KOSPI,25540,한국단자공업(주),2017,2018,mid_sized,manufacturing,2018,train,0,0.0006575233,0,0,0,0.5,0.5242080092430115,0.5242080092430115,안정
KOSPI,25540,한국단자공업(주),2018,2019,mid_sized,manufacturing,2019,train,0,0.0007865503,0,0,0,0.5,0.5242080092430115,0.5242080092430115,안정
KOSPI,25540,한국단자공업(주),2019,2020,mid_sized,manufacturing,2020,train,0,0.0005821316,0,0,0,0.5,0.5242080092430115,0.5242080092430115,안정
KOSPI,25540,한국단자공업(주),2020,2021,mid_sized,manufacturing,2021,train,0,0.0009202908,0,0,0,0.5,0.5242080092430115,0.5242080092430115,안정
KOSPI,25540,한국단자공업(주),2021,2022,mid_sized,manufacturing,2022,train,0,0.0007144827,0,0,0,0.5,0.5242080092430115,0.5242080092430115,안정
KOSPI,25620,차에이아이헬스케어(주),2018,2019,mid_sized,manufacturing,2019,train,1,0.7948429,1,1,1,0.5,0.5242080092430115,0.5242080092430115,고위험
KOSPI,25620,차에이아이헬스케어(주),2019,2020,mid_sized,manufacturing,2020,train,1,0.96465343,1,1,1,0.5,0.5242080092430115,0.5242080092430115,고위험
KOSPI,25620,차에이아이헬스케어(주),2020,2021,small_and_medium,manufacturing,2021,train,1,0.9980507,1,1,1,0.5,0.5242080092430115,0.5242080092430115,고위험
KOSPI,25620,차에이아이헬스케어(주),2021,2022,small_and_medium,manufacturing,2022,train,1,0.9916095,1,1,1,0.5,0.5242080092430115,0.5242080092430115,고위험
KOSPI,25750,(주)한솔홈데코,2014,2015,large,manufacturing,2015,train,0,0.13734698,0,0,0,0.5,0.5242080092430115,0.5242080092430115,안정
KOSPI,25750,(주)한솔홈데코,2015,2016,large,manufacturing,2016,train,0,0.16915388,0,0,0,0.5,0.5242080092430115,0.5242080092430115,안정
KOSPI,25750,(주)한솔홈데코,2017,2018,mid_sized,manufacturing,2018,train,0,0.57470286,1,1,1,0.5,0.5242080092430115,0.5242080092430115,관찰
KOSPI,25750,(주)한솔홈데코,2019,2020,mid_sized,manufacturing,2020,train,0,0.51427406,1,0,0,0.5,0.5242080092430115,0.5242080092430115,관찰
KOSPI,25750,(주)한솔홈데코,2020,2021,mid_sized,manufacturing,2021,train,0,0.6356247,1,1,1,0.5,0.5242080092430115,0.5242080092430115,관찰
KOSPI,25750,(주)한솔홈데코,2021,2022,mid_sized,manufacturing,2022,train,0,0.7559136,1,1,1,0.5,0.5242080092430115,0.5242080092430115,고위험
KOSPI,25860,남해화학(주),2016,2017,large,manufacturing,2017,train,0,0.013593366,0,0,0,0.5,0.5242080092430115,0.5242080092430115,안정
KOSPI,25860,남해화학(주),2017,2018,large,manufacturing,2018,train,0,0.011620845,0,0,0,0.5,0.5242080092430115,0.5242080092430115,안정
KOSPI,25860,남해화학(주),2018,2019,large,manufacturing,2019,train,0,0.28253502,0,0,0,0.5,0.5242080092430115,0.5242080092430115,안정
KOSPI,25860,남해화학(주),2019,2020,large,manufacturing,2020,train,0,0.09116731,0,0,0,0.5,0.5242080092430115,0.5242080092430115,안정
KOSPI,25860,남해화학(주),2020,2021,large,manufacturing,2021,train,0,0.09116731,0,0,0,0.5,0.5242080092430115,0.5242080092430115,안정
KOSPI,25860,남해화학(주),2021,2022,large,manufacturing,2022,train,0,0.045929585,0,0,0,0.5,0.5242080092430115,0.5242080092430115,안정
KOSPI,26960,(주)동서,2016,2017,mid_sized,wholesale_retail,2017,train,0,0.0032397413,0,0,0,0.5,0.5242080092430115,0.5242080092430115,안정
KOSPI,26960,(주)동서,2017,2018,mid_sized,wholesale_retail,2018,train,0,0.002703389,0,0,0,0.5,0.5242080092430115,0.5242080092430115,안정
KOSPI,26960,(주)동서,2018,2019,mid_sized,wholesale_retail,2019,train,0,0.0013684904,0,0,0,0.5,0.5242080092430115,0.5242080092430115,안정
KOSPI,26960,(주)동서,2019,2020,mid_sized,wholesale_retail,2020,train,0,0.004767485,0,0,0,0.5,0.5242080092430115,0.5242080092430115,안정
KOSPI,26960,(주)동서,2020,2021,mid_sized,wholesale_retail,2021,train,0,0.0016380559,0,0,0,0.5,0.5242080092430115,0.5242080092430115,안정
KOSPI,26960,(주)동서,2021,2022,mid_sized,wholesale_retail,2022,train,0,0.0018035277,0,0,0,0.5,0.5242080092430115,0.5242080092430115,안정
KOSPI,27390,(주)한화갤러리아타임월드,2014,2015,large,wholesale_retail,2015,train,0,0.07430495,0,0,0,0.5,0.5242080092430115,0.5242080092430115,안정
KOSPI,27390,(주)한화갤러리아타임월드,2015,2016,large,wholesale_retail,2016,train,0,0.07430495,0,0,0,0.5,0.5242080092430115,0.5242080092430115,안정
KOSPI,27390,(주)한화갤러리아타임월드,2016,2017,large,wholesale_retail,2017,train,0,0.07430495,0,0,0,0.5,0.5242080092430115,0.5242080092430115,안정
KOSPI,27390,(주)한화갤러리아타임월드,2017,2018,large,wholesale_retail,2018,train,0,0.07365013,0,0,0,0.5,0.5242080092430115,0.5242080092430115,안정
KOSPI,27390,(주)한화갤러리아타임월드,2018,2019,large,wholesale_retail,2019,train,0,0.07365013,0,0,0,0.5,0.5242080092430115,0.5242080092430115,안정
KOSPI,27410,(주)비지에프,2014,2015,mid_sized,it_services,2015,train,0,0.0032350223,0,0,0,0.5,0.5242080092430115,0.5242080092430115,안정
KOSPI,27410,(주)비지에프,2015,2016,mid_sized,it_services,2016,train,0,0.0028140643,0,0,0,0.5,0.5242080092430115,0.5242080092430115,안정
KOSPI,27410,(주)비지에프,2016,2017,mid_sized,it_services,2017,train,0,0.0018830955,0,0,0,0.5,0.5242080092430115,0.5242080092430115,안정
KOSPI,27740,(주)마니커,2014,2015,mid_sized,manufacturing,2015,train,1,0.98330885,1,1,1,0.5,0.5242080092430115,0.5242080092430115,고위험
KOSPI,27740,(주)마니커,2016,2017,mid_sized,manufacturing,2017,train,1,0.94767976,1,1,1,0.5,0.5242080092430115,0.5242080092430115,고위험
KOSPI,28050,삼성이앤에이(주),2014,2015,large,it_services,2015,train,0,0.0049080504,0,0,0,0.5,0.5242080092430115,0.5242080092430115,안정
KOSPI,28050,삼성이앤에이(주),2015,2016,large,it_services,2016,train,0,0.099841364,0,0,0,0.5,0.5242080092430115,0.5242080092430115,안정
KOSPI,28050,삼성이앤에이(주),2016,2017,large,it_services,2017,train,0,0.009709797,0,0,0,0.5,0.5242080092430115,0.5242080092430115,안정
KOSPI,28050,삼성이앤에이(주),2017,2018,large,it_services,2018,train,0,0.010643449,0,0,0,0.5,0.5242080092430115,0.5242080092430115,안정
KOSPI,28050,삼성이앤에이(주),2018,2019,large,it_services,2019,train,0,0.015044417,0,0,0,0.5,0.5242080092430115,0.5242080092430115,안정
KOSPI,28050,삼성이앤에이(주),2019,2020,large,it_services,2020,train,0,0.0031274594,0,0,0,0.5,0.5242080092430115,0.5242080092430115,안정
KOSPI,28050,삼성이앤에이(주),2020,2021,large,it_services,2021,train,0,0.0042527146,0,0,0,0.5,0.5242080092430115,0.5242080092430115,안정
KOSPI,28050,삼성이앤에이(주),2021,2022,large,it_services,2022,train,0,0.0020937705,0,0,0,0.5,0.5242080092430115,0.5242080092430115,안정
KOSPI,28100,(주)동아지질,2014,2015,mid_sized,construction,2015,train,0,0.066572845,0,0,0,0.5,0.5242080092430115,0.5242080092430115,안정
KOSPI,28100,(주)동아지질,2015,2016,mid_sized,construction,2016,train,0,0.097704135,0,0,0,0.5,0.5242080092430115,0.5242080092430115,안정
KOSPI,28100,(주)동아지질,2016,2017,mid_sized,construction,2017,train,0,0.027587341,0,0,0,0.5,0.5242080092430115,0.5242080092430115,안정
KOSPI,28100,(주)동아지질,2017,2018,mid_sized,construction,2018,train,0,0.017640099,0,0,0,0.5,0.5242080092430115,0.5242080092430115,안정
KOSPI,28100,(주)동아지질,2018,2019,mid_sized,construction,2019,train,0,0.0060231253,0,0,0,0.5,0.5242080092430115,0.5242080092430115,안정
KOSPI,28100,(주)동아지질,2019,2020,mid_sized,construction,2020,train,0,0.011140325,0,0,0,0.5,0.5242080092430115,0.5242080092430115,안정
KOSPI,28100,(주)동아지질,2020,2021,mid_sized,construction,2021,train,0,0.022092845,0,0,0,0.5,0.5242080092430115,0.5242080092430115,안정
KOSPI,28100,(주)동아지질,2021,2022,mid_sized,construction,2022,train,0,0.16261882,0,0,0,0.5,0.5242080092430115,0.5242080092430115,안정
KOSPI,28260,삼성물산(주),2014,2015,large,wholesale_retail,2015,train,0,0.0022123915,0,0,0,0.5,0.5242080092430115,0.5242080092430115,안정
KOSPI,28260,삼성물산(주),2015,2016,large,wholesale_retail,2016,train,0,0.003516606,0,0,0,0.5,0.5242080092430115,0.5242080092430115,안정
KOSPI,28260,삼성물산(주),2016,2017,large,wholesale_retail,2017,train,0,0.002033249,0,0,0,0.5,0.5242080092430115,0.5242080092430115,안정
KOSPI,28260,삼성물산(주),2017,2018,large,wholesale_retail,2018,train,0,0.0023087568,0,0,0,0.5,0.5242080092430115,0.5242080092430115,안정
KOSPI,28260,삼성물산(주),2018,2019,large,wholesale_retail,2019,train,0,0.0013797797,0,0,0,0.5,0.5242080092430115,0.5242080092430115,안정
KOSPI,28260,삼성물산(주),2019,2020,large,wholesale_retail,2020,train,0,0.002122032,0,0,0,0.5,0.5242080092430115,0.5242080092430115,안정
KOSPI,28260,삼성물산(주),2020,2021,large,wholesale_retail,2021,train,0,0.0017067906,0,0,0,0.5,0.5242080092430115,0.5242080092430115,안정
KOSPI,28260,삼성물산(주),2021,2022,large,wholesale_retail,2022,train,0,0.0013330614,0,0,0,0.5,0.5242080092430115,0.5242080092430115,안정
KOSPI,28670,팬오션(주),2016,2017,large,transport_storage,2017,train,0,0.0051680473,0,0,0,0.5,0.5242080092430115,0.5242080092430115,안정
KOSPI,28670,팬오션(주),2017,2018,large,transport_storage,2018,train,0,0.00826533,0,0,0,0.5,0.5242080092430115,0.5242080092430115,안정
KOSPI,28670,팬오션(주),2018,2019,large,transport_storage,2019,train,0,0.0044479826,0,0,0,0.5,0.5242080092430115,0.5242080092430115,안정
KOSPI,28670,팬오션(주),2019,2020,large,transport_storage,2020,train,0,0.005378919,0,0,0,0.5,0.5242080092430115,0.5242080092430115,안정
KOSPI,28670,팬오션(주),2020,2021,large,transport_storage,2021,train,0,0.014129133,0,0,0,0.5,0.5242080092430115,0.5242080092430115,안정
KOSPI,28670,팬오션(주),2021,2022,large,transport_storage,2022,train,0,0.005919147,0,0,0,0.5,0.5242080092430115,0.5242080092430115,안정
KOSPI,29460,(주)케이씨,2017,2018,mid_sized,manufacturing,2018,train,0,0.0054252655,0,0,0,0.5,0.5242080092430115,0.5242080092430115,안정
KOSPI,29460,(주)케이씨,2018,2019,mid_sized,manufacturing,2019,train,0,0.01525877,0,0,0,0.5,0.5242080092430115,0.5242080092430115,안정
KOSPI,29460,(주)케이씨,2019,2020,mid_sized,manufacturing,2020,train,0,0.0049402984,0,0,0,0.5,0.5242080092430115,0.5242080092430115,안정
KOSPI,29460,(주)케이씨,2020,2021,mid_sized,manufacturing,2021,train,0,0.0031768312,0,0,0,0.5,0.5242080092430115,0.5242080092430115,안정
KOSPI,29460,(주)케이씨,2021,2022,mid_sized,manufacturing,2022,train,0,0.02572338,0,0,0,0.5,0.5242080092430115,0.5242080092430115,안정
KOSPI,30000,(주)제일기획,2014,2015,large,it_services,2015,train,0,0.003377118,0,0,0,0.5,0.5242080092430115,0.5242080092430115,안정
KOSPI,30000,(주)제일기획,2015,2016,large,it_services,2016,train,0,0.0021606344,0,0,0,0.5,0.5242080092430115,0.5242080092430115,안정
KOSPI,30000,(주)제일기획,2016,2017,large,it_services,2017,train,0,0.0021000246,0,0,0,0.5,0.5242080092430115,0.5242080092430115,안정
KOSPI,30000,(주)제일기획,2017,2018,large,it_services,2018,train,0,0.0024726384,0,0,0,0.5,0.5242080092430115,0.5242080092430115,안정
KOSPI,30000,(주)제일기획,2018,2019,large,it_services,2019,train,0,0.00092965015,0,0,0,0.5,0.5242080092430115,0.5242080092430115,안정
KOSPI,30000,(주)제일기획,2019,2020,large,it_services,2020,train,0,0.0013782096,0,0,0,0.5,0.5242080092430115,0.5242080092430115,안정
KOSPI,30200,(주)케이티,2014,2015,large,it_services,2015,train,0,0.0022256877,0,0,0,0.5,0.5242080092430115,0.5242080092430115,안정
KOSPI,30200,(주)케이티,2015,2016,large,it_services,2016,train,0,0.0020058192,0,0,0,0.5,0.5242080092430115,0.5242080092430115,안정
KOSPI,30200,(주)케이티,2016,2017,large,it_services,2017,train,0,0.0011842399,0,0,0,0.5,0.5242080092430115,0.5242080092430115,안정
KOSPI,30200,(주)케이티,2017,2018,large,it_services,2018,train,0,0.0008347307,0,0,0,0.5,0.5242080092430115,0.5242080092430115,안정
KOSPI,30200,(주)케이티,2018,2019,large,it_services,2019,train,0,0.0016898577,0,0,0,0.5,0.5242080092430115,0.5242080092430115,안정
KOSPI,30200,(주)케이티,2019,2020,large,it_services,2020,train,0,0.00069037336,0,0,0,0.5,0.5242080092430115,0.5242080092430115,안정
KOSPI,30200,(주)케이티,2020,2021,large,it_services,2021,train,0,0.0014507234,0,0,0,0.5,0.5242080092430115,0.5242080092430115,안정
KOSPI,30200,(주)케이티,2021,2022,large,it_services,2022,train,0,0.0010166919,0,0,0,0.5,0.5242080092430115,0.5242080092430115,안정
KOSPI,30790,비케이탑스(주),2015,2016,mid_sized,it_services,2016,train,1,0.9485839,1,1,1,0.5,0.5242080092430115,0.5242080092430115,고위험
KOSPI,30790,비케이탑스(주),2016,2017,mid_sized,it_services,2017,train,1,0.8219831,1,1,1,0.5,0.5242080092430115,0.5242080092430115,고위험
KOSPI,31430,(주)신세계인터내셔날,2014,2015,large,wholesale_retail,2015,train,0,0.002880432,0,0,0,0.5,0.5242080092430115,0.5242080092430115,안정
KOSPI,31430,(주)신세계인터내셔날,2015,2016,large,wholesale_retail,2016,train,0,0.001465147,0,0,0,0.5,0.5242080092430115,0.5242080092430115,안정
KOSPI,31440,(주)신세계푸드,2014,2015,large,it_services,2015,train,0,0.07004199,0,0,0,0.5,0.5242080092430115,0.5242080092430115,안정
KOSPI,31440,(주)신세계푸드,2019,2020,large,it_services,2020,train,0,0.0013988754,0,0,0,0.5,0.5242080092430115,0.5242080092430115,안정
KOSPI,31440,(주)신세계푸드,2020,2021,large,it_services,2021,train,0,0.0062171607,0,0,0,0.5,0.5242080092430115,0.5242080092430115,안정
KOSPI,31440,(주)신세계푸드,2021,2022,large,it_services,2022,train,0,0.004247139,0,0,0,0.5,0.5242080092430115,0.5242080092430115,안정
KOSPI,31820,(주)아이티센씨티에스,2017,2018,mid_sized,it_services,2018,train,0,0.24251883,0,0,0,0.5,0.5242080092430115,0.5242080092430115,안정
KOSPI,31820,(주)아이티센씨티에스,2018,2019,mid_sized,it_services,2019,train,0,0.5147512,1,0,0,0.5,0.5242080092430115,0.5242080092430115,관찰
KOSPI,31820,(주)아이티센씨티에스,2019,2020,mid_sized,it_services,2020,train,0,0.3114311,0,0,0,0.5,0.5242080092430115,0.5242080092430115,안정
KOSPI,31820,(주)아이티센씨티에스,2020,2021,mid_sized,it_services,2021,train,0,0.27050126,0,0,0,0.5,0.5242080092430115,0.5242080092430115,안정
KOSPI,31820,(주)아이티센씨티에스,2021,2022,mid_sized,it_services,2022,train,0,0.08465713,0,0,0,0.5,0.5242080092430115,0.5242080092430115,안정
KOSPI,32560,(주)황금에스티,2015,2016,mid_sized,manufacturing,2016,train,0,0.3398472,0,0,0,0.5,0.5242080092430115,0.5242080092430115,안정
KOSPI,32560,(주)황금에스티,2016,2017,mid_sized,manufacturing,2017,train,0,0.17861995,0,0,0,0.5,0.5242080092430115,0.5242080092430115,안정
KOSPI,32560,(주)황금에스티,2017,2018,mid_sized,manufacturing,2018,train,0,0.038950697,0,0,0,0.5,0.5242080092430115,0.5242080092430115,안정
KOSPI,32560,(주)황금에스티,2018,2019,mid_sized,manufacturing,2019,train,0,0.12473069,0,0,0,0.5,0.5242080092430115,0.5242080092430115,안정
KOSPI,32560,(주)황금에스티,2019,2020,mid_sized,manufacturing,2020,train,0,0.071188,0,0,0,0.5,0.5242080092430115,0.5242080092430115,안정
KOSPI,32560,(주)황금에스티,2020,2021,mid_sized,manufacturing,2021,train,0,0.15525743,0,0,0,0.5,0.5242080092430115,0.5242080092430115,안정
KOSPI,32560,(주)황금에스티,2021,2022,mid_sized,manufacturing,2022,train,0,0.015715484,0,0,0,0.5,0.5242080092430115,0.5242080092430115,안정
KOSPI,32640,(주)엘지유플러스,2014,2015,large,it_services,2015,train,0,0.0017436583,0,0,0,0.5,0.5242080092430115,0.5242080092430115,안정
KOSPI,32640,(주)엘지유플러스,2015,2016,large,it_services,2016,train,0,0.0022386345,0,0,0,0.5,0.5242080092430115,0.5242080092430115,안정
KOSPI,32640,(주)엘지유플러스,2016,2017,large,it_services,2017,train,0,0.0023772155,0,0,0,0.5,0.5242080092430115,0.5242080092430115,안정
KOSPI,32640,(주)엘지유플러스,2017,2018,large,it_services,2018,train,0,0.0011394114,0,0,0,0.5,0.5242080092430115,0.5242080092430115,안정
KOSPI,32640,(주)엘지유플러스,2018,2019,large,it_services,2019,train,0,0.0010154437,0,0,0,0.5,0.5242080092430115,0.5242080092430115,안정
KOSPI,32640,(주)엘지유플러스,2019,2020,large,it_services,2020,train,0,0.0015221542,0,0,0,0.5,0.5242080092430115,0.5242080092430115,안정
KOSPI,32640,(주)엘지유플러스,2020,2021,large,it_services,2021,train,0,0.0013538232,0,0,0,0.5,0.5242080092430115,0.5242080092430115,안정
KOSPI,32640,(주)엘지유플러스,2021,2022,large,it_services,2022,train,0,0.0016020265,0,0,0,0.5,0.5242080092430115,0.5242080092430115,안정
KOSPI,33240,자화전자(주),2014,2015,mid_sized,manufacturing,2015,train,0,0.0035523486,0,0,0,0.5,0.5242080092430115,0.5242080092430115,안정
KOSPI,33240,자화전자(주),2015,2016,mid_sized,manufacturing,2016,train,0,0.0065001943,0,0,0,0.5,0.5242080092430115,0.5242080092430115,안정
KOSPI,33240,자화전자(주),2016,2017,mid_sized,manufacturing,2017,train,0,0.005336137,0,0,0,0.5,0.5242080092430115,0.5242080092430115,안정
KOSPI,33240,자화전자(주),2017,2018,mid_sized,manufacturing,2018,train,0,0.0051370054,0,0,0,0.5,0.5242080092430115,0.5242080092430115,안정
KOSPI,33240,자화전자(주),2018,2019,mid_sized,manufacturing,2019,train,0,0.007681364,0,0,0,0.5,0.5242080092430115,0.5242080092430115,안정
KOSPI,33240,자화전자(주),2019,2020,mid_sized,manufacturing,2020,train,0,0.023438131,0,0,0,0.5,0.5242080092430115,0.5242080092430115,안정
KOSPI,33240,자화전자(주),2020,2021,mid_sized,manufacturing,2021,train,0,0.044468172,0,0,0,0.5,0.5242080092430115,0.5242080092430115,안정
KOSPI,33240,자화전자(주),2021,2022,mid_sized,manufacturing,2022,train,0,0.011262021,0,0,0,0.5,0.5242080092430115,0.5242080092430115,안정
KOSPI,33250,(주)체시스,2020,2021,small_and_medium,manufacturing,2021,train,1,0.99194396,1,1,1,0.5,0.5242080092430115,0.5242080092430115,고위험
KOSPI,33250,(주)체시스,2021,2022,small_and_medium,manufacturing,2022,train,1,0.97906405,1,1,1,0.5,0.5242080092430115,0.5242080092430115,고위험
KOSPI,33530,에스제이지세종(주),2014,2015,mid_sized,manufacturing,2015,train,0,0.010787478,0,0,0,0.5,0.5242080092430115,0.5242080092430115,안정
KOSPI,33530,에스제이지세종(주),2015,2016,mid_sized,manufacturing,2016,train,0,0.013556435,0,0,0,0.5,0.5242080092430115,0.5242080092430115,안정
KOSPI,33530,에스제이지세종(주),2016,2017,mid_sized,manufacturing,2017,train,0,0.015515879,0,0,0,0.5,0.5242080092430115,0.5242080092430115,안정
KOSPI,33530,에스제이지세종(주),2017,2018,mid_sized,manufacturing,2018,train,0,0.034345377,0,0,0,0.5,0.5242080092430115,0.5242080092430115,안정
KOSPI,33530,에스제이지세종(주),2018,2019,mid_sized,manufacturing,2019,train,0,0.020979617,0,0,0,0.5,0.5242080092430115,0.5242080092430115,안정
KOSPI,33530,에스제이지세종(주),2019,2020,mid_sized,manufacturing,2020,train,0,0.09535572,0,0,0,0.5,0.5242080092430115,0.5242080092430115,안정
KOSPI,33530,에스제이지세종(주),2021,2022,mid_sized,manufacturing,2022,train,0,0.072802715,0,0,0,0.5,0.5242080092430115,0.5242080092430115,안정
KOSPI,34020,두산에너빌리티(주),2014,2015,large,manufacturing,2015,train,0,0.0072374116,0,0,0,0.5,0.5242080092430115,0.5242080092430115,안정
KOSPI,34020,두산에너빌리티(주),2015,2016,large,manufacturing,2016,train,0,0.0095173735,0,0,0,0.5,0.5242080092430115,0.5242080092430115,안정
KOSPI,34020,두산에너빌리티(주),2016,2017,large,manufacturing,2017,train,0,0.00766824,0,0,0,0.5,0.5242080092430115,0.5242080092430115,안정
KOSPI,34020,두산에너빌리티(주),2017,2018,large,manufacturing,2018,train,0,0.011210649,0,0,0,0.5,0.5242080092430115,0.5242080092430115,안정
KOSPI,34020,두산에너빌리티(주),2018,2019,large,manufacturing,2019,train,0,0.01990736,0,0,0,0.5,0.5242080092430115,0.5242080092430115,안정
KOSPI,34020,두산에너빌리티(주),2019,2020,large,manufacturing,2020,train,0,0.01856325,0,0,0,0.5,0.5242080092430115,0.5242080092430115,안정
KOSPI,34020,두산에너빌리티(주),2020,2021,large,manufacturing,2021,train,0,0.012901932,0,0,0,0.5,0.5242080092430115,0.5242080092430115,안정
KOSPI,34020,두산에너빌리티(주),2021,2022,large,manufacturing,2022,train,0,0.0067992993,0,0,0,0.5,0.5242080092430115,0.5242080092430115,안정
KOSPI,34120,(주)에스비에스,2014,2015,large,it_services,2015,train,0,0.002071427,0,0,0,0.5,0.5242080092430115,0.5242080092430115,안정
KOSPI,34120,(주)에스비에스,2016,2017,mid_sized,it_services,2017,train,0,0.00857817,0,0,0,0.5,0.5242080092430115,0.5242080092430115,안정
KOSPI,34120,(주)에스비에스,2018,2019,mid_sized,it_services,2019,train,0,0.0028754536,0,0,0,0.5,0.5242080092430115,0.5242080092430115,안정
KOSPI,34120,(주)에스비에스,2019,2020,mid_sized,it_services,2020,train,0,0.008664182,0,0,0,0.5,0.5242080092430115,0.5242080092430115,안정
KOSPI,34120,(주)에스비에스,2020,2021,mid_sized,it_services,2021,train,0,0.0061063566,0,0,0,0.5,0.5242080092430115,0.5242080092430115,안정
KOSPI,34120,(주)에스비에스,2021,2022,large,it_services,2022,train,0,0.0010937742,0,0,0,0.5,0.5242080092430115,0.5242080092430115,안정
KOSPI,34220,엘지디스플레이(주),2014,2015,large,manufacturing,2015,train,0,0.0029757807,0,0,0,0.5,0.5242080092430115,0.5242080092430115,안정
KOSPI,34220,엘지디스플레이(주),2015,2016,large,manufacturing,2016,train,0,0.0007662099,0,0,0,0.5,0.5242080092430115,0.5242080092430115,안정
KOSPI,34220,엘지디스플레이(주),2016,2017,large,manufacturing,2017,train,0,0.0013486095,0,0,0,0.5,0.5242080092430115,0.5242080092430115,안정
KOSPI,34220,엘지디스플레이(주),2017,2018,large,manufacturing,2018,train,0,0.002916988,0,0,0,0.5,0.5242080092430115,0.5242080092430115,안정
KOSPI,34220,엘지디스플레이(주),2018,2019,large,manufacturing,2019,train,0,0.005859911,0,0,0,0.5,0.5242080092430115,0.5242080092430115,안정
KOSPI,34220,엘지디스플레이(주),2019,2020,large,manufacturing,2020,train,0,0.0141097,0,0,0,0.5,0.5242080092430115,0.5242080092430115,안정
KOSPI,34220,엘지디스플레이(주),2020,2021,large,manufacturing,2021,train,0,0.010288646,0,0,0,0.5,0.5242080092430115,0.5242080092430115,안정
KOSPI,34220,엘지디스플레이(주),2021,2022,large,manufacturing,2022,train,0,0.017874159,0,0,0,0.5,0.5242080092430115,0.5242080092430115,안정
KOSPI,34300,신세계건설(주),2014,2015,large,construction,2015,train,0,0.073701136,0,0,0,0.5,0.5242080092430115,0.5242080092430115,안정
KOSPI,34300,신세계건설(주),2015,2016,large,construction,2016,train,0,0.073701136,0,0,0,0.5,0.5242080092430115,0.5242080092430115,안정
KOSPI,34300,신세계건설(주),2016,2017,large,construction,2017,train,0,0.073701136,0,0,0,0.5,0.5242080092430115,0.5242080092430115,안정
KOSPI,34300,신세계건설(주),2017,2018,large,construction,2018,train,0,0.07305121,0,0,0,0.5,0.5242080092430115,0.5242080092430115,안정
KOSPI,34300,신세계건설(주),2018,2019,large,construction,2019,train,0,0.07305121,0,0,0,0.5,0.5242080092430115,0.5242080092430115,안정
KOSPI,34300,신세계건설(주),2019,2020,large,construction,2020,train,0,0.07305121,0,0,0,0.5,0.5242080092430115,0.5242080092430115,안정
KOSPI,34300,신세계건설(주),2020,2021,large,construction,2021,train,0,0.07305121,0,0,0,0.5,0.5242080092430115,0.5242080092430115,안정
KOSPI,34300,신세계건설(주),2021,2022,large,construction,2022,train,0,0.07305121,0,0,0,0.5,0.5242080092430115,0.5242080092430115,안정
KOSPI,34730,에스케이(주),2014,2015,large,it_services,2015,train,0,0.0011267413,0,0,0,0.5,0.5242080092430115,0.5242080092430115,안정
KOSPI,34730,에스케이(주),2015,2016,large,it_services,2016,train,0,0.0011038623,0,0,0,0.5,0.5242080092430115,0.5242080092430115,안정
KOSPI,34730,에스케이(주),2016,2017,large,it_services,2017,train,0,0.0013814481,0,0,0,0.5,0.5242080092430115,0.5242080092430115,안정
KOSPI,34730,에스케이(주),2017,2018,large,it_services,2018,train,0,0.00085866364,0,0,0,0.5,0.5242080092430115,0.5242080092430115,안정
KOSPI,34730,에스케이(주),2018,2019,large,it_services,2019,train,0,0.0013150852,0,0,0,0.5,0.5242080092430115,0.5242080092430115,안정
KOSPI,34730,에스케이(주),2019,2020,large,it_services,2020,train,0,0.00171728,0,0,0,0.5,0.5242080092430115,0.5242080092430115,안정
KOSPI,34730,에스케이(주),2020,2021,large,it_services,2021,train,0,0.001255103,0,0,0,0.5,0.5242080092430115,0.5242080092430115,안정
KOSPI,34730,에스케이(주),2021,2022,large,it_services,2022,train,0,0.0012877372,0,0,0,0.5,0.5242080092430115,0.5242080092430115,안정
KOSPI,35000,(주)에이치에스애드,2014,2015,large,it_services,2015,train,0,0.017003942,0,0,0,0.5,0.5242080092430115,0.5242080092430115,안정
KOSPI,35000,(주)에이치에스애드,2015,2016,large,it_services,2016,train,0,0.016303066,0,0,0,0.5,0.5242080092430115,0.5242080092430115,안정
KOSPI,35000,(주)에이치에스애드,2016,2017,large,it_services,2017,train,0,0.011516136,0,0,0,0.5,0.5242080092430115,0.5242080092430115,안정
KOSPI,35000,(주)에이치에스애드,2017,2018,large,it_services,2018,train,0,0.0077898325,0,0,0,0.5,0.5242080092430115,0.5242080092430115,안정
KOSPI,35000,(주)에이치에스애드,2018,2019,large,it_services,2019,train,0,0.017894134,0,0,0,0.5,0.5242080092430115,0.5242080092430115,안정
KOSPI,35000,(주)에이치에스애드,2019,2020,large,it_services,2020,train,0,0.009332919,0,0,0,0.5,0.5242080092430115,0.5242080092430115,안정
KOSPI,35000,(주)에이치에스애드,2020,2021,large,it_services,2021,train,0,0.008638557,0,0,0,0.5,0.5242080092430115,0.5242080092430115,안정
KOSPI,35000,(주)에이치에스애드,2021,2022,large,it_services,2022,train,0,0.016149728,0,0,0,0.5,0.5242080092430115,0.5242080092430115,안정
KOSPI,35150,(주)백산,2014,2015,mid_sized,manufacturing,2015,train,0,0.5896398,1,1,1,0.5,0.5242080092430115,0.5242080092430115,관찰
KOSPI,35150,(주)백산,2015,2016,mid_sized,manufacturing,2016,train,0,0.34681123,0,0,0,0.5,0.5242080092430115,0.5242080092430115,안정
KOSPI,35150,(주)백산,2016,2017,mid_sized,manufacturing,2017,train,0,0.07196335,0,0,0,0.5,0.5242080092430115,0.5242080092430115,안정
KOSPI,35150,(주)백산,2017,2018,mid_sized,manufacturing,2018,train,0,0.054842845,0,0,0,0.5,0.5242080092430115,0.5242080092430115,안정
KOSPI,35150,(주)백산,2018,2019,mid_sized,manufacturing,2019,train,0,0.4014212,0,0,0,0.5,0.5242080092430115,0.5242080092430115,관찰
KOSPI,35150,(주)백산,2019,2020,mid_sized,manufacturing,2020,train,0,0.1406491,0,0,0,0.5,0.5242080092430115,0.5242080092430115,안정
KOSPI,35150,(주)백산,2020,2021,mid_sized,manufacturing,2021,train,0,0.23461595,0,0,0,0.5,0.5242080092430115,0.5242080092430115,안정
KOSPI,35150,(주)백산,2021,2022,mid_sized,manufacturing,2022,train,0,0.1885568,0,0,0,0.5,0.5242080092430115,0.5242080092430115,안정
KOSPI,35720,(주)카카오,2017,2018,mid_sized,it_services,2018,train,0,0.0005623732,0,0,0,0.5,0.5242080092430115,0.5242080092430115,안정
KOSPI,35720,(주)카카오,2018,2019,large,it_services,2019,train,0,0.0006493791,0,0,0,0.5,0.5242080092430115,0.5242080092430115,안정
KOSPI,35720,(주)카카오,2019,2020,large,it_services,2020,train,0,0.0009418296,0,0,0,0.5,0.5242080092430115,0.5242080092430115,안정
KOSPI,35720,(주)카카오,2020,2021,large,it_services,2021,train,0,0.0013938779,0,0,0,0.5,0.5242080092430115,0.5242080092430115,안정
KOSPI,35720,(주)카카오,2021,2022,large,it_services,2022,train,0,0.0016424083,0,0,0,0.5,0.5242080092430115,0.5242080092430115,안정
KOSPI,36420,(주)콘텐트리중앙,2021,2022,mid_sized,it_services,2022,train,0,0.04443467,0,0,0,0.5,0.5242080092430115,0.5242080092430115,안정
KOSPI,36460,한국가스공사(주),2014,2015,large,other,2015,train,0,0.002358662,0,0,0,0.5,0.5242080092430115,0.5242080092430115,안정
KOSPI,36460,한국가스공사(주),2015,2016,large,other,2016,train,0,0.0023007833,0,0,0,0.5,0.5242080092430115,0.5242080092430115,안정
KOSPI,36460,한국가스공사(주),2016,2017,mid_sized,other,2017,train,0,0.003363406,0,0,0,0.5,0.5242080092430115,0.5242080092430115,안정
KOSPI,36460,한국가스공사(주),2017,2018,mid_sized,other,2018,train,0,0.006080873,0,0,0,0.5,0.5242080092430115,0.5242080092430115,안정
KOSPI,36460,한국가스공사(주),2018,2019,mid_sized,other,2019,train,0,0.0057457825,0,0,0,0.5,0.5242080092430115,0.5242080092430115,안정
KOSPI,36460,한국가스공사(주),2019,2020,mid_sized,other,2020,train,0,0.003804122,0,0,0,0.5,0.5242080092430115,0.5242080092430115,안정
KOSPI,36460,한국가스공사(주),2020,2021,mid_sized,other,2021,train,0,0.006565515,0,0,0,0.5,0.5242080092430115,0.5242080092430115,안정
KOSPI,36460,한국가스공사(주),2021,2022,mid_sized,other,2022,train,0,0.008842586,0,0,0,0.5,0.5242080092430115,0.5242080092430115,안정
KOSPI,37560,(주)엘지헬로비전,2014,2015,large,it_services,2015,train,0,0.0006781329,0,0,0,0.5,0.5242080092430115,0.5242080092430115,안정
KOSPI,37560,(주)엘지헬로비전,2015,2016,large,it_services,2016,train,0,0.18455546,0,0,0,0.5,0.5242080092430115,0.5242080092430115,안정
KOSPI,37560,(주)엘지헬로비전,2016,2017,large,it_services,2017,train,0,0.069861844,0,0,0,0.5,0.5242080092430115,0.5242080092430115,안정
KOSPI,37560,(주)엘지헬로비전,2017,2018,large,it_services,2018,train,0,0.06924324,0,0,0,0.5,0.5242080092430115,0.5242080092430115,안정
KOSPI,37560,(주)엘지헬로비전,2018,2019,large,it_services,2019,train,0,0.0006476877,0,0,0,0.5,0.5242080092430115,0.5242080092430115,안정
KOSPI,37560,(주)엘지헬로비전,2019,2020,large,it_services,2020,train,0,0.0019862053,0,0,0,0.5,0.5242080092430115,0.5242080092430115,안정
KOSPI,37560,(주)엘지헬로비전,2020,2021,large,it_services,2021,train,0,0.012443652,0,0,0,0.5,0.5242080092430115,0.5242080092430115,안정
KOSPI,37560,(주)엘지헬로비전,2021,2022,large,it_services,2022,train,0,0.0008599451,0,0,0,0.5,0.5242080092430115,0.5242080092430115,안정
KOSPI,39130,(주)하나투어,2014,2015,mid_sized,it_services,2015,train,0,0.007105307,0,0,0,0.5,0.5242080092430115,0.5242080092430115,안정
KOSPI,39130,(주)하나투어,2015,2016,mid_sized,it_services,2016,train,0,0.008079636,0,0,0,0.5,0.5242080092430115,0.5242080092430115,안정
KOSPI,39130,(주)하나투어,2016,2017,mid_sized,it_services,2017,train,0,0.009240046,0,0,0,0.5,0.5242080092430115,0.5242080092430115,안정
KOSPI,39130,(주)하나투어,2017,2018,mid_sized,it_services,2018,train,0,0.012877887,0,0,0,0.5,0.5242080092430115,0.5242080092430115,안정
KOSPI,39130,(주)하나투어,2018,2019,mid_sized,it_services,2019,train,0,0.021671675,0,0,0,0.5,0.5242080092430115,0.5242080092430115,안정
KOSPI,39130,(주)하나투어,2019,2020,mid_sized,it_services,2020,train,0,0.0071313144,0,0,0,0.5,0.5242080092430115,0.5242080092430115,안정
KOSPI,39130,(주)하나투어,2020,2021,mid_sized,it_services,2021,train,0,0.07584895,0,0,0,0.5,0.5242080092430115,0.5242080092430115,안정
KOSPI,39130,(주)하나투어,2021,2022,mid_sized,it_services,2022,train,0,0.1629737,0,0,0,0.5,0.5242080092430115,0.5242080092430115,안정
KOSPI,42660,한화오션(주),2014,2015,large,manufacturing,2015,train,1,0.8694405,1,1,1,0.5,0.5242080092430115,0.5242080092430115,고위험
KOSPI,42660,한화오션(주),2015,2016,large,manufacturing,2016,train,1,0.91956496,1,1,1,0.5,0.5242080092430115,0.5242080092430115,고위험
KOSPI,42660,한화오션(주),2016,2017,large,manufacturing,2017,train,1,0.9415627,1,1,1,0.5,0.5242080092430115,0.5242080092430115,고위험
KOSPI,42660,한화오션(주),2017,2018,large,manufacturing,2018,train,1,0.9221837,1,1,1,0.5,0.5242080092430115,0.5242080092430115,고위험
KOSPI,42660,한화오션(주),2018,2019,large,manufacturing,2019,train,1,0.5224218,1,0,0,0.5,0.5242080092430115,0.5242080092430115,관찰
KOSPI,42660,한화오션(주),2019,2020,large,manufacturing,2020,train,1,0.6862374,1,1,1,0.5,0.5242080092430115,0.5242080092430115,고위험
KOSPI,42660,한화오션(주),2020,2021,large,manufacturing,2021,train,1,0.87365574,1,1,1,0.5,0.5242080092430115,0.5242080092430115,고위험
KOSPI,42660,한화오션(주),2021,2022,large,manufacturing,2022,train,1,0.9159717,1,1,1,0.5,0.5242080092430115,0.5242080092430115,고위험
KOSPI,42670,에이치디현대인프라코어(주),2014,2015,large,manufacturing,2015,train,0,0.0066174483,0,0,0,0.5,0.5242080092430115,0.5242080092430115,안정
KOSPI,42670,에이치디현대인프라코어(주),2015,2016,large,manufacturing,2016,train,0,0.010542582,0,0,0,0.5,0.5242080092430115,0.5242080092430115,안정
KOSPI,42670,에이치디현대인프라코어(주),2016,2017,large,manufacturing,2017,train,0,0.007576531,0,0,0,0.5,0.5242080092430115,0.5242080092430115,안정
KOSPI,42670,에이치디현대인프라코어(주),2017,2018,large,manufacturing,2018,train,0,0.01313197,0,0,0,0.5,0.5242080092430115,0.5242080092430115,안정
KOSPI,42670,에이치디현대인프라코어(주),2018,2019,large,manufacturing,2019,train,0,0.018002747,0,0,0,0.5,0.5242080092430115,0.5242080092430115,안정
KOSPI,42670,에이치디현대인프라코어(주),2019,2020,large,manufacturing,2020,train,0,0.033736553,0,0,0,0.5,0.5242080092430115,0.5242080092430115,안정
KOSPI,42670,에이치디현대인프라코어(주),2020,2021,large,manufacturing,2021,train,0,0.00938389,0,0,0,0.5,0.5242080092430115,0.5242080092430115,안정
KOSPI,42670,에이치디현대인프라코어(주),2021,2022,large,manufacturing,2022,train,0,0.06025059,0,0,0,0.5,0.5242080092430115,0.5242080092430115,안정
KOSPI,44380,(주)주연테크,2018,2019,small_and_medium,manufacturing,2019,train,0,0.7352797,1,1,1,0.5,0.5242080092430115,0.5242080092430115,고위험
KOSPI,44380,(주)주연테크,2021,2022,small_and_medium,manufacturing,2022,train,0,0.67791003,1,1,1,0.5,0.5242080092430115,0.5242080092430115,고위험
KOSPI,47040,(주)대우건설,2014,2015,large,construction,2015,train,0,0.029503906,0,0,0,0.5,0.5242080092430115,0.5242080092430115,안정
KOSPI,47040,(주)대우건설,2015,2016,large,construction,2016,train,0,0.02058763,0,0,0,0.5,0.5242080092430115,0.5242080092430115,안정
KOSPI,47040,(주)대우건설,2016,2017,large,construction,2017,train,0,0.22261499,0,0,0,0.5,0.5242080092430115,0.5242080092430115,안정
KOSPI,47040,(주)대우건설,2017,2018,mid_sized,construction,2018,train,0,0.03160519,0,0,0,0.5,0.5242080092430115,0.5242080092430115,안정
KOSPI,47040,(주)대우건설,2018,2019,mid_sized,construction,2019,train,0,0.055440396,0,0,0,0.5,0.5242080092430115,0.5242080092430115,안정
KOSPI,47040,(주)대우건설,2019,2020,large,construction,2020,train,0,0.037228882,0,0,0,0.5,0.5242080092430115,0.5242080092430115,안정
KOSPI,47040,(주)대우건설,2020,2021,mid_sized,construction,2021,train,0,0.024693675,0,0,0,0.5,0.5242080092430115,0.5242080092430115,안정
KOSPI,47040,(주)대우건설,2021,2022,large,construction,2022,train,0,0.017172756,0,0,0,0.5,0.5242080092430115,0.5242080092430115,안정
KOSPI,47050,(주)포스코인터내셔널,2017,2018,large,wholesale_retail,2018,train,0,0.0023401983,0,0,0,0.5,0.5242080092430115,0.5242080092430115,안정
KOSPI,47050,(주)포스코인터내셔널,2018,2019,large,wholesale_retail,2019,train,0,0.0019712434,0,0,0,0.5,0.5242080092430115,0.5242080092430115,안정
KOSPI,47050,(주)포스코인터내셔널,2019,2020,large,wholesale_retail,2020,train,0,0.0014513694,0,0,0,0.5,0.5242080092430115,0.5242080092430115,안정
KOSPI,47400,유니온머티리얼(주),2014,2015,mid_sized,manufacturing,2015,train,0,0.34951487,0,0,0,0.5,0.5242080092430115,0.5242080092430115,안정
KOSPI,47400,유니온머티리얼(주),2015,2016,mid_sized,manufacturing,2016,train,0,0.13450874,0,0,0,0.5,0.5242080092430115,0.5242080092430115,안정
KOSPI,47400,유니온머티리얼(주),2016,2017,large,manufacturing,2017,train,0,0.023061633,0,0,0,0.5,0.5242080092430115,0.5242080092430115,안정
KOSPI,47400,유니온머티리얼(주),2017,2018,large,manufacturing,2018,train,0,0.16050829,0,0,0,0.5,0.5242080092430115,0.5242080092430115,안정
KOSPI,47400,유니온머티리얼(주),2018,2019,mid_sized,manufacturing,2019,train,0,0.66726166,1,1,1,0.5,0.5242080092430115,0.5242080092430115,고위험
KOSPI,47400,유니온머티리얼(주),2019,2020,mid_sized,manufacturing,2020,train,0,0.6802898,1,1,1,0.5,0.5242080092430115,0.5242080092430115,고위험
KOSPI,47400,유니온머티리얼(주),2020,2021,mid_sized,manufacturing,2021,train,0,0.4466579,0,0,0,0.5,0.5242080092430115,0.5242080092430115,관찰
KOSPI,47400,유니온머티리얼(주),2021,2022,mid_sized,manufacturing,2022,train,0,0.55681145,1,1,1,0.5,0.5242080092430115,0.5242080092430115,관찰
KOSPI,47810,한국항공우주산업(주),2014,2015,mid_sized,manufacturing,2015,train,0,0.0059304335,0,0,0,0.5,0.5242080092430115,0.5242080092430115,안정
KOSPI,47810,한국항공우주산업(주),2015,2016,mid_sized,manufacturing,2016,train,0,0.0036631932,0,0,0,0.5,0.5242080092430115,0.5242080092430115,안정
KOSPI,47810,한국항공우주산업(주),2016,2017,mid_sized,manufacturing,2017,train,0,0.001542731,0,0,0,0.5,0.5242080092430115,0.5242080092430115,안정
KOSPI,47810,한국항공우주산업(주),2017,2018,mid_sized,manufacturing,2018,train,0,0.1700411,0,0,0,0.5,0.5242080092430115,0.5242080092430115,안정
KOSPI,47810,한국항공우주산업(주),2018,2019,mid_sized,manufacturing,2019,train,0,0.032338884,0,0,0,0.5,0.5242080092430115,0.5242080092430115,안정
KOSPI,47810,한국항공우주산업(주),2019,2020,mid_sized,manufacturing,2020,train,0,0.010463337,0,0,0,0.5,0.5242080092430115,0.5242080092430115,안정
KOSPI,47810,한국항공우주산업(주),2020,2021,mid_sized,manufacturing,2021,train,0,0.020278355,0,0,0,0.5,0.5242080092430115,0.5242080092430115,안정
KOSPI,47810,한국항공우주산업(주),2021,2022,mid_sized,manufacturing,2022,train,0,0.0063064974,0,0,0,0.5,0.5242080092430115,0.5242080092430115,안정
KOSPI,49770,(주)동원에프앤비,2014,2015,mid_sized,manufacturing,2015,train,0,0.0034921598,0,0,0,0.5,0.5242080092430115,0.5242080092430115,안정
KOSPI,49770,(주)동원에프앤비,2015,2016,mid_sized,manufacturing,2016,train,0,0.0032371494,0,0,0,0.5,0.5242080092430115,0.5242080092430115,안정
KOSPI,49770,(주)동원에프앤비,2016,2017,mid_sized,manufacturing,2017,train,0,0.002424408,0,0,0,0.5,0.5242080092430115,0.5242080092430115,안정
KOSPI,49770,(주)동원에프앤비,2017,2018,mid_sized,manufacturing,2018,train,0,0.0016015521,0,0,0,0.5,0.5242080092430115,0.5242080092430115,안정
KOSPI,49770,(주)동원에프앤비,2018,2019,mid_sized,manufacturing,2019,train,0,0.0021288139,0,0,0,0.5,0.5242080092430115,0.5242080092430115,안정
KOSPI,49770,(주)동원에프앤비,2019,2020,mid_sized,manufacturing,2020,train,0,0.0013864288,0,0,0,0.5,0.5242080092430115,0.5242080092430115,안정
KOSPI,49770,(주)동원에프앤비,2020,2021,mid_sized,manufacturing,2021,train,0,0.0019128752,0,0,0,0.5,0.5242080092430115,0.5242080092430115,안정
KOSPI,49770,(주)동원에프앤비,2021,2022,mid_sized,manufacturing,2022,train,0,0.0031375163,0,0,0,0.5,0.5242080092430115,0.5242080092430115,안정
KOSPI,51600,한전케이피에스(주),2017,2018,mid_sized,construction,2018,train,0,0.00091511494,0,0,0,0.5,0.5242080092430115,0.5242080092430115,안정
KOSPI,51600,한전케이피에스(주),2018,2019,mid_sized,construction,2019,train,0,0.0010718411,0,0,0,0.5,0.5242080092430115,0.5242080092430115,안정
KOSPI,51600,한전케이피에스(주),2019,2020,mid_sized,construction,2020,train,0,0.0008249847,0,0,0,0.5,0.5242080092430115,0.5242080092430115,안정
KOSPI,51600,한전케이피에스(주),2020,2021,mid_sized,construction,2021,train,0,0.001811497,0,0,0,0.5,0.5242080092430115,0.5242080092430115,안정
KOSPI,51600,한전케이피에스(주),2021,2022,mid_sized,construction,2022,train,0,0.0009284557,0,0,0,0.5,0.5242080092430115,0.5242080092430115,안정
KOSPI,51900,(주)엘지생활건강,2014,2015,large,manufacturing,2015,train,0,0.00085365993,0,0,0,0.5,0.5242080092430115,0.5242080092430115,안정
KOSPI,51900,(주)엘지생활건강,2015,2016,large,manufacturing,2016,train,0,0.000975296,0,0,0,0.5,0.5242080092430115,0.5242080092430115,안정
KOSPI,51900,(주)엘지생활건강,2016,2017,large,manufacturing,2017,train,0,0.00048275563,0,0,0,0.5,0.5242080092430115,0.5242080092430115,안정
KOSPI,51900,(주)엘지생활건강,2017,2018,large,manufacturing,2018,train,0,0.00039586396,0,0,0,0.5,0.5242080092430115,0.5242080092430115,안정
KOSPI,51900,(주)엘지생활건강,2018,2019,large,manufacturing,2019,train,0,0.0006272278,0,0,0,0.5,0.5242080092430115,0.5242080092430115,안정
KOSPI,51910,(주)엘지화학,2014,2015,large,manufacturing,2015,train,0,0.0011484092,0,0,0,0.5,0.5242080092430115,0.5242080092430115,안정
KOSPI,51910,(주)엘지화학,2015,2016,large,manufacturing,2016,train,0,0.00096543296,0,0,0,0.5,0.5242080092430115,0.5242080092430115,안정
KOSPI,51910,(주)엘지화학,2016,2017,large,manufacturing,2017,train,0,0.0012837688,0,0,0,0.5,0.5242080092430115,0.5242080092430115,안정
KOSPI,51910,(주)엘지화학,2017,2018,large,manufacturing,2018,train,0,0.000908475,0,0,0,0.5,0.5242080092430115,0.5242080092430115,안정
KOSPI,51910,(주)엘지화학,2018,2019,large,manufacturing,2019,train,0,0.00096576917,0,0,0,0.5,0.5242080092430115,0.5242080092430115,안정
KOSPI,51910,(주)엘지화학,2019,2020,large,manufacturing,2020,train,0,0.0025617552,0,0,0,0.5,0.5242080092430115,0.5242080092430115,안정
KOSPI,51910,(주)엘지화학,2020,2021,large,manufacturing,2021,train,0,0.007949166,0,0,0,0.5,0.5242080092430115,0.5242080092430115,안정
KOSPI,51910,(주)엘지화학,2021,2022,large,manufacturing,2022,train,0,0.00474102,0,0,0,0.5,0.5242080092430115,0.5242080092430115,안정
KOSPI,53210,(주)케이티스카이라이프,2014,2015,large,it_services,2015,train,0,0.000739135,0,0,0,0.5,0.5242080092430115,0.5242080092430115,안정
KOSPI,53210,(주)케이티스카이라이프,2015,2016,large,it_services,2016,train,0,0.0005403679,0,0,0,0.5,0.5242080092430115,0.5242080092430115,안정
KOSPI,53210,(주)케이티스카이라이프,2016,2017,large,it_services,2017,train,0,0.0003265114,0,0,0,0.5,0.5242080092430115,0.5242080092430115,안정
KOSPI,53210,(주)케이티스카이라이프,2017,2018,large,it_services,2018,train,0,0.00011168908,0,0,0,0.5,0.5242080092430115,0.5242080092430115,안정
KOSPI,53210,(주)케이티스카이라이프,2018,2019,large,it_services,2019,train,0,0.00016102829,0,0,0,0.5,0.5242080092430115,0.5242080092430115,안정
KOSPI,53210,(주)케이티스카이라이프,2019,2020,large,it_services,2020,train,0,0.0002078373,0,0,0,0.5,0.5242080092430115,0.5242080092430115,안정
KOSPI,53210,(주)케이티스카이라이프,2020,2021,large,it_services,2021,train,0,0.00013905198,0,0,0,0.5,0.5242080092430115,0.5242080092430115,안정
KOSPI,53210,(주)케이티스카이라이프,2021,2022,large,it_services,2022,train,0,0.00041514065,0,0,0,0.5,0.5242080092430115,0.5242080092430115,안정
KOSPI,53690,(주)한미글로벌건축사사무소,2014,2015,mid_sized,it_services,2015,train,1,0.42409983,0,0,0,0.5,0.5242080092430115,0.5242080092430115,관찰
KOSPI,53690,(주)한미글로벌건축사사무소,2016,2017,mid_sized,it_services,2017,train,0,0.014702708,0,0,0,0.5,0.5242080092430115,0.5242080092430115,안정
KOSPI,53690,(주)한미글로벌건축사사무소,2021,2022,mid_sized,it_services,2022,train,0,0.05769094,0,0,0,0.5,0.5242080092430115,0.5242080092430115,안정
KOSPI,55490,(주)테이팩스,2021,2022,mid_sized,manufacturing,2022,train,0,0.00977567,0,0,0,0.5,0.5242080092430115,0.5242080092430115,안정
KOSPI,58730,다스코(주),2017,2018,small_and_medium,manufacturing,2018,train,0,0.09754424,0,0,0,0.5,0.5242080092430115,0.5242080092430115,안정
KOSPI,58730,다스코(주),2018,2019,mid_sized,manufacturing,2019,train,0,0.08076262,0,0,0,0.5,0.5242080092430115,0.5242080092430115,안정
KOSPI,58730,다스코(주),2019,2020,mid_sized,manufacturing,2020,train,0,0.29694477,0,0,0,0.5,0.5242080092430115,0.5242080092430115,안정
KOSPI,58730,다스코(주),2020,2021,mid_sized,manufacturing,2021,train,0,0.6448869,1,1,1,0.5,0.5242080092430115,0.5242080092430115,관찰
KOSPI,58730,다스코(주),2021,2022,mid_sized,manufacturing,2022,train,0,0.41805816,0,0,0,0.5,0.5242080092430115,0.5242080092430115,관찰
KOSPI,60980,에이치엘홀딩스(주),2014,2015,large,it_services,2015,train,0,0.0026959481,0,0,0,0.5,0.5242080092430115,0.5242080092430115,안정
KOSPI,60980,에이치엘홀딩스(주),2015,2016,large,it_services,2016,train,0,0.0036768855,0,0,0,0.5,0.5242080092430115,0.5242080092430115,안정
KOSPI,60980,에이치엘홀딩스(주),2016,2017,mid_sized,it_services,2017,train,0,0.0069506085,0,0,0,0.5,0.5242080092430115,0.5242080092430115,안정
KOSPI,60980,에이치엘홀딩스(주),2017,2018,mid_sized,it_services,2018,train,0,0.008794421,0,0,0,0.5,0.5242080092430115,0.5242080092430115,안정
KOSPI,60980,에이치엘홀딩스(주),2018,2019,mid_sized,it_services,2019,train,0,0.022215467,0,0,0,0.5,0.5242080092430115,0.5242080092430115,안정
KOSPI,60980,에이치엘홀딩스(주),2019,2020,mid_sized,it_services,2020,train,0,0.008512156,0,0,0,0.5,0.5242080092430115,0.5242080092430115,안정
KOSPI,60980,에이치엘홀딩스(주),2020,2021,mid_sized,it_services,2021,train,0,0.0071914317,0,0,0,0.5,0.5242080092430115,0.5242080092430115,안정
KOSPI,60980,에이치엘홀딩스(주),2021,2022,mid_sized,it_services,2022,train,0,0.0012959532,0,0,0,0.5,0.5242080092430115,0.5242080092430115,안정
KOSPI,64350,현대로템(주),2017,2018,large,manufacturing,2018,train,0,0.0049102893,0,0,0,0.5,0.5242080092430115,0.5242080092430115,안정
KOSPI,64350,현대로템(주),2018,2019,large,manufacturing,2019,train,0,0.04367557,0,0,0,0.5,0.5242080092430115,0.5242080092430115,안정
KOSPI,64350,현대로템(주),2019,2020,large,manufacturing,2020,train,0,0.09760886,0,0,0,0.5,0.5242080092430115,0.5242080092430115,안정
KOSPI,64350,현대로템(주),2020,2021,large,manufacturing,2021,train,0,0.010774963,0,0,0,0.5,0.5242080092430115,0.5242080092430115,안정
KOSPI,64350,현대로템(주),2021,2022,large,manufacturing,2022,train,0,0.016151866,0,0,0,0.5,0.5242080092430115,0.5242080092430115,안정
KOSPI,66570,엘지전자(주),2014,2015,large,manufacturing,2015,train,0,0.001852884,0,0,0,0.5,0.5242080092430115,0.5242080092430115,안정
KOSPI,66570,엘지전자(주),2015,2016,large,manufacturing,2016,train,0,0.00170305,0,0,0,0.5,0.5242080092430115,0.5242080092430115,안정
KOSPI,66570,엘지전자(주),2016,2017,large,manufacturing,2017,train,0,0.003026288,0,0,0,0.5,0.5242080092430115,0.5242080092430115,안정
KOSPI,66570,엘지전자(주),2017,2018,large,manufacturing,2018,train,0,0.00301633,0,0,0,0.5,0.5242080092430115,0.5242080092430115,안정
KOSPI,66570,엘지전자(주),2018,2019,large,manufacturing,2019,train,0,0.0015548578,0,0,0,0.5,0.5242080092430115,0.5242080092430115,안정
KOSPI,66570,엘지전자(주),2019,2020,large,manufacturing,2020,train,0,0.0019574445,0,0,0,0.5,0.5242080092430115,0.5242080092430115,안정
KOSPI,66570,엘지전자(주),2020,2021,large,manufacturing,2021,train,0,0.002229988,0,0,0,0.5,0.5242080092430115,0.5242080092430115,안정
KOSPI,66570,엘지전자(주),2021,2022,large,manufacturing,2022,train,0,0.002592899,0,0,0,0.5,0.5242080092430115,0.5242080092430115,안정
KOSPI,68400,에스케이렌터카(주),2016,2017,mid_sized,it_services,2017,train,0,0.009164468,0,0,0,0.5,0.5242080092430115,0.5242080092430115,안정
KOSPI,68400,에스케이렌터카(주),2017,2018,mid_sized,it_services,2018,train,0,0.023639746,0,0,0,0.5,0.5242080092430115,0.5242080092430115,안정
KOSPI,68400,에스케이렌터카(주),2018,2019,large,it_services,2019,train,0,0.0023918971,0,0,0,0.5,0.5242080092430115,0.5242080092430115,안정
KOSPI,68400,에스케이렌터카(주),2019,2020,large,it_services,2020,train,0,0.002627537,0,0,0,0.5,0.5242080092430115,0.5242080092430115,안정
KOSPI,68400,에스케이렌터카(주),2020,2021,large,it_services,2021,train,0,0.0020294897,0,0,0,0.5,0.5242080092430115,0.5242080092430115,안정
KOSPI,68400,에스케이렌터카(주),2021,2022,large,it_services,2022,train,0,0.0017727164,0,0,0,0.5,0.5242080092430115,0.5242080092430115,안정
KOSPI,68870,(주)엘지생명과학,2014,2015,large,manufacturing,2015,train,0,0.055894457,0,0,0,0.5,0.5242080092430115,0.5242080092430115,안정
KOSPI,69260,티케이지휴켐스(주),2021,2022,mid_sized,manufacturing,2022,train,0,0.002216784,0,0,0,0.5,0.5242080092430115,0.5242080092430115,안정
KOSPI,69460,(주)대호에이엘,2017,2018,small_and_medium,manufacturing,2018,train,1,0.5248592,1,1,1,0.5,0.5242080092430115,0.5242080092430115,관찰
KOSPI,69620,(주)대웅제약,2014,2015,mid_sized,manufacturing,2015,train,0,0.0037412965,0,0,0,0.5,0.5242080092430115,0.5242080092430115,안정
KOSPI,69620,(주)대웅제약,2015,2016,mid_sized,manufacturing,2016,train,0,0.0028658868,0,0,0,0.5,0.5242080092430115,0.5242080092430115,안정
KOSPI,69620,(주)대웅제약,2016,2017,mid_sized,manufacturing,2017,train,0,0.0060156127,0,0,0,0.5,0.5242080092430115,0.5242080092430115,안정
KOSPI,69620,(주)대웅제약,2017,2018,mid_sized,manufacturing,2018,train,0,0.0076358984,0,0,0,0.5,0.5242080092430115,0.5242080092430115,안정
KOSPI,69620,(주)대웅제약,2018,2019,mid_sized,manufacturing,2019,train,0,0.0025955157,0,0,0,0.5,0.5242080092430115,0.5242080092430115,안정
KOSPI,69620,(주)대웅제약,2019,2020,mid_sized,manufacturing,2020,train,0,0.0026601637,0,0,0,0.5,0.5242080092430115,0.5242080092430115,안정
KOSPI,69620,(주)대웅제약,2020,2021,mid_sized,manufacturing,2021,train,0,0.005635198,0,0,0,0.5,0.5242080092430115,0.5242080092430115,안정
KOSPI,69620,(주)대웅제약,2021,2022,mid_sized,manufacturing,2022,train,0,0.0061105974,0,0,0,0.5,0.5242080092430115,0.5242080092430115,안정
KOSPI,69960,(주)현대백화점,2014,2015,large,wholesale_retail,2015,train,0,0.0011515169,0,0,0,0.5,0.5242080092430115,0.5242080092430115,안정
KOSPI,69960,(주)현대백화점,2015,2016,large,wholesale_retail,2016,train,0,0.0008888422,0,0,0,0.5,0.5242080092430115,0.5242080092430115,안정
KOSPI,69960,(주)현대백화점,2016,2017,large,wholesale_retail,2017,train,0,0.0009963267,0,0,0,0.5,0.5242080092430115,0.5242080092430115,안정
KOSPI,69960,(주)현대백화점,2017,2018,large,wholesale_retail,2018,train,0,0.0009156286,0,0,0,0.5,0.5242080092430115,0.5242080092430115,안정
KOSPI,69960,(주)현대백화점,2018,2019,large,wholesale_retail,2019,train,0,0.00082439376,0,0,0,0.5,0.5242080092430115,0.5242080092430115,안정
KOSPI,69960,(주)현대백화점,2019,2020,large,wholesale_retail,2020,train,0,0.001990992,0,0,0,0.5,0.5242080092430115,0.5242080092430115,안정
KOSPI,69960,(주)현대백화점,2020,2021,large,wholesale_retail,2021,train,0,0.0040240586,0,0,0,0.5,0.5242080092430115,0.5242080092430115,안정
KOSPI,69960,(주)현대백화점,2021,2022,large,wholesale_retail,2022,train,0,0.0019690918,0,0,0,0.5,0.5242080092430115,0.5242080092430115,안정
KOSPI,70960,모나용평(주),2018,2019,mid_sized,it_services,2019,train,0,0.052500367,0,0,0,0.5,0.5242080092430115,0.5242080092430115,안정
KOSPI,70960,모나용평(주),2019,2020,mid_sized,it_services,2020,train,0,0.11648142,0,0,0,0.5,0.5242080092430115,0.5242080092430115,안정
KOSPI,70960,모나용평(주),2020,2021,mid_sized,it_services,2021,train,0,0.1520703,0,0,0,0.5,0.5242080092430115,0.5242080092430115,안정
KOSPI,70960,모나용평(주),2021,2022,mid_sized,it_services,2022,train,0,0.15073112,0,0,0,0.5,0.5242080092430115,0.5242080092430115,안정
KOSPI,71320,한국지역난방공사,2014,2015,mid_sized,other,2015,train,0,0.25944933,0,0,0,0.5,0.5242080092430115,0.5242080092430115,안정
KOSPI,71320,한국지역난방공사,2015,2016,mid_sized,other,2016,train,0,0.1541532,0,0,0,0.5,0.5242080092430115,0.5242080092430115,안정
KOSPI,71320,한국지역난방공사,2016,2017,mid_sized,other,2017,train,0,0.1541532,0,0,0,0.5,0.5242080092430115,0.5242080092430115,안정
KOSPI,71320,한국지역난방공사,2017,2018,mid_sized,other,2018,train,0,0.15291092,0,0,0,0.5,0.5242080092430115,0.5242080092430115,안정
KOSPI,71320,한국지역난방공사,2018,2019,mid_sized,other,2019,train,0,0.01793158,0,0,0,0.5,0.5242080092430115,0.5242080092430115,안정
KOSPI,71320,한국지역난방공사,2019,2020,mid_sized,other,2020,train,0,0.03247807,0,0,0,0.5,0.5242080092430115,0.5242080092430115,안정
KOSPI,71320,한국지역난방공사,2020,2021,mid_sized,other,2021,train,0,0.0054517486,0,0,0,0.5,0.5242080092430115,0.5242080092430115,안정
KOSPI,71320,한국지역난방공사,2021,2022,mid_sized,other,2022,train,0,0.009685906,0,0,0,0.5,0.5242080092430115,0.5242080092430115,안정
KOSPI,71840,롯데하이마트(주),2014,2015,large,wholesale_retail,2015,train,0,0.18250036,0,0,0,0.5,0.5242080092430115,0.5242080092430115,안정
KOSPI,71840,롯데하이마트(주),2015,2016,large,wholesale_retail,2016,train,0,0.07515192,0,0,0,0.5,0.5242080092430115,0.5242080092430115,안정
KOSPI,71840,롯데하이마트(주),2016,2017,large,wholesale_retail,2017,train,0,0.07515192,0,0,0,0.5,0.5242080092430115,0.5242080092430115,안정
KOSPI,71840,롯데하이마트(주),2017,2018,large,wholesale_retail,2018,train,0,0.074490234,0,0,0,0.5,0.5242080092430115,0.5242080092430115,안정
KOSPI,71840,롯데하이마트(주),2018,2019,large,wholesale_retail,2019,train,0,0.074490234,0,0,0,0.5,0.5242080092430115,0.5242080092430115,안정
KOSPI,71840,롯데하이마트(주),2019,2020,large,wholesale_retail,2020,train,0,0.074490234,0,0,0,0.5,0.5242080092430115,0.5242080092430115,안정
KOSPI,71840,롯데하이마트(주),2020,2021,large,wholesale_retail,2021,train,0,0.074490234,0,0,0,0.5,0.5242080092430115,0.5242080092430115,안정
KOSPI,71840,롯데하이마트(주),2021,2022,large,wholesale_retail,2022,train,0,0.074490234,0,0,0,0.5,0.5242080092430115,0.5242080092430115,안정
KOSPI,71970,에이치디현대마린엔진(주),2016,2017,mid_sized,manufacturing,2017,train,1,0.934002,1,1,1,0.5,0.5242080092430115,0.5242080092430115,고위험
KOSPI,71970,에이치디현대마린엔진(주),2017,2018,mid_sized,manufacturing,2018,train,1,0.9640916,1,1,1,0.5,0.5242080092430115,0.5242080092430115,고위험
KOSPI,71970,에이치디현대마린엔진(주),2018,2019,mid_sized,manufacturing,2019,train,1,0.975289,1,1,1,0.5,0.5242080092430115,0.5242080092430115,고위험
KOSPI,71970,에이치디현대마린엔진(주),2019,2020,mid_sized,manufacturing,2020,train,1,0.9810877,1,1,1,0.5,0.5242080092430115,0.5242080092430115,고위험
KOSPI,71970,에이치디현대마린엔진(주),2020,2021,mid_sized,manufacturing,2021,train,1,0.9446306,1,1,1,0.5,0.5242080092430115,0.5242080092430115,고위험
KOSPI,71970,에이치디현대마린엔진(주),2021,2022,mid_sized,manufacturing,2022,train,1,0.9420382,1,1,1,0.5,0.5242080092430115,0.5242080092430115,고위험
KOSPI,73240,금호타이어(주),2014,2015,large,manufacturing,2015,train,0,0.034428615,0,0,0,0.5,0.5242080092430115,0.5242080092430115,안정
KOSPI,73240,금호타이어(주),2015,2016,large,manufacturing,2016,train,0,0.02551635,0,0,0,0.5,0.5242080092430115,0.5242080092430115,안정
KOSPI,73240,금호타이어(주),2016,2017,large,manufacturing,2017,train,0,0.16586104,0,0,0,0.5,0.5242080092430115,0.5242080092430115,안정
KOSPI,78930,(주)지에스,2014,2015,large,it_services,2015,train,0,0.0011493126,0,0,0,0.5,0.5242080092430115,0.5242080092430115,안정
KOSPI,78930,(주)지에스,2015,2016,large,it_services,2016,train,0,0.0014616499,0,0,0,0.5,0.5242080092430115,0.5242080092430115,안정
KOSPI,78930,(주)지에스,2016,2017,large,it_services,2017,train,0,0.0015290377,0,0,0,0.5,0.5242080092430115,0.5242080092430115,안정
KOSPI,78930,(주)지에스,2017,2018,large,it_services,2018,train,0,0.0008501937,0,0,0,0.5,0.5242080092430115,0.5242080092430115,안정
KOSPI,78930,(주)지에스,2018,2019,large,it_services,2019,train,0,0.0009577515,0,0,0,0.5,0.5242080092430115,0.5242080092430115,안정
KOSPI,78930,(주)지에스,2019,2020,large,it_services,2020,train,0,0.0015501878,0,0,0,0.5,0.5242080092430115,0.5242080092430115,안정
KOSPI,78930,(주)지에스,2020,2021,large,it_services,2021,train,0,0.003519346,0,0,0,0.5,0.5242080092430115,0.5242080092430115,안정
KOSPI,78930,(주)지에스,2021,2022,large,it_services,2022,train,0,0.0153144775,0,0,0,0.5,0.5242080092430115,0.5242080092430115,안정
KOSPI,79160,씨제이씨지브이(주),2014,2015,large,it_services,2015,train,0,0.0019049521,0,0,0,0.5,0.5242080092430115,0.5242080092430115,안정
KOSPI,79160,씨제이씨지브이(주),2015,2016,large,it_services,2016,train,0,0.0010342194,0,0,0,0.5,0.5242080092430115,0.5242080092430115,안정
KOSPI,79160,씨제이씨지브이(주),2016,2017,large,it_services,2017,train,0,0.0010687134,0,0,0,0.5,0.5242080092430115,0.5242080092430115,안정
KOSPI,79160,씨제이씨지브이(주),2017,2018,large,it_services,2018,train,0,0.0016448934,0,0,0,0.5,0.5242080092430115,0.5242080092430115,안정
KOSPI,79160,씨제이씨지브이(주),2018,2019,large,it_services,2019,train,0,0.0020737702,0,0,0,0.5,0.5242080092430115,0.5242080092430115,안정
KOSPI,79160,씨제이씨지브이(주),2019,2020,large,it_services,2020,train,0,0.0043308665,0,0,0,0.5,0.5242080092430115,0.5242080092430115,안정
KOSPI,79160,씨제이씨지브이(주),2020,2021,large,it_services,2021,train,0,0.041670643,0,0,0,0.5,0.5242080092430115,0.5242080092430115,안정
KOSPI,79160,씨제이씨지브이(주),2021,2022,large,it_services,2022,train,0,0.042188965,0,0,0,0.5,0.5242080092430115,0.5242080092430115,안정
KOSPI,79550,엘아이지넥스원(주),2015,2016,mid_sized,manufacturing,2016,train,0,0.027528578,0,0,0,0.5,0.5242080092430115,0.5242080092430115,안정
KOSPI,79550,엘아이지넥스원(주),2016,2017,mid_sized,manufacturing,2017,train,0,0.07262296,0,0,0,0.5,0.5242080092430115,0.5242080092430115,안정
KOSPI,79550,엘아이지넥스원(주),2017,2018,mid_sized,manufacturing,2018,train,0,0.10015393,0,0,0,0.5,0.5242080092430115,0.5242080092430115,안정
KOSPI,79550,엘아이지넥스원(주),2018,2019,mid_sized,manufacturing,2019,train,0,0.55927634,1,1,1,0.5,0.5242080092430115,0.5242080092430115,관찰
KOSPI,79550,엘아이지넥스원(주),2019,2020,mid_sized,manufacturing,2020,train,0,0.018629747,0,0,0,0.5,0.5242080092430115,0.5242080092430115,안정
KOSPI,79550,엘아이지넥스원(주),2020,2021,mid_sized,manufacturing,2021,train,0,0.01561426,0,0,0,0.5,0.5242080092430115,0.5242080092430115,안정
KOSPI,79550,엘아이지넥스원(주),2021,2022,mid_sized,manufacturing,2022,train,0,0.0068947524,0,0,0,0.5,0.5242080092430115,0.5242080092430115,안정
KOSPI,79980,(주)휴비스,2014,2015,mid_sized,manufacturing,2015,train,0,0.009673532,0,0,0,0.5,0.5242080092430115,0.5242080092430115,안정
KOSPI,79980,(주)휴비스,2015,2016,mid_sized,manufacturing,2016,train,0,0.006562228,0,0,0,0.5,0.5242080092430115,0.5242080092430115,안정
KOSPI,79980,(주)휴비스,2016,2017,mid_sized,manufacturing,2017,train,0,0.011209185,0,0,0,0.5,0.5242080092430115,0.5242080092430115,안정
KOSPI,79980,(주)휴비스,2017,2018,mid_sized,manufacturing,2018,train,0,0.008054765,0,0,0,0.5,0.5242080092430115,0.5242080092430115,안정
KOSPI,79980,(주)휴비스,2018,2019,mid_sized,manufacturing,2019,train,0,0.008903991,0,0,0,0.5,0.5242080092430115,0.5242080092430115,안정
KOSPI,79980,(주)휴비스,2019,2020,mid_sized,manufacturing,2020,train,0,0.037366044,0,0,0,0.5,0.5242080092430115,0.5242080092430115,안정
KOSPI,79980,(주)휴비스,2020,2021,mid_sized,manufacturing,2021,train,0,0.009348561,0,0,0,0.5,0.5242080092430115,0.5242080092430115,안정
KOSPI,79980,(주)휴비스,2021,2022,mid_sized,manufacturing,2022,train,0,0.0152579835,0,0,0,0.5,0.5242080092430115,0.5242080092430115,안정
KOSPI,81660,(주)미스토홀딩스,2014,2015,mid_sized,wholesale_retail,2015,train,0,0.02063028,0,0,0,0.5,0.5242080092430115,0.5242080092430115,안정
KOSPI,81660,(주)미스토홀딩스,2020,2021,mid_sized,wholesale_retail,2021,train,0,0.00517539,0,0,0,0.5,0.5242080092430115,0.5242080092430115,안정
KOSPI,81660,(주)미스토홀딩스,2021,2022,mid_sized,wholesale_retail,2022,train,0,0.003592573,0,0,0,0.5,0.5242080092430115,0.5242080092430115,안정
KOSPI,82740,한화엔진(주),2014,2015,large,manufacturing,2015,train,0,0.029364381,0,0,0,0.5,0.5242080092430115,0.5242080092430115,안정
KOSPI,82740,한화엔진(주),2015,2016,large,manufacturing,2016,train,0,0.03591938,0,0,0,0.5,0.5242080092430115,0.5242080092430115,안정
KOSPI,82740,한화엔진(주),2016,2017,large,manufacturing,2017,train,0,0.07422596,0,0,0,0.5,0.5242080092430115,0.5242080092430115,안정
KOSPI,82740,한화엔진(주),2017,2018,large,manufacturing,2018,train,0,0.060372118,0,0,0,0.5,0.5242080092430115,0.5242080092430115,안정
KOSPI,82740,한화엔진(주),2018,2019,mid_sized,manufacturing,2019,train,0,0.65869534,1,1,1,0.5,0.5242080092430115,0.5242080092430115,고위험
KOSPI,84010,대한제강(주),2018,2019,mid_sized,manufacturing,2019,train,0,0.028566599,0,0,0,0.5,0.5242080092430115,0.5242080092430115,안정
KOSPI,84010,대한제강(주),2019,2020,mid_sized,manufacturing,2020,train,0,0.01574546,0,0,0,0.5,0.5242080092430115,0.5242080092430115,안정
KOSPI,84010,대한제강(주),2020,2021,mid_sized,manufacturing,2021,train,0,0.006566516,0,0,0,0.5,0.5242080092430115,0.5242080092430115,안정
KOSPI,84010,대한제강(주),2021,2022,mid_sized,manufacturing,2022,train,0,0.0015980912,0,0,0,0.5,0.5242080092430115,0.5242080092430115,안정
KOSPI,84690,대상홀딩스(주),2014,2015,mid_sized,it_services,2015,train,0,0.0051618703,0,0,0,0.5,0.5242080092430115,0.5242080092430115,안정
KOSPI,84690,대상홀딩스(주),2015,2016,mid_sized,it_services,2016,train,0,0.0064735045,0,0,0,0.5,0.5242080092430115,0.5242080092430115,안정
KOSPI,84690,대상홀딩스(주),2016,2017,mid_sized,it_services,2017,train,0,0.008575575,0,0,0,0.5,0.5242080092430115,0.5242080092430115,안정
KOSPI,84690,대상홀딩스(주),2017,2018,mid_sized,it_services,2018,train,0,0.0043418524,0,0,0,0.5,0.5242080092430115,0.5242080092430115,안정
KOSPI,84690,대상홀딩스(주),2018,2019,mid_sized,it_services,2019,train,0,0.006913663,0,0,0,0.5,0.5242080092430115,0.5242080092430115,안정
KOSPI,84690,대상홀딩스(주),2019,2020,mid_sized,it_services,2020,train,0,0.024591405,0,0,0,0.5,0.5242080092430115,0.5242080092430115,안정
KOSPI,84690,대상홀딩스(주),2020,2021,mid_sized,it_services,2021,train,0,0.010298571,0,0,0,0.5,0.5242080092430115,0.5242080092430115,안정
KOSPI,84690,대상홀딩스(주),2021,2022,mid_sized,it_services,2022,train,0,0.017329473,0,0,0,0.5,0.5242080092430115,0.5242080092430115,안정
KOSPI,86280,현대글로비스(주),2014,2015,large,transport_storage,2015,train,0,0.0039986484,0,0,0,0.5,0.5242080092430115,0.5242080092430115,안정
KOSPI,86280,현대글로비스(주),2015,2016,large,transport_storage,2016,train,0,0.004627286,0,0,0,0.5,0.5242080092430115,0.5242080092430115,안정
KOSPI,86280,현대글로비스(주),2016,2017,large,transport_storage,2017,train,0,0.003625034,0,0,0,0.5,0.5242080092430115,0.5242080092430115,안정
KOSPI,86280,현대글로비스(주),2017,2018,large,transport_storage,2018,train,0,0.0034277758,0,0,0,0.5,0.5242080092430115,0.5242080092430115,안정
KOSPI,86280,현대글로비스(주),2018,2019,large,transport_storage,2019,train,0,0.0024214552,0,0,0,0.5,0.5242080092430115,0.5242080092430115,안정
KOSPI,86280,현대글로비스(주),2019,2020,large,transport_storage,2020,train,0,0.002797771,0,0,0,0.5,0.5242080092430115,0.5242080092430115,안정
KOSPI,86280,현대글로비스(주),2020,2021,large,transport_storage,2021,train,0,0.00237013,0,0,0,0.5,0.5242080092430115,0.5242080092430115,안정
KOSPI,86280,현대글로비스(주),2021,2022,large,transport_storage,2022,train,0,0.0030510766,0,0,0,0.5,0.5242080092430115,0.5242080092430115,안정
KOSPI,89470,에이치디씨현대이피(주),2018,2019,large,manufacturing,2019,train,0,0.03887044,0,0,0,0.5,0.5242080092430115,0.5242080092430115,안정
KOSPI,89470,에이치디씨현대이피(주),2019,2020,large,manufacturing,2020,train,0,0.013553617,0,0,0,0.5,0.5242080092430115,0.5242080092430115,안정
KOSPI,89470,에이치디씨현대이피(주),2020,2021,large,manufacturing,2021,train,0,0.018055378,0,0,0,0.5,0.5242080092430115,0.5242080092430115,안정
KOSPI,89470,에이치디씨현대이피(주),2021,2022,large,manufacturing,2022,train,0,0.018778274,0,0,0,0.5,0.5242080092430115,0.5242080092430115,안정
KOSPI,89860,롯데렌탈(주),2021,2022,large,it_services,2022,train,0,0.0031481362,0,0,0,0.5,0.5242080092430115,0.5242080092430115,안정
KOSPI,90350,(주)노루페인트,2014,2015,mid_sized,manufacturing,2015,train,0,0.21540132,0,0,0,0.5,0.5242080092430115,0.5242080092430115,안정
KOSPI,90350,(주)노루페인트,2015,2016,mid_sized,manufacturing,2016,train,0,0.04389578,0,0,0,0.5,0.5242080092430115,0.5242080092430115,안정
KOSPI,90350,(주)노루페인트,2016,2017,mid_sized,manufacturing,2017,train,0,0.030381523,0,0,0,0.5,0.5242080092430115,0.5242080092430115,안정
KOSPI,90350,(주)노루페인트,2017,2018,mid_sized,manufacturing,2018,train,0,0.032141253,0,0,0,0.5,0.5242080092430115,0.5242080092430115,안정
KOSPI,90350,(주)노루페인트,2018,2019,mid_sized,manufacturing,2019,train,0,0.09192415,0,0,0,0.5,0.5242080092430115,0.5242080092430115,안정
KOSPI,90350,(주)노루페인트,2019,2020,mid_sized,manufacturing,2020,train,0,0.077025004,0,0,0,0.5,0.5242080092430115,0.5242080092430115,안정
KOSPI,90350,(주)노루페인트,2020,2021,mid_sized,manufacturing,2021,train,0,0.07132544,0,0,0,0.5,0.5242080092430115,0.5242080092430115,안정
KOSPI,91810,(주)티웨이항공,2018,2019,mid_sized,transport_storage,2019,train,0,0.121996015,0,0,0,0.5,0.5242080092430115,0.5242080092430115,안정
KOSPI,91810,(주)티웨이항공,2019,2020,mid_sized,transport_storage,2020,train,0,0.21136482,0,0,0,0.5,0.5242080092430115,0.5242080092430115,안정
KOSPI,91810,(주)티웨이항공,2020,2021,mid_sized,transport_storage,2021,train,1,0.9193262,1,1,1,0.5,0.5242080092430115,0.5242080092430115,고위험
KOSPI,92780,디와이피(주),2017,2018,mid_sized,manufacturing,2018,train,0,0.6823417,1,1,1,0.5,0.5242080092430115,0.5242080092430115,고위험
KOSPI,92780,디와이피(주),2018,2019,mid_sized,manufacturing,2019,train,0,0.5202819,1,0,0,0.5,0.5242080092430115,0.5242080092430115,관찰
KOSPI,92780,디와이피(주),2019,2020,mid_sized,manufacturing,2020,train,0,0.4226452,0,0,0,0.5,0.5242080092430115,0.5242080092430115,관찰
KOSPI,92780,디와이피(주),2020,2021,mid_sized,manufacturing,2021,train,0,0.5045329,1,0,0,0.5,0.5242080092430115,0.5242080092430115,관찰
KOSPI,92780,디와이피(주),2021,2022,mid_sized,manufacturing,2022,train,1,0.63721204,1,1,1,0.5,0.5242080092430115,0.5242080092430115,관찰
KOSPI,93050,(주)엘에프,2014,2015,mid_sized,manufacturing,2015,train,0,0.00050408865,0,0,0,0.5,0.5242080092430115,0.5242080092430115,안정
KOSPI,93050,(주)엘에프,2015,2016,mid_sized,manufacturing,2016,train,0,0.0013147146,0,0,0,0.5,0.5242080092430115,0.5242080092430115,안정
KOSPI,93050,(주)엘에프,2016,2017,mid_sized,manufacturing,2017,train,0,0.0014794194,0,0,0,0.5,0.5242080092430115,0.5242080092430115,안정
KOSPI,93050,(주)엘에프,2017,2018,mid_sized,manufacturing,2018,train,0,0.0018103136,0,0,0,0.5,0.5242080092430115,0.5242080092430115,안정
KOSPI,93050,(주)엘에프,2018,2019,mid_sized,manufacturing,2019,train,0,0.0019338634,0,0,0,0.5,0.5242080092430115,0.5242080092430115,안정
KOSPI,93050,(주)엘에프,2019,2020,mid_sized,manufacturing,2020,train,0,0.01134738,0,0,0,0.5,0.5242080092430115,0.5242080092430115,안정
KOSPI,93050,(주)엘에프,2020,2021,mid_sized,manufacturing,2021,train,0,0.0116269095,0,0,0,0.5,0.5242080092430115,0.5242080092430115,안정
KOSPI,93050,(주)엘에프,2021,2022,mid_sized,manufacturing,2022,train,0,0.016632518,0,0,0,0.5,0.5242080092430115,0.5242080092430115,안정
KOSPI,93370,(주)후성,2018,2019,mid_sized,manufacturing,2019,train,0,0.11392816,0,0,0,0.5,0.5242080092430115,0.5242080092430115,안정
KOSPI,94280,효성아이티엑스(주),2014,2015,large,it_services,2015,train,0,0.07496229,0,0,0,0.5,0.5242080092430115,0.5242080092430115,안정
KOSPI,94280,효성아이티엑스(주),2015,2016,large,it_services,2016,train,0,0.07674297,0,0,0,0.5,0.5242080092430115,0.5242080092430115,안정
KOSPI,94280,효성아이티엑스(주),2016,2017,large,it_services,2017,train,0,0.08087585,0,0,0,0.5,0.5242080092430115,0.5242080092430115,안정
KOSPI,94280,효성아이티엑스(주),2017,2018,large,it_services,2018,train,0,0.09122571,0,0,0,0.5,0.5242080092430115,0.5242080092430115,안정
KOSPI,94280,효성아이티엑스(주),2018,2019,large,it_services,2019,train,0,0.08384358,0,0,0,0.5,0.5242080092430115,0.5242080092430115,안정
KOSPI,94280,효성아이티엑스(주),2019,2020,large,it_services,2020,train,0,0.15590656,0,0,0,0.5,0.5242080092430115,0.5242080092430115,안정
KOSPI,94280,효성아이티엑스(주),2020,2021,large,it_services,2021,train,0,0.06920841,0,0,0,0.5,0.5242080092430115,0.5242080092430115,안정
KOSPI,94280,효성아이티엑스(주),2021,2022,large,it_services,2022,train,0,0.030771127,0,0,0,0.5,0.5242080092430115,0.5242080092430115,안정
KOSPI,95570,에이제이네트웍스(주),2015,2016,mid_sized,it_services,2016,train,0,0.0049585644,0,0,0,0.5,0.5242080092430115,0.5242080092430115,안정
KOSPI,95570,에이제이네트웍스(주),2016,2017,mid_sized,it_services,2017,train,0,0.009774793,0,0,0,0.5,0.5242080092430115,0.5242080092430115,안정
KOSPI,95570,에이제이네트웍스(주),2017,2018,mid_sized,it_services,2018,train,0,0.011977644,0,0,0,0.5,0.5242080092430115,0.5242080092430115,안정
KOSPI,95570,에이제이네트웍스(주),2018,2019,mid_sized,it_services,2019,train,0,0.006383628,0,0,0,0.5,0.5242080092430115,0.5242080092430115,안정
KOSPI,95570,에이제이네트웍스(주),2019,2020,mid_sized,it_services,2020,train,0,0.013146804,0,0,0,0.5,0.5242080092430115,0.5242080092430115,안정
KOSPI,95570,에이제이네트웍스(주),2020,2021,mid_sized,it_services,2021,train,0,0.0044270097,0,0,0,0.5,0.5242080092430115,0.5242080092430115,안정
KOSPI,95570,에이제이네트웍스(주),2021,2022,mid_sized,it_services,2022,train,0,0.0027703003,0,0,0,0.5,0.5242080092430115,0.5242080092430115,안정
KOSPI,96760,제이더블유홀딩스(주),2018,2019,mid_sized,it_services,2019,train,0,0.003184926,0,0,0,0.5,0.5242080092430115,0.5242080092430115,안정
KOSPI,96760,제이더블유홀딩스(주),2019,2020,mid_sized,it_services,2020,train,0,0.0037701211,0,0,0,0.5,0.5242080092430115,0.5242080092430115,안정
KOSPI,96770,에스케이이노베이션(주),2014,2015,large,manufacturing,2015,train,0,0.0006302029,0,0,0,0.5,0.5242080092430115,0.5242080092430115,안정
KOSPI,96770,에스케이이노베이션(주),2015,2016,large,manufacturing,2016,train,0,0.0014753886,0,0,0,0.5,0.5242080092430115,0.5242080092430115,안정
KOSPI,96770,에스케이이노베이션(주),2016,2017,large,manufacturing,2017,train,0,0.0012114737,0,0,0,0.5,0.5242080092430115,0.5242080092430115,안정
KOSPI,96770,에스케이이노베이션(주),2017,2018,large,manufacturing,2018,train,0,0.0011342155,0,0,0,0.5,0.5242080092430115,0.5242080092430115,안정
KOSPI,96770,에스케이이노베이션(주),2018,2019,large,manufacturing,2019,train,0,0.0003509767,0,0,0,0.5,0.5242080092430115,0.5242080092430115,안정
KOSPI,96770,에스케이이노베이션(주),2019,2020,large,manufacturing,2020,train,0,0.0011289675,0,0,0,0.5,0.5242080092430115,0.5242080092430115,안정
KOSPI,96770,에스케이이노베이션(주),2020,2021,large,manufacturing,2021,train,0,0.03938872,0,0,0,0.5,0.5242080092430115,0.5242080092430115,안정
KOSPI,96770,에스케이이노베이션(주),2021,2022,large,manufacturing,2022,train,0,0.012648158,0,0,0,0.5,0.5242080092430115,0.5242080092430115,안정
KOSPI,97230,(주)에이치제이중공업,2014,2015,large,construction,2015,train,0,0.08399553,0,0,0,0.5,0.5242080092430115,0.5242080092430115,안정
KOSPI,97950,씨제이제일제당(주),2014,2015,large,manufacturing,2015,train,0,0.011859444,0,0,0,0.5,0.5242080092430115,0.5242080092430115,안정
KOSPI,97950,씨제이제일제당(주),2015,2016,large,manufacturing,2016,train,0,0.009381088,0,0,0,0.5,0.5242080092430115,0.5242080092430115,안정
KOSPI,97950,씨제이제일제당(주),2016,2017,large,manufacturing,2017,train,0,0.011612676,0,0,0,0.5,0.5242080092430115,0.5242080092430115,안정
KOSPI,97950,씨제이제일제당(주),2017,2018,large,manufacturing,2018,train,0,0.00796195,0,0,0,0.5,0.5242080092430115,0.5242080092430115,안정
KOSPI,97950,씨제이제일제당(주),2018,2019,large,manufacturing,2019,train,0,0.013332874,0,0,0,0.5,0.5242080092430115,0.5242080092430115,안정
KOSPI,97950,씨제이제일제당(주),2019,2020,large,manufacturing,2020,train,0,0.008960442,0,0,0,0.5,0.5242080092430115,0.5242080092430115,안정
KOSPI,97950,씨제이제일제당(주),2020,2021,large,manufacturing,2021,train,0,0.0040571326,0,0,0,0.5,0.5242080092430115,0.5242080092430115,안정
KOSPI,97950,씨제이제일제당(주),2021,2022,large,manufacturing,2022,train,0,0.0038891418,0,0,0,0.5,0.5242080092430115,0.5242080092430115,안정
KOSPI,101140,(주)인바이오젠,2018,2019,small_and_medium,wholesale_retail,2019,train,1,0.7662617,1,1,1,0.5,0.5242080092430115,0.5242080092430115,고위험
KOSPI,101530,해태제과식품(주),2016,2017,mid_sized,manufacturing,2017,train,0,0.092360236,0,0,0,0.5,0.5242080092430115,0.5242080092430115,안정
KOSPI,101530,해태제과식품(주),2017,2018,mid_sized,manufacturing,2018,train,0,0.025080092,0,0,0,0.5,0.5242080092430115,0.5242080092430115,안정
KOSPI,101530,해태제과식품(주),2018,2019,mid_sized,manufacturing,2019,train,0,0.05693396,0,0,0,0.5,0.5242080092430115,0.5242080092430115,안정
KOSPI,101530,해태제과식품(주),2019,2020,mid_sized,manufacturing,2020,train,0,0.037318088,0,0,0,0.5,0.5242080092430115,0.5242080092430115,안정
KOSPI,101530,해태제과식품(주),2020,2021,mid_sized,manufacturing,2021,train,0,0.023932505,0,0,0,0.5,0.5242080092430115,0.5242080092430115,안정
KOSPI,101530,해태제과식품(주),2021,2022,mid_sized,manufacturing,2022,train,0,0.1140618,0,0,0,0.5,0.5242080092430115,0.5242080092430115,안정
KOSPI,102280,(주)쌍방울,2014,2015,mid_sized,manufacturing,2015,train,1,0.92719954,1,1,1,0.5,0.5242080092430115,0.5242080092430115,고위험
KOSPI,102280,(주)쌍방울,2015,2016,mid_sized,manufacturing,2016,train,1,0.91694367,1,1,1,0.5,0.5242080092430115,0.5242080092430115,고위험
KOSPI,102280,(주)쌍방울,2016,2017,mid_sized,manufacturing,2017,train,1,0.9408894,1,1,1,0.5,0.5242080092430115,0.5242080092430115,고위험
KOSPI,102280,(주)쌍방울,2017,2018,mid_sized,manufacturing,2018,train,1,0.9672257,1,1,1,0.5,0.5242080092430115,0.5242080092430115,고위험
KOSPI,102280,(주)쌍방울,2018,2019,mid_sized,manufacturing,2019,train,1,0.9483229,1,1,1,0.5,0.5242080092430115,0.5242080092430115,고위험
KOSPI,102280,(주)쌍방울,2019,2020,small_and_medium,manufacturing,2020,train,1,0.9898762,1,1,1,0.5,0.5242080092430115,0.5242080092430115,고위험
KOSPI,102280,(주)쌍방울,2020,2021,small_and_medium,manufacturing,2021,train,1,0.9607961,1,1,1,0.5,0.5242080092430115,0.5242080092430115,고위험
KOSPI,102280,(주)쌍방울,2021,2022,small_and_medium,manufacturing,2022,train,1,0.9543272,1,1,1,0.5,0.5242080092430115,0.5242080092430115,고위험
KOSPI,103140,(주)풍산,2014,2015,mid_sized,manufacturing,2015,train,0,0.09927825,0,0,0,0.5,0.5242080092430115,0.5242080092430115,안정
KOSPI,103140,(주)풍산,2015,2016,mid_sized,manufacturing,2016,train,0,0.011915741,0,0,0,0.5,0.5242080092430115,0.5242080092430115,안정
KOSPI,103140,(주)풍산,2016,2017,mid_sized,manufacturing,2017,train,0,0.015758477,0,0,0,0.5,0.5242080092430115,0.5242080092430115,안정
KOSPI,103140,(주)풍산,2017,2018,mid_sized,manufacturing,2018,train,0,0.021931585,0,0,0,0.5,0.5242080092430115,0.5242080092430115,안정
KOSPI,103140,(주)풍산,2018,2019,mid_sized,manufacturing,2019,train,0,0.008751711,0,0,0,0.5,0.5242080092430115,0.5242080092430115,안정
KOSPI,103140,(주)풍산,2019,2020,mid_sized,manufacturing,2020,train,0,0.02491597,0,0,0,0.5,0.5242080092430115,0.5242080092430115,안정
KOSPI,103140,(주)풍산,2020,2021,mid_sized,manufacturing,2021,train,0,0.0055927723,0,0,0,0.5,0.5242080092430115,0.5242080092430115,안정
KOSPI,103140,(주)풍산,2021,2022,mid_sized,manufacturing,2022,train,0,0.02786772,0,0,0,0.5,0.5242080092430115,0.5242080092430115,안정
KOSPI,104110,(주)신성이엔지,2014,2015,mid_sized,manufacturing,2015,train,1,0.8822207,1,1,1,0.5,0.5242080092430115,0.5242080092430115,고위험
KOSPI,104120,(주)신성에프에이,2014,2015,mid_sized,manufacturing,2015,train,1,0.33925337,0,0,0,0.5,0.5242080092430115,0.5242080092430115,안정
KOSPI,104700,한국철강(주),2018,2019,mid_sized,manufacturing,2019,train,0,0.3371139,0,0,0,0.5,0.5242080092430115,0.5242080092430115,안정
KOSPI,104700,한국철강(주),2019,2020,mid_sized,manufacturing,2020,train,0,0.3371139,0,0,0,0.5,0.5242080092430115,0.5242080092430115,안정
KOSPI,104700,한국철강(주),2020,2021,mid_sized,manufacturing,2021,train,0,0.3371139,0,0,0,0.5,0.5242080092430115,0.5242080092430115,안정
KOSPI,104700,한국철강(주),2021,2022,mid_sized,manufacturing,2022,train,0,0.3371139,0,0,0,0.5,0.5242080092430115,0.5242080092430115,안정
KOSPI,105630,한세실업(주),2019,2020,mid_sized,manufacturing,2020,train,0,0.02146647,0,0,0,0.5,0.5242080092430115,0.5242080092430115,안정
KOSPI,105630,한세실업(주),2020,2021,mid_sized,manufacturing,2021,train,0,0.02838205,0,0,0,0.5,0.5242080092430115,0.5242080092430115,안정
KOSPI,105630,한세실업(주),2021,2022,mid_sized,manufacturing,2022,train,0,0.18077159,0,0,0,0.5,0.5242080092430115,0.5242080092430115,안정
KOSPI,105840,(주)우진,2021,2022,mid_sized,manufacturing,2022,train,1,0.6105114,1,1,1,0.5,0.5242080092430115,0.5242080092430115,관찰
KOSPI,108670,(주)엘엑스하우시스,2014,2015,large,manufacturing,2015,train,0,0.0047601606,0,0,0,0.5,0.5242080092430115,0.5242080092430115,안정
KOSPI,108670,(주)엘엑스하우시스,2015,2016,large,manufacturing,2016,train,0,0.0048364806,0,0,0,0.5,0.5242080092430115,0.5242080092430115,안정
KOSPI,108670,(주)엘엑스하우시스,2016,2017,large,manufacturing,2017,train,0,0.002637893,0,0,0,0.5,0.5242080092430115,0.5242080092430115,안정
KOSPI,108670,(주)엘엑스하우시스,2017,2018,large,manufacturing,2018,train,0,0.004515272,0,0,0,0.5,0.5242080092430115,0.5242080092430115,안정
KOSPI,108670,(주)엘엑스하우시스,2018,2019,large,manufacturing,2019,train,0,0.007205049,0,0,0,0.5,0.5242080092430115,0.5242080092430115,안정
KOSPI,108670,(주)엘엑스하우시스,2019,2020,large,manufacturing,2020,train,0,0.0066447062,0,0,0,0.5,0.5242080092430115,0.5242080092430115,안정
KOSPI,108670,(주)엘엑스하우시스,2020,2021,large,manufacturing,2021,train,0,0.006696637,0,0,0,0.5,0.5242080092430115,0.5242080092430115,안정
KOSPI,108670,(주)엘엑스하우시스,2021,2022,large,manufacturing,2022,train,0,0.0077489233,0,0,0,0.5,0.5242080092430115,0.5242080092430115,안정
KOSPI,111770,(주)영원무역,2014,2015,mid_sized,wholesale_retail,2015,train,0,0.001212025,0,0,0,0.5,0.5242080092430115,0.5242080092430115,안정
KOSPI,111770,(주)영원무역,2015,2016,mid_sized,wholesale_retail,2016,train,0,0.003506133,0,0,0,0.5,0.5242080092430115,0.5242080092430115,안정
KOSPI,111770,(주)영원무역,2016,2017,mid_sized,wholesale_retail,2017,train,0,0.0034083934,0,0,0,0.5,0.5242080092430115,0.5242080092430115,안정
KOSPI,111770,(주)영원무역,2017,2018,mid_sized,wholesale_retail,2018,train,0,0.0016535635,0,0,0,0.5,0.5242080092430115,0.5242080092430115,안정
KOSPI,111770,(주)영원무역,2018,2019,mid_sized,wholesale_retail,2019,train,0,0.0031238357,0,0,0,0.5,0.5242080092430115,0.5242080092430115,안정
KOSPI,111770,(주)영원무역,2019,2020,mid_sized,wholesale_retail,2020,train,0,0.0018096131,0,0,0,0.5,0.5242080092430115,0.5242080092430115,안정
KOSPI,111770,(주)영원무역,2020,2021,mid_sized,wholesale_retail,2021,train,0,0.0026187843,0,0,0,0.5,0.5242080092430115,0.5242080092430115,안정
KOSPI,111770,(주)영원무역,2021,2022,mid_sized,wholesale_retail,2022,train,0,0.0015313625,0,0,0,0.5,0.5242080092430115,0.5242080092430115,안정
KOSPI,112610,씨에스윈드(주),2017,2018,mid_sized,manufacturing,2018,train,0,0.008099046,0,0,0,0.5,0.5242080092430115,0.5242080092430115,안정
KOSPI,112610,씨에스윈드(주),2018,2019,mid_sized,manufacturing,2019,train,0,0.12506203,0,0,0,0.5,0.5242080092430115,0.5242080092430115,안정
KOSPI,112610,씨에스윈드(주),2019,2020,mid_sized,manufacturing,2020,train,0,0.04714129,0,0,0,0.5,0.5242080092430115,0.5242080092430115,안정
KOSPI,117580,대성에너지(주),2014,2015,large,other,2015,train,0,0.03085385,0,0,0,0.5,0.5242080092430115,0.5242080092430115,안정
KOSPI,117580,대성에너지(주),2017,2018,mid_sized,other,2018,train,0,0.15291092,0,0,0,0.5,0.5242080092430115,0.5242080092430115,안정
KOSPI,117580,대성에너지(주),2018,2019,mid_sized,other,2019,train,0,0.00450789,0,0,0,0.5,0.5242080092430115,0.5242080092430115,안정
KOSPI,117580,대성에너지(주),2019,2020,mid_sized,other,2020,train,0,0.020202618,0,0,0,0.5,0.5242080092430115,0.5242080092430115,안정
KOSPI,117580,대성에너지(주),2020,2021,mid_sized,other,2021,train,0,0.0162601,0,0,0,0.5,0.5242080092430115,0.5242080092430115,안정
KOSPI,117580,대성에너지(주),2021,2022,mid_sized,other,2022,train,0,0.019386211,0,0,0,0.5,0.5242080092430115,0.5242080092430115,안정
KOSPI,117930,(주)한진해운,2014,2015,large,transport_storage,2015,train,1,0.9343662,1,1,1,0.5,0.5242080092430115,0.5242080092430115,고위험
KOSPI,120110,코오롱인더스트리(주),2014,2015,large,manufacturing,2015,train,0,0.002589815,0,0,0,0.5,0.5242080092430115,0.5242080092430115,안정
KOSPI,120110,코오롱인더스트리(주),2015,2016,large,manufacturing,2016,train,0,0.01524157,0,0,0,0.5,0.5242080092430115,0.5242080092430115,안정
KOSPI,120110,코오롱인더스트리(주),2016,2017,mid_sized,manufacturing,2017,train,0,0.030306106,0,0,0,0.5,0.5242080092430115,0.5242080092430115,안정
KOSPI,120110,코오롱인더스트리(주),2017,2018,large,manufacturing,2018,train,0,0.009674048,0,0,0,0.5,0.5242080092430115,0.5242080092430115,안정
KOSPI,120110,코오롱인더스트리(주),2018,2019,large,manufacturing,2019,train,0,0.010625798,0,0,0,0.5,0.5242080092430115,0.5242080092430115,안정
KOSPI,120110,코오롱인더스트리(주),2020,2021,large,manufacturing,2021,train,0,0.0065036044,0,0,0,0.5,0.5242080092430115,0.5242080092430115,안정
KOSPI,120110,코오롱인더스트리(주),2021,2022,large,manufacturing,2022,train,0,0.0046905586,0,0,0,0.5,0.5242080092430115,0.5242080092430115,안정
KOSPI,122900,(주)아이마켓코리아,2014,2015,mid_sized,wholesale_retail,2015,train,0,0.0074651646,0,0,0,0.5,0.5242080092430115,0.5242080092430115,안정
KOSPI,122900,(주)아이마켓코리아,2015,2016,mid_sized,wholesale_retail,2016,train,0,0.016279126,0,0,0,0.5,0.5242080092430115,0.5242080092430115,안정
KOSPI,122900,(주)아이마켓코리아,2016,2017,mid_sized,wholesale_retail,2017,train,0,0.0060131527,0,0,0,0.5,0.5242080092430115,0.5242080092430115,안정
KOSPI,122900,(주)아이마켓코리아,2017,2018,mid_sized,wholesale_retail,2018,train,0,0.006747974,0,0,0,0.5,0.5242080092430115,0.5242080092430115,안정
KOSPI,122900,(주)아이마켓코리아,2018,2019,mid_sized,wholesale_retail,2019,train,0,0.015318016,0,0,0,0.5,0.5242080092430115,0.5242080092430115,안정
KOSPI,128820,대성산업(주),2014,2015,large,wholesale_retail,2015,train,1,0.9392519,1,1,1,0.5,0.5242080092430115,0.5242080092430115,고위험
KOSPI,128820,대성산업(주),2015,2016,mid_sized,wholesale_retail,2016,train,1,0.9917219,1,1,1,0.5,0.5242080092430115,0.5242080092430115,고위험
KOSPI,128820,대성산업(주),2016,2017,mid_sized,wholesale_retail,2017,train,1,0.97402024,1,1,1,0.5,0.5242080092430115,0.5242080092430115,고위험
KOSPI,128820,대성산업(주),2021,2022,mid_sized,wholesale_retail,2022,train,1,0.7897347,1,1,1,0.5,0.5242080092430115,0.5242080092430115,고위험
KOSPI,128940,한미약품(주),2014,2015,mid_sized,manufacturing,2015,train,0,0.0081839645,0,0,0,0.5,0.5242080092430115,0.5242080092430115,안정
KOSPI,128940,한미약품(주),2015,2016,mid_sized,manufacturing,2016,train,0,0.03028549,0,0,0,0.5,0.5242080092430115,0.5242080092430115,안정
KOSPI,128940,한미약품(주),2016,2017,mid_sized,manufacturing,2017,train,0,0.010837014,0,0,0,0.5,0.5242080092430115,0.5242080092430115,안정
KOSPI,128940,한미약품(주),2017,2018,mid_sized,manufacturing,2018,train,0,0.022520151,0,0,0,0.5,0.5242080092430115,0.5242080092430115,안정
KOSPI,128940,한미약품(주),2018,2019,mid_sized,manufacturing,2019,train,0,0.008302255,0,0,0,0.5,0.5242080092430115,0.5242080092430115,안정
KOSPI,128940,한미약품(주),2019,2020,mid_sized,manufacturing,2020,train,0,0.008569662,0,0,0,0.5,0.5242080092430115,0.5242080092430115,안정
KOSPI,128940,한미약품(주),2020,2021,mid_sized,manufacturing,2021,train,0,0.0064034727,0,0,0,0.5,0.5242080092430115,0.5242080092430115,안정
KOSPI,128940,한미약품(주),2021,2022,mid_sized,manufacturing,2022,train,0,0.0036939813,0,0,0,0.5,0.5242080092430115,0.5242080092430115,안정
KOSPI,136490,(주)선진,2017,2018,large,manufacturing,2018,train,0,0.02087343,0,0,0,0.5,0.5242080092430115,0.5242080092430115,안정
KOSPI,136490,(주)선진,2018,2019,large,manufacturing,2019,train,0,0.13176054,0,0,0,0.5,0.5242080092430115,0.5242080092430115,안정
KOSPI,136490,(주)선진,2019,2020,large,manufacturing,2020,train,0,0.08882095,0,0,0,0.5,0.5242080092430115,0.5242080092430115,안정
KOSPI,136490,(주)선진,2020,2021,large,manufacturing,2021,train,0,0.013325768,0,0,0,0.5,0.5242080092430115,0.5242080092430115,안정
KOSPI,136490,(주)선진,2021,2022,large,manufacturing,2022,train,0,0.011668392,0,0,0,0.5,0.5242080092430115,0.5242080092430115,안정
KOSPI,138250,(주)엔에스쇼핑,2015,2016,large,wholesale_retail,2016,train,0,0.0013221961,0,0,0,0.5,0.5242080092430115,0.5242080092430115,안정
KOSPI,138250,(주)엔에스쇼핑,2016,2017,large,wholesale_retail,2017,train,0,0.0060650627,0,0,0,0.5,0.5242080092430115,0.5242080092430115,안정
KOSPI,138250,(주)엔에스쇼핑,2017,2018,large,wholesale_retail,2018,train,0,0.0030056073,0,0,0,0.5,0.5242080092430115,0.5242080092430115,안정
KOSPI,138250,(주)엔에스쇼핑,2018,2019,large,wholesale_retail,2019,train,0,0.0026569068,0,0,0,0.5,0.5242080092430115,0.5242080092430115,안정
KOSPI,138250,(주)엔에스쇼핑,2019,2020,large,wholesale_retail,2020,train,0,0.0055981665,0,0,0,0.5,0.5242080092430115,0.5242080092430115,안정
KOSPI,138250,(주)엔에스쇼핑,2020,2021,large,wholesale_retail,2021,train,0,0.002840788,0,0,0,0.5,0.5242080092430115,0.5242080092430115,안정
KOSPI,138490,코오롱이앤피(주),2017,2018,large,manufacturing,2018,train,0,0.02584511,0,0,0,0.5,0.5242080092430115,0.5242080092430115,안정
KOSPI,138490,코오롱이앤피(주),2018,2019,large,manufacturing,2019,train,0,0.022334572,0,0,0,0.5,0.5242080092430115,0.5242080092430115,안정
KOSPI,138490,코오롱이앤피(주),2019,2020,large,manufacturing,2020,train,0,0.055287424,0,0,0,0.5,0.5242080092430115,0.5242080092430115,안정
KOSPI,138490,코오롱이앤피(주),2020,2021,large,manufacturing,2021,train,0,0.034780297,0,0,0,0.5,0.5242080092430115,0.5242080092430115,안정
KOSPI,138490,코오롱이앤피(주),2021,2022,large,manufacturing,2022,train,0,0.016483227,0,0,0,0.5,0.5242080092430115,0.5242080092430115,안정
KOSPI,139480,(주)이마트,2014,2015,large,wholesale_retail,2015,train,0,0.00088119716,0,0,0,0.5,0.5242080092430115,0.5242080092430115,안정
KOSPI,139480,(주)이마트,2015,2016,large,wholesale_retail,2016,train,0,0.000815968,0,0,0,0.5,0.5242080092430115,0.5242080092430115,안정
KOSPI,139480,(주)이마트,2016,2017,large,wholesale_retail,2017,train,0,0.0006689978,0,0,0,0.5,0.5242080092430115,0.5242080092430115,안정
KOSPI,139480,(주)이마트,2017,2018,large,wholesale_retail,2018,train,0,0.0007135774,0,0,0,0.5,0.5242080092430115,0.5242080092430115,안정
KOSPI,139480,(주)이마트,2018,2019,large,wholesale_retail,2019,train,0,0.000718462,0,0,0,0.5,0.5242080092430115,0.5242080092430115,안정
KOSPI,139480,(주)이마트,2019,2020,large,wholesale_retail,2020,train,0,0.0015306096,0,0,0,0.5,0.5242080092430115,0.5242080092430115,안정
KOSPI,139480,(주)이마트,2020,2021,large,wholesale_retail,2021,train,0,0.001472273,0,0,0,0.5,0.5242080092430115,0.5242080092430115,안정
KOSPI,139480,(주)이마트,2021,2022,large,wholesale_retail,2022,train,0,0.003670901,0,0,0,0.5,0.5242080092430115,0.5242080092430115,안정
KOSPI,139990,아주스틸(주),2021,2022,mid_sized,manufacturing,2022,train,1,0.79167926,1,1,1,0.5,0.5242080092430115,0.5242080092430115,고위험
KOSPI,143210,핸즈코퍼레이션(주),2016,2017,mid_sized,manufacturing,2017,train,0,0.031961754,0,0,0,0.5,0.5242080092430115,0.5242080092430115,안정
KOSPI,143210,핸즈코퍼레이션(주),2017,2018,mid_sized,manufacturing,2018,train,0,0.0112368865,0,0,0,0.5,0.5242080092430115,0.5242080092430115,안정
KOSPI,143210,핸즈코퍼레이션(주),2018,2019,mid_sized,manufacturing,2019,train,0,0.060016796,0,0,0,0.5,0.5242080092430115,0.5242080092430115,안정
KOSPI,143210,핸즈코퍼레이션(주),2019,2020,mid_sized,manufacturing,2020,train,0,0.15469518,0,0,0,0.5,0.5242080092430115,0.5242080092430115,안정
KOSPI,143210,핸즈코퍼레이션(주),2020,2021,mid_sized,manufacturing,2021,train,0,0.33193383,0,0,0,0.5,0.5242080092430115,0.5242080092430115,안정
KOSPI,143210,핸즈코퍼레이션(주),2021,2022,mid_sized,manufacturing,2022,train,1,0.8945643,1,1,1,0.5,0.5242080092430115,0.5242080092430115,고위험
KOSPI,145990,(주)삼양사,2014,2015,mid_sized,manufacturing,2015,train,0,0.018232722,0,0,0,0.5,0.5242080092430115,0.5242080092430115,안정
KOSPI,145990,(주)삼양사,2015,2016,mid_sized,manufacturing,2016,train,0,0.007003759,0,0,0,0.5,0.5242080092430115,0.5242080092430115,안정
KOSPI,145990,(주)삼양사,2016,2017,mid_sized,manufacturing,2017,train,0,0.00595222,0,0,0,0.5,0.5242080092430115,0.5242080092430115,안정
KOSPI,145990,(주)삼양사,2017,2018,mid_sized,manufacturing,2018,train,0,0.0047251997,0,0,0,0.5,0.5242080092430115,0.5242080092430115,안정
KOSPI,145990,(주)삼양사,2018,2019,mid_sized,manufacturing,2019,train,0,0.0028516988,0,0,0,0.5,0.5242080092430115,0.5242080092430115,안정
KOSPI,145990,(주)삼양사,2019,2020,mid_sized,manufacturing,2020,train,0,0.0022370697,0,0,0,0.5,0.5242080092430115,0.5242080092430115,안정
KOSPI,145990,(주)삼양사,2020,2021,mid_sized,manufacturing,2021,train,0,0.003441641,0,0,0,0.5,0.5242080092430115,0.5242080092430115,안정
KOSPI,145990,(주)삼양사,2021,2022,mid_sized,manufacturing,2022,train,0,0.0046391813,0,0,0,0.5,0.5242080092430115,0.5242080092430115,안정
KOSPI,161390,한국타이어앤테크놀로지(주),2014,2015,large,manufacturing,2015,train,0,0.0019729694,0,0,0,0.5,0.5242080092430115,0.5242080092430115,안정
KOSPI,161390,한국타이어앤테크놀로지(주),2015,2016,large,manufacturing,2016,train,0,0.0027501658,0,0,0,0.5,0.5242080092430115,0.5242080092430115,안정
KOSPI,161390,한국타이어앤테크놀로지(주),2016,2017,mid_sized,manufacturing,2017,train,0,0.0031303181,0,0,0,0.5,0.5242080092430115,0.5242080092430115,안정
KOSPI,161390,한국타이어앤테크놀로지(주),2017,2018,mid_sized,manufacturing,2018,train,0,0.0019156911,0,0,0,0.5,0.5242080092430115,0.5242080092430115,안정
KOSPI,161390,한국타이어앤테크놀로지(주),2018,2019,mid_sized,manufacturing,2019,train,0,0.0022817077,0,0,0,0.5,0.5242080092430115,0.5242080092430115,안정
KOSPI,161390,한국타이어앤테크놀로지(주),2019,2020,mid_sized,manufacturing,2020,train,0,0.0015929762,0,0,0,0.5,0.5242080092430115,0.5242080092430115,안정
KOSPI,161390,한국타이어앤테크놀로지(주),2020,2021,mid_sized,manufacturing,2021,train,0,0.0022285096,0,0,0,0.5,0.5242080092430115,0.5242080092430115,안정
KOSPI,161390,한국타이어앤테크놀로지(주),2021,2022,large,manufacturing,2022,train,0,0.00070815306,0,0,0,0.5,0.5242080092430115,0.5242080092430115,안정
KOSPI,161890,한국콜마(주),2016,2017,mid_sized,manufacturing,2017,train,0,0.0071584834,0,0,0,0.5,0.5242080092430115,0.5242080092430115,안정
KOSPI,161890,한국콜마(주),2017,2018,mid_sized,manufacturing,2018,train,0,0.03281642,0,0,0,0.5,0.5242080092430115,0.5242080092430115,안정
KOSPI,161890,한국콜마(주),2018,2019,mid_sized,manufacturing,2019,train,0,0.007588236,0,0,0,0.5,0.5242080092430115,0.5242080092430115,안정
KOSPI,161890,한국콜마(주),2019,2020,mid_sized,manufacturing,2020,train,0,0.005756302,0,0,0,0.5,0.5242080092430115,0.5242080092430115,안정
KOSPI,161890,한국콜마(주),2020,2021,mid_sized,manufacturing,2021,train,0,0.005866406,0,0,0,0.5,0.5242080092430115,0.5242080092430115,안정
KOSPI,161890,한국콜마(주),2021,2022,mid_sized,manufacturing,2022,train,0,0.003090021,0,0,0,0.5,0.5242080092430115,0.5242080092430115,안정
KOSPI,163560,동일고무벨트(주),2021,2022,mid_sized,manufacturing,2022,train,1,0.7130992,1,1,1,0.5,0.5242080092430115,0.5242080092430115,고위험
KOSPI,170900,동아에스티(주),2014,2015,mid_sized,manufacturing,2015,train,0,0.004728293,0,0,0,0.5,0.5242080092430115,0.5242080092430115,안정
KOSPI,170900,동아에스티(주),2015,2016,mid_sized,manufacturing,2016,train,0,0.0050414805,0,0,0,0.5,0.5242080092430115,0.5242080092430115,안정
KOSPI,170900,동아에스티(주),2016,2017,mid_sized,manufacturing,2017,train,0,0.014301859,0,0,0,0.5,0.5242080092430115,0.5242080092430115,안정
KOSPI,170900,동아에스티(주),2017,2018,mid_sized,manufacturing,2018,train,0,0.02191363,0,0,0,0.5,0.5242080092430115,0.5242080092430115,안정
KOSPI,170900,동아에스티(주),2018,2019,mid_sized,manufacturing,2019,train,0,0.02969034,0,0,0,0.5,0.5242080092430115,0.5242080092430115,안정
KOSPI,170900,동아에스티(주),2020,2021,mid_sized,manufacturing,2021,train,0,0.0052167145,0,0,0,0.5,0.5242080092430115,0.5242080092430115,안정
KOSPI,170900,동아에스티(주),2021,2022,mid_sized,manufacturing,2022,train,0,0.0054905945,0,0,0,0.5,0.5242080092430115,0.5242080092430115,안정
KOSPI,180640,(주)한진칼,2014,2015,large,it_services,2015,train,0,0.0026822202,0,0,0,0.5,0.5242080092430115,0.5242080092430115,안정
KOSPI,180640,(주)한진칼,2015,2016,large,it_services,2016,train,0,0.0018429373,0,0,0,0.5,0.5242080092430115,0.5242080092430115,안정
KOSPI,180640,(주)한진칼,2016,2017,large,it_services,2017,train,0,0.006955846,0,0,0,0.5,0.5242080092430115,0.5242080092430115,안정
KOSPI,180640,(주)한진칼,2017,2018,large,it_services,2018,train,0,0.003309818,0,0,0,0.5,0.5242080092430115,0.5242080092430115,안정
KOSPI,180640,(주)한진칼,2018,2019,large,it_services,2019,train,0,0.0013568876,0,0,0,0.5,0.5242080092430115,0.5242080092430115,안정
KOSPI,180640,(주)한진칼,2019,2020,large,it_services,2020,train,0,0.009393234,0,0,0,0.5,0.5242080092430115,0.5242080092430115,안정
KOSPI,180640,(주)한진칼,2020,2021,large,it_services,2021,train,0,0.01990949,0,0,0,0.5,0.5242080092430115,0.5242080092430115,안정
KOSPI,180640,(주)한진칼,2021,2022,large,it_services,2022,train,0,0.022658527,0,0,0,0.5,0.5242080092430115,0.5242080092430115,안정
KOSPI,181710,엔에이치엔(주),2018,2019,mid_sized,it_services,2019,train,0,0.0017215563,0,0,0,0.5,0.5242080092430115,0.5242080092430115,안정
KOSPI,181710,엔에이치엔(주),2019,2020,mid_sized,it_services,2020,train,0,0.0012134752,0,0,0,0.5,0.5242080092430115,0.5242080092430115,안정
KOSPI,183190,아세아시멘트(주),2014,2015,mid_sized,manufacturing,2015,train,0,0.001505193,0,0,0,0.5,0.5242080092430115,0.5242080092430115,안정
KOSPI,183190,아세아시멘트(주),2016,2017,mid_sized,manufacturing,2017,train,0,0.0018760766,0,0,0,0.5,0.5242080092430115,0.5242080092430115,안정
KOSPI,185750,(주)종근당,2019,2020,mid_sized,manufacturing,2020,train,0,0.0067070196,0,0,0,0.5,0.5242080092430115,0.5242080092430115,안정
KOSPI,185750,(주)종근당,2020,2021,mid_sized,manufacturing,2021,train,0,0.004610988,0,0,0,0.5,0.5242080092430115,0.5242080092430115,안정
KOSPI,185750,(주)종근당,2021,2022,mid_sized,manufacturing,2022,train,0,0.018677576,0,0,0,0.5,0.5242080092430115,0.5242080092430115,안정
KOSPI,192080,(주)더블유게임즈,2020,2021,mid_sized,it_services,2021,train,0,0.010627478,0,0,0,0.5,0.5242080092430115,0.5242080092430115,안정
KOSPI,192080,(주)더블유게임즈,2021,2022,mid_sized,it_services,2022,train,0,0.00355992,0,0,0,0.5,0.5242080092430115,0.5242080092430115,안정
KOSPI,200880,(주)서연이화,2014,2015,mid_sized,manufacturing,2015,train,0,0.04678391,0,0,0,0.5,0.5242080092430115,0.5242080092430115,안정
KOSPI,200880,(주)서연이화,2015,2016,mid_sized,manufacturing,2016,train,0,0.023357105,0,0,0,0.5,0.5242080092430115,0.5242080092430115,안정
KOSPI,200880,(주)서연이화,2016,2017,mid_sized,manufacturing,2017,train,0,0.025189552,0,0,0,0.5,0.5242080092430115,0.5242080092430115,안정
KOSPI,200880,(주)서연이화,2017,2018,mid_sized,manufacturing,2018,train,0,0.039067585,0,0,0,0.5,0.5242080092430115,0.5242080092430115,안정
KOSPI,200880,(주)서연이화,2018,2019,mid_sized,manufacturing,2019,train,0,0.08980082,0,0,0,0.5,0.5242080092430115,0.5242080092430115,안정
KOSPI,200880,(주)서연이화,2019,2020,mid_sized,manufacturing,2020,train,0,0.07372879,0,0,0,0.5,0.5242080092430115,0.5242080092430115,안정
KOSPI,200880,(주)서연이화,2020,2021,mid_sized,manufacturing,2021,train,0,0.055886682,0,0,0,0.5,0.5242080092430115,0.5242080092430115,안정
KOSPI,200880,(주)서연이화,2021,2022,mid_sized,manufacturing,2022,train,0,0.034172535,0,0,0,0.5,0.5242080092430115,0.5242080092430115,안정
KOSPI,204320,에이치엘만도(주),2014,2015,large,manufacturing,2015,train,0,0.0069913175,0,0,0,0.5,0.5242080092430115,0.5242080092430115,안정
KOSPI,204320,에이치엘만도(주),2015,2016,large,manufacturing,2016,train,0,0.0035224357,0,0,0,0.5,0.5242080092430115,0.5242080092430115,안정
KOSPI,204320,에이치엘만도(주),2016,2017,mid_sized,manufacturing,2017,train,0,0.0068457383,0,0,0,0.5,0.5242080092430115,0.5242080092430115,안정
KOSPI,204320,에이치엘만도(주),2017,2018,mid_sized,manufacturing,2018,train,0,0.006742198,0,0,0,0.5,0.5242080092430115,0.5242080092430115,안정
KOSPI,204320,에이치엘만도(주),2018,2019,mid_sized,manufacturing,2019,train,0,0.004452248,0,0,0,0.5,0.5242080092430115,0.5242080092430115,안정
KOSPI,204320,에이치엘만도(주),2019,2020,mid_sized,manufacturing,2020,train,0,0.0051826867,0,0,0,0.5,0.5242080092430115,0.5242080092430115,안정
KOSPI,204320,에이치엘만도(주),2020,2021,mid_sized,manufacturing,2021,train,0,0.015782975,0,0,0,0.5,0.5242080092430115,0.5242080092430115,안정
KOSPI,204320,에이치엘만도(주),2021,2022,mid_sized,manufacturing,2022,train,0,0.012587912,0,0,0,0.5,0.5242080092430115,0.5242080092430115,안정
KOSPI,210980,에스케이디앤디(주),2021,2022,large,other,2022,train,0,0.005398857,0,0,0,0.5,0.5242080092430115,0.5242080092430115,안정
KOSPI,213500,한솔제지(주),2015,2016,large,manufacturing,2016,train,0,0.012088484,0,0,0,0.5,0.5242080092430115,0.5242080092430115,안정
KOSPI,213500,한솔제지(주),2016,2017,mid_sized,manufacturing,2017,train,0,0.037891142,0,0,0,0.5,0.5242080092430115,0.5242080092430115,안정
KOSPI,213500,한솔제지(주),2017,2018,mid_sized,manufacturing,2018,train,0,0.03545453,0,0,0,0.5,0.5242080092430115,0.5242080092430115,안정
KOSPI,213500,한솔제지(주),2018,2019,mid_sized,manufacturing,2019,train,0,0.035137173,0,0,0,0.5,0.5242080092430115,0.5242080092430115,안정
KOSPI,213500,한솔제지(주),2019,2020,mid_sized,manufacturing,2020,train,0,0.016363274,0,0,0,0.5,0.5242080092430115,0.5242080092430115,안정
KOSPI,213500,한솔제지(주),2020,2021,mid_sized,manufacturing,2021,train,0,0.013423151,0,0,0,0.5,0.5242080092430115,0.5242080092430115,안정
KOSPI,213500,한솔제지(주),2021,2022,mid_sized,manufacturing,2022,train,0,0.012542977,0,0,0,0.5,0.5242080092430115,0.5242080092430115,안정
KOSPI,214320,(주)이노션,2016,2017,large,it_services,2017,train,0,0.0023391687,0,0,0,0.5,0.5242080092430115,0.5242080092430115,안정
KOSPI,214320,(주)이노션,2017,2018,large,it_services,2018,train,0,0.0008247957,0,0,0,0.5,0.5242080092430115,0.5242080092430115,안정
KOSPI,214320,(주)이노션,2018,2019,large,it_services,2019,train,0,0.0010044876,0,0,0,0.5,0.5242080092430115,0.5242080092430115,안정
KOSPI,214320,(주)이노션,2021,2022,large,it_services,2022,train,0,0.0008653723,0,0,0,0.5,0.5242080092430115,0.5242080092430115,안정
KOSPI,214330,(주)금호에이치티,2017,2018,mid_sized,manufacturing,2018,train,1,0.64772874,1,1,1,0.5,0.5242080092430115,0.5242080092430115,관찰
KOSPI,214330,(주)금호에이치티,2018,2019,mid_sized,manufacturing,2019,train,1,0.78090566,1,1,1,0.5,0.5242080092430115,0.5242080092430115,고위험
KOSPI,214330,(주)금호에이치티,2019,2020,mid_sized,manufacturing,2020,train,1,0.8864042,1,1,1,0.5,0.5242080092430115,0.5242080092430115,고위험
KOSPI,214330,(주)금호에이치티,2020,2021,mid_sized,manufacturing,2021,train,1,0.8139427,1,1,1,0.5,0.5242080092430115,0.5242080092430115,고위험
KOSPI,214330,(주)금호에이치티,2021,2022,mid_sized,manufacturing,2022,train,1,0.86553144,1,1,1,0.5,0.5242080092430115,0.5242080092430115,고위험
KOSPI,226320,(주)잇츠한불,2015,2016,mid_sized,manufacturing,2016,train,0,0.0044797575,0,0,0,0.5,0.5242080092430115,0.5242080092430115,안정
KOSPI,234080,제이더블유생명과학(주),2021,2022,mid_sized,manufacturing,2022,train,0,0.1886004,0,0,0,0.5,0.5242080092430115,0.5242080092430115,안정
KOSPI,251270,넷마블(주),2019,2020,mid_sized,it_services,2020,train,0,0.000339404,0,0,0,0.5,0.5242080092430115,0.5242080092430115,안정
KOSPI,251270,넷마블(주),2020,2021,large,it_services,2021,train,0,0.0025604286,0,0,0,0.5,0.5242080092430115,0.5242080092430115,안정
KOSPI,251270,넷마블(주),2021,2022,large,it_services,2022,train,0,0.0023082956,0,0,0,0.5,0.5242080092430115,0.5242080092430115,안정
KOSPI,267250,에이치디현대(주),2017,2018,large,it_services,2018,train,0,0.0018489884,0,0,0,0.5,0.5242080092430115,0.5242080092430115,안정
KOSPI,267250,에이치디현대(주),2018,2019,large,it_services,2019,train,0,0.0022004868,0,0,0,0.5,0.5242080092430115,0.5242080092430115,안정
KOSPI,267250,에이치디현대(주),2019,2020,large,it_services,2020,train,0,0.0011337164,0,0,0,0.5,0.5242080092430115,0.5242080092430115,안정
KOSPI,267250,에이치디현대(주),2020,2021,large,it_services,2021,train,0,0.0010795483,0,0,0,0.5,0.5242080092430115,0.5242080092430115,안정
KOSPI,267250,에이치디현대(주),2021,2022,large,it_services,2022,train,0,0.002760888,0,0,0,0.5,0.5242080092430115,0.5242080092430115,안정
KOSPI,267260,에이치디현대일렉트릭(주),2017,2018,large,manufacturing,2018,train,0,0.012584706,0,0,0,0.5,0.5242080092430115,0.5242080092430115,안정
KOSPI,267260,에이치디현대일렉트릭(주),2018,2019,large,manufacturing,2019,train,0,0.056360062,0,0,0,0.5,0.5242080092430115,0.5242080092430115,안정
KOSPI,267260,에이치디현대일렉트릭(주),2019,2020,large,manufacturing,2020,train,0,0.04869214,0,0,0,0.5,0.5242080092430115,0.5242080092430115,안정
KOSPI,267260,에이치디현대일렉트릭(주),2020,2021,large,manufacturing,2021,train,0,0.015030681,0,0,0,0.5,0.5242080092430115,0.5242080092430115,안정
KOSPI,267260,에이치디현대일렉트릭(주),2021,2022,large,manufacturing,2022,train,0,0.011606111,0,0,0,0.5,0.5242080092430115,0.5242080092430115,안정
KOSPI,267270,에이치디건설기계(주),2017,2018,large,manufacturing,2018,train,0,0.010421486,0,0,0,0.5,0.5242080092430115,0.5242080092430115,안정
KOSPI,267270,에이치디건설기계(주),2018,2019,large,manufacturing,2019,train,0,0.0042727133,0,0,0,0.5,0.5242080092430115,0.5242080092430115,안정
KOSPI,267270,에이치디건설기계(주),2019,2020,large,manufacturing,2020,train,0,0.0015548281,0,0,0,0.5,0.5242080092430115,0.5242080092430115,안정
KOSPI,267270,에이치디건설기계(주),2020,2021,large,manufacturing,2021,train,0,0.002649747,0,0,0,0.5,0.5242080092430115,0.5242080092430115,안정
KOSPI,267270,에이치디건설기계(주),2021,2022,large,manufacturing,2022,train,0,0.0048809173,0,0,0,0.5,0.5242080092430115,0.5242080092430115,안정
KOSPI,267850,아시아나아이디티(주),2018,2019,large,it_services,2019,train,0,0.0024011745,0,0,0,0.5,0.5242080092430115,0.5242080092430115,안정
KOSPI,267850,아시아나아이디티(주),2019,2020,large,it_services,2020,train,0,0.03509926,0,0,0,0.5,0.5242080092430115,0.5242080092430115,안정
KOSPI,267850,아시아나아이디티(주),2020,2021,large,it_services,2021,train,0,0.25379,0,0,0,0.5,0.5242080092430115,0.5242080092430115,안정
KOSPI,267850,아시아나아이디티(주),2021,2022,large,it_services,2022,train,0,0.09058119,0,0,0,0.5,0.5242080092430115,0.5242080092430115,안정
KOSPI,271560,(주)오리온,2017,2018,mid_sized,manufacturing,2018,train,0,0.003147312,0,0,0,0.5,0.5242080092430115,0.5242080092430115,안정
KOSPI,271560,(주)오리온,2018,2019,mid_sized,manufacturing,2019,train,0,0.0066069276,0,0,0,0.5,0.5242080092430115,0.5242080092430115,안정
KOSPI,271560,(주)오리온,2019,2020,mid_sized,manufacturing,2020,train,0,0.0011429997,0,0,0,0.5,0.5242080092430115,0.5242080092430115,안정
KOSPI,271560,(주)오리온,2020,2021,mid_sized,manufacturing,2021,train,0,0.001131875,0,0,0,0.5,0.5242080092430115,0.5242080092430115,안정
KOSPI,271560,(주)오리온,2021,2022,mid_sized,manufacturing,2022,train,0,0.00067671516,0,0,0,0.5,0.5242080092430115,0.5242080092430115,안정
KOSPI,272210,한화시스템(주),2019,2020,large,manufacturing,2020,train,0,0.0031931188,0,0,0,0.5,0.5242080092430115,0.5242080092430115,안정
KOSPI,272210,한화시스템(주),2020,2021,large,manufacturing,2021,train,0,0.0016293841,0,0,0,0.5,0.5242080092430115,0.5242080092430115,안정
KOSPI,272210,한화시스템(주),2021,2022,large,manufacturing,2022,train,0,0.00049554283,0,0,0,0.5,0.5242080092430115,0.5242080092430115,안정
KOSPI,272550,(주)삼양패키징,2017,2018,mid_sized,manufacturing,2018,train,0,0.33199093,0,0,0,0.5,0.5242080092430115,0.5242080092430115,안정
KOSPI,272550,(주)삼양패키징,2018,2019,mid_sized,manufacturing,2019,train,0,0.33199093,0,0,0,0.5,0.5242080092430115,0.5242080092430115,안정
KOSPI,272550,(주)삼양패키징,2019,2020,mid_sized,manufacturing,2020,train,0,0.33199093,0,0,0,0.5,0.5242080092430115,0.5242080092430115,안정
KOSPI,272550,(주)삼양패키징,2020,2021,mid_sized,manufacturing,2021,train,0,0.33199093,0,0,0,0.5,0.5242080092430115,0.5242080092430115,안정
KOSPI,272550,(주)삼양패키징,2021,2022,mid_sized,manufacturing,2022,train,0,0.33199093,0,0,0,0.5,0.5242080092430115,0.5242080092430115,안정
KOSPI,280360,롯데웰푸드(주),2018,2019,large,manufacturing,2019,train,0,0.0011671659,0,0,0,0.5,0.5242080092430115,0.5242080092430115,안정
KOSPI,280360,롯데웰푸드(주),2019,2020,large,manufacturing,2020,train,0,0.00082173495,0,0,0,0.5,0.5242080092430115,0.5242080092430115,안정
KOSPI,280360,롯데웰푸드(주),2020,2021,large,manufacturing,2021,train,0,0.0006548354,0,0,0,0.5,0.5242080092430115,0.5242080092430115,안정
KOSPI,280360,롯데웰푸드(주),2021,2022,large,manufacturing,2022,train,0,0.0006610668,0,0,0,0.5,0.5242080092430115,0.5242080092430115,안정
KOSPI,281820,(주)케이씨텍,2017,2018,mid_sized,manufacturing,2018,train,0,0.33199093,0,0,0,0.5,0.5242080092430115,0.5242080092430115,안정
KOSPI,281820,(주)케이씨텍,2018,2019,small_and_medium,manufacturing,2019,train,0,0.44768238,0,0,0,0.5,0.5242080092430115,0.5242080092430115,관찰
KOSPI,281820,(주)케이씨텍,2019,2020,small_and_medium,manufacturing,2020,train,0,0.44768238,0,0,0,0.5,0.5242080092430115,0.5242080092430115,관찰
KOSPI,281820,(주)케이씨텍,2020,2021,small_and_medium,manufacturing,2021,train,0,0.436322,0,0,0,0.5,0.5242080092430115,0.5242080092430115,관찰
KOSPI,281820,(주)케이씨텍,2021,2022,mid_sized,manufacturing,2022,train,0,0.33199093,0,0,0,0.5,0.5242080092430115,0.5242080092430115,안정
KOSPI,282330,(주)비지에프리테일,2017,2018,mid_sized,wholesale_retail,2018,train,0,0.060901374,0,0,0,0.5,0.5242080092430115,0.5242080092430115,안정
KOSPI,282330,(주)비지에프리테일,2018,2019,mid_sized,wholesale_retail,2019,train,0,0.0025421241,0,0,0,0.5,0.5242080092430115,0.5242080092430115,안정
KOSPI,282330,(주)비지에프리테일,2019,2020,mid_sized,wholesale_retail,2020,train,0,0.0026000908,0,0,0,0.5,0.5242080092430115,0.5242080092430115,안정
KOSPI,282330,(주)비지에프리테일,2020,2021,mid_sized,wholesale_retail,2021,train,0,0.0031188417,0,0,0,0.5,0.5242080092430115,0.5242080092430115,안정
KOSPI,282330,(주)비지에프리테일,2021,2022,mid_sized,wholesale_retail,2022,train,0,0.0037944177,0,0,0,0.5,0.5242080092430115,0.5242080092430115,안정
KOSPI,285130,에스케이케미칼(주),2018,2019,large,manufacturing,2019,train,0,0.0064043584,0,0,0,0.5,0.5242080092430115,0.5242080092430115,안정
KOSPI,285130,에스케이케미칼(주),2021,2022,large,manufacturing,2022,train,0,0.0010003252,0,0,0,0.5,0.5242080092430115,0.5242080092430115,안정
KOSPI,294870,에이치디씨현대산업개발(주),2018,2019,large,construction,2019,train,0,0.008064024,0,0,0,0.5,0.5242080092430115,0.5242080092430115,안정
KOSPI,294870,에이치디씨현대산업개발(주),2019,2020,large,construction,2020,train,0,0.007710766,0,0,0,0.5,0.5242080092430115,0.5242080092430115,안정
KOSPI,294870,에이치디씨현대산업개발(주),2020,2021,large,construction,2021,train,0,0.011356601,0,0,0,0.5,0.5242080092430115,0.5242080092430115,안정
KOSPI,294870,에이치디씨현대산업개발(주),2021,2022,large,construction,2022,train,0,0.007387476,0,0,0,0.5,0.5242080092430115,0.5242080092430115,안정
KOSPI,298000,효성화학(주),2018,2019,large,manufacturing,2019,train,0,0.021068573,0,0,0,0.5,0.5242080092430115,0.5242080092430115,안정
KOSPI,298000,효성화학(주),2019,2020,large,manufacturing,2020,train,0,0.006186516,0,0,0,0.5,0.5242080092430115,0.5242080092430115,안정
KOSPI,298000,효성화학(주),2020,2021,large,manufacturing,2021,train,0,0.016645344,0,0,0,0.5,0.5242080092430115,0.5242080092430115,안정
KOSPI,298000,효성화학(주),2021,2022,large,manufacturing,2022,train,0,0.015644846,0,0,0,0.5,0.5242080092430115,0.5242080092430115,안정
KOSPI,298020,효성티앤씨(주),2019,2020,large,manufacturing,2020,train,0,0.026853882,0,0,0,0.5,0.5242080092430115,0.5242080092430115,안정
KOSPI,298020,효성티앤씨(주),2020,2021,large,manufacturing,2021,train,0,0.019011592,0,0,0,0.5,0.5242080092430115,0.5242080092430115,안정
KOSPI,298040,효성중공업(주),2018,2019,large,manufacturing,2019,train,0,0.013850923,0,0,0,0.5,0.5242080092430115,0.5242080092430115,안정
KOSPI,298040,효성중공업(주),2019,2020,large,manufacturing,2020,train,0,0.025178706,0,0,0,0.5,0.5242080092430115,0.5242080092430115,안정
KOSPI,298040,효성중공업(주),2020,2021,large,manufacturing,2021,train,0,0.0072873696,0,0,0,0.5,0.5242080092430115,0.5242080092430115,안정
KOSPI,298040,효성중공업(주),2021,2022,large,manufacturing,2022,train,0,0.01718179,0,0,0,0.5,0.5242080092430115,0.5242080092430115,안정
KOSPI,298050,에이치에스효성첨단소재(주),2018,2019,large,manufacturing,2019,train,0,0.024193281,0,0,0,0.5,0.5242080092430115,0.5242080092430115,안정
KOSPI,298050,에이치에스효성첨단소재(주),2019,2020,large,manufacturing,2020,train,0,0.023259506,0,0,0,0.5,0.5242080092430115,0.5242080092430115,안정
KOSPI,298050,에이치에스효성첨단소재(주),2020,2021,large,manufacturing,2021,train,0,0.012862852,0,0,0,0.5,0.5242080092430115,0.5242080092430115,안정
KOSPI,298050,에이치에스효성첨단소재(주),2021,2022,large,manufacturing,2022,train,0,0.02411216,0,0,0,0.5,0.5242080092430115,0.5242080092430115,안정
KOSPI,300720,한일시멘트(주),2018,2019,mid_sized,manufacturing,2019,train,0,0.3955719,0,0,0,0.5,0.5242080092430115,0.5242080092430115,관찰
KOSPI,300720,한일시멘트(주),2019,2020,mid_sized,manufacturing,2020,train,0,0.3955719,0,0,0,0.5,0.5242080092430115,0.5242080092430115,관찰
KOSPI,300720,한일시멘트(주),2020,2021,mid_sized,manufacturing,2021,train,0,0.00060370594,0,0,0,0.5,0.5242080092430115,0.5242080092430115,안정
KOSPI,300720,한일시멘트(주),2021,2022,mid_sized,manufacturing,2022,train,0,0.00050970545,0,0,0,0.5,0.5242080092430115,0.5242080092430115,안정
KOSPI,302440,에스케이바이오사이언스(주),2021,2022,large,manufacturing,2022,train,0,0.16867197,0,0,0,0.5,0.5242080092430115,0.5242080092430115,안정
KOSPI,306200,(주)세아제강,2018,2019,mid_sized,manufacturing,2019,train,0,0.3955719,0,0,0,0.5,0.5242080092430115,0.5242080092430115,관찰
KOSPI,306200,(주)세아제강,2019,2020,mid_sized,manufacturing,2020,train,0,0.3955719,0,0,0,0.5,0.5242080092430115,0.5242080092430115,관찰
KOSPI,306200,(주)세아제강,2020,2021,mid_sized,manufacturing,2021,train,0,0.3955719,0,0,0,0.5,0.5242080092430115,0.5242080092430115,관찰
KOSPI,306200,(주)세아제강,2021,2022,large,manufacturing,2022,train,0,0.09835869,0,0,0,0.5,0.5242080092430115,0.5242080092430115,안정
KOSPI,307950,현대오토에버(주),2019,2020,large,it_services,2020,train,0,0.001974537,0,0,0,0.5,0.5242080092430115,0.5242080092430115,안정
KOSPI,307950,현대오토에버(주),2020,2021,large,it_services,2021,train,0,0.0013148361,0,0,0,0.5,0.5242080092430115,0.5242080092430115,안정
KOSPI,307950,현대오토에버(주),2021,2022,large,it_services,2022,train,0,0.0009010994,0,0,0,0.5,0.5242080092430115,0.5242080092430115,안정
KOSPI,308170,(주)씨티알모빌리티,2019,2020,mid_sized,manufacturing,2020,train,1,0.86730564,1,1,1,0.5,0.5242080092430115,0.5242080092430115,고위험
KOSPI,308170,(주)씨티알모빌리티,2020,2021,mid_sized,manufacturing,2021,train,1,0.8872102,1,1,1,0.5,0.5242080092430115,0.5242080092430115,고위험
KOSPI,308170,(주)씨티알모빌리티,2021,2022,mid_sized,manufacturing,2022,train,1,0.8978644,1,1,1,0.5,0.5242080092430115,0.5242080092430115,고위험
KOSPI,317400,자이에스앤디(주),2019,2020,large,other,2020,train,0,0.085690804,0,0,0,0.5,0.5242080092430115,0.5242080092430115,안정
KOSPI,317400,자이에스앤디(주),2020,2021,large,other,2021,train,0,0.085690804,0,0,0,0.5,0.5242080092430115,0.5242080092430115,안정
KOSPI,317400,자이에스앤디(주),2021,2022,large,other,2022,train,0,0.013146592,0,0,0,0.5,0.5242080092430115,0.5242080092430115,안정
KOSPI,329180,에이치디현대중공업(주),2021,2022,large,manufacturing,2022,train,0,0.05915444,0,0,0,0.5,0.5242080092430115,0.5242080092430115,안정
KOSPI,336260,두산퓨얼셀(주),2019,2020,large,manufacturing,2020,train,0,0.17639332,0,0,0,0.5,0.5242080092430115,0.5242080092430115,안정
KOSPI,336260,두산퓨얼셀(주),2020,2021,large,manufacturing,2021,train,0,0.17639332,0,0,0,0.5,0.5242080092430115,0.5242080092430115,안정
KOSPI,336260,두산퓨얼셀(주),2021,2022,large,manufacturing,2022,train,0,0.17639332,0,0,0,0.5,0.5242080092430115,0.5242080092430115,안정
KOSPI,339770,교촌에프앤비(주),2021,2022,mid_sized,wholesale_retail,2022,train,0,0.037414387,0,0,0,0.5,0.5242080092430115,0.5242080092430115,안정
KOSPI,344820,(주)케이씨씨글라스,2020,2021,large,manufacturing,2021,train,0,0.17523158,0,0,0,0.5,0.5242080092430115,0.5242080092430115,안정
KOSPI,344820,(주)케이씨씨글라스,2021,2022,large,manufacturing,2022,train,0,0.0016763812,0,0,0,0.5,0.5242080092430115,0.5242080092430115,안정
KOSPI,372910,(주)한컴라이프케어,2021,2022,mid_sized,manufacturing,2022,train,0,0.109424576,0,0,0,0.5,0.5242080092430115,0.5242080092430115,안정
KOSPI,375500,디엘이앤씨(주),2021,2022,large,construction,2022,train,0,0.0010397265,0,0,0,0.5,0.5242080092430115,0.5242080092430115,안정
KOSPI,378850,(주)화승알앤에이,2021,2022,mid_sized,manufacturing,2022,train,0,0.5614776,1,1,1,0.5,0.5242080092430115,0.5242080092430115,관찰
KOSDAQ,250,삼천당제약(주),2022,2023,mid_sized,manufacturing,2023,valid,0,0.020681262,0,0,0,0.5,0.5242080092430115,0.5242080092430115,안정
KOSDAQ,1840,이화공영(주),2022,2023,mid_sized,construction,2023,valid,0,0.13084628,0,0,0,0.5,0.5242080092430115,0.5242080092430115,안정
KOSDAQ,2290,(주)삼일기업공사,2022,2023,small_and_medium,construction,2023,valid,0,0.10685245,0,0,0,0.5,0.5242080092430115,0.5242080092430115,안정
KOSDAQ,3380,(주)하림지주,2022,2023,large,it_services,2023,valid,0,0.02533303,0,0,0,0.5,0.5242080092430115,0.5242080092430115,안정
KOSDAQ,5160,동국산업(주),2022,2023,mid_sized,manufacturing,2023,valid,0,0.089979015,0,0,0,0.5,0.5242080092430115,0.5242080092430115,안정
KOSDAQ,6140,(주)피제이전자,2022,2023,mid_sized,manufacturing,2023,valid,0,0.35621715,0,0,0,0.5,0.5242080092430115,0.5242080092430115,관찰
KOSDAQ,6620,(주)동구바이오제약,2022,2023,mid_sized,manufacturing,2023,valid,0,0.084429614,0,0,0,0.5,0.5242080092430115,0.5242080092430115,안정
KOSDAQ,7390,(주)네이처셀,2022,2023,small_and_medium,manufacturing,2023,valid,1,0.9848898,1,1,1,0.5,0.5242080092430115,0.5242080092430115,고위험
KOSDAQ,7680,(주)대원,2022,2023,mid_sized,construction,2023,valid,0,0.066109516,0,0,0,0.5,0.5242080092430115,0.5242080092430115,안정
KOSDAQ,7720,(주)소노스퀘어,2022,2023,mid_sized,wholesale_retail,2023,valid,1,0.9625951,1,1,1,0.5,0.5242080092430115,0.5242080092430115,고위험
KOSDAQ,7770,한일화학공업(주),2022,2023,mid_sized,manufacturing,2023,valid,0,0.49618706,0,0,0,0.5,0.5242080092430115,0.5242080092430115,관찰
KOSDAQ,7820,(주)에스엠코어,2022,2023,large,manufacturing,2023,valid,0,0.11371406,0,0,0,0.5,0.5242080092430115,0.5242080092430115,안정
KOSDAQ,8470,(주)부-스타,2022,2023,small_and_medium,manufacturing,2023,valid,0,0.19377963,0,0,0,0.5,0.5242080092430115,0.5242080092430115,안정
KOSDAQ,9520,(주)포스코엠텍,2022,2023,large,manufacturing,2023,valid,0,0.08639058,0,0,0,0.5,0.5242080092430115,0.5242080092430115,안정
KOSDAQ,9620,삼보산업(주),2022,2023,mid_sized,manufacturing,2023,valid,1,0.92311203,1,1,1,0.5,0.5242080092430115,0.5242080092430115,고위험
KOSDAQ,10170,대한광통신(주),2022,2023,small_and_medium,manufacturing,2023,valid,0,0.985159,1,1,1,0.5,0.5242080092430115,0.5242080092430115,고위험
KOSDAQ,10240,(주)흥국,2022,2023,small_and_medium,manufacturing,2023,valid,0,0.029737538,0,0,0,0.5,0.5242080092430115,0.5242080092430115,안정
KOSDAQ,10280,(주)아이티센엔텍,2022,2023,mid_sized,it_services,2023,valid,0,0.1959912,0,0,0,0.5,0.5242080092430115,0.5242080092430115,안정
KOSDAQ,11040,경동제약(주),2022,2023,mid_sized,manufacturing,2023,valid,0,0.014379679,0,0,0,0.5,0.5242080092430115,0.5242080092430115,안정
KOSDAQ,11080,(주)형지아이앤씨,2022,2023,small_and_medium,manufacturing,2023,valid,1,0.9449721,1,1,1,0.5,0.5242080092430115,0.5242080092430115,고위험
KOSDAQ,11370,(주)서한,2022,2023,mid_sized,construction,2023,valid,0,0.2711645,0,0,0,0.5,0.5242080092430115,0.5242080092430115,안정
KOSDAQ,12340,(주)뉴인텍,2022,2023,small_and_medium,manufacturing,2023,valid,1,0.9950545,1,1,1,0.5,0.5242080092430115,0.5242080092430115,고위험
KOSDAQ,12860,(주)모베이스전자,2022,2023,mid_sized,manufacturing,2023,valid,1,0.48170206,0,0,0,0.5,0.5242080092430115,0.5242080092430115,관찰
KOSDAQ,13030,하이록코리아(주),2022,2023,mid_sized,manufacturing,2023,valid,0,0.008386324,0,0,0,0.5,0.5242080092430115,0.5242080092430115,안정
KOSDAQ,13120,(주)동원개발,2022,2023,mid_sized,construction,2023,valid,0,0.02065236,0,0,0,0.5,0.5242080092430115,0.5242080092430115,안정
KOSDAQ,13720,더큐브앤(주),2022,2023,small_and_medium,manufacturing,2023,valid,1,0.97108006,1,1,1,0.5,0.5242080092430115,0.5242080092430115,고위험
KOSDAQ,13810,(주)스페코,2022,2023,small_and_medium,manufacturing,2023,valid,1,0.83925766,1,1,1,0.5,0.5242080092430115,0.5242080092430115,고위험
KOSDAQ,14190,(주)원익큐브,2022,2023,mid_sized,wholesale_retail,2023,valid,0,0.3298727,0,0,0,0.5,0.5242080092430115,0.5242080092430115,안정
KOSDAQ,14200,(주)광림,2022,2023,mid_sized,manufacturing,2023,valid,1,0.8286526,1,1,1,0.5,0.5242080092430115,0.5242080092430115,고위험
KOSDAQ,14970,삼륭물산(주),2022,2023,small_and_medium,manufacturing,2023,valid,0,0.8651667,1,1,1,0.5,0.5242080092430115,0.5242080092430115,고위험
KOSDAQ,15710,(주)코콤,2022,2023,mid_sized,manufacturing,2023,valid,0,0.16387336,0,0,0,0.5,0.5242080092430115,0.5242080092430115,안정
KOSDAQ,16100,(주)리더스코스메틱,2022,2023,small_and_medium,manufacturing,2023,valid,1,0.9515783,1,1,1,0.5,0.5242080092430115,0.5242080092430115,고위험
KOSDAQ,17000,신원종합개발(주),2022,2023,mid_sized,construction,2023,valid,0,0.13084628,0,0,0,0.5,0.5242080092430115,0.5242080092430115,안정
KOSDAQ,17480,삼현철강(주),2022,2023,mid_sized,manufacturing,2023,valid,0,0.38390526,0,0,0,0.5,0.5242080092430115,0.5242080092430115,관찰
KOSDAQ,17890,한국알콜산업(주),2022,2023,mid_sized,manufacturing,2023,valid,0,0.007417008,0,0,0,0.5,0.5242080092430115,0.5242080092430115,안정
KOSDAQ,18000,유니슨(주),2022,2023,mid_sized,manufacturing,2023,valid,1,0.97742224,1,1,1,0.5,0.5242080092430115,0.5242080092430115,고위험
KOSDAQ,18290,(주)브이티,2022,2023,small_and_medium,manufacturing,2023,valid,1,0.3903358,0,0,0,0.5,0.5242080092430115,0.5242080092430115,관찰
KOSDAQ,18310,삼목에스폼(주),2022,2023,mid_sized,manufacturing,2023,valid,0,0.004705138,0,0,0,0.5,0.5242080092430115,0.5242080092430115,안정
KOSDAQ,18700,(주)바른손,2022,2023,small_and_medium,wholesale_retail,2023,valid,1,0.8299298,1,1,1,0.5,0.5242080092430115,0.5242080092430115,고위험
KOSDAQ,19210,(주)와이지-원,2022,2023,mid_sized,manufacturing,2023,valid,0,0.16256624,0,0,0,0.5,0.5242080092430115,0.5242080092430115,안정
KOSDAQ,19540,(주)일지테크,2022,2023,mid_sized,manufacturing,2023,valid,1,0.70211005,1,1,1,0.5,0.5242080092430115,0.5242080092430115,고위험
KOSDAQ,21320,(주)케이씨씨건설,2022,2023,large,construction,2023,valid,0,0.07871637,0,0,0,0.5,0.5242080092430115,0.5242080092430115,안정
KOSDAQ,21650,(주)한국큐빅,2022,2023,mid_sized,manufacturing,2023,valid,0,0.30113134,0,0,0,0.5,0.5242080092430115,0.5242080092430115,안정
KOSDAQ,23410,유진기업(주),2022,2023,mid_sized,manufacturing,2023,valid,0,0.09891883,0,0,0,0.5,0.5242080092430115,0.5242080092430115,안정
KOSDAQ,24830,(주)세원물산,2022,2023,mid_sized,manufacturing,2023,valid,1,0.37874043,0,0,0,0.5,0.5242080092430115,0.5242080092430115,관찰
KOSDAQ,24880,(주)케이피에프,2022,2023,mid_sized,manufacturing,2023,valid,1,0.6893753,1,1,1,0.5,0.5242080092430115,0.5242080092430115,고위험
KOSDAQ,25440,(주)디에이치오토웨어,2022,2023,mid_sized,manufacturing,2023,valid,1,0.9165537,1,1,1,0.5,0.5242080092430115,0.5242080092430115,고위험
KOSDAQ,25900,동화기업(주),2022,2023,mid_sized,manufacturing,2023,valid,0,0.025443833,0,0,0,0.5,0.5242080092430115,0.5242080092430115,안정
KOSDAQ,26150,(주)특수건설,2022,2023,mid_sized,construction,2023,valid,0,0.36276284,0,0,0,0.5,0.5242080092430115,0.5242080092430115,관찰
KOSDAQ,27050,(주)코리아나화장품,2022,2023,small_and_medium,manufacturing,2023,valid,0,0.43594068,0,0,0,0.5,0.5242080092430115,0.5242080092430115,관찰
KOSDAQ,27710,(주)팜스토리,2022,2023,mid_sized,manufacturing,2023,valid,0,0.7631858,1,1,1,0.5,0.5242080092430115,0.5242080092430115,고위험
KOSDAQ,29960,(주)코엔텍,2022,2023,small_and_medium,other,2023,valid,0,0.36527532,0,0,0,0.5,0.5242080092430115,0.5242080092430115,관찰
KOSDAQ,30530,(주)원익홀딩스,2022,2023,mid_sized,manufacturing,2023,valid,0,0.06391866,0,0,0,0.5,0.5242080092430115,0.5242080092430115,안정
KOSDAQ,31310,(주)아이즈비전,2022,2023,mid_sized,it_services,2023,valid,0,0.56498706,1,1,1,0.5,0.5242080092430115,0.5242080092430115,관찰
KOSDAQ,32080,(주)아즈텍더블유비이,2022,2023,small_and_medium,manufacturing,2023,valid,1,0.5081652,1,0,0,0.5,0.5242080092430115,0.5242080092430115,관찰
KOSDAQ,32620,(주)유비케어,2022,2023,mid_sized,it_services,2023,valid,0,0.0078901695,0,0,0,0.5,0.5242080092430115,0.5242080092430115,안정
KOSDAQ,32680,(주)소프트센,2022,2023,small_and_medium,it_services,2023,valid,0,0.16247563,0,0,0,0.5,0.5242080092430115,0.5242080092430115,안정
KOSDAQ,32940,(주)원익,2022,2023,mid_sized,wholesale_retail,2023,valid,1,0.7849372,1,1,1,0.5,0.5242080092430115,0.5242080092430115,고위험
KOSDAQ,33050,제이엠아이(주),2022,2023,small_and_medium,manufacturing,2023,valid,0,0.6917407,1,1,1,0.5,0.5242080092430115,0.5242080092430115,고위험
KOSDAQ,33100,제룡전기(주),2022,2023,small_and_medium,manufacturing,2023,valid,0,0.4956661,0,0,0,0.5,0.5242080092430115,0.5242080092430115,관찰
KOSDAQ,33130,(주)디지틀조선일보,2022,2023,small_and_medium,it_services,2023,valid,0,0.07689112,0,0,0,0.5,0.5242080092430115,0.5242080092430115,안정
KOSDAQ,33160,엠케이전자(주),2022,2023,mid_sized,manufacturing,2023,valid,1,0.53353834,1,1,1,0.5,0.5242080092430115,0.5242080092430115,관찰
KOSDAQ,33320,제이씨현시스템(주),2022,2023,mid_sized,wholesale_retail,2023,valid,0,0.48120666,0,0,0,0.5,0.5242080092430115,0.5242080092430115,관찰
KOSDAQ,33500,(주)동성화인텍,2022,2023,mid_sized,manufacturing,2023,valid,0,0.56122744,1,1,1,0.5,0.5242080092430115,0.5242080092430115,관찰
KOSDAQ,33540,(주)파라텍,2022,2023,mid_sized,manufacturing,2023,valid,0,0.8722295,1,1,1,0.5,0.5242080092430115,0.5242080092430115,고위험
KOSDAQ,33640,(주)네패스,2022,2023,mid_sized,manufacturing,2023,valid,0,0.118853085,0,0,0,0.5,0.5242080092430115,0.5242080092430115,안정
KOSDAQ,34230,(주)파라다이스,2022,2023,mid_sized,it_services,2023,valid,0,0.01995348,0,0,0,0.5,0.5242080092430115,0.5242080092430115,안정
KOSDAQ,35760,(주)씨제이이엔엠,2022,2023,large,it_services,2023,valid,0,0.008470112,0,0,0,0.5,0.5242080092430115,0.5242080092430115,안정
KOSDAQ,35890,(주)서희건설,2022,2023,mid_sized,construction,2023,valid,0,0.028037295,0,0,0,0.5,0.5242080092430115,0.5242080092430115,안정
KOSDAQ,36000,(주)예림당,2022,2023,mid_sized,it_services,2023,valid,0,0.7413878,1,1,1,0.5,0.5242080092430115,0.5242080092430115,고위험
KOSDAQ,36010,아비코전자(주),2022,2023,mid_sized,manufacturing,2023,valid,0,0.019082565,0,0,0,0.5,0.5242080092430115,0.5242080092430115,안정
KOSDAQ,36090,(주)위지트,2022,2023,small_and_medium,manufacturing,2023,valid,0,0.50201726,1,0,0,0.5,0.5242080092430115,0.5242080092430115,관찰
KOSDAQ,36170,(주)에이치엠넥스,2022,2023,small_and_medium,manufacturing,2023,valid,1,0.789851,1,1,1,0.5,0.5242080092430115,0.5242080092430115,고위험
KOSDAQ,36190,(주)금화피에스시,2022,2023,mid_sized,construction,2023,valid,0,0.0070635774,0,0,0,0.5,0.5242080092430115,0.5242080092430115,안정
KOSDAQ,36200,유니셈(주),2022,2023,mid_sized,manufacturing,2023,valid,0,0.0049305167,0,0,0,0.5,0.5242080092430115,0.5242080092430115,안정
KOSDAQ,36480,(주)대성미생물연구소,2022,2023,small_and_medium,manufacturing,2023,valid,0,0.5081652,1,0,0,0.5,0.5242080092430115,0.5242080092430115,관찰
KOSDAQ,36540,(주)에스에프에이반도체,2022,2023,mid_sized,manufacturing,2023,valid,0,0.0027946092,0,0,0,0.5,0.5242080092430115,0.5242080092430115,안정
KOSDAQ,36930,주성엔지니어링(주),2022,2023,mid_sized,manufacturing,2023,valid,0,0.016201755,0,0,0,0.5,0.5242080092430115,0.5242080092430115,안정
KOSDAQ,37030,(주)파워넷,2022,2023,mid_sized,manufacturing,2023,valid,0,0.77248913,1,1,1,0.5,0.5242080092430115,0.5242080092430115,고위험
KOSDAQ,37070,(주)파세코,2022,2023,small_and_medium,manufacturing,2023,valid,0,0.5081652,1,0,0,0.5,0.5242080092430115,0.5242080092430115,관찰
KOSDAQ,38070,(주)서린바이오사이언스,2022,2023,small_and_medium,wholesale_retail,2023,valid,0,0.43616638,0,0,0,0.5,0.5242080092430115,0.5242080092430115,관찰
KOSDAQ,38110,에코플라스틱(주),2022,2023,mid_sized,manufacturing,2023,valid,0,0.1540926,0,0,0,0.5,0.5242080092430115,0.5242080092430115,안정
KOSDAQ,38290,(주)마크로젠,2022,2023,mid_sized,it_services,2023,valid,0,0.0688195,0,0,0,0.5,0.5242080092430115,0.5242080092430115,안정
KOSDAQ,38540,(주)상상인,2022,2023,mid_sized,it_services,2023,valid,0,0.033179924,0,0,0,0.5,0.5242080092430115,0.5242080092430115,안정
KOSDAQ,38680,에스넷시스템(주),2022,2023,mid_sized,it_services,2023,valid,1,0.5423777,1,1,1,0.5,0.5242080092430115,0.5242080092430115,관찰
KOSDAQ,39010,현대에이치티(주),2022,2023,mid_sized,manufacturing,2023,valid,0,0.3594038,0,0,0,0.5,0.5242080092430115,0.5242080092430115,관찰
KOSDAQ,39020,(주)이건홀딩스,2022,2023,mid_sized,manufacturing,2023,valid,0,0.17802536,0,0,0,0.5,0.5242080092430115,0.5242080092430115,안정
KOSDAQ,39290,인포뱅크(주),2022,2023,mid_sized,it_services,2023,valid,0,0.08667881,0,0,0,0.5,0.5242080092430115,0.5242080092430115,안정
KOSDAQ,39310,(주)세중,2022,2023,mid_sized,it_services,2023,valid,0,0.4596719,0,0,0,0.5,0.5242080092430115,0.5242080092430115,관찰
KOSDAQ,39420,(주)케이엘넷,2022,2023,small_and_medium,it_services,2023,valid,0,0.021164456,0,0,0,0.5,0.5242080092430115,0.5242080092430115,안정
KOSDAQ,40160,(주)누리플렉스,2022,2023,mid_sized,it_services,2023,valid,0,0.5508785,1,1,1,0.5,0.5242080092430115,0.5242080092430115,관찰
KOSDAQ,40910,(주)아이씨디,2022,2023,mid_sized,manufacturing,2023,valid,0,0.28080684,0,0,0,0.5,0.5242080092430115,0.5242080092430115,안정
KOSDAQ,41830,(주)인바디,2022,2023,small_and_medium,manufacturing,2023,valid,0,0.007609178,0,0,0,0.5,0.5242080092430115,0.5242080092430115,안정
KOSDAQ,42000,카페24(주),2022,2023,mid_sized,it_services,2023,valid,0,0.018014519,0,0,0,0.5,0.5242080092430115,0.5242080092430115,안정
KOSDAQ,42370,(주)비츠로테크,2022,2023,mid_sized,it_services,2023,valid,0,0.007421404,0,0,0,0.5,0.5242080092430115,0.5242080092430115,안정
KOSDAQ,42420,(주)네오위즈홀딩스,2022,2023,mid_sized,it_services,2023,valid,0,0.012041929,0,0,0,0.5,0.5242080092430115,0.5242080092430115,안정
KOSDAQ,42510,라온시큐어(주),2022,2023,small_and_medium,it_services,2023,valid,1,0.79821664,1,1,1,0.5,0.5242080092430115,0.5242080092430115,고위험
KOSDAQ,43220,(주)티에스넥스젠,2022,2023,small_and_medium,manufacturing,2023,valid,1,0.9878911,1,1,1,0.5,0.5242080092430115,0.5242080092430115,고위험
KOSDAQ,43910,(주)자연과환경,2022,2023,small_and_medium,manufacturing,2023,valid,1,0.97813064,1,1,1,0.5,0.5242080092430115,0.5242080092430115,고위험
KOSDAQ,44180,케이디(주),2022,2023,small_and_medium,construction,2023,valid,1,0.9854591,1,1,1,0.5,0.5242080092430115,0.5242080092430115,고위험
KOSDAQ,44340,(주)위닉스,2022,2023,mid_sized,manufacturing,2023,valid,0,0.27149054,0,0,0,0.5,0.5242080092430115,0.5242080092430115,안정
KOSDAQ,44480,(주)빌리언스,2022,2023,small_and_medium,manufacturing,2023,valid,1,0.99691355,1,1,1,0.5,0.5242080092430115,0.5242080092430115,고위험
KOSDAQ,45060,(주)오공,2022,2023,mid_sized,manufacturing,2023,valid,0,0.031305935,0,0,0,0.5,0.5242080092430115,0.5242080092430115,안정
KOSDAQ,45300,성우테크론(주),2022,2023,small_and_medium,manufacturing,2023,valid,0,0.030824153,0,0,0,0.5,0.5242080092430115,0.5242080092430115,안정
KOSDAQ,45660,(주)에이텍,2022,2023,small_and_medium,manufacturing,2023,valid,0,0.5343487,1,1,1,0.5,0.5242080092430115,0.5242080092430115,관찰
KOSDAQ,46120,(주)오르비텍,2022,2023,small_and_medium,it_services,2023,valid,0,0.91124463,1,1,1,0.5,0.5242080092430115,0.5242080092430115,고위험
KOSDAQ,46940,우원개발(주),2022,2023,mid_sized,construction,2023,valid,0,0.46012092,0,0,0,0.5,0.5242080092430115,0.5242080092430115,관찰
KOSDAQ,46970,(주)우리로,2022,2023,small_and_medium,wholesale_retail,2023,valid,1,0.9532082,1,1,1,0.5,0.5242080092430115,0.5242080092430115,고위험
KOSDAQ,48430,(주)유라테크,2022,2023,mid_sized,manufacturing,2023,valid,0,0.10447536,0,0,0,0.5,0.5242080092430115,0.5242080092430115,안정
KOSDAQ,48550,(주)에스엠컬처앤콘텐츠,2022,2023,large,it_services,2023,valid,0,0.1532696,0,0,0,0.5,0.5242080092430115,0.5242080092430115,안정
KOSDAQ,48830,(주)엔피케이,2022,2023,small_and_medium,manufacturing,2023,valid,0,0.5224711,1,0,0,0.5,0.5242080092430115,0.5242080092430115,관찰
KOSDAQ,48870,(주)시너지이노베이션,2022,2023,small_and_medium,manufacturing,2023,valid,1,0.8861135,1,1,1,0.5,0.5242080092430115,0.5242080092430115,고위험
KOSDAQ,49070,인탑스(주),2022,2023,mid_sized,manufacturing,2023,valid,0,0.0016895705,0,0,0,0.5,0.5242080092430115,0.5242080092430115,안정
KOSDAQ,49180,(주)셀루메드,2022,2023,small_and_medium,manufacturing,2023,valid,1,0.92801964,1,1,1,0.5,0.5242080092430115,0.5242080092430115,고위험
KOSDAQ,49480,(주)오픈베이스,2022,2023,mid_sized,it_services,2023,valid,0,0.14716262,0,0,0,0.5,0.5242080092430115,0.5242080092430115,안정
KOSDAQ,50760,(주)에스폴리텍,2022,2023,mid_sized,manufacturing,2023,valid,1,0.78310204,1,1,1,0.5,0.5242080092430115,0.5242080092430115,고위험
KOSDAQ,50890,(주)쏠리드,2022,2023,mid_sized,manufacturing,2023,valid,1,0.37913612,0,0,0,0.5,0.5242080092430115,0.5242080092430115,관찰
KOSDAQ,51360,(주)토비스,2022,2023,mid_sized,manufacturing,2023,valid,0,0.44788307,0,0,0,0.5,0.5242080092430115,0.5242080092430115,관찰
KOSDAQ,51490,나라엠앤디(주),2022,2023,mid_sized,manufacturing,2023,valid,1,0.48092073,0,0,0,0.5,0.5242080092430115,0.5242080092430115,관찰
KOSDAQ,51500,씨제이프레시웨이(주),2022,2023,large,wholesale_retail,2023,valid,0,0.0047497326,0,0,0,0.5,0.5242080092430115,0.5242080092430115,안정
KOSDAQ,52710,(주)아모텍,2022,2023,mid_sized,manufacturing,2023,valid,1,0.7342667,1,1,1,0.5,0.5242080092430115,0.5242080092430115,고위험
KOSDAQ,52900,(주)케이엑스하이텍,2022,2023,small_and_medium,manufacturing,2023,valid,0,0.7611219,1,1,1,0.5,0.5242080092430115,0.5242080092430115,고위험
KOSDAQ,53060,(주)세동,2022,2023,mid_sized,manufacturing,2023,valid,1,0.89102316,1,1,1,0.5,0.5242080092430115,0.5242080092430115,고위험
KOSDAQ,53080,케이엔솔(주),2022,2023,mid_sized,manufacturing,2023,valid,0,0.30095237,0,0,0,0.5,0.5242080092430115,0.5242080092430115,안정
KOSDAQ,53260,금강철강(주),2022,2023,mid_sized,manufacturing,2023,valid,0,0.057019763,0,0,0,0.5,0.5242080092430115,0.5242080092430115,안정
KOSDAQ,53350,이니텍(주),2022,2023,large,it_services,2023,valid,0,0.09506251,0,0,0,0.5,0.5242080092430115,0.5242080092430115,안정
KOSDAQ,53580,웹케시(주),2022,2023,small_and_medium,it_services,2023,valid,0,0.6892133,1,1,1,0.5,0.5242080092430115,0.5242080092430115,고위험
KOSDAQ,53700,삼보모터스(주),2022,2023,mid_sized,manufacturing,2023,valid,1,0.23390386,0,0,0,0.5,0.5242080092430115,0.5242080092430115,안정
KOSDAQ,54050,농업회사법인(주)엔에이치농우바이오,2022,2023,large,other,2023,valid,0,0.0074482528,0,0,0,0.5,0.5242080092430115,0.5242080092430115,안정
KOSDAQ,54090,(주)삼진엘앤디,2022,2023,small_and_medium,manufacturing,2023,valid,1,0.8840499,1,1,1,0.5,0.5242080092430115,0.5242080092430115,고위험
KOSDAQ,54540,삼영엠텍(주),2022,2023,small_and_medium,manufacturing,2023,valid,0,0.85993046,1,1,1,0.5,0.5242080092430115,0.5242080092430115,고위험
KOSDAQ,54940,(주)엑사이엔씨,2022,2023,mid_sized,construction,2023,valid,1,0.53754115,1,1,1,0.5,0.5242080092430115,0.5242080092430115,관찰
KOSDAQ,56190,(주)에스에프에이,2022,2023,mid_sized,manufacturing,2023,valid,0,0.00058482605,0,0,0,0.5,0.5242080092430115,0.5242080092430115,안정
KOSDAQ,58400,(주)케이엔엔,2022,2023,mid_sized,it_services,2023,valid,0,0.015132619,0,0,0,0.5,0.5242080092430115,0.5242080092430115,안정
KOSDAQ,59120,(주)아진엑스텍,2022,2023,small_and_medium,manufacturing,2023,valid,0,0.5355499,1,1,1,0.5,0.5242080092430115,0.5242080092430115,관찰
KOSDAQ,60150,인선이엔티(주),2022,2023,mid_sized,other,2023,valid,0,0.05852508,0,0,0,0.5,0.5242080092430115,0.5242080092430115,안정
KOSDAQ,60250,엔에이치엔케이씨피(주),2022,2023,other,other,2023,valid,0,0.045698073,0,0,0,0.5,0.5242080092430115,0.5242080092430115,안정
KOSDAQ,60370,엘에스마린솔루션(주),2022,2023,large,construction,2023,valid,0,0.10275384,0,0,0,0.5,0.5242080092430115,0.5242080092430115,안정
KOSDAQ,60850,(주)영림원소프트랩,2022,2023,small_and_medium,it_services,2023,valid,0,0.025817716,0,0,0,0.5,0.5242080092430115,0.5242080092430115,안정
KOSDAQ,61040,(주)알에프텍,2022,2023,mid_sized,manufacturing,2023,valid,1,0.05785487,0,0,0,0.5,0.5242080092430115,0.5242080092430115,안정
KOSDAQ,62970,(주)한국첨단소재,2022,2023,small_and_medium,manufacturing,2023,valid,1,0.766054,1,1,1,0.5,0.5242080092430115,0.5242080092430115,고위험
KOSDAQ,64480,(주)브리지텍,2022,2023,small_and_medium,it_services,2023,valid,0,0.48726165,0,0,0,0.5,0.5242080092430115,0.5242080092430115,관찰
KOSDAQ,65370,(주)위세아이텍,2022,2023,small_and_medium,it_services,2023,valid,0,0.6892133,1,1,1,0.5,0.5242080092430115,0.5242080092430115,고위험
KOSDAQ,65650,(주)하이퍼코퍼레이션,2022,2023,small_and_medium,wholesale_retail,2023,valid,1,0.8378254,1,1,1,0.5,0.5242080092430115,0.5242080092430115,고위험
KOSDAQ,65690,(주)파커스,2022,2023,small_and_medium,manufacturing,2023,valid,1,0.7091988,1,1,1,0.5,0.5242080092430115,0.5242080092430115,고위험
KOSDAQ,65770,(주)씨에스,2022,2023,small_and_medium,manufacturing,2023,valid,0,0.9654919,1,1,1,0.5,0.5242080092430115,0.5242080092430115,고위험
KOSDAQ,66700,(주)테라젠이텍스,2022,2023,mid_sized,manufacturing,2023,valid,0,0.2652726,0,0,0,0.5,0.5242080092430115,0.5242080092430115,안정
KOSDAQ,66980,한성크린텍(주),2022,2023,mid_sized,it_services,2023,valid,1,0.5157763,1,0,0,0.5,0.5242080092430115,0.5242080092430115,관찰
KOSDAQ,67280,(주)멀티캠퍼스,2022,2023,large,it_services,2023,valid,0,0.002711116,0,0,0,0.5,0.5242080092430115,0.5242080092430115,안정
KOSDAQ,67310,하나마이크론(주),2022,2023,mid_sized,manufacturing,2023,valid,0,0.100799486,0,0,0,0.5,0.5242080092430115,0.5242080092430115,안정
KOSDAQ,67570,엔브이에이치코리아(주),2022,2023,mid_sized,manufacturing,2023,valid,0,0.12367877,0,0,0,0.5,0.5242080092430115,0.5242080092430115,안정
KOSDAQ,67730,(주)로지시스,2022,2023,small_and_medium,it_services,2023,valid,0,0.51273483,1,0,0,0.5,0.5242080092430115,0.5242080092430115,관찰
KOSDAQ,68940,(주)셀피글로벌,2022,2023,small_and_medium,manufacturing,2023,valid,1,0.9395458,1,1,1,0.5,0.5242080092430115,0.5242080092430115,고위험
KOSDAQ,69140,(주)누리플랜,2022,2023,small_and_medium,manufacturing,2023,valid,1,0.9624355,1,1,1,0.5,0.5242080092430115,0.5242080092430115,고위험
KOSDAQ,69510,에스텍(주),2022,2023,mid_sized,manufacturing,2023,valid,0,0.55244124,1,1,1,0.5,0.5242080092430115,0.5242080092430115,관찰
KOSDAQ,71200,(주)인피니트헬스케어,2022,2023,small_and_medium,it_services,2023,valid,0,0.09510539,0,0,0,0.5,0.5242080092430115,0.5242080092430115,안정
KOSDAQ,71460,(주)위니아,2022,2023,mid_sized,manufacturing,2023,valid,1,0.67333806,1,1,1,0.5,0.5242080092430115,0.5242080092430115,고위험
KOSDAQ,72990,(주)에이치시티,2022,2023,small_and_medium,it_services,2023,valid,0,0.24811244,0,0,0,0.5,0.5242080092430115,0.5242080092430115,안정
KOSDAQ,73190,(주)듀오백,2022,2023,small_and_medium,manufacturing,2023,valid,0,0.95202225,1,1,1,0.5,0.5242080092430115,0.5242080092430115,고위험
KOSDAQ,73560,우리손에프앤지농업회사법인(주),2022,2023,mid_sized,manufacturing,2023,valid,0,0.093077995,0,0,0,0.5,0.5242080092430115,0.5242080092430115,안정
KOSDAQ,75130,(주)플랜티넷,2022,2023,small_and_medium,it_services,2023,valid,0,0.26488057,0,0,0,0.5,0.5242080092430115,0.5242080092430115,안정
KOSDAQ,78140,대봉엘에스(주),2022,2023,small_and_medium,manufacturing,2023,valid,0,0.08861909,0,0,0,0.5,0.5242080092430115,0.5242080092430115,안정
KOSDAQ,78150,(주)에이치비테크놀러지,2022,2023,mid_sized,manufacturing,2023,valid,0,0.62016743,1,1,1,0.5,0.5242080092430115,0.5242080092430115,관찰
KOSDAQ,78340,(주)컴투스,2022,2023,mid_sized,it_services,2023,valid,0,0.00795632,0,0,0,0.5,0.5242080092430115,0.5242080092430115,안정
KOSDAQ,79190,(주)케스피온,2022,2023,small_and_medium,manufacturing,2023,valid,1,0.99630725,1,1,1,0.5,0.5242080092430115,0.5242080092430115,고위험
KOSDAQ,79650,(주)서산,2022,2023,small_and_medium,manufacturing,2023,valid,1,0.71742713,1,1,1,0.5,0.5242080092430115,0.5242080092430115,고위험
KOSDAQ,79810,(주)디이엔티,2022,2023,small_and_medium,manufacturing,2023,valid,1,0.9833112,1,1,1,0.5,0.5242080092430115,0.5242080092430115,고위험
KOSDAQ,79940,(주)가비아,2022,2023,mid_sized,it_services,2023,valid,0,0.004584101,0,0,0,0.5,0.5242080092430115,0.5242080092430115,안정
KOSDAQ,79950,인베니아(주),2022,2023,mid_sized,manufacturing,2023,valid,1,0.90751064,1,1,1,0.5,0.5242080092430115,0.5242080092430115,고위험
KOSDAQ,79960,동양이엔피(주),2022,2023,mid_sized,manufacturing,2023,valid,0,0.021873236,0,0,0,0.5,0.5242080092430115,0.5242080092430115,안정
KOSDAQ,80000,에스엔유프리시젼(주),2022,2023,mid_sized,manufacturing,2023,valid,0,0.060877502,0,0,0,0.5,0.5242080092430115,0.5242080092430115,안정
KOSDAQ,80010,(주)이상네트웍스,2022,2023,small_and_medium,wholesale_retail,2023,valid,0,0.18438135,0,0,0,0.5,0.5242080092430115,0.5242080092430115,안정
KOSDAQ,80520,(주)오디텍,2022,2023,small_and_medium,manufacturing,2023,valid,0,0.73855436,1,1,1,0.5,0.5242080092430115,0.5242080092430115,고위험
KOSDAQ,80530,(주)코디,2022,2023,small_and_medium,manufacturing,2023,valid,1,0.99451387,1,1,1,0.5,0.5242080092430115,0.5242080092430115,고위험
KOSDAQ,82920,(주)비츠로셀,2022,2023,small_and_medium,manufacturing,2023,valid,0,0.008161237,0,0,0,0.5,0.5242080092430115,0.5242080092430115,안정
KOSDAQ,83310,(주)엘오티베큠,2022,2023,mid_sized,manufacturing,2023,valid,0,0.016602486,0,0,0,0.5,0.5242080092430115,0.5242080092430115,안정
KOSDAQ,83450,(주)글로벌스탠다드테크놀로지,2022,2023,mid_sized,manufacturing,2023,valid,0,0.0054599685,0,0,0,0.5,0.5242080092430115,0.5242080092430115,안정
KOSDAQ,83930,(주)아바코,2022,2023,mid_sized,manufacturing,2023,valid,0,0.10232038,0,0,0,0.5,0.5242080092430115,0.5242080092430115,안정
KOSDAQ,84650,(주)랩지노믹스,2022,2023,small_and_medium,it_services,2023,valid,1,0.013957535,0,0,0,0.5,0.5242080092430115,0.5242080092430115,안정
KOSDAQ,85670,(주)뉴프렉스,2022,2023,mid_sized,manufacturing,2023,valid,0,0.81249857,1,1,1,0.5,0.5242080092430115,0.5242080092430115,고위험
KOSDAQ,86450,동국제약(주),2022,2023,mid_sized,manufacturing,2023,valid,0,0.025097499,0,0,0,0.5,0.5242080092430115,0.5242080092430115,안정
KOSDAQ,86520,(주)에코프로,2022,2023,mid_sized,it_services,2023,valid,0,0.015359095,0,0,0,0.5,0.5242080092430115,0.5242080092430115,안정
KOSDAQ,86670,(주)비엠티,2022,2023,small_and_medium,manufacturing,2023,valid,1,0.6906876,1,1,1,0.5,0.5242080092430115,0.5242080092430115,고위험
KOSDAQ,86710,선진뷰티사이언스(주),2022,2023,small_and_medium,manufacturing,2023,valid,0,0.5182995,1,0,0,0.5,0.5242080092430115,0.5242080092430115,관찰
KOSDAQ,86890,(주)이수앱지스,2022,2023,mid_sized,manufacturing,2023,valid,1,0.3902977,0,0,0,0.5,0.5242080092430115,0.5242080092430115,관찰
KOSDAQ,87260,모바일어플라이언스(주),2022,2023,small_and_medium,it_services,2023,valid,1,0.65338707,1,1,1,0.5,0.5242080092430115,0.5242080092430115,고위험
KOSDAQ,87600,(주)픽셀플러스,2022,2023,small_and_medium,manufacturing,2023,valid,0,0.5355499,1,1,1,0.5,0.5242080092430115,0.5242080092430115,관찰
KOSDAQ,88290,이원컴포텍(주),2022,2023,small_and_medium,manufacturing,2023,valid,1,0.52727765,1,1,1,0.5,0.5242080092430115,0.5242080092430115,관찰
KOSDAQ,88800,(주)에이스테크놀로지,2022,2023,mid_sized,manufacturing,2023,valid,1,0.989597,1,1,1,0.5,0.5242080092430115,0.5242080092430115,고위험
KOSDAQ,89150,(주)케이씨티,2022,2023,small_and_medium,it_services,2023,valid,0,0.66834646,1,1,1,0.5,0.5242080092430115,0.5242080092430115,고위험
KOSDAQ,89600,(주)케이티나스미디어,2022,2023,large,it_services,2023,valid,0,0.0027967666,0,0,0,0.5,0.5242080092430115,0.5242080092430115,안정
KOSDAQ,89970,브이엠(주),2022,2023,small_and_medium,manufacturing,2023,valid,0,0.04165387,0,0,0,0.5,0.5242080092430115,0.5242080092430115,안정
KOSDAQ,89980,(주)상아프론테크,2022,2023,mid_sized,manufacturing,2023,valid,0,0.24911705,0,0,0,0.5,0.5242080092430115,0.5242080092430115,안정
KOSDAQ,90150,(주)아이윈,2022,2023,small_and_medium,manufacturing,2023,valid,1,0.96141714,1,1,1,0.5,0.5242080092430115,0.5242080092430115,고위험
KOSDAQ,90360,(주)로보스타,2022,2023,large,manufacturing,2023,valid,0,0.040630482,0,0,0,0.5,0.5242080092430115,0.5242080092430115,안정
KOSDAQ,90710,휴림로봇(주),2022,2023,small_and_medium,manufacturing,2023,valid,1,0.99440056,1,1,1,0.5,0.5242080092430115,0.5242080092430115,고위험
KOSDAQ,91120,(주)이엠텍,2022,2023,mid_sized,manufacturing,2023,valid,0,0.012964033,0,0,0,0.5,0.5242080092430115,0.5242080092430115,안정
KOSDAQ,91580,상신이디피(주),2022,2023,small_and_medium,manufacturing,2023,valid,0,0.2410368,0,0,0,0.5,0.5242080092430115,0.5242080092430115,안정
KOSDAQ,91590,남화토건(주),2022,2023,mid_sized,construction,2023,valid,0,0.006526267,0,0,0,0.5,0.5242080092430115,0.5242080092430115,안정
KOSDAQ,92730,(주)네오팜,2022,2023,mid_sized,manufacturing,2023,valid,0,0.008687074,0,0,0,0.5,0.5242080092430115,0.5242080092430115,안정
KOSDAQ,92870,(주)엑시콘,2022,2023,small_and_medium,manufacturing,2023,valid,0,0.026430182,0,0,0,0.5,0.5242080092430115,0.5242080092430115,안정
KOSDAQ,94480,갤럭시아머니트리(주),2022,2023,large,it_services,2023,valid,0,0.26853678,0,0,0,0.5,0.5242080092430115,0.5242080092430115,안정
KOSDAQ,94840,(주)슈프리마에이치큐,2022,2023,small_and_medium,manufacturing,2023,valid,0,0.03459317,0,0,0,0.5,0.5242080092430115,0.5242080092430115,안정
KOSDAQ,94850,참좋은여행(주),2022,2023,small_and_medium,it_services,2023,valid,1,0.66834646,1,1,1,0.5,0.5242080092430115,0.5242080092430115,고위험
KOSDAQ,94970,제이엠티(주),2022,2023,small_and_medium,manufacturing,2023,valid,1,0.0543414,0,0,0,0.5,0.5242080092430115,0.5242080092430115,안정
KOSDAQ,95500,미래나노텍(주),2022,2023,mid_sized,manufacturing,2023,valid,1,0.48678577,0,0,0,0.5,0.5242080092430115,0.5242080092430115,관찰
KOSDAQ,95610,(주)테스,2022,2023,mid_sized,manufacturing,2023,valid,0,0.009047489,0,0,0,0.5,0.5242080092430115,0.5242080092430115,안정
KOSDAQ,95910,(주)에스에너지,2022,2023,mid_sized,manufacturing,2023,valid,0,0.83269525,1,1,1,0.5,0.5242080092430115,0.5242080092430115,고위험
KOSDAQ,96350,(주)대창솔루션,2022,2023,small_and_medium,manufacturing,2023,valid,1,0.9965534,1,1,1,0.5,0.5242080092430115,0.5242080092430115,고위험
KOSDAQ,96630,(주)에스코넥,2022,2023,small_and_medium,manufacturing,2023,valid,1,0.9795959,1,1,1,0.5,0.5242080092430115,0.5242080092430115,고위험
KOSDAQ,96690,(주)에이루트,2022,2023,small_and_medium,manufacturing,2023,valid,1,0.8766918,1,1,1,0.5,0.5242080092430115,0.5242080092430115,고위험
KOSDAQ,99320,(주)쎄트렉아이,2022,2023,small_and_medium,manufacturing,2023,valid,0,0.6497453,1,1,1,0.5,0.5242080092430115,0.5242080092430115,관찰
KOSDAQ,99520,(주)디지아이티엑스,2022,2023,small_and_medium,manufacturing,2023,valid,1,0.94223213,1,1,1,0.5,0.5242080092430115,0.5242080092430115,고위험
KOSDAQ,100030,(주)인지소프트,2022,2023,small_and_medium,it_services,2023,valid,0,0.034010798,0,0,0,0.5,0.5242080092430115,0.5242080092430115,안정
KOSDAQ,100120,(주)뷰웍스,2022,2023,mid_sized,manufacturing,2023,valid,0,0.0093182055,0,0,0,0.5,0.5242080092430115,0.5242080092430115,안정
KOSDAQ,100590,(주)머큐리,2022,2023,mid_sized,manufacturing,2023,valid,0,0.5815928,1,1,1,0.5,0.5242080092430115,0.5242080092430115,관찰
KOSDAQ,101400,엔시트론(주),2022,2023,small_and_medium,manufacturing,2023,valid,1,0.8341147,1,1,1,0.5,0.5242080092430115,0.5242080092430115,고위험
KOSDAQ,101490,(주)에스앤에스텍,2022,2023,small_and_medium,manufacturing,2023,valid,0,0.00831355,0,0,0,0.5,0.5242080092430115,0.5242080092430115,안정
KOSDAQ,102710,(주)이엔에프테크놀로지,2022,2023,mid_sized,manufacturing,2023,valid,0,0.008998788,0,0,0,0.5,0.5242080092430115,0.5242080092430115,안정
KOSDAQ,104540,(주)코렌텍,2022,2023,small_and_medium,manufacturing,2023,valid,0,0.75594413,1,1,1,0.5,0.5242080092430115,0.5242080092430115,고위험
KOSDAQ,104620,(주)노랑풍선,2022,2023,small_and_medium,it_services,2023,valid,1,0.9773311,1,1,1,0.5,0.5242080092430115,0.5242080092430115,고위험
KOSDAQ,104830,(주)원익머트리얼즈,2022,2023,mid_sized,manufacturing,2023,valid,0,0.004570915,0,0,0,0.5,0.5242080092430115,0.5242080092430115,안정
KOSDAQ,108230,(주)톱텍,2022,2023,mid_sized,manufacturing,2023,valid,0,0.14663886,0,0,0,0.5,0.5242080092430115,0.5242080092430115,안정
KOSDAQ,108380,대양전기공업(주),2022,2023,mid_sized,manufacturing,2023,valid,0,0.040573884,0,0,0,0.5,0.5242080092430115,0.5242080092430115,안정
KOSDAQ,109740,(주)디에스케이,2022,2023,small_and_medium,manufacturing,2023,valid,0,0.85978925,1,1,1,0.5,0.5242080092430115,0.5242080092430115,고위험
KOSDAQ,109860,동일금속(주),2022,2023,small_and_medium,manufacturing,2023,valid,0,0.004021563,0,0,0,0.5,0.5242080092430115,0.5242080092430115,안정
KOSDAQ,110790,(주)크리스에프앤씨,2022,2023,mid_sized,manufacturing,2023,valid,0,0.042296365,0,0,0,0.5,0.5242080092430115,0.5242080092430115,안정
KOSDAQ,110990,디아이티(주),2022,2023,mid_sized,manufacturing,2023,valid,0,0.34488672,0,0,0,0.5,0.5242080092430115,0.5242080092430115,안정
KOSDAQ,115160,(주)휴맥스,2022,2023,mid_sized,manufacturing,2023,valid,1,0.62622726,1,1,1,0.5,0.5242080092430115,0.5242080092430115,관찰
KOSDAQ,115310,(주)인포바인,2022,2023,small_and_medium,it_services,2023,valid,0,0.021086259,0,0,0,0.5,0.5242080092430115,0.5242080092430115,안정
KOSDAQ,115450,에이치엘비테라퓨틱스(주),2022,2023,small_and_medium,wholesale_retail,2023,valid,1,0.9859168,1,1,1,0.5,0.5242080092430115,0.5242080092430115,고위험
KOSDAQ,119500,(주)포메탈,2022,2023,small_and_medium,manufacturing,2023,valid,0,0.5202254,1,0,0,0.5,0.5242080092430115,0.5242080092430115,관찰
KOSDAQ,119830,아이텍(주),2022,2023,small_and_medium,it_services,2023,valid,1,0.44830385,0,0,0,0.5,0.5242080092430115,0.5242080092430115,관찰
KOSDAQ,120240,대정화금(주),2022,2023,small_and_medium,manufacturing,2023,valid,0,0.5202254,1,0,0,0.5,0.5242080092430115,0.5242080092430115,관찰
KOSDAQ,121600,(주)나노신소재,2022,2023,small_and_medium,manufacturing,2023,valid,0,0.0073857494,0,0,0,0.5,0.5242080092430115,0.5242080092430115,안정
KOSDAQ,122350,(주)삼기,2022,2023,mid_sized,manufacturing,2023,valid,1,0.6951717,1,1,1,0.5,0.5242080092430115,0.5242080092430115,고위험
KOSDAQ,123330,(주)제닉,2022,2023,small_and_medium,manufacturing,2023,valid,1,0.97737426,1,1,1,0.5,0.5242080092430115,0.5242080092430115,고위험
KOSDAQ,123410,코리아에프티(주),2022,2023,mid_sized,manufacturing,2023,valid,1,0.2971012,0,0,0,0.5,0.5242080092430115,0.5242080092430115,안정
KOSDAQ,123570,(주)이엠넷,2022,2023,small_and_medium,it_services,2023,valid,0,0.021951452,0,0,0,0.5,0.5242080092430115,0.5242080092430115,안정
KOSDAQ,123840,(주)뉴온,2022,2023,small_and_medium,manufacturing,2023,valid,1,0.99156946,1,1,1,0.5,0.5242080092430115,0.5242080092430115,고위험
KOSDAQ,124500,(주)아이티센글로벌,2022,2023,mid_sized,it_services,2023,valid,0,0.13742587,0,0,0,0.5,0.5242080092430115,0.5242080092430115,안정
KOSDAQ,124560,(주)태웅로직스,2022,2023,mid_sized,transport_storage,2023,valid,0,0.05205449,0,0,0,0.5,0.5242080092430115,0.5242080092430115,안정
KOSDAQ,126600,(주)비지에프에코머티리얼즈,2022,2023,mid_sized,manufacturing,2023,valid,0,0.16990845,0,0,0,0.5,0.5242080092430115,0.5242080092430115,안정
KOSDAQ,126640,(주)화신정공,2022,2023,mid_sized,manufacturing,2023,valid,0,0.38359097,0,0,0,0.5,0.5242080092430115,0.5242080092430115,관찰
KOSDAQ,127710,(주)아시아경제,2022,2023,small_and_medium,it_services,2023,valid,0,0.57646674,1,1,1,0.5,0.5242080092430115,0.5242080092430115,관찰
KOSDAQ,128660,(주)피제이메탈,2022,2023,mid_sized,manufacturing,2023,valid,1,0.38359097,0,0,0,0.5,0.5242080092430115,0.5242080092430115,관찰
KOSDAQ,129890,(주)앱코,2022,2023,small_and_medium,manufacturing,2023,valid,1,0.9650786,1,1,1,0.5,0.5242080092430115,0.5242080092430115,고위험
KOSDAQ,130500,지에이치신소재(주),2022,2023,mid_sized,manufacturing,2023,valid,1,0.6834835,1,1,1,0.5,0.5242080092430115,0.5242080092430115,고위험
KOSDAQ,131030,(주)옵투스제약,2022,2023,mid_sized,manufacturing,2023,valid,0,0.38359097,0,0,0,0.5,0.5242080092430115,0.5242080092430115,관찰
KOSDAQ,131090,(주)시큐브,2022,2023,small_and_medium,it_services,2023,valid,0,0.03790952,0,0,0,0.5,0.5242080092430115,0.5242080092430115,안정
KOSDAQ,131290,(주)티에스이,2022,2023,mid_sized,manufacturing,2023,valid,0,0.0037283977,0,0,0,0.5,0.5242080092430115,0.5242080092430115,안정
KOSDAQ,131400,(주)이브이첨단소재,2022,2023,small_and_medium,manufacturing,2023,valid,1,0.9481773,1,1,1,0.5,0.5242080092430115,0.5242080092430115,고위험
KOSDAQ,136540,(주)윈스테크넷,2022,2023,small_and_medium,it_services,2023,valid,0,0.0038980243,0,0,0,0.5,0.5242080092430115,0.5242080092430115,안정
KOSDAQ,137080,(주)나래나노텍,2022,2023,small_and_medium,manufacturing,2023,valid,1,0.52533865,1,1,1,0.5,0.5242080092430115,0.5242080092430115,관찰
KOSDAQ,138080,(주)오이솔루션,2022,2023,small_and_medium,manufacturing,2023,valid,1,0.55776,1,1,1,0.5,0.5242080092430115,0.5242080092430115,관찰
KOSDAQ,138580,(주)비즈니스온커뮤니케이션,2022,2023,small_and_medium,it_services,2023,valid,0,0.29190278,0,0,0,0.5,0.5242080092430115,0.5242080092430115,안정
KOSDAQ,139050,(주)비에프랩스,2022,2023,small_and_medium,it_services,2023,valid,0,0.97406197,1,1,1,0.5,0.5242080092430115,0.5242080092430115,고위험
KOSDAQ,140070,(주)서플러스글로벌,2022,2023,mid_sized,wholesale_retail,2023,valid,0,0.11753879,0,0,0,0.5,0.5242080092430115,0.5242080092430115,안정
KOSDAQ,140670,알에스오토메이션(주),2022,2023,small_and_medium,manufacturing,2023,valid,0,0.78462875,1,1,1,0.5,0.5242080092430115,0.5242080092430115,고위험
KOSDAQ,141080,(주)리가켐 바이오사이언스,2022,2023,small_and_medium,it_services,2023,valid,1,0.88813627,1,1,1,0.5,0.5242080092430115,0.5242080092430115,고위험
KOSDAQ,142210,(주)유니트론텍,2022,2023,mid_sized,wholesale_retail,2023,valid,0,0.49878192,0,0,0,0.5,0.5242080092430115,0.5242080092430115,관찰
KOSDAQ,146320,비씨엔씨(주),2022,2023,small_and_medium,manufacturing,2023,valid,0,0.19958529,0,0,0,0.5,0.5242080092430115,0.5242080092430115,안정
KOSDAQ,147830,제룡산업(주),2022,2023,small_and_medium,manufacturing,2023,valid,0,0.51953435,1,0,0,0.5,0.5242080092430115,0.5242080092430115,관찰
KOSDAQ,149950,(주)아바텍,2022,2023,small_and_medium,manufacturing,2023,valid,0,0.51953435,1,0,0,0.5,0.5242080092430115,0.5242080092430115,관찰
KOSDAQ,155650,와이엠씨(주),2022,2023,mid_sized,manufacturing,2023,valid,0,0.015007578,0,0,0,0.5,0.5242080092430115,0.5242080092430115,안정
KOSDAQ,161580,(주)필옵틱스,2022,2023,mid_sized,manufacturing,2023,valid,1,0.7446386,1,1,1,0.5,0.5242080092430115,0.5242080092430115,고위험
KOSDAQ,163730,(주)핑거,2022,2023,small_and_medium,it_services,2023,valid,0,0.042161122,0,0,0,0.5,0.5242080092430115,0.5242080092430115,안정
KOSDAQ,166090,하나머티리얼즈(주),2022,2023,mid_sized,manufacturing,2023,valid,0,0.39791116,0,0,0,0.5,0.5242080092430115,0.5242080092430115,관찰
KOSDAQ,170030,(주)현대공업,2022,2023,mid_sized,manufacturing,2023,valid,0,0.021935448,0,0,0,0.5,0.5242080092430115,0.5242080092430115,안정
KOSDAQ,171010,램테크놀러지(주),2022,2023,small_and_medium,manufacturing,2023,valid,1,0.81446505,1,1,1,0.5,0.5242080092430115,0.5242080092430115,고위험
KOSDAQ,174880,(주)장원테크,2022,2023,small_and_medium,manufacturing,2023,valid,1,0.91249394,1,1,1,0.5,0.5242080092430115,0.5242080092430115,고위험
KOSDAQ,175140,(주)휴먼테크놀로지,2022,2023,small_and_medium,manufacturing,2023,valid,1,0.9854779,1,1,1,0.5,0.5242080092430115,0.5242080092430115,고위험
KOSDAQ,179900,(주)유티아이,2022,2023,small_and_medium,manufacturing,2023,valid,1,0.9520389,1,1,1,0.5,0.5242080092430115,0.5242080092430115,고위험
KOSDAQ,183490,(주)엔지켐생명과학,2022,2023,small_and_medium,manufacturing,2023,valid,1,0.98947644,1,1,1,0.5,0.5242080092430115,0.5242080092430115,고위험
KOSDAQ,184230,에스지에이솔루션즈(주),2022,2023,small_and_medium,it_services,2023,valid,1,0.77269906,1,1,1,0.5,0.5242080092430115,0.5242080092430115,고위험
KOSDAQ,186230,(주)그린플러스,2022,2023,small_and_medium,manufacturing,2023,valid,1,0.87814486,1,1,1,0.5,0.5242080092430115,0.5242080092430115,고위험
KOSDAQ,187790,(주)나노,2022,2023,small_and_medium,manufacturing,2023,valid,1,0.9863751,1,1,1,0.5,0.5242080092430115,0.5242080092430115,고위험
KOSDAQ,189300,(주)인텔리안테크놀로지스,2022,2023,small_and_medium,manufacturing,2023,valid,0,0.1338717,0,0,0,0.5,0.5242080092430115,0.5242080092430115,안정
KOSDAQ,192410,(주)오늘이엔엠,2022,2023,small_and_medium,manufacturing,2023,valid,1,0.98433924,1,1,1,0.5,0.5242080092430115,0.5242080092430115,고위험
KOSDAQ,194700,(주)노바렉스,2022,2023,small_and_medium,manufacturing,2023,valid,0,0.033982467,0,0,0,0.5,0.5242080092430115,0.5242080092430115,안정
KOSDAQ,195500,(주)마니커에프앤지,2022,2023,small_and_medium,manufacturing,2023,valid,1,0.766054,1,1,1,0.5,0.5242080092430115,0.5242080092430115,고위험
KOSDAQ,195940,에이치케이이노엔(주),2022,2023,mid_sized,manufacturing,2023,valid,0,0.8694546,1,1,1,0.5,0.5242080092430115,0.5242080092430115,고위험
KOSDAQ,196700,(주)웹스,2022,2023,small_and_medium,manufacturing,2023,valid,1,0.9390824,1,1,1,0.5,0.5242080092430115,0.5242080092430115,고위험
KOSDAQ,197140,(주)디지캡,2022,2023,small_and_medium,it_services,2023,valid,0,0.09891569,0,0,0,0.5,0.5242080092430115,0.5242080092430115,안정
KOSDAQ,198440,(주)강동씨앤엘,2022,2023,small_and_medium,manufacturing,2023,valid,1,0.5355499,1,1,1,0.5,0.5242080092430115,0.5242080092430115,관찰
KOSDAQ,200130,콜마비앤에이치(주),2022,2023,mid_sized,manufacturing,2023,valid,0,0.059988365,0,0,0,0.5,0.5242080092430115,0.5242080092430115,안정
KOSDAQ,200710,(주)에이디테크놀로지,2022,2023,small_and_medium,manufacturing,2023,valid,0,0.29422024,0,0,0,0.5,0.5242080092430115,0.5242080092430115,안정
KOSDAQ,203450,(주)유니온바이오메트릭스,2022,2023,small_and_medium,manufacturing,2023,valid,0,0.5034648,1,0,0,0.5,0.5242080092430115,0.5242080092430115,관찰
KOSDAQ,203650,(주)드림시큐리티,2022,2023,small_and_medium,it_services,2023,valid,0,0.07147448,0,0,0,0.5,0.5242080092430115,0.5242080092430115,안정
KOSDAQ,204020,(주)그리티,2022,2023,mid_sized,manufacturing,2023,valid,0,0.2599832,0,0,0,0.5,0.5242080092430115,0.5242080092430115,안정
KOSDAQ,206560,(주)덱스터스튜디오,2022,2023,small_and_medium,it_services,2023,valid,1,0.61126775,1,1,1,0.5,0.5242080092430115,0.5242080092430115,관찰
KOSDAQ,208140,(주)정다운,2022,2023,mid_sized,manufacturing,2023,valid,1,0.24804269,0,0,0,0.5,0.5242080092430115,0.5242080092430115,안정
KOSDAQ,208350,(주)지란지교시큐리티,2022,2023,small_and_medium,it_services,2023,valid,0,0.4706657,0,0,0,0.5,0.5242080092430115,0.5242080092430115,관찰
KOSDAQ,214180,(주)헥토이노베이션,2022,2023,small_and_medium,it_services,2023,valid,0,0.0070230328,0,0,0,0.5,0.5242080092430115,0.5242080092430115,안정
KOSDAQ,214260,(주)라파스,2022,2023,small_and_medium,manufacturing,2023,valid,1,0.96989554,1,1,1,0.5,0.5242080092430115,0.5242080092430115,고위험
KOSDAQ,214270,(주)에프에스엔,2022,2023,mid_sized,it_services,2023,valid,1,0.21688513,0,0,0,0.5,0.5242080092430115,0.5242080092430115,안정
KOSDAQ,215090,(주)솔디펜스,2022,2023,small_and_medium,manufacturing,2023,valid,1,0.5355499,1,1,1,0.5,0.5242080092430115,0.5242080092430115,관찰
KOSDAQ,215480,(주)토박스코리아,2022,2023,small_and_medium,wholesale_retail,2023,valid,0,0.22151013,0,0,0,0.5,0.5242080092430115,0.5242080092430115,안정
KOSDAQ,215600,신라젠(주),2022,2023,small_and_medium,it_services,2023,valid,1,0.9924373,1,1,1,0.5,0.5242080092430115,0.5242080092430115,고위험
KOSDAQ,217480,(주)에스디생명공학,2022,2023,mid_sized,manufacturing,2023,valid,1,0.99234843,1,1,1,0.5,0.5242080092430115,0.5242080092430115,고위험
KOSDAQ,217500,(주)러셀,2022,2023,small_and_medium,manufacturing,2023,valid,0,0.10031417,0,0,0,0.5,0.5242080092430115,0.5242080092430115,안정
KOSDAQ,218150,(주)미래생명자원,2022,2023,small_and_medium,manufacturing,2023,valid,0,0.49285448,0,0,0,0.5,0.5242080092430115,0.5242080092430115,관찰
KOSDAQ,219130,(주)타이거일렉,2022,2023,small_and_medium,manufacturing,2023,valid,0,0.5355499,1,1,1,0.5,0.5242080092430115,0.5242080092430115,관찰
KOSDAQ,219550,(주)디와이디,2022,2023,small_and_medium,wholesale_retail,2023,valid,1,0.8199149,1,1,1,0.5,0.5242080092430115,0.5242080092430115,고위험
KOSDAQ,220100,(주)퓨쳐켐,2022,2023,small_and_medium,manufacturing,2023,valid,1,0.96694726,1,1,1,0.5,0.5242080092430115,0.5242080092430115,고위험
KOSDAQ,220180,(주)핸디소프트,2022,2023,small_and_medium,it_services,2023,valid,0,0.6799802,1,1,1,0.5,0.5242080092430115,0.5242080092430115,고위험
KOSDAQ,220260,(주)켐트로스,2022,2023,small_and_medium,manufacturing,2023,valid,0,0.5355499,1,1,1,0.5,0.5242080092430115,0.5242080092430115,관찰
KOSDAQ,221840,하이즈항공(주),2022,2023,small_and_medium,manufacturing,2023,valid,1,0.90952766,1,1,1,0.5,0.5242080092430115,0.5242080092430115,고위험
KOSDAQ,222080,씨아이에스(주),2022,2023,small_and_medium,manufacturing,2023,valid,1,0.7155488,1,1,1,0.5,0.5242080092430115,0.5242080092430115,고위험
KOSDAQ,222810,(주)세토피아,2022,2023,small_and_medium,manufacturing,2023,valid,1,0.98813266,1,1,1,0.5,0.5242080092430115,0.5242080092430115,고위험
KOSDAQ,222980,한국맥널티(주),2022,2023,small_and_medium,manufacturing,2023,valid,0,0.866378,1,1,1,0.5,0.5242080092430115,0.5242080092430115,고위험
KOSDAQ,223310,사토시홀딩스(주),2022,2023,small_and_medium,wholesale_retail,2023,valid,1,0.9287586,1,1,1,0.5,0.5242080092430115,0.5242080092430115,고위험
KOSDAQ,225430,케이엠제약(주),2022,2023,small_and_medium,manufacturing,2023,valid,1,0.5355499,1,1,1,0.5,0.5242080092430115,0.5242080092430115,관찰
KOSDAQ,232140,(주)와이씨,2022,2023,mid_sized,manufacturing,2023,valid,0,0.0121106785,0,0,0,0.5,0.5242080092430115,0.5242080092430115,안정
KOSDAQ,234100,(주)폴라리스세원,2022,2023,small_and_medium,manufacturing,2023,valid,0,0.41598344,0,0,0,0.5,0.5242080092430115,0.5242080092430115,관찰
KOSDAQ,236200,(주)슈프리마,2022,2023,small_and_medium,manufacturing,2023,valid,0,0.008306601,0,0,0,0.5,0.5242080092430115,0.5242080092430115,안정
KOSDAQ,237750,피앤씨테크(주),2022,2023,small_and_medium,manufacturing,2023,valid,0,0.51873577,1,0,0,0.5,0.5242080092430115,0.5242080092430115,관찰
KOSDAQ,237820,(주)플레이디,2022,2023,large,it_services,2023,valid,0,0.2561977,0,0,0,0.5,0.5242080092430115,0.5242080092430115,안정
KOSDAQ,238490,(주)힘스,2022,2023,small_and_medium,manufacturing,2023,valid,0,0.82363564,1,1,1,0.5,0.5242080092430115,0.5242080092430115,고위험
KOSDAQ,239610,(주)에이치엘사이언스,2022,2023,small_and_medium,manufacturing,2023,valid,0,0.19374166,0,0,0,0.5,0.5242080092430115,0.5242080092430115,안정
KOSDAQ,241770,(주)메카로,2022,2023,small_and_medium,manufacturing,2023,valid,0,0.03190161,0,0,0,0.5,0.5242080092430115,0.5242080092430115,안정
KOSDAQ,247540,(주)에코프로비엠,2022,2023,mid_sized,manufacturing,2023,valid,0,0.07077583,0,0,0,0.5,0.5242080092430115,0.5242080092430115,안정
KOSDAQ,250930,(주)예선테크,2022,2023,small_and_medium,manufacturing,2023,valid,1,0.92037857,1,1,1,0.5,0.5242080092430115,0.5242080092430115,고위험
KOSDAQ,251370,와이엠티(주),2022,2023,small_and_medium,manufacturing,2023,valid,1,0.652908,1,1,1,0.5,0.5242080092430115,0.5242080092430115,고위험
KOSDAQ,251970,펌텍코리아(주),2022,2023,mid_sized,manufacturing,2023,valid,0,0.009474062,0,0,0,0.5,0.5242080092430115,0.5242080092430115,안정
KOSDAQ,252990,(주)샘씨엔에스,2022,2023,mid_sized,manufacturing,2023,valid,0,0.744755,1,1,1,0.5,0.5242080092430115,0.5242080092430115,고위험
KOSDAQ,253450,스튜디오드래곤(주),2022,2023,large,it_services,2023,valid,0,0.026779985,0,0,0,0.5,0.5242080092430115,0.5242080092430115,안정
KOSDAQ,253590,(주)네오셈,2022,2023,small_and_medium,manufacturing,2023,valid,0,0.45084113,0,0,0,0.5,0.5242080092430115,0.5242080092430115,관찰
KOSDAQ,255220,에스지이(주),2022,2023,mid_sized,manufacturing,2023,valid,1,0.9473354,1,1,1,0.5,0.5242080092430115,0.5242080092430115,고위험
KOSDAQ,255440,(주)야스,2022,2023,small_and_medium,manufacturing,2023,valid,0,0.13693742,0,0,0,0.5,0.5242080092430115,0.5242080092430115,안정
KOSDAQ,256630,(주)포인트엔지니어링,2022,2023,small_and_medium,manufacturing,2023,valid,0,0.23101953,0,0,0,0.5,0.5242080092430115,0.5242080092430115,안정
KOSDAQ,256940,(주)킵스바이오파마,2022,2023,small_and_medium,manufacturing,2023,valid,1,0.9910719,1,1,1,0.5,0.5242080092430115,0.5242080092430115,고위험
KOSDAQ,258790,소프트캠프(주),2022,2023,small_and_medium,it_services,2023,valid,1,0.60879743,1,1,1,0.5,0.5242080092430115,0.5242080092430115,관찰
KOSDAQ,259630,(주)엠플러스,2022,2023,small_and_medium,manufacturing,2023,valid,1,0.9474783,1,1,1,0.5,0.5242080092430115,0.5242080092430115,고위험
KOSDAQ,262260,(주)에이프로,2022,2023,small_and_medium,manufacturing,2023,valid,0,0.5866853,1,1,1,0.5,0.5242080092430115,0.5242080092430115,관찰
KOSDAQ,263020,(주)디케이앤디,2022,2023,small_and_medium,manufacturing,2023,valid,0,0.5126996,1,0,0,0.5,0.5242080092430115,0.5242080092430115,관찰
KOSDAQ,263770,(주)유에스티,2022,2023,mid_sized,manufacturing,2023,valid,0,0.39791116,0,0,0,0.5,0.5242080092430115,0.5242080092430115,관찰
KOSDAQ,263800,(주)데이타솔루션,2022,2023,mid_sized,wholesale_retail,2023,valid,0,0.6161775,1,1,1,0.5,0.5242080092430115,0.5242080092430115,관찰
KOSDAQ,263920,(주)휴엠앤씨,2022,2023,mid_sized,manufacturing,2023,valid,1,0.72529435,1,1,1,0.5,0.5242080092430115,0.5242080092430115,고위험
KOSDAQ,264450,(주)유비쿼스,2022,2023,mid_sized,manufacturing,2023,valid,0,0.01984437,0,0,0,0.5,0.5242080092430115,0.5242080092430115,안정
KOSDAQ,265520,에이피시스템(주),2022,2023,mid_sized,manufacturing,2023,valid,0,0.03791644,0,0,0,0.5,0.5242080092430115,0.5242080092430115,안정
KOSDAQ,265560,영화테크(주),2022,2023,small_and_medium,manufacturing,2023,valid,0,0.2884595,0,0,0,0.5,0.5242080092430115,0.5242080092430115,안정
KOSDAQ,265740,(주)엔에프씨,2022,2023,small_and_medium,manufacturing,2023,valid,0,0.0764474,0,0,0,0.5,0.5242080092430115,0.5242080092430115,안정
KOSDAQ,270870,(주)뉴트리,2022,2023,small_and_medium,manufacturing,2023,valid,0,0.2565182,0,0,0,0.5,0.5242080092430115,0.5242080092430115,안정
KOSDAQ,272110,(주)케이엔제이,2022,2023,small_and_medium,manufacturing,2023,valid,0,0.5242081,1,1,1,0.5,0.5242080092430115,0.5242080092430115,관찰
KOSDAQ,275630,(주)에스에스알,2022,2023,small_and_medium,it_services,2023,valid,0,0.6736494,1,1,1,0.5,0.5242080092430115,0.5242080092430115,고위험
KOSDAQ,277810,(주)레인보우로보틱스,2022,2023,small_and_medium,manufacturing,2023,valid,1,0.83400077,1,1,1,0.5,0.5242080092430115,0.5242080092430115,고위험
KOSDAQ,281740,(주)레이크머티리얼즈,2022,2023,small_and_medium,manufacturing,2023,valid,0,0.6131663,1,1,1,0.5,0.5242080092430115,0.5242080092430115,관찰
KOSDAQ,288620,에스퓨얼셀(주),2022,2023,small_and_medium,manufacturing,2023,valid,0,0.8094782,1,1,1,0.5,0.5242080092430115,0.5242080092430115,고위험
KOSDAQ,289220,(주)자이언트스텝,2022,2023,small_and_medium,it_services,2023,valid,1,0.9436427,1,1,1,0.5,0.5242080092430115,0.5242080092430115,고위험
KOSDAQ,290720,(주)푸드나무,2022,2023,small_and_medium,wholesale_retail,2023,valid,0,0.5656942,1,1,1,0.5,0.5242080092430115,0.5242080092430115,관찰
KOSDAQ,294140,(주)레몬,2022,2023,mid_sized,manufacturing,2023,valid,1,0.7534143,1,1,1,0.5,0.5242080092430115,0.5242080092430115,고위험
KOSDAQ,294570,(주)쿠콘,2022,2023,small_and_medium,it_services,2023,valid,0,0.007853987,0,0,0,0.5,0.5242080092430115,0.5242080092430115,안정
KOSDAQ,297090,씨에스베어링(주),2022,2023,mid_sized,manufacturing,2023,valid,1,0.9606503,1,1,1,0.5,0.5242080092430115,0.5242080092430115,고위험
KOSDAQ,297890,에이치비솔루션(주),2022,2023,small_and_medium,manufacturing,2023,valid,0,0.14499277,0,0,0,0.5,0.5242080092430115,0.5242080092430115,안정
KOSDAQ,299900,(주)위지윅스튜디오,2022,2023,small_and_medium,it_services,2023,valid,0,0.54743594,1,1,1,0.5,0.5242080092430115,0.5242080092430115,관찰
KOSDAQ,300080,(주)플리토,2022,2023,small_and_medium,it_services,2023,valid,1,0.9634513,1,1,1,0.5,0.5242080092430115,0.5242080092430115,고위험
KOSDAQ,303530,이노뎁(주),2022,2023,small_and_medium,it_services,2023,valid,0,0.6892133,1,1,1,0.5,0.5242080092430115,0.5242080092430115,고위험
KOSDAQ,306040,(주)에스제이그룹,2022,2023,small_and_medium,manufacturing,2023,valid,0,0.036563948,0,0,0,0.5,0.5242080092430115,0.5242080092430115,안정
KOSDAQ,307280,(주)원바이오젠,2022,2023,small_and_medium,manufacturing,2023,valid,0,0.7663331,1,1,1,0.5,0.5242080092430115,0.5242080092430115,고위험
KOSDAQ,307870,(주)비투엔,2022,2023,small_and_medium,it_services,2023,valid,1,0.6736494,1,1,1,0.5,0.5242080092430115,0.5242080092430115,고위험
KOSDAQ,310870,디와이씨(주),2022,2023,small_and_medium,manufacturing,2023,valid,1,0.8519911,1,1,1,0.5,0.5242080092430115,0.5242080092430115,고위험
KOSDAQ,311390,(주)네오크레마,2022,2023,small_and_medium,manufacturing,2023,valid,0,0.4232011,0,0,0,0.5,0.5242080092430115,0.5242080092430115,관찰
KOSDAQ,314140,(주)알피바이오,2022,2023,small_and_medium,manufacturing,2023,valid,1,0.7576958,1,1,1,0.5,0.5242080092430115,0.5242080092430115,고위험
KOSDAQ,315640,(주)딥노이드,2022,2023,small_and_medium,it_services,2023,valid,1,0.6892133,1,1,1,0.5,0.5242080092430115,0.5242080092430115,고위험
KOSDAQ,317120,(주)라닉스,2022,2023,small_and_medium,manufacturing,2023,valid,0,0.9774613,1,1,1,0.5,0.5242080092430115,0.5242080092430115,고위험
KOSDAQ,317240,(주)티에스트릴리온,2022,2023,small_and_medium,manufacturing,2023,valid,1,0.99567455,1,1,1,0.5,0.5242080092430115,0.5242080092430115,고위험
KOSDAQ,317330,(주)덕산테코피아,2022,2023,small_and_medium,manufacturing,2023,valid,0,0.041790336,0,0,0,0.5,0.5242080092430115,0.5242080092430115,안정
KOSDAQ,317770,(주)엑스페릭스,2022,2023,small_and_medium,manufacturing,2023,valid,0,0.014554081,0,0,0,0.5,0.5242080092430115,0.5242080092430115,안정
KOSDAQ,317830,(주)에스피시스템스,2022,2023,small_and_medium,manufacturing,2023,valid,0,0.80151784,1,1,1,0.5,0.5242080092430115,0.5242080092430115,고위험
KOSDAQ,317850,대모엔지니어링(주),2022,2023,small_and_medium,manufacturing,2023,valid,0,0.245384,0,0,0,0.5,0.5242080092430115,0.5242080092430115,안정
KOSDAQ,319400,현대무벡스(주),2022,2023,mid_sized,manufacturing,2023,valid,0,0.04394698,0,0,0,0.5,0.5242080092430115,0.5242080092430115,안정
KOSDAQ,320000,(주)한울반도체,2022,2023,mid_sized,manufacturing,2023,valid,0,0.75490075,1,1,1,0.5,0.5242080092430115,0.5242080092430115,고위험
KOSDAQ,321820,(주)아티스트컴퍼니,2022,2023,small_and_medium,it_services,2023,valid,1,0.99168396,1,1,1,0.5,0.5242080092430115,0.5242080092430115,고위험
KOSDAQ,323230,엠에프엠코리아(주),2022,2023,small_and_medium,manufacturing,2023,valid,1,0.98033786,1,1,1,0.5,0.5242080092430115,0.5242080092430115,고위험
KOSDAQ,328380,솔트웨어(주),2022,2023,small_and_medium,it_services,2023,valid,0,0.9475449,1,1,1,0.5,0.5242080092430115,0.5242080092430115,고위험
KOSDAQ,332290,(주)누보,2022,2023,small_and_medium,manufacturing,2023,valid,1,0.9893611,1,1,1,0.5,0.5242080092430115,0.5242080092430115,고위험
KOSDAQ,332570,(주)피에스일렉트로닉스,2022,2023,small_and_medium,manufacturing,2023,valid,1,0.95301557,1,1,1,0.5,0.5242080092430115,0.5242080092430115,고위험
KOSDAQ,333620,(주)엔시스,2022,2023,small_and_medium,manufacturing,2023,valid,0,0.04384412,0,0,0,0.5,0.5242080092430115,0.5242080092430115,안정
KOSDAQ,335870,(주)윙스풋,2022,2023,small_and_medium,wholesale_retail,2023,valid,1,0.91819274,1,1,1,0.5,0.5242080092430115,0.5242080092430115,고위험
KOSDAQ,347000,(주)센코,2022,2023,small_and_medium,manufacturing,2023,valid,1,0.4000554,0,0,0,0.5,0.5242080092430115,0.5242080092430115,관찰
KOSDAQ,347700,(주)스피어코퍼레이션,2022,2023,small_and_medium,it_services,2023,valid,1,0.6892133,1,1,1,0.5,0.5242080092430115,0.5242080092430115,고위험
KOSDAQ,348340,(주)뉴로메카,2022,2023,small_and_medium,manufacturing,2023,valid,1,0.9691834,1,1,1,0.5,0.5242080092430115,0.5242080092430115,고위험
KOSDAQ,352700,(주)씨앤투스,2022,2023,small_and_medium,manufacturing,2023,valid,0,0.010027435,0,0,0,0.5,0.5242080092430115,0.5242080092430115,안정
KOSDAQ,352770,(주)셀레스트라,2022,2023,small_and_medium,manufacturing,2023,valid,1,0.94955283,1,1,1,0.5,0.5242080092430115,0.5242080092430115,고위험
KOSDAQ,353190,(주)휴럼,2022,2023,small_and_medium,manufacturing,2023,valid,1,0.90007806,1,1,1,0.5,0.5242080092430115,0.5242080092430115,고위험
KOSDAQ,353590,오토앤(주),2022,2023,small_and_medium,wholesale_retail,2023,valid,1,0.97606975,1,1,1,0.5,0.5242080092430115,0.5242080092430115,고위험
KOSDAQ,357230,(주)에이치피오,2022,2023,small_and_medium,manufacturing,2023,valid,0,0.043241207,0,0,0,0.5,0.5242080092430115,0.5242080092430115,안정
KOSDAQ,357580,(주)아모센스,2022,2023,small_and_medium,manufacturing,2023,valid,1,0.7576958,1,1,1,0.5,0.5242080092430115,0.5242080092430115,고위험
KOSDAQ,370090,(주)퓨런티어,2022,2023,mid_sized,manufacturing,2023,valid,0,0.744755,1,1,1,0.5,0.5242080092430115,0.5242080092430115,고위험
KOSDAQ,377220,(주)프롬바이오,2022,2023,small_and_medium,manufacturing,2023,valid,0,0.26010346,0,0,0,0.5,0.5242080092430115,0.5242080092430115,안정
KOSDAQ,382480,(주)지아이텍,2022,2023,small_and_medium,manufacturing,2023,valid,0,0.7576958,1,1,1,0.5,0.5242080092430115,0.5242080092430115,고위험
KOSDAQ,382800,(주)지앤비에스에코,2022,2023,small_and_medium,manufacturing,2023,valid,1,0.7576958,1,1,1,0.5,0.5242080092430115,0.5242080092430115,고위험
KOSDAQ,382840,(주)원준,2022,2023,small_and_medium,manufacturing,2023,valid,0,0.07340649,0,0,0,0.5,0.5242080092430115,0.5242080092430115,안정
KOSDAQ,383310,(주)에코프로에이치엔,2022,2023,small_and_medium,manufacturing,2023,valid,0,0.19606692,0,0,0,0.5,0.5242080092430115,0.5242080092430115,안정
KOSDAQ,388050,지투파워(주),2022,2023,small_and_medium,manufacturing,2023,valid,0,0.7576958,1,1,1,0.5,0.5242080092430115,0.5242080092430115,고위험
KOSDAQ,389140,(주)포바이포,2022,2023,small_and_medium,it_services,2023,valid,0,0.9425049,1,1,1,0.5,0.5242080092430115,0.5242080092430115,고위험
KOSDAQ,391710,코닉오토메이션(주),2022,2023,small_and_medium,manufacturing,2023,valid,1,0.7576958,1,1,1,0.5,0.5242080092430115,0.5242080092430115,고위험
KOSDAQ,393210,(주)토마토시스템,2022,2023,small_and_medium,it_services,2023,valid,0,0.6892133,1,1,1,0.5,0.5242080092430115,0.5242080092430115,고위험
KOSDAQ,405000,(주)플라즈맵,2022,2023,small_and_medium,manufacturing,2023,valid,1,0.9886827,1,1,1,0.5,0.5242080092430115,0.5242080092430115,고위험
KOSDAQ,412350,레이저쎌(주),2022,2023,small_and_medium,manufacturing,2023,valid,1,0.9606678,1,1,1,0.5,0.5242080092430115,0.5242080092430115,고위험
KOSDAQ,413630,씨피시스템(주),2022,2023,mid_sized,manufacturing,2023,valid,0,0.744755,1,1,1,0.5,0.5242080092430115,0.5242080092430115,고위험
KOSDAQ,419080,엔젯(주),2022,2023,small_and_medium,manufacturing,2023,valid,0,0.7576958,1,1,1,0.5,0.5242080092430115,0.5242080092430115,고위험
KOSDAQ,419530,(주)에스에이엠지엔터테인먼트,2022,2023,small_and_medium,it_services,2023,valid,1,0.966234,1,1,1,0.5,0.5242080092430115,0.5242080092430115,고위험
KOSPI,70,(주)삼양홀딩스,2022,2023,mid_sized,it_services,2023,valid,0,0.0034560994,0,0,0,0.5,0.5242080092430115,0.5242080092430115,안정
KOSPI,80,하이트진로(주),2022,2023,mid_sized,manufacturing,2023,valid,0,0.05147168,0,0,0,0.5,0.5242080092430115,0.5242080092430115,안정
KOSPI,120,씨제이대한통운(주),2022,2023,large,transport_storage,2023,valid,0,0.0014384695,0,0,0,0.5,0.5242080092430115,0.5242080092430115,안정
KOSPI,140,하이트진로홀딩스(주),2022,2023,mid_sized,it_services,2023,valid,0,0.03413001,0,0,0,0.5,0.5242080092430115,0.5242080092430115,안정
KOSPI,150,(주)두산,2022,2023,large,it_services,2023,valid,0,0.00568653,0,0,0,0.5,0.5242080092430115,0.5242080092430115,안정
KOSPI,210,디엘(주),2022,2023,large,manufacturing,2023,valid,0,0.004152024,0,0,0,0.5,0.5242080092430115,0.5242080092430115,안정
KOSPI,500,가온전선(주),2022,2023,large,manufacturing,2023,valid,0,0.039627712,0,0,0,0.5,0.5242080092430115,0.5242080092430115,안정
KOSPI,640,동아쏘시오홀딩스(주),2022,2023,mid_sized,it_services,2023,valid,0,0.0033314624,0,0,0,0.5,0.5242080092430115,0.5242080092430115,안정
KOSPI,660,에스케이하이닉스(주),2022,2023,large,manufacturing,2023,valid,0,0.0043890765,0,0,0,0.5,0.5242080092430115,0.5242080092430115,안정
KOSPI,680,(주)엘에스네트웍스,2022,2023,large,wholesale_retail,2023,valid,0,0.09482521,0,0,0,0.5,0.5242080092430115,0.5242080092430115,안정
KOSPI,720,현대건설(주),2022,2023,large,construction,2023,valid,0,0.004571158,0,0,0,0.5,0.5242080092430115,0.5242080092430115,안정
KOSPI,860,강남제비스코(주),2022,2023,mid_sized,manufacturing,2023,valid,0,0.038743787,0,0,0,0.5,0.5242080092430115,0.5242080092430115,안정
KOSPI,880,(주)한화,2022,2023,large,manufacturing,2023,valid,0,0.03223301,0,0,0,0.5,0.5242080092430115,0.5242080092430115,안정
KOSPI,990,(주)디비하이텍,2022,2023,large,manufacturing,2023,valid,0,0.0006187762,0,0,0,0.5,0.5242080092430115,0.5242080092430115,안정
KOSPI,1040,씨제이(주),2022,2023,large,it_services,2023,valid,0,0.0083914045,0,0,0,0.5,0.5242080092430115,0.5242080092430115,안정
KOSPI,1070,대한방직(주),2022,2023,mid_sized,manufacturing,2023,valid,1,0.8572424,1,1,1,0.5,0.5242080092430115,0.5242080092430115,고위험
KOSPI,1140,(주)국보,2022,2023,mid_sized,transport_storage,2023,valid,1,0.98581505,1,1,1,0.5,0.5242080092430115,0.5242080092430115,고위험
KOSPI,1210,금호전기(주),2022,2023,small_and_medium,manufacturing,2023,valid,1,0.99851996,1,1,1,0.5,0.5242080092430115,0.5242080092430115,고위험
KOSPI,1250,(주)지에스글로벌,2022,2023,large,wholesale_retail,2023,valid,0,0.011164736,0,0,0,0.5,0.5242080092430115,0.5242080092430115,안정
KOSPI,1340,피케이씨(주),2022,2023,mid_sized,manufacturing,2023,valid,0,0.045100946,0,0,0,0.5,0.5242080092430115,0.5242080092430115,안정
KOSPI,1390,케이지케미칼(주),2022,2023,mid_sized,manufacturing,2023,valid,1,0.34131038,0,0,0,0.5,0.5242080092430115,0.5242080092430115,안정
KOSPI,1430,(주)세아베스틸지주,2022,2023,large,manufacturing,2023,valid,0,0.0042709652,0,0,0,0.5,0.5242080092430115,0.5242080092430115,안정
KOSPI,1560,제일연마공업(주),2022,2023,mid_sized,manufacturing,2023,valid,0,0.03576553,0,0,0,0.5,0.5242080092430115,0.5242080092430115,안정
KOSPI,1570,(주)금양,2022,2023,mid_sized,manufacturing,2023,valid,1,0.70789564,1,1,1,0.5,0.5242080092430115,0.5242080092430115,고위험
KOSPI,1620,케이비아이동국실업(주),2022,2023,mid_sized,manufacturing,2023,valid,1,0.9305425,1,1,1,0.5,0.5242080092430115,0.5242080092430115,고위험
KOSPI,1630,(주)종근당홀딩스,2022,2023,mid_sized,manufacturing,2023,valid,0,0.030823126,0,0,0,0.5,0.5242080092430115,0.5242080092430115,안정
KOSPI,1680,대상(주),2022,2023,mid_sized,manufacturing,2023,valid,0,0.0104827285,0,0,0,0.5,0.5242080092430115,0.5242080092430115,안정
KOSPI,1740,에스케이네트웍스(주),2022,2023,large,wholesale_retail,2023,valid,0,0.007921437,0,0,0,0.5,0.5242080092430115,0.5242080092430115,안정
KOSPI,1790,대한제당(주),2022,2023,mid_sized,manufacturing,2023,valid,0,0.48668218,0,0,0,0.5,0.5242080092430115,0.5242080092430115,관찰
KOSPI,1940,KISCO홀딩스(주),2022,2023,mid_sized,manufacturing,2023,valid,0,0.016594531,0,0,0,0.5,0.5242080092430115,0.5242080092430115,안정
KOSPI,2100,(주)경농,2022,2023,mid_sized,manufacturing,2023,valid,0,0.14391145,0,0,0,0.5,0.5242080092430115,0.5242080092430115,안정
KOSPI,2150,(주)도화엔지니어링,2022,2023,mid_sized,it_services,2023,valid,0,0.005687956,0,0,0,0.5,0.5242080092430115,0.5242080092430115,안정
KOSPI,2240,고려제강(주),2022,2023,mid_sized,manufacturing,2023,valid,0,0.01061369,0,0,0,0.5,0.5242080092430115,0.5242080092430115,안정
KOSPI,2320,(주)한진,2022,2023,large,transport_storage,2023,valid,0,0.0029146662,0,0,0,0.5,0.5242080092430115,0.5242080092430115,안정
KOSPI,2350,넥센타이어(주),2022,2023,mid_sized,manufacturing,2023,valid,0,0.04392135,0,0,0,0.5,0.5242080092430115,0.5242080092430115,안정
KOSPI,2380,(주)케이씨씨,2022,2023,large,manufacturing,2023,valid,0,0.0052593974,0,0,0,0.5,0.5242080092430115,0.5242080092430115,안정
KOSPI,2390,(주)한독,2022,2023,mid_sized,manufacturing,2023,valid,0,0.06547468,0,0,0,0.5,0.5242080092430115,0.5242080092430115,안정
KOSPI,2410,범양건영(주),2022,2023,mid_sized,construction,2023,valid,0,0.89730114,1,1,1,0.5,0.5242080092430115,0.5242080092430115,고위험
KOSPI,2690,동일제강(주),2022,2023,mid_sized,manufacturing,2023,valid,0,0.3344116,0,0,0,0.5,0.5242080092430115,0.5242080092430115,안정
KOSPI,2780,진흥기업(주),2022,2023,large,construction,2023,valid,0,0.3130079,0,0,0,0.5,0.5242080092430115,0.5242080092430115,안정
KOSPI,2900,티와이엠(주),2022,2023,mid_sized,manufacturing,2023,valid,0,0.05305612,0,0,0,0.5,0.5242080092430115,0.5242080092430115,안정
KOSPI,2990,금호건설(주),2022,2023,large,construction,2023,valid,0,0.025828002,0,0,0,0.5,0.5242080092430115,0.5242080092430115,안정
KOSPI,3010,(주)혜인,2022,2023,mid_sized,wholesale_retail,2023,valid,0,0.7548983,1,1,1,0.5,0.5242080092430115,0.5242080092430115,고위험
KOSPI,3030,(주)세아제강지주,2022,2023,large,it_services,2023,valid,0,0.0046332683,0,0,0,0.5,0.5242080092430115,0.5242080092430115,안정
KOSPI,3160,(주)디아이,2022,2023,mid_sized,manufacturing,2023,valid,0,0.23322436,0,0,0,0.5,0.5242080092430115,0.5242080092430115,안정
KOSPI,3220,대원제약(주),2022,2023,mid_sized,manufacturing,2023,valid,0,0.01072881,0,0,0,0.5,0.5242080092430115,0.5242080092430115,안정
KOSPI,3300,한일홀딩스(주),2022,2023,mid_sized,manufacturing,2023,valid,0,0.031007169,0,0,0,0.5,0.5242080092430115,0.5242080092430115,안정
KOSPI,3490,(주)대한항공,2022,2023,large,transport_storage,2023,valid,0,0.0058054184,0,0,0,0.5,0.5242080092430115,0.5242080092430115,안정
KOSPI,3620,케이지모빌리티(주),2022,2023,mid_sized,manufacturing,2023,valid,1,0.016281074,0,0,0,0.5,0.5242080092430115,0.5242080092430115,안정
KOSPI,3850,(주)보령,2022,2023,mid_sized,manufacturing,2023,valid,0,0.0015308989,0,0,0,0.5,0.5242080092430115,0.5242080092430115,안정
KOSPI,4020,현대제철(주),2022,2023,large,manufacturing,2023,valid,0,0.0081509,0,0,0,0.5,0.5242080092430115,0.5242080092430115,안정
KOSPI,4090,한국석유공업(주),2022,2023,mid_sized,manufacturing,2023,valid,0,0.046994742,0,0,0,0.5,0.5242080092430115,0.5242080092430115,안정
KOSPI,4100,태양금속공업(주),2022,2023,mid_sized,manufacturing,2023,valid,1,0.833253,1,1,1,0.5,0.5242080092430115,0.5242080092430115,고위험
KOSPI,4140,(주)동방,2022,2023,mid_sized,transport_storage,2023,valid,0,0.23516995,0,0,0,0.5,0.5242080092430115,0.5242080092430115,안정
KOSPI,4170,(주)신세계,2022,2023,large,wholesale_retail,2023,valid,0,0.0061585084,0,0,0,0.5,0.5242080092430115,0.5242080092430115,안정
KOSPI,4430,송원산업(주),2022,2023,mid_sized,manufacturing,2023,valid,0,0.005803393,0,0,0,0.5,0.5242080092430115,0.5242080092430115,안정
KOSPI,4540,깨끗한나라(주),2022,2023,mid_sized,manufacturing,2023,valid,0,0.6027863,1,1,1,0.5,0.5242080092430115,0.5242080092430115,관찰
KOSPI,4560,현대비앤지스틸(주),2022,2023,large,manufacturing,2023,valid,0,0.024486817,0,0,0,0.5,0.5242080092430115,0.5242080092430115,안정
KOSPI,4690,(주)삼천리,2022,2023,mid_sized,other,2023,valid,0,0.004712667,0,0,0,0.5,0.5242080092430115,0.5242080092430115,안정
KOSPI,4710,한솔테크닉스(주),2022,2023,mid_sized,manufacturing,2023,valid,0,0.048798982,0,0,0,0.5,0.5242080092430115,0.5242080092430115,안정
KOSPI,4840,(주)디알비동일,2022,2023,mid_sized,manufacturing,2023,valid,1,0.38420644,0,0,0,0.5,0.5242080092430115,0.5242080092430115,관찰
KOSPI,4960,한신공영(주),2022,2023,mid_sized,construction,2023,valid,0,0.2793732,0,0,0,0.5,0.5242080092430115,0.5242080092430115,안정
KOSPI,4990,롯데지주(주),2022,2023,large,it_services,2023,valid,0,0.0021755404,0,0,0,0.5,0.5242080092430115,0.5242080092430115,안정
KOSPI,5030,부산주공(주),2022,2023,mid_sized,manufacturing,2023,valid,1,0.538168,1,1,1,0.5,0.5242080092430115,0.5242080092430115,관찰
KOSPI,5090,에스지씨에너지(주),2022,2023,large,other,2023,valid,0,0.0025823493,0,0,0,0.5,0.5242080092430115,0.5242080092430115,안정
KOSPI,5180,(주)빙그레,2022,2023,mid_sized,manufacturing,2023,valid,0,0.004087309,0,0,0,0.5,0.5242080092430115,0.5242080092430115,안정
KOSPI,5250,(주)녹십자홀딩스,2022,2023,mid_sized,it_services,2023,valid,0,0.0016103688,0,0,0,0.5,0.5242080092430115,0.5242080092430115,안정
KOSPI,5300,롯데칠성음료(주),2022,2023,large,manufacturing,2023,valid,0,0.004986162,0,0,0,0.5,0.5242080092430115,0.5242080092430115,안정
KOSPI,5320,(주)온타이드,2022,2023,mid_sized,wholesale_retail,2023,valid,1,0.55254424,1,1,1,0.5,0.5242080092430115,0.5242080092430115,관찰
KOSPI,5380,현대자동차(주),2022,2023,large,manufacturing,2023,valid,0,0.008431953,0,0,0,0.5,0.5242080092430115,0.5242080092430115,안정
KOSPI,5430,한국공항(주),2022,2023,large,transport_storage,2023,valid,0,0.0339611,0,0,0,0.5,0.5242080092430115,0.5242080092430115,안정
KOSPI,5750,대림바스(주),2022,2023,mid_sized,manufacturing,2023,valid,1,0.66119766,1,1,1,0.5,0.5242080092430115,0.5242080092430115,고위험
KOSPI,5820,(주)원림,2022,2023,small_and_medium,manufacturing,2023,valid,1,0.4648413,0,0,0,0.5,0.5242080092430115,0.5242080092430115,관찰
KOSPI,5850,에스엘(주),2022,2023,mid_sized,manufacturing,2023,valid,0,0.0034395827,0,0,0,0.5,0.5242080092430115,0.5242080092430115,안정
KOSPI,5870,(주)휴니드테크놀러지스,2022,2023,mid_sized,manufacturing,2023,valid,0,0.35736722,0,0,0,0.5,0.5242080092430115,0.5242080092430115,관찰
KOSPI,5880,대한해운(주),2022,2023,large,transport_storage,2023,valid,0,0.03160869,0,0,0,0.5,0.5242080092430115,0.5242080092430115,안정
KOSPI,5950,(주)이수화학,2022,2023,mid_sized,manufacturing,2023,valid,0,0.072378874,0,0,0,0.5,0.5242080092430115,0.5242080092430115,안정
KOSPI,5960,동부건설(주),2022,2023,mid_sized,construction,2023,valid,0,0.098973565,0,0,0,0.5,0.5242080092430115,0.5242080092430115,안정
KOSPI,6040,동원산업(주),2022,2023,mid_sized,it_services,2023,valid,0,0.006468557,0,0,0,0.5,0.5242080092430115,0.5242080092430115,안정
KOSPI,6120,에스케이디스커버리(주),2022,2023,large,it_services,2023,valid,0,0.01373272,0,0,0,0.5,0.5242080092430115,0.5242080092430115,안정
KOSPI,6280,(주)녹십자,2022,2023,mid_sized,manufacturing,2023,valid,0,0.0034342273,0,0,0,0.5,0.5242080092430115,0.5242080092430115,안정
KOSPI,6360,지에스건설(주),2022,2023,large,construction,2023,valid,0,0.034264278,0,0,0,0.5,0.5242080092430115,0.5242080092430115,안정
KOSPI,6370,(주)대구백화점,2022,2023,mid_sized,wholesale_retail,2023,valid,1,0.91920865,1,1,1,0.5,0.5242080092430115,0.5242080092430115,고위험
KOSPI,6390,한일현대시멘트(주),2022,2023,mid_sized,manufacturing,2023,valid,0,0.538168,1,1,1,0.5,0.5242080092430115,0.5242080092430115,관찰
KOSPI,6400,삼성SDI(주),2022,2023,large,manufacturing,2023,valid,0,0.0030633295,0,0,0,0.5,0.5242080092430115,0.5242080092430115,안정
KOSPI,6490,(주)인스코비,2022,2023,small_and_medium,it_services,2023,valid,1,0.95242685,1,1,1,0.5,0.5242080092430115,0.5242080092430115,고위험
KOSPI,6890,태경케미컬(주),2022,2023,mid_sized,manufacturing,2023,valid,0,0.0078147575,0,0,0,0.5,0.5242080092430115,0.5242080092430115,안정
KOSPI,7070,(주)지에스리테일,2022,2023,large,wholesale_retail,2023,valid,0,0.00083984155,0,0,0,0.5,0.5242080092430115,0.5242080092430115,안정
KOSPI,7120,(주)미래아이앤지,2022,2023,small_and_medium,it_services,2023,valid,1,0.94868845,1,1,1,0.5,0.5242080092430115,0.5242080092430115,고위험
KOSPI,7160,사조산업(주),2022,2023,mid_sized,manufacturing,2023,valid,0,0.2918283,0,0,0,0.5,0.5242080092430115,0.5242080092430115,안정
KOSPI,7980,티피(주),2022,2023,mid_sized,manufacturing,2023,valid,1,0.6058305,1,1,1,0.5,0.5242080092430115,0.5242080092430115,관찰
KOSPI,8350,(주)남선알미늄,2022,2023,large,manufacturing,2023,valid,0,0.20910378,0,0,0,0.5,0.5242080092430115,0.5242080092430115,안정
KOSPI,8730,율촌화학(주),2022,2023,mid_sized,manufacturing,2023,valid,0,0.076437384,0,0,0,0.5,0.5242080092430115,0.5242080092430115,안정
KOSPI,8770,(주)호텔신라,2022,2023,large,wholesale_retail,2023,valid,0,0.004244954,0,0,0,0.5,0.5242080092430115,0.5242080092430115,안정
KOSPI,9200,무림페이퍼(주),2022,2023,mid_sized,manufacturing,2023,valid,0,0.30714622,0,0,0,0.5,0.5242080092430115,0.5242080092430115,안정
KOSPI,9270,(주)신원,2022,2023,mid_sized,manufacturing,2023,valid,0,0.03598147,0,0,0,0.5,0.5242080092430115,0.5242080092430115,안정
KOSPI,9290,광동제약(주),2022,2023,mid_sized,manufacturing,2023,valid,0,0.036773518,0,0,0,0.5,0.5242080092430115,0.5242080092430115,안정
KOSPI,9310,참엔지니어링(주),2022,2023,small_and_medium,manufacturing,2023,valid,1,0.9851996,1,1,1,0.5,0.5242080092430115,0.5242080092430115,고위험
KOSPI,9320,아진전자부품(주),2022,2023,small_and_medium,manufacturing,2023,valid,1,0.7768445,1,1,1,0.5,0.5242080092430115,0.5242080092430115,고위험
KOSPI,9410,(주)태영건설,2022,2023,large,construction,2023,valid,1,0.065002196,0,0,0,0.5,0.5242080092430115,0.5242080092430115,안정
KOSPI,9450,(주)경동나비엔,2022,2023,mid_sized,manufacturing,2023,valid,0,0.008467029,0,0,0,0.5,0.5242080092430115,0.5242080092430115,안정
KOSPI,9540,에이치디한국조선해양(주),2022,2023,large,it_services,2023,valid,0,0.0053508366,0,0,0,0.5,0.5242080092430115,0.5242080092430115,안정
KOSPI,9580,무림피앤피(주),2022,2023,mid_sized,manufacturing,2023,valid,0,0.22422138,0,0,0,0.5,0.5242080092430115,0.5242080092430115,안정
KOSPI,9830,한화솔루션(주),2022,2023,large,manufacturing,2023,valid,0,0.016222447,0,0,0,0.5,0.5242080092430115,0.5242080092430115,안정
KOSPI,10060,오씨아이홀딩스(주),2022,2023,large,it_services,2023,valid,0,0.0017547146,0,0,0,0.5,0.5242080092430115,0.5242080092430115,안정
KOSPI,10120,LS일렉트릭(주),2022,2023,large,manufacturing,2023,valid,0,0.0052081696,0,0,0,0.5,0.5242080092430115,0.5242080092430115,안정
KOSPI,10140,삼성중공업(주),2022,2023,large,manufacturing,2023,valid,0,0.389718,0,0,0,0.5,0.5242080092430115,0.5242080092430115,관찰
KOSPI,10690,(주)화신,2022,2023,mid_sized,manufacturing,2023,valid,0,0.066340424,0,0,0,0.5,0.5242080092430115,0.5242080092430115,안정
KOSPI,10780,아이에스동서(주),2022,2023,mid_sized,manufacturing,2023,valid,0,0.010441262,0,0,0,0.5,0.5242080092430115,0.5242080092430115,안정
KOSPI,10950,에쓰-오일(주),2022,2023,large,manufacturing,2023,valid,0,0.003951695,0,0,0,0.5,0.5242080092430115,0.5242080092430115,안정
KOSPI,11070,엘지이노텍(주),2022,2023,large,manufacturing,2023,valid,0,0.0010684584,0,0,0,0.5,0.5242080092430115,0.5242080092430115,안정
KOSPI,11150,씨제이씨푸드(주),2022,2023,large,manufacturing,2023,valid,0,0.11414963,0,0,0,0.5,0.5242080092430115,0.5242080092430115,안정
KOSPI,11170,롯데케미칼(주),2022,2023,large,manufacturing,2023,valid,0,0.0069433018,0,0,0,0.5,0.5242080092430115,0.5242080092430115,안정
KOSPI,11200,에이치엠엠(주),2022,2023,large,transport_storage,2023,valid,0,0.0020607274,0,0,0,0.5,0.5242080092430115,0.5242080092430115,안정
KOSPI,11210,현대위아(주),2022,2023,large,manufacturing,2023,valid,0,0.0014056258,0,0,0,0.5,0.5242080092430115,0.5242080092430115,안정
KOSPI,11230,삼화전자공업(주),2022,2023,small_and_medium,manufacturing,2023,valid,1,0.9952799,1,1,1,0.5,0.5242080092430115,0.5242080092430115,고위험
KOSPI,11420,(주)갤럭시아에스엠,2022,2023,large,it_services,2023,valid,0,0.17158641,0,0,0,0.5,0.5242080092430115,0.5242080092430115,안정
KOSPI,11690,(주)와이투솔루션,2022,2023,mid_sized,manufacturing,2023,valid,1,0.8688789,1,1,1,0.5,0.5242080092430115,0.5242080092430115,고위험
KOSPI,11760,현대코퍼레이션(주),2022,2023,mid_sized,wholesale_retail,2023,valid,0,0.040904965,0,0,0,0.5,0.5242080092430115,0.5242080092430115,안정
KOSPI,11780,금호석유화학(주),2022,2023,mid_sized,manufacturing,2023,valid,0,0.002215543,0,0,0,0.5,0.5242080092430115,0.5242080092430115,안정
KOSPI,11790,에스케이씨(주),2022,2023,large,manufacturing,2023,valid,0,0.0129327625,0,0,0,0.5,0.5242080092430115,0.5242080092430115,안정
KOSPI,11930,(주)신성이엔지,2022,2023,mid_sized,manufacturing,2023,valid,1,0.86376,1,1,1,0.5,0.5242080092430115,0.5242080092430115,고위험
KOSPI,12330,현대모비스(주),2022,2023,large,manufacturing,2023,valid,0,0.002045643,0,0,0,0.5,0.5242080092430115,0.5242080092430115,안정
KOSPI,12450,한화에어로스페이스(주),2022,2023,large,manufacturing,2023,valid,0,0.007802931,0,0,0,0.5,0.5242080092430115,0.5242080092430115,안정
KOSPI,12510,(주)더존비즈온,2022,2023,mid_sized,it_services,2023,valid,0,0.0019707652,0,0,0,0.5,0.5242080092430115,0.5242080092430115,안정
KOSPI,12630,에이치디씨(주),2022,2023,large,other,2023,valid,0,0.025942424,0,0,0,0.5,0.5242080092430115,0.5242080092430115,안정
KOSPI,12750,(주)에스원,2022,2023,large,it_services,2023,valid,0,0.00060143654,0,0,0,0.5,0.5242080092430115,0.5242080092430115,안정
KOSPI,13360,일성건설(주),2022,2023,mid_sized,construction,2023,valid,1,0.7725678,1,1,1,0.5,0.5242080092430115,0.5242080092430115,고위험
KOSPI,13520,(주)화승코퍼레이션,2022,2023,mid_sized,manufacturing,2023,valid,0,0.10514022,0,0,0,0.5,0.5242080092430115,0.5242080092430115,안정
KOSPI,13580,계룡건설산업(주),2022,2023,mid_sized,construction,2023,valid,0,0.05718927,0,0,0,0.5,0.5242080092430115,0.5242080092430115,안정
KOSPI,13700,(주)까뮤이앤씨,2022,2023,mid_sized,construction,2023,valid,0,0.22174528,0,0,0,0.5,0.5242080092430115,0.5242080092430115,안정
KOSPI,13870,지엠비코리아(주),2022,2023,mid_sized,manufacturing,2023,valid,0,0.018344646,0,0,0,0.5,0.5242080092430115,0.5242080092430115,안정
KOSPI,14530,극동유화(주),2022,2023,mid_sized,manufacturing,2023,valid,0,0.13781522,0,0,0,0.5,0.5242080092430115,0.5242080092430115,안정
KOSPI,14580,(주)태경비케이,2022,2023,mid_sized,manufacturing,2023,valid,0,0.017565459,0,0,0,0.5,0.5242080092430115,0.5242080092430115,안정
KOSPI,14680,(주)한솔케미칼,2022,2023,mid_sized,manufacturing,2023,valid,0,0.0016162405,0,0,0,0.5,0.5242080092430115,0.5242080092430115,안정
KOSPI,14790,에이치엘디앤아이한라(주),2022,2023,mid_sized,construction,2023,valid,0,0.2824079,0,0,0,0.5,0.5242080092430115,0.5242080092430115,안정
KOSPI,14820,동원시스템즈(주),2022,2023,mid_sized,manufacturing,2023,valid,0,0.0069154766,0,0,0,0.5,0.5242080092430115,0.5242080092430115,안정
KOSPI,15230,대창단조(주),2022,2023,mid_sized,manufacturing,2023,valid,0,0.0076371343,0,0,0,0.5,0.5242080092430115,0.5242080092430115,안정
KOSPI,15890,태경산업(주),2022,2023,mid_sized,manufacturing,2023,valid,0,0.060268365,0,0,0,0.5,0.5242080092430115,0.5242080092430115,안정
KOSPI,16710,대성홀딩스(주),2022,2023,mid_sized,it_services,2023,valid,0,0.015182311,0,0,0,0.5,0.5242080092430115,0.5242080092430115,안정
KOSPI,16740,(주)두올,2022,2023,mid_sized,manufacturing,2023,valid,0,0.08152843,0,0,0,0.5,0.5242080092430115,0.5242080092430115,안정
KOSPI,16800,(주)퍼시스,2022,2023,mid_sized,manufacturing,2023,valid,0,0.004254961,0,0,0,0.5,0.5242080092430115,0.5242080092430115,안정
KOSPI,17550,(주)수산세보틱스,2022,2023,mid_sized,manufacturing,2023,valid,0,0.226686,0,0,0,0.5,0.5242080092430115,0.5242080092430115,안정
KOSPI,17670,에스케이텔레콤(주),2022,2023,large,it_services,2023,valid,0,0.0014302098,0,0,0,0.5,0.5242080092430115,0.5242080092430115,안정
KOSPI,17800,현대엘리베이터(주),2022,2023,mid_sized,manufacturing,2023,valid,0,0.057976406,0,0,0,0.5,0.5242080092430115,0.5242080092430115,안정
KOSPI,17940,(주)이원,2022,2023,large,wholesale_retail,2023,valid,0,0.026080292,0,0,0,0.5,0.5242080092430115,0.5242080092430115,안정
KOSPI,17960,(주)한국카본,2022,2023,mid_sized,manufacturing,2023,valid,0,0.035388276,0,0,0,0.5,0.5242080092430115,0.5242080092430115,안정
KOSPI,18670,에스케이가스(주),2022,2023,large,wholesale_retail,2023,valid,0,0.00411081,0,0,0,0.5,0.5242080092430115,0.5242080092430115,안정
KOSPI,18880,한온시스템(주),2022,2023,mid_sized,manufacturing,2023,valid,0,0.054776132,0,0,0,0.5,0.5242080092430115,0.5242080092430115,안정
KOSPI,23530,롯데쇼핑(주),2022,2023,large,wholesale_retail,2023,valid,0,0.006303415,0,0,0,0.5,0.5242080092430115,0.5242080092430115,안정
KOSPI,25540,한국단자공업(주),2022,2023,mid_sized,manufacturing,2023,valid,0,0.0024336409,0,0,0,0.5,0.5242080092430115,0.5242080092430115,안정
KOSPI,25620,차에이아이헬스케어(주),2022,2023,small_and_medium,manufacturing,2023,valid,1,0.978106,1,1,1,0.5,0.5242080092430115,0.5242080092430115,고위험
KOSPI,25750,(주)한솔홈데코,2022,2023,mid_sized,manufacturing,2023,valid,0,0.69438857,1,1,1,0.5,0.5242080092430115,0.5242080092430115,고위험
KOSPI,25860,남해화학(주),2022,2023,large,manufacturing,2023,valid,0,0.041156754,0,0,0,0.5,0.5242080092430115,0.5242080092430115,안정
KOSPI,26960,(주)동서,2022,2023,mid_sized,wholesale_retail,2023,valid,0,0.0036388123,0,0,0,0.5,0.5242080092430115,0.5242080092430115,안정
KOSPI,28050,삼성이앤에이(주),2022,2023,large,it_services,2023,valid,0,0.0023318713,0,0,0,0.5,0.5242080092430115,0.5242080092430115,안정
KOSPI,28100,(주)동아지질,2022,2023,mid_sized,construction,2023,valid,0,0.116500445,0,0,0,0.5,0.5242080092430115,0.5242080092430115,안정
KOSPI,28260,삼성물산(주),2022,2023,large,wholesale_retail,2023,valid,0,0.0005111222,0,0,0,0.5,0.5242080092430115,0.5242080092430115,안정
KOSPI,28670,팬오션(주),2022,2023,large,transport_storage,2023,valid,0,0.0066708107,0,0,0,0.5,0.5242080092430115,0.5242080092430115,안정
KOSPI,29460,(주)케이씨,2022,2023,mid_sized,manufacturing,2023,valid,0,0.010714693,0,0,0,0.5,0.5242080092430115,0.5242080092430115,안정
KOSPI,30200,(주)케이티,2022,2023,large,it_services,2023,valid,0,0.0004923257,0,0,0,0.5,0.5242080092430115,0.5242080092430115,안정
KOSPI,31440,(주)신세계푸드,2022,2023,large,it_services,2023,valid,0,0.004794926,0,0,0,0.5,0.5242080092430115,0.5242080092430115,안정
KOSPI,31820,(주)아이티센씨티에스,2022,2023,mid_sized,it_services,2023,valid,0,0.14585857,0,0,0,0.5,0.5242080092430115,0.5242080092430115,안정
KOSPI,32560,(주)황금에스티,2022,2023,mid_sized,manufacturing,2023,valid,0,0.01704737,0,0,0,0.5,0.5242080092430115,0.5242080092430115,안정
KOSPI,32640,(주)엘지유플러스,2022,2023,large,it_services,2023,valid,0,0.0012996732,0,0,0,0.5,0.5242080092430115,0.5242080092430115,안정
KOSPI,33250,(주)체시스,2022,2023,small_and_medium,manufacturing,2023,valid,1,0.99144804,1,1,1,0.5,0.5242080092430115,0.5242080092430115,고위험
KOSPI,33530,에스제이지세종(주),2022,2023,mid_sized,manufacturing,2023,valid,0,0.05225363,0,0,0,0.5,0.5242080092430115,0.5242080092430115,안정
KOSPI,33780,(주)케이티앤지,2022,2023,large,manufacturing,2023,valid,0,0.0010259696,0,0,0,0.5,0.5242080092430115,0.5242080092430115,안정
KOSPI,34020,두산에너빌리티(주),2022,2023,large,manufacturing,2023,valid,0,0.0043092994,0,0,0,0.5,0.5242080092430115,0.5242080092430115,안정
KOSPI,34120,(주)에스비에스,2022,2023,large,it_services,2023,valid,0,0.00071049866,0,0,0,0.5,0.5242080092430115,0.5242080092430115,안정
KOSPI,34220,엘지디스플레이(주),2022,2023,large,manufacturing,2023,valid,0,0.010060225,0,0,0,0.5,0.5242080092430115,0.5242080092430115,안정
KOSPI,34300,신세계건설(주),2022,2023,large,construction,2023,valid,0,0.073701136,0,0,0,0.5,0.5242080092430115,0.5242080092430115,안정
KOSPI,34730,에스케이(주),2022,2023,large,it_services,2023,valid,0,0.004442713,0,0,0,0.5,0.5242080092430115,0.5242080092430115,안정
KOSPI,35000,(주)에이치에스애드,2022,2023,large,it_services,2023,valid,0,0.01712066,0,0,0,0.5,0.5242080092430115,0.5242080092430115,안정
KOSPI,35150,(주)백산,2022,2023,mid_sized,manufacturing,2023,valid,0,0.028394578,0,0,0,0.5,0.5242080092430115,0.5242080092430115,안정
KOSPI,36420,(주)콘텐트리중앙,2022,2023,mid_sized,it_services,2023,valid,0,0.0498782,0,0,0,0.5,0.5242080092430115,0.5242080092430115,안정
KOSPI,36460,한국가스공사(주),2022,2023,mid_sized,other,2023,valid,0,0.08888725,0,0,0,0.5,0.5242080092430115,0.5242080092430115,안정
KOSPI,37560,(주)엘지헬로비전,2022,2023,large,it_services,2023,valid,0,0.0012455045,0,0,0,0.5,0.5242080092430115,0.5242080092430115,안정
KOSPI,39130,(주)하나투어,2022,2023,mid_sized,it_services,2023,valid,0,0.38138616,0,0,0,0.5,0.5242080092430115,0.5242080092430115,관찰
KOSPI,42660,한화오션(주),2022,2023,large,manufacturing,2023,valid,0,0.95704013,1,1,1,0.5,0.5242080092430115,0.5242080092430115,고위험
KOSPI,42670,에이치디현대인프라코어(주),2022,2023,large,manufacturing,2023,valid,0,0.04153107,0,0,0,0.5,0.5242080092430115,0.5242080092430115,안정
KOSPI,44380,(주)주연테크,2022,2023,small_and_medium,manufacturing,2023,valid,0,0.8822301,1,1,1,0.5,0.5242080092430115,0.5242080092430115,고위험
KOSPI,47040,(주)대우건설,2022,2023,large,construction,2023,valid,0,0.018466447,0,0,0,0.5,0.5242080092430115,0.5242080092430115,안정
KOSPI,47400,유니온머티리얼(주),2022,2023,mid_sized,manufacturing,2023,valid,0,0.8565065,1,1,1,0.5,0.5242080092430115,0.5242080092430115,고위험
KOSPI,47810,한국항공우주산업(주),2022,2023,mid_sized,manufacturing,2023,valid,0,0.017955184,0,0,0,0.5,0.5242080092430115,0.5242080092430115,안정
KOSPI,49770,(주)동원에프앤비,2022,2023,mid_sized,manufacturing,2023,valid,0,0.0042563146,0,0,0,0.5,0.5242080092430115,0.5242080092430115,안정
KOSPI,51600,한전케이피에스(주),2022,2023,mid_sized,construction,2023,valid,0,0.0010191585,0,0,0,0.5,0.5242080092430115,0.5242080092430115,안정
KOSPI,51910,(주)엘지화학,2022,2023,large,manufacturing,2023,valid,0,0.0041820174,0,0,0,0.5,0.5242080092430115,0.5242080092430115,안정
KOSPI,53210,(주)케이티스카이라이프,2022,2023,large,it_services,2023,valid,0,0.0004395954,0,0,0,0.5,0.5242080092430115,0.5242080092430115,안정
KOSPI,58730,다스코(주),2022,2023,mid_sized,manufacturing,2023,valid,0,0.46608567,0,0,0,0.5,0.5242080092430115,0.5242080092430115,관찰
KOSPI,60980,에이치엘홀딩스(주),2022,2023,mid_sized,it_services,2023,valid,0,0.007528342,0,0,0,0.5,0.5242080092430115,0.5242080092430115,안정
KOSPI,64350,현대로템(주),2022,2023,large,manufacturing,2023,valid,0,0.010875617,0,0,0,0.5,0.5242080092430115,0.5242080092430115,안정
KOSPI,66570,엘지전자(주),2022,2023,large,manufacturing,2023,valid,0,0.0010634242,0,0,0,0.5,0.5242080092430115,0.5242080092430115,안정
KOSPI,69260,티케이지휴켐스(주),2022,2023,mid_sized,manufacturing,2023,valid,0,0.61495674,1,1,1,0.5,0.5242080092430115,0.5242080092430115,관찰
KOSPI,69620,(주)대웅제약,2022,2023,mid_sized,manufacturing,2023,valid,0,0.013105215,0,0,0,0.5,0.5242080092430115,0.5242080092430115,안정
KOSPI,69960,(주)현대백화점,2022,2023,large,wholesale_retail,2023,valid,0,0.0058644125,0,0,0,0.5,0.5242080092430115,0.5242080092430115,안정
KOSPI,70960,모나용평(주),2022,2023,mid_sized,it_services,2023,valid,0,0.21251099,0,0,0,0.5,0.5242080092430115,0.5242080092430115,안정
KOSPI,71320,한국지역난방공사,2022,2023,mid_sized,other,2023,valid,0,0.033633757,0,0,0,0.5,0.5242080092430115,0.5242080092430115,안정
KOSPI,71840,롯데하이마트(주),2022,2023,large,wholesale_retail,2023,valid,0,0.07515192,0,0,0,0.5,0.5242080092430115,0.5242080092430115,안정
KOSPI,71970,에이치디현대마린엔진(주),2022,2023,mid_sized,manufacturing,2023,valid,1,0.86807173,1,1,1,0.5,0.5242080092430115,0.5242080092430115,고위험
KOSPI,78930,(주)지에스,2022,2023,large,it_services,2023,valid,0,0.015651522,0,0,0,0.5,0.5242080092430115,0.5242080092430115,안정
KOSPI,79160,씨제이씨지브이(주),2022,2023,large,it_services,2023,valid,0,0.025589684,0,0,0,0.5,0.5242080092430115,0.5242080092430115,안정
KOSPI,79550,엘아이지넥스원(주),2022,2023,mid_sized,manufacturing,2023,valid,0,0.010380244,0,0,0,0.5,0.5242080092430115,0.5242080092430115,안정
KOSPI,79980,(주)휴비스,2022,2023,mid_sized,manufacturing,2023,valid,0,0.051708933,0,0,0,0.5,0.5242080092430115,0.5242080092430115,안정
KOSPI,81660,(주)미스토홀딩스,2022,2023,mid_sized,wholesale_retail,2023,valid,0,0.011465645,0,0,0,0.5,0.5242080092430115,0.5242080092430115,안정
KOSPI,84690,대상홀딩스(주),2022,2023,mid_sized,it_services,2023,valid,0,0.020825386,0,0,0,0.5,0.5242080092430115,0.5242080092430115,안정
KOSPI,86280,현대글로비스(주),2022,2023,large,transport_storage,2023,valid,0,0.0023912066,0,0,0,0.5,0.5242080092430115,0.5242080092430115,안정
KOSPI,89470,에이치디씨현대이피(주),2022,2023,large,manufacturing,2023,valid,0,0.03734818,0,0,0,0.5,0.5242080092430115,0.5242080092430115,안정
KOSPI,89860,롯데렌탈(주),2022,2023,large,it_services,2023,valid,0,0.002384279,0,0,0,0.5,0.5242080092430115,0.5242080092430115,안정
KOSPI,92780,디와이피(주),2022,2023,mid_sized,manufacturing,2023,valid,1,0.56332546,1,1,1,0.5,0.5242080092430115,0.5242080092430115,관찰
KOSPI,93050,(주)엘에프,2022,2023,mid_sized,manufacturing,2023,valid,0,0.015488,0,0,0,0.5,0.5242080092430115,0.5242080092430115,안정
KOSPI,93370,(주)후성,2022,2023,mid_sized,manufacturing,2023,valid,0,0.043902516,0,0,0,0.5,0.5242080092430115,0.5242080092430115,안정
KOSPI,94280,효성아이티엑스(주),2022,2023,large,it_services,2023,valid,0,0.028162695,0,0,0,0.5,0.5242080092430115,0.5242080092430115,안정
KOSPI,95570,에이제이네트웍스(주),2022,2023,mid_sized,it_services,2023,valid,0,0.0060411682,0,0,0,0.5,0.5242080092430115,0.5242080092430115,안정
KOSPI,96770,에스케이이노베이션(주),2022,2023,large,manufacturing,2023,valid,0,0.037414543,0,0,0,0.5,0.5242080092430115,0.5242080092430115,안정
KOSPI,97950,씨제이제일제당(주),2022,2023,large,manufacturing,2023,valid,0,0.0071573514,0,0,0,0.5,0.5242080092430115,0.5242080092430115,안정
KOSPI,101530,해태제과식품(주),2022,2023,mid_sized,manufacturing,2023,valid,0,0.1540202,0,0,0,0.5,0.5242080092430115,0.5242080092430115,안정
KOSPI,102280,(주)쌍방울,2022,2023,small_and_medium,manufacturing,2023,valid,1,0.9816404,1,1,1,0.5,0.5242080092430115,0.5242080092430115,고위험
KOSPI,103140,(주)풍산,2022,2023,mid_sized,manufacturing,2023,valid,0,0.009773008,0,0,0,0.5,0.5242080092430115,0.5242080092430115,안정
KOSPI,104700,한국철강(주),2022,2023,mid_sized,manufacturing,2023,valid,0,0.33925337,0,0,0,0.5,0.5242080092430115,0.5242080092430115,안정
KOSPI,105630,한세실업(주),2022,2023,mid_sized,manufacturing,2023,valid,0,0.016894689,0,0,0,0.5,0.5242080092430115,0.5242080092430115,안정
KOSPI,105840,(주)우진,2022,2023,mid_sized,manufacturing,2023,valid,0,0.017159667,0,0,0,0.5,0.5242080092430115,0.5242080092430115,안정
KOSPI,108670,(주)엘엑스하우시스,2022,2023,large,manufacturing,2023,valid,0,0.0075152353,0,0,0,0.5,0.5242080092430115,0.5242080092430115,안정
KOSPI,117580,대성에너지(주),2022,2023,mid_sized,other,2023,valid,0,0.03904727,0,0,0,0.5,0.5242080092430115,0.5242080092430115,안정
KOSPI,120110,코오롱인더스트리(주),2022,2023,large,manufacturing,2023,valid,0,0.010067869,0,0,0,0.5,0.5242080092430115,0.5242080092430115,안정
KOSPI,126720,(주)수산인더스트리,2022,2023,mid_sized,construction,2023,valid,0,0.009443045,0,0,0,0.5,0.5242080092430115,0.5242080092430115,안정
KOSPI,128940,한미약품(주),2022,2023,mid_sized,manufacturing,2023,valid,0,0.0063685114,0,0,0,0.5,0.5242080092430115,0.5242080092430115,안정
KOSPI,136490,(주)선진,2022,2023,large,manufacturing,2023,valid,0,0.014763828,0,0,0,0.5,0.5242080092430115,0.5242080092430115,안정
KOSPI,138490,코오롱이앤피(주),2022,2023,large,manufacturing,2023,valid,0,0.0076797474,0,0,0,0.5,0.5242080092430115,0.5242080092430115,안정
KOSPI,139480,(주)이마트,2022,2023,large,wholesale_retail,2023,valid,0,0.0031769702,0,0,0,0.5,0.5242080092430115,0.5242080092430115,안정
KOSPI,139990,아주스틸(주),2022,2023,mid_sized,manufacturing,2023,valid,1,0.77299225,1,1,1,0.5,0.5242080092430115,0.5242080092430115,고위험
KOSPI,145990,(주)삼양사,2022,2023,mid_sized,manufacturing,2023,valid,0,0.008675502,0,0,0,0.5,0.5242080092430115,0.5242080092430115,안정
KOSPI,161390,한국타이어앤테크놀로지(주),2022,2023,large,manufacturing,2023,valid,0,0.0021084254,0,0,0,0.5,0.5242080092430115,0.5242080092430115,안정
KOSPI,161890,한국콜마(주),2022,2023,mid_sized,manufacturing,2023,valid,0,0.0026835469,0,0,0,0.5,0.5242080092430115,0.5242080092430115,안정
KOSPI,163560,동일고무벨트(주),2022,2023,mid_sized,manufacturing,2023,valid,1,0.48968878,0,0,0,0.5,0.5242080092430115,0.5242080092430115,관찰
KOSPI,170900,동아에스티(주),2022,2023,mid_sized,manufacturing,2023,valid,0,0.002879458,0,0,0,0.5,0.5242080092430115,0.5242080092430115,안정
KOSPI,180640,(주)한진칼,2022,2023,large,it_services,2023,valid,0,0.010586235,0,0,0,0.5,0.5242080092430115,0.5242080092430115,안정
KOSPI,185750,(주)종근당,2022,2023,mid_sized,manufacturing,2023,valid,0,0.0054590595,0,0,0,0.5,0.5242080092430115,0.5242080092430115,안정
KOSPI,192080,(주)더블유게임즈,2022,2023,mid_sized,it_services,2023,valid,0,0.008068412,0,0,0,0.5,0.5242080092430115,0.5242080092430115,안정
KOSPI,204320,에이치엘만도(주),2022,2023,mid_sized,manufacturing,2023,valid,0,0.0077211233,0,0,0,0.5,0.5242080092430115,0.5242080092430115,안정
KOSPI,213500,한솔제지(주),2022,2023,mid_sized,manufacturing,2023,valid,0,0.06675251,0,0,0,0.5,0.5242080092430115,0.5242080092430115,안정
KOSPI,214320,(주)이노션,2022,2023,large,it_services,2023,valid,0,0.00042972204,0,0,0,0.5,0.5242080092430115,0.5242080092430115,안정
KOSPI,214330,(주)금호에이치티,2022,2023,mid_sized,manufacturing,2023,valid,1,0.651716,1,1,1,0.5,0.5242080092430115,0.5242080092430115,고위험
KOSPI,234080,제이더블유생명과학(주),2022,2023,mid_sized,manufacturing,2023,valid,0,0.22352855,0,0,0,0.5,0.5242080092430115,0.5242080092430115,안정
KOSPI,251270,넷마블(주),2022,2023,large,it_services,2023,valid,0,0.005733937,0,0,0,0.5,0.5242080092430115,0.5242080092430115,안정
KOSPI,267250,에이치디현대(주),2022,2023,large,it_services,2023,valid,0,0.0096212765,0,0,0,0.5,0.5242080092430115,0.5242080092430115,안정
KOSPI,267260,에이치디현대일렉트릭(주),2022,2023,large,manufacturing,2023,valid,0,0.038613286,0,0,0,0.5,0.5242080092430115,0.5242080092430115,안정
KOSPI,267270,에이치디건설기계(주),2022,2023,large,manufacturing,2023,valid,0,0.0015398881,0,0,0,0.5,0.5242080092430115,0.5242080092430115,안정
KOSPI,267850,아시아나아이디티(주),2022,2023,large,it_services,2023,valid,0,0.09137171,0,0,0,0.5,0.5242080092430115,0.5242080092430115,안정
KOSPI,272210,한화시스템(주),2022,2023,large,manufacturing,2023,valid,0,0.0017941565,0,0,0,0.5,0.5242080092430115,0.5242080092430115,안정
KOSPI,272550,(주)삼양패키징,2022,2023,mid_sized,manufacturing,2023,valid,0,0.04021399,0,0,0,0.5,0.5242080092430115,0.5242080092430115,안정
KOSPI,280360,롯데웰푸드(주),2022,2023,large,manufacturing,2023,valid,0,0.002299129,0,0,0,0.5,0.5242080092430115,0.5242080092430115,안정
KOSPI,281820,(주)케이씨텍,2022,2023,mid_sized,manufacturing,2023,valid,0,0.33411425,0,0,0,0.5,0.5242080092430115,0.5242080092430115,안정
KOSPI,282330,(주)비지에프리테일,2022,2023,mid_sized,wholesale_retail,2023,valid,0,0.0036247394,0,0,0,0.5,0.5242080092430115,0.5242080092430115,안정
KOSPI,285130,에스케이케미칼(주),2022,2023,large,manufacturing,2023,valid,0,0.0061786235,0,0,0,0.5,0.5242080092430115,0.5242080092430115,안정
KOSPI,294870,에이치디씨현대산업개발(주),2022,2023,large,construction,2023,valid,0,0.036028665,0,0,0,0.5,0.5242080092430115,0.5242080092430115,안정
KOSPI,298000,효성화학(주),2022,2023,large,manufacturing,2023,valid,0,0.62166506,1,1,1,0.5,0.5242080092430115,0.5242080092430115,관찰
KOSPI,298040,효성중공업(주),2022,2023,large,manufacturing,2023,valid,0,0.014500636,0,0,0,0.5,0.5242080092430115,0.5242080092430115,안정
KOSPI,298050,에이치에스효성첨단소재(주),2022,2023,large,manufacturing,2023,valid,0,0.022166383,0,0,0,0.5,0.5242080092430115,0.5242080092430115,안정
KOSPI,300720,한일시멘트(주),2022,2023,mid_sized,manufacturing,2023,valid,0,0.0010682202,0,0,0,0.5,0.5242080092430115,0.5242080092430115,안정
KOSPI,306200,(주)세아제강,2022,2023,large,manufacturing,2023,valid,0,0.09920967,0,0,0,0.5,0.5242080092430115,0.5242080092430115,안정
KOSPI,307950,현대오토에버(주),2022,2023,large,it_services,2023,valid,0,0.00044996757,0,0,0,0.5,0.5242080092430115,0.5242080092430115,안정
KOSPI,308170,(주)씨티알모빌리티,2022,2023,mid_sized,manufacturing,2023,valid,1,0.88920116,1,1,1,0.5,0.5242080092430115,0.5242080092430115,고위험
KOSPI,317400,자이에스앤디(주),2022,2023,large,other,2023,valid,0,0.041111648,0,0,0,0.5,0.5242080092430115,0.5242080092430115,안정
KOSPI,329180,에이치디현대중공업(주),2022,2023,large,manufacturing,2023,valid,0,0.09626923,0,0,0,0.5,0.5242080092430115,0.5242080092430115,안정
KOSPI,336260,두산퓨얼셀(주),2022,2023,large,manufacturing,2023,valid,0,0.17778635,0,0,0,0.5,0.5242080092430115,0.5242080092430115,안정
KOSPI,339770,교촌에프앤비(주),2022,2023,mid_sized,wholesale_retail,2023,valid,0,0.07860846,0,0,0,0.5,0.5242080092430115,0.5242080092430115,안정
KOSPI,344820,(주)케이씨씨글라스,2022,2023,large,manufacturing,2023,valid,0,0.004980873,0,0,0,0.5,0.5242080092430115,0.5242080092430115,안정
KOSPI,372910,(주)한컴라이프케어,2022,2023,mid_sized,manufacturing,2023,valid,0,0.21681075,0,0,0,0.5,0.5242080092430115,0.5242080092430115,안정
KOSPI,373220,(주)엘지에너지솔루션,2022,2023,large,manufacturing,2023,valid,0,0.008002956,0,0,0,0.5,0.5242080092430115,0.5242080092430115,안정
KOSPI,375500,디엘이앤씨(주),2022,2023,large,construction,2023,valid,0,0.0067919386,0,0,0,0.5,0.5242080092430115,0.5242080092430115,안정
KOSPI,378850,(주)화승알앤에이,2022,2023,mid_sized,manufacturing,2023,valid,0,0.54784876,1,1,1,0.5,0.5242080092430115,0.5242080092430115,관찰
KOSDAQ,250,삼천당제약(주),2023,2024,mid_sized,manufacturing,2024,test,0,0.058153268,0,0,0,0.5,0.5242080092430115,0.5242080092430115,안정
KOSDAQ,2290,(주)삼일기업공사,2023,2024,small_and_medium,construction,2024,test,0,0.10196082,0,0,0,0.5,0.5242080092430115,0.5242080092430115,안정
KOSDAQ,3380,(주)하림지주,2023,2024,large,it_services,2024,test,0,0.024578448,0,0,0,0.5,0.5242080092430115,0.5242080092430115,안정
KOSDAQ,5160,동국산업(주),2023,2024,mid_sized,manufacturing,2024,test,0,0.13680966,0,0,0,0.5,0.5242080092430115,0.5242080092430115,안정
KOSDAQ,6140,(주)피제이전자,2023,2024,mid_sized,manufacturing,2024,test,0,0.35402805,0,0,0,0.5,0.5242080092430115,0.5242080092430115,관찰
KOSDAQ,7390,(주)네이처셀,2023,2024,small_and_medium,manufacturing,2024,test,1,0.9754397,1,1,1,0.5,0.5242080092430115,0.5242080092430115,고위험
KOSDAQ,7680,(주)대원,2023,2024,mid_sized,construction,2024,test,0,0.36972922,0,0,0,0.5,0.5242080092430115,0.5242080092430115,관찰
KOSDAQ,7770,한일화학공업(주),2023,2024,mid_sized,manufacturing,2024,test,0,0.42880073,0,0,0,0.5,0.5242080092430115,0.5242080092430115,관찰
KOSDAQ,7820,(주)에스엠코어,2023,2024,large,manufacturing,2024,test,0,0.27771062,0,0,0,0.5,0.5242080092430115,0.5242080092430115,안정
KOSDAQ,9520,(주)포스코엠텍,2023,2024,large,manufacturing,2024,test,0,0.08563909,0,0,0,0.5,0.5242080092430115,0.5242080092430115,안정
KOSDAQ,9620,삼보산업(주),2023,2024,mid_sized,manufacturing,2024,test,1,0.93066967,1,1,1,0.5,0.5242080092430115,0.5242080092430115,고위험
KOSDAQ,10170,대한광통신(주),2023,2024,mid_sized,manufacturing,2024,test,1,0.98849815,1,1,1,0.5,0.5242080092430115,0.5242080092430115,고위험
KOSDAQ,10240,(주)흥국,2023,2024,small_and_medium,manufacturing,2024,test,0,0.0132295545,0,0,0,0.5,0.5242080092430115,0.5242080092430115,안정
KOSDAQ,10280,(주)아이티센엔텍,2023,2024,mid_sized,it_services,2024,test,0,0.24349943,0,0,0,0.5,0.5242080092430115,0.5242080092430115,안정
KOSDAQ,10280,(주)아이티센엔텍,2024,2025,mid_sized,it_services,2025,test,0,0.25324264,0,0,0,0.5,0.5242080092430115,0.5242080092430115,안정
KOSDAQ,11040,경동제약(주),2023,2024,mid_sized,manufacturing,2024,test,0,0.1846248,0,0,0,0.5,0.5242080092430115,0.5242080092430115,안정
KOSDAQ,11080,(주)형지아이앤씨,2023,2024,small_and_medium,manufacturing,2024,test,1,0.8170244,1,1,1,0.5,0.5242080092430115,0.5242080092430115,고위험
KOSDAQ,11370,(주)서한,2023,2024,mid_sized,construction,2024,test,0,0.44052678,0,0,0,0.5,0.5242080092430115,0.5242080092430115,관찰
KOSDAQ,12340,(주)뉴인텍,2023,2024,small_and_medium,manufacturing,2024,test,1,0.9911431,1,1,1,0.5,0.5242080092430115,0.5242080092430115,고위험
KOSDAQ,12860,(주)모베이스전자,2023,2024,mid_sized,manufacturing,2024,test,1,0.74091345,1,1,1,0.5,0.5242080092430115,0.5242080092430115,고위험
KOSDAQ,13030,하이록코리아(주),2023,2024,mid_sized,manufacturing,2024,test,0,0.008127856,0,0,0,0.5,0.5242080092430115,0.5242080092430115,안정
KOSDAQ,13120,(주)동원개발,2023,2024,mid_sized,construction,2024,test,0,0.032612313,0,0,0,0.5,0.5242080092430115,0.5242080092430115,안정
KOSDAQ,13720,더큐브앤(주),2023,2024,small_and_medium,manufacturing,2024,test,1,0.98627883,1,1,1,0.5,0.5242080092430115,0.5242080092430115,고위험
KOSDAQ,13810,(주)스페코,2023,2024,small_and_medium,manufacturing,2024,test,1,0.87731636,1,1,1,0.5,0.5242080092430115,0.5242080092430115,고위험
KOSDAQ,14190,(주)원익큐브,2023,2024,mid_sized,wholesale_retail,2024,test,0,0.5068738,1,0,0,0.5,0.5242080092430115,0.5242080092430115,관찰
KOSDAQ,14200,(주)광림,2023,2024,mid_sized,manufacturing,2024,test,1,0.6137059,1,1,1,0.5,0.5242080092430115,0.5242080092430115,관찰
KOSDAQ,14970,삼륭물산(주),2023,2024,small_and_medium,manufacturing,2024,test,0,0.73037636,1,1,1,0.5,0.5242080092430115,0.5242080092430115,고위험
KOSDAQ,15710,(주)코콤,2023,2024,mid_sized,manufacturing,2024,test,0,0.5458887,1,1,1,0.5,0.5242080092430115,0.5242080092430115,관찰
KOSDAQ,16100,(주)리더스코스메틱,2023,2024,small_and_medium,manufacturing,2024,test,1,0.94149804,1,1,1,0.5,0.5242080092430115,0.5242080092430115,고위험
KOSDAQ,17000,신원종합개발(주),2023,2024,mid_sized,construction,2024,test,0,0.12500992,0,0,0,0.5,0.5242080092430115,0.5242080092430115,안정
KOSDAQ,17480,삼현철강(주),2023,2024,mid_sized,manufacturing,2024,test,0,0.3816469,0,0,0,0.5,0.5242080092430115,0.5242080092430115,관찰
KOSDAQ,17890,한국알콜산업(주),2023,2024,mid_sized,manufacturing,2024,test,0,0.009632993,0,0,0,0.5,0.5242080092430115,0.5242080092430115,안정
KOSDAQ,18000,유니슨(주),2023,2024,mid_sized,manufacturing,2024,test,1,0.98430496,1,1,1,0.5,0.5242080092430115,0.5242080092430115,고위험
KOSDAQ,18290,(주)브이티,2023,2024,small_and_medium,manufacturing,2024,test,0,0.13018811,0,0,0,0.5,0.5242080092430115,0.5242080092430115,안정
KOSDAQ,18310,삼목에스폼(주),2023,2024,mid_sized,manufacturing,2024,test,0,0.0021442214,0,0,0,0.5,0.5242080092430115,0.5242080092430115,안정
KOSDAQ,18700,(주)바른손,2023,2024,small_and_medium,wholesale_retail,2024,test,1,0.93816656,1,1,1,0.5,0.5242080092430115,0.5242080092430115,고위험
KOSDAQ,19210,(주)와이지-원,2023,2024,mid_sized,manufacturing,2024,test,0,0.13166538,0,0,0,0.5,0.5242080092430115,0.5242080092430115,안정
KOSDAQ,19540,(주)일지테크,2023,2024,mid_sized,manufacturing,2024,test,0,0.47565576,0,0,0,0.5,0.5242080092430115,0.5242080092430115,관찰
KOSDAQ,21320,(주)케이씨씨건설,2023,2024,large,construction,2024,test,0,0.07802594,0,0,0,0.5,0.5242080092430115,0.5242080092430115,안정
KOSDAQ,21650,(주)한국큐빅,2023,2024,mid_sized,manufacturing,2024,test,0,0.2582439,0,0,0,0.5,0.5242080092430115,0.5242080092430115,안정
KOSDAQ,23410,유진기업(주),2023,2024,mid_sized,manufacturing,2024,test,0,0.18645565,0,0,0,0.5,0.5242080092430115,0.5242080092430115,안정
KOSDAQ,24830,(주)세원물산,2023,2024,mid_sized,manufacturing,2024,test,1,0.37649384,0,0,0,0.5,0.5242080092430115,0.5242080092430115,관찰
KOSDAQ,24880,(주)케이피에프,2023,2024,mid_sized,manufacturing,2024,test,1,0.51132125,1,0,0,0.5,0.5242080092430115,0.5242080092430115,관찰
KOSDAQ,25440,(주)디에이치오토웨어,2023,2024,mid_sized,manufacturing,2024,test,1,0.9647173,1,1,1,0.5,0.5242080092430115,0.5242080092430115,고위험
KOSDAQ,25900,동화기업(주),2023,2024,mid_sized,manufacturing,2024,test,0,0.11014449,0,0,0,0.5,0.5242080092430115,0.5242080092430115,안정
KOSDAQ,25900,동화기업(주),2024,2025,mid_sized,manufacturing,2025,test,0,0.12227905,0,0,0,0.5,0.5242080092430115,0.5242080092430115,안정
KOSDAQ,27050,(주)코리아나화장품,2023,2024,small_and_medium,manufacturing,2024,test,0,0.7944194,1,1,1,0.5,0.5242080092430115,0.5242080092430115,고위험
KOSDAQ,27710,(주)팜스토리,2023,2024,mid_sized,manufacturing,2024,test,0,0.8158409,1,1,1,0.5,0.5242080092430115,0.5242080092430115,고위험
KOSDAQ,29960,(주)코엔텍,2023,2024,small_and_medium,other,2024,test,0,0.3524785,0,0,0,0.5,0.5242080092430115,0.5242080092430115,관찰
KOSDAQ,30530,(주)원익홀딩스,2023,2024,mid_sized,manufacturing,2024,test,0,0.02736146,0,0,0,0.5,0.5242080092430115,0.5242080092430115,안정
KOSDAQ,31310,(주)아이즈비전,2023,2024,mid_sized,it_services,2024,test,1,0.36084828,0,0,0,0.5,0.5242080092430115,0.5242080092430115,관찰
KOSDAQ,32620,(주)유비케어,2023,2024,mid_sized,it_services,2024,test,0,0.071012445,0,0,0,0.5,0.5242080092430115,0.5242080092430115,안정
KOSDAQ,32680,(주)소프트센,2023,2024,small_and_medium,it_services,2024,test,1,0.87282574,1,1,1,0.5,0.5242080092430115,0.5242080092430115,고위험
KOSDAQ,32790,(주)엠젠솔루션,2023,2024,small_and_medium,wholesale_retail,2024,test,1,0.9728256,1,1,1,0.5,0.5242080092430115,0.5242080092430115,고위험
KOSDAQ,32940,(주)원익,2023,2024,mid_sized,wholesale_retail,2024,test,1,0.67364264,1,1,1,0.5,0.5242080092430115,0.5242080092430115,고위험
KOSDAQ,33050,제이엠아이(주),2023,2024,small_and_medium,manufacturing,2024,test,0,0.4620739,0,0,0,0.5,0.5242080092430115,0.5242080092430115,관찰
KOSDAQ,33100,제룡전기(주),2023,2024,small_and_medium,manufacturing,2024,test,0,0.48176843,0,0,0,0.5,0.5242080092430115,0.5242080092430115,관찰
KOSDAQ,33130,(주)디지틀조선일보,2023,2024,small_and_medium,it_services,2024,test,0,0.051685754,0,0,0,0.5,0.5242080092430115,0.5242080092430115,안정
KOSDAQ,33160,엠케이전자(주),2023,2024,mid_sized,manufacturing,2024,test,1,0.642863,1,1,1,0.5,0.5242080092430115,0.5242080092430115,관찰
KOSDAQ,33320,제이씨현시스템(주),2023,2024,mid_sized,wholesale_retail,2024,test,0,0.2620502,0,0,0,0.5,0.5242080092430115,0.5242080092430115,안정
KOSDAQ,33500,(주)동성화인텍,2023,2024,mid_sized,manufacturing,2024,test,0,0.04682318,0,0,0,0.5,0.5242080092430115,0.5242080092430115,안정
KOSDAQ,33540,(주)파라텍,2023,2024,mid_sized,manufacturing,2024,test,0,0.8574917,1,1,1,0.5,0.5242080092430115,0.5242080092430115,고위험
KOSDAQ,33640,(주)네패스,2023,2024,mid_sized,manufacturing,2024,test,0,0.40720505,0,0,0,0.5,0.5242080092430115,0.5242080092430115,관찰
KOSDAQ,35760,(주)씨제이이엔엠,2023,2024,large,it_services,2024,test,0,0.0039047995,0,0,0,0.5,0.5242080092430115,0.5242080092430115,안정
KOSDAQ,35890,(주)서희건설,2023,2024,mid_sized,construction,2024,test,0,0.014013723,0,0,0,0.5,0.5242080092430115,0.5242080092430115,안정
KOSDAQ,36000,(주)예림당,2023,2024,mid_sized,it_services,2024,test,0,0.73274225,1,1,1,0.5,0.5242080092430115,0.5242080092430115,고위험
KOSDAQ,36010,아비코전자(주),2023,2024,mid_sized,manufacturing,2024,test,1,0.35882673,0,0,0,0.5,0.5242080092430115,0.5242080092430115,관찰
KOSDAQ,36090,(주)위지트,2023,2024,small_and_medium,manufacturing,2024,test,0,0.8150733,1,1,1,0.5,0.5242080092430115,0.5242080092430115,고위험
KOSDAQ,36170,(주)에이치엠넥스,2023,2024,small_and_medium,manufacturing,2024,test,1,0.73100024,1,1,1,0.5,0.5242080092430115,0.5242080092430115,고위험
KOSDAQ,36190,(주)금화피에스시,2023,2024,mid_sized,construction,2024,test,0,0.0032596134,0,0,0,0.5,0.5242080092430115,0.5242080092430115,안정
KOSDAQ,36200,유니셈(주),2023,2024,mid_sized,manufacturing,2024,test,0,0.01699294,0,0,0,0.5,0.5242080092430115,0.5242080092430115,안정
KOSDAQ,36480,(주)대성미생물연구소,2023,2024,small_and_medium,manufacturing,2024,test,0,0.49426055,0,0,0,0.5,0.5242080092430115,0.5242080092430115,관찰
KOSDAQ,36540,(주)에스에프에이반도체,2023,2024,mid_sized,manufacturing,2024,test,0,0.06364166,0,0,0,0.5,0.5242080092430115,0.5242080092430115,안정
KOSDAQ,36930,주성엔지니어링(주),2023,2024,mid_sized,manufacturing,2024,test,0,0.061039124,0,0,0,0.5,0.5242080092430115,0.5242080092430115,안정
KOSDAQ,37030,(주)파워넷,2023,2024,mid_sized,manufacturing,2024,test,0,0.4100065,0,0,0,0.5,0.5242080092430115,0.5242080092430115,관찰
KOSDAQ,37070,(주)파세코,2023,2024,mid_sized,manufacturing,2024,test,0,0.35720593,0,0,0,0.5,0.5242080092430115,0.5242080092430115,관찰
KOSDAQ,38070,(주)서린바이오사이언스,2023,2024,small_and_medium,wholesale_retail,2024,test,0,0.66967124,1,1,1,0.5,0.5242080092430115,0.5242080092430115,고위험
KOSDAQ,38110,에코플라스틱(주),2023,2024,small_and_medium,manufacturing,2024,test,0,0.20059368,0,0,0,0.5,0.5242080092430115,0.5242080092430115,안정
KOSDAQ,38290,(주)마크로젠,2023,2024,mid_sized,it_services,2024,test,1,0.49809214,0,0,0,0.5,0.5242080092430115,0.5242080092430115,관찰
KOSDAQ,38540,(주)상상인,2023,2024,mid_sized,it_services,2024,test,0,0.35206372,0,0,0,0.5,0.5242080092430115,0.5242080092430115,관찰
KOSDAQ,38680,에스넷시스템(주),2023,2024,mid_sized,it_services,2024,test,1,0.29265463,0,0,0,0.5,0.5242080092430115,0.5242080092430115,안정
KOSDAQ,39010,현대에이치티(주),2023,2024,mid_sized,manufacturing,2024,test,0,0.35720593,0,0,0,0.5,0.5242080092430115,0.5242080092430115,관찰
KOSDAQ,39290,인포뱅크(주),2023,2024,mid_sized,it_services,2024,test,0,0.23299727,0,0,0,0.5,0.5242080092430115,0.5242080092430115,안정
KOSDAQ,39310,(주)세중,2023,2024,mid_sized,it_services,2024,test,1,0.5263168,1,1,1,0.5,0.5242080092430115,0.5242080092430115,관찰
KOSDAQ,39420,(주)케이엘넷,2023,2024,small_and_medium,it_services,2024,test,0,0.054033898,0,0,0,0.5,0.5242080092430115,0.5242080092430115,안정
KOSDAQ,40160,(주)누리플렉스,2023,2024,mid_sized,it_services,2024,test,1,0.6387385,1,1,1,0.5,0.5242080092430115,0.5242080092430115,관찰
KOSDAQ,40910,(주)아이씨디,2023,2024,mid_sized,manufacturing,2024,test,1,0.5961914,1,1,1,0.5,0.5242080092430115,0.5242080092430115,관찰
KOSDAQ,41830,(주)인바디,2023,2024,small_and_medium,manufacturing,2024,test,0,0.008286232,0,0,0,0.5,0.5242080092430115,0.5242080092430115,안정
KOSDAQ,42000,카페24(주),2023,2024,mid_sized,it_services,2024,test,0,0.037219968,0,0,0,0.5,0.5242080092430115,0.5242080092430115,안정
KOSDAQ,42420,(주)네오위즈홀딩스,2023,2024,mid_sized,it_services,2024,test,0,0.071299,0,0,0,0.5,0.5242080092430115,0.5242080092430115,안정
KOSDAQ,42510,라온시큐어(주),2023,2024,small_and_medium,it_services,2024,test,1,0.57747895,1,1,1,0.5,0.5242080092430115,0.5242080092430115,관찰
KOSDAQ,43220,(주)티에스넥스젠,2023,2024,small_and_medium,manufacturing,2024,test,1,0.9890805,1,1,1,0.5,0.5242080092430115,0.5242080092430115,고위험
KOSDAQ,43910,(주)자연과환경,2023,2024,small_and_medium,manufacturing,2024,test,0,0.84717876,1,1,1,0.5,0.5242080092430115,0.5242080092430115,고위험
KOSDAQ,44180,케이디(주),2023,2024,small_and_medium,construction,2024,test,1,0.95674837,1,1,1,0.5,0.5242080092430115,0.5242080092430115,고위험
KOSDAQ,44340,(주)위닉스,2023,2024,mid_sized,manufacturing,2024,test,1,0.14868227,0,0,0,0.5,0.5242080092430115,0.5242080092430115,안정
KOSDAQ,45060,(주)오공,2023,2024,mid_sized,manufacturing,2024,test,0,0.014184122,0,0,0,0.5,0.5242080092430115,0.5242080092430115,안정
KOSDAQ,45300,성우테크론(주),2023,2024,small_and_medium,manufacturing,2024,test,0,0.43728018,0,0,0,0.5,0.5242080092430115,0.5242080092430115,관찰
KOSDAQ,46120,(주)오르비텍,2023,2024,small_and_medium,it_services,2024,test,0,0.85740143,1,1,1,0.5,0.5242080092430115,0.5242080092430115,고위험
KOSDAQ,46940,우원개발(주),2023,2024,mid_sized,construction,2024,test,0,0.18830343,0,0,0,0.5,0.5242080092430115,0.5242080092430115,안정
KOSDAQ,46970,(주)우리로,2023,2024,small_and_medium,wholesale_retail,2024,test,1,0.9821831,1,1,1,0.5,0.5242080092430115,0.5242080092430115,고위험
KOSDAQ,48430,(주)유라테크,2023,2024,mid_sized,manufacturing,2024,test,0,0.01959869,0,0,0,0.5,0.5242080092430115,0.5242080092430115,안정
KOSDAQ,48550,(주)에스엠컬처앤콘텐츠,2023,2024,large,it_services,2024,test,0,0.2983726,0,0,0,0.5,0.5242080092430115,0.5242080092430115,안정
KOSDAQ,48830,(주)엔피케이,2023,2024,small_and_medium,manufacturing,2024,test,0,0.17583308,0,0,0,0.5,0.5242080092430115,0.5242080092430115,안정
KOSDAQ,49480,(주)오픈베이스,2023,2024,mid_sized,it_services,2024,test,0,0.20715116,0,0,0,0.5,0.5242080092430115,0.5242080092430115,안정
KOSDAQ,50760,(주)에스폴리텍,2023,2024,mid_sized,manufacturing,2024,test,1,0.8534343,1,1,1,0.5,0.5242080092430115,0.5242080092430115,고위험
KOSDAQ,51490,나라엠앤디(주),2023,2024,mid_sized,manufacturing,2024,test,1,0.40587157,0,0,0,0.5,0.5242080092430115,0.5242080092430115,관찰
KOSDAQ,51500,씨제이프레시웨이(주),2023,2024,large,wholesale_retail,2024,test,0,0.0017989846,0,0,0,0.5,0.5242080092430115,0.5242080092430115,안정
KOSDAQ,52900,(주)케이엑스하이텍,2023,2024,small_and_medium,manufacturing,2024,test,0,0.8950489,1,1,1,0.5,0.5242080092430115,0.5242080092430115,고위험
KOSDAQ,53060,(주)세동,2023,2024,mid_sized,manufacturing,2024,test,1,0.7923877,1,1,1,0.5,0.5242080092430115,0.5242080092430115,고위험
KOSDAQ,53080,케이엔솔(주),2023,2024,mid_sized,manufacturing,2024,test,0,0.41815153,0,0,0,0.5,0.5242080092430115,0.5242080092430115,관찰
KOSDAQ,53260,금강철강(주),2023,2024,mid_sized,manufacturing,2024,test,0,0.05604316,0,0,0,0.5,0.5242080092430115,0.5242080092430115,안정
KOSDAQ,53580,웹케시(주),2023,2024,mid_sized,it_services,2024,test,0,0.7008508,1,1,1,0.5,0.5242080092430115,0.5242080092430115,고위험
KOSDAQ,53700,삼보모터스(주),2023,2024,mid_sized,manufacturing,2024,test,1,0.14992662,0,0,0,0.5,0.5242080092430115,0.5242080092430115,안정
KOSDAQ,54090,(주)삼진엘앤디,2023,2024,small_and_medium,manufacturing,2024,test,1,0.9855913,1,1,1,0.5,0.5242080092430115,0.5242080092430115,고위험
KOSDAQ,54540,삼영엠텍(주),2023,2024,small_and_medium,manufacturing,2024,test,0,0.693657,1,1,1,0.5,0.5242080092430115,0.5242080092430115,고위험
KOSDAQ,54930,(주)유신,2023,2024,mid_sized,it_services,2024,test,0,0.44068,0,0,0,0.5,0.5242080092430115,0.5242080092430115,관찰
KOSDAQ,54940,(주)엑사이엔씨,2023,2024,mid_sized,construction,2024,test,1,0.73246646,1,1,1,0.5,0.5242080092430115,0.5242080092430115,고위험
KOSDAQ,56190,(주)에스에프에이,2023,2024,mid_sized,manufacturing,2024,test,0,0.012777562,0,0,0,0.5,0.5242080092430115,0.5242080092430115,안정
KOSDAQ,58400,(주)케이엔엔,2023,2024,mid_sized,it_services,2024,test,0,0.0104405675,0,0,0,0.5,0.5242080092430115,0.5242080092430115,안정
KOSDAQ,59120,(주)아진엑스텍,2023,2024,small_and_medium,manufacturing,2024,test,0,0.5216908,1,0,0,0.5,0.5242080092430115,0.5242080092430115,관찰
KOSDAQ,60150,인선이엔티(주),2023,2024,mid_sized,other,2024,test,0,0.20718752,0,0,0,0.5,0.5242080092430115,0.5242080092430115,안정
KOSDAQ,60250,엔에이치엔케이씨피(주),2023,2024,other,other,2024,test,0,0.029796442,0,0,0,0.5,0.5242080092430115,0.5242080092430115,안정
KOSDAQ,61040,(주)알에프텍,2023,2024,mid_sized,manufacturing,2024,test,1,0.7784925,1,1,1,0.5,0.5242080092430115,0.5242080092430115,고위험
KOSDAQ,62970,(주)한국첨단소재,2023,2024,small_and_medium,manufacturing,2024,test,1,0.75096625,1,1,1,0.5,0.5242080092430115,0.5242080092430115,고위험
KOSDAQ,63080,(주)컴투스홀딩스,2023,2024,mid_sized,it_services,2024,test,0,0.5558265,1,1,1,0.5,0.5242080092430115,0.5242080092430115,관찰
KOSDAQ,64480,(주)브리지텍,2023,2024,small_and_medium,it_services,2024,test,0,0.4733785,0,0,0,0.5,0.5242080092430115,0.5242080092430115,관찰
KOSDAQ,65370,(주)위세아이텍,2023,2024,small_and_medium,it_services,2024,test,0,0.73501134,1,1,1,0.5,0.5242080092430115,0.5242080092430115,고위험
KOSDAQ,67280,(주)멀티캠퍼스,2023,2024,large,it_services,2024,test,0,0.0030845585,0,0,0,0.5,0.5242080092430115,0.5242080092430115,안정
KOSDAQ,67310,하나마이크론(주),2023,2024,mid_sized,manufacturing,2024,test,0,0.20704944,0,0,0,0.5,0.5242080092430115,0.5242080092430115,안정
KOSDAQ,67570,엔브이에이치코리아(주),2023,2024,mid_sized,manufacturing,2024,test,0,0.19543155,0,0,0,0.5,0.5242080092430115,0.5242080092430115,안정
KOSDAQ,67730,(주)로지시스,2023,2024,small_and_medium,it_services,2024,test,0,0.498832,0,0,0,0.5,0.5242080092430115,0.5242080092430115,관찰
KOSDAQ,68240,(주)다원시스,2023,2024,mid_sized,manufacturing,2024,test,0,0.85292137,1,1,1,0.5,0.5242080092430115,0.5242080092430115,고위험
KOSDAQ,68940,(주)셀피글로벌,2023,2024,small_and_medium,manufacturing,2024,test,1,0.9302874,1,1,1,0.5,0.5242080092430115,0.5242080092430115,고위험
KOSDAQ,69140,(주)누리플랜,2023,2024,small_and_medium,manufacturing,2024,test,1,0.9879291,1,1,1,0.5,0.5242080092430115,0.5242080092430115,고위험
KOSDAQ,69510,에스텍(주),2023,2024,mid_sized,manufacturing,2024,test,0,0.031190367,0,0,0,0.5,0.5242080092430115,0.5242080092430115,안정
KOSDAQ,71200,(주)인피니트헬스케어,2023,2024,small_and_medium,it_services,2024,test,0,0.0735258,0,0,0,0.5,0.5242080092430115,0.5242080092430115,안정
KOSDAQ,72990,(주)에이치시티,2023,2024,small_and_medium,it_services,2024,test,0,0.5563393,1,1,1,0.5,0.5242080092430115,0.5242080092430115,관찰
KOSDAQ,73190,(주)듀오백,2023,2024,small_and_medium,manufacturing,2024,test,1,0.8170244,1,1,1,0.5,0.5242080092430115,0.5242080092430115,고위험
KOSDAQ,73560,우리손에프앤지농업회사법인(주),2023,2024,mid_sized,manufacturing,2024,test,0,0.14539687,0,0,0,0.5,0.5242080092430115,0.5242080092430115,안정
KOSDAQ,75130,(주)플랜티넷,2023,2024,small_and_medium,it_services,2024,test,0,0.1461789,0,0,0,0.5,0.5242080092430115,0.5242080092430115,안정
KOSDAQ,78140,대봉엘에스(주),2023,2024,small_and_medium,manufacturing,2024,test,0,0.30212665,0,0,0,0.5,0.5242080092430115,0.5242080092430115,안정
KOSDAQ,78150,(주)에이치비테크놀러지,2023,2024,mid_sized,manufacturing,2024,test,0,0.7554285,1,1,1,0.5,0.5242080092430115,0.5242080092430115,고위험
KOSDAQ,78340,(주)컴투스,2023,2024,mid_sized,it_services,2024,test,0,0.0055138166,0,0,0,0.5,0.5242080092430115,0.5242080092430115,안정
KOSDAQ,79190,(주)케스피온,2023,2024,small_and_medium,manufacturing,2024,test,1,0.9873389,1,1,1,0.5,0.5242080092430115,0.5242080092430115,고위험
KOSDAQ,79650,(주)서산,2023,2024,small_and_medium,manufacturing,2024,test,0,0.6338161,1,1,1,0.5,0.5242080092430115,0.5242080092430115,관찰
KOSDAQ,79810,(주)디이엔티,2023,2024,small_and_medium,manufacturing,2024,test,1,0.8715913,1,1,1,0.5,0.5242080092430115,0.5242080092430115,고위험
KOSDAQ,79940,(주)가비아,2023,2024,mid_sized,it_services,2024,test,0,0.005989575,0,0,0,0.5,0.5242080092430115,0.5242080092430115,안정
KOSDAQ,79950,인베니아(주),2023,2024,mid_sized,manufacturing,2024,test,1,0.99401325,1,1,1,0.5,0.5242080092430115,0.5242080092430115,고위험
KOSDAQ,79960,동양이엔피(주),2023,2024,mid_sized,manufacturing,2024,test,0,0.036540087,0,0,0,0.5,0.5242080092430115,0.5242080092430115,안정
KOSDAQ,80520,(주)오디텍,2023,2024,small_and_medium,manufacturing,2024,test,0,0.5165774,1,0,0,0.5,0.5242080092430115,0.5242080092430115,관찰
KOSDAQ,80530,(주)코디,2023,2024,small_and_medium,manufacturing,2024,test,1,0.9949384,1,1,1,0.5,0.5242080092430115,0.5242080092430115,고위험
KOSDAQ,83310,(주)엘오티베큠,2023,2024,mid_sized,manufacturing,2024,test,0,0.008377929,0,0,0,0.5,0.5242080092430115,0.5242080092430115,안정
KOSDAQ,83450,(주)글로벌스탠다드테크놀로지,2023,2024,mid_sized,manufacturing,2024,test,0,0.0038263388,0,0,0,0.5,0.5242080092430115,0.5242080092430115,안정
KOSDAQ,83930,(주)아바코,2023,2024,mid_sized,manufacturing,2024,test,0,0.04868522,0,0,0,0.5,0.5242080092430115,0.5242080092430115,안정
KOSDAQ,85670,(주)뉴프렉스,2023,2024,mid_sized,manufacturing,2024,test,0,0.83171594,1,1,1,0.5,0.5242080092430115,0.5242080092430115,고위험
KOSDAQ,86450,동국제약(주),2023,2024,mid_sized,manufacturing,2024,test,0,0.0062638894,0,0,0,0.5,0.5242080092430115,0.5242080092430115,안정
KOSDAQ,86520,(주)에코프로,2023,2024,large,it_services,2024,test,0,0.007563545,0,0,0,0.5,0.5242080092430115,0.5242080092430115,안정
KOSDAQ,86670,(주)비엠티,2023,2024,small_and_medium,manufacturing,2024,test,1,0.43742156,0,0,0,0.5,0.5242080092430115,0.5242080092430115,관찰
KOSDAQ,86710,선진뷰티사이언스(주),2023,2024,small_and_medium,manufacturing,2024,test,0,0.57160544,1,1,1,0.5,0.5242080092430115,0.5242080092430115,관찰
KOSDAQ,86890,(주)이수앱지스,2023,2024,mid_sized,manufacturing,2024,test,1,0.3880254,0,0,0,0.5,0.5242080092430115,0.5242080092430115,관찰
KOSDAQ,87600,(주)픽셀플러스,2023,2024,small_and_medium,manufacturing,2024,test,0,0.5216908,1,0,0,0.5,0.5242080092430115,0.5242080092430115,관찰
KOSDAQ,88290,이원컴포텍(주),2023,2024,small_and_medium,manufacturing,2024,test,1,0.51339597,1,0,0,0.5,0.5242080092430115,0.5242080092430115,관찰
KOSDAQ,88800,(주)에이스테크놀로지,2023,2024,mid_sized,manufacturing,2024,test,1,0.99060446,1,1,1,0.5,0.5242080092430115,0.5242080092430115,고위험
KOSDAQ,89150,(주)케이씨티,2023,2024,small_and_medium,it_services,2024,test,0,0.65590394,1,1,1,0.5,0.5242080092430115,0.5242080092430115,고위험
KOSDAQ,89970,브이엠(주),2023,2024,small_and_medium,manufacturing,2024,test,0,0.9655618,1,1,1,0.5,0.5242080092430115,0.5242080092430115,고위험
KOSDAQ,89980,(주)상아프론테크,2023,2024,mid_sized,manufacturing,2024,test,0,0.19355057,0,0,0,0.5,0.5242080092430115,0.5242080092430115,안정
KOSDAQ,90150,(주)아이윈,2023,2024,small_and_medium,manufacturing,2024,test,1,0.9925162,1,1,1,0.5,0.5242080092430115,0.5242080092430115,고위험
KOSDAQ,90360,(주)로보스타,2023,2024,large,manufacturing,2024,test,0,0.019477732,0,0,0,0.5,0.5242080092430115,0.5242080092430115,안정
KOSDAQ,90710,휴림로봇(주),2024,2025,small_and_medium,manufacturing,2025,test,1,0.9668598,1,1,1,0.5,0.5242080092430115,0.5242080092430115,고위험
KOSDAQ,91120,(주)이엠텍,2023,2024,mid_sized,manufacturing,2024,test,0,0.26869598,0,0,0,0.5,0.5242080092430115,0.5242080092430115,안정
KOSDAQ,91580,상신이디피(주),2023,2024,small_and_medium,manufacturing,2024,test,0,0.14245717,0,0,0,0.5,0.5242080092430115,0.5242080092430115,안정
KOSDAQ,91590,남화토건(주),2023,2024,mid_sized,construction,2024,test,0,0.28123966,0,0,0,0.5,0.5242080092430115,0.5242080092430115,안정
KOSDAQ,92730,(주)네오팜,2023,2024,mid_sized,manufacturing,2024,test,0,0.008247463,0,0,0,0.5,0.5242080092430115,0.5242080092430115,안정
KOSDAQ,92870,(주)엑시콘,2023,2024,mid_sized,manufacturing,2024,test,1,0.013992543,0,0,0,0.5,0.5242080092430115,0.5242080092430115,안정
KOSDAQ,94480,갤럭시아머니트리(주),2023,2024,large,it_services,2024,test,0,0.24426514,0,0,0,0.5,0.5242080092430115,0.5242080092430115,안정
KOSDAQ,94850,참좋은여행(주),2023,2024,mid_sized,it_services,2024,test,0,0.07641224,0,0,0,0.5,0.5242080092430115,0.5242080092430115,안정
KOSDAQ,94970,제이엠티(주),2023,2024,small_and_medium,manufacturing,2024,test,1,0.034546938,0,0,0,0.5,0.5242080092430115,0.5242080092430115,안정
KOSDAQ,95500,미래나노텍(주),2023,2024,mid_sized,manufacturing,2024,test,1,0.6906893,1,1,1,0.5,0.5242080092430115,0.5242080092430115,고위험
KOSDAQ,95610,(주)테스,2023,2024,mid_sized,manufacturing,2024,test,0,0.06468995,0,0,0,0.5,0.5242080092430115,0.5242080092430115,안정
KOSDAQ,95910,(주)에스에너지,2023,2024,mid_sized,manufacturing,2024,test,0,0.9280111,1,1,1,0.5,0.5242080092430115,0.5242080092430115,고위험
KOSDAQ,96350,(주)대창솔루션,2023,2024,small_and_medium,manufacturing,2024,test,1,0.9911839,1,1,1,0.5,0.5242080092430115,0.5242080092430115,고위험
KOSDAQ,96690,(주)에이루트,2023,2024,small_and_medium,manufacturing,2024,test,1,0.9010423,1,1,1,0.5,0.5242080092430115,0.5242080092430115,고위험
KOSDAQ,99320,(주)쎄트렉아이,2023,2024,small_and_medium,manufacturing,2024,test,0,0.34825397,0,0,0,0.5,0.5242080092430115,0.5242080092430115,안정
KOSDAQ,99520,(주)디지아이티엑스,2023,2024,small_and_medium,manufacturing,2024,test,1,0.9559368,1,1,1,0.5,0.5242080092430115,0.5242080092430115,고위험
KOSDAQ,100030,(주)인지소프트,2023,2024,small_and_medium,it_services,2024,test,0,0.020980744,0,0,0,0.5,0.5242080092430115,0.5242080092430115,안정
KOSDAQ,100120,(주)뷰웍스,2023,2024,mid_sized,manufacturing,2024,test,0,0.008818475,0,0,0,0.5,0.5242080092430115,0.5242080092430115,안정
KOSDAQ,100590,(주)머큐리,2023,2024,mid_sized,manufacturing,2024,test,0,0.3349936,0,0,0,0.5,0.5242080092430115,0.5242080092430115,안정
KOSDAQ,101490,(주)에스앤에스텍,2023,2024,small_and_medium,manufacturing,2024,test,0,0.008021618,0,0,0,0.5,0.5242080092430115,0.5242080092430115,안정
KOSDAQ,101670,(주)하이드로리튬,2023,2024,small_and_medium,manufacturing,2024,test,1,0.7607825,1,1,1,0.5,0.5242080092430115,0.5242080092430115,고위험
KOSDAQ,102710,(주)이엔에프테크놀로지,2023,2024,mid_sized,manufacturing,2024,test,0,0.023527484,0,0,0,0.5,0.5242080092430115,0.5242080092430115,안정
KOSDAQ,104540,(주)코렌텍,2023,2024,small_and_medium,manufacturing,2024,test,0,0.55031484,1,1,1,0.5,0.5242080092430115,0.5242080092430115,관찰
KOSDAQ,104620,(주)노랑풍선,2023,2024,small_and_medium,it_services,2024,test,0,0.72956204,1,1,1,0.5,0.5242080092430115,0.5242080092430115,고위험
KOSDAQ,104830,(주)원익머트리얼즈,2023,2024,mid_sized,manufacturing,2024,test,0,0.002210265,0,0,0,0.5,0.5242080092430115,0.5242080092430115,안정
KOSDAQ,108230,(주)톱텍,2023,2024,mid_sized,manufacturing,2024,test,0,0.10147511,0,0,0,0.5,0.5242080092430115,0.5242080092430115,안정
KOSDAQ,108380,대양전기공업(주),2023,2024,mid_sized,manufacturing,2024,test,0,0.06992958,0,0,0,0.5,0.5242080092430115,0.5242080092430115,안정
KOSDAQ,109670,씨싸이트(주),2023,2024,small_and_medium,manufacturing,2024,test,1,0.77931404,1,1,1,0.5,0.5242080092430115,0.5242080092430115,고위험
KOSDAQ,109670,씨싸이트(주),2024,2025,small_and_medium,manufacturing,2025,test,1,0.8158913,1,1,1,0.5,0.5242080092430115,0.5242080092430115,고위험
KOSDAQ,109740,(주)디에스케이,2023,2024,small_and_medium,manufacturing,2024,test,0,0.7636506,1,1,1,0.5,0.5242080092430115,0.5242080092430115,고위험
KOSDAQ,109860,동일금속(주),2023,2024,small_and_medium,manufacturing,2024,test,0,0.17772222,0,0,0,0.5,0.5242080092430115,0.5242080092430115,안정
KOSDAQ,110990,디아이티(주),2023,2024,small_and_medium,manufacturing,2024,test,0,0.074271806,0,0,0,0.5,0.5242080092430115,0.5242080092430115,안정
KOSDAQ,114840,(주)아이패밀리에스씨,2023,2024,small_and_medium,manufacturing,2024,test,0,0.08230605,0,0,0,0.5,0.5242080092430115,0.5242080092430115,안정
KOSDAQ,115160,(주)휴맥스,2023,2024,mid_sized,manufacturing,2024,test,1,0.75442505,1,1,1,0.5,0.5242080092430115,0.5242080092430115,고위험
KOSDAQ,115310,(주)인포바인,2023,2024,small_and_medium,it_services,2024,test,0,0.026005263,0,0,0,0.5,0.5242080092430115,0.5242080092430115,안정
KOSDAQ,115450,에이치엘비테라퓨틱스(주),2023,2024,small_and_medium,wholesale_retail,2024,test,1,0.92025584,1,1,1,0.5,0.5242080092430115,0.5242080092430115,고위험
KOSDAQ,119500,(주)포메탈,2023,2024,small_and_medium,manufacturing,2024,test,0,0.50633055,1,0,0,0.5,0.5242080092430115,0.5242080092430115,관찰
KOSDAQ,119830,아이텍(주),2023,2024,small_and_medium,it_services,2024,test,1,0.8041122,1,1,1,0.5,0.5242080092430115,0.5242080092430115,고위험
KOSDAQ,120240,대정화금(주),2023,2024,small_and_medium,manufacturing,2024,test,0,0.50633055,1,0,0,0.5,0.5242080092430115,0.5242080092430115,관찰
KOSDAQ,121600,(주)나노신소재,2023,2024,small_and_medium,manufacturing,2024,test,0,0.14844471,0,0,0,0.5,0.5242080092430115,0.5242080092430115,안정
KOSDAQ,122350,(주)삼기,2023,2024,mid_sized,manufacturing,2024,test,1,0.8361905,1,1,1,0.5,0.5242080092430115,0.5242080092430115,고위험
KOSDAQ,123330,(주)제닉,2023,2024,small_and_medium,manufacturing,2024,test,1,0.974295,1,1,1,0.5,0.5242080092430115,0.5242080092430115,고위험
KOSDAQ,123410,코리아에프티(주),2023,2024,mid_sized,manufacturing,2024,test,1,0.06286177,0,0,0,0.5,0.5242080092430115,0.5242080092430115,안정
KOSDAQ,123570,(주)이엠넷,2023,2024,small_and_medium,it_services,2024,test,0,0.020528963,0,0,0,0.5,0.5242080092430115,0.5242080092430115,안정
KOSDAQ,123840,(주)뉴온,2023,2024,small_and_medium,manufacturing,2024,test,1,0.9977387,1,1,1,0.5,0.5242080092430115,0.5242080092430115,고위험
KOSDAQ,124500,(주)아이티센글로벌,2023,2024,mid_sized,it_services,2024,test,0,0.07434526,0,0,0,0.5,0.5242080092430115,0.5242080092430115,안정
KOSDAQ,124560,(주)태웅로직스,2023,2024,mid_sized,transport_storage,2024,test,0,0.24103981,0,0,0,0.5,0.5242080092430115,0.5242080092430115,안정
KOSDAQ,124560,(주)태웅로직스,2024,2025,small_and_medium,transport_storage,2025,test,0,0.3291734,0,0,0,0.5,0.5242080092430115,0.5242080092430115,안정
KOSDAQ,126600,(주)비지에프에코머티리얼즈,2023,2024,mid_sized,manufacturing,2024,test,0,0.16581053,0,0,0,0.5,0.5242080092430115,0.5242080092430115,안정
KOSDAQ,126640,(주)화신정공,2023,2024,mid_sized,manufacturing,2024,test,0,0.38133323,0,0,0,0.5,0.5242080092430115,0.5242080092430115,관찰
KOSDAQ,129890,(주)앱코,2023,2024,small_and_medium,manufacturing,2024,test,1,0.90005964,1,1,1,0.5,0.5242080092430115,0.5242080092430115,고위험
KOSDAQ,130500,지에이치신소재(주),2023,2024,mid_sized,manufacturing,2024,test,1,0.70137054,1,1,1,0.5,0.5242080092430115,0.5242080092430115,고위험
KOSDAQ,131090,(주)시큐브,2023,2024,small_and_medium,it_services,2024,test,0,0.71627504,1,1,1,0.5,0.5242080092430115,0.5242080092430115,고위험
KOSDAQ,131290,(주)티에스이,2023,2024,mid_sized,manufacturing,2024,test,0,0.0677606,0,0,0,0.5,0.5242080092430115,0.5242080092430115,안정
KOSDAQ,131400,(주)이브이첨단소재,2023,2024,small_and_medium,manufacturing,2024,test,1,0.8756734,1,1,1,0.5,0.5242080092430115,0.5242080092430115,고위험
KOSDAQ,136540,(주)윈스테크넷,2023,2024,small_and_medium,it_services,2024,test,0,0.011464618,0,0,0,0.5,0.5242080092430115,0.5242080092430115,안정
KOSDAQ,137080,(주)나래나노텍,2023,2024,small_and_medium,manufacturing,2024,test,1,0.821116,1,1,1,0.5,0.5242080092430115,0.5242080092430115,고위험
KOSDAQ,138080,(주)오이솔루션,2023,2024,small_and_medium,manufacturing,2024,test,1,0.78968805,1,1,1,0.5,0.5242080092430115,0.5242080092430115,고위험
KOSDAQ,139050,(주)비에프랩스,2023,2024,small_and_medium,it_services,2024,test,1,0.79087436,1,1,1,0.5,0.5242080092430115,0.5242080092430115,고위험
KOSDAQ,140070,(주)서플러스글로벌,2023,2024,mid_sized,wholesale_retail,2024,test,1,0.3625213,0,0,0,0.5,0.5242080092430115,0.5242080092430115,관찰
KOSDAQ,140670,알에스오토메이션(주),2023,2024,small_and_medium,manufacturing,2024,test,0,0.8784616,1,1,1,0.5,0.5242080092430115,0.5242080092430115,고위험
KOSDAQ,142210,(주)유니트론텍,2023,2024,mid_sized,wholesale_retail,2024,test,0,0.43217054,0,0,0,0.5,0.5242080092430115,0.5242080092430115,관찰
KOSDAQ,146060,(주)율촌,2023,2024,small_and_medium,manufacturing,2024,test,1,0.94054586,1,1,1,0.5,0.5242080092430115,0.5242080092430115,고위험
KOSDAQ,146320,비씨엔씨(주),2023,2024,small_and_medium,manufacturing,2024,test,1,0.7580648,1,1,1,0.5,0.5242080092430115,0.5242080092430115,고위험
KOSDAQ,147830,제룡산업(주),2023,2024,small_and_medium,manufacturing,2024,test,0,0.5056385,1,0,0,0.5,0.5242080092430115,0.5242080092430115,관찰
KOSDAQ,149950,(주)아바텍,2023,2024,small_and_medium,manufacturing,2024,test,0,0.5056385,1,0,0,0.5,0.5242080092430115,0.5242080092430115,관찰
KOSDAQ,155650,와이엠씨(주),2023,2024,mid_sized,manufacturing,2024,test,0,0.010026313,0,0,0,0.5,0.5242080092430115,0.5242080092430115,안정
KOSDAQ,161580,(주)필옵틱스,2023,2024,mid_sized,manufacturing,2024,test,1,0.40794885,0,0,0,0.5,0.5242080092430115,0.5242080092430115,관찰
KOSDAQ,163730,(주)핑거,2023,2024,small_and_medium,it_services,2024,test,0,0.033387933,0,0,0,0.5,0.5242080092430115,0.5242080092430115,안정
KOSDAQ,166090,하나머티리얼즈(주),2023,2024,mid_sized,manufacturing,2024,test,0,0.013854961,0,0,0,0.5,0.5242080092430115,0.5242080092430115,안정
KOSDAQ,170030,(주)현대공업,2023,2024,mid_sized,manufacturing,2024,test,0,0.025074111,0,0,0,0.5,0.5242080092430115,0.5242080092430115,안정
KOSDAQ,171010,램테크놀러지(주),2023,2024,small_and_medium,manufacturing,2024,test,1,0.91034883,1,1,1,0.5,0.5242080092430115,0.5242080092430115,고위험
KOSDAQ,172670,(주)에이엘티,2023,2024,small_and_medium,manufacturing,2024,test,1,0.14549993,0,0,0,0.5,0.5242080092430115,0.5242080092430115,안정
KOSDAQ,174880,(주)장원테크,2023,2024,small_and_medium,manufacturing,2024,test,1,0.80920464,1,1,1,0.5,0.5242080092430115,0.5242080092430115,고위험
KOSDAQ,175140,(주)휴먼테크놀로지,2023,2024,small_and_medium,manufacturing,2024,test,1,0.9288926,1,1,1,0.5,0.5242080092430115,0.5242080092430115,고위험
KOSDAQ,179900,(주)유티아이,2023,2024,small_and_medium,manufacturing,2024,test,1,0.9919957,1,1,1,0.5,0.5242080092430115,0.5242080092430115,고위험
KOSDAQ,183490,(주)엔지켐생명과학,2023,2024,small_and_medium,manufacturing,2024,test,1,0.96423787,1,1,1,0.5,0.5242080092430115,0.5242080092430115,고위험
KOSDAQ,184230,에스지에이솔루션즈(주),2023,2024,small_and_medium,it_services,2024,test,1,0.83994037,1,1,1,0.5,0.5242080092430115,0.5242080092430115,고위험
KOSDAQ,186230,(주)그린플러스,2023,2024,small_and_medium,manufacturing,2024,test,1,0.88876325,1,1,1,0.5,0.5242080092430115,0.5242080092430115,고위험
KOSDAQ,187790,(주)나노,2023,2024,small_and_medium,manufacturing,2024,test,1,0.98800176,1,1,1,0.5,0.5242080092430115,0.5242080092430115,고위험
KOSDAQ,189300,(주)인텔리안테크놀로지스,2023,2024,small_and_medium,manufacturing,2024,test,0,0.11167024,0,0,0,0.5,0.5242080092430115,0.5242080092430115,안정
KOSDAQ,192410,(주)오늘이엔엠,2023,2024,small_and_medium,manufacturing,2024,test,1,0.9404866,1,1,1,0.5,0.5242080092430115,0.5242080092430115,고위험
KOSDAQ,194700,(주)노바렉스,2023,2024,mid_sized,manufacturing,2024,test,0,0.018792175,0,0,0,0.5,0.5242080092430115,0.5242080092430115,안정
KOSDAQ,195940,에이치케이이노엔(주),2023,2024,mid_sized,manufacturing,2024,test,0,0.7377884,1,1,1,0.5,0.5242080092430115,0.5242080092430115,고위험
KOSDAQ,196700,(주)웹스,2023,2024,small_and_medium,manufacturing,2024,test,0,0.9257749,1,1,1,0.5,0.5242080092430115,0.5242080092430115,고위험
KOSDAQ,197140,(주)디지캡,2023,2024,small_and_medium,it_services,2024,test,0,0.4500587,0,0,0,0.5,0.5242080092430115,0.5242080092430115,관찰
KOSDAQ,198440,(주)강동씨앤엘,2023,2024,small_and_medium,manufacturing,2024,test,1,0.5216908,1,0,0,0.5,0.5242080092430115,0.5242080092430115,관찰
KOSDAQ,200130,콜마비앤에이치(주),2023,2024,mid_sized,manufacturing,2024,test,0,0.084668696,0,0,0,0.5,0.5242080092430115,0.5242080092430115,안정
KOSDAQ,200350,(주)아티스트스튜디오,2023,2024,small_and_medium,it_services,2024,test,1,0.9311356,1,1,1,0.5,0.5242080092430115,0.5242080092430115,고위험
KOSDAQ,200710,(주)에이디테크놀로지,2023,2024,mid_sized,manufacturing,2024,test,1,0.78754276,1,1,1,0.5,0.5242080092430115,0.5242080092430115,고위험
KOSDAQ,203650,(주)드림시큐리티,2023,2024,small_and_medium,it_services,2024,test,0,0.09048376,0,0,0,0.5,0.5242080092430115,0.5242080092430115,안정
KOSDAQ,204020,(주)그리티,2023,2024,mid_sized,manufacturing,2024,test,0,0.02708359,0,0,0,0.5,0.5242080092430115,0.5242080092430115,안정
KOSDAQ,206560,(주)덱스터스튜디오,2023,2024,small_and_medium,it_services,2024,test,1,0.6280904,1,1,1,0.5,0.5242080092430115,0.5242080092430115,관찰
KOSDAQ,208350,(주)지란지교시큐리티,2023,2024,small_and_medium,it_services,2024,test,0,0.90379184,1,1,1,0.5,0.5242080092430115,0.5242080092430115,고위험
KOSDAQ,214180,(주)헥토이노베이션,2023,2024,small_and_medium,it_services,2024,test,0,0.004393396,0,0,0,0.5,0.5242080092430115,0.5242080092430115,안정
KOSDAQ,214260,(주)라파스,2023,2024,small_and_medium,manufacturing,2024,test,1,0.9893364,1,1,1,0.5,0.5242080092430115,0.5242080092430115,고위험
KOSDAQ,214270,(주)에프에스엔,2023,2024,mid_sized,it_services,2024,test,1,0.40273488,0,0,0,0.5,0.5242080092430115,0.5242080092430115,관찰
KOSDAQ,215090,(주)솔디펜스,2023,2024,small_and_medium,manufacturing,2024,test,1,0.5216908,1,0,0,0.5,0.5242080092430115,0.5242080092430115,관찰
KOSDAQ,215480,(주)토박스코리아,2023,2024,small_and_medium,wholesale_retail,2024,test,0,0.18927689,0,0,0,0.5,0.5242080092430115,0.5242080092430115,안정
KOSDAQ,217270,(주)넵튠,2023,2024,large,it_services,2024,test,0,0.07432719,0,0,0,0.5,0.5242080092430115,0.5242080092430115,안정
KOSDAQ,217480,(주)에스디생명공학,2023,2024,mid_sized,manufacturing,2024,test,1,0.9767776,1,1,1,0.5,0.5242080092430115,0.5242080092430115,고위험
KOSDAQ,217500,(주)러셀,2023,2024,small_and_medium,manufacturing,2024,test,0,0.29121417,0,0,0,0.5,0.5242080092430115,0.5242080092430115,안정
KOSDAQ,218150,(주)미래생명자원,2023,2024,small_and_medium,manufacturing,2024,test,0,0.58507216,1,1,1,0.5,0.5242080092430115,0.5242080092430115,관찰
KOSDAQ,219130,(주)타이거일렉,2023,2024,small_and_medium,manufacturing,2024,test,0,0.5216908,1,0,0,0.5,0.5242080092430115,0.5242080092430115,관찰
KOSDAQ,220100,(주)퓨쳐켐,2023,2024,small_and_medium,manufacturing,2024,test,1,0.9926466,1,1,1,0.5,0.5242080092430115,0.5242080092430115,고위험
KOSDAQ,220180,(주)핸디소프트,2023,2024,small_and_medium,it_services,2024,test,0,0.5340531,1,1,1,0.5,0.5242080092430115,0.5242080092430115,관찰
KOSDAQ,220260,(주)켐트로스,2023,2024,small_and_medium,manufacturing,2024,test,0,0.5216908,1,0,0,0.5,0.5242080092430115,0.5242080092430115,관찰
KOSDAQ,221840,하이즈항공(주),2023,2024,small_and_medium,manufacturing,2024,test,1,0.9345994,1,1,1,0.5,0.5242080092430115,0.5242080092430115,고위험
KOSDAQ,222080,씨아이에스(주),2023,2024,small_and_medium,manufacturing,2024,test,1,0.35902843,0,0,0,0.5,0.5242080092430115,0.5242080092430115,관찰
KOSDAQ,222980,한국맥널티(주),2023,2024,small_and_medium,manufacturing,2024,test,0,0.94894636,1,1,1,0.5,0.5242080092430115,0.5242080092430115,고위험
KOSDAQ,222980,한국맥널티(주),2024,2025,small_and_medium,manufacturing,2025,test,0,0.90304637,1,1,1,0.5,0.5242080092430115,0.5242080092430115,고위험
KOSDAQ,225430,케이엠제약(주),2023,2024,small_and_medium,manufacturing,2024,test,1,0.5216908,1,0,0,0.5,0.5242080092430115,0.5242080092430115,관찰
KOSDAQ,232140,(주)와이씨,2023,2024,mid_sized,manufacturing,2024,test,0,0.011019961,0,0,0,0.5,0.5242080092430115,0.5242080092430115,안정
KOSDAQ,234100,(주)폴라리스세원,2023,2024,small_and_medium,manufacturing,2024,test,0,0.18194641,0,0,0,0.5,0.5242080092430115,0.5242080092430115,안정
KOSDAQ,236200,(주)슈프리마,2023,2024,small_and_medium,manufacturing,2024,test,0,0.010835398,0,0,0,0.5,0.5242080092430115,0.5242080092430115,안정
KOSDAQ,237750,피앤씨테크(주),2023,2024,small_and_medium,manufacturing,2024,test,0,0.5048388,1,0,0,0.5,0.5242080092430115,0.5242080092430115,관찰
KOSDAQ,238490,(주)힘스,2023,2024,small_and_medium,manufacturing,2024,test,0,0.3982222,0,0,0,0.5,0.5242080092430115,0.5242080092430115,관찰
KOSDAQ,239610,(주)에이치엘사이언스,2023,2024,small_and_medium,manufacturing,2024,test,0,0.7073342,1,1,1,0.5,0.5242080092430115,0.5242080092430115,고위험
KOSDAQ,240600,(주)유진테크놀로지,2023,2024,small_and_medium,manufacturing,2024,test,1,0.9204582,1,1,1,0.5,0.5242080092430115,0.5242080092430115,고위험
KOSDAQ,241770,(주)메카로,2023,2024,small_and_medium,manufacturing,2024,test,0,0.46091294,0,0,0,0.5,0.5242080092430115,0.5242080092430115,관찰
KOSDAQ,247540,(주)에코프로비엠,2023,2024,large,manufacturing,2024,test,0,0.05871776,0,0,0,0.5,0.5242080092430115,0.5242080092430115,안정
KOSDAQ,250930,(주)예선테크,2023,2024,small_and_medium,manufacturing,2024,test,1,0.9658738,1,1,1,0.5,0.5242080092430115,0.5242080092430115,고위험
KOSDAQ,251370,와이엠티(주),2023,2024,small_and_medium,manufacturing,2024,test,1,0.8188193,1,1,1,0.5,0.5242080092430115,0.5242080092430115,고위험
KOSDAQ,251970,펌텍코리아(주),2023,2024,mid_sized,manufacturing,2024,test,0,0.008402916,0,0,0,0.5,0.5242080092430115,0.5242080092430115,안정
KOSDAQ,252990,(주)샘씨엔에스,2023,2024,mid_sized,manufacturing,2024,test,1,0.7377884,1,1,1,0.5,0.5242080092430115,0.5242080092430115,고위험
KOSDAQ,253590,(주)네오셈,2023,2024,small_and_medium,manufacturing,2024,test,0,0.03891545,0,0,0,0.5,0.5242080092430115,0.5242080092430115,안정
KOSDAQ,254490,미래반도체(주),2023,2024,mid_sized,wholesale_retail,2024,test,1,0.87668335,1,1,1,0.5,0.5242080092430115,0.5242080092430115,고위험
KOSDAQ,255440,(주)야스,2023,2024,small_and_medium,manufacturing,2024,test,0,0.8513842,1,1,1,0.5,0.5242080092430115,0.5242080092430115,고위험
KOSDAQ,256940,(주)킵스바이오파마,2023,2024,small_and_medium,manufacturing,2024,test,1,0.95174134,1,1,1,0.5,0.5242080092430115,0.5242080092430115,고위험
KOSDAQ,258790,소프트캠프(주),2023,2024,small_and_medium,it_services,2024,test,1,0.94554144,1,1,1,0.5,0.5242080092430115,0.5242080092430115,고위험
KOSDAQ,259630,(주)엠플러스,2023,2024,small_and_medium,manufacturing,2024,test,0,0.57871205,1,1,1,0.5,0.5242080092430115,0.5242080092430115,관찰
KOSDAQ,262260,(주)에이프로,2023,2024,small_and_medium,manufacturing,2024,test,0,0.78608215,1,1,1,0.5,0.5242080092430115,0.5242080092430115,고위험
KOSDAQ,263020,(주)디케이앤디,2023,2024,small_and_medium,manufacturing,2024,test,0,0.3046394,0,0,0,0.5,0.5242080092430115,0.5242080092430115,안정
KOSDAQ,263770,(주)유에스티,2023,2024,mid_sized,manufacturing,2024,test,0,0.3956233,0,0,0,0.5,0.5242080092430115,0.5242080092430115,관찰
KOSDAQ,263920,(주)휴엠앤씨,2023,2024,mid_sized,manufacturing,2024,test,1,0.24375942,0,0,0,0.5,0.5242080092430115,0.5242080092430115,안정
KOSDAQ,264450,(주)유비쿼스,2023,2024,mid_sized,manufacturing,2024,test,0,0.010212206,0,0,0,0.5,0.5242080092430115,0.5242080092430115,안정
KOSDAQ,265520,에이피시스템(주),2023,2024,mid_sized,manufacturing,2024,test,0,0.037609067,0,0,0,0.5,0.5242080092430115,0.5242080092430115,안정
KOSDAQ,265740,(주)엔에프씨,2023,2024,small_and_medium,manufacturing,2024,test,0,0.90005964,1,1,1,0.5,0.5242080092430115,0.5242080092430115,고위험
KOSDAQ,270870,(주)뉴트리,2023,2024,small_and_medium,manufacturing,2024,test,0,0.13904616,0,0,0,0.5,0.5242080092430115,0.5242080092430115,안정
KOSDAQ,271830,팸텍(주),2023,2024,small_and_medium,manufacturing,2024,test,0,0.03663996,0,0,0,0.5,0.5242080092430115,0.5242080092430115,안정
KOSDAQ,271830,팸텍(주),2024,2025,small_and_medium,manufacturing,2025,test,0,0.3618457,0,0,0,0.5,0.5242080092430115,0.5242080092430115,관찰
KOSDAQ,272110,(주)케이엔제이,2023,2024,small_and_medium,manufacturing,2024,test,0,0.70062923,1,1,1,0.5,0.5242080092430115,0.5242080092430115,고위험
KOSDAQ,275630,(주)에스에스알,2023,2024,small_and_medium,it_services,2024,test,0,0.655284,1,1,1,0.5,0.5242080092430115,0.5242080092430115,고위험
KOSDAQ,277810,(주)레인보우로보틱스,2023,2024,small_and_medium,manufacturing,2024,test,0,0.8148038,1,1,1,0.5,0.5242080092430115,0.5242080092430115,고위험
KOSDAQ,281740,(주)레이크머티리얼즈,2023,2024,small_and_medium,manufacturing,2024,test,1,0.8676454,1,1,1,0.5,0.5242080092430115,0.5242080092430115,고위험
KOSDAQ,288620,에스퓨얼셀(주),2023,2024,small_and_medium,manufacturing,2024,test,0,0.7539518,1,1,1,0.5,0.5242080092430115,0.5242080092430115,고위험
KOSDAQ,289220,(주)자이언트스텝,2023,2024,small_and_medium,it_services,2024,test,1,0.9543369,1,1,1,0.5,0.5242080092430115,0.5242080092430115,고위험
KOSDAQ,290560,파라택시스이더리움(주),2023,2024,small_and_medium,it_services,2024,test,0,0.67129636,1,1,1,0.5,0.5242080092430115,0.5242080092430115,고위험
KOSDAQ,290720,(주)푸드나무,2023,2024,small_and_medium,wholesale_retail,2024,test,0,0.9686109,1,1,1,0.5,0.5242080092430115,0.5242080092430115,고위험
KOSDAQ,294140,(주)레몬,2023,2024,mid_sized,manufacturing,2024,test,1,0.7466036,1,1,1,0.5,0.5242080092430115,0.5242080092430115,고위험
KOSDAQ,294570,(주)쿠콘,2023,2024,small_and_medium,it_services,2024,test,0,0.02571421,0,0,0,0.5,0.5242080092430115,0.5242080092430115,안정
KOSDAQ,297090,씨에스베어링(주),2023,2024,mid_sized,manufacturing,2024,test,1,0.96430093,1,1,1,0.5,0.5242080092430115,0.5242080092430115,고위험
KOSDAQ,297890,에이치비솔루션(주),2023,2024,small_and_medium,manufacturing,2024,test,0,0.5136641,1,0,0,0.5,0.5242080092430115,0.5242080092430115,관찰
KOSDAQ,298830,슈어소프트테크(주),2023,2024,small_and_medium,it_services,2024,test,0,0.22951138,0,0,0,0.5,0.5242080092430115,0.5242080092430115,안정
KOSDAQ,299900,(주)위지윅스튜디오,2023,2024,small_and_medium,it_services,2024,test,0,0.36742067,0,0,0,0.5,0.5242080092430115,0.5242080092430115,관찰
KOSDAQ,303530,이노뎁(주),2023,2024,small_and_medium,it_services,2024,test,0,0.67129636,1,1,1,0.5,0.5242080092430115,0.5242080092430115,고위험
KOSDAQ,306040,(주)에스제이그룹,2023,2024,small_and_medium,manufacturing,2024,test,0,0.018007345,0,0,0,0.5,0.5242080092430115,0.5242080092430115,안정
KOSDAQ,307280,(주)원바이오젠,2023,2024,small_and_medium,manufacturing,2024,test,0,0.050064117,0,0,0,0.5,0.5242080092430115,0.5242080092430115,안정
KOSDAQ,307870,(주)비투엔,2023,2024,small_and_medium,it_services,2024,test,1,0.655284,1,1,1,0.5,0.5242080092430115,0.5242080092430115,고위험
KOSDAQ,310870,디와이씨(주),2023,2024,small_and_medium,manufacturing,2024,test,0,0.51630646,1,0,0,0.5,0.5242080092430115,0.5242080092430115,관찰
KOSDAQ,311390,(주)네오크레마,2023,2024,small_and_medium,manufacturing,2024,test,1,0.52751684,1,1,1,0.5,0.5242080092430115,0.5242080092430115,관찰
KOSDAQ,314140,(주)알피바이오,2023,2024,small_and_medium,manufacturing,2024,test,0,0.7422505,1,1,1,0.5,0.5242080092430115,0.5242080092430115,고위험
KOSDAQ,317120,(주)라닉스,2023,2024,small_and_medium,manufacturing,2024,test,0,0.983096,1,1,1,0.5,0.5242080092430115,0.5242080092430115,고위험
KOSDAQ,317330,(주)덕산테코피아,2023,2024,small_and_medium,manufacturing,2024,test,0,0.89658415,1,1,1,0.5,0.5242080092430115,0.5242080092430115,고위험
KOSDAQ,317770,(주)엑스페릭스,2023,2024,small_and_medium,manufacturing,2024,test,0,0.920686,1,1,1,0.5,0.5242080092430115,0.5242080092430115,고위험
KOSDAQ,317830,(주)에스피시스템스,2023,2024,small_and_medium,manufacturing,2024,test,1,0.8385368,1,1,1,0.5,0.5242080092430115,0.5242080092430115,고위험
KOSDAQ,317850,대모엔지니어링(주),2023,2024,small_and_medium,manufacturing,2024,test,0,0.37701312,0,0,0,0.5,0.5242080092430115,0.5242080092430115,관찰
KOSDAQ,318160,(주)셀바이오휴먼텍,2023,2024,small_and_medium,manufacturing,2024,test,0,0.73495215,1,1,1,0.5,0.5242080092430115,0.5242080092430115,고위험
KOSDAQ,319400,현대무벡스(주),2023,2024,mid_sized,manufacturing,2024,test,0,0.30422482,0,0,0,0.5,0.5242080092430115,0.5242080092430115,안정
KOSDAQ,320000,(주)한울반도체,2023,2024,small_and_medium,manufacturing,2024,test,0,0.75096625,1,1,1,0.5,0.5242080092430115,0.5242080092430115,고위험
KOSDAQ,321820,(주)아티스트컴퍼니,2023,2024,small_and_medium,it_services,2024,test,1,0.9885225,1,1,1,0.5,0.5242080092430115,0.5242080092430115,고위험
KOSDAQ,328380,솔트웨어(주),2023,2024,small_and_medium,it_services,2024,test,0,0.85914046,1,1,1,0.5,0.5242080092430115,0.5242080092430115,고위험
KOSDAQ,332290,(주)누보,2023,2024,small_and_medium,manufacturing,2024,test,1,0.9907476,1,1,1,0.5,0.5242080092430115,0.5242080092430115,고위험
KOSDAQ,332570,(주)피에스일렉트로닉스,2023,2024,small_and_medium,manufacturing,2024,test,1,0.88706565,1,1,1,0.5,0.5242080092430115,0.5242080092430115,고위험
KOSDAQ,333620,(주)엔시스,2023,2024,small_and_medium,manufacturing,2024,test,0,0.35511482,0,0,0,0.5,0.5242080092430115,0.5242080092430115,관찰
KOSDAQ,335870,(주)윙스풋,2023,2024,small_and_medium,wholesale_retail,2024,test,0,0.911787,1,1,1,0.5,0.5242080092430115,0.5242080092430115,고위험
KOSDAQ,347000,(주)센코,2023,2024,small_and_medium,manufacturing,2024,test,1,0.8663639,1,1,1,0.5,0.5242080092430115,0.5242080092430115,고위험
KOSDAQ,348340,(주)뉴로메카,2023,2024,small_and_medium,manufacturing,2024,test,1,0.98799384,1,1,1,0.5,0.5242080092430115,0.5242080092430115,고위험
KOSDAQ,352090,(주)스톰테크,2023,2024,small_and_medium,manufacturing,2024,test,0,0.7422505,1,1,1,0.5,0.5242080092430115,0.5242080092430115,고위험
KOSDAQ,352700,(주)씨앤투스,2023,2024,small_and_medium,manufacturing,2024,test,0,0.22750628,0,0,0,0.5,0.5242080092430115,0.5242080092430115,안정
KOSDAQ,353190,(주)휴럼,2023,2024,small_and_medium,manufacturing,2024,test,1,0.7511152,1,1,1,0.5,0.5242080092430115,0.5242080092430115,고위험
KOSDAQ,353590,오토앤(주),2023,2024,small_and_medium,wholesale_retail,2024,test,1,0.9847985,1,1,1,0.5,0.5242080092430115,0.5242080092430115,고위험
KOSDAQ,354320,(주)알멕,2023,2024,small_and_medium,manufacturing,2024,test,1,0.77925944,1,1,1,0.5,0.5242080092430115,0.5242080092430115,고위험
KOSDAQ,355390,(주)크라우드웍스,2023,2024,small_and_medium,it_services,2024,test,1,0.9530145,1,1,1,0.5,0.5242080092430115,0.5242080092430115,고위험
KOSDAQ,357230,(주)에이치피오,2023,2024,small_and_medium,manufacturing,2024,test,0,0.013872224,0,0,0,0.5,0.5242080092430115,0.5242080092430115,안정
KOSDAQ,365340,성일하이텍(주),2023,2024,small_and_medium,manufacturing,2024,test,1,0.5935848,1,1,1,0.5,0.5242080092430115,0.5242080092430115,관찰
KOSDAQ,370090,(주)퓨런티어,2023,2024,mid_sized,manufacturing,2024,test,0,0.7377884,1,1,1,0.5,0.5242080092430115,0.5242080092430115,고위험
KOSDAQ,373170,엠아이큐브솔루션(주),2023,2024,small_and_medium,it_services,2024,test,0,0.67129636,1,1,1,0.5,0.5242080092430115,0.5242080092430115,고위험
KOSDAQ,373200,(주)엑스플러스,2023,2024,small_and_medium,manufacturing,2024,test,1,0.8958381,1,1,1,0.5,0.5242080092430115,0.5242080092430115,고위험
KOSDAQ,373200,(주)엑스플러스,2024,2025,small_and_medium,manufacturing,2025,test,1,0.7576958,1,1,1,0.5,0.5242080092430115,0.5242080092430115,고위험
KOSDAQ,377220,(주)프롬바이오,2023,2024,small_and_medium,manufacturing,2024,test,1,0.8795499,1,1,1,0.5,0.5242080092430115,0.5242080092430115,고위험
KOSDAQ,378340,(주)필에너지,2023,2024,mid_sized,manufacturing,2024,test,1,0.5222642,1,0,0,0.5,0.5242080092430115,0.5242080092430115,관찰
KOSDAQ,382480,(주)지아이텍,2023,2024,small_and_medium,manufacturing,2024,test,0,0.7422505,1,1,1,0.5,0.5242080092430115,0.5242080092430115,고위험
KOSDAQ,382800,(주)지앤비에스에코,2023,2024,small_and_medium,manufacturing,2024,test,1,0.7422505,1,1,1,0.5,0.5242080092430115,0.5242080092430115,고위험
KOSDAQ,382840,(주)원준,2023,2024,small_and_medium,manufacturing,2024,test,0,0.25271797,0,0,0,0.5,0.5242080092430115,0.5242080092430115,안정
KOSDAQ,383310,(주)에코프로에이치엔,2023,2024,large,manufacturing,2024,test,0,0.099219,0,0,0,0.5,0.5242080092430115,0.5242080092430115,안정
KOSDAQ,388050,지투파워(주),2023,2024,small_and_medium,manufacturing,2024,test,1,0.67241,1,1,1,0.5,0.5242080092430115,0.5242080092430115,고위험
KOSDAQ,391710,코닉오토메이션(주),2023,2024,small_and_medium,manufacturing,2024,test,1,0.7422505,1,1,1,0.5,0.5242080092430115,0.5242080092430115,고위험
KOSDAQ,393210,(주)토마토시스템,2023,2024,small_and_medium,it_services,2024,test,0,0.67129636,1,1,1,0.5,0.5242080092430115,0.5242080092430115,고위험
KOSDAQ,399720,(주)가온칩스,2023,2024,small_and_medium,manufacturing,2024,test,0,0.070383996,0,0,0,0.5,0.5242080092430115,0.5242080092430115,안정
KOSDAQ,403490,농업회사법인우듬지팜(주),2023,2024,small_and_medium,manufacturing,2024,test,0,0.43086025,0,0,0,0.5,0.5242080092430115,0.5242080092430115,관찰
KOSDAQ,405000,(주)플라즈맵,2023,2024,small_and_medium,manufacturing,2024,test,1,0.9932335,1,1,1,0.5,0.5242080092430115,0.5242080092430115,고위험
KOSDAQ,406820,(주)뷰티스킨,2023,2024,small_and_medium,manufacturing,2024,test,1,0.94122547,1,1,1,0.5,0.5242080092430115,0.5242080092430115,고위험
KOSDAQ,413630,씨피시스템(주),2023,2024,mid_sized,manufacturing,2024,test,0,0.7377884,1,1,1,0.5,0.5242080092430115,0.5242080092430115,고위험
KOSDAQ,417200,엘에스머트리얼즈(주),2023,2024,large,manufacturing,2024,test,0,0.047316097,0,0,0,0.5,0.5242080092430115,0.5242080092430115,안정
KOSDAQ,419050,(주)삼기에너지솔루션즈,2023,2024,mid_sized,manufacturing,2024,test,0,0.5726162,1,1,1,0.5,0.5242080092430115,0.5242080092430115,관찰
KOSDAQ,419080,엔젯(주),2023,2024,small_and_medium,manufacturing,2024,test,0,0.7422505,1,1,1,0.5,0.5242080092430115,0.5242080092430115,고위험
KOSDAQ,419530,(주)에스에이엠지엔터테인먼트,2023,2024,small_and_medium,it_services,2024,test,1,0.96708715,1,1,1,0.5,0.5242080092430115,0.5242080092430115,고위험
KOSDAQ,430690,(주)한싹,2023,2024,small_and_medium,it_services,2024,test,0,0.15170315,0,0,0,0.5,0.5242080092430115,0.5242080092430115,안정
KOSDAQ,439090,(주)마녀공장,2023,2024,mid_sized,manufacturing,2024,test,0,0.06830205,0,0,0,0.5,0.5242080092430115,0.5242080092430115,안정
KOSDAQ,448710,코츠테크놀로지(주),2023,2024,small_and_medium,manufacturing,2024,test,0,0.7422505,1,1,1,0.5,0.5242080092430115,0.5242080092430115,고위험
KOSDAQ,450520,(주)인스웨이브,2023,2024,small_and_medium,it_services,2024,test,0,0.25334942,0,0,0,0.5,0.5242080092430115,0.5242080092430115,안정
KOSDAQ,452160,(주)제이엔비,2023,2024,small_and_medium,manufacturing,2024,test,1,0.87901825,1,1,1,0.5,0.5242080092430115,0.5242080092430115,고위험
KOSDAQ,452280,한선엔지니어링(주),2023,2024,mid_sized,manufacturing,2024,test,1,0.7377884,1,1,1,0.5,0.5242080092430115,0.5242080092430115,고위험
KOSDAQ,456700,(주)길교이앤씨,2023,2024,small_and_medium,it_services,2024,test,0,0.67129636,1,1,1,0.5,0.5242080092430115,0.5242080092430115,고위험
KOSPI,20,동화약품(주),2023,2024,mid_sized,manufacturing,2024,test,0,0.004889332,0,0,0,0.5,0.5242080092430115,0.5242080092430115,안정
KOSPI,70,(주)삼양홀딩스,2023,2024,mid_sized,it_services,2024,test,0,0.020662356,0,0,0,0.5,0.5242080092430115,0.5242080092430115,안정
KOSPI,80,하이트진로(주),2023,2024,mid_sized,manufacturing,2024,test,0,0.041391358,0,0,0,0.5,0.5242080092430115,0.5242080092430115,안정
KOSPI,120,씨제이대한통운(주),2023,2024,large,transport_storage,2024,test,0,0.00034045774,0,0,0,0.5,0.5242080092430115,0.5242080092430115,안정
KOSPI,140,하이트진로홀딩스(주),2023,2024,mid_sized,it_services,2024,test,0,0.011601818,0,0,0,0.5,0.5242080092430115,0.5242080092430115,안정
KOSPI,150,(주)두산,2023,2024,large,it_services,2024,test,0,0.004429513,0,0,0,0.5,0.5242080092430115,0.5242080092430115,안정
KOSPI,210,디엘(주),2023,2024,large,manufacturing,2024,test,0,0.0046594045,0,0,0,0.5,0.5242080092430115,0.5242080092430115,안정
KOSPI,640,동아쏘시오홀딩스(주),2023,2024,mid_sized,it_services,2024,test,0,0.0031308895,0,0,0,0.5,0.5242080092430115,0.5242080092430115,안정
KOSPI,660,에스케이하이닉스(주),2023,2024,large,manufacturing,2024,test,0,0.023967734,0,0,0,0.5,0.5242080092430115,0.5242080092430115,안정
KOSPI,660,에스케이하이닉스(주),2024,2025,large,manufacturing,2025,test,0,0.012887838,0,0,0,0.5,0.5242080092430115,0.5242080092430115,안정
KOSPI,680,(주)엘에스네트웍스,2023,2024,large,wholesale_retail,2024,test,0,0.12503763,0,0,0,0.5,0.5242080092430115,0.5242080092430115,안정
KOSPI,700,(주)유수홀딩스,2023,2024,mid_sized,it_services,2024,test,0,0.0070781345,0,0,0,0.5,0.5242080092430115,0.5242080092430115,안정
KOSPI,720,현대건설(주),2023,2024,large,construction,2024,test,0,0.00815594,0,0,0,0.5,0.5242080092430115,0.5242080092430115,안정
KOSPI,720,현대건설(주),2024,2025,large,construction,2025,test,0,0.051248696,0,0,0,0.5,0.5242080092430115,0.5242080092430115,안정
KOSPI,860,강남제비스코(주),2023,2024,mid_sized,manufacturing,2024,test,0,0.02902642,0,0,0,0.5,0.5242080092430115,0.5242080092430115,안정
KOSPI,880,(주)한화,2023,2024,large,manufacturing,2024,test,0,0.028810138,0,0,0,0.5,0.5242080092430115,0.5242080092430115,안정
KOSPI,1020,페이퍼코리아(주),2023,2024,mid_sized,manufacturing,2024,test,0,0.2685918,0,0,0,0.5,0.5242080092430115,0.5242080092430115,안정
KOSPI,1040,씨제이(주),2023,2024,large,it_services,2024,test,0,0.0052077346,0,0,0,0.5,0.5242080092430115,0.5242080092430115,안정
KOSPI,1060,제이더블유중외제약(주),2023,2024,mid_sized,manufacturing,2024,test,0,0.033747204,0,0,0,0.5,0.5242080092430115,0.5242080092430115,안정
KOSPI,1070,대한방직(주),2023,2024,mid_sized,manufacturing,2024,test,1,0.8428867,1,1,1,0.5,0.5242080092430115,0.5242080092430115,고위험
KOSPI,1120,(주)엘엑스인터내셔널,2023,2024,large,wholesale_retail,2024,test,0,0.0012003096,0,0,0,0.5,0.5242080092430115,0.5242080092430115,안정
KOSPI,1250,(주)지에스글로벌,2023,2024,large,wholesale_retail,2024,test,0,0.0076232874,0,0,0,0.5,0.5242080092430115,0.5242080092430115,안정
KOSPI,1340,피케이씨(주),2023,2024,mid_sized,manufacturing,2024,test,0,0.17273293,0,0,0,0.5,0.5242080092430115,0.5242080092430115,안정
KOSPI,1390,케이지케미칼(주),2023,2024,mid_sized,manufacturing,2024,test,1,0.07831865,0,0,0,0.5,0.5242080092430115,0.5242080092430115,안정
KOSPI,1430,(주)세아베스틸지주,2023,2024,large,manufacturing,2024,test,0,0.0014980506,0,0,0,0.5,0.5242080092430115,0.5242080092430115,안정
KOSPI,1560,제일연마공업(주),2024,2025,mid_sized,manufacturing,2025,test,0,0.0034397852,0,0,0,0.5,0.5242080092430115,0.5242080092430115,안정
KOSPI,1570,(주)금양,2023,2024,mid_sized,manufacturing,2024,test,1,0.9412613,1,1,1,0.5,0.5242080092430115,0.5242080092430115,고위험
KOSPI,1620,케이비아이동국실업(주),2023,2024,mid_sized,manufacturing,2024,test,1,0.7597308,1,1,1,0.5,0.5242080092430115,0.5242080092430115,고위험
KOSPI,1630,(주)종근당홀딩스,2023,2024,mid_sized,manufacturing,2024,test,0,0.028621288,0,0,0,0.5,0.5242080092430115,0.5242080092430115,안정
KOSPI,1680,대상(주),2023,2024,mid_sized,manufacturing,2024,test,0,0.0138408495,0,0,0,0.5,0.5242080092430115,0.5242080092430115,안정
KOSPI,1740,에스케이네트웍스(주),2023,2024,large,wholesale_retail,2024,test,0,0.0026734497,0,0,0,0.5,0.5242080092430115,0.5242080092430115,안정
KOSPI,1780,(주)알루코,2023,2024,mid_sized,manufacturing,2024,test,0,0.16079736,0,0,0,0.5,0.5242080092430115,0.5242080092430115,안정
KOSPI,1790,대한제당(주),2023,2024,mid_sized,manufacturing,2024,test,0,0.1648975,0,0,0,0.5,0.5242080092430115,0.5242080092430115,안정
KOSPI,1940,KISCO홀딩스(주),2023,2024,mid_sized,manufacturing,2024,test,0,0.01186632,0,0,0,0.5,0.5242080092430115,0.5242080092430115,안정
KOSPI,1940,KISCO홀딩스(주),2024,2025,mid_sized,manufacturing,2025,test,0,0.01662465,0,0,0,0.5,0.5242080092430115,0.5242080092430115,안정
KOSPI,2150,(주)도화엔지니어링,2023,2024,mid_sized,it_services,2024,test,0,0.009753211,0,0,0,0.5,0.5242080092430115,0.5242080092430115,안정
KOSPI,2240,고려제강(주),2023,2024,mid_sized,manufacturing,2024,test,0,0.002998993,0,0,0,0.5,0.5242080092430115,0.5242080092430115,안정
KOSPI,2320,(주)한진,2023,2024,large,transport_storage,2024,test,0,0.0036803917,0,0,0,0.5,0.5242080092430115,0.5242080092430115,안정
KOSPI,2350,넥센타이어(주),2023,2024,mid_sized,manufacturing,2024,test,0,0.03201119,0,0,0,0.5,0.5242080092430115,0.5242080092430115,안정
KOSPI,2380,(주)케이씨씨,2023,2024,large,manufacturing,2024,test,0,0.008921371,0,0,0,0.5,0.5242080092430115,0.5242080092430115,안정
KOSPI,2380,(주)케이씨씨,2024,2025,large,manufacturing,2025,test,0,0.0074736094,0,0,0,0.5,0.5242080092430115,0.5242080092430115,안정
KOSPI,2390,(주)한독,2023,2024,mid_sized,manufacturing,2024,test,0,0.13827063,0,0,0,0.5,0.5242080092430115,0.5242080092430115,안정
KOSPI,2410,범양건영(주),2023,2024,mid_sized,construction,2024,test,0,0.9636801,1,1,1,0.5,0.5242080092430115,0.5242080092430115,고위험
KOSPI,2690,동일제강(주),2023,2024,mid_sized,manufacturing,2024,test,0,0.33228734,0,0,0,0.5,0.5242080092430115,0.5242080092430115,안정
KOSPI,2780,진흥기업(주),2023,2024,large,construction,2024,test,0,0.4733665,0,0,0,0.5,0.5242080092430115,0.5242080092430115,관찰
KOSPI,2900,티와이엠(주),2023,2024,mid_sized,manufacturing,2024,test,0,0.08171898,0,0,0,0.5,0.5242080092430115,0.5242080092430115,안정
KOSPI,2990,금호건설(주),2023,2024,large,construction,2024,test,0,0.32642424,0,0,0,0.5,0.5242080092430115,0.5242080092430115,안정
KOSPI,3010,(주)혜인,2023,2024,mid_sized,wholesale_retail,2024,test,0,0.5920315,1,1,1,0.5,0.5242080092430115,0.5242080092430115,관찰
KOSPI,3030,(주)세아제강지주,2023,2024,large,it_services,2024,test,0,0.0023152153,0,0,0,0.5,0.5242080092430115,0.5242080092430115,안정
KOSPI,3160,(주)디아이,2023,2024,mid_sized,manufacturing,2024,test,0,0.46645567,0,0,0,0.5,0.5242080092430115,0.5242080092430115,관찰
KOSPI,3300,한일홀딩스(주),2023,2024,mid_sized,manufacturing,2024,test,0,0.011016334,0,0,0,0.5,0.5242080092430115,0.5242080092430115,안정
KOSPI,3490,(주)대한항공,2023,2024,large,transport_storage,2024,test,0,0.0069827917,0,0,0,0.5,0.5242080092430115,0.5242080092430115,안정
KOSPI,3620,케이지모빌리티(주),2023,2024,mid_sized,manufacturing,2024,test,1,0.030348672,0,0,0,0.5,0.5242080092430115,0.5242080092430115,안정
KOSPI,3850,(주)보령,2023,2024,mid_sized,manufacturing,2024,test,0,0.0033822574,0,0,0,0.5,0.5242080092430115,0.5242080092430115,안정
KOSPI,4020,현대제철(주),2023,2024,large,manufacturing,2024,test,0,0.0052021844,0,0,0,0.5,0.5242080092430115,0.5242080092430115,안정
KOSPI,4090,한국석유공업(주),2023,2024,mid_sized,manufacturing,2024,test,0,0.1198079,0,0,0,0.5,0.5242080092430115,0.5242080092430115,안정
KOSPI,4090,한국석유공업(주),2024,2025,mid_sized,manufacturing,2025,test,0,0.08770027,0,0,0,0.5,0.5242080092430115,0.5242080092430115,안정
KOSPI,4100,태양금속공업(주),2023,2024,mid_sized,manufacturing,2024,test,1,0.9020767,1,1,1,0.5,0.5242080092430115,0.5242080092430115,고위험
KOSPI,4140,(주)동방,2023,2024,mid_sized,transport_storage,2024,test,0,0.11597865,0,0,0,0.5,0.5242080092430115,0.5242080092430115,안정
KOSPI,4170,(주)신세계,2023,2024,large,wholesale_retail,2024,test,0,0.005066965,0,0,0,0.5,0.5242080092430115,0.5242080092430115,안정
KOSPI,4170,(주)신세계,2024,2025,large,wholesale_retail,2025,test,0,0.005460758,0,0,0,0.5,0.5242080092430115,0.5242080092430115,안정
KOSPI,4430,송원산업(주),2023,2024,mid_sized,manufacturing,2024,test,0,0.0023244096,0,0,0,0.5,0.5242080092430115,0.5242080092430115,안정
KOSPI,4540,깨끗한나라(주),2023,2024,mid_sized,manufacturing,2024,test,0,0.56116,1,1,1,0.5,0.5242080092430115,0.5242080092430115,관찰
KOSPI,4560,현대비앤지스틸(주),2023,2024,large,manufacturing,2024,test,0,0.046947837,0,0,0,0.5,0.5242080092430115,0.5242080092430115,안정
KOSPI,4560,현대비앤지스틸(주),2024,2025,large,manufacturing,2025,test,0,0.009217536,0,0,0,0.5,0.5242080092430115,0.5242080092430115,안정
KOSPI,4690,(주)삼천리,2023,2024,mid_sized,other,2024,test,0,0.010794496,0,0,0,0.5,0.5242080092430115,0.5242080092430115,안정
KOSPI,4710,한솔테크닉스(주),2023,2024,mid_sized,manufacturing,2024,test,0,0.00569964,0,0,0,0.5,0.5242080092430115,0.5242080092430115,안정
KOSPI,4840,(주)디알비동일,2023,2024,mid_sized,manufacturing,2024,test,1,0.07605648,0,0,0,0.5,0.5242080092430115,0.5242080092430115,안정
KOSPI,4960,한신공영(주),2023,2024,mid_sized,construction,2024,test,0,0.44359705,0,0,0,0.5,0.5242080092430115,0.5242080092430115,관찰
KOSPI,4990,롯데지주(주),2023,2024,large,it_services,2024,test,0,0.0021108536,0,0,0,0.5,0.5242080092430115,0.5242080092430115,안정
KOSPI,5030,부산주공(주),2023,2024,mid_sized,manufacturing,2024,test,1,0.7070744,1,1,1,0.5,0.5242080092430115,0.5242080092430115,고위험
KOSPI,5090,에스지씨에너지(주),2023,2024,large,other,2024,test,0,0.031026887,0,0,0,0.5,0.5242080092430115,0.5242080092430115,안정
KOSPI,5180,(주)빙그레,2023,2024,mid_sized,manufacturing,2024,test,0,0.00057197415,0,0,0,0.5,0.5242080092430115,0.5242080092430115,안정
KOSPI,5250,(주)녹십자홀딩스,2023,2024,mid_sized,it_services,2024,test,0,0.0023006618,0,0,0,0.5,0.5242080092430115,0.5242080092430115,안정
KOSPI,5300,롯데칠성음료(주),2023,2024,large,manufacturing,2024,test,0,0.009454122,0,0,0,0.5,0.5242080092430115,0.5242080092430115,안정
KOSPI,5320,(주)온타이드,2023,2024,mid_sized,wholesale_retail,2024,test,1,0.85536253,1,1,1,0.5,0.5242080092430115,0.5242080092430115,고위험
KOSPI,5380,현대자동차(주),2023,2024,large,manufacturing,2024,test,0,0.013650882,0,0,0,0.5,0.5242080092430115,0.5242080092430115,안정
KOSPI,5430,한국공항(주),2023,2024,large,transport_storage,2024,test,0,0.004850595,0,0,0,0.5,0.5242080092430115,0.5242080092430115,안정
KOSPI,5750,대림바스(주),2024,2025,mid_sized,manufacturing,2025,test,1,0.5944803,1,1,1,0.5,0.5242080092430115,0.5242080092430115,관찰
KOSPI,5820,(주)원림,2023,2024,small_and_medium,manufacturing,2024,test,0,0.40119788,0,0,0,0.5,0.5242080092430115,0.5242080092430115,관찰
KOSPI,5850,에스엘(주),2023,2024,mid_sized,manufacturing,2024,test,0,0.003070825,0,0,0,0.5,0.5242080092430115,0.5242080092430115,안정
KOSPI,5870,(주)휴니드테크놀러지스,2023,2024,mid_sized,manufacturing,2024,test,0,0.35517493,0,0,0,0.5,0.5242080092430115,0.5242080092430115,관찰
KOSPI,5880,대한해운(주),2023,2024,large,transport_storage,2024,test,0,0.037243344,0,0,0,0.5,0.5242080092430115,0.5242080092430115,안정
KOSPI,5950,(주)이수화학,2023,2024,mid_sized,manufacturing,2024,test,0,0.30427647,0,0,0,0.5,0.5242080092430115,0.5242080092430115,안정
KOSPI,5960,동부건설(주),2023,2024,mid_sized,construction,2024,test,0,0.18271038,0,0,0,0.5,0.5242080092430115,0.5242080092430115,안정
KOSPI,6040,동원산업(주),2023,2024,mid_sized,it_services,2024,test,0,0.005710841,0,0,0,0.5,0.5242080092430115,0.5242080092430115,안정
KOSPI,6120,에스케이디스커버리(주),2023,2024,large,it_services,2024,test,0,0.0035812636,0,0,0,0.5,0.5242080092430115,0.5242080092430115,안정
KOSPI,6120,에스케이디스커버리(주),2024,2025,large,it_services,2025,test,0,0.0042517455,0,0,0,0.5,0.5242080092430115,0.5242080092430115,안정
KOSPI,6280,(주)녹십자,2023,2024,mid_sized,manufacturing,2024,test,0,0.008207527,0,0,0,0.5,0.5242080092430115,0.5242080092430115,안정
KOSPI,6360,지에스건설(주),2023,2024,large,construction,2024,test,0,0.022516409,0,0,0,0.5,0.5242080092430115,0.5242080092430115,안정
KOSPI,6370,(주)대구백화점,2023,2024,mid_sized,wholesale_retail,2024,test,1,0.88703656,1,1,1,0.5,0.5242080092430115,0.5242080092430115,고위험
KOSPI,6390,한일현대시멘트(주),2023,2024,mid_sized,manufacturing,2024,test,0,0.7070744,1,1,1,0.5,0.5242080092430115,0.5242080092430115,고위험
KOSPI,6490,(주)인스코비,2023,2024,small_and_medium,it_services,2024,test,1,0.95273936,1,1,1,0.5,0.5242080092430115,0.5242080092430115,고위험
KOSPI,6890,태경케미컬(주),2023,2024,mid_sized,manufacturing,2024,test,0,0.007760132,0,0,0,0.5,0.5242080092430115,0.5242080092430115,안정
KOSPI,7070,(주)지에스리테일,2023,2024,large,wholesale_retail,2024,test,0,0.0014367404,0,0,0,0.5,0.5242080092430115,0.5242080092430115,안정
KOSPI,7120,(주)미래아이앤지,2023,2024,small_and_medium,it_services,2024,test,1,0.7057128,1,1,1,0.5,0.5242080092430115,0.5242080092430115,고위험
KOSPI,7980,티피(주),2023,2024,mid_sized,manufacturing,2024,test,1,0.55529946,1,1,1,0.5,0.5242080092430115,0.5242080092430115,관찰
KOSPI,8350,(주)남선알미늄,2023,2024,large,manufacturing,2024,test,0,0.33071393,0,0,0,0.5,0.5242080092430115,0.5242080092430115,안정
KOSPI,8770,(주)호텔신라,2023,2024,large,wholesale_retail,2024,test,0,0.0086723,0,0,0,0.5,0.5242080092430115,0.5242080092430115,안정
KOSPI,9270,(주)신원,2023,2024,mid_sized,manufacturing,2024,test,0,0.07001333,0,0,0,0.5,0.5242080092430115,0.5242080092430115,안정
KOSPI,9310,참엔지니어링(주),2023,2024,mid_sized,manufacturing,2024,test,1,0.9620312,1,1,1,0.5,0.5242080092430115,0.5242080092430115,고위험
KOSPI,9320,아진전자부품(주),2023,2024,small_and_medium,manufacturing,2024,test,1,0.78606945,1,1,1,0.5,0.5242080092430115,0.5242080092430115,고위험
KOSPI,9410,(주)태영건설,2023,2024,large,construction,2024,test,1,0.8746672,1,1,1,0.5,0.5242080092430115,0.5242080092430115,고위험
KOSPI,9450,(주)경동나비엔,2023,2024,mid_sized,manufacturing,2024,test,0,0.0021673692,0,0,0,0.5,0.5242080092430115,0.5242080092430115,안정
KOSPI,9580,무림피앤피(주),2023,2024,mid_sized,manufacturing,2024,test,0,0.29105017,0,0,0,0.5,0.5242080092430115,0.5242080092430115,안정
KOSPI,9830,한화솔루션(주),2023,2024,large,manufacturing,2024,test,0,0.020254245,0,0,0,0.5,0.5242080092430115,0.5242080092430115,안정
KOSPI,10060,오씨아이홀딩스(주),2023,2024,large,it_services,2024,test,0,0.0016285481,0,0,0,0.5,0.5242080092430115,0.5242080092430115,안정
KOSPI,10120,LS일렉트릭(주),2023,2024,large,manufacturing,2024,test,0,0.004126889,0,0,0,0.5,0.5242080092430115,0.5242080092430115,안정
KOSPI,10120,LS일렉트릭(주),2024,2025,large,manufacturing,2025,test,0,0.009388283,0,0,0,0.5,0.5242080092430115,0.5242080092430115,안정
KOSPI,10130,고려아연(주),2023,2024,large,manufacturing,2024,test,0,0.00061422255,0,0,0,0.5,0.5242080092430115,0.5242080092430115,안정
KOSPI,10140,삼성중공업(주),2023,2024,large,manufacturing,2024,test,0,0.42542273,0,0,0,0.5,0.5242080092430115,0.5242080092430115,관찰
KOSPI,10690,(주)화신,2023,2024,mid_sized,manufacturing,2024,test,0,0.05439157,0,0,0,0.5,0.5242080092430115,0.5242080092430115,안정
KOSPI,10690,(주)화신,2024,2025,mid_sized,manufacturing,2025,test,0,0.059561655,0,0,0,0.5,0.5242080092430115,0.5242080092430115,안정
KOSPI,10780,아이에스동서(주),2023,2024,mid_sized,manufacturing,2024,test,0,0.04716611,0,0,0,0.5,0.5242080092430115,0.5242080092430115,안정
KOSPI,10950,에쓰-오일(주),2023,2024,large,manufacturing,2024,test,0,0.0024617831,0,0,0,0.5,0.5242080092430115,0.5242080092430115,안정
KOSPI,11070,엘지이노텍(주),2023,2024,large,manufacturing,2024,test,0,0.0010698008,0,0,0,0.5,0.5242080092430115,0.5242080092430115,안정
KOSPI,11170,롯데케미칼(주),2023,2024,large,manufacturing,2024,test,0,0.0089199245,0,0,0,0.5,0.5242080092430115,0.5242080092430115,안정
KOSPI,11200,에이치엠엠(주),2023,2024,large,transport_storage,2024,test,0,0.0048385193,0,0,0,0.5,0.5242080092430115,0.5242080092430115,안정
KOSPI,11210,현대위아(주),2023,2024,large,manufacturing,2024,test,0,0.00085330417,0,0,0,0.5,0.5242080092430115,0.5242080092430115,안정
KOSPI,11210,현대위아(주),2024,2025,large,manufacturing,2025,test,0,0.001691638,0,0,0,0.5,0.5242080092430115,0.5242080092430115,안정
KOSPI,11230,삼화전자공업(주),2023,2024,small_and_medium,manufacturing,2024,test,1,0.9956144,1,1,1,0.5,0.5242080092430115,0.5242080092430115,고위험
KOSPI,11420,(주)갤럭시아에스엠,2023,2024,large,it_services,2024,test,0,0.18374422,0,0,0,0.5,0.5242080092430115,0.5242080092430115,안정
KOSPI,11780,금호석유화학(주),2023,2024,mid_sized,manufacturing,2024,test,0,0.0008975574,0,0,0,0.5,0.5242080092430115,0.5242080092430115,안정
KOSPI,11790,에스케이씨(주),2023,2024,large,manufacturing,2024,test,0,0.14290763,0,0,0,0.5,0.5242080092430115,0.5242080092430115,안정
KOSPI,12330,현대모비스(주),2023,2024,large,manufacturing,2024,test,0,0.0014155135,0,0,0,0.5,0.5242080092430115,0.5242080092430115,안정
KOSPI,12450,한화에어로스페이스(주),2023,2024,large,manufacturing,2024,test,0,0.008991749,0,0,0,0.5,0.5242080092430115,0.5242080092430115,안정
KOSPI,12510,(주)더존비즈온,2023,2024,mid_sized,it_services,2024,test,0,0.004690109,0,0,0,0.5,0.5242080092430115,0.5242080092430115,안정
KOSPI,12630,에이치디씨(주),2023,2024,large,other,2024,test,0,0.0065601924,0,0,0,0.5,0.5242080092430115,0.5242080092430115,안정
KOSPI,12750,(주)에스원,2023,2024,large,it_services,2024,test,0,0.0005869836,0,0,0,0.5,0.5242080092430115,0.5242080092430115,안정
KOSPI,13360,일성건설(주),2023,2024,mid_sized,construction,2024,test,1,0.6668166,1,1,1,0.5,0.5242080092430115,0.5242080092430115,고위험
KOSPI,13520,(주)화승코퍼레이션,2023,2024,mid_sized,manufacturing,2024,test,0,0.1130896,0,0,0,0.5,0.5242080092430115,0.5242080092430115,안정
KOSPI,13520,(주)화승코퍼레이션,2024,2025,mid_sized,manufacturing,2025,test,0,0.51949763,1,0,0,0.5,0.5242080092430115,0.5242080092430115,관찰
KOSPI,13580,계룡건설산업(주),2023,2024,mid_sized,construction,2024,test,0,0.03963714,0,0,0,0.5,0.5242080092430115,0.5242080092430115,안정
KOSPI,13700,(주)까뮤이앤씨,2023,2024,mid_sized,construction,2024,test,0,0.8658873,1,1,1,0.5,0.5242080092430115,0.5242080092430115,고위험
KOSPI,14530,극동유화(주),2023,2024,mid_sized,manufacturing,2024,test,0,0.0904132,0,0,0,0.5,0.5242080092430115,0.5242080092430115,안정
KOSPI,14580,(주)태경비케이,2023,2024,mid_sized,manufacturing,2024,test,0,0.0038190773,0,0,0,0.5,0.5242080092430115,0.5242080092430115,안정
KOSPI,14680,(주)한솔케미칼,2023,2024,mid_sized,manufacturing,2024,test,0,0.0032902714,0,0,0,0.5,0.5242080092430115,0.5242080092430115,안정
KOSPI,14680,(주)한솔케미칼,2024,2025,mid_sized,manufacturing,2025,test,0,0.004938243,0,0,0,0.5,0.5242080092430115,0.5242080092430115,안정
KOSPI,14790,에이치엘디앤아이한라(주),2023,2024,mid_sized,construction,2024,test,0,0.25468495,0,0,0,0.5,0.5242080092430115,0.5242080092430115,안정
KOSPI,14820,동원시스템즈(주),2023,2024,mid_sized,manufacturing,2024,test,0,0.021448642,0,0,0,0.5,0.5242080092430115,0.5242080092430115,안정
KOSPI,15230,대창단조(주),2023,2024,mid_sized,manufacturing,2024,test,0,0.002247334,0,0,0,0.5,0.5242080092430115,0.5242080092430115,안정
KOSPI,15890,태경산업(주),2023,2024,mid_sized,manufacturing,2024,test,0,0.015785035,0,0,0,0.5,0.5242080092430115,0.5242080092430115,안정
KOSPI,16450,한세예스24홀딩스(주),2023,2024,mid_sized,manufacturing,2024,test,0,0.14591774,0,0,0,0.5,0.5242080092430115,0.5242080092430115,안정
KOSPI,16710,대성홀딩스(주),2023,2024,mid_sized,it_services,2024,test,0,0.040115424,0,0,0,0.5,0.5242080092430115,0.5242080092430115,안정
KOSPI,16740,(주)두올,2023,2024,mid_sized,manufacturing,2024,test,0,0.078365445,0,0,0,0.5,0.5242080092430115,0.5242080092430115,안정
KOSPI,17550,(주)수산세보틱스,2023,2024,mid_sized,manufacturing,2024,test,0,0.2182875,0,0,0,0.5,0.5242080092430115,0.5242080092430115,안정
KOSPI,17670,에스케이텔레콤(주),2023,2024,large,it_services,2024,test,0,0.0010511571,0,0,0,0.5,0.5242080092430115,0.5242080092430115,안정
KOSPI,17670,에스케이텔레콤(주),2024,2025,large,it_services,2025,test,0,0.0010127429,0,0,0,0.5,0.5242080092430115,0.5242080092430115,안정
KOSPI,17800,현대엘리베이터(주),2023,2024,mid_sized,manufacturing,2024,test,0,0.06452247,0,0,0,0.5,0.5242080092430115,0.5242080092430115,안정
KOSPI,17940,(주)이원,2023,2024,large,wholesale_retail,2024,test,0,0.012945236,0,0,0,0.5,0.5242080092430115,0.5242080092430115,안정
KOSPI,17960,(주)한국카본,2023,2024,mid_sized,manufacturing,2024,test,0,0.10927379,0,0,0,0.5,0.5242080092430115,0.5242080092430115,안정
KOSPI,18670,에스케이가스(주),2023,2024,large,wholesale_retail,2024,test,0,0.0026296733,0,0,0,0.5,0.5242080092430115,0.5242080092430115,안정
KOSPI,18880,한온시스템(주),2023,2024,mid_sized,manufacturing,2024,test,0,0.04572746,0,0,0,0.5,0.5242080092430115,0.5242080092430115,안정
KOSPI,23350,(주)한국종합기술,2023,2024,mid_sized,it_services,2024,test,0,0.2986761,0,0,0,0.5,0.5242080092430115,0.5242080092430115,안정
KOSPI,23530,롯데쇼핑(주),2023,2024,large,wholesale_retail,2024,test,0,0.0110853985,0,0,0,0.5,0.5242080092430115,0.5242080092430115,안정
KOSPI,25540,한국단자공업(주),2023,2024,mid_sized,manufacturing,2024,test,0,0.002973316,0,0,0,0.5,0.5242080092430115,0.5242080092430115,안정
KOSPI,25620,차에이아이헬스케어(주),2023,2024,small_and_medium,manufacturing,2024,test,1,0.9478102,1,1,1,0.5,0.5242080092430115,0.5242080092430115,고위험
KOSPI,25750,(주)한솔홈데코,2023,2024,mid_sized,manufacturing,2024,test,0,0.8550741,1,1,1,0.5,0.5242080092430115,0.5242080092430115,고위험
KOSPI,25860,남해화학(주),2023,2024,large,manufacturing,2024,test,0,0.021614239,0,0,0,0.5,0.5242080092430115,0.5242080092430115,안정
KOSPI,26960,(주)동서,2023,2024,mid_sized,wholesale_retail,2024,test,0,0.0020608716,0,0,0,0.5,0.5242080092430115,0.5242080092430115,안정
KOSPI,26960,(주)동서,2024,2025,mid_sized,wholesale_retail,2025,test,0,0.0027307642,0,0,0,0.5,0.5242080092430115,0.5242080092430115,안정
KOSPI,28100,(주)동아지질,2023,2024,mid_sized,construction,2024,test,0,0.114880085,0,0,0,0.5,0.5242080092430115,0.5242080092430115,안정
KOSPI,28100,(주)동아지질,2024,2025,mid_sized,construction,2025,test,0,0.17335154,0,0,0,0.5,0.5242080092430115,0.5242080092430115,안정
KOSPI,28260,삼성물산(주),2023,2024,large,wholesale_retail,2024,test,0,0.0005984971,0,0,0,0.5,0.5242080092430115,0.5242080092430115,안정
KOSPI,28670,팬오션(주),2023,2024,large,transport_storage,2024,test,0,0.007955929,0,0,0,0.5,0.5242080092430115,0.5242080092430115,안정
KOSPI,29460,(주)케이씨,2023,2024,mid_sized,manufacturing,2024,test,0,0.0120079275,0,0,0,0.5,0.5242080092430115,0.5242080092430115,안정
KOSPI,30000,(주)제일기획,2023,2024,large,it_services,2024,test,0,0.0011287326,0,0,0,0.5,0.5242080092430115,0.5242080092430115,안정
KOSPI,30200,(주)케이티,2023,2024,large,it_services,2024,test,0,0.0014742778,0,0,0,0.5,0.5242080092430115,0.5242080092430115,안정
KOSPI,31440,(주)신세계푸드,2023,2024,large,it_services,2024,test,0,0.0019145092,0,0,0,0.5,0.5242080092430115,0.5242080092430115,안정
KOSPI,31820,(주)아이티센씨티에스,2023,2024,mid_sized,it_services,2024,test,0,0.08319371,0,0,0,0.5,0.5242080092430115,0.5242080092430115,안정
KOSPI,32560,(주)황금에스티,2023,2024,mid_sized,manufacturing,2024,test,0,0.016026974,0,0,0,0.5,0.5242080092430115,0.5242080092430115,안정
KOSPI,32560,(주)황금에스티,2024,2025,mid_sized,manufacturing,2025,test,0,0.040723708,0,0,0,0.5,0.5242080092430115,0.5242080092430115,안정
KOSPI,32640,(주)엘지유플러스,2023,2024,large,it_services,2024,test,0,0.0012679682,0,0,0,0.5,0.5242080092430115,0.5242080092430115,안정
KOSPI,33250,(주)체시스,2023,2024,small_and_medium,manufacturing,2024,test,1,0.9501847,1,1,1,0.5,0.5242080092430115,0.5242080092430115,고위험
KOSPI,33530,에스제이지세종(주),2023,2024,mid_sized,manufacturing,2024,test,0,0.039702665,0,0,0,0.5,0.5242080092430115,0.5242080092430115,안정
KOSPI,33780,(주)케이티앤지,2023,2024,large,manufacturing,2024,test,0,0.001488213,0,0,0,0.5,0.5242080092430115,0.5242080092430115,안정
KOSPI,34020,두산에너빌리티(주),2023,2024,large,manufacturing,2024,test,0,0.0035825842,0,0,0,0.5,0.5242080092430115,0.5242080092430115,안정
KOSPI,34120,(주)에스비에스,2023,2024,large,it_services,2024,test,0,0.0017731544,0,0,0,0.5,0.5242080092430115,0.5242080092430115,안정
KOSPI,34220,엘지디스플레이(주),2023,2024,large,manufacturing,2024,test,0,0.015666414,0,0,0,0.5,0.5242080092430115,0.5242080092430115,안정
KOSPI,34730,에스케이(주),2023,2024,large,it_services,2024,test,0,0.003136511,0,0,0,0.5,0.5242080092430115,0.5242080092430115,안정
KOSPI,34730,에스케이(주),2024,2025,large,it_services,2025,test,0,0.0074703135,0,0,0,0.5,0.5242080092430115,0.5242080092430115,안정
KOSPI,35000,(주)에이치에스애드,2023,2024,large,it_services,2024,test,0,0.0045352336,0,0,0,0.5,0.5242080092430115,0.5242080092430115,안정
KOSPI,35150,(주)백산,2023,2024,mid_sized,manufacturing,2024,test,0,0.030937122,0,0,0,0.5,0.5242080092430115,0.5242080092430115,안정
KOSPI,36420,(주)콘텐트리중앙,2023,2024,mid_sized,it_services,2024,test,0,0.01675448,0,0,0,0.5,0.5242080092430115,0.5242080092430115,안정
KOSPI,36460,한국가스공사(주),2023,2024,mid_sized,other,2024,test,0,0.018063402,0,0,0,0.5,0.5242080092430115,0.5242080092430115,안정
KOSPI,37560,(주)엘지헬로비전,2023,2024,large,it_services,2024,test,0,0.0011242668,0,0,0,0.5,0.5242080092430115,0.5242080092430115,안정
KOSPI,37560,(주)엘지헬로비전,2024,2025,large,it_services,2025,test,0,0.002473801,0,0,0,0.5,0.5242080092430115,0.5242080092430115,안정
KOSPI,37710,(주)광주신세계,2023,2024,large,wholesale_retail,2024,test,0,0.09091934,0,0,0,0.5,0.5242080092430115,0.5242080092430115,안정
KOSPI,39130,(주)하나투어,2023,2024,mid_sized,it_services,2024,test,0,0.026777277,0,0,0,0.5,0.5242080092430115,0.5242080092430115,안정
KOSPI,42660,한화오션(주),2023,2024,large,manufacturing,2024,test,0,0.8715532,1,1,1,0.5,0.5242080092430115,0.5242080092430115,고위험
KOSPI,42670,에이치디현대인프라코어(주),2023,2024,large,manufacturing,2024,test,0,0.0063638235,0,0,0,0.5,0.5242080092430115,0.5242080092430115,안정
KOSPI,44380,(주)주연테크,2023,2024,small_and_medium,manufacturing,2024,test,1,0.9591342,1,1,1,0.5,0.5242080092430115,0.5242080092430115,고위험
KOSPI,47040,(주)대우건설,2023,2024,large,construction,2024,test,0,0.04753126,0,0,0,0.5,0.5242080092430115,0.5242080092430115,안정
KOSPI,47400,유니온머티리얼(주),2023,2024,mid_sized,manufacturing,2024,test,0,0.9612189,1,1,1,0.5,0.5242080092430115,0.5242080092430115,고위험
KOSPI,47810,한국항공우주산업(주),2023,2024,mid_sized,manufacturing,2024,test,0,0.019573817,0,0,0,0.5,0.5242080092430115,0.5242080092430115,안정
KOSPI,49770,(주)동원에프앤비,2023,2024,mid_sized,manufacturing,2024,test,0,0.00770438,0,0,0,0.5,0.5242080092430115,0.5242080092430115,안정
KOSPI,51600,한전케이피에스(주),2023,2024,mid_sized,construction,2024,test,0,0.0011271917,0,0,0,0.5,0.5242080092430115,0.5242080092430115,안정
KOSPI,51910,(주)엘지화학,2023,2024,large,manufacturing,2024,test,0,0.0041363304,0,0,0,0.5,0.5242080092430115,0.5242080092430115,안정
KOSPI,53210,(주)케이티스카이라이프,2023,2024,large,it_services,2024,test,0,0.0018978664,0,0,0,0.5,0.5242080092430115,0.5242080092430115,안정
KOSPI,58730,다스코(주),2023,2024,mid_sized,manufacturing,2024,test,0,0.16864716,0,0,0,0.5,0.5242080092430115,0.5242080092430115,안정
KOSPI,60980,에이치엘홀딩스(주),2023,2024,mid_sized,it_services,2024,test,0,0.01283303,0,0,0,0.5,0.5242080092430115,0.5242080092430115,안정
KOSPI,64350,현대로템(주),2023,2024,large,manufacturing,2024,test,0,0.0124945,0,0,0,0.5,0.5242080092430115,0.5242080092430115,안정
KOSPI,66570,엘지전자(주),2023,2024,large,manufacturing,2024,test,0,0.0042519416,0,0,0,0.5,0.5242080092430115,0.5242080092430115,안정
KOSPI,69260,티케이지휴켐스(주),2023,2024,mid_sized,manufacturing,2024,test,0,0.0015980502,0,0,0,0.5,0.5242080092430115,0.5242080092430115,안정
KOSPI,69460,(주)대호에이엘,2024,2025,mid_sized,manufacturing,2025,test,0,0.37717918,0,0,0,0.5,0.5242080092430115,0.5242080092430115,관찰
KOSPI,69620,(주)대웅제약,2023,2024,mid_sized,manufacturing,2024,test,0,0.009342738,0,0,0,0.5,0.5242080092430115,0.5242080092430115,안정
KOSPI,69960,(주)현대백화점,2023,2024,large,wholesale_retail,2024,test,0,0.0047080796,0,0,0,0.5,0.5242080092430115,0.5242080092430115,안정
KOSPI,70960,모나용평(주),2023,2024,mid_sized,it_services,2024,test,0,0.32200566,0,0,0,0.5,0.5242080092430115,0.5242080092430115,안정
KOSPI,71320,한국지역난방공사,2023,2024,mid_sized,other,2024,test,0,0.0185249,0,0,0,0.5,0.5242080092430115,0.5242080092430115,안정
KOSPI,71840,롯데하이마트(주),2023,2024,large,wholesale_retail,2024,test,0,0.074490234,0,0,0,0.5,0.5242080092430115,0.5242080092430115,안정
KOSPI,71970,에이치디현대마린엔진(주),2023,2024,mid_sized,manufacturing,2024,test,1,0.6145815,1,1,1,0.5,0.5242080092430115,0.5242080092430115,관찰
KOSPI,73240,금호타이어(주),2023,2024,mid_sized,manufacturing,2024,test,0,0.7317401,1,1,1,0.5,0.5242080092430115,0.5242080092430115,고위험
KOSPI,78930,(주)지에스,2023,2024,large,it_services,2024,test,0,0.013340786,0,0,0,0.5,0.5242080092430115,0.5242080092430115,안정
KOSPI,79160,씨제이씨지브이(주),2023,2024,large,it_services,2024,test,0,0.0059287082,0,0,0,0.5,0.5242080092430115,0.5242080092430115,안정
KOSPI,79550,엘아이지넥스원(주),2023,2024,mid_sized,manufacturing,2024,test,0,0.014307458,0,0,0,0.5,0.5242080092430115,0.5242080092430115,안정
KOSPI,79980,(주)휴비스,2023,2024,mid_sized,manufacturing,2024,test,0,0.7002631,1,1,1,0.5,0.5242080092430115,0.5242080092430115,고위험
KOSPI,84690,대상홀딩스(주),2023,2024,mid_sized,it_services,2024,test,0,0.011719108,0,0,0,0.5,0.5242080092430115,0.5242080092430115,안정
KOSPI,86280,현대글로비스(주),2023,2024,large,transport_storage,2024,test,0,0.0023163976,0,0,0,0.5,0.5242080092430115,0.5242080092430115,안정
KOSPI,89860,롯데렌탈(주),2023,2024,large,it_services,2024,test,0,0.0011431146,0,0,0,0.5,0.5242080092430115,0.5242080092430115,안정
KOSPI,93050,(주)엘에프,2023,2024,mid_sized,manufacturing,2024,test,0,0.0107125,0,0,0,0.5,0.5242080092430115,0.5242080092430115,안정
KOSPI,93370,(주)후성,2023,2024,mid_sized,manufacturing,2024,test,1,0.53370607,1,1,1,0.5,0.5242080092430115,0.5242080092430115,관찰
KOSPI,94280,효성아이티엑스(주),2023,2024,large,it_services,2024,test,0,0.025824782,0,0,0,0.5,0.5242080092430115,0.5242080092430115,안정
KOSPI,95570,에이제이네트웍스(주),2023,2024,mid_sized,it_services,2024,test,0,0.00391745,0,0,0,0.5,0.5242080092430115,0.5242080092430115,안정
KOSPI,96770,에스케이이노베이션(주),2023,2024,large,manufacturing,2024,test,0,0.027493624,0,0,0,0.5,0.5242080092430115,0.5242080092430115,안정
KOSPI,97950,씨제이제일제당(주),2023,2024,large,manufacturing,2024,test,0,0.009181505,0,0,0,0.5,0.5242080092430115,0.5242080092430115,안정
KOSPI,100090,에스케이오션플랜트(주),2023,2024,large,manufacturing,2024,test,0,0.0610127,0,0,0,0.5,0.5242080092430115,0.5242080092430115,안정
KOSPI,101530,해태제과식품(주),2023,2024,mid_sized,manufacturing,2024,test,0,0.058863487,0,0,0,0.5,0.5242080092430115,0.5242080092430115,안정
KOSPI,103140,(주)풍산,2023,2024,mid_sized,manufacturing,2024,test,0,0.005522968,0,0,0,0.5,0.5242080092430115,0.5242080092430115,안정
KOSPI,104700,한국철강(주),2023,2024,mid_sized,manufacturing,2024,test,0,0.3371139,0,0,0,0.5,0.5242080092430115,0.5242080092430115,안정
KOSPI,105630,한세실업(주),2023,2024,mid_sized,manufacturing,2024,test,0,0.005472707,0,0,0,0.5,0.5242080092430115,0.5242080092430115,안정
KOSPI,105840,(주)우진,2023,2024,mid_sized,manufacturing,2024,test,0,0.0047503007,0,0,0,0.5,0.5242080092430115,0.5242080092430115,안정
KOSPI,108670,(주)엘엑스하우시스,2023,2024,large,manufacturing,2024,test,0,0.00498515,0,0,0,0.5,0.5242080092430115,0.5242080092430115,안정
KOSPI,117580,대성에너지(주),2023,2024,mid_sized,other,2024,test,0,0.024975942,0,0,0,0.5,0.5242080092430115,0.5242080092430115,안정
KOSPI,120110,코오롱인더스트리(주),2023,2024,large,manufacturing,2024,test,0,0.006095447,0,0,0,0.5,0.5242080092430115,0.5242080092430115,안정
KOSPI,136490,(주)선진,2023,2024,large,manufacturing,2024,test,0,0.020189516,0,0,0,0.5,0.5242080092430115,0.5242080092430115,안정
KOSPI,138490,코오롱이앤피(주),2023,2024,large,manufacturing,2024,test,0,0.0020748521,0,0,0,0.5,0.5242080092430115,0.5242080092430115,안정
KOSPI,139480,(주)이마트,2023,2024,large,wholesale_retail,2024,test,0,0.0014371728,0,0,0,0.5,0.5242080092430115,0.5242080092430115,안정
KOSPI,139990,아주스틸(주),2023,2024,mid_sized,manufacturing,2024,test,1,0.66788375,1,1,1,0.5,0.5242080092430115,0.5242080092430115,고위험
KOSPI,139990,아주스틸(주),2024,2025,mid_sized,manufacturing,2025,test,1,0.85121423,1,1,1,0.5,0.5242080092430115,0.5242080092430115,고위험
KOSPI,145990,(주)삼양사,2023,2024,mid_sized,manufacturing,2024,test,0,0.009548069,0,0,0,0.5,0.5242080092430115,0.5242080092430115,안정
KOSPI,161390,한국타이어앤테크놀로지(주),2023,2024,mid_sized,manufacturing,2024,test,0,0.0026676154,0,0,0,0.5,0.5242080092430115,0.5242080092430115,안정
KOSPI,161390,한국타이어앤테크놀로지(주),2024,2025,large,manufacturing,2025,test,0,0.00096198614,0,0,0,0.5,0.5242080092430115,0.5242080092430115,안정
KOSPI,161890,한국콜마(주),2023,2024,mid_sized,manufacturing,2024,test,0,0.004757904,0,0,0,0.5,0.5242080092430115,0.5242080092430115,안정
KOSPI,163560,동일고무벨트(주),2023,2024,mid_sized,manufacturing,2024,test,0,0.22194885,0,0,0,0.5,0.5242080092430115,0.5242080092430115,안정
KOSPI,170900,동아에스티(주),2023,2024,mid_sized,manufacturing,2024,test,0,0.0021812152,0,0,0,0.5,0.5242080092430115,0.5242080092430115,안정
KOSPI,180640,(주)한진칼,2023,2024,large,it_services,2024,test,0,0.0028234303,0,0,0,0.5,0.5242080092430115,0.5242080092430115,안정
KOSPI,180640,(주)한진칼,2024,2025,large,it_services,2025,test,0,0.0048985626,0,0,0,0.5,0.5242080092430115,0.5242080092430115,안정
KOSPI,185750,(주)종근당,2023,2024,mid_sized,manufacturing,2024,test,0,0.0043393997,0,0,0,0.5,0.5242080092430115,0.5242080092430115,안정
KOSPI,192080,(주)더블유게임즈,2023,2024,mid_sized,it_services,2024,test,0,0.0082067745,0,0,0,0.5,0.5242080092430115,0.5242080092430115,안정
KOSPI,194370,(주)제이에스코퍼레이션,2023,2024,mid_sized,manufacturing,2024,test,0,0.21021062,0,0,0,0.5,0.5242080092430115,0.5242080092430115,안정
KOSPI,204320,에이치엘만도(주),2023,2024,mid_sized,manufacturing,2024,test,0,0.009816919,0,0,0,0.5,0.5242080092430115,0.5242080092430115,안정
KOSPI,213500,한솔제지(주),2023,2024,mid_sized,manufacturing,2024,test,0,0.026467703,0,0,0,0.5,0.5242080092430115,0.5242080092430115,안정
KOSPI,214320,(주)이노션,2023,2024,large,it_services,2024,test,0,0.0009195099,0,0,0,0.5,0.5242080092430115,0.5242080092430115,안정
KOSPI,214330,(주)금호에이치티,2023,2024,mid_sized,manufacturing,2024,test,1,0.6507462,1,1,1,0.5,0.5242080092430115,0.5242080092430115,고위험
KOSPI,244920,(주)에이플러스에셋어드바이저,2023,2024,other,other,2024,test,0,0.13731696,0,0,0,0.5,0.5242080092430115,0.5242080092430115,안정
KOSPI,251270,넷마블(주),2023,2024,large,it_services,2024,test,0,0.0038926087,0,0,0,0.5,0.5242080092430115,0.5242080092430115,안정
KOSPI,267250,에이치디현대(주),2023,2024,large,it_services,2024,test,0,0.0022989616,0,0,0,0.5,0.5242080092430115,0.5242080092430115,안정
KOSPI,267260,에이치디현대일렉트릭(주),2023,2024,large,manufacturing,2024,test,0,0.026950913,0,0,0,0.5,0.5242080092430115,0.5242080092430115,안정
KOSPI,267270,에이치디건설기계(주),2023,2024,large,manufacturing,2024,test,0,0.0026883918,0,0,0,0.5,0.5242080092430115,0.5242080092430115,안정
KOSPI,267850,아시아나아이디티(주),2023,2024,large,it_services,2024,test,0,0.09058119,0,0,0,0.5,0.5242080092430115,0.5242080092430115,안정
KOSPI,272210,한화시스템(주),2023,2024,large,manufacturing,2024,test,0,0.0029138168,0,0,0,0.5,0.5242080092430115,0.5242080092430115,안정
KOSPI,272550,(주)삼양패키징,2023,2024,mid_sized,manufacturing,2024,test,0,0.010000494,0,0,0,0.5,0.5242080092430115,0.5242080092430115,안정
KOSPI,280360,롯데웰푸드(주),2023,2024,large,manufacturing,2024,test,0,0.0014291696,0,0,0,0.5,0.5242080092430115,0.5242080092430115,안정
KOSPI,281820,(주)케이씨텍,2023,2024,mid_sized,manufacturing,2024,test,0,0.33199093,0,0,0,0.5,0.5242080092430115,0.5242080092430115,안정
KOSPI,282330,(주)비지에프리테일,2023,2024,mid_sized,wholesale_retail,2024,test,0,0.0051575014,0,0,0,0.5,0.5242080092430115,0.5242080092430115,안정
KOSPI,285130,에스케이케미칼(주),2023,2024,large,manufacturing,2024,test,0,0.0017010577,0,0,0,0.5,0.5242080092430115,0.5242080092430115,안정
KOSPI,285130,에스케이케미칼(주),2024,2025,large,manufacturing,2025,test,0,0.005536582,0,0,0,0.5,0.5242080092430115,0.5242080092430115,안정
KOSPI,294870,에이치디씨현대산업개발(주),2023,2024,large,construction,2024,test,0,0.0046014907,0,0,0,0.5,0.5242080092430115,0.5242080092430115,안정
KOSPI,298000,효성화학(주),2023,2024,large,manufacturing,2024,test,0,0.7314031,1,1,1,0.5,0.5242080092430115,0.5242080092430115,고위험
KOSPI,298040,효성중공업(주),2023,2024,large,manufacturing,2024,test,0,0.015947325,0,0,0,0.5,0.5242080092430115,0.5242080092430115,안정
KOSPI,298050,에이치에스효성첨단소재(주),2023,2024,large,manufacturing,2024,test,0,0.020658232,0,0,0,0.5,0.5242080092430115,0.5242080092430115,안정
KOSPI,300720,한일시멘트(주),2023,2024,mid_sized,manufacturing,2024,test,0,0.0017629552,0,0,0,0.5,0.5242080092430115,0.5242080092430115,안정
KOSPI,306200,(주)세아제강,2023,2024,large,manufacturing,2024,test,0,0.09835869,0,0,0,0.5,0.5242080092430115,0.5242080092430115,안정
KOSPI,307950,현대오토에버(주),2023,2024,large,it_services,2024,test,0,0.00068038347,0,0,0,0.5,0.5242080092430115,0.5242080092430115,안정
KOSPI,308170,(주)씨티알모빌리티,2023,2024,mid_sized,manufacturing,2024,test,1,0.927926,1,1,1,0.5,0.5242080092430115,0.5242080092430115,고위험
KOSPI,317400,자이에스앤디(주),2023,2024,large,other,2024,test,0,0.014213149,0,0,0,0.5,0.5242080092430115,0.5242080092430115,안정
KOSPI,329180,에이치디현대중공업(주),2023,2024,large,manufacturing,2024,test,0,0.013147818,0,0,0,0.5,0.5242080092430115,0.5242080092430115,안정
KOSPI,336260,두산퓨얼셀(주),2023,2024,large,manufacturing,2024,test,0,0.17639332,0,0,0,0.5,0.5242080092430115,0.5242080092430115,안정
KOSPI,344820,(주)케이씨씨글라스,2023,2024,large,manufacturing,2024,test,0,0.0006451362,0,0,0,0.5,0.5242080092430115,0.5242080092430115,안정
KOSPI,361610,에스케이아이이테크놀로지(주),2023,2024,large,manufacturing,2024,test,0,0.0041885916,0,0,0,0.5,0.5242080092430115,0.5242080092430115,안정
KOSPI,372910,(주)한컴라이프케어,2023,2024,mid_sized,manufacturing,2024,test,0,0.1896388,0,0,0,0.5,0.5242080092430115,0.5242080092430115,안정
KOSPI,373220,(주)엘지에너지솔루션,2023,2024,large,manufacturing,2024,test,0,0.0027221541,0,0,0,0.5,0.5242080092430115,0.5242080092430115,안정
KOSPI,375500,디엘이앤씨(주),2023,2024,large,construction,2024,test,0,0.003107398,0,0,0,0.5,0.5242080092430115,0.5242080092430115,안정
KOSPI,378850,(주)화승알앤에이,2023,2024,mid_sized,manufacturing,2024,test,0,0.65090686,1,1,1,0.5,0.5242080092430115,0.5242080092430115,고위험
KOSPI,450080,(주)에코프로머티리얼즈,2023,2024,large,manufacturing,2024,test,0,0.16867197,0,0,0,0.5,0.5242080092430115,0.5242080092430115,안정
