candidate_id,is_baseline,max_depth,min_child_weight,gamma,reg_alpha,reg_lambda,subsample,colsample_bytree,scale_pos_weight_multiplier,eval_year,policy_year,train_rows,policy_rows,eval_rows,eval_positive_rate,best_iteration,threshold_tuned,threshold_selection_rule,policy_precision_at_threshold,policy_recall_at_threshold,policy_f1_at_threshold,policy_pr_auc,policy_roc_auc,policy_brier,policy_logloss,eval_pr_auc,eval_roc_auc,eval_brier,eval_logloss,eval_precision_at_threshold,eval_recall_at_threshold,eval_f1_at_threshold,eval_true_negative_at_threshold,eval_false_positive_at_threshold,eval_false_negative_at_threshold,eval_true_positive_at_threshold
baseline_current,True,4,3.0,0.0,0.0,1.0,0.9,0.9,1.0,2019,2018,1490,511,574,0.24390243902439024,208,0.26,policy_max_precision_with_recall_ge_0.85,0.6598639455782312,0.8584070796460177,0.7461538461538462,0.8372569073739627,0.9281140214346066,0.07753907640294985,0.2649589479902782,0.8339327529852092,0.9332620144832127,0.08156045581514801,0.2728337392380238,0.6775956284153005,0.8857142857142857,0.7678018575851393,375,59,16,124
baseline_current,True,4,3.0,0.0,0.0,1.0,0.9,0.9,1.0,2020,2019,2001,574,603,0.2504145936981758,397,0.355,policy_max_precision_with_recall_ge_0.85,0.7628205128205128,0.85,0.8040540540540541,0.8756525229728871,0.9542462146148781,0.07080758389028523,0.2341188780204614,0.8539769071400813,0.9408222469671218,0.08217155970167543,0.26482676658392096,0.7407407407407407,0.7947019867549668,0.7667731629392971,410,42,31,120
baseline_current,True,4,3.0,0.0,0.0,1.0,0.9,0.9,1.0,2021,2020,2575,603,673,0.2451708766716196,372,0.305,policy_max_precision_with_recall_ge_0.85,0.7318435754189944,0.8675496688741722,0.793939393939394,0.8782915203560517,0.9493787727832151,0.07491681402021401,0.2438440196179327,0.8217395440230841,0.9226079694583632,0.09093402184296816,0.29620962359363856,0.6456310679611651,0.806060606060606,0.7169811320754716,435,73,32,133
baseline_current,True,4,3.0,0.0,0.0,1.0,0.9,0.9,1.0,2022,2021,3178,673,676,0.2603550295857988,169,0.24,policy_max_precision_with_recall_ge_0.85,0.6396396396396397,0.8606060606060606,0.7338501291989664,0.8355013023750794,0.932307325220711,0.08615538492126616,0.2770493658670789,0.835461477433602,0.9282840909090908,0.09009746489562304,0.2931405833498422,0.7027027027027027,0.8863636363636364,0.7839195979899497,434,66,20,156
hand_regularized_01,False,3,8.0,0.5,0.05,3.0,0.8,0.8,1.0,2019,2018,1490,511,574,0.24390243902439024,398,0.21,policy_max_precision_with_recall_ge_0.85,0.593939393939394,0.8672566371681416,0.7050359712230215,0.8244897661556235,0.9212433850669276,0.08261313216628591,0.27626973410433836,0.8281883567824987,0.928818301514154,0.08528282988495564,0.2821929621197161,0.6089108910891089,0.8785714285714286,0.7192982456140351,355,79,17,123
hand_regularized_01,False,3,8.0,0.5,0.05,3.0,0.8,0.8,1.0,2020,2019,2001,574,603,0.2504145936981758,180,0.385,policy_max_precision_with_recall_ge_0.85,0.7735849056603774,0.8785714285714286,0.822742474916388,0.8557154397846157,0.9442067149440422,0.07596476562295473,0.2543317604372093,0.839908152486869,0.9344634589462579,0.08509714362735539,0.277404523710785,0.7577639751552795,0.8079470198675497,0.782051282051282,413,39,29,122
hand_regularized_01,False,3,8.0,0.5,0.05,3.0,0.8,0.8,1.0,2021,2020,2575,603,673,0.2451708766716196,390,0.28,policy_max_precision_with_recall_ge_0.85,0.7010869565217391,0.8543046357615894,0.7701492537313432,0.8689758093649413,0.9459649534079587,0.07641948604680969,0.25015946380322746,0.8161409411607724,0.9202696253877357,0.09378696162952184,0.3025707553472709,0.6388888888888888,0.8363636363636363,0.7244094488188977,430,78,27,138
hand_regularized_01,False,3,8.0,0.5,0.05,3.0,0.8,0.8,1.0,2022,2021,3178,673,676,0.2603550295857988,382,0.275,policy_max_precision_with_recall_ge_0.85,0.6746411483253588,0.8545454545454545,0.7540106951871658,0.8409833782140248,0.9337508947745168,0.08463020590503603,0.27433990524939444,0.825188776046236,0.9263181818181819,0.09176948196848343,0.29743095956925863,0.7009345794392523,0.8522727272727273,0.7692307692307693,436,64,26,150
hand_regularized_02,False,3,12.0,1.0,0.2,6.0,0.8,0.8,1.0,2019,2018,1490,511,574,0.24390243902439024,335,0.215,policy_max_precision_with_recall_ge_0.85,0.5950920245398773,0.8584070796460177,0.7028985507246377,0.8213867049429964,0.921465735758438,0.0827690231707106,0.27652872914853593,0.8273059723903237,0.9309249506254115,0.08387822809762967,0.27863359429150103,0.6086956521739131,0.9,0.7262247838616714,353,81,14,126
hand_regularized_02,False,3,12.0,1.0,0.2,6.0,0.8,0.8,1.0,2020,2019,2001,574,603,0.2504145936981758,301,0.33,policy_max_precision_with_recall_ge_0.85,0.7317073170731707,0.8571428571428571,0.7894736842105263,0.8548175477729109,0.9451777485187624,0.07646470108646213,0.25248245879735626,0.8438360335748758,0.9361483912559339,0.08428649407774752,0.2748598913611642,0.7425149700598802,0.8211920529801324,0.779874213836478,409,43,27,124
hand_regularized_02,False,3,12.0,1.0,0.2,6.0,0.8,0.8,1.0,2021,2020,2575,603,673,0.2451708766716196,398,0.305,policy_max_precision_with_recall_ge_0.85,0.7288135593220338,0.8543046357615894,0.7865853658536586,0.8681069791478109,0.9452177225575807,0.07730789056118026,0.2517916860409302,0.8170541016015949,0.9221307563827249,0.09243826110369144,0.2974384435738624,0.6540284360189573,0.8363636363636363,0.7340425531914894,435,73,27,138
hand_regularized_02,False,3,12.0,1.0,0.2,6.0,0.8,0.8,1.0,2022,2021,3178,673,676,0.2603550295857988,397,0.23,policy_max_precision_with_recall_ge_0.85,0.6367713004484304,0.8606060606060606,0.7319587628865979,0.8313848077812671,0.9294321164399906,0.08733750643636155,0.28251473131390414,0.8183458118501847,0.9240795454545454,0.09359101354852548,0.3026432445607502,0.6622807017543859,0.8579545454545454,0.7475247524752475,423,77,25,151
hand_regularized_03,False,2,10.0,1.0,0.2,6.0,0.8,0.8,1.0,2019,2018,1490,511,574,0.24390243902439024,383,0.235,policy_max_precision_with_recall_ge_0.85,0.5914634146341463,0.8584070796460177,0.7003610108303249,0.8032647288077072,0.9167519010984124,0.0868357846224549,0.2876174776728243,0.8276604923163965,0.9284233048057933,0.08574881836446241,0.2839690380093849,0.6212121212121212,0.8785714285714286,0.727810650887574,359,75,17,123
hand_regularized_03,False,2,10.0,1.0,0.2,6.0,0.8,0.8,1.0,2020,2019,2001,574,603,0.2504145936981758,275,0.375,policy_max_precision_with_recall_ge_0.85,0.7317073170731707,0.8571428571428571,0.7894736842105263,0.8528967557830612,0.9422646477946017,0.07695419555751322,0.2577340453952285,0.8365287872536872,0.9317089609095704,0.08570132503949397,0.2819735578702802,0.7530864197530864,0.8079470198675497,0.7795527156549521,412,40,29,122
hand_regularized_03,False,2,10.0,1.0,0.2,6.0,0.8,0.8,1.0,2021,2020,2575,603,673,0.2451708766716196,399,0.285,policy_max_precision_with_recall_ge_0.85,0.7252747252747253,0.8741721854304636,0.7927927927927928,0.854265488040969,0.9381263552716405,0.08115631587126451,0.2652022289042875,0.8106855656862096,0.9200906704843712,0.09405969362864942,0.3009410679957929,0.6448598130841121,0.8363636363636363,0.7282321899736148,432,76,27,138
hand_regularized_03,False,2,10.0,1.0,0.2,6.0,0.8,0.8,1.0,2022,2021,3178,673,676,0.2603550295857988,383,0.255,policy_max_precision_with_recall_ge_0.85,0.6351351351351351,0.8545454545454545,0.7286821705426356,0.8231517912740453,0.925709854450012,0.09004886750794713,0.288737185167582,0.8205183611793154,0.9225454545454544,0.09307937110290075,0.30270031198627223,0.6894977168949772,0.8579545454545454,0.7645569620253164,432,68,25,151
hand_regularized_04,False,2,15.0,3.0,1.0,10.0,0.65,0.65,1.0,2019,2018,1490,511,574,0.24390243902439024,335,0.195,policy_max_precision_with_recall_ge_0.85,0.5542857142857143,0.8584070796460177,0.6736111111111112,0.7920013299213224,0.9111264286031929,0.09084382970759029,0.29679585462702296,0.8234470678695428,0.9290816326530613,0.08700063840102745,0.28602378062918976,0.5720720720720721,0.9071428571428571,0.7016574585635359,339,95,13,127
hand_regularized_04,False,2,15.0,3.0,1.0,10.0,0.65,0.65,1.0,2020,2019,2001,574,603,0.2504145936981758,379,0.31,policy_max_precision_with_recall_ge_0.85,0.7076023391812866,0.8642857142857143,0.7781350482315113,0.847099352438733,0.9401909150757077,0.07964931379287608,0.2620568729745144,0.8398118555464368,0.9336576217546738,0.08410477473576548,0.2780475985464288,0.7039106145251397,0.8344370860927153,0.7636363636363637,399,53,25,126
hand_regularized_04,False,2,15.0,3.0,1.0,10.0,0.65,0.65,1.0,2021,2020,2575,603,673,0.2451708766716196,398,0.325,policy_max_precision_with_recall_ge_0.85,0.7303370786516854,0.8609271523178808,0.790273556231003,0.855442592840083,0.9391519662427474,0.08183058030602841,0.2662284572797869,0.8043293223113845,0.9185516583154378,0.09557712214643338,0.3038825906584594,0.6473429951690821,0.8121212121212121,0.7204301075268817,435,73,31,134
hand_regularized_04,False,2,15.0,3.0,1.0,10.0,0.65,0.65,1.0,2022,2021,3178,673,676,0.2603550295857988,374,0.255,policy_max_precision_with_recall_ge_0.85,0.6351351351351351,0.8545454545454545,0.7286821705426356,0.8190451536631792,0.9255308995466476,0.09112713086255664,0.2896621087984272,0.8144832339562194,0.9229545454545456,0.09385778415876886,0.3031613825297555,0.6860986547085202,0.8693181818181818,0.7669172932330827,430,70,23,153
hand_regularized_05,False,3,8.0,1.0,0.2,6.0,0.65,0.8,1.2,2019,2018,1490,511,574,0.24390243902439024,334,0.23,policy_max_precision_with_recall_ge_0.85,0.610062893081761,0.8584070796460177,0.7132352941176471,0.8207240503762663,0.9189309378752167,0.08386307338259888,0.27943062674684055,0.8269751987991664,0.9274193548387097,0.08531313366985391,0.28289889124244283,0.6119402985074627,0.8785714285714286,0.7214076246334311,356,78,17,123
hand_regularized_05,False,3,8.0,1.0,0.2,6.0,0.65,0.8,1.2,2020,2019,2001,574,603,0.2504145936981758,304,0.32,policy_max_precision_with_recall_ge_0.85,0.7212121212121212,0.85,0.780327868852459,0.8569369645539323,0.9456221198156681,0.07619132098337446,0.2515995278947652,0.8475101094359325,0.9375842466154838,0.08308209669967595,0.27063239565865954,0.7411764705882353,0.8344370860927153,0.7850467289719626,408,44,25,126
hand_regularized_05,False,3,8.0,1.0,0.2,6.0,0.65,0.8,1.2,2021,2020,2575,603,673,0.2451708766716196,323,0.315,policy_max_precision_with_recall_ge_0.85,0.7329545454545454,0.8543046357615894,0.7889908256880734,0.872901240161425,0.9478403563265546,0.07662042492137223,0.24789256031078571,0.8195202440577276,0.9228107850155094,0.09291290360772399,0.2971791954035071,0.665,0.806060606060606,0.7287671232876712,441,67,32,133
hand_regularized_05,False,3,8.0,1.0,0.2,6.0,0.65,0.8,1.2,2022,2021,3178,673,676,0.2603550295857988,399,0.255,policy_max_precision_with_recall_ge_0.85,0.6513761467889908,0.8606060606060606,0.741514360313316,0.8312791712971322,0.9311858744929611,0.08657716558418356,0.27989984341279484,0.8218207478047445,0.926,0.0922750932755171,0.2987953901669247,0.7009345794392523,0.8522727272727273,0.7692307692307693,436,64,26,150
grid_regularized_001,False,2,5.0,1.0,0.0,3.0,0.8,0.9,0.8,2019,2018,1490,511,574,0.24390243902439024,208,0.24,policy_max_precision_with_recall_ge_0.85,0.5987654320987654,0.8584070796460177,0.7054545454545454,0.7992765542178222,0.9155067372259527,0.08823136854736857,0.2898742907296477,0.828086491640979,0.9275345622119816,0.08584237665808457,0.28560447162946684,0.6294416243654822,0.8857142857142857,0.7359050445103857,361,73,16,124
grid_regularized_001,False,2,5.0,1.0,0.0,3.0,0.8,0.9,0.8,2020,2019,2001,574,603,0.2504145936981758,195,0.37,policy_max_precision_with_recall_ge_0.85,0.75,0.8571428571428571,0.8,0.853292363175248,0.9393515470704411,0.07749611000183383,0.26331112577769555,0.8264518205420678,0.9257164625212448,0.0898619808491851,0.2953769481822506,0.7309941520467836,0.8278145695364238,0.7763975155279503,406,46,26,125
grid_regularized_001,False,2,5.0,1.0,0.0,3.0,0.8,0.9,0.8,2021,2020,2575,603,673,0.2451708766716196,395,0.305,policy_max_precision_with_recall_ge_0.85,0.7262569832402235,0.8609271523178808,0.7878787878787878,0.8578697253713854,0.9405878216022974,0.08008013588582744,0.2616106173204425,0.8114928679243741,0.9205917442137914,0.09270077790568526,0.2993092343551101,0.6571428571428571,0.8363636363636363,0.736,436,72,27,138
grid_regularized_001,False,2,5.0,1.0,0.0,3.0,0.8,0.9,0.8,2022,2021,3178,673,676,0.2603550295857988,310,0.25,policy_max_precision_with_recall_ge_0.85,0.6409090909090909,0.8545454545454545,0.7324675324675325,0.825216840736182,0.9272846575996183,0.08941926385762533,0.2860916728953336,0.8189875903346326,0.9226022727272728,0.09241934443587689,0.3027351309081196,0.6652360515021459,0.8806818181818182,0.7579462102689487,422,78,21,155
grid_regularized_002,False,2,5.0,3.0,0.0,1.0,0.9,0.8,1.2,2019,2018,1490,511,574,0.24390243902439024,399,0.245,policy_max_precision_with_recall_ge_0.85,0.6178343949044586,0.8584070796460177,0.7185185185185186,0.8034826079619249,0.9191088184284253,0.08611102950631977,0.28579729405656573,0.8303178364870515,0.9285714285714286,0.08423753654676057,0.2841950913867903,0.6363636363636364,0.9,0.7455621301775148,362,72,14,126
grid_regularized_002,False,2,5.0,3.0,0.0,1.0,0.9,0.8,1.2,2020,2019,2001,574,603,0.2504145936981758,377,0.405,policy_max_precision_with_recall_ge_0.85,0.7806451612903226,0.8642857142857143,0.8203389830508474,0.8599267041030788,0.9429558920342331,0.0751723047403672,0.2569722337838152,0.8431674425903191,0.9340532145578151,0.08502653729489974,0.2777090325486219,0.7378048780487805,0.8013245033112583,0.7682539682539683,409,43,30,121
grid_regularized_002,False,2,5.0,3.0,0.0,1.0,0.9,0.8,1.2,2021,2020,2575,603,673,0.2451708766716196,399,0.345,policy_max_precision_with_recall_ge_0.85,0.7371428571428571,0.8543046357615894,0.7914110429447853,0.859460487417995,0.9387856766102093,0.08133795676016667,0.2656233891689927,0.805510899949335,0.9180147936053449,0.09391720635987894,0.30338455355667515,0.6666666666666666,0.8121212121212121,0.73224043715847,441,67,31,134
grid_regularized_002,False,2,5.0,3.0,0.0,1.0,0.9,0.8,1.2,2022,2021,3178,673,676,0.2603550295857988,394,0.215,policy_max_precision_with_recall_ge_0.85,0.6103896103896104,0.8545454545454545,0.7121212121212122,0.8232410278609885,0.9263898830827964,0.08950131428571911,0.28675757822316184,0.8183837934493611,0.9238977272727272,0.09200054122993426,0.3009962372202647,0.632,0.8977272727272727,0.7417840375586855,408,92,18,158
grid_regularized_003,False,2,5.0,3.0,0.05,1.0,0.65,0.65,0.8,2019,2018,1490,511,574,0.24390243902439024,399,0.23,policy_max_precision_with_recall_ge_0.85,0.610062893081761,0.8584070796460177,0.7132352941176471,0.8090033013081053,0.9183528260772891,0.08586576096162898,0.28469186171792127,0.827577912828962,0.9307274522712311,0.08488775314676562,0.2806986241646697,0.6206896551724138,0.9,0.7346938775510204,357,77,14,126
grid_regularized_003,False,2,5.0,3.0,0.05,1.0,0.65,0.65,0.8,2020,2019,2001,574,603,0.2504145936981758,283,0.38,policy_max_precision_with_recall_ge_0.85,0.74375,0.85,0.7933333333333333,0.8536480030593112,0.9434331797235024,0.07530722847426646,0.2554837871055569,0.843959856037837,0.9354890699173651,0.08386779859154204,0.2750777617748291,0.75,0.8145695364238411,0.780952380952381,411,41,28,123
grid_regularized_003,False,2,5.0,3.0,0.05,1.0,0.65,0.65,0.8,2021,2020,2575,603,673,0.2451708766716196,395,0.32,policy_max_precision_with_recall_ge_0.85,0.7413793103448276,0.8543046357615894,0.7938461538461539,0.8628606904402385,0.9416134325734045,0.07924496957938905,0.25811456693896445,0.8045342760015851,0.9186590312574565,0.09455112497220208,0.30501400374426735,0.6616915422885572,0.806060606060606,0.726775956284153,440,68,32,133
grid_regularized_003,False,2,5.0,3.0,0.05,1.0,0.65,0.65,0.8,2022,2021,3178,673,676,0.2603550295857988,399,0.235,policy_max_precision_with_recall_ge_0.85,0.6299559471365639,0.8666666666666667,0.7295918367346939,0.8218805270137953,0.926246719160105,0.08955752168468313,0.2881106647651686,0.8167288675173706,0.9241590909090909,0.0923217953461282,0.3002728364854526,0.6666666666666666,0.8977272727272727,0.7651331719128329,421,79,18,158
grid_regularized_004,False,2,5.0,3.0,0.2,6.0,0.8,0.8,1.2,2019,2018,1490,511,574,0.24390243902439024,345,0.225,policy_max_precision_with_recall_ge_0.85,0.593939393939394,0.8672566371681416,0.7050359712230215,0.8042163549920278,0.9178191844176635,0.08686272737865683,0.28701012152427946,0.8283353392408505,0.9308591178406846,0.08466856534370792,0.28102816940050507,0.6153846153846154,0.9142857142857143,0.735632183908046,354,80,12,128
grid_regularized_004,False,2,5.0,3.0,0.2,6.0,0.8,0.8,1.2,2020,2019,2001,574,603,0.2504145936981758,364,0.38,policy_max_precision_with_recall_ge_0.85,0.759493670886076,0.8571428571428571,0.8053691275167785,0.8580414912949533,0.943614219881501,0.07610698954528725,0.2550751381627691,0.8373395277072133,0.9340092598019105,0.08498913579282377,0.2784551600713979,0.7393939393939394,0.8079470198675497,0.7721518987341772,409,43,29,122
grid_regularized_004,False,2,5.0,3.0,0.2,6.0,0.8,0.8,1.2,2021,2020,2575,603,673,0.2451708766716196,398,0.3,policy_max_precision_with_recall_ge_0.85,0.7262569832402235,0.8609271523178808,0.7878787878787878,0.8533207639821601,0.9397526812401102,0.08119595566486909,0.26430222456189667,0.8085007099189477,0.9198162729658793,0.0939703902526128,0.3015127838423321,0.6509433962264151,0.8363636363636363,0.7320954907161804,434,74,27,138
grid_regularized_004,False,2,5.0,3.0,0.2,6.0,0.8,0.8,1.2,2022,2021,3178,673,676,0.2603550295857988,389,0.22,policy_max_precision_with_recall_ge_0.85,0.6233766233766234,0.8727272727272727,0.7272727272727273,0.8257196624673363,0.9277738010021475,0.08875338339337177,0.28555366479237543,0.8172073061595669,0.9230340909090909,0.09252133439575859,0.3017048352390178,0.6512605042016807,0.8806818181818182,0.748792270531401,417,83,21,155
grid_regularized_005,False,2,8.0,0.0,0.0,3.0,0.9,0.65,1.0,2019,2018,1490,511,574,0.24390243902439024,281,0.26,policy_max_precision_with_recall_ge_0.85,0.60625,0.8584070796460177,0.7106227106227107,0.8061623119067803,0.9180415351091742,0.08697885147488635,0.2869481824351791,0.8291827335645017,0.928933508887426,0.08551308989928474,0.28349480974159813,0.6326530612244898,0.8857142857142857,0.7380952380952381,362,72,16,124
grid_regularized_005,False,2,8.0,0.0,0.0,3.0,0.9,0.65,1.0,2020,2019,2001,574,603,0.2504145936981758,265,0.405,policy_max_precision_with_recall_ge_0.85,0.7741935483870968,0.8571428571428571,0.8135593220338984,0.8571797776294586,0.9412277814351547,0.07600516811465383,0.26112184764124186,0.835777090370881,0.9312254585946199,0.08599721444199405,0.282917000653905,0.75625,0.8013245033112583,0.7781350482315113,413,39,30,121
grid_regularized_005,False,2,8.0,0.0,0.0,3.0,0.9,0.65,1.0,2021,2020,2575,603,673,0.2451708766716196,397,0.32,policy_max_precision_with_recall_ge_0.85,0.7303370786516854,0.8609271523178808,0.790273556231003,0.8568566526629684,0.9393863916075719,0.08124582376898302,0.26427992327372335,0.8138905355951297,0.9196373180625149,0.0929502684658919,0.29974646296777324,0.6633663366336634,0.8121212121212121,0.7302452316076294,440,68,31,134
grid_regularized_005,False,2,8.0,0.0,0.0,3.0,0.9,0.65,1.0,2022,2021,3178,673,676,0.2603550295857988,378,0.235,policy_max_precision_with_recall_ge_0.85,0.6322869955156951,0.8545454545454545,0.7268041237113402,0.8206557109737522,0.9257933667382486,0.09019906090561976,0.2889165479247779,0.8194111591509388,0.9220113636363636,0.09278285503012541,0.30247394509603487,0.6569037656903766,0.8920454545454546,0.7566265060240964,418,82,19,157
grid_regularized_006,False,2,8.0,0.0,0.05,1.0,0.65,0.8,1.2,2019,2018,1490,511,574,0.24390243902439024,296,0.225,policy_max_precision_with_recall_ge_0.85,0.5798816568047337,0.8672566371681416,0.6950354609929078,0.8017028647132186,0.9156401476408592,0.08737644706861523,0.28930833271031836,0.8269677244928786,0.9286537195523371,0.08531635828377884,0.2841107378781935,0.6237623762376238,0.9,0.7368421052631579,358,76,14,126
grid_regularized_006,False,2,8.0,0.0,0.05,1.0,0.65,0.8,1.2,2020,2019,2001,574,603,0.2504145936981758,267,0.385,policy_max_precision_with_recall_ge_0.85,0.7643312101910829,0.8571428571428571,0.8080808080808081,0.856138061059698,0.9424950625411455,0.07647551834318149,0.25859802861452097,0.8387184155416777,0.9326466623688683,0.08616733762016181,0.28258846033838064,0.7579617834394905,0.7880794701986755,0.7727272727272727,414,38,32,119
grid_regularized_006,False,2,8.0,0.0,0.05,1.0,0.65,0.8,1.2,2021,2020,2575,603,673,0.2451708766716196,398,0.33,policy_max_precision_with_recall_ge_0.85,0.7428571428571429,0.8609271523178808,0.7975460122699386,0.8628698343529255,0.942653695129813,0.0792262277821884,0.2577333874452801,0.8102151087342992,0.9204963015986638,0.09316212446157046,0.30147970358382536,0.6717171717171717,0.806060606060606,0.7327823691460055,443,65,32,133
grid_regularized_006,False,2,8.0,0.0,0.05,1.0,0.65,0.8,1.2,2022,2021,3178,673,676,0.2603550295857988,321,0.225,policy_max_precision_with_recall_ge_0.85,0.6068376068376068,0.8606060606060606,0.7117794486215538,0.820986547268099,0.9246241947029349,0.09054658146114963,0.2907320593723846,0.8160582896655935,0.922534090909091,0.09282921372966814,0.30310786683097674,0.6569037656903766,0.8920454545454546,0.7566265060240964,418,82,19,157
grid_regularized_007,False,2,8.0,0.0,0.05,6.0,0.8,0.8,1.2,2019,2018,1490,511,574,0.24390243902439024,398,0.215,policy_max_precision_with_recall_ge_0.85,0.5868263473053892,0.8672566371681416,0.7,0.8092071020284576,0.9187975274603104,0.0857311755686385,0.2841864939255984,0.8276603295706896,0.9291474654377881,0.08539344014369937,0.2826081313283938,0.616504854368932,0.9071428571428571,0.7341040462427746,355,79,13,127
grid_regularized_007,False,2,8.0,0.0,0.05,6.0,0.8,0.8,1.2,2020,2019,2001,574,603,0.2504145936981758,362,0.385,policy_max_precision_with_recall_ge_0.85,0.7579617834394905,0.85,0.8013468013468014,0.855642454218593,0.9429558920342331,0.07615814921892577,0.2564282677219431,0.836903672067667,0.9336722733399753,0.08445618682378604,0.2785421853991556,0.7530864197530864,0.8079470198675497,0.7795527156549521,412,40,29,122
grid_regularized_007,False,2,8.0,0.0,0.05,6.0,0.8,0.8,1.2,2021,2020,2575,603,673,0.2451708766716196,395,0.315,policy_max_precision_with_recall_ge_0.85,0.7262569832402235,0.8609271523178808,0.7878787878787878,0.8550176440431808,0.939444997948778,0.08114870573950711,0.26447924172789783,0.8101609411529705,0.9198282032927703,0.09436432343326526,0.301877978123818,0.6538461538461539,0.8242424242424242,0.7292225201072386,436,72,29,136
grid_regularized_007,False,2,8.0,0.0,0.05,6.0,0.8,0.8,1.2,2022,2021,3178,673,676,0.2603550295857988,384,0.24,policy_max_precision_with_recall_ge_0.85,0.6266666666666667,0.8545454545454545,0.7230769230769231,0.8267978684650156,0.9277380100214745,0.08884742315192148,0.285688276364242,0.8173854152269727,0.9225113636363635,0.09293398610125732,0.30269300122377923,0.6695652173913044,0.875,0.7586206896551724,424,76,22,154
grid_regularized_008,False,2,8.0,0.0,0.2,1.0,0.65,0.65,0.8,2019,2018,1490,511,574,0.24390243902439024,364,0.225,policy_max_precision_with_recall_ge_0.85,0.5914634146341463,0.8584070796460177,0.7003610108303249,0.7999271411805084,0.9151732111886868,0.08791080319332661,0.29015939060835433,0.8199276907979887,0.9271066491112574,0.08758861406923074,0.2874322842773309,0.6069651741293532,0.8714285714285714,0.7155425219941349,355,79,18,122
grid_regularized_008,False,2,8.0,0.0,0.2,1.0,0.65,0.65,0.8,2020,2019,2001,574,603,0.2504145936981758,375,0.355,policy_max_precision_with_recall_ge_0.85,0.7212121212121212,0.85,0.780327868852459,0.8594177262199258,0.9450460829493088,0.07564056394617594,0.251415529635495,0.8474395451586667,0.9363242102795523,0.08336407206001731,0.2718306088605988,0.7272727272727273,0.7947019867549668,0.759493670886076,407,45,31,120
grid_regularized_008,False,2,8.0,0.0,0.2,1.0,0.65,0.65,0.8,2021,2020,2575,603,673,0.2451708766716196,396,0.32,policy_max_precision_with_recall_ge_0.85,0.7344632768361582,0.8609271523178808,0.7926829268292683,0.8625243376300206,0.9406610795288051,0.07947116132397698,0.2599187792083699,0.8038696981301225,0.9159747077069913,0.09552488246283317,0.30875502154367546,0.6553398058252428,0.8181818181818182,0.7277628032345014,437,71,30,135
grid_regularized_008,False,2,8.0,0.0,0.2,1.0,0.65,0.65,0.8,2022,2021,3178,673,676,0.2603550295857988,398,0.22,policy_max_precision_with_recall_ge_0.85,0.6228070175438597,0.8606060606060606,0.72264631043257,0.821084585360175,0.9250656167979002,0.09027305400356397,0.28972399608253796,0.8189312364100407,0.9228068181818181,0.09377364559306724,0.3031124972084476,0.6596638655462185,0.8920454545454546,0.7584541062801933,419,81,19,157
grid_regularized_009,False,2,8.0,0.0,0.2,6.0,0.8,0.9,1.0,2019,2018,1490,511,574,0.24390243902439024,399,0.26,policy_max_precision_with_recall_ge_0.85,0.60625,0.8584070796460177,0.7106227106227107,0.8068269806153069,0.9183750611464402,0.08625048189812318,0.28500292647369324,0.8328809062360579,0.9299868334430547,0.08459196651803978,0.2814871810171409,0.6354166666666666,0.8714285714285714,0.7349397590361446,364,70,18,122
grid_regularized_009,False,2,8.0,0.0,0.2,6.0,0.8,0.9,1.0,2020,2019,2001,574,603,0.2504145936981758,389,0.365,policy_max_precision_with_recall_ge_0.85,0.759493670886076,0.8571428571428571,0.8053691275167785,0.8591450406927293,0.9440750493745885,0.07550006079078415,0.2532916363837968,0.8350208237351037,0.9330862099279142,0.08542035061230113,0.28012515814744277,0.7425149700598802,0.8211920529801324,0.779874213836478,409,43,27,124
grid_regularized_009,False,2,8.0,0.0,0.2,6.0,0.8,0.9,1.0,2021,2020,2575,603,673,0.2451708766716196,396,0.315,policy_max_precision_with_recall_ge_0.85,0.7247191011235955,0.8543046357615894,0.78419452887538,0.8537945511808569,0.9385659028306863,0.08133712753474016,0.2651989299447629,0.8115686547981132,0.9197685516583154,0.09384971254820985,0.3010956892972074,0.6476190476190476,0.8242424242424242,0.7253333333333334,434,74,29,136
grid_regularized_009,False,2,8.0,0.0,0.2,6.0,0.8,0.9,1.0,2022,2021,3178,673,676,0.2603550295857988,399,0.23,policy_max_precision_with_recall_ge_0.85,0.6157205240174672,0.8545454545454545,0.7157360406091371,0.8231272098820219,0.9280004772130757,0.08926460896039498,0.28557019414003026,0.8229117393686369,0.9234659090909091,0.09231058775840124,0.30023110527902136,0.6485355648535565,0.8806818181818182,0.7469879518072289,416,84,21,155
grid_regularized_010,False,2,8.0,1.0,0.0,6.0,0.65,0.65,0.8,2019,2018,1490,511,574,0.24390243902439024,361,0.22,policy_max_precision_with_recall_ge_0.85,0.5773809523809523,0.8584070796460177,0.6903914590747331,0.7996465899978838,0.9146395695290612,0.08858526483876815,0.29172576249091126,0.8193203360720822,0.9275016458196181,0.08763061063240545,0.28759323068486614,0.6183574879227053,0.9142857142857143,0.7377521613832853,355,79,12,128
grid_regularized_010,False,2,8.0,1.0,0.0,6.0,0.65,0.65,0.8,2020,2019,2001,574,603,0.2504145936981758,268,0.36,policy_max_precision_with_recall_ge_0.85,0.7345679012345679,0.85,0.7880794701986755,0.8470984899519831,0.9405859117840684,0.07895729991955008,0.26142534769290215,0.8366792739942948,0.9313573228623337,0.0863472284439641,0.2830939110666461,0.7261904761904762,0.8079470198675497,0.7648902821316614,406,46,29,122
grid_regularized_010,False,2,8.0,1.0,0.0,6.0,0.65,0.65,0.8,2021,2020,2575,603,673,0.2451708766716196,348,0.32,policy_max_precision_with_recall_ge_0.85,0.7288135593220338,0.8543046357615894,0.7865853658536586,0.8565582207388149,0.9394449979487781,0.0807258705414442,0.26378643040599026,0.8049036243597868,0.9170007158196133,0.09573454431846168,0.3064642150407282,0.6473429951690821,0.8121212121212121,0.7204301075268817,435,73,31,134
grid_regularized_010,False,2,8.0,1.0,0.0,6.0,0.65,0.65,0.8,2022,2021,3178,673,676,0.2603550295857988,399,0.225,policy_max_precision_with_recall_ge_0.85,0.618421052631579,0.8545454545454545,0.7175572519083969,0.8196345469357521,0.9258172273920304,0.0902333962421385,0.2884433983639343,0.8183566773429646,0.9231363636363636,0.09318498018218334,0.30212746482570374,0.6666666666666666,0.8863636363636364,0.7609756097560976,422,78,20,156
grid_regularized_011,False,2,8.0,1.0,0.0,10.0,0.8,0.9,1.2,2019,2018,1490,511,574,0.24390243902439024,398,0.215,policy_max_precision_with_recall_ge_0.85,0.5808383233532934,0.8584070796460177,0.6928571428571428,0.806585084423559,0.9181527104549295,0.08653940821764844,0.28534262130427895,0.829000001034101,0.9295589203423306,0.08504042824600898,0.2825994250589035,0.6195121951219512,0.9071428571428571,0.736231884057971,356,78,13,127
grid_regularized_011,False,2,8.0,1.0,0.0,10.0,0.8,0.9,1.2,2020,2019,2001,574,603,0.2504145936981758,396,0.35,policy_max_precision_with_recall_ge_0.85,0.7345679012345679,0.85,0.7880794701986755,0.8549439127100544,0.9418861092824227,0.07667855415106706,0.25798093509525544,0.8365181953002755,0.9333499384633418,0.08511981761688811,0.2806784482203778,0.7337278106508875,0.8211920529801324,0.775,407,45,27,124
grid_regularized_011,False,2,8.0,1.0,0.0,10.0,0.8,0.9,1.2,2021,2020,2575,603,673,0.2451708766716196,393,0.315,policy_max_precision_with_recall_ge_0.85,0.7247191011235955,0.8543046357615894,0.78419452887538,0.855486553525968,0.938668463927797,0.08108924379611296,0.26545236281542955,0.8049641826137658,0.9182891911238369,0.09526742894876575,0.3046017010630159,0.6428571428571429,0.8181818181818182,0.72,433,75,30,135
grid_regularized_011,False,2,8.0,1.0,0.0,10.0,0.8,0.9,1.2,2022,2021,3178,673,676,0.2603550295857988,385,0.24,policy_max_precision_with_recall_ge_0.85,0.6294642857142857,0.8545454545454545,0.7249357326478149,0.8245051159169099,0.9274516821760915,0.08937026065031917,0.2861485922574621,0.8170057970474379,0.9223068181818183,0.09353900497031951,0.3035048218758801,0.6666666666666666,0.8863636363636364,0.7609756097560976,422,78,20,156
grid_regularized_012,False,2,8.0,3.0,0.05,6.0,0.65,0.9,0.8,2019,2018,1490,511,574,0.24390243902439024,399,0.19,policy_max_precision_with_recall_ge_0.85,0.5722543352601156,0.8761061946902655,0.6923076923076923,0.8086215668408285,0.9177969493485125,0.08607826537349655,0.2847386031307917,0.8223192909738315,0.9278143515470704,0.08693067322401264,0.28482444464099593,0.5879629629629629,0.9071428571428571,0.7134831460674157,345,89,13,127
grid_regularized_012,False,2,8.0,3.0,0.05,6.0,0.65,0.9,0.8,2020,2019,2001,574,603,0.2504145936981758,305,0.355,policy_max_precision_with_recall_ge_0.85,0.7345679012345679,0.85,0.7880794701986755,0.8514528822866015,0.9418202764976958,0.07754077862260643,0.25935714209142186,0.8344216585499926,0.9313866260329368,0.08622553003234372,0.2835141231100579,0.7515527950310559,0.8013245033112583,0.7756410256410257,412,40,30,121
grid_regularized_012,False,2,8.0,3.0,0.05,6.0,0.65,0.9,0.8,2021,2020,2575,603,673,0.2451708766716196,373,0.315,policy_max_precision_with_recall_ge_0.85,0.7277777777777777,0.8675496688741722,0.7915407854984894,0.8592477855310404,0.94013362245795,0.07965349504913301,0.2619579676680828,0.8100846644051201,0.919100453352422,0.09436871702158786,0.30225656111223753,0.6476190476190476,0.8242424242424242,0.7253333333333334,434,74,29,136
grid_regularized_012,False,2,8.0,3.0,0.05,6.0,0.65,0.9,0.8,2022,2021,3178,673,676,0.2603550295857988,284,0.2,policy_max_precision_with_recall_ge_0.85,0.5850622406639004,0.8545454545454545,0.6945812807881774,0.8183698023261919,0.9251968503937007,0.09092194184941077,0.2905067183989302,0.8163000083300819,0.9209772727272727,0.09386557649961805,0.3054026851399027,0.6235294117647059,0.9034090909090909,0.7378190255220418,404,96,17,159
grid_regularized_013,False,2,8.0,3.0,0.2,10.0,0.65,0.9,1.2,2019,2018,1490,511,574,0.24390243902439024,398,0.2,policy_max_precision_with_recall_ge_0.85,0.5739644970414202,0.8584070796460177,0.6879432624113475,0.8057984668218924,0.9167296660292614,0.08741858030020218,0.28766693878211197,0.8251253164559258,0.9293778801843318,0.08615018309393331,0.2831126004558164,0.5879629629629629,0.9071428571428571,0.7134831460674157,345,89,13,127
grid_regularized_013,False,2,8.0,3.0,0.2,10.0,0.65,0.9,1.2,2020,2019,2001,574,603,0.2504145936981758,270,0.36,policy_max_precision_with_recall_ge_0.85,0.74375,0.85,0.7933333333333333,0.846352152696257,0.9399111257406189,0.079438488060294,0.26396054061886504,0.8332842119196286,0.9304196214030358,0.08674384477205048,0.2849334285534155,0.7321428571428571,0.8145695364238411,0.7711598746081505,407,45,28,123
grid_regularized_013,False,2,8.0,3.0,0.2,10.0,0.65,0.9,1.2,2021,2020,2575,603,673,0.2451708766716196,373,0.285,policy_max_precision_with_recall_ge_0.85,0.7043010752688172,0.8675496688741722,0.7774480712166172,0.8546312747216915,0.9391373146574459,0.08153168229187618,0.26531867075814636,0.8072286577940285,0.9191362443330948,0.09458710573797574,0.30225351863540145,0.6289592760180995,0.8424242424242424,0.7202072538860104,426,82,26,139
grid_regularized_013,False,2,8.0,3.0,0.2,10.0,0.65,0.9,1.2,2022,2021,3178,673,676,0.2603550295857988,293,0.24,policy_max_precision_with_recall_ge_0.85,0.6266666666666667,0.8545454545454545,0.7230769230769231,0.8195959116276005,0.9245287520878072,0.09158806646351467,0.29143358685269244,0.8142080102041555,0.9209772727272728,0.09391173974038636,0.30631240031163687,0.6595744680851063,0.8806818181818182,0.754257907542579,420,80,21,155
grid_regularized_014,False,2,8.0,3.0,1.0,6.0,0.8,0.8,1.2,2019,2018,1490,511,574,0.24390243902439024,398,0.225,policy_max_precision_with_recall_ge_0.85,0.5878787878787879,0.8584070796460177,0.697841726618705,0.8068747736660664,0.9195090496731445,0.08610191265630043,0.28415881738602194,0.8257327105346757,0.92848913759052,0.08580282841398444,0.2840365603885459,0.6176470588235294,0.9,0.7325581395348837,356,78,14,126
grid_regularized_014,False,2,8.0,3.0,1.0,6.0,0.8,0.8,1.2,2020,2019,2001,574,603,0.2504145936981758,361,0.37,policy_max_precision_with_recall_ge_0.85,0.7531645569620253,0.85,0.7986577181208053,0.8581739456610907,0.942791310072416,0.07634989896420301,0.25726799651524956,0.8361289724041998,0.9333792416339448,0.08454066294525482,0.27925538165161834,0.7469879518072289,0.8211920529801324,0.7823343848580442,410,42,27,124
grid_regularized_014,False,2,8.0,3.0,1.0,6.0,0.8,0.8,1.2,2021,2020,2575,603,673,0.2451708766716196,398,0.31,policy_max_precision_with_recall_ge_0.85,0.7222222222222222,0.8609271523178808,0.7854984894259819,0.8548424456900843,0.9399138486784271,0.08068572132843616,0.26304476065618293,0.8118732287689376,0.9199355762347888,0.09378387724334011,0.30161470600594853,0.6462264150943396,0.8303030303030303,0.726790450928382,433,75,28,137
grid_regularized_014,False,2,8.0,3.0,1.0,6.0,0.8,0.8,1.2,2022,2021,3178,673,676,0.2603550295857988,395,0.225,policy_max_precision_with_recall_ge_0.85,0.6217391304347826,0.8666666666666667,0.7240506329113924,0.8240865496473657,0.9271295633500357,0.08947966038839321,0.2871888861871932,0.8221053966789725,0.9230795454545455,0.09285712626531231,0.30213878793151666,0.6485355648535565,0.8806818181818182,0.7469879518072289,416,84,21,155
grid_regularized_015,False,2,12.0,0.0,0.2,10.0,0.9,0.65,0.8,2019,2018,1490,511,574,0.24390243902439024,315,0.22,policy_max_precision_with_recall_ge_0.85,0.5672514619883041,0.8584070796460177,0.6830985915492958,0.7985637792764112,0.9147062747365143,0.08892338636841532,0.2917126874341559,0.8232217279569095,0.9285055957867018,0.08611719563259082,0.2841593789794601,0.6009615384615384,0.8928571428571429,0.7183908045977011,351,83,15,125
grid_regularized_015,False,2,12.0,0.0,0.2,10.0,0.9,0.65,0.8,2020,2019,2001,574,603,0.2504145936981758,371,0.4,policy_max_precision_with_recall_ge_0.85,0.7531645569620253,0.85,0.7986577181208053,0.8516211471506949,0.9408163265306122,0.0775517935211363,0.26102563068712037,0.8413077626824077,0.9341118208990212,0.08408440287597495,0.27684127575466916,0.7625,0.8079470198675497,0.7845659163987139,414,38,29,122
grid_regularized_015,False,2,12.0,0.0,0.2,10.0,0.9,0.65,0.8,2021,2020,2575,603,673,0.2451708766716196,399,0.305,policy_max_precision_with_recall_ge_0.85,0.7166666666666667,0.8543046357615894,0.7794561933534743,0.8518429916400067,0.9368809705210104,0.0821822872387558,0.26933092524991037,0.8061690296983128,0.9189811500835123,0.09421512511835677,0.3019423271442295,0.647887323943662,0.8363636363636363,0.7301587301587301,433,75,27,138
grid_regularized_015,False,2,12.0,0.0,0.2,10.0,0.9,0.65,0.8,2022,2021,3178,673,676,0.2603550295857988,380,0.24,policy_max_precision_with_recall_ge_0.85,0.6380090497737556,0.8545454545454545,0.7305699481865285,0.8215154691136591,0.9273681698878548,0.0898315211275327,0.28697142917059193,0.8177276304104988,0.9232840909090909,0.09353858964561367,0.30224557871417246,0.6637554585152838,0.8636363636363636,0.7506172839506173,423,77,24,152
grid_regularized_016,False,2,12.0,0.5,0.0,3.0,0.65,0.9,1.2,2019,2018,1490,511,574,0.24390243902439024,398,0.205,policy_max_precision_with_recall_ge_0.85,0.5739644970414202,0.8584070796460177,0.6879432624113475,0.8086427227739744,0.9175968337261529,0.0866687471240558,0.2861328526754487,0.8219202977875512,0.9280283080974325,0.08694552796966254,0.28535019871611655,0.5981308411214953,0.9142857142857143,0.7231638418079096,348,86,12,128
grid_regularized_016,False,2,12.0,0.5,0.0,3.0,0.65,0.9,1.2,2020,2019,2001,574,603,0.2504145936981758,375,0.345,policy_max_precision_with_recall_ge_0.85,0.725609756097561,0.85,0.7828947368421053,0.8560992722773557,0.9423798551678737,0.07713179000693937,0.25743891430472493,0.8417223985804371,0.934185078825529,0.08415159970368857,0.2768302431861083,0.7309941520467836,0.8278145695364238,0.7763975155279503,406,46,26,125
grid_regularized_016,False,2,12.0,0.5,0.0,3.0,0.65,0.9,1.2,2021,2020,2575,603,673,0.2451708766716196,398,0.325,policy_max_precision_with_recall_ge_0.85,0.7371428571428571,0.8543046357615894,0.7914110429447853,0.8574184761365056,0.9402508351403622,0.08052984953400748,0.2623119204499124,0.8088045135958746,0.9198520639465522,0.09356116049444506,0.30184720094324435,0.6666666666666666,0.8242424242424242,0.7371273712737128,440,68,29,136
grid_regularized_016,False,2,12.0,0.5,0.0,3.0,0.65,0.9,1.2,2022,2021,3178,673,676,0.2603550295857988,395,0.23,policy_max_precision_with_recall_ge_0.85,0.6238938053097345,0.8545454545454545,0.7212276214833759,0.8232771866751327,0.9262109281794321,0.08883942103005475,0.28687315490541704,0.8176262729412589,0.9219886363636364,0.09341214699549018,0.3044919552645701,0.6652360515021459,0.8806818181818182,0.7579462102689487,422,78,21,155
grid_regularized_017,False,2,12.0,0.5,0.05,3.0,0.65,0.8,0.8,2019,2018,1490,511,574,0.24390243902439024,333,0.21,policy_max_precision_with_recall_ge_0.85,0.5798816568047337,0.8672566371681416,0.6950354609929078,0.7976320659309594,0.9130164094810334,0.08891372965212226,0.29243990228898326,0.8247519870900311,0.9278143515470704,0.08661011723160113,0.28588353976296005,0.5915492957746479,0.9,0.7138810198300283,347,87,14,126
grid_regularized_017,False,2,12.0,0.5,0.05,3.0,0.65,0.8,0.8,2020,2019,2001,574,603,0.2504145936981758,307,0.355,policy_max_precision_with_recall_ge_0.85,0.7391304347826086,0.85,0.7906976744186046,0.8577261774928135,0.9435319289005926,0.07660878603015253,0.25578377277811026,0.8397628479821441,0.9332620289515327,0.08470785893717282,0.2790749106243052,0.7515151515151515,0.8211920529801324,0.7848101265822784,411,41,27,124
grid_regularized_017,False,2,12.0,0.5,0.05,3.0,0.65,0.8,0.8,2021,2020,2575,603,673,0.2451708766716196,399,0.31,policy_max_precision_with_recall_ge_0.85,0.7222222222222222,0.8609271523178808,0.7854984894259819,0.8577555887336654,0.9405292152610912,0.08050304454512756,0.262311611441102,0.8070120632267818,0.9191481746599858,0.09453647119652457,0.3031317519447256,0.6415094339622641,0.8242424242424242,0.7214854111405835,432,76,29,136
grid_regularized_017,False,2,12.0,0.5,0.05,3.0,0.65,0.8,0.8,2022,2021,3178,673,676,0.2603550295857988,270,0.225,policy_max_precision_with_recall_ge_0.85,0.6077586206896551,0.8545454545454545,0.7103274559193955,0.8176548949002151,0.9238725841088046,0.09128705366448166,0.2920882326201248,0.8219892669954476,0.9217159090909091,0.0939294309746811,0.3042022505016123,0.6624472573839663,0.8920454545454546,0.7602905569007264,420,80,19,157
grid_regularized_018,False,2,12.0,0.5,0.2,6.0,0.65,0.65,1.0,2019,2018,1490,511,574,0.24390243902439024,289,0.2,policy_max_precision_with_recall_ge_0.85,0.5536723163841808,0.8672566371681416,0.6758620689655173,0.7916357048334137,0.9114599546404589,0.09079585797425088,0.2968244232303505,0.8225959904556756,0.9294437129690586,0.0864332974301378,0.28532668041460957,0.5944700460829493,0.9214285714285714,0.7226890756302521,346,88,11,129
grid_regularized_018,False,2,12.0,0.5,0.2,6.0,0.65,0.65,1.0,2020,2019,2001,574,603,0.2504145936981758,389,0.33,policy_max_precision_with_recall_ge_0.85,0.7125748502994012,0.85,0.7752442996742671,0.8522367934885814,0.9422152732060566,0.07849710283899693,0.2579129520476,0.8452432744417421,0.9362802555236477,0.08358858440303553,0.2728297401221132,0.7167630057803468,0.8211920529801324,0.7654320987654321,403,49,27,124
grid_regularized_018,False,2,12.0,0.5,0.2,6.0,0.65,0.65,1.0,2021,2020,2575,603,673,0.2451708766716196,396,0.34,policy_max_precision_with_recall_ge_0.85,0.7413793103448276,0.8543046357615894,0.7938461538461539,0.8555790747837223,0.9387710250249077,0.08096137601543058,0.26540515883305094,0.8026911338347822,0.9175614411834885,0.09555360846762052,0.30566845601047987,0.6582914572864321,0.793939393939394,0.7197802197802198,440,68,34,131
grid_regularized_018,False,2,12.0,0.5,0.2,6.0,0.65,0.65,1.0,2022,2021,3178,673,676,0.2603550295857988,399,0.22,policy_max_precision_with_recall_ge_0.85,0.6025641025641025,0.8545454545454545,0.706766917293233,0.818031710989743,0.9250656167979003,0.09079363879320927,0.2902035803076853,0.8134701602179624,0.9222954545454545,0.09410392091373052,0.3042884305603905,0.6514522821576764,0.8920454545454546,0.7529976019184652,416,84,19,157
grid_regularized_019,False,2,12.0,1.0,1.0,3.0,0.9,0.9,1.0,2019,2018,1490,511,574,0.24390243902439024,363,0.24,policy_max_precision_with_recall_ge_0.85,0.6024844720496895,0.8584070796460177,0.708029197080292,0.8022693941142404,0.9173967181037933,0.08686973738312069,0.2875971571672209,0.8305825139942512,0.9286701777485188,0.08498113645496516,0.28271348206519475,0.6345177664974619,0.8928571428571429,0.7418397626112759,362,72,15,125
grid_regularized_019,False,2,12.0,1.0,1.0,3.0,0.9,0.9,1.0,2020,2019,2001,574,603,0.2504145936981758,376,0.36,policy_max_precision_with_recall_ge_0.85,0.7453416149068323,0.8571428571428571,0.7973421926910299,0.8549536691029265,0.9417544437129691,0.07678520502165184,0.2589538763036794,0.8412753783604494,0.9335111059016586,0.08493109446293064,0.27885020895212176,0.7321428571428571,0.8145695364238411,0.7711598746081505,407,45,28,123
grid_regularized_019,False,2,12.0,1.0,1.0,3.0,0.9,0.9,1.0,2021,2020,2575,603,673,0.2451708766716196,392,0.295,policy_max_precision_with_recall_ge_0.85,0.6972972972972973,0.8543046357615894,0.7678571428571429,0.8566993995737179,0.9387856766102093,0.08094706742750192,0.2651025872356912,0.8080629475871223,0.9199713672154618,0.0931347891930622,0.30223750285060463,0.6448598130841121,0.8363636363636363,0.7282321899736148,432,76,27,138
grid_regularized_019,False,2,12.0,1.0,1.0,3.0,0.9,0.9,1.0,2022,2021,3178,673,676,0.2603550295857988,399,0.22,policy_max_precision_with_recall_ge_0.85,0.618421052631579,0.8545454545454545,0.7175572519083969,0.8245862490350881,0.9269386781197805,0.08926552468851474,0.2870906849473152,0.8184878275497414,0.9226363636363636,0.09257109951013656,0.3023203205674861,0.6502057613168725,0.8977272727272727,0.7541766109785203,415,85,18,158
grid_regularized_020,False,2,12.0,1.0,1.0,6.0,0.65,0.65,1.2,2019,2018,1490,511,574,0.24390243902439024,399,0.19,policy_max_precision_with_recall_ge_0.85,0.5642458100558659,0.8938053097345132,0.6917808219178082,0.8002882338059337,0.9152621514652911,0.08843132157195767,0.29006388270122535,0.8270351739413615,0.9300855826201447,0.08607206975175355,0.28256608046385007,0.583710407239819,0.9214285714285714,0.7146814404432132,342,92,11,129
grid_regularized_020,False,2,12.0,1.0,1.0,6.0,0.65,0.65,1.2,2020,2019,2001,574,603,0.2504145936981758,399,0.36,policy_max_precision_with_recall_ge_0.85,0.7391304347826086,0.85,0.7906976744186046,0.8507545680705116,0.941705069124424,0.07902590145337661,0.2592811605440893,0.8490343941207105,0.9372472601535486,0.0823313725013187,0.26994668389065657,0.7333333333333333,0.8013245033112583,0.7658227848101266,408,44,30,121
grid_regularized_020,False,2,12.0,1.0,1.0,6.0,0.65,0.65,1.2,2021,2020,2575,603,673,0.2451708766716196,398,0.33,policy_max_precision_with_recall_ge_0.85,0.7288135593220338,0.8543046357615894,0.7865853658536586,0.8568200277589839,0.9408075953818203,0.08035900995749841,0.26197051925278997,0.8049750954542518,0.9177642567406347,0.09561498373376154,0.3055375573853017,0.6521739130434783,0.8181818181818182,0.7258064516129032,436,72,30,135
grid_regularized_020,False,2,12.0,1.0,1.0,6.0,0.65,0.65,1.2,2022,2021,3178,673,676,0.2603550295857988,389,0.25,policy_max_precision_with_recall_ge_0.85,0.6266666666666667,0.8545454545454545,0.7230769230769231,0.8193775171044325,0.925387735623956,0.09066114749978542,0.28959854641267224,0.8121982946513001,0.9226590909090909,0.09378479174824868,0.3040679928267949,0.6724137931034483,0.8863636363636364,0.7647058823529411,424,76,20,156
grid_regularized_021,False,2,15.0,0.5,0.0,10.0,0.9,0.9,1.0,2019,2018,1490,511,574,0.24390243902439024,311,0.22,policy_max_precision_with_recall_ge_0.85,0.563953488372093,0.8584070796460177,0.6807017543859649,0.7994454292610593,0.9148174500822698,0.08883684772777309,0.29173291820694536,0.8245366546392188,0.9279295589203423,0.08640265273456685,0.2853383226815814,0.6057692307692307,0.9,0.7241379310344828,352,82,14,126
grid_regularized_021,False,2,15.0,0.5,0.0,10.0,0.9,0.9,1.0,2020,2019,2001,574,603,0.2504145936981758,357,0.385,policy_max_precision_with_recall_ge_0.85,0.7391304347826086,0.85,0.7906976744186046,0.8482303497282451,0.939466754443713,0.07880909679616704,0.2640178373252844,0.8336810863227967,0.9309324268885892,0.08634259059499359,0.2832067268036923,0.7452229299363057,0.7748344370860927,0.7597402597402597,412,40,34,117
grid_regularized_021,False,2,15.0,0.5,0.0,10.0,0.9,0.9,1.0,2021,2020,2575,603,673,0.2451708766716196,397,0.33,policy_max_precision_with_recall_ge_0.85,0.7329545454545454,0.8543046357615894,0.7889908256880734,0.8518888794038618,0.9360604817441247,0.08261668373972413,0.2711115398303805,0.8041850228368531,0.9184562157003102,0.09415334813043275,0.3026071256449805,0.6666666666666666,0.8242424242424242,0.7371273712737128,440,68,29,136
grid_regularized_021,False,2,15.0,0.5,0.0,10.0,0.9,0.9,1.0,2022,2021,3178,673,676,0.2603550295857988,354,0.24,policy_max_precision_with_recall_ge_0.85,0.6294642857142857,0.8545454545454545,0.7249357326478149,0.8221923766263831,0.9257456454306848,0.09019808819420777,0.28933543689626523,0.8153676392140123,0.9226363636363636,0.09359025300965686,0.30365796200784956,0.6610169491525424,0.8863636363636364,0.7572815533980582,420,80,20,156
grid_regularized_022,False,2,15.0,0.5,1.0,3.0,0.8,0.65,1.0,2019,2018,1490,511,574,0.24390243902439024,215,0.23,policy_max_precision_with_recall_ge_0.85,0.5697674418604651,0.8672566371681416,0.6877192982456141,0.7939011763629161,0.9119491261617824,0.09002730303423846,0.29514483103492606,0.8242434911095875,0.9266293614219882,0.08761908852284295,0.28778933836608744,0.6097560975609756,0.8928571428571429,0.7246376811594203,354,80,15,125
grid_regularized_022,False,2,15.0,0.5,1.0,3.0,0.8,0.65,1.0,2020,2019,2001,574,603,0.2504145936981758,280,0.375,policy_max_precision_with_recall_ge_0.85,0.7531645569620253,0.85,0.7986577181208053,0.8538733799974016,0.9426925608953258,0.07692144016789168,0.25790325853778184,0.8370323214837329,0.9316796577389673,0.08595711619636072,0.2820355471045185,0.7423312883435583,0.8013245033112583,0.7707006369426752,410,42,30,121
grid_regularized_022,False,2,15.0,0.5,1.0,3.0,0.8,0.65,1.0,2021,2020,2575,603,673,0.2451708766716196,398,0.325,policy_max_precision_with_recall_ge_0.85,0.7371428571428571,0.8543046357615894,0.7914110429447853,0.8526071422906826,0.9378040203950068,0.08167808336936964,0.2675086794920226,0.8055269121886255,0.9183846337389645,0.09585775726065551,0.3048203634898409,0.6487804878048781,0.806060606060606,0.7189189189189189,436,72,32,133
grid_regularized_022,False,2,15.0,0.5,1.0,3.0,0.8,0.65,1.0,2022,2021,3178,673,676,0.2603550295857988,398,0.245,policy_max_precision_with_recall_ge_0.85,0.6380090497737556,0.8545454545454545,0.7305699481865285,0.8217428289245947,0.9266404199475065,0.09001838712168464,0.2880357043785909,0.8181524964428714,0.922,0.09339396077402326,0.30369067106252423,0.6637554585152838,0.8636363636363636,0.7506172839506173,423,77,24,152
grid_regularized_023,False,2,15.0,1.0,1.0,10.0,0.9,0.65,1.2,2019,2018,1490,511,574,0.24390243902439024,396,0.245,policy_max_precision_with_recall_ge_0.85,0.5975609756097561,0.8672566371681416,0.7075812274368231,0.8020054722215907,0.9150398007737804,0.08804943187513167,0.29063496996213256,0.822872903624959,0.9269256089532587,0.08646101506243278,0.28588444143831215,0.6313131313131313,0.8928571428571429,0.7396449704142012,361,73,15,125
grid_regularized_023,False,2,15.0,1.0,1.0,10.0,0.9,0.65,1.2,2020,2019,2001,574,603,0.2504145936981758,370,0.395,policy_max_precision_with_recall_ge_0.85,0.7484276729559748,0.85,0.7959866220735786,0.8513036167072915,0.9412936142198816,0.07779500172746498,0.26065943663685226,0.836618437433298,0.9338773955341968,0.08454212713257063,0.27937651870599933,0.7677419354838709,0.7880794701986755,0.7777777777777778,416,36,32,119
grid_regularized_023,False,2,15.0,1.0,1.0,10.0,0.9,0.65,1.2,2021,2020,2575,603,673,0.2451708766716196,394,0.32,policy_max_precision_with_recall_ge_0.85,0.7166666666666667,0.8543046357615894,0.7794561933534743,0.8520387502876033,0.9379358846627205,0.08214663246196266,0.2678131601094523,0.8070260669671548,0.9193032689095681,0.09424578191163722,0.3021108851922333,0.6490384615384616,0.8181818181818182,0.7238605898123325,435,73,30,135
grid_regularized_023,False,2,15.0,1.0,1.0,10.0,0.9,0.65,1.2,2022,2021,3178,673,676,0.2603550295857988,390,0.24,policy_max_precision_with_recall_ge_0.85,0.6255506607929515,0.8606060606060606,0.7244897959183674,0.8209451071691555,0.9264733953710332,0.09031861203081476,0.2887098825008326,0.8190239633225974,0.9229659090909089,0.09317524648725281,0.30251698130429333,0.6681034482758621,0.8806818181818182,0.7598039215686274,423,77,21,155
grid_regularized_024,False,2,15.0,3.0,0.2,3.0,0.9,0.8,1.0,2019,2018,1490,511,574,0.24390243902439024,306,0.235,policy_max_precision_with_recall_ge_0.85,0.5950920245398773,0.8584070796460177,0.7028985507246377,0.8001073963086465,0.9148396851514207,0.08824370461344536,0.2910957968821833,0.8276425928769446,0.9281270572745226,0.08603317221813005,0.2852677515365114,0.6243654822335025,0.8785714285714286,0.7299703264094956,360,74,17,123
grid_regularized_024,False,2,15.0,3.0,0.2,3.0,0.9,0.8,1.0,2020,2019,2001,574,603,0.2504145936981758,399,0.34,policy_max_precision_with_recall_ge_0.85,0.7409638554216867,0.8785714285714286,0.803921568627451,0.8542145817459736,0.94224818959842,0.07704512914994359,0.25862301154899264,0.8455750570057534,0.93371622809588,0.08420117346167595,0.27762677382399775,0.7261904761904762,0.8079470198675497,0.7648902821316614,406,46,29,122
grid_regularized_024,False,2,15.0,3.0,0.2,3.0,0.9,0.8,1.0,2021,2020,2575,603,673,0.2451708766716196,396,0.305,policy_max_precision_with_recall_ge_0.85,0.7103825136612022,0.8609271523178808,0.7784431137724551,0.8562259151186932,0.9387417218543046,0.08122460117185898,0.26676078980742285,0.8046198686238225,0.9183369124314006,0.09407202817361414,0.30355270067489987,0.6462264150943396,0.8303030303030303,0.726790450928382,433,75,28,137
grid_regularized_024,False,2,15.0,3.0,0.2,3.0,0.9,0.8,1.0,2022,2021,3178,673,676,0.2603550295857988,381,0.23,policy_max_precision_with_recall_ge_0.85,0.6266666666666667,0.8545454545454545,0.7230769230769231,0.8238414586392506,0.9267000715819613,0.08975048285951888,0.28762873336986255,0.8218606972605117,0.9239886363636364,0.092380136162652,0.3004197837882912,0.6514522821576764,0.8920454545454546,0.7529976019184652,416,84,19,157
grid_regularized_025,False,2,15.0,3.0,1.0,3.0,0.65,0.9,1.2,2019,2018,1490,511,574,0.24390243902439024,380,0.205,policy_max_precision_with_recall_ge_0.85,0.5672514619883041,0.8584070796460177,0.6830985915492958,0.8040181130800976,0.9147507448748166,0.08729473155995958,0.2887305685065883,0.8241322211117603,0.9286208031599735,0.08639955021221882,0.28461192859186285,0.5934579439252337,0.9071428571428571,0.7175141242937854,347,87,13,127
grid_regularized_025,False,2,15.0,3.0,1.0,3.0,0.65,0.9,1.2,2020,2019,2001,574,603,0.2504145936981758,371,0.33,policy_max_precision_with_recall_ge_0.85,0.7083333333333334,0.85,0.7727272727272727,0.8524854336786039,0.9410631994733377,0.0786011180142206,0.2608004547555865,0.8397588154129918,0.9328957393189943,0.08504238689582744,0.27952923166310095,0.7267441860465116,0.8278145695364238,0.7739938080495357,405,47,26,125
grid_regularized_025,False,2,15.0,3.0,1.0,3.0,0.65,0.9,1.2,2021,2020,2575,603,673,0.2451708766716196,360,0.345,policy_max_precision_with_recall_ge_0.85,0.7247191011235955,0.8543046357615894,0.78419452887538,0.8567959354012069,0.9395622106311903,0.08126558110087319,0.2644099646591737,0.8090324063406216,0.9199594368885707,0.09378749683686682,0.3001751889807145,0.67,0.8121212121212121,0.7342465753424657,442,66,31,134
grid_regularized_025,False,2,15.0,3.0,1.0,3.0,0.65,0.9,1.2,2022,2021,3178,673,676,0.2603550295857988,393,0.205,policy_max_precision_with_recall_ge_0.85,0.5925925925925926,0.8727272727272727,0.7058823529411765,0.8208083816400906,0.9253638749701742,0.09007376988892747,0.2890292226952064,0.8119332052655759,0.9210227272727272,0.09431813196290514,0.3059200004492803,0.6489795918367347,0.9034090909090909,0.7553444180522565,414,86,17,159
grid_regularized_026,False,3,5.0,0.0,1.0,10.0,0.8,0.9,0.8,2019,2018,1490,511,574,0.24390243902439024,215,0.19,policy_max_precision_with_recall_ge_0.85,0.5574712643678161,0.8584070796460177,0.6759581881533101,0.8171768488856644,0.9199982211944678,0.0843590176180066,0.28060990044930106,0.8288087220941385,0.9309907834101383,0.0840940079604572,0.279011050778447,0.5871559633027523,0.9142857142857143,0.7150837988826816,344,90,12,128
grid_regularized_026,False,3,5.0,0.0,1.0,10.0,0.8,0.9,0.8,2020,2019,2001,574,603,0.2504145936981758,188,0.34,policy_max_precision_with_recall_ge_0.85,0.7439024390243902,0.8714285714285714,0.8026315789473685,0.8521573099196683,0.9435977616853193,0.07665570852860902,0.25451519590459615,0.8337707375176132,0.9330422551720096,0.08660000095079332,0.2812271108920777,0.7454545454545455,0.8145695364238411,0.7784810126582279,410,42,28,123
grid_regularized_026,False,3,5.0,0.0,1.0,10.0,0.8,0.9,0.8,2021,2020,2575,603,673,0.2451708766716196,398,0.26,policy_max_precision_with_recall_ge_0.85,0.6951871657754011,0.8609271523178808,0.7692307692307693,0.8631460826388712,0.9440309441481568,0.079011315917804,0.2566393545389691,0.8191154058360302,0.92431400620377,0.0913158206072254,0.29321470783952,0.6367713004484304,0.8606060606060606,0.7319587628865979,427,81,23,142
grid_regularized_026,False,3,5.0,0.0,1.0,10.0,0.8,0.9,0.8,2022,2021,3178,673,676,0.2603550295857988,393,0.24,policy_max_precision_with_recall_ge_0.85,0.6396396396396397,0.8606060606060606,0.7338501291989664,0.8358837955109326,0.9319852063946552,0.08636853136595231,0.2777633981903832,0.822532987422965,0.9253863636363636,0.09300751490529194,0.30014854211762654,0.6909090909090909,0.8636363636363636,0.7676767676767676,432,68,24,152
grid_regularized_027,False,3,5.0,0.5,0.05,6.0,0.9,0.8,1.2,2019,2018,1490,511,574,0.24390243902439024,399,0.245,policy_max_precision_with_recall_ge_0.85,0.6258064516129033,0.8584070796460177,0.7238805970149254,0.8250527816802641,0.9238004180193,0.08071012818941653,0.27235145501603225,0.8349977357891771,0.9319947333772218,0.08247950586245432,0.2747809186524881,0.648936170212766,0.8714285714285714,0.7439024390243902,368,66,18,122
grid_regularized_027,False,3,5.0,0.5,0.05,6.0,0.9,0.8,1.2,2020,2019,2001,574,603,0.2504145936981758,394,0.38,policy_max_precision_with_recall_ge_0.85,0.7628205128205128,0.85,0.8040540540540541,0.8592469868572323,0.946231073074391,0.07589550072858128,0.2508548755403697,0.8543354261951784,0.9402654867256637,0.08123848783824779,0.26378009174175115,0.7515527950310559,0.8013245033112583,0.7756410256410257,412,40,30,121
grid_regularized_027,False,3,5.0,0.5,0.05,6.0,0.9,0.8,1.2,2021,2020,2575,603,673,0.2451708766716196,398,0.32,policy_max_precision_with_recall_ge_0.85,0.7288135593220338,0.8543046357615894,0.7865853658536586,0.8708040736018943,0.9471956865732872,0.07681528320062246,0.24975390918426302,0.8199101635075928,0.922667621092818,0.09227450775015568,0.2965301186863113,0.6585365853658537,0.8181818181818182,0.7297297297297297,438,70,30,135
grid_regularized_027,False,3,5.0,0.5,0.05,6.0,0.9,0.8,1.2,2022,2021,3178,673,676,0.2603550295857988,390,0.26,policy_max_precision_with_recall_ge_0.85,0.6761904761904762,0.8606060606060606,0.7573333333333333,0.8403549293254443,0.9340730136005727,0.08521776848620813,0.2748373381295758,0.8360685725348704,0.9302613636363637,0.09018443336677953,0.2902878992600862,0.7075471698113207,0.8522727272727273,0.7731958762886598,438,62,26,150
grid_regularized_028,False,3,5.0,0.5,0.2,3.0,0.65,0.8,0.8,2019,2018,1490,511,574,0.24390243902439024,337,0.22,policy_max_precision_with_recall_ge_0.85,0.632258064516129,0.8672566371681416,0.7313432835820896,0.8275880934819985,0.9224885489393871,0.08186007489243667,0.2732126905203958,0.8268976346616792,0.9283410138248849,0.0852006093568101,0.2820705725513472,0.6288659793814433,0.8714285714285714,0.7305389221556886,362,72,18,122
grid_regularized_028,False,3,5.0,0.5,0.2,3.0,0.65,0.8,0.8,2020,2019,2001,574,603,0.2504145936981758,397,0.365,policy_max_precision_with_recall_ge_0.85,0.7727272727272727,0.85,0.8095238095238095,0.8609820668735233,0.9479098090849243,0.07482281644088226,0.24670310930113468,0.8539979145094628,0.939225224169255,0.08182655369259277,0.2678925170698577,0.7453416149068323,0.7947019867549668,0.7692307692307693,411,41,31,120
grid_regularized_028,False,3,5.0,0.5,0.2,3.0,0.65,0.8,0.8,2021,2020,2575,603,673,0.2451708766716196,337,0.3,policy_max_precision_with_recall_ge_0.85,0.7247191011235955,0.8543046357615894,0.78419452887538,0.8732271554775771,0.94885131571236,0.07604484934962347,0.24616778888891344,0.8205168098461717,0.9245287520878072,0.09110095393777748,0.2937851865891912,0.6555023923444976,0.8303030303030303,0.732620320855615,436,72,28,137
grid_regularized_028,False,3,5.0,0.5,0.2,3.0,0.65,0.8,0.8,2022,2021,3178,673,676,0.2603550295857988,399,0.28,policy_max_precision_with_recall_ge_0.85,0.6650943396226415,0.8545454545454545,0.7480106100795756,0.8392937499678359,0.9322596039131472,0.08445134190922575,0.27539854581617346,0.8226786259988937,0.9258295454545455,0.09175892938641775,0.2981417921316773,0.7061611374407583,0.8465909090909091,0.7700258397932817,438,62,27,149
grid_regularized_029,False,3,5.0,0.5,0.2,10.0,0.9,0.65,1.0,2019,2018,1490,511,574,0.24390243902439024,397,0.24,policy_max_precision_with_recall_ge_0.85,0.6178343949044586,0.8584070796460177,0.7185185185185186,0.8249065075893048,0.9230221905990128,0.08182164129185193,0.275035008486741,0.8313936161830366,0.9328999341672153,0.08307786888869223,0.2758145074243059,0.640625,0.8785714285714286,0.7409638554216867,365,69,17,123
grid_regularized_029,False,3,5.0,0.5,0.2,10.0,0.9,0.65,1.0,2020,2019,2001,574,603,0.2504145936981758,241,0.36,policy_max_precision_with_recall_ge_0.85,0.7515527950310559,0.8642857142857143,0.8039867109634552,0.8503181814620706,0.9434825543120474,0.07751114121533842,0.2569903351546841,0.8435680102036808,0.9380530973451328,0.08362437424784228,0.27052966506109627,0.7515151515151515,0.8211920529801324,0.7848101265822784,411,41,27,124
grid_regularized_029,False,3,5.0,0.5,0.2,10.0,0.9,0.65,1.0,2021,2020,2575,603,673,0.2451708766716196,396,0.295,policy_max_precision_with_recall_ge_0.85,0.7182320441988951,0.8609271523178808,0.7831325301204819,0.8683680674812504,0.9468733516966535,0.07737317119633436,0.2508101590923147,0.8209623472320534,0.9230493915533285,0.09231408383223995,0.29552666402476885,0.6367924528301887,0.8181818181818182,0.7161803713527851,431,77,30,135
grid_regularized_029,False,3,5.0,0.5,0.2,10.0,0.9,0.65,1.0,2022,2021,3178,673,676,0.2603550295857988,383,0.25,policy_max_precision_with_recall_ge_0.85,0.6380090497737556,0.8545454545454545,0.7305699481865285,0.833613339861451,0.9315318539727988,0.08639125742747607,0.2789828571469387,0.8277633267470622,0.9255340909090909,0.09248230971275412,0.2987286389255376,0.6940639269406392,0.8636363636363636,0.769620253164557,433,67,24,152
grid_regularized_030,False,3,5.0,0.5,1.0,1.0,0.65,0.65,1.2,2019,2018,1490,511,574,0.24390243902439024,376,0.24,policy_max_precision_with_recall_ge_0.85,0.6423841059602649,0.8584070796460177,0.7348484848484849,0.8272397834253361,0.9238004180192999,0.08173706554963647,0.2732974146627966,0.8259980743513347,0.9307439104674128,0.0832304641902793,0.2785363167467271,0.6458333333333334,0.8857142857142857,0.7469879518072289,366,68,16,124
grid_regularized_030,False,3,5.0,0.5,1.0,1.0,0.65,0.65,1.2,2020,2019,2001,574,603,0.2504145936981758,246,0.33,policy_max_precision_with_recall_ge_0.85,0.7361963190184049,0.8571428571428571,0.7920792079207921,0.855094957686013,0.9449144173798552,0.0767731144043069,0.25328897889835145,0.844352232136696,0.9355476762585712,0.08502701386937053,0.2750031069935455,0.7218934911242604,0.8079470198675497,0.7625,405,47,29,122
grid_regularized_030,False,3,5.0,0.5,1.0,1.0,0.65,0.65,1.2,2021,2020,2575,603,673,0.2451708766716196,319,0.335,policy_max_precision_with_recall_ge_0.85,0.7543859649122807,0.8543046357615894,0.8012422360248447,0.8698834669879477,0.948074781691379,0.07567997589888485,0.2470251927368527,0.8154664426179109,0.9200668098305894,0.09446088568606309,0.3012269270871517,0.6598984771573604,0.7878787878787878,0.7182320441988951,441,67,35,130
grid_regularized_030,False,3,5.0,0.5,1.0,1.0,0.65,0.65,1.2,2022,2021,3178,673,676,0.2603550295857988,155,0.245,policy_max_precision_with_recall_ge_0.85,0.6266666666666667,0.8545454545454545,0.7230769230769231,0.8223256887906234,0.924588403722262,0.09141485155839736,0.29227551332751683,0.8175724479067693,0.9213750000000002,0.09351420773134206,0.30506988686190456,0.6666666666666666,0.8636363636363636,0.7524752475247525,424,76,24,152
grid_regularized_031,False,3,5.0,1.0,0.2,3.0,0.8,0.8,1.2,2019,2018,1490,511,574,0.24390243902439024,331,0.2,policy_max_precision_with_recall_ge_0.85,0.5988023952095808,0.8849557522123894,0.7142857142857143,0.8230776977641528,0.9240005336416596,0.08182313417132989,0.27447659969917804,0.8315698920705507,0.9305299539170507,0.08370009852902154,0.27807820249530446,0.6066350710900474,0.9142857142857143,0.7293447293447294,351,83,12,128
grid_regularized_031,False,3,5.0,1.0,0.2,3.0,0.8,0.8,1.2,2020,2019,2001,574,603,0.2504145936981758,303,0.37,policy_max_precision_with_recall_ge_0.85,0.7579617834394905,0.85,0.8013468013468014,0.8628598850010396,0.9469716919025675,0.07432727778446642,0.2489491018211449,0.8476546965309923,0.9377893688097052,0.08339589570292223,0.26992656827245465,0.7672955974842768,0.8079470198675497,0.7870967741935484,415,37,29,122
grid_regularized_031,False,3,5.0,1.0,0.2,3.0,0.8,0.8,1.2,2021,2020,2575,603,673,0.2451708766716196,390,0.29,policy_max_precision_with_recall_ge_0.85,0.7182320441988951,0.8609271523178808,0.7831325301204819,0.8702517051878812,0.9459209986520543,0.07612769041607334,0.25012783953784423,0.816615925071222,0.9203650680028632,0.09299143393949676,0.30010561385839485,0.6376146788990825,0.8424242424242424,0.7258485639686684,429,79,26,139
grid_regularized_031,False,3,5.0,1.0,0.2,3.0,0.8,0.8,1.2,2022,2021,3178,673,676,0.2603550295857988,351,0.25,policy_max_precision_with_recall_ge_0.85,0.6412556053811659,0.8666666666666667,0.7371134020618557,0.8350104642736779,0.9318420424719638,0.08572446880082982,0.2782035703000411,0.820030176346609,0.9245795454545455,0.09339931127232406,0.3015310587679253,0.6818181818181818,0.8522727272727273,0.7575757575757576,430,70,26,150
grid_regularized_032,False,3,5.0,3.0,0.05,1.0,0.65,0.65,0.8,2019,2018,1490,511,574,0.24390243902439024,294,0.235,policy_max_precision_with_recall_ge_0.85,0.6242038216560509,0.8672566371681416,0.725925925925926,0.8228616121661366,0.9227998399075021,0.08212082811932218,0.2755751924490665,0.8322741153441044,0.9325707702435813,0.08211743540381625,0.27395170715655,0.6288659793814433,0.8714285714285714,0.7305389221556886,362,72,18,122
grid_regularized_032,False,3,5.0,3.0,0.05,1.0,0.65,0.65,0.8,2020,2019,2001,574,603,0.2504145936981758,246,0.335,policy_max_precision_with_recall_ge_0.85,0.7391304347826086,0.85,0.7906976744186046,0.8575275379201187,0.9453752468729428,0.07539503709810905,0.25006425105068414,0.8462307064316607,0.9344781105315595,0.08412213653850378,0.27597908568673757,0.7192982456140351,0.8145695364238411,0.7639751552795031,404,48,28,123
grid_regularized_032,False,3,5.0,3.0,0.05,1.0,0.65,0.65,0.8,2021,2020,2575,603,673,0.2451708766716196,343,0.295,policy_max_precision_with_recall_ge_0.85,0.7049180327868853,0.8543046357615894,0.7724550898203593,0.876803884872822,0.9477231436441422,0.07537990421948551,0.24611557203754228,0.8170916861224256,0.9217012646146505,0.09238957006740137,0.2988840180812954,0.6372093023255814,0.8303030303030303,0.7210526315789474,430,78,28,137
grid_regularized_032,False,3,5.0,3.0,0.05,1.0,0.65,0.65,0.8,2022,2021,3178,673,676,0.2603550295857988,398,0.25,policy_max_precision_with_recall_ge_0.85,0.6513761467889908,0.8606060606060606,0.741514360313316,0.8320712049552405,0.9304461942257217,0.0865416296335468,0.2802139191941269,0.8159945084772103,0.9230113636363636,0.0931705829754202,0.3033525581162285,0.6785714285714286,0.8636363636363636,0.76,428,72,24,152
grid_regularized_033,False,3,5.0,3.0,0.2,10.0,0.65,0.65,1.0,2019,2018,1490,511,574,0.24390243902439024,371,0.235,policy_max_precision_with_recall_ge_0.85,0.5987654320987654,0.8584070796460177,0.7054545454545454,0.8152514550033406,0.9199092809178637,0.08439720062589928,0.27949957643648904,0.8260391812781361,0.9309743252139565,0.08427177177636273,0.27889110708930115,0.634020618556701,0.8785714285714286,0.7365269461077845,363,71,17,123
grid_regularized_033,False,3,5.0,3.0,0.2,10.0,0.65,0.65,1.0,2020,2019,2001,574,603,0.2504145936981758,217,0.305,policy_max_precision_with_recall_ge_0.85,0.7083333333333334,0.85,0.7727272727272727,0.8501715005003468,0.9411948650427913,0.07932288648693998,0.259533937661463,0.8418510095592067,0.9333938932192463,0.08541843832014388,0.2781918650854852,0.7283236994219653,0.8344370860927153,0.7777777777777778,405,47,25,126
grid_regularized_033,False,3,5.0,3.0,0.2,10.0,0.65,0.65,1.0,2021,2020,2575,603,673,0.2451708766716196,398,0.285,policy_max_precision_with_recall_ge_0.85,0.7087912087912088,0.8543046357615894,0.7747747747747747,0.8648769954277971,0.9448221297544395,0.07796529294603581,0.2535568904268832,0.8155605950210894,0.9204366499642092,0.09407233236318617,0.3003167881442054,0.6227272727272727,0.8303030303030303,0.7116883116883117,425,83,28,137
grid_regularized_033,False,3,5.0,3.0,0.2,10.0,0.65,0.65,1.0,2022,2021,3178,673,676,0.2603550295857988,392,0.235,policy_max_precision_with_recall_ge_0.85,0.6355555555555555,0.8666666666666667,0.7333333333333333,0.8298318240891811,0.9291457885946074,0.08811672918375585,0.2830218256705529,0.8180800875752774,0.923625,0.09355968663860323,0.30261552349493875,0.6891891891891891,0.8693181818181818,0.7688442211055276,431,69,23,153
grid_regularized_034,False,3,8.0,0.0,0.2,10.0,0.65,0.65,1.0,2019,2018,1490,511,574,0.24390243902439024,275,0.23,policy_max_precision_with_recall_ge_0.85,0.5950920245398773,0.8584070796460177,0.7028985507246377,0.811139820144274,0.917974829901721,0.0858167070066746,0.2834538464651791,0.8226933404383779,0.9298880842659645,0.08537304898354665,0.28194133023138285,0.62,0.8857142857142857,0.7294117647058823,358,76,16,124
grid_regularized_034,False,3,8.0,0.0,0.2,10.0,0.65,0.65,1.0,2020,2019,2001,574,603,0.2504145936981758,227,0.34,policy_max_precision_with_recall_ge_0.85,0.725609756097561,0.85,0.7828947368421053,0.8471757227700323,0.9411290322580645,0.07924579645631859,0.2604812464921719,0.8409543681984086,0.9352253413819375,0.08528858815548011,0.2761628003432515,0.7515151515151515,0.8211920529801324,0.7848101265822784,411,41,27,124
grid_regularized_034,False,3,8.0,0.0,0.2,10.0,0.65,0.65,1.0,2021,2020,2575,603,673,0.2451708766716196,348,0.285,policy_max_precision_with_recall_ge_0.85,0.712707182320442,0.8543046357615894,0.7771084337349398,0.8675555928327716,0.9460675145050694,0.07774915329952449,0.2514218726388105,0.8123368438161441,0.9205082319255548,0.09502232501052142,0.3018483895748215,0.6359447004608295,0.8363636363636363,0.7225130890052356,429,79,27,138
grid_regularized_034,False,3,8.0,0.0,0.2,10.0,0.65,0.65,1.0,2022,2021,3178,673,676,0.2603550295857988,399,0.26,policy_max_precision_with_recall_ge_0.85,0.6467889908256881,0.8545454545454545,0.7362924281984334,0.8266117051522832,0.9287878787878788,0.08841292844303629,0.28374143370370525,0.8175367359261151,0.9232386363636365,0.09401455419164226,0.3038310121933321,0.6995305164319249,0.8465909090909091,0.7660668380462725,436,64,27,149
grid_regularized_035,False,3,8.0,0.0,1.0,6.0,0.65,0.8,0.8,2019,2018,1490,511,574,0.24390243902439024,360,0.235,policy_max_precision_with_recall_ge_0.85,0.6125,0.8672566371681416,0.717948717948718,0.8210490067314234,0.9193756392582381,0.08367109795615227,0.2786050248513166,0.8228733387639315,0.9266787360105333,0.08544619075685073,0.28402825331568604,0.625,0.8571428571428571,0.7228915662650602,362,72,20,120
grid_regularized_035,False,3,8.0,0.0,1.0,6.0,0.65,0.8,0.8,2020,2019,2001,574,603,0.2504145936981758,258,0.32,policy_max_precision_with_recall_ge_0.85,0.7289156626506024,0.8642857142857143,0.7908496732026143,0.8539110342455625,0.944157340355497,0.07751157195720898,0.2547020345350001,0.8484648508654167,0.9368956221063118,0.08388926225495796,0.27340324025796253,0.7175141242937854,0.8410596026490066,0.774390243902439,402,50,24,127
grid_regularized_035,False,3,8.0,0.0,1.0,6.0,0.65,0.8,0.8,2021,2020,2575,603,673,0.2451708766716196,343,0.29,policy_max_precision_with_recall_ge_0.85,0.7182320441988951,0.8609271523178808,0.7831325301204819,0.8686039479343427,0.9465803199906231,0.07728201111948639,0.2505878449314925,0.8167561095885374,0.9219637318062515,0.09432082219394537,0.2995422574786817,0.6476190476190476,0.8242424242424242,0.7253333333333334,434,74,29,136
grid_regularized_035,False,3,8.0,0.0,1.0,6.0,0.65,0.8,0.8,2022,2021,3178,673,676,0.2603550295857988,392,0.245,policy_max_precision_with_recall_ge_0.85,0.6620370370370371,0.8666666666666667,0.7506561679790026,0.834515764222944,0.9310665712240516,0.08613128869780952,0.27891282499397224,0.821745452121386,0.9266931818181819,0.09220171084688729,0.2976798893508237,0.7083333333333334,0.8693181818181818,0.7806122448979592,437,63,23,153
grid_regularized_036,False,3,8.0,0.0,1.0,10.0,0.8,0.8,0.8,2019,2018,1490,511,574,0.24390243902439024,343,0.235,policy_max_precision_with_recall_ge_0.85,0.6139240506329114,0.8584070796460177,0.7158671586715867,0.8219817069093169,0.9205096277849424,0.08312552920513436,0.2785082360290855,0.8209402646841365,0.928275181040158,0.08578118175648589,0.2833332796104382,0.6262626262626263,0.8857142857142857,0.7337278106508875,360,74,16,124
grid_regularized_036,False,3,8.0,0.0,1.0,10.0,0.8,0.8,0.8,2020,2019,2001,574,603,0.2504145936981758,231,0.385,policy_max_precision_with_recall_ge_0.85,0.7579617834394905,0.85,0.8013468013468014,0.851480912834347,0.9433015141540487,0.07713808110098438,0.255608674978211,0.8409373544467319,0.9336429701693724,0.08544985575878201,0.2787656487067127,0.7628205128205128,0.7880794701986755,0.7752442996742671,415,37,32,119
grid_regularized_036,False,3,8.0,0.0,1.0,10.0,0.8,0.8,0.8,2021,2020,2575,603,673,0.2451708766716196,396,0.275,policy_max_precision_with_recall_ge_0.85,0.7087912087912088,0.8543046357615894,0.7747747747747747,0.8655636289893182,0.9447488718279318,0.078294064232194,0.2540496997522237,0.8212725357913628,0.9230255308995466,0.0921621559557828,0.29605437388687056,0.6359447004608295,0.8363636363636363,0.7225130890052356,429,79,27,138
grid_regularized_036,False,3,8.0,0.0,1.0,10.0,0.8,0.8,0.8,2022,2021,3178,673,676,0.2603550295857988,375,0.245,policy_max_precision_with_recall_ge_0.85,0.6454545454545455,0.8606060606060606,0.7376623376623377,0.8348012294237572,0.9303388212837032,0.08682655297079395,0.2805560628979559,0.821002255381475,0.9252613636363636,0.09287898369227383,0.29996762966855917,0.6926605504587156,0.8579545454545454,0.766497461928934,433,67,25,151
grid_regularized_037,False,3,8.0,0.0,1.0,10.0,0.8,0.8,1.2,2019,2018,1490,511,574,0.24390243902439024,315,0.215,policy_max_precision_with_recall_ge_0.85,0.5987654320987654,0.8584070796460177,0.7054545454545454,0.8195459300226969,0.9216436163116468,0.08366765559641347,0.2777312158440828,0.8258036861018686,0.9297399605003291,0.08515965184642868,0.2806183149146363,0.6119402985074627,0.8785714285714286,0.7214076246334311,356,78,17,123
grid_regularized_037,False,3,8.0,0.0,1.0,10.0,0.8,0.8,1.2,2020,2019,2001,574,603,0.2504145936981758,245,0.38,policy_max_precision_with_recall_ge_0.85,0.7484276729559748,0.85,0.7959866220735786,0.8589129960939268,0.9457867017774851,0.07495763649634299,0.25009905330001025,0.8447869572023314,0.9360311785735216,0.08435336005393393,0.27579526760062706,0.7625,0.8079470198675497,0.7845659163987139,414,38,29,122
grid_regularized_037,False,3,8.0,0.0,1.0,10.0,0.8,0.8,1.2,2021,2020,2575,603,673,0.2451708766716196,395,0.28,policy_max_precision_with_recall_ge_0.85,0.7087912087912088,0.8543046357615894,0.7747747747747747,0.8652464823183631,0.9452030709722792,0.07815972422866352,0.2535480179134004,0.8153168734724201,0.921522309711286,0.09367692335219271,0.29962222064992416,0.6401869158878505,0.8303030303030303,0.7229551451187335,431,77,28,137
grid_regularized_037,False,3,8.0,0.0,1.0,10.0,0.8,0.8,1.2,2022,2021,3178,673,676,0.2603550295857988,293,0.23,policy_max_precision_with_recall_ge_0.85,0.6371681415929203,0.8727272727272727,0.7365728900255755,0.8331379024918261,0.9303268909568122,0.08773521161741031,0.280870325835436,0.8193650725765755,0.9242045454545454,0.09332801009063604,0.3013744917224181,0.6769911504424779,0.8693181818181818,0.7611940298507462,427,73,23,153
grid_regularized_038,False,3,8.0,0.5,0.0,10.0,0.8,0.65,1.2,2019,2018,1490,511,574,0.24390243902439024,337,0.235,policy_max_precision_with_recall_ge_0.85,0.610062893081761,0.8584070796460177,0.7132352941176471,0.8240920376545126,0.9227776048383511,0.08268272774414671,0.27579670833537256,0.8249097905007836,0.9298716260697827,0.08482246711162683,0.2803546624033458,0.6288659793814433,0.8714285714285714,0.7305389221556886,362,72,18,122
grid_regularized_038,False,3,8.0,0.5,0.0,10.0,0.8,0.65,1.2,2020,2019,2001,574,603,0.2504145936981758,396,0.37,policy_max_precision_with_recall_ge_0.85,0.7391304347826086,0.85,0.7906976744186046,0.8539251871699185,0.945901909150757,0.07656265490437562,0.2514456064549244,0.8493315666970036,0.9392252241692551,0.08259821100368435,0.2674413793125774,0.7515527950310559,0.8013245033112583,0.7756410256410257,412,40,30,121
grid_regularized_038,False,3,8.0,0.5,0.0,10.0,0.8,0.65,1.2,2021,2020,2575,603,673,0.2451708766716196,399,0.28,policy_max_precision_with_recall_ge_0.85,0.7087912087912088,0.8543046357615894,0.7747747747747747,0.8681592667294651,0.9458770438961496,0.07743914456572823,0.25205633318632564,0.819003136814679,0.9212001908852303,0.09275493595991441,0.2989466942757425,0.631336405529954,0.8303030303030303,0.7172774869109948,428,80,28,137
grid_regularized_038,False,3,8.0,0.5,0.0,10.0,0.8,0.65,1.2,2022,2021,3178,673,676,0.2603550295857988,399,0.255,policy_max_precision_with_recall_ge_0.85,0.6467889908256881,0.8545454545454545,0.7362924281984334,0.833518221095061,0.9318062514912908,0.08647777894721638,0.2780980362306202,0.8212178500658843,0.9246363636363637,0.09338498458472944,0.30045349397603155,0.6944444444444444,0.8522727272727273,0.7653061224489796,434,66,26,150
grid_regularized_039,False,3,8.0,0.5,0.05,3.0,0.8,0.8,0.8,2019,2018,1490,511,574,0.24390243902439024,361,0.23,policy_max_precision_with_recall_ge_0.85,0.6298701298701299,0.8584070796460177,0.7265917602996255,0.8267431304339815,0.9246453506470406,0.08129494173665465,0.2725223354000602,0.8277558516471676,0.9290651744568795,0.0851136093136371,0.2814374516614632,0.6243654822335025,0.8785714285714286,0.7299703264094956,360,74,17,123
grid_regularized_039,False,3,8.0,0.5,0.05,3.0,0.8,0.8,0.8,2020,2019,2001,574,603,0.2504145936981758,386,0.35,policy_max_precision_with_recall_ge_0.85,0.7628205128205128,0.85,0.8040540540540541,0.8640319358211493,0.9488808426596446,0.07427771941622562,0.24371852379908016,0.85042900802742,0.9378186719803083,0.08238800121351465,0.2701394400950416,0.7454545454545455,0.8145695364238411,0.7784810126582279,410,42,28,123
grid_regularized_039,False,3,8.0,0.5,0.05,3.0,0.8,0.8,0.8,2021,2020,2575,603,673,0.2451708766716196,364,0.295,policy_max_precision_with_recall_ge_0.85,0.7206703910614525,0.8543046357615894,0.7818181818181819,0.8697928472510784,0.9455547090195159,0.07780165893371543,0.25208624568376864,0.8176709195493503,0.9204127893104271,0.09357623588313387,0.3015871466433666,0.6507177033492823,0.8242424242424242,0.7272727272727273,435,73,29,136
grid_regularized_039,False,3,8.0,0.5,0.05,3.0,0.8,0.8,0.8,2022,2021,3178,673,676,0.2603550295857988,383,0.255,policy_max_precision_with_recall_ge_0.85,0.6650943396226415,0.8545454545454545,0.7480106100795756,0.8370687205974995,0.9316153662610356,0.08515052813165293,0.27746202844595613,0.8215940630142289,0.9251931818181819,0.09305762269654334,0.3004209005100789,0.6912442396313364,0.8522727272727273,0.7633587786259542,433,67,26,150
grid_regularized_040,False,3,8.0,0.5,0.2,1.0,0.8,0.9,1.2,2019,2018,1490,511,574,0.24390243902439024,399,0.24,policy_max_precision_with_recall_ge_0.85,0.6510067114093959,0.8584070796460177,0.7404580152671756,0.8260912623281869,0.9242451194023213,0.08098024791640597,0.27278379101459427,0.8291448089709089,0.9267116524028967,0.08531493872705609,0.28466734908513597,0.6436170212765957,0.8642857142857143,0.7378048780487805,367,67,19,121
grid_regularized_040,False,3,8.0,0.5,0.2,1.0,0.8,0.9,1.2,2020,2019,2001,574,603,0.2504145936981758,392,0.38,policy_max_precision_with_recall_ge_0.85,0.7828947368421053,0.85,0.815068493150685,0.8638931308772603,0.948584595128374,0.07436360554277587,0.24554281887671495,0.8479513185994049,0.9392252241692551,0.08276339477061095,0.2683860246921155,0.7658227848101266,0.8013245033112583,0.7831715210355987,415,37,30,121
grid_regularized_040,False,3,8.0,0.5,0.2,1.0,0.8,0.9,1.2,2021,2020,2575,603,673,0.2451708766716196,387,0.315,policy_max_precision_with_recall_ge_0.85,0.7247191011235955,0.8543046357615894,0.78419452887538,0.8707294282902263,0.9463019398698939,0.07667330020177075,0.24999577171998458,0.8144096979409255,0.9191004533524219,0.09305103480686483,0.3027282749941302,0.6540284360189573,0.8363636363636363,0.7340425531914894,435,73,27,138
grid_regularized_040,False,3,8.0,0.5,0.2,1.0,0.8,0.9,1.2,2022,2021,3178,673,676,0.2603550295857988,398,0.285,policy_max_precision_with_recall_ge_0.85,0.705,0.8545454545454545,0.7726027397260274,0.8468812709997067,0.9366738248628012,0.08280938603315449,0.2683626501275964,0.8308232440342711,0.9262727272727272,0.0915719509533125,0.2971675176037079,0.7004830917874396,0.8238636363636364,0.7571801566579635,438,62,31,145
grid_regularized_041,False,3,8.0,0.5,0.2,1.0,0.9,0.8,1.2,2019,2018,1490,511,574,0.24390243902439024,308,0.25,policy_max_precision_with_recall_ge_0.85,0.6282051282051282,0.8672566371681416,0.7286245353159851,0.8205834285051287,0.9226886645617467,0.08240317692444493,0.27586810609908125,0.8257356454482117,0.9275510204081633,0.08543947983431811,0.28366338502862753,0.631578947368421,0.8571428571428571,0.7272727272727273,364,70,20,120
grid_regularized_041,False,3,8.0,0.5,0.2,1.0,0.9,0.8,1.2,2020,2019,2001,574,603,0.2504145936981758,367,0.355,policy_max_precision_with_recall_ge_0.85,0.74375,0.85,0.7933333333333333,0.8648952708795562,0.947218564845293,0.07450544792996637,0.24858891584664622,0.8532438909828143,0.939664771728301,0.08236472007455405,0.2680037224858799,0.7530864197530864,0.8079470198675497,0.7795527156549521,412,40,29,122
grid_regularized_041,False,3,8.0,0.5,0.2,1.0,0.9,0.8,1.2,2021,2020,2575,603,673,0.2451708766716196,395,0.325,policy_max_precision_with_recall_ge_0.85,0.7371428571428571,0.8543046357615894,0.7914110429447853,0.8715099247330534,0.9478843110824591,0.0763295352111159,0.2478535399072561,0.8232921888233096,0.9231686948222382,0.09045740282206981,0.29479977884694686,0.6752577319587629,0.793939393939394,0.7298050139275766,445,63,34,131
grid_regularized_041,False,3,8.0,0.5,0.2,1.0,0.9,0.8,1.2,2022,2021,3178,673,676,0.2603550295857988,390,0.27,policy_max_precision_with_recall_ge_0.85,0.6844660194174758,0.8545454545454545,0.7601078167115903,0.8397605114699016,0.9327248866618946,0.08553754966631318,0.2761562644748455,0.8297666142663108,0.92775,0.09131755695424132,0.2947893557999594,0.7,0.8352272727272727,0.7616580310880829,437,63,29,147
grid_regularized_042,False,3,8.0,1.0,0.0,10.0,0.65,0.8,1.0,2019,2018,1490,511,574,0.24390243902439024,344,0.215,policy_max_precision_with_recall_ge_0.85,0.5950920245398773,0.8584070796460177,0.7028985507246377,0.8215561558735777,0.9198203406412594,0.08370490433247325,0.2785361860214571,0.8262558365720987,0.9284726793943384,0.08509501247012792,0.28251061637678593,0.6231155778894473,0.8857142857142857,0.7315634218289085,359,75,16,124
grid_regularized_042,False,3,8.0,1.0,0.0,10.0,0.65,0.8,1.0,2020,2019,2001,574,603,0.2504145936981758,261,0.295,policy_max_precision_with_recall_ge_0.85,0.6878612716763006,0.85,0.7603833865814696,0.848823237836034,0.9417215273206055,0.07892571021588776,0.2588861823559202,0.8391360686550896,0.9351081286995253,0.08527497741040929,0.2763068002785292,0.7191011235955056,0.847682119205298,0.7781155015197568,402,50,23,128
grid_regularized_042,False,3,8.0,1.0,0.0,10.0,0.65,0.8,1.0,2021,2020,2575,603,673,0.2451708766716196,398,0.3,policy_max_precision_with_recall_ge_0.85,0.7166666666666667,0.8543046357615894,0.7794561933534743,0.8710994202228907,0.9469319580378597,0.07722260220204297,0.2501769827065834,0.8141133371725815,0.9208422810785015,0.09488697568087456,0.3008623777833466,0.6445497630331753,0.8242424242424242,0.723404255319149,433,75,29,136
grid_regularized_042,False,3,8.0,1.0,0.0,10.0,0.65,0.8,1.0,2022,2021,3178,673,676,0.2603550295857988,392,0.24,policy_max_precision_with_recall_ge_0.85,0.6457399103139013,0.8727272727272727,0.7422680412371134,0.8320922667607291,0.9296826533047005,0.08751608753631135,0.2815143662616899,0.8244028152880756,0.926375,0.0913960023957884,0.2967763825894396,0.6909090909090909,0.8636363636363636,0.7676767676767676,432,68,24,152
grid_regularized_043,False,3,8.0,1.0,0.05,3.0,0.9,0.65,1.0,2019,2018,1490,511,574,0.24390243902439024,319,0.27,policy_max_precision_with_recall_ge_0.85,0.6423841059602649,0.8584070796460177,0.7348484848484849,0.8232783480273861,0.9238671232267532,0.08206879091791927,0.27483250320891095,0.8300652135074627,0.9305957867017773,0.08419570118933456,0.2795312593045623,0.6666666666666666,0.8571428571428571,0.75,374,60,20,120
grid_regularized_043,False,3,8.0,1.0,0.05,3.0,0.9,0.65,1.0,2020,2019,2001,574,603,0.2504145936981758,395,0.355,policy_max_precision_with_recall_ge_0.85,0.7547169811320755,0.8571428571428571,0.802675585284281,0.8626466158219173,0.9472350230414747,0.07506623912634741,0.24903691673924036,0.8585282676574629,0.9423899665943856,0.08037598953711617,0.26117838581352276,0.7485029940119761,0.8278145695364238,0.7861635220125787,410,42,26,125
grid_regularized_043,False,3,8.0,1.0,0.05,3.0,0.9,0.65,1.0,2021,2020,2575,603,673,0.2451708766716196,399,0.29,policy_max_precision_with_recall_ge_0.85,0.7206703910614525,0.8543046357615894,0.7818181818181819,0.8730968303234512,0.9476645373029362,0.07608101114046488,0.24686903787908995,0.8212562704105578,0.9225841088045812,0.09102950590181834,0.2961554803582878,0.6602870813397129,0.8363636363636363,0.7379679144385026,437,71,27,138
grid_regularized_043,False,3,8.0,1.0,0.05,3.0,0.9,0.65,1.0,2022,2021,3178,673,676,0.2603550295857988,391,0.26,policy_max_precision_with_recall_ge_0.85,0.6467889908256881,0.8545454545454545,0.7362924281984334,0.8366921527793841,0.9321045096635647,0.08572366310823692,0.2778284993036091,0.8250397502842359,0.9249318181818184,0.09251262396493522,0.29992261225182676,0.7009345794392523,0.8522727272727273,0.7692307692307693,436,64,26,150
grid_regularized_044,False,3,8.0,1.0,0.2,1.0,0.65,0.8,1.0,2019,2018,1490,511,574,0.24390243902439024,231,0.225,policy_max_precision_with_recall_ge_0.85,0.5950920245398773,0.8584070796460177,0.7028985507246377,0.8152456625345149,0.9197758705029572,0.08446010436908567,0.28007363589723483,0.828907300000622,0.9288018433179724,0.08397548898482045,0.2802631419261532,0.6180904522613065,0.8785714285714286,0.7256637168141593,358,76,17,123
grid_regularized_044,False,3,8.0,1.0,0.2,1.0,0.65,0.8,1.0,2020,2019,2001,574,603,0.2504145936981758,245,0.34,policy_max_precision_with_recall_ge_0.85,0.725609756097561,0.85,0.7828947368421053,0.8572137422969555,0.9444700460829494,0.07640107694676539,0.2531954477570836,0.8436313077655911,0.9343022915079413,0.08608986712311342,0.2774744161162676,0.7267441860465116,0.8278145695364238,0.7739938080495357,405,47,26,125
grid_regularized_044,False,3,8.0,1.0,0.2,1.0,0.65,0.8,1.0,2021,2020,2575,603,673,0.2451708766716196,348,0.3,policy_max_precision_with_recall_ge_0.85,0.7277777777777777,0.8675496688741722,0.7915407854984894,0.8720506175231447,0.9476059309617301,0.07612856600715853,0.24809610240781219,0.8144480457616489,0.9198878549272251,0.0938431916480742,0.3022523308347138,0.6442307692307693,0.8121212121212121,0.7184986595174263,434,74,31,134
grid_regularized_044,False,3,8.0,1.0,0.2,1.0,0.65,0.8,1.0,2022,2021,3178,673,676,0.2603550295857988,141,0.255,policy_max_precision_with_recall_ge_0.85,0.6322869955156951,0.8545454545454545,0.7268041237113402,0.8253920206385837,0.9246122643760438,0.09164025052868659,0.2922345443776481,0.8219822915129367,0.9212386363636365,0.0933442207996135,0.3039457250146601,0.6594827586206896,0.8693181818181818,0.75,421,79,23,153
grid_regularized_045,False,3,8.0,1.0,1.0,3.0,0.65,0.65,0.8,2019,2018,1490,511,574,0.24390243902439024,395,0.235,policy_max_precision_with_recall_ge_0.85,0.61875,0.8761061946902655,0.7252747252747253,0.821991661213829,0.9218659670031573,0.08265442070367698,0.275729431295274,0.8213172525202441,0.9287853851217907,0.08560496122398882,0.2821838884252296,0.634020618556701,0.8785714285714286,0.7365269461077845,363,71,17,123
grid_regularized_045,False,3,8.0,1.0,1.0,3.0,0.65,0.65,0.8,2020,2019,2001,574,603,0.2504145936981758,245,0.34,policy_max_precision_with_recall_ge_0.85,0.7300613496932515,0.85,0.7854785478547854,0.8547329388253954,0.9439598420013167,0.07771175530296844,0.2545166261140539,0.8411032303608332,0.9340385629725136,0.08576822727365294,0.2782870133321692,0.7245508982035929,0.8013245033112583,0.7610062893081762,406,46,30,121
grid_regularized_045,False,3,8.0,1.0,1.0,3.0,0.65,0.65,0.8,2021,2020,2575,603,673,0.2451708766716196,345,0.315,policy_max_precision_with_recall_ge_0.85,0.7413793103448276,0.8543046357615894,0.7938461538461539,0.8692773955361351,0.9463458946257985,0.07740194557249454,0.25077112937853197,0.8166800118267348,0.9214030064423766,0.09321940045171533,0.2988625640114502,0.6553398058252428,0.8181818181818182,0.7277628032345014,437,71,30,135
grid_regularized_045,False,3,8.0,1.0,1.0,3.0,0.65,0.65,0.8,2022,2021,3178,673,676,0.2603550295857988,153,0.235,policy_max_precision_with_recall_ge_0.85,0.6120689655172413,0.8606060606060606,0.7153652392947103,0.8248639628935834,0.9244810307802435,0.09169441643589925,0.2921584398714114,0.8207277507027327,0.9224545454545454,0.09269155037931501,0.3021335357549963,0.6652360515021459,0.8806818181818182,0.7579462102689487,422,78,21,155
grid_regularized_046,False,3,8.0,3.0,1.0,3.0,0.8,0.9,0.8,2019,2018,1490,511,574,0.24390243902439024,214,0.21,policy_max_precision_with_recall_ge_0.85,0.5843373493975904,0.8584070796460177,0.6953405017921147,0.8170914690869043,0.9201093965402233,0.08454838627460125,0.28101746103219594,0.8251291154948399,0.9286701777485188,0.08534973399027984,0.28251336449770037,0.5849056603773585,0.8857142857142857,0.7045454545454546,346,88,16,124
grid_regularized_046,False,3,8.0,3.0,1.0,3.0,0.8,0.9,0.8,2020,2019,2001,574,603,0.2504145936981758,396,0.365,policy_max_precision_with_recall_ge_0.85,0.7547169811320755,0.8571428571428571,0.802675585284281,0.8516439749891993,0.9454410796576694,0.07687149461525147,0.2525978859599462,0.8460239218089963,0.935518373087968,0.08409341288452826,0.2747076985720446,0.7361963190184049,0.7947019867549668,0.7643312101910829,409,43,31,120
grid_regularized_046,False,3,8.0,3.0,1.0,3.0,0.8,0.9,0.8,2021,2020,2575,603,673,0.2451708766716196,394,0.29,policy_max_precision_with_recall_ge_0.85,0.7103825136612022,0.8609271523178808,0.7784431137724551,0.8660684920521252,0.9451884193869777,0.07748396722212877,0.25326297312873614,0.816761173915328,0.9224409448818897,0.091996664926945,0.29767688897131983,0.6555023923444976,0.8303030303030303,0.732620320855615,436,72,28,137
grid_regularized_046,False,3,8.0,3.0,1.0,3.0,0.8,0.9,0.8,2022,2021,3178,673,676,0.2603550295857988,398,0.265,policy_max_precision_with_recall_ge_0.85,0.6454545454545455,0.8606060606060606,0.7376623376623377,0.8365606863868054,0.9307444523979955,0.08625312604135972,0.2790730768292789,0.8247497900007869,0.9243636363636364,0.09258790665664345,0.2997983888638467,0.695852534562212,0.8579545454545454,0.7684478371501272,434,66,25,151
grid_regularized_047,False,3,8.0,3.0,1.0,6.0,0.9,0.9,0.8,2019,2018,1490,511,574,0.24390243902439024,247,0.22,policy_max_precision_with_recall_ge_0.85,0.5773809523809523,0.8584070796460177,0.6903914590747331,0.808318390976669,0.917663538933606,0.08577112795663706,0.28557848223765814,0.8169497751070228,0.9271066491112573,0.08601122612399181,0.285988776527529,0.5990338164251208,0.8857142857142857,0.7146974063400576,351,83,16,124
grid_regularized_047,False,3,8.0,3.0,1.0,6.0,0.9,0.9,0.8,2020,2019,2001,574,603,0.2504145936981758,247,0.355,policy_max_precision_with_recall_ge_0.85,0.7345679012345679,0.85,0.7880794701986755,0.8478931133272201,0.9423633969716918,0.07781813358186916,0.257292353876661,0.8407497152585722,0.9345367168727657,0.08516010597041895,0.2769855588769901,0.7454545454545455,0.8145695364238411,0.7784810126582279,410,42,28,123
grid_regularized_047,False,3,8.0,3.0,1.0,6.0,0.9,0.9,0.8,2021,2020,2575,603,673,0.2451708766716196,361,0.275,policy_max_precision_with_recall_ge_0.85,0.6989247311827957,0.8609271523178808,0.771513353115727,0.8643897283519356,0.9439137314657445,0.07885182339757875,0.2558894157184377,0.8198763682721739,0.9230971128608924,0.09272863557432379,0.29614265637231035,0.634703196347032,0.8424242424242424,0.7239583333333334,428,80,26,139
grid_regularized_047,False,3,8.0,3.0,1.0,6.0,0.9,0.9,0.8,2022,2021,3178,673,676,0.2603550295857988,248,0.255,policy_max_precision_with_recall_ge_0.85,0.6574074074074074,0.8606060606060606,0.7454068241469817,0.8319191532360349,0.9308398950131234,0.08792001442365846,0.2817241082397446,0.8331529711498469,0.9273409090909092,0.0914245118272686,0.2947220473842126,0.6894977168949772,0.8579545454545454,0.7645569620253164,432,68,25,151
grid_regularized_048,False,3,12.0,0.0,0.2,1.0,0.9,0.65,0.8,2019,2018,1490,511,574,0.24390243902439024,397,0.24,policy_max_precision_with_recall_ge_0.85,0.6163522012578616,0.8672566371681416,0.7205882352941176,0.8165579383293526,0.9200871614710722,0.08410647834727562,0.2811412672455936,0.8251386581057267,0.9285385121790652,0.08634040741009127,0.28274290179631345,0.6282722513089005,0.8571428571428571,0.7250755287009063,363,71,20,120
grid_regularized_048,False,3,12.0,0.0,0.2,1.0,0.9,0.65,0.8,2020,2019,2001,574,603,0.2504145936981758,224,0.35,policy_max_precision_with_recall_ge_0.85,0.7333333333333333,0.8642857142857143,0.7934426229508197,0.8558852483636964,0.9432850559578669,0.07665490447870253,0.2554021337207715,0.8482808941881648,0.9358114047939987,0.08408110867609364,0.2752398915394167,0.7530120481927711,0.8278145695364238,0.7886435331230284,411,41,26,125
grid_regularized_048,False,3,12.0,0.0,0.2,1.0,0.9,0.65,0.8,2021,2020,2575,603,673,0.2451708766716196,369,0.295,policy_max_precision_with_recall_ge_0.85,0.7010869565217391,0.8543046357615894,0.7701492537313432,0.8689174018707833,0.9451884193869776,0.0773411748401132,0.252248194795288,0.8187053236210692,0.9212359818659032,0.09257474449825022,0.2984782566259997,0.6492890995260664,0.8303030303030303,0.7287234042553191,434,74,28,137
grid_regularized_048,False,3,12.0,0.0,0.2,1.0,0.9,0.65,0.8,2022,2021,3178,673,676,0.2603550295857988,390,0.25,policy_max_precision_with_recall_ge_0.85,0.6497695852534562,0.8545454545454545,0.7382198952879581,0.8342378232871618,0.9324385588165116,0.08531630138952769,0.2768954690002284,0.8251891645987157,0.9264204545454544,0.09259747807775925,0.29876437625329094,0.705607476635514,0.8579545454545454,0.7743589743589744,437,63,25,151
grid_regularized_049,False,3,12.0,0.5,0.0,6.0,0.9,0.65,1.0,2019,2018,1490,511,574,0.24390243902439024,372,0.245,policy_max_precision_with_recall_ge_0.85,0.6242038216560509,0.8672566371681416,0.725925925925926,0.816830302143449,0.9218659670031575,0.08359504724800128,0.27878267431229053,0.8266420266031849,0.9294766293614221,0.08552055860534323,0.2813711840730837,0.640625,0.8785714285714286,0.7409638554216867,365,69,17,123
grid_regularized_049,False,3,12.0,0.5,0.0,6.0,0.9,0.65,1.0,2020,2019,2001,574,603,0.2504145936981758,316,0.37,policy_max_precision_with_recall_ge_0.85,0.7643312101910829,0.8571428571428571,0.8080808080808081,0.8590694607801432,0.9453258722843977,0.07623980779032069,0.2525633127897705,0.8526382787739738,0.939386391607572,0.08247370187744088,0.2684491371227404,0.7423312883435583,0.8013245033112583,0.7707006369426752,410,42,30,121
grid_regularized_049,False,3,12.0,0.5,0.0,6.0,0.9,0.65,1.0,2021,2020,2575,603,673,0.2451708766716196,399,0.315,policy_max_precision_with_recall_ge_0.85,0.7303370786516854,0.8609271523178808,0.790273556231003,0.8663668924221504,0.9449539940221532,0.07803667021929103,0.2531667294812426,0.8195233689977873,0.9225483178239083,0.0918287981059477,0.29602543477367904,0.6551724137931034,0.806060606060606,0.7228260869565217,438,70,32,133
grid_regularized_049,False,3,12.0,0.5,0.0,6.0,0.9,0.65,1.0,2022,2021,3178,673,676,0.2603550295857988,390,0.26,policy_max_precision_with_recall_ge_0.85,0.6513761467889908,0.8606060606060606,0.741514360313316,0.8332168249635805,0.9310307802433787,0.08637604774500005,0.279620725417392,0.8225299693529851,0.9256136363636362,0.09252545592787811,0.29887384268369244,0.705607476635514,0.8579545454545454,0.7743589743589744,437,63,25,151
grid_regularized_050,False,3,12.0,1.0,0.0,3.0,0.8,0.9,0.8,2019,2018,1490,511,574,0.24390243902439024,397,0.245,policy_max_precision_with_recall_ge_0.85,0.6423841059602649,0.8584070796460177,0.7348484848484849,0.8237512015027915,0.9229110152532574,0.0821114482650612,0.275637132133381,0.827623604785367,0.9294930875576037,0.08588427512227349,0.2814468018711479,0.6294416243654822,0.8857142857142857,0.7359050445103857,361,73,16,124
grid_regularized_050,False,3,12.0,1.0,0.0,3.0,0.8,0.9,0.8,2020,2019,2001,574,603,0.2504145936981758,307,0.33,policy_max_precision_with_recall_ge_0.85,0.7407407407407407,0.8571428571428571,0.7947019867549668,0.854226610405003,0.945523370638578,0.07648128191852742,0.2527197797218292,0.8442381477988161,0.9362802555236477,0.08446331481218845,0.2744152409377244,0.7349397590361446,0.8079470198675497,0.7697160883280757,408,44,29,122
grid_regularized_050,False,3,12.0,1.0,0.0,3.0,0.8,0.9,0.8,2021,2020,2575,603,673,0.2451708766716196,398,0.285,policy_max_precision_with_recall_ge_0.85,0.7087912087912088,0.8543046357615894,0.7747747747747747,0.8672012810808079,0.9437672156127294,0.07784274180029162,0.25457011527901435,0.8178889332262388,0.9206871868289191,0.09264036410125197,0.2994324498030885,0.6495327102803738,0.8424242424242424,0.7335092348284961,433,75,26,139
grid_regularized_050,False,3,12.0,1.0,0.0,3.0,0.8,0.9,0.8,2022,2021,3178,673,676,0.2603550295857988,300,0.24,policy_max_precision_with_recall_ge_0.85,0.6396396396396397,0.8606060606060606,0.7338501291989664,0.8346897687965995,0.9304581245526128,0.08711596297379846,0.27975389161384345,0.8239399119409397,0.9242386363636365,0.09248088322644506,0.29986419086820065,0.6754385964912281,0.875,0.7623762376237624,426,74,22,154
grid_regularized_051,False,3,12.0,1.0,0.0,10.0,0.65,0.65,0.8,2019,2018,1490,511,574,0.24390243902439024,346,0.21,policy_max_precision_with_recall_ge_0.85,0.5868263473053892,0.8672566371681416,0.7,0.8161626364209579,0.9204429225774892,0.0844937238872124,0.27948695531411094,0.8256683428139328,0.9300362080315997,0.08549292071167902,0.2814049961998823,0.6028708133971292,0.9,0.7220630372492837,351,83,14,126
grid_regularized_051,False,3,12.0,1.0,0.0,10.0,0.65,0.65,0.8,2020,2019,2001,574,603,0.2504145936981758,216,0.29,policy_max_precision_with_recall_ge_0.85,0.672316384180791,0.85,0.750788643533123,0.8457192692112151,0.9399275839368005,0.08037606018042864,0.26320413303173784,0.8459021041270421,0.9367344546679951,0.08388046402183663,0.2736263550474881,0.7237569060773481,0.8675496688741722,0.7891566265060241,402,50,20,131
grid_regularized_051,False,3,12.0,1.0,0.0,10.0,0.65,0.65,0.8,2021,2020,2575,603,673,0.2451708766716196,326,0.31,policy_max_precision_with_recall_ge_0.85,0.7428571428571429,0.8609271523178808,0.7975460122699386,0.8641323057565103,0.9437965187833324,0.07924437809342631,0.256958091883421,0.8141234359760724,0.9208900023860653,0.09435051940516924,0.2994906687879417,0.6445497630331753,0.8242424242424242,0.723404255319149,433,75,29,136
grid_regularized_051,False,3,12.0,1.0,0.0,10.0,0.65,0.65,0.8,2022,2021,3178,673,676,0.2603550295857988,390,0.22,policy_max_precision_with_recall_ge_0.85,0.6238938053097345,0.8545454545454545,0.7212276214833759,0.8283694735210041,0.9290384156525888,0.08807152173948848,0.28347068127320196,0.8157809782083505,0.9247159090909091,0.09450140376729814,0.30319200736605306,0.6888888888888889,0.8806818181818182,0.773067331670823,430,70,21,155
grid_regularized_052,False,3,12.0,1.0,0.2,1.0,0.9,0.65,0.8,2019,2018,1490,511,574,0.24390243902439024,396,0.245,policy_max_precision_with_recall_ge_0.85,0.6178343949044586,0.8584070796460177,0.7185185185185186,0.8144088242579282,0.9195979899497487,0.08445195218513918,0.2820735664620359,0.8218781847847406,0.928439763001975,0.08664796883005405,0.28436662685173447,0.6373056994818653,0.8785714285714286,0.7387387387387387,364,70,17,123
grid_regularized_052,False,3,12.0,1.0,0.2,1.0,0.9,0.65,0.8,2020,2019,2001,574,603,0.2504145936981758,220,0.35,policy_max_precision_with_recall_ge_0.85,0.7391304347826086,0.85,0.7906976744186046,0.8506497446785596,0.9425279789335089,0.077161830595759,0.2574325394339244,0.8462560658835073,0.9351520834554299,0.08434213954240383,0.27544869726550847,0.7333333333333333,0.8013245033112583,0.7658227848101266,408,44,30,121
grid_regularized_052,False,3,12.0,1.0,0.2,1.0,0.9,0.65,0.8,2021,2020,2575,603,673,0.2451708766716196,319,0.3,policy_max_precision_with_recall_ge_0.85,0.7206703910614525,0.8543046357615894,0.7818181818181819,0.8689227069540179,0.9454814510930082,0.07731770584985335,0.2517264661303673,0.8196512995065937,0.9208661417322834,0.09278034208137782,0.299634270668982,0.6507177033492823,0.8242424242424242,0.7272727272727273,435,73,29,136
grid_regularized_052,False,3,12.0,1.0,0.2,1.0,0.9,0.65,0.8,2022,2021,3178,673,676,0.2603550295857988,381,0.255,policy_max_precision_with_recall_ge_0.85,0.6513761467889908,0.8606060606060606,0.741514360313316,0.8372172697454158,0.9326533047005487,0.08503298471041679,0.2765902359393025,0.8271207926215859,0.9264318181818181,0.09132696906504849,0.2962461167005331,0.7018348623853211,0.8693181818181818,0.7766497461928934,435,65,23,153
grid_regularized_053,False,3,12.0,3.0,0.0,3.0,0.65,0.9,0.8,2019,2018,1490,511,574,0.24390243902439024,225,0.22,policy_max_precision_with_recall_ge_0.85,0.5950920245398773,0.8584070796460177,0.7028985507246377,0.8101823298119292,0.9172633076888869,0.0853118998641163,0.2842496598632617,0.8227589794086159,0.9279953917050692,0.08622290300514562,0.28367259998710465,0.6047619047619047,0.9071428571428571,0.7257142857142858,351,83,13,127
grid_regularized_053,False,3,12.0,3.0,0.0,3.0,0.65,0.9,0.8,2020,2019,2001,574,603,0.2504145936981758,249,0.31,policy_max_precision_with_recall_ge_0.85,0.7,0.85,0.7677419354838709,0.8521031596646342,0.9416556945358788,0.0791204315602031,0.2600258892666066,0.843062426916412,0.9350348707730176,0.08406159837844587,0.2756866465663758,0.7071823204419889,0.847682119205298,0.7710843373493976,399,53,23,128
grid_regularized_053,False,3,12.0,3.0,0.0,3.0,0.65,0.9,0.8,2021,2020,2575,603,673,0.2451708766716196,383,0.29,policy_max_precision_with_recall_ge_0.85,0.7103825136612022,0.8609271523178808,0.7784431137724551,0.8753976115785166,0.9469319580378597,0.07632249127788397,0.2475469214965192,0.8154506070942921,0.9219398711524696,0.09331736623308841,0.30042688423252545,0.6507177033492823,0.8242424242424242,0.7272727272727273,435,73,29,136
grid_regularized_053,False,3,12.0,3.0,0.0,3.0,0.65,0.9,0.8,2022,2021,3178,673,676,0.2603550295857988,142,0.25,policy_max_precision_with_recall_ge_0.85,0.6266666666666667,0.8545454545454545,0.7230769230769231,0.8243285414367039,0.9253519446432832,0.09133300387885512,0.29077954802192557,0.8247418470509406,0.9241249999999999,0.09237427066992657,0.3002020008093829,0.6666666666666666,0.875,0.7567567567567568,423,77,22,154
grid_regularized_054,False,3,15.0,1.0,0.0,10.0,0.8,0.8,0.8,2019,2018,1490,511,574,0.24390243902439024,315,0.215,policy_max_precision_with_recall_ge_0.85,0.5843373493975904,0.8584070796460177,0.6953405017921147,0.8157065293377138,0.91899764308267,0.08446291131859919,0.2811538044525671,0.8224014255735941,0.9291639236339698,0.08610377519817136,0.2834108848580552,0.5952380952380952,0.8928571428571429,0.7142857142857143,349,85,15,125
grid_regularized_054,False,3,15.0,1.0,0.0,10.0,0.8,0.8,0.8,2020,2019,2001,574,603,0.2504145936981758,232,0.325,policy_max_precision_with_recall_ge_0.85,0.7168674698795181,0.85,0.7777777777777778,0.852253887847761,0.942034233048058,0.07848789751070828,0.25828814007764045,0.8413800227590905,0.9354158119908575,0.08405061668355748,0.2764261422248236,0.7409638554216867,0.8145695364238411,0.7760252365930599,409,43,28,123
grid_regularized_054,False,3,15.0,1.0,0.0,10.0,0.8,0.8,0.8,2021,2020,2575,603,673,0.2451708766716196,339,0.265,policy_max_precision_with_recall_ge_0.85,0.7027027027027027,0.8609271523178808,0.7738095238095238,0.8634695861902169,0.9424192697649886,0.07894701830934692,0.25814317183117697,0.8131589612123495,0.9207468384633739,0.09486426099093688,0.30136178140404457,0.6334841628959276,0.8484848484848485,0.7253886010362695,427,81,25,140
grid_regularized_054,False,3,15.0,1.0,0.0,10.0,0.8,0.8,0.8,2022,2021,3178,673,676,0.2603550295857988,381,0.225,policy_max_precision_with_recall_ge_0.85,0.6299559471365639,0.8666666666666667,0.7295918367346939,0.8265045604627872,0.9287640181340969,0.08856208643507962,0.2842513088007557,0.8189241860888617,0.9246363636363636,0.09350044530444866,0.301205891023123,0.6754385964912281,0.875,0.7623762376237624,426,74,22,154
grid_regularized_055,False,3,15.0,1.0,0.0,10.0,0.9,0.8,1.2,2019,2018,1490,511,574,0.24390243902439024,394,0.245,policy_max_precision_with_recall_ge_0.85,0.6178343949044586,0.8584070796460177,0.7185185185185186,0.8129774175930713,0.9195979899497488,0.08411163654980001,0.28150332362395125,0.8174295297386217,0.9272053982883477,0.08728220937392153,0.28665544775782553,0.6296296296296297,0.85,0.723404255319149,364,70,21,119
grid_regularized_055,False,3,15.0,1.0,0.0,10.0,0.9,0.8,1.2,2020,2019,2001,574,603,0.2504145936981758,372,0.36,policy_max_precision_with_recall_ge_0.85,0.7391304347826086,0.85,0.7906976744186046,0.8578197976657376,0.9459348255431205,0.07641305443329753,0.25096083476651604,0.8481750383387684,0.9386831155130985,0.08316337242996837,0.26958564312469613,0.7321428571428571,0.8145695364238411,0.7711598746081505,407,45,28,123
grid_regularized_055,False,3,15.0,1.0,0.0,10.0,0.9,0.8,1.2,2021,2020,2575,603,673,0.2451708766716196,395,0.32,policy_max_precision_with_recall_ge_0.85,0.7247191011235955,0.8543046357615894,0.78419452887538,0.8651764586838006,0.9447928265838363,0.07891543175485344,0.25523920807922224,0.8198204936968845,0.9215223097112862,0.09356347666091527,0.2990029001958405,0.6584158415841584,0.806060606060606,0.7247956403269755,439,69,32,133
grid_regularized_055,False,3,15.0,1.0,0.0,10.0,0.9,0.8,1.2,2022,2021,3178,673,676,0.2603550295857988,315,0.245,policy_max_precision_with_recall_ge_0.85,0.6380090497737556,0.8545454545454545,0.7305699481865285,0.829722275168041,0.9301956573610117,0.08811857490558722,0.2823016254837767,0.8273621834599602,0.9273295454545456,0.09217021196390966,0.29610077577478994,0.6912442396313364,0.8522727272727273,0.7633587786259542,433,67,26,150
grid_regularized_056,False,3,15.0,1.0,1.0,1.0,0.9,0.8,1.2,2019,2018,1490,511,574,0.24390243902439024,384,0.25,policy_max_precision_with_recall_ge_0.85,0.6381578947368421,0.8584070796460177,0.7320754716981132,0.819217564859461,0.9216658513807978,0.0828009397192013,0.2771448061193657,0.8223145337657491,0.9278143515470705,0.08595220084175459,0.2834026662056637,0.6282722513089005,0.8571428571428571,0.7250755287009063,363,71,20,120
grid_regularized_056,False,3,15.0,1.0,1.0,1.0,0.9,0.8,1.2,2020,2019,2001,574,603,0.2504145936981758,232,0.385,policy_max_precision_with_recall_ge_0.85,0.7484276729559748,0.85,0.7959866220735786,0.8522342197051019,0.9435319289005926,0.07719957964012823,0.2564646105148448,0.8386322019537853,0.9345953232139718,0.08547536862556523,0.2780461691235939,0.7621951219512195,0.8278145695364238,0.7936507936507936,413,39,26,125
grid_regularized_056,False,3,15.0,1.0,1.0,1.0,0.9,0.8,1.2,2021,2020,2575,603,673,0.2451708766716196,397,0.3,policy_max_precision_with_recall_ge_0.85,0.7166666666666667,0.8543046357615894,0.7794561933534743,0.8664979187987442,0.9451298130457716,0.07838604095272952,0.25302333483362144,0.8171257197508666,0.920687186828919,0.09322461800773083,0.30012936227269377,0.6428571428571429,0.8181818181818182,0.72,433,75,30,135
grid_regularized_056,False,3,15.0,1.0,1.0,1.0,0.9,0.8,1.2,2022,2021,3178,673,676,0.2603550295857988,389,0.26,policy_max_precision_with_recall_ge_0.85,0.6842105263157895,0.8666666666666667,0.7647058823529411,0.836308586952484,0.9329038415652589,0.08524928875476427,0.27635087078397463,0.8253102999403861,0.9262386363636365,0.0923365655362816,0.2982212574080398,0.7009345794392523,0.8522727272727273,0.7692307692307693,436,64,26,150
grid_regularized_057,False,3,15.0,3.0,0.05,1.0,0.8,0.8,1.0,2019,2018,1490,511,574,0.24390243902439024,335,0.215,policy_max_precision_with_recall_ge_0.85,0.6024844720496895,0.8584070796460177,0.708029197080292,0.8181493216898655,0.9212433850669276,0.08393282653686347,0.27909062283531866,0.8236723975474337,0.9274358130348913,0.08597028579281417,0.28309493351400755,0.5980861244019139,0.8928571428571429,0.7163323782234957,350,84,15,125
grid_regularized_057,False,3,15.0,3.0,0.05,1.0,0.8,0.8,1.0,2020,2019,2001,574,603,0.2504145936981758,320,0.33,policy_max_precision_with_recall_ge_0.85,0.74375,0.85,0.7933333333333333,0.8575214002929751,0.9451612903225807,0.07682403050471513,0.2519132854727727,0.8555416759084982,0.9394889527046827,0.08126731383801172,0.26652257387946743,0.7289156626506024,0.8013245033112583,0.7634069400630915,407,45,30,121
grid_regularized_057,False,3,15.0,3.0,0.05,1.0,0.8,0.8,1.0,2021,2020,2575,603,673,0.2451708766716196,398,0.255,policy_max_precision_with_recall_ge_0.85,0.6898395721925134,0.8543046357615894,0.7633136094674556,0.8648166985268233,0.9427416046416222,0.07857471606896042,0.2562338074099306,0.8087924532376853,0.9180863755666905,0.09475076572685437,0.30524075966532066,0.6294642857142857,0.8545454545454545,0.7249357326478149,425,83,24,141
grid_regularized_057,False,3,15.0,3.0,0.05,1.0,0.8,0.8,1.0,2022,2021,3178,673,676,0.2603550295857988,376,0.26,policy_max_precision_with_recall_ge_0.85,0.6425339366515838,0.8606060606060606,0.7357512953367875,0.8318663321953528,0.9310546408971605,0.08597045362612354,0.27923363480670166,0.8195122141792294,0.9246590909090908,0.09338957539084904,0.30167854486552637,0.6912442396313364,0.8522727272727273,0.7633587786259542,433,67,26,150
grid_regularized_058,False,4,5.0,0.0,0.0,6.0,0.65,0.65,1.0,2019,2018,1490,511,574,0.24390243902439024,329,0.24,policy_max_precision_with_recall_ge_0.85,0.6282051282051282,0.8672566371681416,0.7286245353159851,0.8314610328055732,0.9267132120780897,0.07983814688265983,0.2671006104233347,0.8221833599624091,0.9294930875576037,0.08526673828662129,0.28163839219610626,0.6185567010309279,0.8571428571428571,0.718562874251497,360,74,20,120
grid_regularized_058,False,4,5.0,0.0,0.0,6.0,0.65,0.65,1.0,2020,2019,2001,574,603,0.2504145936981758,208,0.345,policy_max_precision_with_recall_ge_0.85,0.759493670886076,0.8571428571428571,0.8053691275167785,0.8557132952141052,0.9471691902567478,0.0760969060059531,0.24885289817813885,0.8507413452386506,0.9379212330774189,0.08295778542118504,0.2703035211992604,0.7654320987654321,0.8211920529801324,0.792332268370607,414,38,27,124
grid_regularized_058,False,4,5.0,0.0,0.0,6.0,0.65,0.65,1.0,2021,2020,2575,603,673,0.2451708766716196,399,0.295,policy_max_precision_with_recall_ge_0.85,0.7222222222222222,0.8609271523178808,0.7854984894259819,0.8761958099373977,0.9498769266834671,0.07572904121183606,0.24370742769813264,0.823393793158127,0.9228704366499642,0.09249800167310779,0.2967770082075752,0.6616915422885572,0.806060606060606,0.726775956284153,440,68,32,133
grid_regularized_058,False,4,5.0,0.0,0.0,6.0,0.65,0.65,1.0,2022,2021,3178,673,676,0.2603550295857988,364,0.25,policy_max_precision_with_recall_ge_0.85,0.6396396396396397,0.8606060606060606,0.7338501291989664,0.836757919742927,0.9323669768551658,0.08564829029023177,0.2769315482895048,0.8264757694935033,0.9280113636363635,0.09102831786363978,0.294918310609109,0.695852534562212,0.8579545454545454,0.7684478371501272,434,66,25,151
grid_regularized_059,False,4,5.0,0.0,0.05,10.0,0.8,0.8,1.0,2019,2018,1490,511,574,0.24390243902439024,347,0.225,policy_max_precision_with_recall_ge_0.85,0.6282051282051282,0.8672566371681416,0.7286245353159851,0.8342361068569883,0.9260016898652554,0.07951742292125968,0.267715037503706,0.8259460733794912,0.9311059907834102,0.08411579421577947,0.27846853351631756,0.6354166666666666,0.8714285714285714,0.7349397590361446,364,70,18,122
grid_regularized_059,False,4,5.0,0.0,0.05,10.0,0.8,0.8,1.0,2020,2019,2001,574,603,0.2504145936981758,245,0.345,policy_max_precision_with_recall_ge_0.85,0.75,0.8571428571428571,0.8,0.8547230754345333,0.9471527320605662,0.07593862868440554,0.24777770083636977,0.8493689244470428,0.9392252241692551,0.08347034747514584,0.2687269981503134,0.7592592592592593,0.8145695364238411,0.7859424920127795,413,39,28,123
grid_regularized_059,False,4,5.0,0.0,0.05,10.0,0.8,0.8,1.0,2021,2020,2575,603,673,0.2451708766716196,379,0.3,policy_max_precision_with_recall_ge_0.85,0.7166666666666667,0.8543046357615894,0.7794561933534743,0.8761058202121598,0.9498622750981656,0.07560276041135668,0.24372863868063194,0.8250171522618286,0.9229420186113101,0.09255468382278717,0.2966043103617957,0.6473429951690821,0.8121212121212121,0.7204301075268817,435,73,31,134
grid_regularized_059,False,4,5.0,0.0,0.05,10.0,0.8,0.8,1.0,2022,2021,3178,673,676,0.2603550295857988,376,0.26,policy_max_precision_with_recall_ge_0.85,0.6588785046728972,0.8545454545454545,0.7440633245382586,0.8394953328401052,0.9314006203769983,0.08597483182805767,0.2774479457012892,0.8243823021726695,0.9266022727272726,0.09245472718191682,0.2976096683994211,0.6919431279620853,0.8295454545454546,0.7545219638242894,435,65,30,146
grid_regularized_060,False,4,5.0,0.0,0.2,10.0,0.9,0.65,1.0,2019,2018,1490,511,574,0.24390243902439024,399,0.255,policy_max_precision_with_recall_ge_0.85,0.6510067114093959,0.8584070796460177,0.7404580152671756,0.8352453288923415,0.9276915551207363,0.07892432671098058,0.2647843524644627,0.8211382068541541,0.9324884792626728,0.08416696708834334,0.2780214417074779,0.657608695652174,0.8642857142857143,0.7469135802469136,371,63,19,121
grid_regularized_060,False,4,5.0,0.0,0.2,10.0,0.9,0.65,1.0,2020,2019,2001,574,603,0.2504145936981758,330,0.375,policy_max_precision_with_recall_ge_0.85,0.7777777777777778,0.85,0.8122866894197952,0.8562362626684333,0.9483870967741935,0.07540229972651115,0.24720157037264617,0.8544856427304175,0.9414522651350876,0.08085505358650244,0.2619866965423032,0.75625,0.8013245033112583,0.7781350482315113,413,39,30,121
grid_regularized_060,False,4,5.0,0.0,0.2,10.0,0.9,0.65,1.0,2021,2020,2575,603,673,0.2451708766716196,385,0.305,policy_max_precision_with_recall_ge_0.85,0.7166666666666667,0.8543046357615894,0.7794561933534743,0.8691191254405546,0.9491589990036922,0.07607749585231736,0.24583543331750854,0.8221218184100961,0.9230016702457647,0.09274808691360739,0.2965431339153525,0.6448598130841121,0.8363636363636363,0.7282321899736148,432,76,27,138
grid_regularized_060,False,4,5.0,0.0,0.2,10.0,0.9,0.65,1.0,2022,2021,3178,673,676,0.2603550295857988,397,0.26,policy_max_precision_with_recall_ge_0.85,0.6746411483253588,0.8545454545454545,0.7540106951871658,0.8418452529982808,0.9344070627535194,0.08450979276201162,0.272945039807434,0.8330735678773361,0.9291818181818182,0.09099781288065442,0.2926634661807331,0.6981132075471698,0.8409090909090909,0.7628865979381443,436,64,28,148
grid_regularized_061,False,4,5.0,0.0,1.0,6.0,0.9,0.65,1.0,2019,2018,1490,511,574,0.24390243902439024,357,0.26,policy_max_precision_with_recall_ge_0.85,0.6598639455782312,0.8584070796460177,0.7461538461538462,0.8370199938998227,0.9282029617112109,0.07826385897482531,0.26418316062205877,0.8240044442638954,0.9318301514154049,0.08437709407400762,0.27822269365964947,0.6685082872928176,0.8642857142857143,0.7538940809968847,374,60,19,121
grid_regularized_061,False,4,5.0,0.0,1.0,6.0,0.9,0.65,1.0,2020,2019,2001,574,603,0.2504145936981758,391,0.36,policy_max_precision_with_recall_ge_0.85,0.7547169811320755,0.8571428571428571,0.802675585284281,0.8590870279390639,0.9483212639894668,0.07555255363479821,0.24712700138370544,0.8541164603727887,0.9417746000117213,0.08142861925350066,0.2621127950916479,0.7361963190184049,0.7947019867549668,0.7643312101910829,409,43,31,120
grid_regularized_061,False,4,5.0,0.0,1.0,6.0,0.9,0.65,1.0,2021,2020,2575,603,673,0.2451708766716196,394,0.31,policy_max_precision_with_recall_ge_0.85,0.7166666666666667,0.8543046357615894,0.7794561933534743,0.8740957925996843,0.949789017171658,0.07531288157232463,0.2448625548422149,0.8247645010180343,0.9229778095919828,0.09317333341898491,0.29690144781795574,0.6534653465346535,0.8,0.7193460490463215,438,70,33,132
grid_regularized_061,False,4,5.0,0.0,1.0,6.0,0.9,0.65,1.0,2022,2021,3178,673,676,0.2603550295857988,399,0.255,policy_max_precision_with_recall_ge_0.85,0.6682464454976303,0.8545454545454545,0.75,0.8407733604703597,0.9343354807921737,0.08423045106702959,0.2727467785245016,0.8295921551329886,0.9285227272727272,0.09049581872164353,0.29351014696998146,0.6805555555555556,0.8352272727272727,0.75,431,69,29,147
grid_regularized_062,False,4,5.0,0.5,0.05,3.0,0.8,0.65,0.8,2019,2018,1490,511,574,0.24390243902439024,340,0.265,policy_max_precision_with_recall_ge_0.85,0.6554054054054054,0.8584070796460177,0.7432950191570882,0.8350374122210923,0.9271356783919598,0.07962761353100775,0.26617858916491366,0.8278929388925976,0.9305957867017776,0.08370955223016703,0.2774154379255194,0.6612021857923497,0.8642857142857143,0.7492260061919505,372,62,19,121
grid_regularized_062,False,4,5.0,0.5,0.05,3.0,0.8,0.65,0.8,2020,2019,2001,574,603,0.2504145936981758,349,0.295,policy_max_precision_with_recall_ge_0.85,0.7325581395348837,0.9,0.8076923076923077,0.8603109537985886,0.9488808426596445,0.07559246970604798,0.2464404804036168,0.8530414876907527,0.9410127175760418,0.08197301497303441,0.2639908912842002,0.6961325966850829,0.8344370860927153,0.7590361445783133,397,55,25,126
grid_regularized_062,False,4,5.0,0.5,0.05,3.0,0.8,0.65,0.8,2021,2020,2575,603,673,0.2451708766716196,392,0.305,policy_max_precision_with_recall_ge_0.85,0.7386363636363636,0.8609271523178808,0.7951070336391437,0.8833787663689011,0.9523383930141242,0.07301873814684824,0.23710687316781626,0.8251469781499687,0.922393223574326,0.09138473603193699,0.29673922542664616,0.6666666666666666,0.8121212121212121,0.73224043715847,441,67,31,134
grid_regularized_062,False,4,5.0,0.5,0.05,3.0,0.8,0.65,0.8,2022,2021,3178,673,676,0.2603550295857988,343,0.27,policy_max_precision_with_recall_ge_0.85,0.680952380952381,0.8666666666666667,0.7626666666666667,0.8460107707346297,0.9368408494392746,0.08281839082047647,0.2688810146961001,0.8246434370766034,0.9261022727272727,0.09229941472684636,0.29840126735401856,0.6886792452830188,0.8295454545454546,0.7525773195876289,434,66,30,146
grid_regularized_063,False,4,5.0,0.5,0.2,1.0,0.9,0.65,0.8,2019,2018,1490,511,574,0.24390243902439024,343,0.225,policy_max_precision_with_recall_ge_0.85,0.6470588235294118,0.8761061946902655,0.7443609022556391,0.8347798376049843,0.9276693200515854,0.07928073835268935,0.26659728228441154,0.827679908518444,0.9323074391046741,0.08372327473016948,0.27785278711048395,0.6476683937823834,0.8928571428571429,0.7507507507507507,366,68,15,125
grid_regularized_063,False,4,5.0,0.5,0.2,1.0,0.9,0.65,0.8,2020,2019,2001,574,603,0.2504145936981758,316,0.295,policy_max_precision_with_recall_ge_0.85,0.7352941176470589,0.8928571428571429,0.8064516129032258,0.8640604978276337,0.9494075049374588,0.0735618665769387,0.24418963873911348,0.8563946639075194,0.9406903826994081,0.08163088897984533,0.2634357907126405,0.72,0.8344370860927153,0.7730061349693251,403,49,25,126
grid_regularized_063,False,4,5.0,0.5,0.2,1.0,0.9,0.65,0.8,2021,2020,2575,603,673,0.2451708766716196,394,0.315,policy_max_precision_with_recall_ge_0.85,0.7329545454545454,0.8543046357615894,0.7889908256880734,0.8768589471070511,0.951781632772666,0.0745864847139808,0.24088189640528992,0.8251607121699738,0.9246361250298257,0.09071144567704112,0.29333311176352855,0.6716417910447762,0.8181818181818182,0.7377049180327869,442,66,30,135
grid_regularized_063,False,4,5.0,0.5,0.2,1.0,0.9,0.65,0.8,2022,2021,3178,673,676,0.2603550295857988,382,0.255,policy_max_precision_with_recall_ge_0.85,0.6826923076923077,0.8606060606060606,0.7613941018766756,0.8441986397464648,0.933428775948461,0.08432943493651023,0.2741695508121241,0.8262567214519865,0.9278295454545454,0.09065415260630036,0.29469126577369525,0.6801801801801802,0.8579545454545454,0.7587939698492462,429,71,25,151
grid_regularized_064,False,4,5.0,0.5,0.2,3.0,0.8,0.9,0.8,2019,2018,1490,511,574,0.24390243902439024,395,0.235,policy_max_precision_with_recall_ge_0.85,0.6381578947368421,0.8584070796460177,0.7320754716981132,0.8364455214622015,0.9252012273758171,0.07912886946204446,0.2671599626793808,0.8275363708164056,0.9294601711652403,0.08533319127706648,0.28147929834239555,0.6421052631578947,0.8714285714285714,0.7393939393939394,366,68,18,122
grid_regularized_064,False,4,5.0,0.5,0.2,3.0,0.8,0.9,0.8,2020,2019,2001,574,603,0.2504145936981758,245,0.365,policy_max_precision_with_recall_ge_0.85,0.7643312101910829,0.8571428571428571,0.8080808080808081,0.8610049159363994,0.9520901909150757,0.07281759115925887,0.24017296712408218,0.8509672860241236,0.9406903826994082,0.08227261450990794,0.266063350139963,0.75,0.7947019867549668,0.7717041800643086,412,40,31,120
grid_regularized_064,False,4,5.0,0.5,0.2,3.0,0.8,0.9,0.8,2021,2020,2575,603,673,0.2451708766716196,399,0.285,policy_max_precision_with_recall_ge_0.85,0.7206703910614525,0.8543046357615894,0.7818181818181819,0.8778472945578698,0.9493787727832151,0.07512171276142063,0.24381096284826276,0.8244344452032372,0.9242066332617513,0.09075324173355424,0.29411654192144615,0.6509433962264151,0.8363636363636363,0.7320954907161804,434,74,27,138
grid_regularized_064,False,4,5.0,0.5,0.2,3.0,0.8,0.9,0.8,2022,2021,3178,673,676,0.2603550295857988,290,0.255,policy_max_precision_with_recall_ge_0.85,0.6588785046728972,0.8545454545454545,0.7440633245382586,0.8447061421472437,0.9346098783106657,0.08422065558221951,0.27198958130785067,0.8265311754638831,0.9269204545454546,0.09214087807285416,0.2972266157906357,0.6866359447004609,0.8465909090909091,0.7582697201017812,432,68,27,149
grid_regularized_065,False,4,5.0,1.0,0.05,1.0,0.9,0.9,0.8,2019,2018,1490,511,574,0.24390243902439024,211,0.255,policy_max_precision_with_recall_ge_0.85,0.6510067114093959,0.8584070796460177,0.7404580152671756,0.8307179419440018,0.9256459287588383,0.0795686815312043,0.27001142129029887,0.8261579391869426,0.9295753785385122,0.08425039838983608,0.2800187075975311,0.6505376344086021,0.8642857142857143,0.7423312883435583,369,65,19,121
grid_regularized_065,False,4,5.0,1.0,0.05,1.0,0.9,0.9,0.8,2020,2019,2001,574,603,0.2504145936981758,320,0.37,policy_max_precision_with_recall_ge_0.85,0.7677419354838709,0.85,0.8067796610169492,0.8674231243365145,0.9518597761685319,0.07236652327638665,0.2400789560304319,0.8588245176276005,0.9428588173240344,0.0802039519828702,0.260162829856199,0.75625,0.8013245033112583,0.7781350482315113,413,39,30,121
grid_regularized_065,False,4,5.0,1.0,0.05,1.0,0.9,0.9,0.8,2021,2020,2575,603,673,0.2451708766716196,399,0.28,policy_max_precision_with_recall_ge_0.85,0.7150537634408602,0.8807947019867549,0.7893175074183977,0.8780868698790809,0.9481626912031882,0.07568542450763052,0.24533017530926993,0.8293599756635978,0.9262347888332141,0.08806061783733972,0.28896378312909293,0.6527777777777778,0.8545454545454545,0.7401574803149606,433,75,24,141
grid_regularized_065,False,4,5.0,1.0,0.05,1.0,0.9,0.9,0.8,2022,2021,3178,673,676,0.2603550295857988,290,0.27,policy_max_precision_with_recall_ge_0.85,0.6778846153846154,0.8545454545454545,0.7560321715817694,0.843710316616388,0.9362681937485087,0.08299066225937672,0.2697840753231072,0.8336257554945864,0.9298636363636363,0.08926624287207281,0.2905576459206933,0.7075471698113207,0.8522727272727273,0.7731958762886598,438,62,26,150
grid_regularized_066,False,4,5.0,3.0,0.0,6.0,0.9,0.8,1.0,2019,2018,1490,511,574,0.24390243902439024,370,0.24,policy_max_precision_with_recall_ge_0.85,0.6139240506329114,0.8584070796460177,0.7158671586715867,0.8293252268234811,0.9240450037799618,0.08105963487619326,0.27337617257347724,0.8213051964861398,0.9313857801184989,0.08355575200227466,0.2779113954377507,0.6188118811881188,0.8928571428571429,0.7309941520467836,357,77,15,125
grid_regularized_066,False,4,5.0,3.0,0.0,6.0,0.9,0.8,1.0,2020,2019,2001,574,603,0.2504145936981758,329,0.335,policy_max_precision_with_recall_ge_0.85,0.7484276729559748,0.85,0.7959866220735786,0.8580965491369393,0.9493252139565505,0.07384765297593991,0.24481299799081851,0.8489161498598655,0.9398698939225224,0.08360669104232227,0.2680298279509748,0.7245508982035929,0.8013245033112583,0.7610062893081762,406,46,30,121
grid_regularized_066,False,4,5.0,3.0,0.0,6.0,0.9,0.8,1.0,2021,2020,2575,603,673,0.2451708766716196,355,0.29,policy_max_precision_with_recall_ge_0.85,0.7206703910614525,0.8543046357615894,0.7818181818181819,0.8680678682972012,0.9480454785207759,0.07741897842586716,0.24945612822797136,0.8207991073183359,0.9227392030541637,0.09340649613943454,0.2967751886281975,0.6398104265402843,0.8181818181818182,0.7180851063829787,432,76,30,135
grid_regularized_066,False,4,5.0,3.0,0.0,6.0,0.9,0.8,1.0,2022,2021,3178,673,676,0.2603550295857988,383,0.22,policy_max_precision_with_recall_ge_0.85,0.64,0.8727272727272727,0.7384615384615385,0.844386432620708,0.934812693867812,0.0844337218842451,0.2725035800867123,0.8327932335156182,0.9287386363636363,0.09039347295851988,0.29263181518669007,0.6739130434782609,0.8806818181818182,0.7635467980295566,425,75,21,155
grid_regularized_067,False,4,5.0,3.0,0.2,3.0,0.9,0.9,1.0,2019,2018,1490,511,574,0.24390243902439024,185,0.255,policy_max_precision_with_recall_ge_0.85,0.6466666666666666,0.8584070796460177,0.7376425855513308,0.8298457441309378,0.9247120558544937,0.08053553640597354,0.27097223211865484,0.8271108831327705,0.932916392363397,0.08292784205123584,0.27593303296390975,0.6631016042780749,0.8857142857142857,0.7584097859327217,371,63,16,124
grid_regularized_067,False,4,5.0,3.0,0.2,3.0,0.9,0.9,1.0,2020,2019,2001,574,603,0.2504145936981758,240,0.355,policy_max_precision_with_recall_ge_0.85,0.7531645569620253,0.85,0.7986577181208053,0.8611156187940567,0.9491770901909151,0.07320814751160382,0.24348177643865893,0.8549006976816875,0.9409687628201371,0.08203611960942826,0.2643037816693509,0.7393939393939394,0.8079470198675497,0.7721518987341772,409,43,29,122
grid_regularized_067,False,4,5.0,3.0,0.2,3.0,0.9,0.9,1.0,2021,2020,2575,603,673,0.2451708766716196,392,0.295,policy_max_precision_with_recall_ge_0.85,0.7247191011235955,0.8543046357615894,0.78419452887538,0.8662312763702121,0.9460675145050695,0.07778124593434209,0.2521831924439098,0.8218982085291816,0.9216893342877595,0.0924139079535786,0.2981054346521022,0.6431924882629108,0.8303030303030303,0.7248677248677249,432,76,28,137
grid_regularized_067,False,4,5.0,3.0,0.2,3.0,0.9,0.9,1.0,2022,2021,3178,673,676,0.2603550295857988,351,0.265,policy_max_precision_with_recall_ge_0.85,0.6746411483253588,0.8545454545454545,0.7540106951871658,0.8427168981483523,0.9355285134812693,0.08390558081352326,0.2715187015704254,0.8295018362030718,0.9280454545454545,0.09068752875483822,0.2932608751059732,0.7009345794392523,0.8522727272727273,0.7692307692307693,436,64,26,150
grid_regularized_068,False,4,5.0,3.0,0.2,10.0,0.65,0.65,1.2,2019,2018,1490,511,574,0.24390243902439024,164,0.2,policy_max_precision_with_recall_ge_0.85,0.5843373493975904,0.8584070796460177,0.6953405017921147,0.8207405407585349,0.9241784141948682,0.08245637616010325,0.27507811394551435,0.8262220176274973,0.9328834759710336,0.08339614765073584,0.2758525990089451,0.5953488372093023,0.9142857142857143,0.7211267605633803,347,87,12,128
grid_regularized_068,False,4,5.0,3.0,0.2,10.0,0.65,0.65,1.2,2020,2019,2001,574,603,0.2504145936981758,398,0.345,policy_max_precision_with_recall_ge_0.85,0.7547169811320755,0.8571428571428571,0.802675585284281,0.8508358323794822,0.9455233706385779,0.07796367631507194,0.2530868863961495,0.8522716468050686,0.9395182558752857,0.08222562148466997,0.2667871705722741,0.7396449704142012,0.8278145695364238,0.78125,408,44,26,125
grid_regularized_068,False,4,5.0,3.0,0.2,10.0,0.65,0.65,1.2,2021,2020,2575,603,673,0.2451708766716196,380,0.28,policy_max_precision_with_recall_ge_0.85,0.7103825136612022,0.8609271523178808,0.7784431137724551,0.8675444517167695,0.9468147453554474,0.07813359819350445,0.25120676145109744,0.8199737297914262,0.9224886661894535,0.09318242234456083,0.2967489459701827,0.6523809523809524,0.8303030303030303,0.7306666666666667,435,73,28,137
grid_regularized_068,False,4,5.0,3.0,0.2,10.0,0.65,0.65,1.2,2022,2021,3178,673,676,0.2603550295857988,156,0.245,policy_max_precision_with_recall_ge_0.85,0.6351351351351351,0.8545454545454545,0.7286821705426356,0.8261050311742241,0.9269744691004533,0.09029388955359843,0.28870999612802295,0.8200302362915319,0.9251022727272727,0.09188077126172796,0.2991599989379962,0.6846846846846847,0.8636363636363636,0.7638190954773869,430,70,24,152
grid_regularized_069,False,4,8.0,0.0,0.05,1.0,0.9,0.65,1.0,2019,2018,1490,511,574,0.24390243902439024,334,0.27,policy_max_precision_with_recall_ge_0.85,0.6510067114093959,0.8584070796460177,0.7404580152671756,0.8326547361655876,0.9271134433228088,0.07967087186562645,0.26753116423372136,0.8265584857315893,0.9295095457537854,0.08505683878289784,0.2819492776027582,0.6741573033707865,0.8571428571428571,0.7547169811320755,376,58,20,120
grid_regularized_069,False,4,8.0,0.0,0.05,1.0,0.9,0.65,1.0,2020,2019,2001,574,603,0.2504145936981758,397,0.365,policy_max_precision_with_recall_ge_0.85,0.7727272727272727,0.85,0.8095238095238095,0.8678496131918275,0.9516951942067149,0.07262246712073636,0.23912454511088121,0.8601798347464529,0.9417306452558166,0.08143696061765678,0.26225129694653426,0.7610062893081762,0.8013245033112583,0.7806451612903226,414,38,30,121
grid_regularized_069,False,4,8.0,0.0,0.05,1.0,0.9,0.65,1.0,2021,2020,2575,603,673,0.2451708766716196,354,0.305,policy_max_precision_with_recall_ge_0.85,0.7288135593220338,0.8543046357615894,0.7865853658536586,0.8749213447172729,0.9492322569301999,0.07560043933225977,0.24465758021527353,0.8296926848297189,0.9234550226676213,0.09091696724809036,0.29429347068350276,0.6553398058252428,0.8181818181818182,0.7277628032345014,437,71,30,135
grid_regularized_069,False,4,8.0,0.0,0.05,1.0,0.9,0.65,1.0,2022,2021,3178,673,676,0.2603550295857988,297,0.25,policy_max_precision_with_recall_ge_0.85,0.6682464454976303,0.8545454545454545,0.75,0.844145625064963,0.9349081364829397,0.08464674302502888,0.27276540245805786,0.8312520757005661,0.9290568181818182,0.09097142149300172,0.2922142332272829,0.6894977168949772,0.8579545454545454,0.7645569620253164,432,68,25,151
grid_regularized_070,False,4,8.0,0.0,0.05,6.0,0.65,0.9,1.0,2019,2018,1490,511,574,0.24390243902439024,292,0.225,policy_max_precision_with_recall_ge_0.85,0.6163522012578616,0.8672566371681416,0.7205882352941176,0.831585191357335,0.9260239249344066,0.07994670036388982,0.2695317638145376,0.8255789629170363,0.9308755760368663,0.08472980239127723,0.2783966700527033,0.6180904522613065,0.8785714285714286,0.7256637168141593,358,76,17,123
grid_regularized_070,False,4,8.0,0.0,0.05,6.0,0.65,0.9,1.0,2020,2019,2001,574,603,0.2504145936981758,397,0.34,policy_max_precision_with_recall_ge_0.85,0.7345679012345679,0.85,0.7880794701986755,0.8557172799386454,0.9474983541803819,0.0766367107438035,0.24850695515813143,0.8499629235832467,0.938170310027545,0.0835020559434296,0.270092493725513,0.7425149700598802,0.8211920529801324,0.779874213836478,409,43,27,124
grid_regularized_070,False,4,8.0,0.0,0.05,6.0,0.65,0.9,1.0,2021,2020,2575,603,673,0.2451708766716196,398,0.31,policy_max_precision_with_recall_ge_0.85,0.7247191011235955,0.8543046357615894,0.78419452887538,0.8754891105508341,0.948572935591631,0.0762463183180927,0.24529150607091316,0.8235093145561518,0.9227153424003818,0.09283808251039016,0.29856364874100655,0.6600985221674877,0.8121212121212121,0.7282608695652174,439,69,31,134
grid_regularized_070,False,4,8.0,0.0,0.05,6.0,0.65,0.9,1.0,2022,2021,3178,673,676,0.2603550295857988,162,0.24,policy_max_precision_with_recall_ge_0.85,0.6409090909090909,0.8545454545454545,0.7324675324675325,0.8283888112563184,0.9284418993080411,0.08907720105921532,0.2848333330859675,0.82678075348303,0.9265795454545455,0.09226708992531858,0.2978286143028758,0.6954545454545454,0.8693181818181818,0.7727272727272727,433,67,23,153
grid_regularized_071,False,4,8.0,0.0,0.05,6.0,0.8,0.65,1.0,2019,2018,1490,511,574,0.24390243902439024,395,0.245,policy_max_precision_with_recall_ge_0.85,0.6423841059602649,0.8584070796460177,0.7348484848484849,0.8356475500829884,0.9271134433228088,0.07925302069602101,0.26647571809643605,0.8300314789568195,0.9330645161290324,0.08314504235316261,0.27554749814982743,0.6666666666666666,0.8857142857142857,0.7607361963190185,372,62,16,124
grid_regularized_071,False,4,8.0,0.0,0.05,6.0,0.8,0.65,1.0,2020,2019,2001,574,603,0.2504145936981758,317,0.355,policy_max_precision_with_recall_ge_0.85,0.759493670886076,0.8571428571428571,0.8053691275167785,0.8643620510186727,0.950378538512179,0.0744280725842409,0.24264977753310668,0.8537835661189295,0.9415108714762936,0.08173548492894074,0.2639782511820877,0.7365269461077845,0.8145695364238411,0.7735849056603774,408,44,28,123
grid_regularized_071,False,4,8.0,0.0,0.05,6.0,0.8,0.65,1.0,2021,2020,2575,603,673,0.2451708766716196,397,0.32,policy_max_precision_with_recall_ge_0.85,0.7428571428571429,0.8609271523178808,0.7975460122699386,0.8789063678840754,0.9508878860692727,0.07442365485306512,0.2413860122483805,0.8180021743329152,0.9202099737532808,0.0940404314536519,0.3019897745989272,0.6600985221674877,0.8121212121212121,0.7282608695652174,439,69,31,134
grid_regularized_071,False,4,8.0,0.0,0.05,6.0,0.8,0.65,1.0,2022,2021,3178,673,676,0.2603550295857988,381,0.275,policy_max_precision_with_recall_ge_0.85,0.6811594202898551,0.8545454545454545,0.7580645161290323,0.8410407362710559,0.9335480792173706,0.08484467401443457,0.2748163220776856,0.8264559828761368,0.927,0.0920754090203496,0.29633859295055764,0.7004830917874396,0.8238636363636364,0.7571801566579635,438,62,31,145
grid_regularized_072,False,4,8.0,0.0,1.0,3.0,0.8,0.8,1.2,2019,2018,1490,511,574,0.24390243902439024,316,0.225,policy_max_precision_with_recall_ge_0.85,0.6217948717948718,0.8584070796460177,0.7211895910780669,0.831689236418977,0.9240005336416596,0.08052022983823115,0.27087919056730037,0.8319591162854225,0.9298222514812376,0.08379801793126171,0.279230220537034,0.6243654822335025,0.8785714285714286,0.7299703264094956,360,74,17,123
grid_regularized_072,False,4,8.0,0.0,1.0,3.0,0.8,0.8,1.2,2020,2019,2001,574,603,0.2504145936981758,314,0.355,policy_max_precision_with_recall_ge_0.85,0.7610062893081762,0.8642857142857143,0.8093645484949833,0.8507501718028257,0.9468071099407505,0.07617171213544935,0.2493756203071845,0.8507660467274065,0.9392398757545567,0.08233371255263777,0.2675027866106622,0.7333333333333333,0.8013245033112583,0.7658227848101266,408,44,30,121
grid_regularized_072,False,4,8.0,0.0,1.0,3.0,0.8,0.8,1.2,2021,2020,2575,603,673,0.2451708766716196,394,0.29,policy_max_precision_with_recall_ge_0.85,0.7288135593220338,0.8543046357615894,0.7865853658536586,0.8762028185173482,0.9480161753501728,0.07519309941481532,0.24537894492904005,0.8246638071035122,0.9221426867096159,0.09245524954933428,0.29728170784568,0.6476190476190476,0.8242424242424242,0.7253333333333334,434,74,29,136
grid_regularized_072,False,4,8.0,0.0,1.0,3.0,0.8,0.8,1.2,2022,2021,3178,673,676,0.2603550295857988,319,0.255,policy_max_precision_with_recall_ge_0.85,0.6714285714285714,0.8545454545454545,0.752,0.8416679282219234,0.9332498210450966,0.08441048946333168,0.2747013686017528,0.8229620969336663,0.9267840909090909,0.09160119271869567,0.29745920664958914,0.7014218009478673,0.8409090909090909,0.7648578811369509,437,63,28,148
grid_regularized_073,False,4,8.0,0.0,1.0,10.0,0.9,0.65,1.0,2019,2018,1490,511,574,0.24390243902439024,290,0.245,policy_max_precision_with_recall_ge_0.85,0.6265822784810127,0.8761061946902655,0.7306273062730627,0.8274578969738624,0.9243562947480767,0.080687475474058,0.27138947482282333,0.8252789548146763,0.9313117182356814,0.08316009665819035,0.2771877112784256,0.6557377049180327,0.8571428571428571,0.7430340557275542,371,63,20,120
grid_regularized_073,False,4,8.0,0.0,1.0,10.0,0.9,0.65,1.0,2020,2019,2001,574,603,0.2504145936981758,260,0.395,policy_max_precision_with_recall_ge_0.85,0.7777777777777778,0.85,0.8122866894197952,0.8514088179769576,0.9455892034233047,0.07667084381748421,0.2524743408281831,0.8512459418953794,0.9410127175760417,0.08246962330711712,0.2657715059636431,0.7483870967741936,0.7682119205298014,0.7581699346405228,413,39,35,116
grid_regularized_073,False,4,8.0,0.0,1.0,10.0,0.9,0.65,1.0,2021,2020,2575,603,673,0.2451708766716196,394,0.31,policy_max_precision_with_recall_ge_0.85,0.7329545454545454,0.8543046357615894,0.7889908256880734,0.8699588789276796,0.9481187364472836,0.07680992002634764,0.24834685689610464,0.8255723309051874,0.9238964447625865,0.09289266541323325,0.2953026495437587,0.6585365853658537,0.8181818181818182,0.7297297297297297,438,70,30,135
grid_regularized_073,False,4,8.0,0.0,1.0,10.0,0.9,0.65,1.0,2022,2021,3178,673,676,0.2603550295857988,398,0.25,policy_max_precision_with_recall_ge_0.85,0.6543778801843319,0.8606060606060606,0.743455497382199,0.8434445998728981,0.9350155094249583,0.083598593157836,0.2706836988870126,0.8292525363420582,0.9279318181818181,0.09104374048311116,0.29439050063790306,0.680365296803653,0.8465909090909091,0.7544303797468355,430,70,27,149
grid_regularized_074,False,4,8.0,0.5,0.05,1.0,0.8,0.8,1.0,2019,2018,1490,511,574,0.24390243902439024,332,0.27,policy_max_precision_with_recall_ge_0.85,0.6689655172413793,0.8584070796460177,0.751937984496124,0.8326669400287011,0.9253568728598746,0.08004868473995069,0.26874777231377533,0.8345237737382714,0.9303159973666886,0.08430825069418076,0.2784915875668959,0.659217877094972,0.8428571428571429,0.7398119122257053,373,61,22,118
grid_regularized_074,False,4,8.0,0.5,0.05,1.0,0.8,0.8,1.0,2020,2019,2001,574,603,0.2504145936981758,246,0.34,policy_max_precision_with_recall_ge_0.85,0.7547169811320755,0.8571428571428571,0.802675585284281,0.857766689252723,0.9486668861092824,0.07565917160881751,0.24590724435313688,0.8504584544531868,0.9383754322217663,0.08409929007032649,0.27048351874597376,0.7309941520467836,0.8278145695364238,0.7763975155279503,406,46,26,125
grid_regularized_074,False,4,8.0,0.5,0.05,1.0,0.8,0.8,1.0,2021,2020,2575,603,673,0.2451708766716196,396,0.275,policy_max_precision_with_recall_ge_0.85,0.717391304347826,0.8741721854304636,0.7880597014925373,0.8816665295122312,0.952030709722792,0.07342717015520664,0.23740660534443184,0.8182577058521285,0.9225363874970175,0.0927738233632026,0.3005598738522063,0.6428571428571429,0.8181818181818182,0.72,433,75,30,135
grid_regularized_074,False,4,8.0,0.5,0.05,1.0,0.8,0.8,1.0,2022,2021,3178,673,676,0.2603550295857988,303,0.245,policy_max_precision_with_recall_ge_0.85,0.6698113207547169,0.8606060606060606,0.753315649867374,0.8512979898078056,0.9367811978048198,0.08264942471958872,0.2679914024902439,0.8173082825443917,0.9246704545454545,0.09306238681736782,0.3017944432397933,0.6901408450704225,0.8352272727272727,0.7557840616966581,434,66,29,147
grid_regularized_075,False,4,8.0,0.5,0.05,6.0,0.65,0.8,1.2,2019,2018,1490,511,574,0.24390243902439024,352,0.21,policy_max_precision_with_recall_ge_0.85,0.61875,0.8761061946902655,0.7252747252747253,0.8341760054374727,0.9238004180193,0.07984156876100194,0.26985731848334216,0.8252748215968505,0.9281928900592497,0.08413054561244142,0.2806468733350283,0.5980861244019139,0.8928571428571429,0.7163323782234957,350,84,15,125
grid_regularized_075,False,4,8.0,0.5,0.05,6.0,0.65,0.8,1.2,2020,2019,2001,574,603,0.2504145936981758,391,0.35,policy_max_precision_with_recall_ge_0.85,0.7453416149068323,0.8571428571428571,0.7973421926910299,0.8544817541017385,0.9454081632653061,0.0779788908133096,0.2522781015715601,0.8442252020459985,0.9368516673504073,0.08376429626083004,0.2725320713047949,0.7289156626506024,0.8013245033112583,0.7634069400630915,407,45,30,121
grid_regularized_075,False,4,8.0,0.5,0.05,6.0,0.65,0.8,1.2,2021,2020,2575,603,673,0.2451708766716196,369,0.315,policy_max_precision_with_recall_ge_0.85,0.7386363636363636,0.8609271523178808,0.7951070336391437,0.8748919470504397,0.9496718044892457,0.07491357211895025,0.24428344579704817,0.8245022532725729,0.9234073013600573,0.09228584743933173,0.29742314723880625,0.6732673267326733,0.8242424242424242,0.7411444141689373,442,66,29,136
grid_regularized_075,False,4,8.0,0.5,0.05,6.0,0.65,0.8,1.2,2022,2021,3178,673,676,0.2603550295857988,399,0.27,policy_max_precision_with_recall_ge_0.85,0.6714285714285714,0.8545454545454545,0.752,0.8397667197916396,0.9327010260081126,0.08431337835927169,0.2750431572387104,0.8277116862513859,0.9288295454545454,0.08995159561522381,0.2925901184865498,0.7184466019417476,0.8409090909090909,0.774869109947644,442,58,28,148
grid_regularized_076,False,4,8.0,0.5,0.2,3.0,0.8,0.65,1.0,2019,2018,1490,511,574,0.24390243902439024,249,0.245,policy_max_precision_with_recall_ge_0.85,0.6381578947368421,0.8584070796460177,0.7320754716981132,0.8260818491035291,0.9236670076043936,0.08151788394195852,0.2732578997658973,0.8301554802692257,0.9335418038183014,0.08261367599100672,0.27475745519218786,0.6455026455026455,0.8714285714285714,0.7416413373860182,367,67,18,122
grid_regularized_076,False,4,8.0,0.5,0.2,3.0,0.8,0.65,1.0,2020,2019,2001,574,603,0.2504145936981758,214,0.365,policy_max_precision_with_recall_ge_0.85,0.7610062893081762,0.8642857142857143,0.8093645484949833,0.8600728650591004,0.9484529295589204,0.07410603568727585,0.2457635432315607,0.8523816280512475,0.9399871066049347,0.08265664627848128,0.2670050543025601,0.7469879518072289,0.8211920529801324,0.7823343848580442,410,42,27,124
grid_regularized_076,False,4,8.0,0.5,0.2,3.0,0.8,0.65,1.0,2021,2020,2575,603,673,0.2451708766716196,398,0.28,policy_max_precision_with_recall_ge_0.85,0.7049180327868853,0.8543046357615894,0.7724550898203593,0.88111481002757,0.951972103381586,0.07439303732075701,0.23933806873774416,0.8161094880981207,0.9207706991171558,0.09359044740543282,0.30260634350348387,0.6476190476190476,0.8242424242424242,0.7253333333333334,434,74,29,136
grid_regularized_076,False,4,8.0,0.5,0.2,3.0,0.8,0.65,1.0,2022,2021,3178,673,676,0.2603550295857988,356,0.265,policy_max_precision_with_recall_ge_0.85,0.6794258373205742,0.8606060606060606,0.7593582887700535,0.8441018612757367,0.9357909806728705,0.08409748592601597,0.27138936913023604,0.822729360567839,0.9263409090909092,0.09276182573642681,0.29834060617476355,0.6883720930232559,0.8409090909090909,0.7570332480818415,433,67,28,148
grid_regularized_077,False,4,8.0,1.0,0.0,6.0,0.8,0.65,1.0,2019,2018,1490,511,574,0.24390243902439024,361,0.24,policy_max_precision_with_recall_ge_0.85,0.6381578947368421,0.8584070796460177,0.7320754716981132,0.83250909212613,0.9255792235513852,0.08028812632318348,0.26832732964389233,0.8253060109109982,0.9313199473337721,0.08391878869269291,0.27711415364115954,0.6302083333333334,0.8642857142857143,0.7289156626506024,363,71,19,121
grid_regularized_077,False,4,8.0,1.0,0.0,6.0,0.8,0.65,1.0,2020,2019,2001,574,603,0.2504145936981758,393,0.375,policy_max_precision_with_recall_ge_0.85,0.7643312101910829,0.8571428571428571,0.8080808080808081,0.8618256141205324,0.9488643844634628,0.07520228935520236,0.24505776507790825,0.8496704407919302,0.9388589345367169,0.08337326274390544,0.2691726926543722,0.7515527950310559,0.8013245033112583,0.7756410256410257,412,40,30,121
grid_regularized_077,False,4,8.0,1.0,0.0,6.0,0.8,0.65,1.0,2021,2020,2575,603,673,0.2451708766716196,390,0.305,policy_max_precision_with_recall_ge_0.85,0.7428571428571429,0.8609271523178808,0.7975460122699386,0.8786435621441697,0.9505215964367344,0.07462642925482182,0.24260346922788611,0.8163959717415192,0.9187186828919112,0.0950697737607889,0.30527385836800275,0.6359223300970874,0.793939393939394,0.706199460916442,433,75,34,131
grid_regularized_077,False,4,8.0,1.0,0.0,6.0,0.8,0.65,1.0,2022,2021,3178,673,676,0.2603550295857988,382,0.25,policy_max_precision_with_recall_ge_0.85,0.6527777777777778,0.8545454545454545,0.7401574803149606,0.8438885533983667,0.9359102839417801,0.0839909714016465,0.27104008876776375,0.8241773741968732,0.9264659090909091,0.09211157797058056,0.29748733502714586,0.6866359447004609,0.8465909090909091,0.7582697201017812,432,68,27,149
grid_regularized_078,False,4,8.0,1.0,0.2,3.0,0.9,0.9,1.2,2019,2018,1490,511,574,0.24390243902439024,349,0.245,policy_max_precision_with_recall_ge_0.85,0.6381578947368421,0.8584070796460177,0.7320754716981132,0.8347008053923889,0.9255792235513852,0.07938192801425094,0.2680329397456332,0.8263151851160859,0.9312705727452271,0.08373207825325829,0.2780166005004997,0.654054054054054,0.8642857142857143,0.7446153846153846,370,64,19,121
grid_regularized_078,False,4,8.0,1.0,0.2,3.0,0.9,0.9,1.2,2020,2019,2001,574,603,0.2504145936981758,397,0.365,policy_max_precision_with_recall_ge_0.85,0.7677419354838709,0.85,0.8067796610169492,0.8690988576792572,0.9526497695852534,0.07193860612796384,0.23831377570084428,0.8538979303698088,0.9409980659907402,0.08253192168900123,0.2647326129295701,0.7349397590361446,0.8079470198675497,0.7697160883280757,408,44,29,122
grid_regularized_078,False,4,8.0,1.0,0.2,3.0,0.9,0.9,1.2,2021,2020,2575,603,673,0.2451708766716196,397,0.3,policy_max_precision_with_recall_ge_0.85,0.7206703910614525,0.8543046357615894,0.7818181818181819,0.8713008155840659,0.9467707905995429,0.0768077334644348,0.24908080898980087,0.8266547059504887,0.9225960391314723,0.09087924729796262,0.29475637945143973,0.6536585365853659,0.8121212121212121,0.7243243243243244,437,71,31,134
grid_regularized_078,False,4,8.0,1.0,0.2,3.0,0.9,0.9,1.2,2022,2021,3178,673,676,0.2603550295857988,395,0.275,policy_max_precision_with_recall_ge_0.85,0.698019801980198,0.8545454545454545,0.7683923705722071,0.8478435620131585,0.9366976855165832,0.08229839449747925,0.2680881381503375,0.8307421740230088,0.9287840909090909,0.0903078211966486,0.29286516997459794,0.7198067632850241,0.8465909090909091,0.7780678851174935,442,58,27,149
grid_regularized_079,False,4,8.0,3.0,0.05,3.0,0.9,0.8,1.0,2019,2018,1490,511,574,0.24390243902439024,207,0.25,policy_max_precision_with_recall_ge_0.85,0.610062893081761,0.8584070796460177,0.7132352941176471,0.8190094449138415,0.9212878552052297,0.0825921167472607,0.27746794878630304,0.8187706565389875,0.9284068466096116,0.08528958969867122,0.2839672103766021,0.6455026455026455,0.8714285714285714,0.7416413373860182,367,67,18,122
grid_regularized_079,False,4,8.0,3.0,0.05,3.0,0.9,0.8,1.0,2020,2019,2001,574,603,0.2504145936981758,352,0.37,policy_max_precision_with_recall_ge_0.85,0.7727272727272727,0.85,0.8095238095238095,0.8618511148490967,0.9509545753785386,0.07264921002704813,0.24217211841554698,0.8469507206231347,0.9386245091718923,0.08388726602165371,0.2697864058976368,0.7530864197530864,0.8079470198675497,0.7795527156549521,412,40,29,122
grid_regularized_079,False,4,8.0,3.0,0.05,3.0,0.9,0.8,1.0,2021,2020,2575,603,673,0.2451708766716196,310,0.3,policy_max_precision_with_recall_ge_0.85,0.7142857142857143,0.8609271523178808,0.7807807807807807,0.8699008469688381,0.9478403563265546,0.07700832598997437,0.2490278724343389,0.8253433757101404,0.9222142686709616,0.09250167861631536,0.29614506031436294,0.6619047619047619,0.8424242424242424,0.7413333333333333,437,71,26,139
grid_regularized_079,False,4,8.0,3.0,0.05,3.0,0.9,0.8,1.0,2022,2021,3178,673,676,0.2603550295857988,280,0.25,policy_max_precision_with_recall_ge_0.85,0.6682464454976303,0.8545454545454545,0.75,0.842262506745193,0.9347769028871391,0.0842551515055328,0.27264140857538044,0.8341496094923571,0.9292159090909091,0.08998013565992846,0.29135723569332267,0.6990740740740741,0.8579545454545454,0.7704081632653061,435,65,25,151
grid_regularized_080,False,4,8.0,3.0,0.2,3.0,0.9,0.8,1.2,2019,2018,1490,511,574,0.24390243902439024,188,0.25,policy_max_precision_with_recall_ge_0.85,0.6178343949044586,0.8584070796460177,0.7185185185185186,0.8150839024588198,0.9203539823008849,0.08399358044585922,0.2790410346539874,0.8247967505039452,0.9313199473337721,0.08411332129127519,0.27909041070028945,0.6524064171122995,0.8714285714285714,0.746177370030581,369,65,18,122
grid_regularized_080,False,4,8.0,3.0,0.2,3.0,0.9,0.8,1.2,2020,2019,2001,574,603,0.2504145936981758,135,0.4,policy_max_precision_with_recall_ge_0.85,0.7579617834394905,0.85,0.8013468013468014,0.8521071566461924,0.9450789993416722,0.07554099586053357,0.25305532950799947,0.8462022602203351,0.935987223817617,0.08595267053505161,0.2763079659401174,0.7516339869281046,0.7615894039735099,0.756578947368421,414,38,36,115
grid_regularized_080,False,4,8.0,3.0,0.2,3.0,0.9,0.8,1.2,2021,2020,2575,603,673,0.2451708766716196,334,0.315,policy_max_precision_with_recall_ge_0.85,0.7247191011235955,0.8543046357615894,0.78419452887538,0.8697120976893145,0.9466242747465277,0.07723325991338145,0.2504125726703302,0.8214434305827405,0.9226437604390361,0.09190972550122203,0.2959573849960537,0.665,0.806060606060606,0.7287671232876712,441,67,32,133
grid_regularized_080,False,4,8.0,3.0,0.2,3.0,0.9,0.8,1.2,2022,2021,3178,673,676,0.2603550295857988,347,0.265,policy_max_precision_with_recall_ge_0.85,0.6714285714285714,0.8545454545454545,0.752,0.8444724377399263,0.9364590789787639,0.08283567627384829,0.26904832999589295,0.8273553436864463,0.9283863636363636,0.09103007828141402,0.29394988330621097,0.6976744186046512,0.8522727272727273,0.7672634271099744,435,65,26,150
grid_regularized_081,False,4,8.0,3.0,1.0,10.0,0.65,0.65,0.8,2019,2018,1490,511,574,0.24390243902439024,363,0.225,policy_max_precision_with_recall_ge_0.85,0.60625,0.8584070796460177,0.7106227106227107,0.8186977758587917,0.9212433850669276,0.08343612832789159,0.2774563864950942,0.8242361232295813,0.9311224489795918,0.08481452387438396,0.2798370205344383,0.6169154228855721,0.8857142857142857,0.7272727272727273,357,77,16,124
grid_regularized_081,False,4,8.0,3.0,1.0,10.0,0.65,0.65,0.8,2020,2019,2001,574,603,0.2504145936981758,196,0.325,policy_max_precision_with_recall_ge_0.85,0.7125748502994012,0.85,0.7752442996742671,0.8471949801402645,0.9430217248189599,0.07907659988864933,0.2579403395171984,0.8448169764511353,0.9371446990564379,0.08489696453235514,0.2739682714598861,0.7321428571428571,0.8145695364238411,0.7711598746081505,407,45,28,123
grid_regularized_081,False,4,8.0,3.0,1.0,10.0,0.65,0.65,0.8,2021,2020,2575,603,673,0.2451708766716196,361,0.31,policy_max_precision_with_recall_ge_0.85,0.7413793103448276,0.8543046357615894,0.7938461538461539,0.866030561691523,0.9450712067045655,0.07836521239512817,0.25380688708180105,0.8147555295859901,0.9200190885230256,0.09503109795684259,0.3017666931617821,0.6473429951690821,0.8121212121212121,0.7204301075268817,435,73,31,134
grid_regularized_081,False,4,8.0,3.0,1.0,10.0,0.65,0.65,0.8,2022,2021,3178,673,676,0.2603550295857988,399,0.215,policy_max_precision_with_recall_ge_0.85,0.6299559471365639,0.8666666666666667,0.7295918367346939,0.8303063179903941,0.928441899308041,0.08899624210165409,0.28442255517514203,0.8170290990154015,0.9243181818181819,0.09443912886093908,0.30318282094050725,0.6916299559471366,0.8920454545454546,0.7791563275434243,430,70,19,157
grid_regularized_082,False,4,8.0,3.0,1.0,10.0,0.65,0.8,1.0,2019,2018,1490,511,574,0.24390243902439024,397,0.245,policy_max_precision_with_recall_ge_0.85,0.6339869281045751,0.8584070796460177,0.7293233082706767,0.8252252351857191,0.9220883176946679,0.0817290516940322,0.2745693363893872,0.8190374760764442,0.9290980908492429,0.0852549459728982,0.2833201901558864,0.6436170212765957,0.8642857142857143,0.7378048780487805,367,67,19,121
grid_regularized_082,False,4,8.0,3.0,1.0,10.0,0.65,0.8,1.0,2020,2019,2001,574,603,0.2504145936981758,265,0.335,policy_max_precision_with_recall_ge_0.85,0.7300613496932515,0.85,0.7854785478547854,0.8490109046308199,0.9443054641211323,0.07806482382695491,0.25549530525008307,0.8402417961430456,0.9352692961378422,0.08492519157979198,0.27560951465195466,0.7341040462427746,0.8410596026490066,0.7839506172839507,406,46,24,127
grid_regularized_082,False,4,8.0,3.0,1.0,10.0,0.65,0.8,1.0,2021,2020,2575,603,673,0.2451708766716196,229,0.285,policy_max_precision_with_recall_ge_0.85,0.712707182320442,0.8543046357615894,0.7771084337349398,0.8668634546572956,0.9474594151087148,0.07738073822836185,0.2509865260123976,0.8183527971746231,0.9225125268432355,0.09447912661154362,0.2998064407722316,0.6384976525821596,0.8242424242424242,0.7195767195767195,431,77,29,136
grid_regularized_082,False,4,8.0,3.0,1.0,10.0,0.65,0.8,1.0,2022,2021,3178,673,676,0.2603550295857988,239,0.24,policy_max_precision_with_recall_ge_0.85,0.6409090909090909,0.8545454545454545,0.7324675324675325,0.8292086398382237,0.9297661655929372,0.08909390569047948,0.2838292186409782,0.8189976601513977,0.9243181818181818,0.09326101543313255,0.3011673192926782,0.7004608294930875,0.8636363636363636,0.7735368956743003,435,65,24,152
grid_regularized_083,False,4,12.0,0.0,0.0,6.0,0.8,0.8,1.2,2019,2018,1490,511,574,0.24390243902439024,396,0.22,policy_max_precision_with_recall_ge_0.85,0.5987654320987654,0.8584070796460177,0.7054545454545454,0.8270935402429056,0.9228665451149553,0.08090526215315907,0.27160534789651775,0.825097770107914,0.9293778801843319,0.08488878578717032,0.2811339424179485,0.6059113300492611,0.8785714285714286,0.717201166180758,354,80,17,123
grid_regularized_083,False,4,12.0,0.0,0.0,6.0,0.8,0.8,1.2,2020,2019,2001,574,603,0.2504145936981758,397,0.29,policy_max_precision_with_recall_ge_0.85,0.7151162790697675,0.8785714285714286,0.7884615384615384,0.8598119421577367,0.9478933508887426,0.07613490568680602,0.247352252514582,0.8494835499161093,0.939635468557698,0.0816275340715507,0.2667483484570396,0.7134831460674157,0.8410596026490066,0.7720364741641338,401,51,24,127
grid_regularized_083,False,4,12.0,0.0,0.0,6.0,0.8,0.8,1.2,2021,2020,2575,603,673,0.2451708766716196,394,0.275,policy_max_precision_with_recall_ge_0.85,0.712707182320442,0.8543046357615894,0.7771084337349398,0.871956951209125,0.9479429174236652,0.07632734308638135,0.24757262979727548,0.8176827153831507,0.9219995227869243,0.09284299360542435,0.29805339826805455,0.6495327102803738,0.8424242424242424,0.7335092348284961,433,75,26,139
grid_regularized_083,False,4,12.0,0.0,0.0,6.0,0.8,0.8,1.2,2022,2021,3178,673,676,0.2603550295857988,344,0.255,policy_max_precision_with_recall_ge_0.85,0.6621004566210046,0.8787878787878788,0.7552083333333334,0.8422230434718665,0.9343951324266285,0.08410754433809134,0.27217313407812577,0.8202049120357497,0.9260113636363636,0.09150688581028146,0.29784599134451056,0.6972477064220184,0.8636363636363636,0.7715736040609137,434,66,24,152
grid_regularized_084,False,4,12.0,0.0,0.05,6.0,0.8,0.65,0.8,2019,2018,1490,511,574,0.24390243902439024,353,0.225,policy_max_precision_with_recall_ge_0.85,0.6217948717948718,0.8584070796460177,0.7211895910780669,0.8275428037718437,0.9232890114288255,0.08151010630653223,0.2728608194065348,0.82402460376853,0.9310566161948651,0.08520993549534586,0.2794622555742478,0.6307692307692307,0.8785714285714286,0.7343283582089553,362,72,17,123
grid_regularized_084,False,4,12.0,0.0,0.05,6.0,0.8,0.65,0.8,2020,2019,2001,574,603,0.2504145936981758,192,0.37,policy_max_precision_with_recall_ge_0.85,0.7579617834394905,0.85,0.8013468013468014,0.8519238355147156,0.9440585911784068,0.07701189667384184,0.25461984748367544,0.8423803879909749,0.9361630428412354,0.08409883762835017,0.2737925657462414,0.7484662576687117,0.8079470198675497,0.7770700636942676,411,41,29,122
grid_regularized_084,False,4,12.0,0.0,0.05,6.0,0.8,0.65,0.8,2021,2020,2575,603,673,0.2451708766716196,397,0.255,policy_max_precision_with_recall_ge_0.85,0.6963350785340314,0.8807947019867549,0.7777777777777778,0.8742991815169355,0.9486754966887417,0.07542471259255686,0.24543493488327509,0.8149270582519954,0.9187186828919112,0.09508152683993586,0.3044837515546652,0.6233183856502242,0.8424242424242424,0.7164948453608248,424,84,26,139
grid_regularized_084,False,4,12.0,0.0,0.05,6.0,0.8,0.65,0.8,2022,2021,3178,673,676,0.2603550295857988,381,0.255,policy_max_precision_with_recall_ge_0.85,0.6438356164383562,0.8545454545454545,0.734375,0.8396474870478037,0.9340968742543545,0.08515972641565916,0.27486902891671366,0.8194960759772184,0.9275795454545455,0.09276981674700782,0.2976283903722722,0.6898148148148148,0.8465909090909091,0.7602040816326531,433,67,27,149
grid_regularized_085,False,4,12.0,0.5,0.0,1.0,0.8,0.9,0.8,2019,2018,1490,511,574,0.24390243902439024,268,0.255,policy_max_precision_with_recall_ge_0.85,0.6689655172413793,0.8584070796460177,0.751937984496124,0.8261896125711118,0.925490283274781,0.08147340197020478,0.2717270005160375,0.8267670030294784,0.9295260039499671,0.08555517599870834,0.28088836001800305,0.6436170212765957,0.8642857142857143,0.7378048780487805,367,67,19,121
grid_regularized_085,False,4,12.0,0.5,0.0,1.0,0.8,0.9,0.8,2020,2019,2001,574,603,0.2504145936981758,207,0.36,policy_max_precision_with_recall_ge_0.85,0.7531645569620253,0.85,0.7986577181208053,0.8546180161104973,0.9470210664911126,0.07601447431475053,0.24941038527780002,0.8537351794132815,0.939137314657446,0.08234120673576578,0.2682318960166082,0.7607361963190185,0.8211920529801324,0.7898089171974523,413,39,27,124
grid_regularized_085,False,4,12.0,0.5,0.0,1.0,0.8,0.9,0.8,2021,2020,2575,603,673,0.2451708766716196,397,0.28,policy_max_precision_with_recall_ge_0.85,0.6972972972972973,0.8543046357615894,0.7678571428571429,0.8705787727884078,0.9460968176756726,0.07742806934438093,0.2509187209999076,0.8166952082869392,0.9202219040801719,0.09319759229373384,0.3020005053493293,0.6376146788990825,0.8424242424242424,0.7258485639686684,429,79,26,139
grid_regularized_085,False,4,12.0,0.5,0.0,1.0,0.8,0.9,0.8,2022,2021,3178,673,676,0.2603550295857988,394,0.265,policy_max_precision_with_recall_ge_0.85,0.6878048780487804,0.8545454545454545,0.7621621621621621,0.8483531742741227,0.9368408494392747,0.08271405949821836,0.2682971375888656,0.8192452478153217,0.9273068181818181,0.09358820733605991,0.2997356277957132,0.6985645933014354,0.8295454545454546,0.7584415584415585,437,63,30,146
grid_regularized_086,False,4,12.0,0.5,0.0,3.0,0.65,0.9,1.2,2019,2018,1490,511,574,0.24390243902439024,157,0.225,policy_max_precision_with_recall_ge_0.85,0.5950920245398773,0.8584070796460177,0.7028985507246377,0.8147794292542179,0.9207097434073019,0.08435386745179631,0.2799260574483915,0.8327468394392903,0.9327353522053983,0.0835910732987083,0.27655271718212915,0.6138613861386139,0.8857142857142857,0.7251461988304093,356,78,16,124
grid_regularized_086,False,4,12.0,0.5,0.0,3.0,0.65,0.9,1.2,2020,2019,2001,574,603,0.2504145936981758,242,0.38,policy_max_precision_with_recall_ge_0.85,0.75,0.8571428571428571,0.8,0.8493408543727027,0.9446346280447663,0.07810571363206163,0.2560429122935453,0.8483815476477147,0.9383607806364649,0.08289670529726896,0.27027183712043457,0.7577639751552795,0.8079470198675497,0.782051282051282,413,39,29,122
grid_regularized_086,False,4,12.0,0.5,0.0,3.0,0.65,0.9,1.2,2021,2020,2575,603,673,0.2451708766716196,379,0.325,policy_max_precision_with_recall_ge_0.85,0.7262569832402235,0.8609271523178808,0.7878787878787878,0.8745478978216311,0.9472249897438902,0.0759866990710347,0.24771601288660686,0.8167224108224502,0.9222739203054163,0.09222008132634761,0.29868780048471333,0.675,0.8181818181818182,0.7397260273972602,443,65,30,135
grid_regularized_086,False,4,12.0,0.5,0.0,3.0,0.65,0.9,1.2,2022,2021,3178,673,676,0.2603550295857988,165,0.245,policy_max_precision_with_recall_ge_0.85,0.6441441441441441,0.8666666666666667,0.7390180878552972,0.8262377848614549,0.9273801002147459,0.08860869158930575,0.2862840353526497,0.8231709094499857,0.9265454545454546,0.09193714414003826,0.297292628842048,0.6968325791855203,0.875,0.7758186397984886,433,67,22,154
grid_regularized_087,False,4,12.0,1.0,0.05,10.0,0.9,0.9,0.8,2019,2018,1490,511,574,0.24390243902439024,322,0.245,policy_max_precision_with_recall_ge_0.85,0.6423841059602649,0.8584070796460177,0.7348484848484849,0.8288301477952638,0.9241117089874149,0.08081979073416368,0.2715117806871789,0.8203010484828412,0.9291639236339697,0.08555882697647545,0.28213939054826354,0.6507936507936508,0.8785714285714286,0.7477203647416414,368,66,17,123
grid_regularized_087,False,4,12.0,1.0,0.05,10.0,0.9,0.9,0.8,2020,2019,2001,574,603,0.2504145936981758,281,0.345,policy_max_precision_with_recall_ge_0.85,0.7391304347826086,0.85,0.7906976744186046,0.8564768889271217,0.9468564845292956,0.07623126034554796,0.2502075682493551,0.8499804367713728,0.9388149797808123,0.08334473236707947,0.2692618050694906,0.7439024390243902,0.8079470198675497,0.7746031746031746,410,42,29,122
grid_regularized_087,False,4,12.0,1.0,0.05,10.0,0.9,0.9,0.8,2021,2020,2575,603,673,0.2451708766716196,399,0.295,policy_max_precision_with_recall_ge_0.85,0.7049180327868853,0.8543046357615894,0.7724550898203593,0.8696174862204016,0.9470638223055735,0.0772987772275722,0.25004849879410324,0.818381531009464,0.9224290145549988,0.09296538537810063,0.2976447496909393,0.6448598130841121,0.8363636363636363,0.7282321899736148,432,76,27,138
grid_regularized_087,False,4,12.0,1.0,0.05,10.0,0.9,0.9,0.8,2022,2021,3178,673,676,0.2603550295857988,397,0.255,policy_max_precision_with_recall_ge_0.85,0.6558139534883721,0.8545454545454545,0.7421052631578947,0.8368525080762705,0.9337389644476258,0.0848815117769073,0.27479363410639235,0.8233085547217683,0.9288409090909091,0.09152855239718018,0.29499000479284404,0.6962616822429907,0.8465909090909091,0.764102564102564,435,65,27,149
grid_regularized_088,False,4,12.0,1.0,1.0,1.0,0.8,0.65,0.8,2019,2018,1490,511,574,0.24390243902439024,373,0.235,policy_max_precision_with_recall_ge_0.85,0.6381578947368421,0.8584070796460177,0.7320754716981132,0.8270151734213302,0.9250233468226087,0.08117457968422621,0.27083056137947376,0.8192228190629613,0.9293285055957868,0.0860847960141304,0.28326817405687554,0.6161616161616161,0.8714285714285714,0.7218934911242604,358,76,18,122
grid_regularized_088,False,4,12.0,1.0,1.0,1.0,0.8,0.65,0.8,2020,2019,2001,574,603,0.2504145936981758,352,0.315,policy_max_precision_with_recall_ge_0.85,0.7261904761904762,0.8714285714285714,0.7922077922077922,0.8599632318083805,0.9452435813034892,0.0769467817775576,0.2516393481750422,0.849248592516689,0.9389907988044306,0.0825714560199667,0.2684844994563129,0.7102272727272727,0.8278145695364238,0.764525993883792,401,51,26,125
grid_regularized_088,False,4,12.0,1.0,1.0,1.0,0.8,0.65,0.8,2021,2020,2575,603,673,0.2451708766716196,317,0.285,policy_max_precision_with_recall_ge_0.85,0.7049180327868853,0.8543046357615894,0.7724550898203593,0.8747526137804329,0.9474594151087148,0.07672681905258597,0.24820860966612643,0.8187275677340617,0.9197327606776424,0.09362489584825,0.3010200551044272,0.6507177033492823,0.8242424242424242,0.7272727272727273,435,73,29,136
grid_regularized_088,False,4,12.0,1.0,1.0,1.0,0.8,0.65,0.8,2022,2021,3178,673,676,0.2603550295857988,399,0.255,policy_max_precision_with_recall_ge_0.85,0.6497695852534562,0.8545454545454545,0.7382198952879581,0.8419833605213296,0.9340372226198997,0.08456288018718713,0.27345048955139856,0.8163753016620814,0.9253977272727273,0.09306663147684913,0.30072505349284345,0.6909090909090909,0.8636363636363636,0.7676767676767676,432,68,24,152
grid_regularized_089,False,4,12.0,3.0,0.0,3.0,0.9,0.65,1.0,2019,2018,1490,511,574,0.24390243902439024,215,0.245,policy_max_precision_with_recall_ge_0.85,0.6217948717948718,0.8584070796460177,0.7211895910780669,0.8181652278147561,0.920731978476453,0.0832578448009719,0.2781152229155681,0.8265141934092584,0.9314680710994074,0.08355968634434974,0.27906849510080534,0.6526315789473685,0.8857142857142857,0.7515151515151515,368,66,16,124
grid_regularized_089,False,4,12.0,3.0,0.0,3.0,0.9,0.65,1.0,2020,2019,2001,574,603,0.2504145936981758,124,0.35,policy_max_precision_with_recall_ge_0.85,0.7345679012345679,0.85,0.7880794701986755,0.8506186261791016,0.9428406846609612,0.07715108031862974,0.25743249674967933,0.8429801695176476,0.9348444001640979,0.08577686039992477,0.27679789222478757,0.727810650887574,0.8145695364238411,0.76875,406,46,28,123
grid_regularized_089,False,4,12.0,3.0,0.0,3.0,0.9,0.65,1.0,2021,2020,2575,603,673,0.2451708766716196,259,0.305,policy_max_precision_with_recall_ge_0.85,0.7344632768361582,0.8609271523178808,0.7926829268292683,0.871536636451595,0.947825704741253,0.07682461699359103,0.248497417159532,0.8239704860201424,0.9229897399188738,0.0928679208010859,0.29658302994194624,0.6428571428571429,0.8181818181818182,0.72,433,75,30,135
grid_regularized_089,False,4,12.0,3.0,0.0,3.0,0.9,0.65,1.0,2022,2021,3178,673,676,0.2603550295857988,351,0.27,policy_max_precision_with_recall_ge_0.85,0.6698113207547169,0.8606060606060606,0.753315649867374,0.8449034230158655,0.9348962061560486,0.0836760040734157,0.27082907292893627,0.8254112631138336,0.9264431818181817,0.09224020101464918,0.297804808912488,0.6901408450704225,0.8352272727272727,0.7557840616966581,434,66,29,147
grid_regularized_090,False,4,12.0,3.0,0.05,6.0,0.8,0.8,1.0,2019,2018,1490,511,574,0.24390243902439024,160,0.17,policy_max_precision_with_recall_ge_0.85,0.5351351351351351,0.8761061946902655,0.6644295302013423,0.8184133426151438,0.9208653888913595,0.08446526610628809,0.2792116495347083,0.8292524415076401,0.9321263989466755,0.0837087302067358,0.2775673947559359,0.5622317596566524,0.9357142857142857,0.7024128686327078,332,102,9,131
grid_regularized_090,False,4,12.0,3.0,0.05,6.0,0.8,0.8,1.0,2020,2019,2001,574,603,0.2504145936981758,308,0.335,policy_max_precision_with_recall_ge_0.85,0.725609756097561,0.85,0.7828947368421053,0.8515536262406563,0.9435977616853192,0.07861907612537478,0.25603030966978396,0.85070874362161,0.9385512512453847,0.08266547120454223,0.2686198009652042,0.7349397590361446,0.8079470198675497,0.7697160883280757,408,44,29,122
grid_regularized_090,False,4,12.0,3.0,0.05,6.0,0.8,0.8,1.0,2021,2020,2575,603,673,0.2451708766716196,398,0.295,policy_max_precision_with_recall_ge_0.85,0.6935483870967742,0.8543046357615894,0.7655786350148368,0.8686528994117508,0.9466242747465275,0.07690378705286313,0.2494274147670003,0.8154105208734806,0.9197208303507516,0.0946641131849093,0.3022022575747345,0.6536585365853659,0.8121212121212121,0.7243243243243244,437,71,31,134
grid_regularized_090,False,4,12.0,3.0,0.05,6.0,0.8,0.8,1.0,2022,2021,3178,673,676,0.2603550295857988,381,0.26,policy_max_precision_with_recall_ge_0.85,0.6527777777777778,0.8545454545454545,0.7401574803149606,0.8366185862774443,0.9324504891434025,0.08591788465917083,0.27693684482404735,0.81431143540121,0.9238636363636364,0.09432855869042212,0.304003245053166,0.6919431279620853,0.8295454545454546,0.7545219638242894,435,65,30,146
grid_regularized_091,False,4,15.0,0.0,0.0,10.0,0.65,0.9,1.2,2019,2018,1490,511,574,0.24390243902439024,218,0.21,policy_max_precision_with_recall_ge_0.85,0.5878787878787879,0.8584070796460177,0.697841726618705,0.8174747357450265,0.9193534041890872,0.08393087382901275,0.280208412201309,0.8203507493647696,0.9289993416721528,0.08646098510527515,0.2838494310447913,0.5961538461538461,0.8857142857142857,0.7126436781609196,350,84,16,124
grid_regularized_091,False,4,15.0,0.0,0.0,10.0,0.65,0.9,1.2,2020,2019,2001,574,603,0.2504145936981758,398,0.34,policy_max_precision_with_recall_ge_0.85,0.7345679012345679,0.85,0.7880794701986755,0.8539132246948788,0.9436800526662279,0.07832032397053089,0.25511568935866347,0.8454670558686045,0.936675848326789,0.08294772380377795,0.2724570567996506,0.7544910179640718,0.8344370860927153,0.7924528301886793,411,41,25,126
grid_regularized_091,False,4,15.0,0.0,0.0,10.0,0.65,0.9,1.2,2021,2020,2575,603,673,0.2451708766716196,396,0.315,policy_max_precision_with_recall_ge_0.85,0.7371428571428571,0.8543046357615894,0.7914110429447853,0.8692803113391063,0.9470052159643674,0.07696172891047823,0.2491819298298032,0.8174743505495811,0.9213791457885946,0.09403020258226728,0.30013669819494276,0.6585365853658537,0.8181818181818182,0.7297297297297297,438,70,30,135
grid_regularized_091,False,4,15.0,0.0,0.0,10.0,0.65,0.9,1.2,2022,2021,3178,673,676,0.2603550295857988,152,0.225,policy_max_precision_with_recall_ge_0.85,0.6266666666666667,0.8545454545454545,0.7230769230769231,0.8207705560334148,0.9249224528752089,0.0914215064517539,0.2920960600022097,0.8155033020546165,0.9235681818181818,0.0939599228502724,0.303248174821689,0.6607929515418502,0.8522727272727273,0.7444168734491315,423,77,26,150
grid_regularized_092,False,4,15.0,0.0,0.05,3.0,0.65,0.9,1.0,2019,2018,1490,511,574,0.24390243902439024,234,0.245,policy_max_precision_with_recall_ge_0.85,0.60625,0.8584070796460177,0.7106227106227107,0.8197210479352082,0.9199537510561657,0.08282501806027878,0.27930719020466976,0.8189233885065907,0.9283245556287031,0.08707120535748711,0.28468358806914523,0.6321243523316062,0.8714285714285714,0.7327327327327328,363,71,18,122
grid_regularized_092,False,4,15.0,0.0,0.05,3.0,0.65,0.9,1.0,2020,2019,2001,574,603,0.2504145936981758,248,0.3,policy_max_precision_with_recall_ge_0.85,0.6918604651162791,0.85,0.7628205128205128,0.8552901254495018,0.942906517445688,0.07843666495869135,0.25627844741554323,0.8537548097203062,0.9385072964894802,0.08233892529513771,0.2673589280890078,0.7231638418079096,0.847682119205298,0.7804878048780488,403,49,23,128
grid_regularized_092,False,4,15.0,0.0,0.05,3.0,0.65,0.9,1.0,2021,2020,2575,603,673,0.2451708766716196,361,0.305,policy_max_precision_with_recall_ge_0.85,0.7288135593220338,0.8543046357615894,0.7865853658536586,0.8729988068895242,0.9468440485260505,0.07695196792352414,0.24989758554853791,0.8181987372354858,0.922094965402052,0.09355816616262543,0.2988363693401353,0.6476190476190476,0.8242424242424242,0.7253333333333334,434,74,29,136
grid_regularized_092,False,4,15.0,0.0,0.05,3.0,0.65,0.9,1.0,2022,2021,3178,673,676,0.2603550295857988,145,0.245,policy_max_precision_with_recall_ge_0.85,0.6380090497737556,0.8545454545454545,0.7305699481865285,0.8218626238199873,0.925948460987831,0.08999247326628841,0.2890802381941119,0.8225017902088941,0.9262045454545454,0.09193510410931817,0.29761556185796406,0.6785714285714286,0.8636363636363636,0.76,428,72,24,152
grid_regularized_093,False,4,15.0,0.5,0.0,3.0,0.8,0.9,1.2,2019,2018,1490,511,574,0.24390243902439024,208,0.23,policy_max_precision_with_recall_ge_0.85,0.6024844720496895,0.8584070796460177,0.708029197080292,0.825908936293692,0.9234891270511851,0.08158152269695396,0.27304742986952774,0.8303040761210931,0.931550362080316,0.08451854055421514,0.2781903414325884,0.6321243523316062,0.8714285714285714,0.7327327327327328,363,71,18,122
grid_regularized_093,False,4,15.0,0.5,0.0,3.0,0.8,0.9,1.2,2020,2019,2001,574,603,0.2504145936981758,220,0.355,policy_max_precision_with_recall_ge_0.85,0.74375,0.85,0.7933333333333333,0.8524747776949,0.9446346280447663,0.07719042312095499,0.2540541895982427,0.851609292987297,0.9373937760065639,0.08315108836487026,0.27150587842544194,0.7425149700598802,0.8211920529801324,0.779874213836478,409,43,27,124
grid_regularized_093,False,4,15.0,0.5,0.0,3.0,0.8,0.9,1.2,2021,2020,2575,603,673,0.2451708766716196,388,0.29,policy_max_precision_with_recall_ge_0.85,0.7166666666666667,0.8543046357615894,0.7794561933534743,0.8704443948278746,0.9461554240168787,0.0774976247303343,0.2505704274146025,0.8188737377020577,0.9217728465759962,0.09337932373646185,0.2989156547551777,0.6476190476190476,0.8242424242424242,0.7253333333333334,434,74,29,136
grid_regularized_093,False,4,15.0,0.5,0.0,3.0,0.8,0.9,1.2,2022,2021,3178,673,676,0.2603550295857988,149,0.23,policy_max_precision_with_recall_ge_0.85,0.6211453744493393,0.8545454545454545,0.7193877551020408,0.828853331202992,0.9286327845382963,0.08936161031247114,0.28503272664270374,0.8234232065489441,0.9244431818181819,0.09261125089587766,0.2993024347459786,0.6594827586206896,0.8693181818181818,0.75,421,79,23,153
grid_regularized_094,False,4,15.0,1.0,0.05,3.0,0.9,0.9,0.8,2019,2018,1490,511,574,0.24390243902439024,372,0.255,policy_max_precision_with_recall_ge_0.85,0.6712328767123288,0.8672566371681416,0.7567567567567568,0.8227026794975043,0.924489705162983,0.08198763033723838,0.27335542244151817,0.816928656239897,0.9276497695852535,0.08605364998343336,0.284591925290525,0.6559139784946236,0.8714285714285714,0.7484662576687117,370,64,18,122
grid_regularized_094,False,4,15.0,1.0,0.05,3.0,0.9,0.9,0.8,2020,2019,2001,574,603,0.2504145936981758,318,0.29,policy_max_precision_with_recall_ge_0.85,0.6892655367231638,0.8714285714285714,0.7697160883280757,0.853932518207621,0.9439104674127716,0.0785721950674694,0.2536976038085216,0.8473280867234319,0.9378626267362128,0.0837520491521927,0.27065750123401866,0.702247191011236,0.8278145695364238,0.7598784194528876,399,53,26,125
grid_regularized_094,False,4,15.0,1.0,0.05,3.0,0.9,0.9,0.8,2021,2020,2575,603,673,0.2451708766716196,390,0.325,policy_max_precision_with_recall_ge_0.85,0.7371428571428571,0.8543046357615894,0.7914110429447853,0.8700999319271245,0.9468880032819551,0.07675970298680483,0.24956350282043896,0.8190998874350627,0.9210689572894297,0.09290376019543395,0.2993878710752996,0.6534653465346535,0.8,0.7193460490463215,438,70,33,132
grid_regularized_094,False,4,15.0,1.0,0.05,3.0,0.9,0.9,0.8,2022,2021,3178,673,676,0.2603550295857988,383,0.27,policy_max_precision_with_recall_ge_0.85,0.6811594202898551,0.8545454545454545,0.7580645161290323,0.841682656967561,0.9349916487711764,0.08344549942611673,0.2719833249882013,0.8192353835989319,0.9261250000000001,0.09319913675334134,0.3006004144751683,0.7061611374407583,0.8465909090909091,0.7700258397932817,438,62,27,149
grid_regularized_095,False,4,15.0,1.0,0.05,10.0,0.9,0.65,0.8,2019,2018,1490,511,574,0.24390243902439024,377,0.235,policy_max_precision_with_recall_ge_0.85,0.6258064516129033,0.8584070796460177,0.7238805970149254,0.8226373052637891,0.922777604838351,0.08189197263675221,0.27435239215325063,0.8279926569599996,0.9306287030941409,0.08473124865168286,0.2790338816362236,0.6335078534031413,0.8642857142857143,0.7311178247734139,364,70,19,121
grid_regularized_095,False,4,15.0,1.0,0.05,10.0,0.9,0.65,0.8,2020,2019,2001,574,603,0.2504145936981758,338,0.33,policy_max_precision_with_recall_ge_0.85,0.7407407407407407,0.8571428571428571,0.7947019867549668,0.8553641083955803,0.9460500329163923,0.07753585675285928,0.2522575965511372,0.851738647282208,0.9393424368516674,0.08248672905825923,0.26767681750550876,0.7261904761904762,0.8079470198675497,0.7648902821316614,406,46,29,122
grid_regularized_095,False,4,15.0,1.0,0.05,10.0,0.9,0.65,0.8,2021,2020,2575,603,673,0.2451708766716196,388,0.28,policy_max_precision_with_recall_ge_0.85,0.7344632768361582,0.8609271523178808,0.7926829268292683,0.8721848954467079,0.9465656684053214,0.07677746708756085,0.2500442216759375,0.8205629893716895,0.9214507277499403,0.09342291076492368,0.2991495830119965,0.6330275229357798,0.8363636363636363,0.720626631853786,428,80,27,138
grid_regularized_095,False,4,15.0,1.0,0.05,10.0,0.9,0.65,0.8,2022,2021,3178,673,676,0.2603550295857988,381,0.235,policy_max_precision_with_recall_ge_0.85,0.6428571428571429,0.8727272727272727,0.7403598971722365,0.8383359622299831,0.932068718682892,0.08626090607719529,0.2779228330711216,0.8239010674939525,0.927840909090909,0.0925661774705502,0.29720607175300756,0.6891891891891891,0.8693181818181818,0.7688442211055276,431,69,23,153
grid_regularized_096,False,4,15.0,1.0,0.2,6.0,0.65,0.9,0.8,2019,2018,1490,511,574,0.24390243902439024,244,0.225,policy_max_precision_with_recall_ge_0.85,0.5808383233532934,0.8584070796460177,0.6928571428571428,0.8145317452621176,0.9173744830346422,0.08436636104535034,0.2821847983691294,0.8211827552927019,0.9288512179065175,0.08650440447849483,0.28417788691817264,0.6057692307692307,0.9,0.7241379310344828,352,82,14,126
grid_regularized_096,False,4,15.0,1.0,0.2,6.0,0.65,0.9,0.8,2020,2019,2001,574,603,0.2504145936981758,169,0.31,policy_max_precision_with_recall_ge_0.85,0.68,0.85,0.7555555555555555,0.8458061617062816,0.9403390388413431,0.07937546966547669,0.2626435367344094,0.8378328588503886,0.9334964543163571,0.08531520950337172,0.28016367789727936,0.7241379310344828,0.8344370860927153,0.7753846153846153,404,48,25,126
grid_regularized_096,False,4,15.0,1.0,0.2,6.0,0.65,0.9,0.8,2021,2020,2575,603,673,0.2451708766716196,398,0.29,policy_max_precision_with_recall_ge_0.85,0.712707182320442,0.8543046357615894,0.7771084337349398,0.8702709182766746,0.9466242747465277,0.07749230802464263,0.24966374586648768,0.8159337231306815,0.9203173466952994,0.09465445983286165,0.3030623642510113,0.6448598130841121,0.8363636363636363,0.7282321899736148,432,76,27,138
grid_regularized_096,False,4,15.0,1.0,0.2,6.0,0.65,0.9,0.8,2022,2021,3178,673,676,0.2603550295857988,312,0.22,policy_max_precision_with_recall_ge_0.85,0.6355555555555555,0.8666666666666667,0.7333333333333333,0.8293751159662,0.9297900262467191,0.08777380635048963,0.2826911906808735,0.8149571033952094,0.9256590909090909,0.09443159527607657,0.3021940104684094,0.6880733944954128,0.8522727272727273,0.7614213197969543,432,68,26,150
