market,stock_code,fiscal_year,corp_name_source,firm_size_code_source,firm_size_name_source,firm_size_group_source,firm_size_source_year,equity_total_source,shares_outstanding_source,close_price_source,market_cap_source,market_to_book_source
KOSDAQ,000250,2025,삼천당제약(주),,,mid_sized,2024,363593226,23457472,232500,5453862240000,14.999900575705444
KOSDAQ,000440,2025,(주)중앙에너비스,,,small_and_medium,2024,52007261,6227130,15670,97579127100,1.876259684200635
KOSDAQ,0007C0,2025,(주)아크릴,,,other,,43747826,8030324,37150,298326536600,6.819231122479092
KOSDAQ,0008Z0,2025,에스엔시스(주),,,other,,172671982,9436564,29800,281209607200,1.6285769349656274
KOSDAQ,0009K0,2025,(주)에임드바이오,,,other,,192571951,64156161,57600,3695394873600,19.18968393065717
KOSDAQ,001000,2025,신라섬유(주),,,small_and_medium,2024,,24277540,2030,49283406200,
KOSDAQ,0010V0,2025,제이피아이헬스케어(주),,,other,,63050499,5105400,14300,73007220000,1.1579166090342916
KOSDAQ,0013V0,2025,삼진식품(주),,,other,,41706863,9918656,13910,137968504960,3.3080528008064283
KOSDAQ,001540,2025,안국약품(주),,,mid_sized,2024,166289461,13042420,8460,110338873200,0.6635349741136031
KOSDAQ,0015G0,2025,(주)그린광학,,,other,,65562826,11702541,15350,179634004350,2.739875861208301
KOSDAQ,0015N0,2025,(주)아로마티카,,,other,,,12715050,9410,119648620500,
KOSDAQ,0015S0,2025,(주)페스카로,,,other,,60993311,9662730,15040,145327459200,2.382678638318225
KOSDAQ,001810,2025,무림에스피(주),,,mid_sized,2024,200734648,22137500,1496,33117700000,0.16498247975606084
KOSDAQ,001840,2025,이화공영(주),,,mid_sized,2024,,22283636,1616,36010355776,
KOSDAQ,002230,2025,피에스텍(주),,,small_and_medium,2024,136478651,19273820,9830,189461650600,1.3882145611184273
KOSDAQ,002290,2025,(주)삼일기업공사,,,small_and_medium,2024,,12400000,3765,46686000000,
KOSDAQ,002680,2025,(주)한탑,,,small_and_medium,2024,47323064,32316799,715,23106511285,0.4882716656934978
KOSDAQ,002800,2025,신신제약(주),,,small_and_medium,2024,74520123,15170500,5860,88899130000,1.1929546868837024
KOSDAQ,003100,2025,(주)선광,,,mid_sized,2024,434164088,6600000,19330,127578000000,0.2938474266439098
KOSDAQ,003310,2025,대주산업(주),,,small_and_medium,2024,111857384,35392350,3400,120333990000,1.0757804777554962
KOSDAQ,003380,2025,(주)하림지주,,,large,2024,6277593000,112005621,10630,1190619751230,0.1896618259944536
KOSDAQ,003800,2025,(주)에이스침대,,,mid_sized,2024,748443132,11090000,30650,339908500000,0.4541540772666212
KOSDAQ,004590,2025,(주)한국가구,,,small_and_medium,2024,199860326,15000000,4800,72000000000,0.3602515889021416
KOSDAQ,004650,2025,(주)창해에탄올,,,mid_sized,2024,145650523,9190885,9820,90254490700,0.619664721011678
KOSDAQ,004780,2025,(주)대륙제관,,,mid_sized,2024,,15903199,3690,58682804310,
KOSDAQ,005160,2025,동국산업(주),,,mid_sized,2024,471041762,54244482,2730,148087435860,0.31438281657073114
KOSDAQ,005290,2025,(주)동진쎄미켐,,,mid_sized,2024,1101580532,51414494,36650,1884341205100,1.7105796175235966
KOSDAQ,005670,2025,(주)푸드웰,,,mid_sized,2024,116152611,10000000,6190,61900000000,0.5329195742315255
KOSDAQ,005710,2025,대원산업(주),,,mid_sized,2024,584505571,20037600,14160,283732416000,0.48542294560952953
KOSDAQ,005860,2025,한일사료(주),,,mid_sized,2024,164675147,39403685,3070,120969312950,0.7345936235903284
KOSDAQ,005990,2025,매일홀딩스(주),,,mid_sized,2024,856077494,13298304,11070,147212225280,0.17196133096801164
KOSDAQ,006050,2025,(주)국영지앤엠,,,small_and_medium,2024,,34895243,1311,45747663573,
KOSDAQ,006140,2025,(주)피제이전자,,,mid_sized,2024,,15000000,5690,85350000000,
KOSDAQ,006620,2025,(주)동구바이오제약,,,mid_sized,2024,152159147,28464992,5470,155703506240,1.0232937638642257
KOSDAQ,006730,2025,(주)서부티엔디,,,mid_sized,2024,1386945844,64926923,13100,850542691300,0.6132486679126601
KOSDAQ,006910,2025,보성파워텍(주),,,small_and_medium,2024,,49129824,5210,255966383040,
KOSDAQ,006920,2025,(주)모헨즈,,,mid_sized,2024,38428017,10920000,3270,35708400000,0.9292282763380687
KOSDAQ,007370,2025,진양제약(주),,,small_and_medium,2024,,14134587,5030,71096972610,
KOSDAQ,007390,2025,(주)네이처셀,,,small_and_medium,2024,63029885,64435056,21800,1404684220800,22.286003231641626
KOSDAQ,007530,2025,(주)와이엠,,,mid_sized,2024,52662327,22254231,2520,56080662120,1.0649104457537548
KOSDAQ,007680,2025,(주)대원,,,mid_sized,2024,279287904,13446474,4415,59366182710,0.2125626704907349
KOSDAQ,007720,2025,(주)소노스퀘어,,,mid_sized,2024,75066072,100800450,647,65217891150,0.8688064982273217
KOSDAQ,007770,2025,한일화학공업(주),,,mid_sized,2024,86956831,3510000,7950,27904500000,0.3209006087169851
KOSDAQ,007820,2025,(주)에스엠코어,,,large,2024,52961297,20033946,4390,87949022940,1.6606281930746523
KOSDAQ,008290,2025,원풍물산(주),,,mid_sized,2024,,40693679,462,18800479698,
KOSDAQ,008370,2025,(주)원풍,,,small_and_medium,2024,,12000000,4845,58140000000,
KOSDAQ,008470,2025,(주)부-스타,,,small_and_medium,2024,80059689,8404800,4040,33955392000,0.4241259543239045
KOSDAQ,008830,2025,대동기어(주),,,mid_sized,2024,,8987520,17250,155034720000,
KOSDAQ,009300,2025,삼아제약(주),,,small_and_medium,2024,228110771,6370000,15710,100072700000,0.43870221279467775
KOSDAQ,009520,2025,(주)포스코엠텍,,,large,2024,,41642703,15790,657538280370,
KOSDAQ,009620,2025,삼보산업(주),,,mid_sized,2024,28189800,16386091,1667,27315613697,0.9689892690618592
KOSDAQ,009730,2025,(주)이렘,,,small_and_medium,2024,,62687484,670,42000614280,
KOSDAQ,009780,2025,(주)엠에스씨,,,mid_sized,2024,189208431,17600000,7920,139392000000,0.7367113572227656
KOSDAQ,010170,2025,대한광통신(주),,,mid_sized,2024,66651648,131985660,2225,293668093500,4.406013989331517
KOSDAQ,010240,2025,(주)흥국,,,small_and_medium,2024,118271584,11706000,5200,60871200000,0.5146730765016219
KOSDAQ,010280,2025,(주)아이티센엔텍,,,mid_sized,2024,99119957,65123786,971,63235196206,0.6379663401791024
KOSDAQ,010470,2025,(주)오리콤,,,large,2024,130184728,11975050,5930,71012046500,0.5454714050637337
KOSDAQ,011040,2025,경동제약(주),,,mid_sized,2024,228873103,30768766,5840,179689593440,0.7851057685882818
KOSDAQ,011080,2025,(주)형지아이앤씨,,,small_and_medium,2024,34333653,42962622,722,31019013084,0.903457988696979
KOSDAQ,011320,2025,(주)유니크,,,mid_sized,2024,136292926,19320695,4300,83078988500,0.6095619995714231
KOSDAQ,011370,2025,(주)서한,,,mid_sized,2024,536829488,100894865,902,91007168230,0.1695271408600416
KOSDAQ,011560,2025,(주)세보엠이씨,,,mid_sized,2024,271246614,10530000,13860,145945800000,0.5380557487807018
KOSDAQ,012210,2025,삼미금속(주),,,small_and_medium,2024,,22192012,10630,235901087560,
KOSDAQ,012340,2025,(주)뉴인텍,,,small_and_medium,2024,15127569,53529537,483,25854766371,1.7091157456297175
KOSDAQ,012620,2025,(주)원일특강,,,mid_sized,2024,166742147,4400000,8110,35684000000,0.2140070800455748
KOSDAQ,012700,2025,(주)리드코프,,,mid_sized,2024,460835683,26446135,3730,98644083550,0.21405478609606712
KOSDAQ,012790,2025,신일제약(주),,,small_and_medium,2024,,11986415,6070,72757539050,
KOSDAQ,012860,2025,(주)모베이스전자,,,mid_sized,2024,251110983,73233457,1395,102160672515,0.4068347441218849
KOSDAQ,013030,2025,하이록코리아(주),,,mid_sized,2024,459147959,11768144,30750,361870428000,0.7881346762122926
KOSDAQ,013120,2025,(주)동원개발,,,mid_sized,2024,1059818944,90808100,2790,253354599000,0.2390546049722244
KOSDAQ,013310,2025,아진산업(주),,,mid_sized,2024,347375201,38806582,2870,111374890340,0.3206184264719576
KOSDAQ,013720,2025,더큐브앤(주),,,small_and_medium,2024,58356278,60828143,659,40085746237,0.6869140324028205
KOSDAQ,013810,2025,(주)스페코,,,small_and_medium,2024,45645155,14655470,2365,34660186550,0.7593398806510789
KOSDAQ,013990,2025,(주)아가방앤컴퍼니,,,mid_sized,2024,178560481,32887536,4485,147500598960,0.8260539965727355
KOSDAQ,014100,2025,메디앙스(주),,,small_and_medium,2024,68182910,11800000,1785,21063000000,0.3089190531762285
KOSDAQ,014190,2025,(주)원익큐브,,,mid_sized,2024,110126194,35399906,1618,57277047908,0.5201037630338882
KOSDAQ,014470,2025,(주)부방,,,mid_sized,2024,172102811,60052260,1416,85034000160,0.49408838627278434
KOSDAQ,014570,2025,고려제약(주),,,small_and_medium,2024,,11000000,4300,47300000000,
KOSDAQ,014620,2025,(주)성광벤드,,,mid_sized,2024,549501001,26557364,25750,683852123000,1.2444965919179463
KOSDAQ,014940,2025,(주)오리엔탈정공,,,mid_sized,2024,125352964,45573661,7710,351372926310,2.8030683527355604
KOSDAQ,014950,2025,삼익제약(주),,,other,,68984915,9196413,13970,128473889610,1.8623475814966215
KOSDAQ,014970,2025,삼륭물산(주),,,small_and_medium,2024,56816177,15125000,7530,113891250000,2.00455673038332
KOSDAQ,015710,2025,(주)코콤,,,mid_sized,2024,,17530500,3480,61006140000,
KOSDAQ,015750,2025,(주)성우하이텍,,,mid_sized,2024,2073091921,80000000,6810,544800000000,0.2627958724267297
KOSDAQ,016100,2025,(주)리더스코스메틱,,,small_and_medium,2024,28657926,19100894,1933,36922028102,1.2883705576600344
KOSDAQ,016250,2025,에스지씨이앤씨(주),,,large,2024,332124592,5766986,14950,86216440700,0.2595906559668427
KOSDAQ,016670,2025,(주)디모아,,,small_and_medium,2024,,7594234,4425,33604485450,
KOSDAQ,016790,2025,현대사료(주),,,mid_sized,2024,76548919,188471729,994,187340898626,2.4473356524603567
KOSDAQ,016920,2025,(주)카스,,,mid_sized,2024,68124619,26493538,1078,28560033964,0.4192322009756855
KOSDAQ,017000,2025,신원종합개발(주),,,mid_sized,2024,,11668027,3225,37629387075,
KOSDAQ,017480,2025,삼현철강(주),,,mid_sized,2024,,15702890,4525,71055577250,
KOSDAQ,017510,2025,세명전기공업(주),,,small_and_medium,2024,,15246000,8790,134012340000,
KOSDAQ,017650,2025,(주)대림제지,,,small_and_medium,2024,282887637,8785000,8090,71070650000,0.25123278893944734
KOSDAQ,017890,2025,한국알콜산업(주),,,mid_sized,2024,594752912,21273506,10580,225073693480,0.3784322681550822
KOSDAQ,018000,2025,유니슨(주),,,mid_sized,2024,105740638,245157742,1201,294434448142,2.7844966108678104
KOSDAQ,018120,2025,(주)진로발효,,,mid_sized,2024,94127897,6621120,18090,119776060800,1.2724820655453506
KOSDAQ,018290,2025,(주)브이티,,,small_and_medium,2024,253256712,34941838,17510,611831583380,2.415855353045885
KOSDAQ,018310,2025,삼목에스폼(주),,,mid_sized,2024,653519193,14700000,19700,289590000000,0.44312394050835474
KOSDAQ,018620,2025,우진비앤지(주),,,small_and_medium,2024,63935913,28889293,831,24007002483,0.3754854096319857
KOSDAQ,018680,2025,(주)서울제약,,,small_and_medium,2024,,11659319,3080,35910702520,
KOSDAQ,018700,2025,(주)바른손,,,small_and_medium,2024,26521372,35119757,917,32204817169,1.2142968006707948
KOSDAQ,019010,2025,베뉴지(주),,,small_and_medium,2024,445377353,48200000,2685,129417000000,0.29057831326237193
KOSDAQ,019210,2025,(주)와이지-원,,,mid_sized,2024,434463939,37193728,5300,197126758400,0.4537240969957693
KOSDAQ,019540,2025,(주)일지테크,,,mid_sized,2024,191810836,13513500,4195,56689132500,0.29554708004087943
KOSDAQ,019660,2025,글로본(주),,,small_and_medium,2024,,13944333,2605,36324987465,
KOSDAQ,019770,2025,(주)서연탑메탈,,,mid_sized,2024,,11650000,3800,44270000000,
KOSDAQ,019990,2025,(주)에너토크,,,small_and_medium,2024,37874935,9756088,7030,68585298640,1.8108360750982146
KOSDAQ,020400,2025,대동금속(주),,,mid_sized,2024,,3189166,5700,18178246200,
KOSDAQ,020710,2025,(주)시공테크,,,mid_sized,2024,185646751,20047970,4160,83399555200,0.4492378926685337
KOSDAQ,021040,2025,(주)대호특수강,,,mid_sized,2024,38629851,22553266,1316,29680098056,0.7683202830888476
KOSDAQ,021320,2025,(주)케이씨씨건설,,,large,2024,,21400000,5580,119412000000,
KOSDAQ,021650,2025,(주)한국큐빅,,,mid_sized,2024,98498540,16350563,2320,37933306160,0.38511541551783407
KOSDAQ,022220,2025,티케이지애강(주),,,mid_sized,2024,86664689,51794579,705,36515178195,0.4213385937956807
KOSDAQ,023160,2025,(주)태광,,,mid_sized,2024,669616726,26500000,21700,575050000000,0.8587748448804429
KOSDAQ,023410,2025,유진기업(주),,,mid_sized,2024,1050190440,77310863,3635,281024987005,0.2675943108042385
KOSDAQ,023440,2025,제이스코홀딩스(주),,,small_and_medium,2024,54838307,88616044,684,60613374096,1.1053108203358648
KOSDAQ,023600,2025,(주)삼보판지,,,mid_sized,2024,669307873,16008300,9670,154800261000,0.23128408800295108
KOSDAQ,023770,2025,(주)플레이위드코리아,,,small_and_medium,2024,,8946495,2995,26794752525,
KOSDAQ,023790,2025,동일스틸럭스(주),,,small_and_medium,2024,,26139617,1523,39810636691,
KOSDAQ,023900,2025,풍국주정공업(주),,,mid_sized,2024,198164858,12600000,9230,116298000000,0.5868749947581523
KOSDAQ,023910,2025,대한약품공업(주),,,mid_sized,2024,,6000000,29250,175500000000,
KOSDAQ,024060,2025,흥구석유(주),,,mid_sized,2024,,15000000,11860,177900000000,
KOSDAQ,024120,2025,KB오토시스(주),,,mid_sized,2024,119123847,11500000,3640,41860000000,0.3513989940234217
KOSDAQ,024740,2025,한일단조공업(주),,,mid_sized,2024,143466980,32897049,2150,70728655350,0.4929960563050815
KOSDAQ,024800,2025,(주)유성티엔에스,,,mid_sized,2024,553456880,37051812,2470,91517975640,0.16535701144414358
KOSDAQ,024830,2025,(주)세원물산,,,mid_sized,2024,,8350000,10300,86005000000,
KOSDAQ,024840,2025,케이비아이메탈(주),,,mid_sized,2024,141237763,34909199,1744,60881643056,0.4310578259158636
KOSDAQ,024850,2025,에이치엘비이노베이션(주),,,small_and_medium,2024,221320257,144536112,1995,288349543440,1.302861054602878
KOSDAQ,024880,2025,(주)케이피에프,,,mid_sized,2024,328829389,20016592,5210,104286444320,0.3171445369805434
KOSDAQ,024910,2025,경창산업(주),,,mid_sized,2024,118926059,35819005,1496,53585231480,0.4505760295983574
KOSDAQ,024940,2025,(주)피엔풍년,,,small_and_medium,2024,51870962,10000000,5730,57300000000,1.1046643013869686
KOSDAQ,024950,2025,삼천리자전거(주),,,mid_sized,2024,172928901,13273577,4165,55284448205,0.319694671540184
KOSDAQ,025320,2025,(주)시노펙스,,,mid_sized,2024,171717777,87733546,6070,532542624220,3.101266703563254
KOSDAQ,025440,2025,(주)디에이치오토웨어,,,mid_sized,2024,52886977,48781224,778,37951792272,0.7176018450061912
KOSDAQ,025550,2025,한국선재(주),,,mid_sized,2024,149489394,25514004,3380,86237333520,0.5768792769338539
KOSDAQ,025770,2025,한국정보통신(주),,,mid_sized,2024,335813050,37444271,7660,286823115860,0.8541154545959426
KOSDAQ,025870,2025,신라에스지(주),,,small_and_medium,2024,14117894,4000000,5360,21440000000,1.5186401031201961
KOSDAQ,025880,2025,(주)케이씨피드,,,small_and_medium,2024,81031601,16715858,2690,44965658020,0.5549150882505703
KOSDAQ,025900,2025,동화기업(주),,,mid_sized,2024,880173717,50557285,8470,428220203950,0.48651782674169536
KOSDAQ,025950,2025,동신건설(주),,,small_and_medium,2024,,8400000,19970,167748000000,
KOSDAQ,025980,2025,(주)아난티,,,mid_sized,2024,726361922,94699536,7800,738656380800,1.0169260783469318
KOSDAQ,026040,2025,(주)제이에스티나,,,small_and_medium,2024,,16503790,3140,51821900600,
KOSDAQ,026150,2025,(주)특수건설,,,mid_sized,2024,87949810,17546331,6380,111945591780,1.2728349473409892
KOSDAQ,026910,2025,광진실업(주),,,small_and_medium,2024,20056660,6405405,2750,17614863750,0.8782550908276852
KOSDAQ,027040,2025,서울전자통신(주),,,small_and_medium,2024,8749723,69588847,191,13291469777,1.5190732068889494
KOSDAQ,027050,2025,(주)코리아나화장품,,,small_and_medium,2024,83730621,40000000,2310,92400000000,1.1035389311157742
KOSDAQ,027580,2025,(주)상보,,,small_and_medium,2024,43321091,59181279,706,41781982974,0.9644720852944354
KOSDAQ,027710,2025,(주)팜스토리,,,mid_sized,2024,338161741,111416600,1146,127683423600,0.37758092687368794
KOSDAQ,028080,2025,(주)휴맥스홀딩스,,,mid_sized,2024,92614434,12577506,1653,20790617418,0.22448571480769403
KOSDAQ,028300,2025,에이치엘비(주),,,small_and_medium,2024,494413769,132741663,50800,6743276480400,13.638933426225028
KOSDAQ,029480,2025,(주)광무,,,small_and_medium,2024,215927182,61879864,2190,135516902160,0.6276046438655417
KOSDAQ,030350,2025,(주)드래곤플라이,,,small_and_medium,2024,5544239,15592079,973,15171092867,2.736370648343262
KOSDAQ,030520,2025,(주)한글과컴퓨터,,,mid_sized,2024,496500544,24179744,22950,554925124800,1.1176727427714561
KOSDAQ,030530,2025,(주)원익홀딩스,,,mid_sized,2024,1301244028,77237981,48700,3761489674700,2.890687368211307
KOSDAQ,031310,2025,(주)아이즈비전,,,mid_sized,2024,205137499,26355043,1474,38847333382,0.1893721702339756
KOSDAQ,031330,2025,(주)에스에이엠티,,,mid_sized,2024,486059286,99995067,4150,414979528050,0.8537631930973951
KOSDAQ,031510,2025,(주)오스템,,,mid_sized,2024,66291588,28000000,1070,29960000000,0.45194271104201034
KOSDAQ,031860,2025,디에이치엑스컴퍼니(주),,,small_and_medium,2024,20256976,18985423,685,13005014755,0.6420017852121659
KOSDAQ,031980,2025,피에스케이홀딩스(주),,,small_and_medium,2024,506377712,21562395,46300,998338888500,1.9715300749650688
KOSDAQ,032080,2025,(주)아즈텍더블유비이,,,small_and_medium,2024,,21491029,1299,27916846671,
KOSDAQ,032190,2025,(주)다우데이타,,,mid_sized,2024,7711894424,38300000,18400,704720000000,0.09138091903940722
KOSDAQ,032280,2025,(주)삼일,,,mid_sized,2024,,16213590,1390,22536890100,
KOSDAQ,032300,2025,(주)한국파마,,,small_and_medium,2024,,10906701,13000,141787113000,
KOSDAQ,032500,2025,(주)케이엠더블유,,,mid_sized,2024,131423933,40930109,14400,589393569600,4.484674565324415
KOSDAQ,032540,2025,티제이미디어(주),,,small_and_medium,2024,83790803,13931609,5630,78434958670,0.9360807613933476
KOSDAQ,032580,2025,(주)피델릭스,,,small_and_medium,2024,,33132064,1104,36577798656,
KOSDAQ,032620,2025,(주)유비케어,,,mid_sized,2024,158889237,52197139,3650,190519557350,1.19907151011116
KOSDAQ,032680,2025,(주)소프트센,,,small_and_medium,2024,66445518,105983618,310,32854921580,0.49446407476272514
KOSDAQ,032750,2025,(주)삼진,,,mid_sized,2024,110442602,9031122,3760,33957018720,0.3074630451028309
KOSDAQ,032790,2025,(주)엠젠솔루션,,,small_and_medium,2024,33686967,51360212,1073,55109507476,1.6359296304710365
KOSDAQ,032820,2025,(주)우리기술,,,small_and_medium,2024,124394102,166756790,3640,606994715600,4.879610092767903
KOSDAQ,032850,2025,(주)비트컴퓨터,,,small_and_medium,2024,73801115,16623293,4705,78212593565,1.0597752292089353
KOSDAQ,032860,2025,더라미(주),,,small_and_medium,2024,,40395863,1323,53443726749,
KOSDAQ,032940,2025,(주)원익,,,mid_sized,2024,286616048,18193230,10580,192484373400,0.6715757011624136
KOSDAQ,032960,2025,(주)동일기연,,,small_and_medium,2024,64351208,3518595,15780,55523429100,0.8628187539230033
KOSDAQ,032980,2025,바이온(주),,,small_and_medium,2024,16913273,30388995,604,18354952980,1.0852395618518071
KOSDAQ,033050,2025,제이엠아이(주),,,small_and_medium,2024,58626888,32579342,821,26747639782,0.4562350261879839
KOSDAQ,033100,2025,제룡전기(주),,,small_and_medium,2024,,16062409,35100,563790555900,
KOSDAQ,033130,2025,(주)디지틀조선일보,,,small_and_medium,2024,92171627,37115267,1700,63095953900,0.6845485531030064
KOSDAQ,033160,2025,엠케이전자(주),,,mid_sized,2024,1001507418,22596480,8400,189810432000,0.18952473899699063
KOSDAQ,033170,2025,시그네틱스(주),,,large,2024,52210191,85728319,782,67039545458,1.284031798657852
KOSDAQ,033230,2025,(주)인성정보,,,mid_sized,2024,88222698,50515380,1794,90624591720,1.027225348741885
KOSDAQ,033290,2025,로젠(주),,,mid_sized,2024,407265690,56156301,2155,121016828655,0.29714466901201525
KOSDAQ,033310,2025,(주)엠투엔,,,small_and_medium,2024,144064847,42194122,1793,75654060746,0.5251389379256413
KOSDAQ,033320,2025,제이씨현시스템(주),,,mid_sized,2024,120930118,19114432,4150,79324892800,0.6559564657002981
KOSDAQ,033340,2025,(주)좋은사람들,,,small_and_medium,2024,57351806,96950558,1678,162683036324,2.8365808798418657
KOSDAQ,033500,2025,(주)동성화인텍,,,mid_sized,2024,258895742,29989494,25350,760233672900,2.9364471853693135
KOSDAQ,033540,2025,(주)파라텍,,,mid_sized,2024,80165865,37751063,1107,41790426741,0.521299517456713
KOSDAQ,033560,2025,(주)블루콤,,,small_and_medium,2024,170150121,17100000,3100,53010000000,0.3115484120049494
KOSDAQ,033640,2025,(주)네패스,,,mid_sized,2024,245425031,23059202,15600,359723551200,1.465716637517711
KOSDAQ,033790,2025,(주)피노,,,small_and_medium,2024,,68037321,5500,374205265500,
KOSDAQ,033830,2025,(주)티비씨,,,small_and_medium,2024,131331061,100000000,611,61100000000,0.46523647593161527
KOSDAQ,034810,2025,해성산업(주),,,mid_sized,2016,1288929938,33945779,8390,284805085810,0.2209624258180587
KOSDAQ,034940,2025,조아제약(주),,,small_and_medium,2024,21766628,30979827,1010,31289625270,1.4375044802529817
KOSDAQ,034950,2025,한국기업평가(주),,,mid_sized,2024,146019078,4540514,99300,450873040200,3.0877680257644142
KOSDAQ,035080,2025,(주)그래디언트,,,mid_sized,2024,723239057,13676598,11410,156049983180,0.21576542592610565
KOSDAQ,035200,2025,(주)프럼파스트,,,small_and_medium,2024,37978885,9730590,3720,36197794800,0.9531031466563592
KOSDAQ,035290,2025,(주)골드앤에스,,,small_and_medium,2024,,23838240,636,15161120640,
KOSDAQ,035460,2025,(주)기산텔레콤,,,small_and_medium,2024,66477260,14577340,1916,27930183440,0.4201464296211968
KOSDAQ,035600,2025,(주)케이지이니시스,,,mid_sized,2024,758220694,27554434,10220,281606315480,0.3714041541050316
KOSDAQ,035610,2025,(주)솔본,,,small_and_medium,2024,311885743,27345997,3645,99676159065,0.31959190601732634
KOSDAQ,035620,2025,(주)바른손이앤에이,,,small_and_medium,2024,58381781,74439675,372,27691559100,0.4743185052884906
KOSDAQ,035760,2025,(주)씨제이이엔엠,,,large,2024,3445841458,21929154,64600,1416623348400,0.4111110060247003
KOSDAQ,035810,2025,(주)이지홀딩스,,,mid_sized,2024,1235439344,64516185,4475,288709927875,0.23369008707480501
KOSDAQ,035890,2025,(주)서희건설,,,mid_sized,2024,1085732219,229808457,1623,372979125711,0.3435277310408341
KOSDAQ,035900,2025,(주)제이와이피엔터테인먼트,,,mid_sized,2024,624947719,35532492,72600,2579658919200,4.127799559502033
KOSDAQ,036000,2025,(주)예림당,,,mid_sized,2024,,23034277,3270,75322085790,
KOSDAQ,036010,2025,아비코전자(주),,,mid_sized,2024,116733026,13292934,7090,94246902060,0.8073713608692025
KOSDAQ,036030,2025,(주)케이티알파,,,large,2024,,49019283,5440,266664899520,
KOSDAQ,036090,2025,(주)위지트,,,small_and_medium,2024,406073935,118392284,616,72929646944,0.17959696660658606
KOSDAQ,036120,2025,서울평가정보(주),,,small_and_medium,2024,35417366,35500000,2065,73307500000,2.069817953147617
KOSDAQ,036170,2025,(주)에이치엠넥스,,,small_and_medium,2024,134939342,61365626,838,51424394588,0.38109267338801756
KOSDAQ,036190,2025,(주)금화피에스시,,,mid_sized,2024,385157747,6000000,29850,179100000000,0.4650042778446308
KOSDAQ,036200,2025,유니셈(주),,,mid_sized,2024,243606948,30664223,9660,296216394180,1.2159603681747206
KOSDAQ,036220,2025,(주)오상헬스케어,,,mid_sized,2024,281318803,14509416,11840,171791485440,0.6106647817636278
KOSDAQ,036480,2025,(주)대성미생물연구소,,,small_and_medium,2024,,3800000,7300,27740000000,
KOSDAQ,036540,2025,(주)에스에프에이반도체,,,mid_sized,2024,472827188,164460303,4575,752405886225,1.5912915020973795
KOSDAQ,036560,2025,케이젯정밀(주),,,large,2024,,15750000,15070,237352500000,
KOSDAQ,036620,2025,감성코퍼레이션(주),,,small_and_medium,2024,,90503771,5770,522206758670,
KOSDAQ,036630,2025,세종텔레콤(주),,,mid_sized,2024,172990327,10000000,9910,99100000000,0.5728644006783108
KOSDAQ,036640,2025,(주)에이치알에스,,,small_and_medium,2024,129649420,16354800,5170,84554316000,0.6521765851324287
KOSDAQ,036670,2025,(주)삼양케이씨아이,,,mid_sized,2024,,11270000,6460,72804200000,
KOSDAQ,036690,2025,(주)코맥스,,,mid_sized,2024,10947344,15904938,2885,45885746130,4.191495775596345
KOSDAQ,036710,2025,(주)심텍홀딩스,,,mid_sized,2024,373911862,52827754,2720,143691490880,0.38429241081418275
KOSDAQ,036800,2025,나이스정보통신(주),,,mid_sized,2024,437666418,10000000,25350,253500000000,0.57920824987765
KOSDAQ,036810,2025,(주)에프에스티,,,mid_sized,2024,242315301,21956348,30650,672962066200,2.7772165580249513
KOSDAQ,036830,2025,솔브레인홀딩스(주),,,mid_sized,2024,1947608603,20964056,37300,781959288800,0.4014971424933678
KOSDAQ,036890,2025,(주)진성티이씨,,,mid_sized,2024,297533692,22032623,13510,297660736730,1.0004269927521352
KOSDAQ,036930,2025,주성엔지니어링(주),,,mid_sized,2024,590456566,47268321,27700,1309332491700,2.2174916278261865
KOSDAQ,037030,2025,(주)파워넷,,,mid_sized,2024,334503383,25199918,2685,67661779830,0.20227532296736145
KOSDAQ,037070,2025,(주)파세코,,,mid_sized,2024,,20000000,7930,158600000000,
KOSDAQ,037230,2025,(주)한국팩키지,,,mid_sized,2024,,29800327,1955,58259639285,
KOSDAQ,037330,2025,(주)인지디스플레이,,,mid_sized,2024,213421934,43885224,1415,62097591960,0.2909616214048552
KOSDAQ,037350,2025,(주)성도이엔지,,,mid_sized,2024,274045024,15470000,6010,92974700000,0.3392679737180705
KOSDAQ,037370,2025,(주)이지,,,small_and_medium,2024,23166205,8624972,5460,47092347120,2.0328036948649983
KOSDAQ,037400,2025,우리엔터프라이즈(주),,,mid_sized,2024,331123933,26223346,992,26013559232,0.07856139843567272
KOSDAQ,037440,2025,(주)희림종합건축사사무소,,,mid_sized,2024,87492992,13922475,4615,64252222125,0.7343699267365322
KOSDAQ,037460,2025,삼지전자(주),,,mid_sized,2024,744671855,16318522,14740,240535014280,0.3230080641089893
KOSDAQ,037760,2025,(주)쎄니트,,,small_and_medium,2024,97853174,33832921,1789,60527095669,0.6185501521800407
KOSDAQ,037950,2025,엘컴텍(주),,,mid_sized,2024,74596056,84447519,790,66713540010,0.8943306601893269
KOSDAQ,038010,2025,(주)제일테크노스,,,mid_sized,2024,142536370,9000000,5840,52560000000,0.3687479904251806
KOSDAQ,038060,2025,(주)루멘스,,,mid_sized,2024,105936884,48103069,613,29487181297,0.27834669270619666
KOSDAQ,038070,2025,(주)서린바이오사이언스,,,small_and_medium,2024,86051687,9100676,6510,59245400760,0.6884862206129672
KOSDAQ,038110,2025,에코플라스틱(주),,,mid_sized,2024,359728115,41169370,3060,125978272200,0.35020413180660065
KOSDAQ,038290,2025,(주)마크로젠,,,mid_sized,2024,172307749,10841400,16870,182894418000,1.0614404695171313
KOSDAQ,038390,2025,(주)레드캡투어,,,mid_sized,2024,201266769,16720822,11480,191955036560,0.953734377084376
KOSDAQ,038460,2025,(주)바이오스마트,,,mid_sized,2024,187656992,26164438,3900,102041308200,0.5437650210230376
KOSDAQ,038500,2025,(주)삼표시멘트,,,mid_sized,2024,786264967,107916306,4990,538502366940,0.6848866343297221
KOSDAQ,038530,2025,(주)케이바이오컴퍼니,,,small_and_medium,2024,102280756,115714347,241,27887157627,0.27265302601987024
KOSDAQ,038540,2025,(주)상상인,,,mid_sized,2024,467091038,55328313,1730,95717981490,0.20492360953840438
KOSDAQ,038620,2025,위즈코프(주),,,small_and_medium,2024,97617483,75729465,594,44983302210,0.4608119450283306
KOSDAQ,038680,2025,에스넷시스템(주),,,mid_sized,2024,116250048,19912642,3400,67702982800,0.5823910094213467
KOSDAQ,038870,2025,에코바이오홀딩스(주),,,small_and_medium,2024,73756293,14014949,3100,43446341900,0.5890526778508242
KOSDAQ,038880,2025,(주)아이에이,,,small_and_medium,2024,58900565,375721175,151,56733897425,0.9632148252737474
KOSDAQ,038950,2025,(주)파인디지털,,,small_and_medium,2024,95052432,10210765,3230,32980770950,0.3469745092897781
KOSDAQ,039010,2025,현대에이치티(주),,,mid_sized,2024,106825760,8625000,9180,79177500000,0.7411835871797214
KOSDAQ,039020,2025,(주)이건홀딩스,,,mid_sized,2024,358775219,22584709,4340,98017637060,0.27320068909218614
KOSDAQ,039030,2025,(주)이오테크닉스,,,mid_sized,2024,687899216,12319550,272000,3350917600000,4.871233346484872
KOSDAQ,039200,2025,(주)오스코텍,,,small_and_medium,2024,186847579,38258176,45200,1729269555200,9.254974372453603
KOSDAQ,039240,2025,경남스틸(주),,,mid_sized,2024,,26979604,2740,73924114960,
KOSDAQ,039290,2025,인포뱅크(주),,,mid_sized,2024,67481458,8693978,5940,51642229320,0.7652802836595498
KOSDAQ,039310,2025,(주)세중,,,small_and_medium,2024,,18121667,1354,24536737118,
KOSDAQ,039340,2025,(주)한국경제티브이,,,mid_sized,2024,147810166,22500000,5560,125100000000,0.8463558589062136
KOSDAQ,039420,2025,(주)케이엘넷,,,small_and_medium,2024,67238004,24154730,2875,69444848750,1.0328213899686849
KOSDAQ,039440,2025,(주)에스티아이,,,mid_sized,2024,286972864,15507047,30450,472189581150,1.6454154395239267
KOSDAQ,039560,2025,(주)다산네트웍스,,,mid_sized,2024,343678806,39613981,3170,125576319770,0.36538860580771454
KOSDAQ,039610,2025,화성밸브(주),,,small_and_medium,2024,94374777,10410400,8120,84532448000,0.8957101747641746
KOSDAQ,039740,2025,한국정보공학(주),,,mid_sized,2024,52856679,8018397,3025,24255650925,0.4588947202869102
KOSDAQ,039830,2025,오로라월드(주),,,mid_sized,2024,177843672,10762890,14420,155200873800,0.8726814513816381
KOSDAQ,039840,2025,(주)디오,,,small_and_medium,2024,191683147,14375087,16890,242795219430,1.2666487546242133
KOSDAQ,039860,2025,(주)나노엔텍,,,small_and_medium,2024,90978546,38093053,6000,228558318000,2.5122221452077285
KOSDAQ,039980,2025,(주)폴라리스에이아이,,,small_and_medium,2024,,72778776,1788,130128451488,
KOSDAQ,040160,2025,(주)누리플렉스,,,mid_sized,2024,70655470,12055535,3765,45389089275,0.6424002172089436
KOSDAQ,040300,2025,(주)와이티엔,,,mid_sized,2024,,47676980,3735,178073520300,
KOSDAQ,040350,2025,(주)크레오에스지,,,small_and_medium,2024,47214014,97602661,979,95553005119,2.023827186542538
KOSDAQ,040420,2025,(주)정상제이엘에스,,,mid_sized,2024,83431293,15677552,5990,93908536480,1.125579301282074
KOSDAQ,040610,2025,(주)에스지엔지,,,small_and_medium,2024,416653417,34087196,1805,61527388780,0.14767042887350185
KOSDAQ,040910,2025,(주)아이씨디,,,mid_sized,2024,98476980,18574275,3885,72161058375,0.7327708300457629
KOSDAQ,041020,2025,(주)폴라리스오피스,,,small_and_medium,2024,502894789,49725498,4490,223267486020,0.44396460433396934
KOSDAQ,041440,2025,(주)현대에버다임,,,large,2024,191708351,17915944,8220,147269059680,0.7681932420356586
KOSDAQ,041460,2025,한국전자인증(주),,,small_and_medium,2024,64688853,19000000,3725,70775000000,1.0940833964083425
KOSDAQ,041510,2025,(주)에스엠엔터테인먼트,,,large,2024,1358745855,22894690,135000,3090783150000,2.2747323486775235
KOSDAQ,041520,2025,(주)이엘씨,,,mid_sized,2024,173025298,12188730,7150,87149419500,0.5036802161727818
KOSDAQ,041590,2025,(주)플래스크,,,small_and_medium,2024,41373214,48972158,2370,116064014460,2.8052936486877718
KOSDAQ,041830,2025,(주)인바디,,,small_and_medium,2024,319788883,13480882,32750,441498885500,1.3805948516978308
KOSDAQ,041910,2025,(주)폴라리스에이아이파마,,,small_and_medium,2024,,13501607,6230,84115011610,
KOSDAQ,041920,2025,(주)메디아나,,,small_and_medium,2024,135432249,18598223,9170,170545704910,1.2592695326945358
KOSDAQ,041930,2025,동아화성(주),,,mid_sized,2024,187996651,15800000,6880,108704000000,0.5782230663247294
KOSDAQ,041960,2025,(주)코미팜,,,small_and_medium,2024,72057179,73758693,7020,517786024860,7.185765971493278
KOSDAQ,042000,2025,카페24(주),,,mid_sized,2024,265915893,24253054,30150,731229578100,2.7498528570460437
KOSDAQ,042040,2025,(주)케이피엠테크,,,small_and_medium,2024,62494163,195145574,214,41761152836,0.6682408537258112
KOSDAQ,042110,2025,(주)에스씨디,,,mid_sized,2024,136466659,48329564,1271,61426875844,0.4501236880430992
KOSDAQ,042370,2025,(주)비츠로테크,,,mid_sized,2024,487566655,26200025,8920,233704223000,0.47932774032711484
KOSDAQ,042420,2025,(주)네오위즈홀딩스,,,mid_sized,2024,725006922,8366283,25050,209575389150,0.2890667423862196
KOSDAQ,042500,2025,(주)링네트,,,mid_sized,2024,119028950,22291144,3790,84483435760,0.7097721668552063
KOSDAQ,042510,2025,라온시큐어(주),,,small_and_medium,2024,54097273,11205174,9110,102079135140,1.8869552840491608
KOSDAQ,042600,2025,(주)새로닉스,,,mid_sized,2024,94183091,12423574,11800,146598173200,1.5565232744378712
KOSDAQ,042940,2025,(주)상지건설,,,small_and_medium,2024,99473010,6828712,12250,83651722000,0.8409489368020532
KOSDAQ,043090,2025,(주)더테크놀로지,,,small_and_medium,2024,16027656,12418275,380,4718944500,0.29442511743451444
KOSDAQ,043100,2025,(주)알파AI,,,small_and_medium,2024,30950825,20110080,1696,34106695680,1.1019640245453877
KOSDAQ,043150,2025,(주)바텍,,,mid_sized,2024,497520542,14854256,19550,290400704800,0.5836959085801928
KOSDAQ,043200,2025,(주)파루,,,small_and_medium,2024,23909652,41804315,775,32398344125,1.3550320232598951
KOSDAQ,043220,2025,(주)티에스넥스젠,,,small_and_medium,2024,18727940,15922416,1710,27227331360,1.4538348243319874
KOSDAQ,043260,2025,성호전자(주),,,small_and_medium,2024,254010361,70922823,9240,655326884520,2.5799218659430982
KOSDAQ,043340,2025,(주)에쎈테크,,,mid_sized,2024,,95000000,403,38285000000,
KOSDAQ,043360,2025,(주)디지아이,,,small_and_medium,2024,,9000000,2295,20655000000,
KOSDAQ,043370,2025,피에이치에이(주),,,mid_sized,2024,844946173,21000000,11740,246540000000,0.2917819002891679
KOSDAQ,043590,2025,웰킵스하이텍(주),,,small_and_medium,2024,34850789,27136762,610,16553424820,0.4749799156627415
KOSDAQ,043610,2025,(주)케이티지니뮤직,,,large,2024,207050761,58115438,1874,108908330812,0.5259982155390388
KOSDAQ,043650,2025,(주)국순당,,,small_and_medium,2024,239131903,17858304,4135,73844087040,0.308800649823792
KOSDAQ,043710,2025,(주)서울리거,,,small_and_medium,2024,39274473,86562510,815,70548445650,1.7962926109791466
KOSDAQ,043910,2025,(주)자연과환경,,,small_and_medium,2024,87697194,113391457,630,71436617910,0.8145827095676517
KOSDAQ,044180,2025,케이디(주),,,small_and_medium,2024,14109324,26717799,614,16404728586,1.1626870703373173
KOSDAQ,044340,2025,(주)위닉스,,,mid_sized,2024,146073604,17873425,5620,100448648500,0.6876577680660224
KOSDAQ,044480,2025,(주)빌리언스,,,small_and_medium,2024,24518429,80663728,296,23876463488,0.9738170209845011
KOSDAQ,044490,2025,(주)태웅,,,mid_sized,2024,,20007381,25750,515190060750,
KOSDAQ,044780,2025,(주)에이치케이,,,small_and_medium,2024,63122230,18505787,1350,24982812450,0.39578469344318157
KOSDAQ,044960,2025,(주)이글벳,,,small_and_medium,2024,,12641883,4185,52906280355,
KOSDAQ,044990,2025,에이치엔에스하이텍(주),,,small_and_medium,2024,102871622,7685425,15300,117587002500,1.1430460627907666
KOSDAQ,045060,2025,(주)오공,,,mid_sized,2024,122962547,16941974,2350,39813638900,0.323786712876076
KOSDAQ,045100,2025,한양이엔지(주),,,mid_sized,2024,624227341,18000000,21350,384300000000,0.6156410890051034
KOSDAQ,045300,2025,성우테크론(주),,,small_and_medium,2024,75393416,10347365,2935,30369516275,0.40281390453245947
KOSDAQ,045340,2025,(주)토탈소프트뱅크,,,small_and_medium,2024,,8558040,7110,60847664400,
KOSDAQ,045390,2025,대아티아이(주),,,small_and_medium,2024,154047274,70473377,4105,289293212585,1.8779508723081981
KOSDAQ,045510,2025,(주)정원엔시스,,,mid_sized,2024,45097052,32209292,894,28795107048,0.6385141771129519
KOSDAQ,045520,2025,(주)크린앤사이언스,,,small_and_medium,2024,16866732,6500000,3470,22555000000,1.337247784573799
KOSDAQ,045660,2025,(주)에이텍,,,small_and_medium,2024,98998408,8260000,9990,82517400000,0.833522494624358
KOSDAQ,045970,2025,(주)코아시아,,,mid_sized,2024,121752928,26314876,5800,152626280800,1.2535738015269744
KOSDAQ,046070,2025,(주)코다코,,,mid_sized,2024,11413070,15486089,10280,159196994920,13.94865666468356
KOSDAQ,046120,2025,(주)오르비텍,,,mid_sized,2024,111069569,27703684,3830,106105109720,0.9553031552683886
KOSDAQ,046210,2025,에이치엘비파나진(주),,,small_and_medium,2024,72435426,45470654,1736,78937055344,1.0897575910439181
KOSDAQ,046310,2025,(주)백금티앤에이,,,small_and_medium,2024,102185785,16418641,3525,57875709525,0.5663773050723249
KOSDAQ,046390,2025,(주)삼화네트웍스,,,small_and_medium,2024,58944757,43172933,1190,51375790270,0.8715921972500454
KOSDAQ,046440,2025,(주)케이지모빌리언스,,,mid_sized,2024,359612845,38010802,4700,178650769400,0.4967863964925947
KOSDAQ,046890,2025,서울반도체(주),,,mid_sized,2024,626361811,58305400,6210,362076534000,0.5780629145029406
KOSDAQ,046940,2025,우원개발(주),,,mid_sized,2024,156744708,18074350,3530,63802455500,0.40704695114810513
KOSDAQ,046970,2025,(주)우리로,,,small_and_medium,2024,39177299,43824999,1245,54562123755,1.392697433148722
KOSDAQ,047080,2025,(주)한빛소프트,,,small_and_medium,2024,20014847,24822362,1188,29488966056,1.473354558043836
KOSDAQ,047310,2025,(주)파워로직스,,,mid_sized,2024,197784962,36610755,4240,155229601200,0.7848402610103391
KOSDAQ,047560,2025,(주)이스트소프트,,,small_and_medium,2024,66310280,11732432,16730,196283587360,2.9600777942726224
KOSDAQ,047770,2025,(주)코데즈컴바인,,,small_and_medium,2024,72294429,37842602,2835,107283776670,1.4839840103032005
KOSDAQ,047820,2025,(주)초록뱀미디어,,,small_and_medium,2024,288881562,24453930,4510,110287224300,0.38177315137890316
KOSDAQ,047920,2025,에이치엘비제약(주),,,small_and_medium,2024,125148802,32799356,16040,526101670240,4.2038090803298305
KOSDAQ,048410,2025,현대바이오사이언스(주),,,small_and_medium,2024,110726343,96040960,4965,476843366400,4.306503344014532
KOSDAQ,048430,2025,(주)유라테크,,,mid_sized,2024,153659294,11520000,7910,91123200000,0.5930210768767427
KOSDAQ,048470,2025,(주)대동스틸,,,mid_sized,2024,,10000000,2795,27950000000,
KOSDAQ,048530,2025,(주)인트론바이오테크놀로지,,,small_and_medium,2024,69873495,33191547,3250,107872527750,1.5438261353607687
KOSDAQ,048550,2025,(주)에스엠컬처앤콘텐츠,,,large,2024,81756510,96714620,1330,128630444600,1.5733358065308805
KOSDAQ,048770,2025,(주)티피씨메카트로닉스,,,small_and_medium,2024,37400187,15697991,3040,47721892640,1.2759800543243274
KOSDAQ,048830,2025,(주)엔피케이,,,small_and_medium,2024,46230807,18723923,947,17731555081,0.38354413932250847
KOSDAQ,048870,2025,(주)시너지이노베이션,,,small_and_medium,2024,272393622,88106963,2345,206610828235,0.7585009763371038
KOSDAQ,048910,2025,대원미디어(주),,,mid_sized,2024,134729533,12578946,7900,99373673400,0.737578993909227
KOSDAQ,049070,2025,인탑스(주),,,mid_sized,2024,756361636,17200000,20050,344860000000,0.4559459173838902
KOSDAQ,049080,2025,(주)기가레인,,,small_and_medium,2024,43711752,84883347,511,43375390317,0.9923050056881728
KOSDAQ,049120,2025,(주)파인디앤씨,,,small_and_medium,2024,52026944,53008319,661,35038498859,0.6734683255468551
KOSDAQ,049180,2025,(주)셀루메드,,,small_and_medium,2024,8393168,54957063,1154,63420450702,7.556199363815904
KOSDAQ,049430,2025,(주)코메론,,,small_and_medium,2024,252171807,9048000,13940,126129120000,0.5001713772071277
KOSDAQ,049470,2025,(주)비트플래닛,,,small_and_medium,2024,,117724498,877,103244384746,
KOSDAQ,049480,2025,(주)오픈베이스,,,mid_sized,2024,98852194,31422383,2330,73214152390,0.7406426648456583
KOSDAQ,049520,2025,유아이엘(주),,,small_and_medium,2024,202967422,32247404,3310,106738907240,0.5258918213978202
KOSDAQ,049550,2025,(주)잉크테크,,,small_and_medium,2024,78249121,19606277,3215,63034180555,0.8055576823029105
KOSDAQ,049630,2025,재영솔루텍(주),,,mid_sized,2024,102218448,116897560,4510,527207995600,5.157659951949182
KOSDAQ,049720,2025,고려신용정보(주),,,mid_sized,2024,62960637,14300000,10560,151008000000,2.39845095595205
KOSDAQ,049830,2025,(주)승일,,,mid_sized,2024,,6132112,8600,52736163200,
KOSDAQ,049950,2025,(주)미래컴퍼니,,,mid_sized,2024,101400835,8817884,17310,152637572040,1.5052891037830212
KOSDAQ,049960,2025,(주)쎌바이오텍,,,small_and_medium,2024,131636542,9400000,13110,123234000000,0.936168621020142
KOSDAQ,050090,2025,(주)비케이홀딩스,,,small_and_medium,2024,,19784735,876,17331427860,
KOSDAQ,050110,2025,(주)캠시스,,,mid_sized,2024,54913654,73824118,465,34328214870,0.6251307711193286
KOSDAQ,050120,2025,(주)ES큐브,,,mid_sized,2024,91327960,13564086,2940,39878412840,0.4366506471840606
KOSDAQ,050760,2025,(주)에스폴리텍,,,small_and_medium,2024,56404757,16334678,1400,22868549200,0.4054365343689008
KOSDAQ,050890,2025,(주)쏠리드,,,mid_sized,2024,353338614,60756534,7370,447775655580,1.267270651545602
KOSDAQ,050960,2025,(주)수산아이앤티,,,small_and_medium,2024,,6751000,9720,65619720000,
KOSDAQ,051160,2025,(주)지어소프트,,,mid_sized,2024,225529010,15474430,7890,122093252700,0.5413638480477523
KOSDAQ,051360,2025,(주)토비스,,,mid_sized,2024,305258509,15827058,15650,247693457700,0.811421960067295
KOSDAQ,051370,2025,(주)인터플렉스,,,large,2024,317907588,23327472,10580,246804653760,0.7763408709829223
KOSDAQ,051380,2025,(주)피씨디렉트,,,mid_sized,2024,,15340072,2025,31063645800,
KOSDAQ,051390,2025,와이더블유(주),,,small_and_medium,2024,84366795,11355368,3920,44513042560,0.5276132933578904
KOSDAQ,051490,2025,나라엠앤디(주),,,mid_sized,2024,107962708,14200000,3890,55238000000,0.5116396302323206
KOSDAQ,051500,2025,씨제이프레시웨이(주),,,large,2024,455180191,11871586,26750,317564925500,0.6976685975774372
KOSDAQ,051780,2025,(주)큐로홀딩스,,,small_and_medium,2024,20771797,25811245,1197,30896060265,1.48740430425928
KOSDAQ,051980,2025,(주)중앙첨단소재,,,small_and_medium,2024,103808249,111091709,2470,274396521230,2.643301701678833
KOSDAQ,052020,2025,(주)에스티큐브,,,small_and_medium,2024,72121559,67983291,8200,557462986200,7.729491623995538
KOSDAQ,052220,2025,(주)아이엠비씨,,,mid_sized,2024,57375645,23000000,3055,70265000000,1.2246485420773918
KOSDAQ,052260,2025,(주)현대바이오랜드,,,large,2024,136146741,30000000,4295,128850000000,0.946405320124409
KOSDAQ,052300,2025,(주)오션인더블유,,,small_and_medium,2024,288943531,16865143,2195,37018988885,0.1281184207754421
KOSDAQ,052330,2025,(주)코텍,,,mid_sized,2024,388306219,17761589,9020,160209532780,0.4125855444514526
KOSDAQ,052400,2025,코나아이(주),,,mid_sized,2024,257888597,14563291,45400,661173411400,2.563794673713317
KOSDAQ,052420,2025,오성첨단소재(주),,,mid_sized,2024,282011154,94425682,1464,138239198448,0.490190534974372
KOSDAQ,052460,2025,아이크래프트(주),,,mid_sized,2024,46778197,14607936,2645,38637990720,0.8259828979727457
KOSDAQ,052600,2025,(주)한네트,,,small_and_medium,2024,,11563700,3890,44982793000,
KOSDAQ,052710,2025,(주)아모텍,,,mid_sized,2024,156184713,14615109,9820,143520370380,0.9189143266537232
KOSDAQ,052770,2025,(주)아이톡시,,,small_and_medium,2024,,14568774,773,11261662302,
KOSDAQ,052790,2025,(주)액토즈소프트,,,mid_sized,2024,256932617,11330638,6130,69456810940,0.27033084296961796
KOSDAQ,052860,2025,(주)아이앤씨테크놀로지,,,small_and_medium,2024,35681190,17862854,2545,45460963430,1.2740876475812606
KOSDAQ,052900,2025,(주)케이엑스하이텍,,,small_and_medium,2024,139310693,65374456,906,59229257136,0.4251594465616505
KOSDAQ,053030,2025,(주)바이넥스,,,mid_sized,2024,187455536,32684188,14980,489609136240,2.6118681084990736
KOSDAQ,053050,2025,(주)지에스이,,,mid_sized,2024,,29987597,2335,70021038995,
KOSDAQ,053060,2025,(주)세동,,,mid_sized,2024,40298918,17657419,1281,22619153739,0.5612843932683255
KOSDAQ,053080,2025,케이엔솔(주),,,mid_sized,2024,123894641,12999807,11890,154567705230,1.247573777061108
KOSDAQ,053160,2025,(주)프리엠스,,,small_and_medium,2024,71220493,6000000,6790,40740000000,0.5720263688711057
KOSDAQ,053260,2025,금강철강(주),,,mid_sized,2024,126865531,18720000,3970,74318400000,0.5858045082395155
KOSDAQ,053270,2025,(주)구영테크,,,small_and_medium,2024,153971154,27410405,2060,56465434300,0.36672735660603023
KOSDAQ,053280,2025,예스이십사(주),,,mid_sized,2024,171686643,25000000,3700,92500000000,0.53877225615041
KOSDAQ,053290,2025,(주)엔이능률,,,mid_sized,2024,,16526307,1800,29747352600,
KOSDAQ,053300,2025,한국정보인증(주),,,mid_sized,2024,249943689,42441361,5930,251677270730,1.006935889187424
KOSDAQ,053350,2025,이니텍(주),,,mid_sized,2024,138010252,23021065,4090,94156155850,0.6822403008872123
KOSDAQ,053450,2025,(주)세코닉스,,,mid_sized,2024,141745387,14792803,5350,79141496050,0.5583356024841923
KOSDAQ,053580,2025,웹케시(주),,,mid_sized,2024,,13636248,9750,132953418000,
KOSDAQ,053610,2025,(주)프로텍,,,mid_sized,2024,354099702,11000000,34150,375650000000,1.0608594073315543
KOSDAQ,053620,2025,(주)태양,,,mid_sized,2024,194225614,8600000,6510,55986000000,0.2882524032077458
KOSDAQ,053700,2025,삼보모터스(주),,,mid_sized,2024,419356617,23138570,6420,148549619400,0.3542322056647076
KOSDAQ,053800,2025,(주)안랩,,,mid_sized,2024,376267705,11126506,60100,668703010600,1.777200120323906
KOSDAQ,053950,2025,경남제약(주),,,small_and_medium,2024,,78147358,678,52983908724,
KOSDAQ,053980,2025,오상자이엘(주),,,small_and_medium,2024,109086671,18982783,3430,65110945690,0.5968735235306613
KOSDAQ,054040,2025,한국컴퓨터(주),,,small_and_medium,2024,164487982,16071290,5040,80999301600,0.4924329462562195
KOSDAQ,054050,2025,농업회사법인(주)엔에이치농우바이오,,,large,2024,278413025,16030561,7970,127763571170,0.45889940375454774
KOSDAQ,054090,2025,(주)삼진엘앤디,,,small_and_medium,2024,37855421,24959232,804,20067222528,0.5301016868363451
KOSDAQ,054180,2025,(주)메디콕스,,,small_and_medium,2024,47108748,5527981,2295,12686716395,0.26930701692602826
KOSDAQ,054210,2025,(주)이랜텍,,,mid_sized,2024,309313145,29109461,9080,264313905880,0.8545188271258242
KOSDAQ,054220,2025,(주)비츠로시스,,,small_and_medium,2024,19142149,59953081,391,23441654671,1.2246093513847374
KOSDAQ,054300,2025,(주)팬스타엔터프라이즈,,,small_and_medium,2024,,115741890,660,76389647400,
KOSDAQ,054410,2025,(주)케이피티유,,,mid_sized,2024,,5726444,3705,21216475020,
KOSDAQ,054450,2025,(주)텔레칩스,,,mid_sized,2024,142975617,15144233,15980,242004843340,1.6926301730175433
KOSDAQ,054540,2025,삼영엠텍(주),,,small_and_medium,2024,248730878,13000000,13750,178750000000,0.718648209009257
KOSDAQ,054620,2025,(주)에이피에스,,,small_and_medium,2024,218524484,18394221,4060,74680537260,0.34174906121732335
KOSDAQ,054670,2025,대한뉴팜(주),,,mid_sized,2024,,14354920,6570,94311824400,
KOSDAQ,054780,2025,(주)키이스트,,,large,2024,,19657793,3215,63199804495,
KOSDAQ,054800,2025,(주)아이디스홀딩스,,,mid_sized,2024,890398355,10347756,11900,123138296400,0.13829573663127442
KOSDAQ,054920,2025,(주)한컴위드,,,small_and_medium,2024,149154034,28217081,4410,124437327210,0.8342873730790278
KOSDAQ,054930,2025,(주)유신,,,mid_sized,2024,,3000000,22650,67950000000,
KOSDAQ,054940,2025,(주)엑사이엔씨,,,mid_sized,2024,83861867,33173548,674,22358971352,0.2666166656175208
KOSDAQ,054950,2025,(주)제이브이엠,,,mid_sized,2024,233947355,12089892,25850,312523708200,1.3358719452075019
KOSDAQ,056080,2025,(주)유진로봇,,,mid_sized,2024,,37512152,14400,540174988800,
KOSDAQ,056090,2025,(주)시지메드텍,,,small_and_medium,2024,94147650,103259036,1168,120606554048,1.281036266417696
KOSDAQ,056190,2025,(주)에스에프에이,,,mid_sized,2024,1510269737,35908760,23400,840264984000,0.556367490796116
KOSDAQ,056360,2025,코위버(주),,,small_and_medium,2024,158499321,9796800,5180,50747424000,0.32017439368084105
KOSDAQ,056700,2025,신화인터텍(주),,,large,2024,97651107,29135091,1722,50170626702,0.5137742750013065
KOSDAQ,056730,2025,씨앤티85(주),,,small_and_medium,2024,,74111186,601,44540822786,
KOSDAQ,057030,2025,(주)와이비엠넷,,,mid_sized,2024,52422064,16312697,3055,49835289335,0.9506548489773313
KOSDAQ,057540,2025,옴니시스템(주),,,mid_sized,2024,110144242,59449355,785,46667743675,0.42369662569378796
KOSDAQ,057680,2025,(주)티사이언티픽,,,small_and_medium,2024,168892273,71248501,765,54505103265,0.32272111859729663
KOSDAQ,058110,2025,(주)멕아이씨에스,,,small_and_medium,2024,36634611,16050530,1886,30271299580,0.8263032895313124
KOSDAQ,058400,2025,(주)케이엔엔,,,mid_sized,2024,228499251,132429720,706,93495382320,0.40917150454904555
KOSDAQ,058450,2025,한주에이알티(주),,,small_and_medium,2024,9998802,14793621,796,11775722316,1.1777133216559343
KOSDAQ,058470,2025,리노공업(주),,,mid_sized,2024,,76211850,60300,4595574555000,
KOSDAQ,058610,2025,(주)에스피지,,,mid_sized,2024,257984199,22177360,81300,1803019368000,6.988875190763137
KOSDAQ,058630,2025,(주)엠게임,,,small_and_medium,2024,136893851,19202574,6360,122128370640,0.8921391994443929
KOSDAQ,058820,2025,(주)CMG제약,,,small_and_medium,2024,201554734,147842183,1858,274690776014,1.3628594603687156
KOSDAQ,058970,2025,(주)엠로,,,small_and_medium,2024,95660786,12359538,37350,461628744300,4.825684207737955
KOSDAQ,059090,2025,(주)미코,,,mid_sized,2024,689099901,33416778,13380,447116489640,0.6488413203820791
KOSDAQ,059100,2025,(주)아이컴포넌트,,,small_and_medium,2024,,7070860,4935,34894694100,
KOSDAQ,059120,2025,(주)아진엑스텍,,,small_and_medium,2024,,9155033,9200,84226303600,
KOSDAQ,059210,2025,(주)메타바이오메드,,,small_and_medium,2024,124873491,28094301,4970,139628675970,1.1181610672676718
KOSDAQ,059270,2025,해성에어로보틱스(주),,,small_and_medium,2024,,11165299,9520,106293646480,
KOSDAQ,060150,2025,인선이엔티(주),,,mid_sized,2024,308948218,46563612,4490,209070617880,0.6767173451701217
KOSDAQ,060230,2025,제이케이시냅스(주),,,small_and_medium,2024,64086446,8082220,2880,23276793600,0.36320930637969845
KOSDAQ,060240,2025,(주)스타코링크,,,small_and_medium,2024,10030,5821060,1976,11502414560,1146.8010528414757
KOSDAQ,060250,2025,엔에이치엔케이씨피(주),,,mid_sized,2018,300669127,40160611,14910,598794710010,1.9915403885481067
KOSDAQ,060260,2025,(주)뉴보텍,,,small_and_medium,2024,,13512009,1191,16092802719,
KOSDAQ,060280,2025,큐렉소(주),,,mid_sized,2024,96248964,41089990,12960,532526270400,5.532800024735851
KOSDAQ,060370,2025,엘에스마린솔루션(주),,,large,2024,628072916,52238854,29950,1564553677300,2.4910382814532954
KOSDAQ,060380,2025,(주)동양에스텍,,,mid_sized,2024,120540581,19700000,1518,29904600000,0.2480874055186444
KOSDAQ,060480,2025,국일신동(주),,,small_and_medium,2024,,11090000,1606,17810540000,
KOSDAQ,060540,2025,(주)에스에이티,,,mid_sized,2024,103025581,26133306,1361,35567429466,0.34522910835125503
KOSDAQ,060560,2025,(주)에이치씨홈센타,,,mid_sized,2024,207195554,126940008,744,94443365952,0.4558175314514712
KOSDAQ,060570,2025,(주)드림어스컴퍼니,,,large,2024,143882546,74101573,1431,106039350963,0.7369855059626204
KOSDAQ,060590,2025,(주)씨티씨바이오,,,mid_sized,2024,72723708,24181020,4625,111837217500,1.5378371177113246
KOSDAQ,060720,2025,(주)케이에이치바텍,,,small_and_medium,2024,275668672,23677442,11180,264713801560,0.9602607348868427
KOSDAQ,060850,2025,(주)영림원소프트랩,,,small_and_medium,2024,53887987,8131000,6140,49924340000,0.9264465566323715
KOSDAQ,060900,2025,(주)에이전트에이아이,,,small_and_medium,2024,37476457,79821468,1201,95865583068,2.5580215084899836
KOSDAQ,061040,2025,(주)알에프텍,,,mid_sized,2024,186036634,32089259,1996,64050160964,0.34428789420045086
KOSDAQ,061090,2025,(주)세나테크놀로지,,,other,,176224616,5585624,45100,251911642400,1.4294917935868845
KOSDAQ,061250,2025,화일약품(주),,,mid_sized,2024,,86515847,1143,98887613121,
KOSDAQ,061970,2025,엘비세미콘(주),,,mid_sized,2024,270040821,58083006,4345,252370661070,0.9345648562888942
KOSDAQ,062970,2025,(주)한국첨단소재,,,small_and_medium,2024,,23059076,2555,58915939180,
KOSDAQ,063080,2025,(주)컴투스홀딩스,,,mid_sized,2024,252511498,6595192,15930,105061408560,0.4160658401384954
KOSDAQ,063170,2025,(주)서울옥션,,,small_and_medium,2024,98253274,17774267,6920,122997927640,1.251845588779057
KOSDAQ,063440,2025,(주)에스엠라이프디자인그룹,,,large,2024,67255543,46029154,1885,86764955290,1.29007887558056
KOSDAQ,063570,2025,NICE인프라(주),,,mid_sized,2024,183572648,34147728,4150,141713071200,0.771972691705139
KOSDAQ,063760,2025,(주)이엘피,,,small_and_medium,2024,64481224,9325130,2415,22520188950,0.349251883773174
KOSDAQ,064090,2025,(주)인크레더블버즈,,,small_and_medium,2024,66794694,49742745,1309,65113253205,0.9748267310723813
KOSDAQ,064240,2025,(주)홈캐스트,,,small_and_medium,2024,84453239,35038012,1851,64855360212,0.7679440241717668
KOSDAQ,064260,2025,(주)다날,,,mid_sized,2024,307585989,75071479,7200,540514648800,1.7572798115976602
KOSDAQ,064290,2025,(주)인텍플러스,,,small_and_medium,2024,45953303,12863962,12980,166974226760,3.633563114277117
KOSDAQ,064480,2025,(주)브리지텍,,,small_and_medium,2024,,11952500,4675,55877937500,
KOSDAQ,064520,2025,(주)테크엘,,,mid_sized,2024,94575407,22351062,1724,38533230888,0.40743394197605726
KOSDAQ,064550,2025,(주)바이오니아,,,mid_sized,2024,226986538,25810291,12750,329081210250,1.449782939330085
KOSDAQ,064760,2025,(주)티씨케이,,,mid_sized,2024,,11179416,142200,1589712955200,
KOSDAQ,064800,2025,(주)포니링크,,,small_and_medium,2024,216097181,127807298,835,106719093830,0.49384769082202884
KOSDAQ,064820,2025,(주)케이프,,,small_and_medium,2024,309485030,30901728,9950,307472193600,0.9934961752431127
KOSDAQ,064850,2025,(주)에프앤가이드,,,small_and_medium,2024,68936101,11410332,8660,98813475120,1.4334067881210746
KOSDAQ,065060,2025,(주)지엔코,,,small_and_medium,2024,128263715,23800804,780,18564627120,0.1447379496219956
KOSDAQ,065130,2025,(주)탑엔지니어링,,,mid_sized,2024,288247577,16004000,3265,52253060000,0.18127840151801172
KOSDAQ,065150,2025,(주)대산에프앤비,,,small_and_medium,2024,24345268,159382405,145,23110448725,0.9492788793699046
KOSDAQ,065170,2025,(주)비엘팜텍,,,small_and_medium,2024,7927379,26683025,548,14622297700,1.8445311748056956
KOSDAQ,065350,2025,신성델타테크(주),,,mid_sized,2024,356862273,27483948,56700,1558339851600,4.3667822840998385
KOSDAQ,065370,2025,(주)위세아이텍,,,small_and_medium,2024,30864651,7383954,5540,40907105160,1.3253707343070233
KOSDAQ,065420,2025,(주)에스아이리소스,,,small_and_medium,2024,,77482810,252,19525668120,
KOSDAQ,065440,2025,(주)이루온,,,small_and_medium,2024,50822140,27275020,1443,39357853860,0.774423388310685
KOSDAQ,065450,2025,(주)빅텍,,,small_and_medium,2024,60617601,28652800,3520,100857856000,1.663837801829208
KOSDAQ,065500,2025,(주)오리엔트정공,,,mid_sized,2024,39625585,31742912,2400,76182988800,1.9225707027416756
KOSDAQ,065510,2025,(주)휴비츠,,,mid_sized,2024,111870124,11485863,9160,105210505080,0.9404700854716135
KOSDAQ,065530,2025,(주)와이어블,,,small_and_medium,2024,78046878,47838759,1355,64821518445,0.8305459501531887
KOSDAQ,065570,2025,삼영이엔씨(주),,,small_and_medium,2024,,16093838,764,12295692232,
KOSDAQ,065650,2025,(주)하이퍼코퍼레이션,,,small_and_medium,2024,15312036,13335216,2005,26737108080,1.7461497661055656
KOSDAQ,065660,2025,(주)안트로젠,,,small_and_medium,2024,,10006100,46850,468785785000,
KOSDAQ,065680,2025,(주)우주일렉트로닉스,,,mid_sized,2024,262951977,9240471,36150,334043026650,1.2703575400385752
KOSDAQ,065690,2025,(주)파커스,,,small_and_medium,2024,50583938,14049331,1206,16943493186,0.3349579699785335
KOSDAQ,065710,2025,서호전기(주),,,small_and_medium,2024,82995864,5150000,50900,262135000000,3.158410399824261
KOSDAQ,065770,2025,(주)씨에스,,,small_and_medium,2024,17445704,19411130,776,15063036880,0.8634238480717087
KOSDAQ,065950,2025,(주)웰크론,,,mid_sized,2024,60396738,28231302,1675,47287430850,0.7829467685821045
KOSDAQ,066130,2025,(주)하츠,,,mid_sized,2024,,12800000,4490,57472000000,
KOSDAQ,066310,2025,(주)큐에스아이,,,small_and_medium,2024,87411695,9271621,7420,68795427820,0.7870277291842928
KOSDAQ,066360,2025,(주)체리부로,,,mid_sized,2024,138803840,47952015,752,36059915280,0.2597904732318645
KOSDAQ,066410,2025,(주)버킷스튜디오,,,small_and_medium,2024,164006727,138453818,1153,159637252154,0.9733579535063827
KOSDAQ,066430,2025,(주)아이로보틱스,,,small_and_medium,2024,,39153476,1730,67735513480,
KOSDAQ,066590,2025,우수AMS(주),,,mid_sized,2024,78689020,38677937,2400,92827048800,1.1796696514964857
KOSDAQ,066620,2025,(주)국보디자인,,,mid_sized,2024,323948087,7500000,23400,175500000000,0.5417534692834904
KOSDAQ,066670,2025,(주)디티씨,,,small_and_medium,2024,248771521,18691918,3400,63552521200,0.255465420416833
KOSDAQ,066700,2025,(주)테라젠이텍스,,,mid_sized,2024,159170179,37152376,3160,117401508160,0.7375848220915804
KOSDAQ,066790,2025,(주)씨씨에스충북방송,,,small_and_medium,2024,25410926,65152039,1493,97271994227,3.8279594465388627
KOSDAQ,066900,2025,(주)디에이피,,,mid_sized,2024,-20771452,22744503,1887,42918877161,-2.066243474986727
KOSDAQ,066910,2025,(주)손오공,,,small_and_medium,2024,49367054,66933164,598,40026032072,0.8107842949672468
KOSDAQ,066980,2025,한성크린텍(주),,,mid_sized,2024,63217056,51935125,1223,63516657875,1.0047392569973521
KOSDAQ,067000,2025,(주)조이시티,,,mid_sized,2024,86292573,69903446,2055,143651581530,1.6647038851188272
KOSDAQ,067080,2025,대화제약(주),,,mid_sized,2024,79141702,18616650,17430,324488209500,4.100091371550235
KOSDAQ,067160,2025,(주)숲,,,mid_sized,2024,503173581,11494767,67800,779345202600,1.548859542766813
KOSDAQ,067170,2025,(주)오텍,,,mid_sized,2024,135669154,23891605,1870,44677301350,0.32931067993539637
KOSDAQ,067280,2025,(주)멀티캠퍼스,,,large,2024,235342100,5926779,31000,183730149000,0.7806939302402758
KOSDAQ,067290,2025,제이더블유신약(주),,,mid_sized,2024,40727803,53376126,2130,113691148380,2.7914873871296226
KOSDAQ,067310,2025,하나마이크론(주),,,mid_sized,2024,652675603,66378151,25750,1709237388250,2.6188161169094597
KOSDAQ,067370,2025,선바이오(주),,,small_and_medium,2024,,12193555,5680,69259392400,
KOSDAQ,067390,2025,(주)아스트,,,mid_sized,2024,306858623,403157579,587,236653498873,0.7712134551063276
KOSDAQ,067570,2025,엔브이에이치코리아(주),,,small_and_medium,2024,335214226,42170000,2225,93828250000,0.27990533432790526
KOSDAQ,067630,2025,에이치엘비생명과학(주),,,small_and_medium,2024,297742202,121917058,3875,472428599750,1.5867035192747045
KOSDAQ,067730,2025,(주)로지시스,,,small_and_medium,2024,,9673922,2665,25781002130,
KOSDAQ,067770,2025,(주)세진티에스,,,mid_sized,2024,47544134,8396593,2280,19144232040,0.40266233558907605
KOSDAQ,067900,2025,(주)와이엔텍,,,mid_sized,2024,346704719,18199659,6630,120663739170,0.3480302763632127
KOSDAQ,067920,2025,(주)이글루코퍼레이션,,,small_and_medium,2024,141551025,10996119,5240,57619663560,0.4070593170201346
KOSDAQ,067990,2025,도이치모터스(주),,,mid_sized,2024,376319022,29181550,4395,128252912250,0.34080900712481127
KOSDAQ,068050,2025,(주)팬엔터테인먼트,,,small_and_medium,2024,62206569,27694076,1879,52037168804,0.8365220850550366
KOSDAQ,068100,2025,케이웨더(주),,,small_and_medium,2024,11518851,9939614,3050,30315822700,2.6318443306541597
KOSDAQ,068240,2025,(주)다원시스,,,mid_sized,2024,-515641967,38163437,2420,92355517540,-0.17910783731844696
KOSDAQ,068330,2025,(주)일신바이오베이스,,,small_and_medium,2024,,44216140,1611,71232201540,
KOSDAQ,068760,2025,(주)셀트리온제약,,,large,2024,,43681920,58000,2533551360000,
KOSDAQ,068790,2025,(주)디엠에스,,,mid_sized,2024,433029492,22570224,6330,142869517920,0.3299302254452452
KOSDAQ,068930,2025,(주)디지털대성,,,mid_sized,2024,170528417,27675342,7870,217804941540,1.2772354624038995
KOSDAQ,068940,2025,(주)셀피글로벌,,,small_and_medium,2024,10246369,45912716,778,35720093048,3.4861220641185184
KOSDAQ,069080,2025,(주)웹젠,,,mid_sized,2024,683894141,34600884,12900,446351403600,0.6526615404941742
KOSDAQ,069140,2025,(주)누리플랜,,,mid_sized,2024,46258861,14402564,2905,41839448420,0.9044634371780144
KOSDAQ,069330,2025,(주)유아이디,,,small_and_medium,2024,20773671,14191091,1133,16078506103,0.773984824492503
KOSDAQ,069410,2025,(주)엔텔스,,,small_and_medium,2024,55932017,10244824,5080,52043705920,0.9304814793287358
KOSDAQ,069510,2025,에스텍(주),,,mid_sized,2024,234992756,10910000,14570,158958700000,0.6764408516490611
KOSDAQ,069540,2025,(주)빛과전자,,,small_and_medium,2024,58876682,60990153,592,36106170576,0.6132507700756642
KOSDAQ,069920,2025,(주)엑시온그룹,,,small_and_medium,2024,,46482609,708,32909687172,
KOSDAQ,070300,2025,엑스큐어(주),,,small_and_medium,2024,32085393,23307078,1309,30508965102,0.9508677391609323
KOSDAQ,070590,2025,한솔인티큐브(주),,,mid_sized,2024,13507602,13879521,2155,29910367755,2.214335879529172
KOSDAQ,071200,2025,(주)인피니트헬스케어,,,small_and_medium,2024,194691662,24396458,5860,142963243880,0.7343059400253104
KOSDAQ,071280,2025,로체시스템즈(주),,,mid_sized,2024,137770231,15296603,8830,135069004490,0.9803932497579975
KOSDAQ,071670,2025,에이테크솔루션(주),,,mid_sized,2024,88888724,10000000,10310,103100000000,1.1598771515721162
KOSDAQ,071850,2025,(주)캐스텍코리아,,,small_and_medium,2024,55383790,24260938,1543,37434627334,0.6759130665127829
KOSDAQ,072020,2025,(주)중앙백신연구소,,,small_and_medium,2024,,9458687,9800,92695132600,
KOSDAQ,072470,2025,우리산업홀딩스(주),,,mid_sized,2024,211572587,18887341,3205,60533927905,0.28611423040830897
KOSDAQ,072770,2025,(주)멤레이비티,,,small_and_medium,2024,47815573,80177223,810,64943550630,1.35820918908574
KOSDAQ,072870,2025,메가스터디(주),,,mid_sized,2024,373177555,11920959,10970,130772920230,0.35043082971589756
KOSDAQ,072950,2025,빛샘전자(주),,,small_and_medium,2024,84233401,8052610,5280,42517780800,0.5047615351539706
KOSDAQ,072990,2025,(주)에이치시티,,,small_and_medium,2024,96795004,14406206,5640,81251001840,0.8394131771511678
KOSDAQ,073010,2025,(주)케이에스피,,,mid_sized,2024,83100267,40191250,4200,168803250000,2.0313201881770127
KOSDAQ,073110,2025,(주)엘엠에스,,,small_and_medium,2024,72842138,8895755,4990,44389817450,0.6093975090352235
KOSDAQ,073190,2025,(주)듀오백,,,small_and_medium,2024,,11968040,1577,18873599080,
KOSDAQ,073490,2025,(주)이노와이어리스,,,small_and_medium,2024,167218491,7603846,22400,170326150400,1.018584424374455
KOSDAQ,073540,2025,(주)에프알텍,,,small_and_medium,2024,61002816,11400000,2030,23142000000,0.3793595364515632
KOSDAQ,073560,2025,우리손에프앤지농업회사법인(주),,,mid_sized,2024,346558252,69237643,1510,104548840930,0.30167753999982666
KOSDAQ,073570,2025,(주)리튬포어스,,,small_and_medium,2024,,60186641,903,54348536823,
KOSDAQ,073640,2025,테라사이언스(주),,,small_and_medium,2024,28620402,106378770,654,69571715580,2.430843409537015
KOSDAQ,074430,2025,(주)아미노로직스,,,small_and_medium,2024,55993502,87826844,1194,104865251736,1.8728110939730114
KOSDAQ,074600,2025,(주)원익큐엔씨,,,mid_sized,2024,570584353,26288000,21450,563877600000,0.988245816828419
KOSDAQ,075130,2025,(주)플랜티넷,,,small_and_medium,2024,81430860,16622320,2490,41389576800,0.5082787631126577
KOSDAQ,075970,2025,(주)동국알앤에스,,,mid_sized,2024,82054125,18400000,2260,41584000000,0.5067874406070384
KOSDAQ,076080,2025,(주)웰크론한텍,,,mid_sized,2024,13670777,22594156,1180,26661104080,1.950225951312058
KOSDAQ,076610,2025,해성옵틱스(주),,,small_and_medium,2024,28250834,48367748,641,31003726468,1.097444644218291
KOSDAQ,077360,2025,덕산하이메탈(주),,,small_and_medium,2024,338764237,45437002,6090,276711342180,0.8168257211282902
KOSDAQ,078070,2025,(주)유비쿼스홀딩스,,,small_and_medium,2024,383904520,17604772,10800,190131537600,0.49525735617804134
KOSDAQ,078130,2025,국일제지(주),,,large,2024,119874677,1127405871,348,392337243108,3.272895101173036
KOSDAQ,078140,2025,대봉엘에스(주),,,small_and_medium,2024,174913982,11086579,11650,129158645350,0.7384123548796688
KOSDAQ,078150,2025,(주)에이치비테크놀러지,,,mid_sized,2024,285087266,92715916,1857,172173456012,0.6039324675132982
KOSDAQ,078160,2025,메디포스트(주),,,small_and_medium,2024,249906754,39204603,18190,713131728570,2.8535912581618343
KOSDAQ,078340,2025,(주)컴투스,,,mid_sized,2024,1069099712,12737755,29050,370031782750,0.34611531421869846
KOSDAQ,078350,2025,한양디지텍(주),,,mid_sized,2024,170006375,15244382,21550,328516432100,1.9323771364456186
KOSDAQ,078590,2025,(주)휴림에이텍,,,small_and_medium,2024,,69955655,793,55474834415,
KOSDAQ,078600,2025,대주전자재료(주),,,small_and_medium,2024,258070396,15480593,63500,983017655500,3.8091066264725693
KOSDAQ,078860,2025,(주)스테이지원엔터,,,small_and_medium,2024,68626748,59362257,1057,62745905649,0.9143068479508893
KOSDAQ,078890,2025,가온그룹(주),,,mid_sized,2024,122555337,18046872,5830,105213263760,0.8584959768826714
KOSDAQ,079000,2025,와토스코리아(주),,,small_and_medium,2024,,7200000,6400,46080000000,
KOSDAQ,079170,2025,한창산업(주),,,small_and_medium,2024,,5200000,6500,33800000000,
KOSDAQ,079190,2025,(주)케스피온,,,small_and_medium,2024,13405618,38355514,457,17528469898,1.3075465747271031
KOSDAQ,079370,2025,(주)제우스,,,mid_sized,2024,362286795,31016990,14760,457810772400,1.2636694980836936
KOSDAQ,079650,2025,(주)서산,,,small_and_medium,2024,101891974,20000000,1425,28500000000,0.2797079974130249
KOSDAQ,079810,2025,(주)디이엔티,,,small_and_medium,2024,166276000,21528094,5060,108932155640,0.6551285551733262
KOSDAQ,079940,2025,(주)가비아,,,mid_sized,2024,373609084,13420684,32250,432817059000,1.1584757371691743
KOSDAQ,079950,2025,인베니아(주),,,small_and_medium,2024,15670652,5800000,1193,6919400000,0.4415515065997254
KOSDAQ,079960,2025,동양이엔피(주),,,mid_sized,2024,445078763,7860000,25550,200823000000,0.4512077787005083
KOSDAQ,079970,2025,(주)투비소프트,,,small_and_medium,2024,22278558,12829234,596,7646223464,0.34320998082550946
KOSDAQ,080010,2025,(주)이상네트웍스,,,small_and_medium,2024,171843673,9835071,7010,68943847710,0.4012009665901403
KOSDAQ,080160,2025,(주)모두투어네트워크,,,mid_sized,2024,92494525,18900000,10200,192780000000,2.084231472079023
KOSDAQ,080220,2025,(주)제주반도체,,,mid_sized,2024,227104505,34442833,26350,907568649550,3.9962600017555796
KOSDAQ,080420,2025,(주)모다이노칩,,,mid_sized,2024,373534992,79721622,2185,174191744070,0.4663331355847915
KOSDAQ,080470,2025,(주)성창오토텍,,,small_and_medium,2024,71379167,7300000,4020,29346000000,0.41112836186502427
KOSDAQ,080520,2025,(주)오디텍,,,small_and_medium,2024,128947239,11322417,3170,35892061890,0.2783468817816254
KOSDAQ,080530,2025,(주)코디,,,small_and_medium,2024,58664294,55510875,1033,57342733875,0.977472495876282
KOSDAQ,080580,2025,(주)오킨스전자,,,small_and_medium,2024,50726882,20581176,10300,211986112800,4.178969896079952
KOSDAQ,080720,2025,한국유니온제약(주),,,small_and_medium,2024,-22901456,7912828,2725,21562456300,-0.9415321148140101
KOSDAQ,081150,2025,(주)티플랙스,,,small_and_medium,2024,,24268402,2845,69043603690,
KOSDAQ,081180,2025,(주)쎄크,,,other,,,8825535,15900,140326006500,
KOSDAQ,081580,2025,성우전자(주),,,small_and_medium,2024,114310165,15508143,2200,34117914600,0.2984678974087738
KOSDAQ,082210,2025,(주)옵트론텍,,,mid_sized,2024,58457672,33543004,1697,56922477788,0.9737383621434668
KOSDAQ,082270,2025,(주)젬백스&카엘,,,small_and_medium,2024,57228866,42680389,29000,1237731281000,21.627744310013064
KOSDAQ,082800,2025,(주)비보존제약,,,small_and_medium,2024,72664636,50104666,4050,202923897300,2.79260873611202
KOSDAQ,082850,2025,우리바이오(주),,,mid_sized,2024,261344307,48456578,2035,98609136230,0.3773150345685548
KOSDAQ,082920,2025,(주)비츠로셀,,,small_and_medium,2024,330489871,45339477,17620,798881584740,2.417264959808708
KOSDAQ,083310,2025,(주)엘오티베큠,,,mid_sized,2024,243779083,17810033,12400,220844409200,0.905920255676735
KOSDAQ,083450,2025,(주)글로벌스탠다드테크놀로지,,,mid_sized,2024,304655504,18430000,28850,531705500000,1.7452679929262003
KOSDAQ,083470,2025,(주)이엠앤아이,,,small_and_medium,2024,10173968,21340329,798,17029582542,1.6738388151014432
KOSDAQ,083500,2025,에프엔에스테크(주),,,small_and_medium,2024,87501705,8575722,14470,124090697340,1.4181517644713324
KOSDAQ,083550,2025,(주)케이엠,,,mid_sized,2024,130843390,12950887,3385,43838752495,0.3350475136344297
KOSDAQ,083640,2025,(주)인콘,,,small_and_medium,2024,,77720351,255,19818689505,
KOSDAQ,083650,2025,비에이치아이(주),,,mid_sized,2024,177646394,30944375,52300,1618390812500,9.110181051578227
KOSDAQ,083660,2025,(주)씨에스에이코스믹,,,small_and_medium,2024,16573256,72353269,482,34874275658,2.1042501037816588
KOSDAQ,083790,2025,씨지인바이츠(주),,,small_and_medium,2024,118675173,91894182,1487,136646648634,1.1514341641954042
KOSDAQ,083930,2025,(주)아바코,,,mid_sized,2024,221847081,14677249,13660,200491221340,0.9037361250653553
KOSDAQ,084110,2025,(주)휴온스글로벌,,,mid_sized,2024,1091224573,12659812,51200,648182374400,0.5939953978657334
KOSDAQ,084180,2025,수성웹툰(주),,,small_and_medium,2024,79331679,18074283,3175,57385848525,0.7233661161388
KOSDAQ,084370,2025,(주)유진테크,,,mid_sized,2024,491392923,22916042,75000,1718703150000,3.4976147794460606
KOSDAQ,084650,2025,(주)랩지노믹스,,,mid_sized,2024,149622136,74239990,1811,134448621890,0.8985877724002015
KOSDAQ,084730,2025,팅크웨어(주),,,mid_sized,2024,217265379,12690024,7770,98601486480,0.45382972166955327
KOSDAQ,084850,2025,(주)아이티엠반도체,,,mid_sized,2024,94576269,22682934,9780,221839094520,2.3456105518393837
KOSDAQ,084990,2025,(주)헬릭스미스,,,small_and_medium,2024,141523747,46092797,6220,286697197340,2.025788628533132
KOSDAQ,085660,2025,(주)차바이오텍,,,mid_sized,2024,809248619,81622017,14670,1197394989390,1.4796379768551697
KOSDAQ,085670,2025,(주)뉴프렉스,,,mid_sized,2024,108408559,24450761,4975,121642535975,1.1220750196947087
KOSDAQ,085810,2025,(주)알티캐스트,,,mid_sized,2024,54010645,62286773,587,36562335751,0.6769468454042717
KOSDAQ,085910,2025,(주)네오티스,,,small_and_medium,2024,70410753,13934818,8970,124995317460,1.7752305171342224
KOSDAQ,086040,2025,(주)바이오톡스텍,,,small_and_medium,2024,31931310,15958248,2815,44922468120,1.406847013793045
KOSDAQ,086060,2025,(주)진바이오텍,,,small_and_medium,2024,54995936,8610587,4010,34528453870,0.627836461770557
KOSDAQ,086390,2025,(주)유니테스트,,,mid_sized,2024,93982222,21134126,13580,287001431080,3.0537842686886036
KOSDAQ,086450,2025,동국제약(주),,,mid_sized,2024,763738526,45230420,17150,775701703000,1.0156639695298022
KOSDAQ,086520,2025,(주)에코프로,,,mid_sized,2024,4487316129,135776152,90800,12328474601600,2.74740496260677
KOSDAQ,086670,2025,(주)비엠티,,,small_and_medium,2024,149439184,9925885,11650,115636560250,0.7738034774734851
KOSDAQ,086710,2025,선진뷰티사이언스(주),,,small_and_medium,2024,89023884,12203280,9350,114100668000,1.2816860248425017
KOSDAQ,086820,2025,(주)바이오솔루션,,,small_and_medium,2024,32003385,24292252,7910,192151713320,6.004105919420711
KOSDAQ,086890,2025,(주)이수앱지스,,,mid_sized,2024,,40554786,5150,208857147900,
KOSDAQ,086900,2025,(주)메디톡스,,,mid_sized,2024,454285917,7739132,120800,934887145600,2.0579267606924296
KOSDAQ,086960,2025,(주)엠디에스테크,,,mid_sized,2024,143307893,97757104,1299,126986478096,0.8861094489471002
KOSDAQ,086980,2025,(주)쇼박스,,,mid_sized,2024,107450211,62638000,2435,152523530000,1.419480972447788
KOSDAQ,087010,2025,(주)펩트론,,,small_and_medium,2024,,23317350,254000,5922606900000,
KOSDAQ,087260,2025,모바일어플라이언스(주),,,small_and_medium,2024,49117068,32552861,1697,55242205117,1.1247048605792187
KOSDAQ,087600,2025,(주)픽셀플러스,,,small_and_medium,2024,,8166558,6320,51612646560,
KOSDAQ,088130,2025,(주)동아엘텍,,,mid_sized,2024,241912580,17485314,3825,66881326050,0.2764689874747316
KOSDAQ,088280,2025,(주)쏘닉스,,,small_and_medium,2024,,17306490,1680,29074903200,
KOSDAQ,088290,2025,이원컴포텍(주),,,small_and_medium,2024,9526135,39880364,799,31864410836,3.3449463854963213
KOSDAQ,088340,2025,(주)유라클,,,small_and_medium,2024,19346780,4364368,13880,60577427840,3.1311374730058437
KOSDAQ,088390,2025,(주)이녹스,,,small_and_medium,2024,207947093,9385844,8350,78371797400,0.3768833517667881
KOSDAQ,088800,2025,(주)에이스테크놀로지,,,mid_sized,2024,70584325,77098828,2925,225514071900,3.194959672703536
KOSDAQ,088910,2025,(주)동우팜투테이블,,,mid_sized,2024,239575130,25831764,2080,53730069120,0.2242723154110362
KOSDAQ,089010,2025,(주)켐트로닉스,,,mid_sized,2024,262838006,16770027,30600,513162826200,1.9523920227883633
KOSDAQ,089030,2025,(주)테크윙,,,mid_sized,2024,212119684,37053645,45800,1697056941000,8.000468928663876
KOSDAQ,089140,2025,(주)넥스턴앤롤코리아,,,small_and_medium,2024,222512651,14916234,2175,32442808950,0.1458020872260427
KOSDAQ,089150,2025,(주)케이씨티,,,small_and_medium,2024,,17150000,2795,47934250000,
KOSDAQ,089230,2025,더이앤엠(주),,,small_and_medium,2024,55322021,30512953,1192,36371439976,0.6574495891247357
KOSDAQ,089600,2025,(주)케이티나스미디어,,,large,2024,,11568163,12990,150270437370,
KOSDAQ,089790,2025,(주)제이티,,,small_and_medium,2024,64259677,10315513,4525,46677696325,0.7263917047855687
KOSDAQ,089850,2025,유비벨록스(주),,,mid_sized,2024,262308669,14730199,5320,78364658680,0.2987497858105483
KOSDAQ,089890,2025,(주)코세스,,,small_and_medium,2024,74018749,16584962,21750,360722923500,4.8733993531827995
KOSDAQ,089970,2025,브이엠(주),,,small_and_medium,2024,177197894,25966465,30200,784187243000,4.425488504959319
KOSDAQ,089980,2025,(주)상아프론테크,,,mid_sized,2024,203319880,15989037,15520,248149854240,1.2204898716249488
KOSDAQ,090150,2025,(주)아이윈,,,small_and_medium,2024,50320064,41875293,756,31657721508,0.6291272107285079
KOSDAQ,090360,2025,(주)로보스타,,,large,2024,86810120,9750000,80100,780975000000,8.996358949855155
KOSDAQ,090410,2025,(주)덕신이피씨,,,mid_sized,2024,125181785,46084095,1307,60231912165,0.4811555624087003
KOSDAQ,090470,2025,(주)제이스텍,,,small_and_medium,2024,135152299,17476594,4970,86858672180,0.642672546620905
KOSDAQ,090710,2025,휴림로봇(주),,,small_and_medium,2024,203293937,119457197,7450,889956117650,4.377681552057305
KOSDAQ,090850,2025,(주)현대이지웰,,,large,2024,109277542,23746361,5140,122056295540,1.1169385155094356
KOSDAQ,091120,2025,(주)이엠텍,,,mid_sized,2024,196709295,17132936,8090,138605452240,0.704620756431464
KOSDAQ,091340,2025,에스엔케이폴리텍(주),,,mid_sized,2024,139703956,11703721,2300,26918558300,0.1926828636119653
KOSDAQ,091440,2025,(주)한울소재과학,,,small_and_medium,2024,36579529,30843445,2940,90679728300,2.4789747374822677
KOSDAQ,091580,2025,상신이디피(주),,,small_and_medium,2024,160095655,13328219,13110,174732951090,1.0914284406406907
KOSDAQ,091590,2025,남화토건(주),,,mid_sized,2024,177340038,11740000,4045,47488300000,0.26778104107545075
KOSDAQ,091700,2025,(주)파트론,,,mid_sized,2024,560252429,55000000,6970,383350000000,0.6842451369363005
KOSDAQ,091970,2025,나노캠텍(주),,,small_and_medium,2024,21708015,37673903,600,22604341800,1.041290131778516
KOSDAQ,092040,2025,아미코젠(주),,,small_and_medium,2024,95859455,55730013,1782,99310883166,1.0360050885538625
KOSDAQ,092070,2025,(주)디엔에프,,,small_and_medium,2024,,11571858,15620,180752421960,
KOSDAQ,092130,2025,(주)이크레더블,,,mid_sized,2024,42720108,12043600,16760,201850736000,4.724958466865299
KOSDAQ,092190,2025,서울바이오시스(주),,,mid_sized,2024,169883679,45868383,2560,117423060480,0.6911968305089508
KOSDAQ,092300,2025,현우산업(주),,,mid_sized,2024,114063496,18987083,3200,60758665600,0.5326740607705027
KOSDAQ,092460,2025,한라아이엠에스(주),,,small_and_medium,2024,198690920,17109680,17000,290864560000,1.4639046414400818
KOSDAQ,092600,2025,(주)앤씨앤,,,small_and_medium,2024,39064063,25083517,564,14147103588,0.36215136116281604
KOSDAQ,092730,2025,(주)네오팜,,,mid_sized,2024,195356456,16027989,18370,294434157930,1.5071636942983855
KOSDAQ,092870,2025,(주)엑시콘,,,small_and_medium,2024,195698705,13050797,15120,197328050640,1.00832578651964
KOSDAQ,093190,2025,(주)빅솔론,,,small_and_medium,2024,225216116,19238905,5990,115241040950,0.5116909171366759
KOSDAQ,093320,2025,(주)케이아이엔엑스,,,mid_sized,2024,248000375,4880000,121100,590968000000,2.382931880647358
KOSDAQ,093520,2025,(주)매커스,,,small_and_medium,2024,126121317,14163092,21950,310879869400,2.4649272366859285
KOSDAQ,093640,2025,(주)케이알엠,,,small_and_medium,2024,70432257,32623851,3810,124296872310,1.7647719610916344
KOSDAQ,093920,2025,(주)서원인텍,,,mid_sized,2024,217213875,18600000,5430,100998000000,0.4649702971322619
KOSDAQ,094170,2025,(주)동운아나텍,,,small_and_medium,2024,,20909936,28700,600115163200,
KOSDAQ,094360,2025,(주)칩스앤미디어,,,small_and_medium,2024,84507542,21279274,18050,384090895700,4.545048721213545
KOSDAQ,094480,2025,갤럭시아머니트리(주),,,large,2024,118421301,39229838,9130,358168420940,3.0245269889409507
KOSDAQ,094820,2025,(주)일진파워,,,mid_sized,2024,151216898,15078709,12700,191499604300,1.2663902436353376
KOSDAQ,094840,2025,(주)슈프리마에이치큐,,,small_and_medium,2024,241764545,10471840,6810,71313230400,0.29496976241905115
KOSDAQ,094850,2025,참좋은여행(주),,,mid_sized,2024,,14000000,5940,83160000000,
KOSDAQ,094860,2025,(주)네오리진,,,small_and_medium,2024,23693510,24049569,1000,24049569000,1.0150277016786453
KOSDAQ,094940,2025,(주)푸른기술,,,small_and_medium,2024,36974376,8361386,8380,70068414680,1.8950533385607373
KOSDAQ,094970,2025,제이엠티(주),,,small_and_medium,2024,183875616,16748240,2690,45052765600,0.24501761886687576
KOSDAQ,095190,2025,이엠코리아(주),,,mid_sized,2024,,65260462,2065,134762854030,
KOSDAQ,095270,2025,(주)웨이브일렉트로닉스,,,small_and_medium,2024,53084735,14372406,4505,64747689030,1.2197044786980664
KOSDAQ,095340,2025,(주)아이에스시,,,large,2024,537260669,21197058,111100,2354993143800,4.383334347149093
KOSDAQ,095500,2025,미래나노텍(주),,,mid_sized,2024,336895039,31009999,10130,314131289870,0.932430738079227
KOSDAQ,095610,2025,(주)테스,,,mid_sized,2024,391753766,19360000,44550,862488000000,2.20160742500686
KOSDAQ,095660,2025,(주)네오위즈,,,mid_sized,2024,555813322,21856816,24300,531120628800,0.9555737651066953
KOSDAQ,095700,2025,(주)제넥신,,,small_and_medium,2024,,45540494,4685,213357214390,
KOSDAQ,095910,2025,(주)에스에너지,,,mid_sized,2024,66312359,22902821,1116,25559548236,0.3854416977685864
KOSDAQ,096240,2025,(주)크레버스,,,mid_sized,2024,45181104,11138180,12460,138781722800,3.0716762211034063
KOSDAQ,096250,2025,(주)와이즈넛,,,other,,67709501,13096536,11300,147990856800,2.185673422700309
KOSDAQ,096350,2025,(주)대창솔루션,,,small_and_medium,2024,36002695,36854762,2335,86055869270,2.390261875395717
KOSDAQ,096530,2025,(주)씨젠,,,mid_sized,2024,1015815703,52225994,23800,1242978657200,1.2236261494374634
KOSDAQ,096610,2025,(주)알에프세미,,,small_and_medium,2024,14404780,17386411,2965,51550708615,3.578722383472708
KOSDAQ,096630,2025,(주)에스코넥,,,small_and_medium,2024,88664442,79381616,598,47470206368,0.535391700406799
KOSDAQ,096690,2025,(주)에이루트,,,small_and_medium,2024,105151833,24137053,1930,46584512290,0.4430214002070701
KOSDAQ,096870,2025,(주)엘디티,,,small_and_medium,2024,,8347999,2545,21245657455,
KOSDAQ,097780,2025,에코볼트(주),,,mid_sized,2024,216627479,67730338,880,59602697440,0.2751391361573293
KOSDAQ,097800,2025,(주)윈팩,,,small_and_medium,2024,,136450229,516,70408318164,
KOSDAQ,098070,2025,(주)한텍,,,other,,162428367,11121141,30850,343087199850,2.1122369582771214
KOSDAQ,098120,2025,(주)마이크로컨텍솔루션,,,small_and_medium,2024,81414966,8312766,16880,140319490080,1.7235097792708038
KOSDAQ,098460,2025,(주)고영테크놀러지,,,mid_sized,2024,335165611,68654755,22900,1572193889500,4.690797139984626
KOSDAQ,098660,2025,(주)에스티오,,,small_and_medium,2024,22400647,12500976,1779,22239236304,0.9927943734839445
KOSDAQ,099190,2025,(주)아이센스,,,mid_sized,2024,338321041,27607926,15900,438966023400,1.2974836625665265
KOSDAQ,099220,2025,에스디엔(주),,,small_and_medium,2024,75360904,64944350,1075,69815176250,0.926411077154807
KOSDAQ,099320,2025,(주)쎄트렉아이,,,small_and_medium,2024,237002942,10951278,68600,751257670800,3.1698242412535116
KOSDAQ,099390,2025,브레인즈컴퍼니(주),,,small_and_medium,2024,54138122,8208283,5350,43914314050,0.8111532581422015
KOSDAQ,099410,2025,(주)동방선기,,,small_and_medium,2024,,14000000,4510,63140000000,
KOSDAQ,099430,2025,바이오플러스(주),,,small_and_medium,2024,194979511,61640722,5030,310052831660,1.5901816045686974
KOSDAQ,099440,2025,(주)스맥,,,mid_sized,2024,97557478,68243394,6790,463372645260,4.749739894465087
KOSDAQ,099520,2025,(주)디지아이티엑스,,,small_and_medium,2024,22894240,45281824,1284,58141862016,2.539584717203978
KOSDAQ,100030,2025,(주)인지소프트,,,small_and_medium,2024,69533311,3283714,19980,65608605720,0.9435564735296439
KOSDAQ,100120,2025,(주)뷰웍스,,,mid_sized,2024,248673570,9360000,19610,183549600000,0.7381146295523082
KOSDAQ,100130,2025,(주)동국에스엔씨,,,mid_sized,2024,185639286,57143000,2040,116571720000,0.6279474701276324
KOSDAQ,100590,2025,(주)머큐리,,,mid_sized,2024,142125277,15830023,3030,47964969690,0.3374837376042546
KOSDAQ,100660,2025,서암기계공업(주),,,mid_sized,2024,67983548,12600000,4490,56574000000,0.8321719248898277
KOSDAQ,100700,2025,(주)세운메디칼,,,small_and_medium,2024,154401223,43800000,2435,106653000000,0.6907523005824896
KOSDAQ,101000,2025,(주)케이에스인더스트리,,,small_and_medium,2024,35004404,34178063,662,22625877706,0.6463723166376436
KOSDAQ,101160,2025,(주)월덱스,,,small_and_medium,2024,346601352,16510993,21550,355811899150,1.0265738927354213
KOSDAQ,101170,2025,우림피티에스(주),,,small_and_medium,2024,82907182,13500000,17360,234360000000,2.82677561034459
KOSDAQ,101240,2025,씨큐브(주),,,small_and_medium,2024,,10861390,4215,45780758850,
KOSDAQ,101330,2025,(주)모베이스,,,mid_sized,2024,464752869,23147029,3215,74417698235,0.16012316049844547
KOSDAQ,101360,2025,(주)에코앤드림,,,small_and_medium,2024,213687331,17786114,17620,313391328680,1.4665882493520404
KOSDAQ,101390,2025,(주)아이엠,,,small_and_medium,2024,4892288,13914354,396,5510084184,1.1262796025090918
KOSDAQ,101400,2025,엔시트론(주),,,small_and_medium,2024,38002614,70450730,290,20430711700,0.5376133257570124
KOSDAQ,101490,2025,(주)에스앤에스텍,,,small_and_medium,2024,304257905,21334879,48300,1030474655700,3.386845957872483
KOSDAQ,101670,2025,(주)하이드로리튬,,,small_and_medium,2024,62375819,56498284,1909,107855224156,1.7291191664513454
KOSDAQ,101680,2025,한국정밀기계(주),,,small_and_medium,2024,,8404000,2275,19119100000,
KOSDAQ,101730,2025,(주)위메이드맥스,,,small_and_medium,2024,462511849,83803286,6160,516228241760,1.1161405764547234
KOSDAQ,101930,2025,인화정공(주),,,small_and_medium,2024,341353786,9232882,46200,426559148400,1.2496101285368488
KOSDAQ,101970,2025,우양에이치씨(주),,,mid_sized,2013,,14790009,11570,171120404130,
KOSDAQ,102120,2025,어보브반도체(주),,,mid_sized,2024,154442539,17780753,12090,214969303770,1.391904750866599
KOSDAQ,102370,2025,(주)케이옥션,,,small_and_medium,2024,105382146,27229210,3540,96391403400,0.9146843849621358
KOSDAQ,102710,2025,(주)이엔에프테크놀로지,,,mid_sized,2024,450096868,14287836,47000,671528292000,1.4919639298623157
KOSDAQ,102940,2025,코오롱생명과학(주),,,large,2024,584030482,12907119,51700,667298052300,1.1425740143131775
KOSDAQ,103230,2025,(주)에스앤더블류,,,small_and_medium,2024,,7200000,4160,29952000000,
KOSDAQ,103840,2025,(주)우양,,,mid_sized,2024,,16366428,3240,53027226720,
KOSDAQ,104040,2025,(주)대성파인텍,,,small_and_medium,2024,114447711,134067826,718,96260699068,0.8410888975140796
KOSDAQ,104200,2025,(주)엔에이치엔벅스,,,mid_sized,2024,,14827550,3000,44482650000,
KOSDAQ,104460,2025,디와이피엔에프(주),,,mid_sized,2024,149816854,10518101,13940,146622327940,0.9786771249381595
KOSDAQ,104480,2025,(주)티케이케미칼,,,large,2024,,90895434,1570,142705831380,
KOSDAQ,104540,2025,(주)코렌텍,,,small_and_medium,2024,89164556,13407410,6700,89829647000,1.0074591410515183
KOSDAQ,104620,2025,(주)노랑풍선,,,small_and_medium,2024,40250998,16810552,5200,87414870400,2.1717441738960113
KOSDAQ,104830,2025,(주)원익머트리얼즈,,,mid_sized,2024,525483569,12608000,30900,389587200000,0.7413879766809607
KOSDAQ,105330,2025,(주)케이엔더블유,,,mid_sized,2024,122064725,16060028,5830,93629963240,0.7670517689692907
KOSDAQ,105550,2025,엣지파운드리(주),,,small_and_medium,2024,128436737,78307051,1560,122158999560,0.9511219485434296
KOSDAQ,105740,2025,디케이락(주),,,small_and_medium,2024,136447286,10168513,9700,98634576100,0.7228767899421612
KOSDAQ,105760,2025,(주)포스뱅크,,,small_and_medium,2024,78407352,10172387,5310,54015374970,0.6889070169083124
KOSDAQ,106080,2025,케이이엠텍(주),,,small_and_medium,2024,30002243,28809088,889,25611279232,0.8536454835060165
KOSDAQ,106190,2025,(주)하이텍팜,,,mid_sized,2024,,10633173,12020,127810739460,
KOSDAQ,106240,2025,(주)파인테크닉스,,,small_and_medium,2024,76998410,20601646,1388,28595084648,0.37137240428730933
KOSDAQ,106520,2025,(주)노블엠앤비,,,small_and_medium,2024,2339012,38695952,411,15904036272,6.799467583749036
KOSDAQ,107600,2025,(주)새빗켐,,,small_and_medium,2024,,5630054,28950,162990063300,
KOSDAQ,107640,2025,(주)한중엔시에스,,,small_and_medium,2024,100172693,9511000,46950,446541450000,4.457716335927996
KOSDAQ,108230,2025,(주)톱텍,,,mid_sized,2024,387843485,38023245,4570,173766229650,0.44803183853919837
KOSDAQ,108380,2025,대양전기공업(주),,,small_and_medium,2024,269199840,9567333,27700,265015124100,0.9844549837028135
KOSDAQ,108490,2025,(주)로보티즈,,,small_and_medium,2024,314078968,14646603,261000,3822763383000,12.17134470143827
KOSDAQ,108860,2025,(주)셀바스에이아이,,,small_and_medium,2024,259905432,26914790,12200,328360438000,1.2633842835574134
KOSDAQ,109080,2025,옵티시스(주),,,small_and_medium,2024,,5636000,8090,45595240000,
KOSDAQ,109610,2025,에스와이(주),,,mid_sized,2024,246988536,48907400,3050,149167570000,0.6039453183365563
KOSDAQ,109670,2025,씨싸이트(주),,,small_and_medium,2024,53892463,5836602,5750,33560461500,0.622730148740836
KOSDAQ,109740,2025,(주)디에스케이,,,small_and_medium,2024,115779937,25710390,7120,183057976800,1.5810854759749955
KOSDAQ,109820,2025,(주)진매트릭스,,,small_and_medium,2024,,20393640,2455,50066386200,
KOSDAQ,109860,2025,동일금속(주),,,small_and_medium,2024,156147053,9100000,7930,72163000000,0.4621476909974087
KOSDAQ,109960,2025,(주)앱토크롬,,,small_and_medium,2024,306569181,220789269,250,55197317250,0.18004848716348953
KOSDAQ,110020,2025,전진바이오팜(주),,,small_and_medium,2024,,9058762,2520,22828080240,
KOSDAQ,110790,2025,(주)크리스에프앤씨,,,mid_sized,2024,423201628,23430960,4050,94895388000,0.22423209581793008
KOSDAQ,110990,2025,디아이티(주),,,small_and_medium,2024,237157013,18900000,14570,275373000000,1.1611421332920904
KOSDAQ,111710,2025,남화산업(주),,,mid_sized,2024,,20588000,4430,91204840000,
KOSDAQ,112040,2025,(주)위메이드,,,mid_sized,2024,812655850,33948483,24950,847014650850,1.0422796450059395
KOSDAQ,112290,2025,와이씨켐(주),,,small_and_medium,2024,,10110545,20200,204233009000,
KOSDAQ,113810,2025,디젠스(주),,,small_and_medium,2024,23916935,32628051,787,25678276137,1.0736440993379797
KOSDAQ,114190,2025,(주)강원에너지,,,small_and_medium,2024,64036952,26123038,12550,327844126900,5.119608548826621
KOSDAQ,114450,2025,그린생명과학(주),,,small_and_medium,2024,,20000000,2900,58000000000,
KOSDAQ,114630,2025,(주)폴라리스우노,,,small_and_medium,2024,128409690,87947548,501,44061721548,0.3431339297524976
KOSDAQ,114810,2025,한솔아이원스(주),,,mid_sized,2024,210271082,28593174,11970,342260292780,1.6277097617255805
KOSDAQ,114840,2025,(주)아이패밀리에스씨,,,small_and_medium,2024,104455009,17319900,13650,236416635000,2.2633345903019357
KOSDAQ,115160,2025,(주)휴맥스,,,mid_sized,2024,96128189,43970124,791,34780368084,0.3618123720608114
KOSDAQ,115180,2025,(주)큐리언트,,,small_and_medium,2024,39191678,37675521,30250,1139684510250,29.079757959074882
KOSDAQ,115310,2025,(주)인포바인,,,small_and_medium,2024,94923580,3192883,62400,199235899200,2.0989083976815874
KOSDAQ,115440,2025,(주)우리넷,,,small_and_medium,2024,99934405,10794292,7250,78258617000,0.7830998443428967
KOSDAQ,115450,2025,에이치엘비테라퓨틱스(주),,,small_and_medium,2024,173863423,84382263,3000,253146789000,1.4560094620937032
KOSDAQ,115480,2025,(주)씨유메디칼시스템,,,small_and_medium,2024,59675001,60624558,550,33343506900,0.5587516772726991
KOSDAQ,115500,2025,(주)케이씨에스,,,small_and_medium,2024,,12000000,9770,117240000000,
KOSDAQ,115530,2025,(주)씨엔플러스,,,small_and_medium,2024,6815489,67963000,337,22903531000,3.3605117695883595
KOSDAQ,115570,2025,(주)스타플렉스,,,small_and_medium,2024,71235777,7984508,3280,26189186240,0.36764091504188967
KOSDAQ,115610,2025,(주)이미지스테크놀로지,,,small_and_medium,2024,,23637538,1156,27324993928,
KOSDAQ,117670,2025,(주)알파칩스,,,small_and_medium,2024,,6661742,8600,57290981200,
KOSDAQ,117730,2025,(주)티로보틱스,,,small_and_medium,2024,48823822,21829074,20250,442038748500,9.05375143510887
KOSDAQ,118990,2025,모트렉스(주),,,mid_sized,2024,290266317,24861990,9510,236437524900,0.8145537771783559
KOSDAQ,119500,2025,(주)포메탈,,,small_and_medium,2024,,11847232,3460,40991422720,
KOSDAQ,119610,2025,(주)인터로조,,,mid_sized,2024,157028523,12907175,16010,206643871750,1.3159639268211165
KOSDAQ,119830,2025,아이텍(주),,,small_and_medium,2024,171838777,23393459,5570,130301566630,0.7582780144553752
KOSDAQ,119850,2025,(주)지엔씨에너지,,,small_and_medium,2024,221486911,16448909,30900,508271288100,2.294814107999366
KOSDAQ,120240,2025,대정화금(주),,,small_and_medium,2024,,7190391,13280,95488392480,
KOSDAQ,121440,2025,(주)골프존홀딩스,,,mid_sized,2024,750103807,42836818,4985,213541537730,0.28468264757120476
KOSDAQ,121600,2025,(주)나노신소재,,,small_and_medium,2024,247341172,12211191,49950,609948990450,2.466022884576612
KOSDAQ,121800,2025,(주)비덴트,,,mid_sized,2024,644626608,77201611,3320,256309348520,0.3976090116962718
KOSDAQ,121850,2025,(주)코이즈,,,small_and_medium,2024,1198116,3061417,4250,13011022250,10.859568063526403
KOSDAQ,121890,2025,(주)에스디시스템,,,small_and_medium,2024,,13291446,1740,23127116040,
KOSDAQ,122310,2025,(주)제노레이,,,small_and_medium,2024,83750694,14553844,4160,60543991040,0.7229073354305577
KOSDAQ,122350,2025,(주)삼기,,,mid_sized,2024,162484194,38339428,1263,48422697564,0.29801481837673394
KOSDAQ,122450,2025,(주)케이엑스이노베이션,,,mid_sized,2024,485850432,44819834,3730,167177980820,0.3440935106959008
KOSDAQ,122640,2025,(주)예스티,,,small_and_medium,2024,136013820,21466983,17800,382112297400,2.809363764652739
KOSDAQ,122690,2025,(주)서진오토모티브,,,mid_sized,2024,415482211,22628349,3580,81009489420,0.19497703457633714
KOSDAQ,122870,2025,(주)와이지엔터테인먼트,,,mid_sized,2024,650845160,18691049,69400,1297158800600,1.9930374846760788
KOSDAQ,122990,2025,(주)와이솔,,,mid_sized,2024,294706145,26639081,5740,152908324940,0.518850141180463
KOSDAQ,123010,2025,(주)알엔티엑스,,,small_and_medium,2024,26418953,32658542,1097,35826420574,1.3560878273260868
KOSDAQ,123040,2025,(주)엠에스오토텍,,,mid_sized,2024,637407281,62628299,2105,131832569395,0.20682626842318735
KOSDAQ,123330,2025,(주)제닉,,,small_and_medium,2024,41047610,7968680,16520,131642593600,3.207070852602624
KOSDAQ,123410,2025,코리아에프티(주),,,mid_sized,2024,267027241,27841064,8230,229131956720,0.8580845754235239
KOSDAQ,123420,2025,(주)위메이드플레이,,,mid_sized,2024,277045614,10552334,7580,79986691720,0.2887130771180518
KOSDAQ,123570,2025,(주)이엠넷,,,small_and_medium,2024,99180287,22276078,1942,43260143476,0.4361768329627842
KOSDAQ,123750,2025,(주)알톤,,,small_and_medium,2024,20286715,12746297,1299,16557439803,0.8161715587269797
KOSDAQ,123840,2025,(주)뉴온,,,small_and_medium,2024,94085892,63654307,969,61681023483,0.6555820662570749
KOSDAQ,123860,2025,(주)아나패스,,,small_and_medium,2024,,12123415,17350,210341250250,
KOSDAQ,124500,2025,(주)아이티센글로벌,,,mid_sized,2024,511807880,23204527,30300,703097168100,1.3737521354692703
KOSDAQ,124560,2025,(주)태웅로직스,,,small_and_medium,2024,255206682,41177303,2660,109531625980,0.429187923770742
KOSDAQ,125020,2025,티씨머티리얼즈(주),,,other,,,35038550,4060,142256513000,
KOSDAQ,125210,2025,(주)아모그린텍,,,small_and_medium,2024,81119854,16496790,6070,100135515300,1.2344143925604205
KOSDAQ,125490,2025,(주)한라캐스트,,,other,,105550596,36502352,19350,706320511200,6.691771889189522
KOSDAQ,126340,2025,비나텍(주),,,small_and_medium,2024,78228674,6733708,71900,484153605200,6.1889532372746086
KOSDAQ,126600,2025,(주)비지에프에코머티리얼즈,,,mid_sized,2024,499667446,62766899,3660,229726850340,0.45975949039513775
KOSDAQ,126640,2025,(주)화신정공,,,mid_sized,2024,,35055910,1288,45152012080,
KOSDAQ,126700,2025,(주)하이비젼시스템,,,mid_sized,2024,275409038,14942112,15930,238027844160,0.8642702719146058
KOSDAQ,126730,2025,코칩(주),,,small_and_medium,2024,55798969,8503460,14630,124405619800,2.229532588675608
KOSDAQ,126880,2025,제이엔케이글로벌(주),,,mid_sized,2024,158563503,23204903,3830,88874778490,0.5604995904385387
KOSDAQ,127120,2025,(주)제이에스링크,,,small_and_medium,2024,68592952,31950713,17850,570320227050,8.314560175949273
KOSDAQ,127710,2025,(주)아시아경제,,,small_and_medium,2024,92608881,34904082,1060,36998326920,0.39951165072386524
KOSDAQ,127980,2025,(주)화인써키트,,,small_and_medium,2024,43530510,11840684,6000,71044104000,1.632053104822342
KOSDAQ,128540,2025,에코캡(주),,,small_and_medium,2024,108181329,26690460,1770,47242114200,0.4366937865960216
KOSDAQ,128660,2025,(주)피제이메탈,,,mid_sized,2024,77065891,24803369,2790,69201399510,0.8979510729331606
KOSDAQ,129890,2025,(주)앱코,,,small_and_medium,2024,62115790,45545602,1070,48733794140,0.7845637017576368
KOSDAQ,129920,2025,(주)대성하이텍,,,small_and_medium,2024,62581779,15069760,3975,59902296000,0.9571842948088772
KOSDAQ,130500,2025,지에이치신소재(주),,,mid_sized,2024,94062081,14545052,2430,35344476360,0.3757569042088278
KOSDAQ,130580,2025,(주)나이스디앤비,,,mid_sized,2024,115584980,15400000,6410,98714000000,0.8540383015163389
KOSDAQ,130740,2025,(주)티피씨,,,small_and_medium,2024,93036393,11276679,1829,20625045891,0.22168793550498028
KOSDAQ,131030,2025,(주)옵투스제약,,,mid_sized,2024,,17646590,6880,121408539200,
KOSDAQ,131090,2025,(주)시큐브,,,small_and_medium,2024,,8000000,3875,31000000000,
KOSDAQ,131100,2025,(주)티엔엔터테인먼트,,,small_and_medium,2024,,32246724,1299,41888494476,
KOSDAQ,131180,2025,(주)딜리,,,small_and_medium,2024,,29350000,1007,29555450000,
KOSDAQ,131220,2025,(주)대한과학,,,small_and_medium,2024,56783249,7454490,4810,35856096900,0.6314555354167917
KOSDAQ,131290,2025,(주)티에스이,,,mid_sized,2024,464563900,11061429,57600,637138310400,1.3714761530114588
KOSDAQ,131370,2025,알서포트(주),,,small_and_medium,2024,96579208,53267083,2430,129439011690,1.3402368312028403
KOSDAQ,131400,2025,(주)이브이첨단소재,,,small_and_medium,2024,102653298,59591882,1391,82892307862,0.8074977567890708
KOSDAQ,131760,2025,(주)파인텍,,,small_and_medium,2024,27270738,43431583,766,33268592578,1.2199373767589274
KOSDAQ,131970,2025,(주)두산테스나,,,large,2024,,19327238,53200,1028209061600,
KOSDAQ,133750,2025,메가엠디(주),,,mid_sized,2024,,23407077,1815,42483844755,
KOSDAQ,134060,2025,(주)이퓨쳐,,,small_and_medium,2024,,4769250,4070,19410847500,
KOSDAQ,134580,2025,(주)탑코미디어,,,small_and_medium,2024,32441984,49294149,1946,95926413954,2.9568602818495933
KOSDAQ,136150,2025,(주)원일티엔아이,,,other,,,8381030,18390,154127141700,
KOSDAQ,136410,2025,(주)아셈스,,,small_and_medium,2024,73935530,11019106,9990,110080868940,1.4888764433013464
KOSDAQ,136480,2025,(주)하림,,,large,2024,325441884,106209702,3015,320222251530,0.9839613991725785
KOSDAQ,136540,2025,(주)윈스테크넷,,,mid_sized,2024,185190121,12279746,11350,139375117100,0.7526055728426247
KOSDAQ,137080,2025,(주)나래나노텍,,,small_and_medium,2024,116347589,11059422,3940,43574122680,0.37451676527650263
KOSDAQ,137400,2025,(주)피엔티,,,mid_sized,2024,698214719,25670649,37600,965216402400,1.3824062657722345
KOSDAQ,137940,2025,(주)넥스트아이,,,small_and_medium,2024,39878735,85368992,311,26549756512,0.6657622542941746
KOSDAQ,137950,2025,제이씨케미칼(주),,,mid_sized,2024,144415570,22267814,3200,71257004800,0.4934163594687193
KOSDAQ,138070,2025,(주)신진에스엠,,,small_and_medium,2024,77650109,17503204,2100,36756728400,0.4733635132437483
KOSDAQ,138080,2025,(주)오이솔루션,,,small_and_medium,2024,64276618,11678608,13090,152872978720,2.3783606461684093
KOSDAQ,138360,2025,(주)앤로보틱스,,,small_and_medium,2024,,76991722,1005,77376680610,
KOSDAQ,138610,2025,(주)나이벡,,,small_and_medium,2024,,11364970,37550,426754623500,
KOSDAQ,139050,2025,(주)비에프랩스,,,small_and_medium,2024,17730223,8644551,2805,24247965555,1.367606349621209
KOSDAQ,139670,2025,키네마스터(주),,,small_and_medium,2024,25372101,14172285,2600,36847941000,1.452301525995029
KOSDAQ,140070,2025,(주)서플러스글로벌,,,mid_sized,2024,179993103,36988000,2160,79894080000,0.44387300773407967
KOSDAQ,140410,2025,(주)메지온,,,small_and_medium,2024,17194550,30363914,90100,2735788651400,159.10789473408727
KOSDAQ,140430,2025,(주)카티스,,,small_and_medium,2024,,53447539,861,46018331079,
KOSDAQ,140520,2025,(주)대창스틸,,,mid_sized,2024,149292698,21109243,2155,45490418665,0.30470625338286805
KOSDAQ,140670,2025,알에스오토메이션(주),,,small_and_medium,2024,58324060,12839840,16350,209931384000,3.5993959268267677
KOSDAQ,140860,2025,(주)파크시스템스,,,small_and_medium,2024,225119915,6996477,209000,1462263693000,6.495487940282849
KOSDAQ,141000,2025,(주)비아트론,,,small_and_medium,2024,180346002,12114710,7300,88437383000,0.4903761770111211
KOSDAQ,141080,2025,(주)리가켐 바이오사이언스,,,small_and_medium,2024,541120311,36610338,173700,6359215710600,11.751944218926205
KOSDAQ,142210,2025,(주)유니트론텍,,,mid_sized,2024,145071779,21010071,6110,128371533810,0.8848828813907356
KOSDAQ,142280,2025,(주)녹십자엠에스,,,mid_sized,2024,46365370,21741926,4005,87076413630,1.8780485010687933
KOSDAQ,142760,2025,(주)모아라이프플러스,,,small_and_medium,2024,30565042,39898408,1775,70819674200,2.31701543874862
KOSDAQ,143160,2025,(주)아이디스,,,mid_sized,2024,349947756,10716390,18080,193752331200,0.5536607332895713
KOSDAQ,143240,2025,(주)사람인,,,mid_sized,2024,267009699,11709263,13500,158075050500,0.592019882019342
KOSDAQ,143540,2025,(주)영우디에스피,,,small_and_medium,2024,30149264,44599895,949,42325300355,1.4038584940249288
KOSDAQ,144510,2025,(주)지씨셀,,,mid_sized,2024,190381417,15800344,24850,392638548400,2.062378537712008
KOSDAQ,144960,2025,(주)뉴파워프라즈마,,,mid_sized,2024,430472802,43692624,5170,225890866080,0.5247506114915943
KOSDAQ,145020,2025,휴젤(주),,,large,2024,980161909,12304033,230500,2836079606500,2.893480740741579
KOSDAQ,145170,2025,(주)노브랜드,,,mid_sized,2024,153664392,16908405,3980,67295451900,0.43793783988680995
KOSDAQ,146060,2025,(주)율촌,,,small_and_medium,2024,56089983,24015595,1575,37824562125,0.6743550292215278
KOSDAQ,146320,2025,비씨엔씨(주),,,small_and_medium,2024,78791339,12797923,13570,173667815110,2.2041485436616326
KOSDAQ,147760,2025,(주)피엠티,,,small_and_medium,2024,,10819866,2800,30295624800,
KOSDAQ,147830,2025,제룡산업(주),,,small_and_medium,2024,,20000000,6160,123200000000,
KOSDAQ,148150,2025,(주)세경하이테크,,,small_and_medium,2024,234692103,49469268,5140,254272037520,1.0834281778965524
KOSDAQ,148250,2025,(주)알엔투테크놀로지,,,small_and_medium,2024,39407996,9446672,3170,29945950240,0.7598952821655788
KOSDAQ,148780,2025,(주)비큐AI,,,small_and_medium,2024,11217025,31445725,1357,42671848825,3.8042037728363804
KOSDAQ,148930,2025,(주)에이치와이티씨,,,small_and_medium,2024,64741421,10175213,3100,31543160300,0.48721760833763594
KOSDAQ,149950,2025,(주)아바텍,,,small_and_medium,2024,,13667703,10010,136813707030,
KOSDAQ,149980,2025,(주)하이로닉,,,small_and_medium,2024,63531191,18594363,5090,94645307670,1.4897455278305738
KOSDAQ,150900,2025,(주)파수,,,small_and_medium,2024,38072391,11703922,4415,51672815630,1.3572253875518352
KOSDAQ,151860,2025,케이지에코솔루션(주),,,mid_sized,2024,3119830700,47603002,5600,266576811200,0.08544592217776432
KOSDAQ,153460,2025,(주)네이블,,,mid_sized,2024,,6530014,7140,46624299960,
KOSDAQ,153490,2025,우리이앤엘(주),,,mid_sized,2024,91415992,51480000,685,35263800000,0.38575088700016513
KOSDAQ,153710,2025,(주)옵티팜,,,small_and_medium,2024,,14669958,5100,74816785800,
KOSDAQ,154040,2025,(주)다산솔루에타,,,small_and_medium,2024,,17950094,1170,21001609980,
KOSDAQ,155650,2025,와이엠씨(주),,,mid_sized,2024,124049374,19474358,3820,74392047560,0.5996970815830155
KOSDAQ,156100,2025,(주)엘앤케이바이오메드,,,small_and_medium,2024,38634658,21786505,12960,282353104800,7.30828534317555
KOSDAQ,158430,2025,(주)아톤,,,small_and_medium,2024,104446140,24482092,6170,151054507640,1.446243084138868
KOSDAQ,159010,2025,(주)아스플로,,,small_and_medium,2024,46385412,13334739,4765,63540031335,1.3698278962144392
KOSDAQ,159580,2025,(주)제로투세븐,,,mid_sized,2024,83357527,20032636,3975,79629728100,0.9552793966644428
KOSDAQ,159910,2025,(주)에코글로우,,,small_and_medium,2024,19702522,52335485,704,36844181440,1.8700236162659785
KOSDAQ,160190,2025,하이젠알앤엠(주),,,small_and_medium,2024,106929209,30888000,59500,1837836000000,17.187408540541995
KOSDAQ,160550,2025,(주)넥스트엔터테인먼트월드,,,mid_sized,2024,122753921,27906106,2235,62370146910,0.5080908732031459
KOSDAQ,160980,2025,(주)싸이맥스,,,mid_sized,2024,194222604,10924243,14600,159493947800,0.8211914808844804
KOSDAQ,161580,2025,(주)필옵틱스,,,mid_sized,2024,191655445,23402747,43850,1026210455950,5.354455001004537
KOSDAQ,162300,2025,(주)신스틸,,,mid_sized,2024,85084073,41471382,1763,73114046466,0.8593153088240145
KOSDAQ,163280,2025,(주)에어레인,,,small_and_medium,2024,,6801539,12950,88079930050,
KOSDAQ,163730,2025,(주)핑거,,,small_and_medium,2024,47667517,9406568,10010,94159745680,1.9753440415199306
KOSDAQ,166090,2025,하나머티리얼즈(주),,,mid_sized,2024,463680286,19777674,43100,852417749400,1.83837392948813
KOSDAQ,166480,2025,코아스템켐온(주),,,small_and_medium,2024,55173429,52870376,1848,97704454848,1.7708606591770832
KOSDAQ,168330,2025,(주)내츄럴엔도텍,,,small_and_medium,2024,23246436,31754900,3100,98440190000,4.234635795353748
KOSDAQ,168360,2025,(주)펨트론,,,small_and_medium,2024,25628466,21288284,15090,321240205560,12.534507744630522
KOSDAQ,170030,2025,(주)현대공업,,,mid_sized,2024,161956557,15340000,6140,94187600000,0.5815608935178833
KOSDAQ,170790,2025,(주)파이오링크,,,small_and_medium,2024,84767876,6397335,8800,56296548000,0.6641259714942014
KOSDAQ,170920,2025,엘티씨(주),,,small_and_medium,2024,223739109,10564126,19190,202725577940,0.9060802058526121
KOSDAQ,171010,2025,램테크놀러지(주),,,small_and_medium,2024,39722844,14298752,3900,55765132800,1.4038554943346957
KOSDAQ,171090,2025,(주)선익시스템,,,mid_sized,2024,143805770,9561504,52500,501978960000,3.490673288005064
KOSDAQ,171120,2025,(주)라이온켐텍,,,mid_sized,2024,138937997,35901760,2200,78983872000,0.5684828751345825
KOSDAQ,172670,2025,(주)에이엘티,,,small_and_medium,2024,93469156,8960259,12930,115856148870,1.239512089635216
KOSDAQ,173130,2025,(주)오파스넷,,,small_and_medium,2024,64897252,13046473,6640,86628580720,1.3348574562140165
KOSDAQ,173940,2025,(주)에프엔씨엔터테인먼트,,,mid_sized,2024,19519806,15392808,4125,63495333000,3.252867011075827
KOSDAQ,174900,2025,앱클론(주),,,small_and_medium,2024,,20458715,42500,869495387500,
KOSDAQ,175140,2025,(주)휴먼테크놀로지,,,small_and_medium,2024,41251282,24944253,4115,102645601095,2.488300874988564
KOSDAQ,175250,2025,아이큐어(주),,,small_and_medium,2024,24457118,37558368,2170,81501658560,3.3324310149707745
KOSDAQ,176750,2025,(주)듀켐바이오,,,small_and_medium,2024,49239976,28455220,9520,270893694400,5.501499318358725
KOSDAQ,177350,2025,(주)베셀,,,small_and_medium,2024,41305544,19653767,1220,23977595740,0.5804934015637223
KOSDAQ,177830,2025,(주)파버나인,,,small_and_medium,2024,73070950,13493951,2870,38727639370,0.5300004908927556
KOSDAQ,177900,2025,쓰리에이로직스(주),,,small_and_medium,2024,,9584800,6370,61055176000,
KOSDAQ,178320,2025,(주)서진시스템,,,mid_sized,2024,737770484,55873279,25300,1413593958700,1.916034850074051
KOSDAQ,178780,2025,(주)일월지엠엘,,,small_and_medium,2024,41920150,18639195,2800,52189746000,1.2449799440126048
KOSDAQ,179290,2025,(주)엠아이텍,,,small_and_medium,2024,125932489,32365678,6770,219115640060,1.739945281793009
KOSDAQ,179530,2025,(주)오리온아토믹스,,,small_and_medium,2024,13539796,16360379,2030,33211569370,2.452885506546775
KOSDAQ,179900,2025,(주)유티아이,,,small_and_medium,2024,65449545,19774731,19990,395296872690,6.039719186588692
KOSDAQ,180400,2025,디엑스앤브이엑스(주),,,small_and_medium,2024,95764720,98429432,3140,309068416480,3.227372423581461
KOSDAQ,182360,2025,(주)큐브엔터테인먼트,,,small_and_medium,2024,160910368,15549849,13750,213810423750,1.3287547993799877
KOSDAQ,182400,2025,(주)엔케이젠바이오텍코리아,,,small_and_medium,2024,7095136,71948477,3685,265130137745,37.367872546065364
KOSDAQ,183300,2025,(주)코미코,,,mid_sized,2024,369806052,10460684,88400,924724465600,2.500566068615881
KOSDAQ,183490,2025,(주)엔지켐생명과학,,,small_and_medium,2024,138767174,85065562,1530,130150309860,0.9379041606770777
KOSDAQ,184230,2025,에스지에이솔루션즈(주),,,small_and_medium,2024,52975687,88776993,628,55751951604,1.0524063917094648
KOSDAQ,185490,2025,아이진(주),,,small_and_medium,2024,54252381,43229784,1739,75176594376,1.3856828583431204
KOSDAQ,186230,2025,(주)그린플러스,,,small_and_medium,2024,37440293,11265015,5870,66125638050,1.7661624082375638
KOSDAQ,187220,2025,(주)디티앤씨,,,mid_sized,2024,116460471,11698021,2375,27782799875,0.23855991338898158
KOSDAQ,187270,2025,(주)신화콘텍,,,small_and_medium,2024,70887704,10143845,3170,32155988650,0.4536187072725617
KOSDAQ,187420,2025,에이치엘비제넥스(주),,,small_and_medium,2024,54747368,29160469,2650,77275242850,1.4114878152681238
KOSDAQ,187660,2025,현대에이디엠바이오(주),,,small_and_medium,2024,,55466253,2380,132009682140,
KOSDAQ,187790,2025,(주)나노,,,small_and_medium,2024,39884466,30840830,3480,107326088400,2.6909245419005985
KOSDAQ,187870,2025,(주)디바이스,,,small_and_medium,2024,161033111,7036609,13830,97316302470,0.6043247992023205
KOSDAQ,188040,2025,(주)바이오포트코리아,,,other,,40466481,4679308,8050,37668429400,0.9308550797881338
KOSDAQ,188260,2025,(주)세니젠,,,small_and_medium,2024,,7228470,1923,13900347810,
KOSDAQ,189300,2025,(주)인텔리안테크놀로지스,,,small_and_medium,2024,266272018,10733334,59500,638633373000,2.3984246553462483
KOSDAQ,189330,2025,(주)씨이랩,,,small_and_medium,2024,25126707,9382284,4825,45269520300,1.8016495476307341
KOSDAQ,189860,2025,(주)서전기전,,,small_and_medium,2024,,9698780,3095,30017724100,
KOSDAQ,189980,2025,(주)흥국에프엔비,,,small_and_medium,2024,100057262,40137827,1610,64621901470,0.6458491885376596
KOSDAQ,190510,2025,(주)나무가,,,mid_sized,2024,171713875,14045317,17450,245090781650,1.427320777951112
KOSDAQ,191410,2025,(주)육일씨엔에쓰,,,small_and_medium,2024,23744310,13357701,3000,40073103000,1.687692883052824
KOSDAQ,191420,2025,테고사이언스(주),,,small_and_medium,2024,50327708,8108834,16300,132173994200,2.6262669104660996
KOSDAQ,192250,2025,(주)케이사인,,,small_and_medium,2024,121456775,7067125,9890,69893866250,0.5754628858703024
KOSDAQ,192390,2025,(주)윈하이텍,,,small_and_medium,2024,72493561,11032229,2185,24105420365,0.33251808895137597
KOSDAQ,192410,2025,(주)오늘이엔엠,,,small_and_medium,2024,9319596,46661573,732,34156271436,3.664994859863024
KOSDAQ,192440,2025,(주)슈피겐코리아,,,mid_sized,2024,530316908,6216363,22050,137070804150,0.25846960955278464
KOSDAQ,193250,2025,(주)링크드,,,small_and_medium,2024,59831055,64592413,410,26482889330,0.4426278181121827
KOSDAQ,194480,2025,데브시스터즈(주),,,small_and_medium,2024,169453651,12129150,30300,367513245000,2.1688127864533295
KOSDAQ,194700,2025,(주)노바렉스,,,mid_sized,2024,254639697,18754848,14000,262567872000,1.0311348744653903
KOSDAQ,195500,2025,(주)마니커에프앤지,,,small_and_medium,2024,,15978000,2830,45217740000,
KOSDAQ,195940,2025,에이치케이이노엔(주),,,mid_sized,2024,,28329891,49300,1396663626300,
KOSDAQ,195990,2025,(주)에이비프로바이오,,,small_and_medium,2024,54028843,284689721,260,74019327460,1.369996530556836
KOSDAQ,196170,2025,(주)알테오젠,,,small_and_medium,2024,454442940,53940636,449500,24246315882000,53.353927958480334
KOSDAQ,196300,2025,에이치엘비펩(주),,,small_and_medium,2024,,9293398,7160,66540729680,
KOSDAQ,196450,2025,(주)코아시아씨엠,,,mid_sized,2024,64819841,45319582,763,34578841066,0.5334607510993432
KOSDAQ,196490,2025,(주)디에이테크놀로지,,,small_and_medium,2024,-10796121,178549360,203,36245520080,-3.3572724944449956
KOSDAQ,196700,2025,(주)웹스,,,small_and_medium,2024,40355874,14364144,2135,30667447440,0.7599252450832809
KOSDAQ,197140,2025,(주)디지캡,,,small_and_medium,2024,,13013154,2445,31817161530,
KOSDAQ,198080,2025,(주)캐프,,,mid_sized,2024,131606938,21535185,2170,46731351450,0.3550827346959474
KOSDAQ,198440,2025,(주)강동씨앤엘,,,small_and_medium,2024,,60931896,1088,66293902848,
KOSDAQ,198940,2025,한주라이트메탈(주),,,mid_sized,2024,46503853,40128019,643,25802316217,0.5548425464229814
KOSDAQ,199430,2025,(주)케이엔알시스템,,,small_and_medium,2024,22883785,10998043,27100,298046965300,13.024373603405206
KOSDAQ,199480,2025,뱅크웨어글로벌(주),,,small_and_medium,2024,17941800,10196588,5270,53736018760,2.9950182679552775
KOSDAQ,199550,2025,(주)레이저옵텍,,,small_and_medium,2024,22181524,12265791,5500,67461850500,3.041353267701534
KOSDAQ,199730,2025,(주)바이오인프라,,,small_and_medium,2024,,4864367,4730,23008455910,
KOSDAQ,199800,2025,(주)툴젠,,,small_and_medium,2024,55851492,8968285,58600,525541501000,9.409623309615435
KOSDAQ,199820,2025,제일일렉트릭(주),,,small_and_medium,2024,158537027,22220000,9680,215089600000,1.3567152359934187
KOSDAQ,200130,2025,콜마비앤에이치(주),,,mid_sized,2024,355476298,29415558,12800,376519142400,1.0591961954099116
KOSDAQ,200230,2025,(주)텔콘알에프제약,,,small_and_medium,2024,108818117,68523533,917,62836079761,0.577441344266231
KOSDAQ,200350,2025,(주)아티스트스튜디오,,,small_and_medium,2024,49534896,9996025,5670,56677461750,1.144192606157889
KOSDAQ,200470,2025,(주)에이팩트,,,small_and_medium,2024,,42362093,6790,287638611470,
KOSDAQ,200670,2025,(주)휴메딕스,,,mid_sized,2024,,11229930,40350,453127675500,
KOSDAQ,200710,2025,(주)에이디테크놀로지,,,mid_sized,2024,135907376,13440822,33850,454971824700,3.3476610180451134
KOSDAQ,200780,2025,(주)비씨월드제약,,,small_and_medium,2024,72501955,9736240,5510,53646682400,0.7399342872892186
KOSDAQ,201490,2025,(주)미투온,,,small_and_medium,2024,242151324,32593810,3610,117663654100,0.48590960460740656
KOSDAQ,203400,2025,에이비온(주),,,small_and_medium,2024,68362173,90101304,3130,282017081520,4.125338167936821
KOSDAQ,203450,2025,(주)유니온바이오메트릭스,,,small_and_medium,2024,41492608,14079007,3115,43856106805,1.056961924519182
KOSDAQ,203650,2025,(주)드림시큐리티,,,mid_sized,2024,149933736,95632844,1645,157316028380,1.0492370334852459
KOSDAQ,203690,2025,(주)아크솔루션스,,,small_and_medium,2024,25961951,20157320,4425,89196141000,3.4356486151599315
KOSDAQ,204020,2025,(주)그리티,,,mid_sized,2024,83447448,19450832,2190,42597322080,0.5104688411801401
KOSDAQ,204270,2025,(주)제이앤티씨,,,mid_sized,2024,247710099,57848466,19820,1146556596120,4.628622735805374
KOSDAQ,204610,2025,(주)티쓰리엔터테인먼트,,,small_and_medium,2024,110492370,58691720,1850,108579682000,0.9826894110425906
KOSDAQ,204620,2025,글로벌텍스프리(주),,,other,,139865918,70283330,4480,314869318400,2.2512226202240346
KOSDAQ,204840,2025,지엘팜텍(주),,,small_and_medium,2024,19918857,77549006,1091,84605965546,4.247531148298319
KOSDAQ,205100,2025,(주)엑셈,,,small_and_medium,2024,140994601,71462308,1971,140852209068,0.998990089471582
KOSDAQ,205470,2025,휴마시스(주),,,small_and_medium,2024,235375973,129375009,1014,131186259126,0.5573477082386824
KOSDAQ,205500,2025,(주)넥써쓰,,,small_and_medium,2024,30098075,59724193,1947,116283003771,3.8634697990153857
KOSDAQ,206400,2025,(주)베노티앤알,,,small_and_medium,2024,71852595,37510158,1626,60991516908,0.8488422291219963
KOSDAQ,206560,2025,(주)덱스터스튜디오,,,small_and_medium,2024,43316756,25411736,3985,101265767960,2.337796670646343
KOSDAQ,206640,2025,바디텍메드(주),,,mid_sized,2024,244177648,23346171,13120,306301763520,1.2544217950694652
KOSDAQ,206650,2025,(주)유바이오로직스,,,small_and_medium,2024,,36672307,11360,416597407520,
KOSDAQ,207760,2025,미스터블루(주),,,small_and_medium,2024,40409085,83079783,1249,103766648967,2.567903949495516
KOSDAQ,208140,2025,(주)정다운,,,mid_sized,2024,131581025,32684246,2640,86286409440,0.65576635719322
KOSDAQ,208350,2025,(주)지란지교시큐리티,,,small_and_medium,2024,66381541,8501570,2950,25079631500,0.3778103238067342
KOSDAQ,208370,2025,(주)셀바스헬스케어,,,small_and_medium,2024,71125173,25740564,5810,149552676840,2.1026687251783556
KOSDAQ,208640,2025,(주)썸에이지,,,small_and_medium,2024,12926582,139240254,263,36620186802,2.8329365645148887
KOSDAQ,208710,2025,(주)포톤,,,small_and_medium,2024,47575058,13180132,2150,28337283800,0.5956331950241658
KOSDAQ,208860,2025,(주)다산디엠씨,,,small_and_medium,2024,55598948,33949973,1499,50891009527,0.9153232454506154
KOSDAQ,209640,2025,와이제이링크(주),,,small_and_medium,2024,74489801,28443146,4155,118181271630,1.5865429903618617
KOSDAQ,210120,2025,(주)캔버스엔,,,small_and_medium,2024,,24237478,1154,27970049612,
KOSDAQ,211050,2025,인카금융서비스(주),,,other,,214409548,49263657,12810,631067446170,2.9432805211174644
KOSDAQ,211270,2025,에이피위성(주),,,small_and_medium,2024,,15082304,12670,191092791680,
KOSDAQ,212560,2025,(주)네오오토,,,mid_sized,2024,,11812241,8850,104538332850,
KOSDAQ,212710,2025,(주)아이에스티이,,,other,,20549344,9410478,8040,75660243120,3.681881189005352
KOSDAQ,213420,2025,덕산네오룩스(주),,,mid_sized,2024,470459613,24831179,36500,906338033500,1.926494875342254
KOSDAQ,214150,2025,(주)클래시스,,,small_and_medium,2024,551674456,65505659,54500,3570058415500,6.4713136101773765
KOSDAQ,214180,2025,(주)헥토이노베이션,,,mid_sized,2024,359509412,12993367,16120,209453076040,0.5826080459890713
KOSDAQ,214260,2025,(주)라파스,,,small_and_medium,2024,30713793,8922463,13100,116884265300,3.805595267898042
KOSDAQ,214270,2025,(주)에프에스엔,,,mid_sized,2024,94111097,43690959,1927,84192477993,0.8946073383142054
KOSDAQ,214370,2025,(주)케어젠,,,small_and_medium,2024,212474771,53715000,71800,3856737000000,18.151505620401398
KOSDAQ,214430,2025,아이쓰리시스템(주),,,small_and_medium,2024,,7307215,76500,559001947500,
KOSDAQ,214450,2025,(주)파마리서치,,,small_and_medium,2024,723877586,11565295,403000,4660813885000,6.438676891150488
KOSDAQ,214610,2025,롤링스톤(주),,,small_and_medium,2024,,8383322,3605,30221875810,
KOSDAQ,214680,2025,(주)디알텍,,,small_and_medium,2024,76765001,88477056,2105,186244202880,2.426160365450917
KOSDAQ,215000,2025,(주)골프존,,,mid_sized,2024,438933561,6275415,57800,362718987000,0.8263642136947464
KOSDAQ,215090,2025,(주)솔디펜스,,,small_and_medium,2024,52178274,23155661,2335,54068468435,1.0362256987458036
KOSDAQ,215100,2025,(주)로보로보,,,small_and_medium,2024,29807802,20348454,7740,157497033960,5.283752017676446
KOSDAQ,215200,2025,메가스터디교육(주),,,mid_sized,2024,520580075,10365216,42150,436893854400,0.8392442880185147
KOSDAQ,215360,2025,우리산업(주),,,mid_sized,2024,123376072,9132163,8210,74975058230,0.6076952930548802
KOSDAQ,215380,2025,(주)우정바이오,,,small_and_medium,2024,,16829576,1761,29636883336,
KOSDAQ,215480,2025,(주)토박스코리아,,,small_and_medium,2024,31810433,9180000,2000,18360000000,0.5771691319008453
KOSDAQ,215600,2025,신라젠(주),,,small_and_medium,2024,110121958,138129836,3505,484145075180,4.396444487301978
KOSDAQ,215790,2025,(주)이노인스트루먼트,,,small_and_medium,2024,34177979,40283149,543,21873749907,0.6399954165516926
KOSDAQ,216050,2025,인크로스(주),,,large,2024,129997941,12843222,6700,86049587400,0.6619303870358992
KOSDAQ,216080,2025,(주)제테마,,,small_and_medium,2024,65002307,36007518,6120,220366010160,3.3901259867592084
KOSDAQ,217190,2025,제너셈(주),,,small_and_medium,2024,50207530,13153761,5110,67215718710,1.3387577263808834
KOSDAQ,217270,2025,(주)넵튠,,,large,2024,315950778,46735643,5130,239753848590,0.75883291096058
KOSDAQ,217330,2025,(주)싸이토젠,,,small_and_medium,2024,35992834,23129547,8990,207934627530,5.777111842040557
KOSDAQ,217480,2025,(주)에스디생명공학,,,mid_sized,2024,29903311,109733141,499,54756837359,1.8311295815704154
KOSDAQ,217500,2025,(주)러셀,,,small_and_medium,2024,53447774,31812000,1898,60379176000,1.1296855131890058
KOSDAQ,217730,2025,(주)강스템바이오텍,,,small_and_medium,2024,69060335,94054149,2320,218205625680,3.1596375210169483
KOSDAQ,217820,2025,(주)원익피앤이,,,mid_sized,2024,102420064,47454559,3640,172734594760,1.6865308223201267
KOSDAQ,218150,2025,(주)미래생명자원,,,small_and_medium,2024,42752818,20415802,2975,60737010950,1.4206551472232778
KOSDAQ,218410,2025,알에프에이치아이씨(주),,,small_and_medium,2024,396459690,26503442,32650,865337381300,2.1826617008654776
KOSDAQ,219130,2025,(주)타이거일렉,,,mid_sized,2024,,6314290,22200,140177238000,
KOSDAQ,219420,2025,(주)링크제니시스,,,small_and_medium,2024,47955244,11469507,5100,58494485700,1.219772454916505
KOSDAQ,219550,2025,(주)디와이디,,,small_and_medium,2024,11377268,31277669,876,27399238044,2.4082440568333277
KOSDAQ,219750,2025,(주)한국비티비,,,small_and_medium,2024,,65426885,863,56463401755,
KOSDAQ,220100,2025,(주)퓨쳐켐,,,small_and_medium,2024,54831167,22480905,30850,693535919250,12.648571190359673
KOSDAQ,220180,2025,(주)핸디소프트,,,small_and_medium,2024,78286574,23930842,2005,47981338210,0.6128935749570545
KOSDAQ,220260,2025,(주)켐트로스,,,small_and_medium,2024,,26558307,7450,197859387150,
KOSDAQ,221800,2025,(주)유투바이오,,,small_and_medium,2024,,13544196,3920,53093248320,
KOSDAQ,221840,2025,하이즈항공(주),,,small_and_medium,2024,45064314,18700561,2195,41047731395,0.9108699933832345
KOSDAQ,221980,2025,케이디켐(주),,,small_and_medium,2024,102574828,4034800,10560,42607488000,0.41537957051217284
KOSDAQ,222040,2025,코스맥스엔비티(주),,,mid_sized,2024,48842379,20628000,3500,72198000000,1.4781835258270282
KOSDAQ,222080,2025,씨아이에스(주),,,mid_sized,2024,507689682,77371839,6650,514522729350,1.0134591022671207
KOSDAQ,222110,2025,(주)팬젠,,,small_and_medium,2024,,13494197,5600,75567503200,
KOSDAQ,222160,2025,(주)엔피엑스,,,small_and_medium,2024,4488669,9894439,8040,79551289560,17.722690080288835
KOSDAQ,222420,2025,(주)쎄노텍,,,small_and_medium,2024,,45460231,835,37959292885,
KOSDAQ,222800,2025,(주)심텍,,,mid_sized,2024,576366152,37342218,49350,1842838458300,3.1973398366738235
KOSDAQ,222980,2025,한국맥널티(주),,,small_and_medium,2024,37166087,11031483,3235,35686847505,0.9601992134657598
KOSDAQ,223250,2025,(주)드림씨아이에스,,,mid_sized,2024,85796853,23799324,6380,151839687120,1.7697582348387533
KOSDAQ,223310,2025,사토시홀딩스(주),,,small_and_medium,2024,17264605,26023214,2320,60373856480,3.4969729385641894
KOSDAQ,224060,2025,(주)더코디,,,small_and_medium,2024,10751875,5160722,2550,13159841100,1.2239577841074232
KOSDAQ,224110,2025,(주)에이텍모빌리티,,,small_and_medium,2024,,5340000,9550,50997000000,
KOSDAQ,225190,2025,엘케이삼양(주),,,small_and_medium,2024,33266848,70468440,1365,96189420600,2.8914497880893313
KOSDAQ,225220,2025,(주)제놀루션,,,small_and_medium,2024,67878596,19190021,1899,36441849879,0.5368680560069333
KOSDAQ,225430,2025,케이엠제약(주),,,small_and_medium,2024,,27887050,538,15003232900,
KOSDAQ,225530,2025,(주)에이치씨보광산업,,,small_and_medium,2024,91943542,36338727,2915,105927389205,1.1520916738774323
KOSDAQ,225570,2025,(주)넥슨게임즈,,,large,2024,254873786,65860174,12010,790980689740,3.103421117383959
KOSDAQ,225590,2025,패션플랫폼(주),,,small_and_medium,2024,77806986,26636713,870,23173940310,0.2978388124428827
KOSDAQ,226330,2025,(주)신테카바이오,,,small_and_medium,2024,31779056,24258475,3895,94486760125,2.973239989413153
KOSDAQ,226340,2025,(주)본느,,,small_and_medium,2024,36079740,41952420,650,27269073000,0.755800152661854
KOSDAQ,226400,2025,(주)오스테오닉,,,small_and_medium,2024,67577173,20661601,6220,128515158220,1.9017539875484286
KOSDAQ,226590,2025,엠디바이스(주),,,other,,47928406,10630784,13280,141176811520,2.9455770241973
KOSDAQ,226950,2025,올릭스(주),,,small_and_medium,2024,150078672,22169230,140400,3112559892000,20.739521815598156
KOSDAQ,227610,2025,(주)아우딘퓨쳐스,,,small_and_medium,2024,18374830,36120292,795,28715632140,1.5627699488920441
KOSDAQ,227950,2025,(주)엔투텍,,,small_and_medium,2024,127709936,172541047,330,56938545510,0.44584272213557447
KOSDAQ,228340,2025,동양파일(주),,,mid_sized,2024,,20000000,1910,38200000000,
KOSDAQ,228670,2025,(주)레이,,,small_and_medium,2024,74795465,15624833,6770,105780119410,1.414258463531178
KOSDAQ,228760,2025,(주)지노믹트리,,,small_and_medium,2024,115309591,24382071,27450,669287848950,5.804268692185371
KOSDAQ,228850,2025,(주)레이언스,,,mid_sized,2024,237365639,16591014,5200,86273272800,0.36346150674318956
KOSDAQ,229000,2025,(주)젠큐릭스,,,small_and_medium,2024,,17433615,1551,27039536865,
KOSDAQ,230240,2025,(주)에치에프알,,,mid_sized,2024,158571880,13309000,11580,154118220000,0.9719139358125791
KOSDAQ,230360,2025,(주)에코마케팅,,,mid_sized,2024,265995310,30998758,10700,331686710600,1.2469645070057813
KOSDAQ,230980,2025,(주)비유테크놀러지,,,small_and_medium,2024,2051990,93320557,229,21370407553,10.41447938488979
KOSDAQ,232140,2025,(주)와이씨,,,mid_sized,2024,476196299,82045350,14480,1188016668000,2.4948044965800964
KOSDAQ,232680,2025,(주)라온로보틱스,,,small_and_medium,2024,35744236,12534234,14550,182373104700,5.1021682125196355
KOSDAQ,232830,2025,(주)아이티센피엔에스,,,small_and_medium,2024,26006165,16533726,2440,40342291440,1.5512587665270907
KOSDAQ,234030,2025,(주)싸이닉솔루션,,,other,,36546000,23605000,8850,208904250000,5.716200131341323
KOSDAQ,234100,2025,(주)폴라리스세원,,,small_and_medium,2024,382742011,70198985,1049,73638735265,0.1923978375736757
KOSDAQ,234300,2025,에스트래픽(주),,,mid_sized,2024,102238654,27207780,3500,95227230000,0.9314210063837499
KOSDAQ,234340,2025,(주)헥토파이낸셜,,,mid_sized,2024,179149221,13970656,15410,215287808960,1.2017233887944174
KOSDAQ,234690,2025,(주)녹십자웰빙,,,mid_sized,2024,112703405,17752276,9140,162255802640,1.4396708124302011
KOSDAQ,234920,2025,자이글(주),,,small_and_medium,2024,,13530910,5310,71849132100,
KOSDAQ,235980,2025,(주)메드팩토,,,small_and_medium,2024,45981935,34275121,6680,228957808280,4.97929911562008
KOSDAQ,236200,2025,(주)슈프리마,,,small_and_medium,2024,271121495,7257273,39100,283759374300,1.046613343217217
KOSDAQ,236810,2025,(주)엔비티,,,small_and_medium,2024,20796510,16975426,2100,35648394600,1.7141527400510952
KOSDAQ,237690,2025,에스티팜(주),,,mid_sized,2024,593003682,20701684,119200,2467640732800,4.161257016950529
KOSDAQ,237750,2025,피앤씨테크(주),,,small_and_medium,2024,,6496600,3855,25044393000,
KOSDAQ,237820,2025,(주)플레이디,,,mid_sized,2024,91009360,12827140,4610,59133115400,0.6497476237608967
KOSDAQ,237880,2025,(주)클리오,,,mid_sized,2024,240875374,18071353,13030,235469729590,0.9775583351663005
KOSDAQ,238090,2025,(주)앤디포스,,,small_and_medium,2024,95452894,23541303,1864,43880988792,0.4597135503508149
KOSDAQ,238120,2025,(주)얼라인드제네틱스,,,small_and_medium,2024,37161352,14378896,3870,55646327520,1.497424730940898
KOSDAQ,238200,2025,(주)비피도,,,small_and_medium,2024,45929765,8180000,3065,25071700000,0.5458704175821496
KOSDAQ,238490,2025,(주)힘스,,,small_and_medium,2024,,11312236,3515,39762509540,
KOSDAQ,239340,2025,(주)이스트에이드,,,small_and_medium,2024,15107786,26979634,1576,42519903184,2.814436422649884
KOSDAQ,239610,2025,(주)에이치엘사이언스,,,small_and_medium,2024,82770167,5392115,8090,43622210350,0.5270281785223413
KOSDAQ,239890,2025,(주)피엔에이치테크,,,small_and_medium,2024,,9935755,4805,47741302775,
KOSDAQ,240550,2025,(주)동방메디컬,,,other,,125316443,20810260,7810,162528130600,1.2969417796194551
KOSDAQ,240600,2025,(주)유진테크놀로지,,,small_and_medium,2024,38390795,6928151,3815,26430896065,0.6884696205171057
KOSDAQ,240810,2025,(주)원익아이피에스,,,mid_sized,2024,970015556,49083901,67900,3332796877900,3.435817969397596
KOSDAQ,241690,2025,(주)유니테크노,,,small_and_medium,2024,137325889,24470706,3370,82466279220,0.600515167391343
KOSDAQ,241710,2025,(주)코스메카코리아,,,mid_sized,2024,336235391,10680000,66600,711288000000,2.1154465563085236
KOSDAQ,241770,2025,(주)메카로,,,small_and_medium,2024,205450522,10192640,23000,234430720000,1.1410568234039338
KOSDAQ,241790,2025,티이엠씨씨엔에스(주),,,small_and_medium,2024,115899926,10002634,6610,66117410740,0.5704698270471718
KOSDAQ,241840,2025,(주)에이스토리,,,small_and_medium,2024,48066469,9539994,7180,68497156920,1.4250507338078027
KOSDAQ,242040,2025,나무기술(주),,,small_and_medium,2024,46222626,34506544,1324,45686664256,0.9884047750986714
KOSDAQ,243070,2025,(주)휴온스,,,mid_sized,2024,414861335,11979665,27400,328242821000,0.7912109259350477
KOSDAQ,243840,2025,신흥에스이씨(주),,,small_and_medium,2024,353910956,45251675,4840,219018107000,0.6188508812369177
KOSDAQ,244460,2025,올리패스(주),,,small_and_medium,2024,,8161998,1651,13475458698,
KOSDAQ,245620,2025,이원다이애그노믹스(주),,,small_and_medium,2024,-22525441,138493951,415,57474989665,-2.551558909101935
KOSDAQ,246250,2025,(주)에스엘에스바이오,,,small_and_medium,2024,,15348206,1969,30220617614,
KOSDAQ,246710,2025,(주)티앤알바이오팹,,,small_and_medium,2024,23077866,47569048,3910,185994977680,8.059453056881429
KOSDAQ,246720,2025,(주)아스타,,,small_and_medium,2024,,15181300,8270,125549351000,
KOSDAQ,246960,2025,(주)에스씨엘사이언스,,,small_and_medium,2024,23498354,34017047,2300,78239208100,3.329561215223841
KOSDAQ,247540,2025,(주)에코프로비엠,,,mid_sized,2024,2016007935,97801344,146600,14337677030400,7.111914978846549
KOSDAQ,247660,2025,나노씨엠에스(주),,,small_and_medium,2024,,4343920,5240,22762140800,
KOSDAQ,250000,2025,(주)보라티알,,,small_and_medium,2024,88959347,6750733,7960,53735834680,0.6040493381769091
KOSDAQ,250060,2025,(주)모비스,,,small_and_medium,2024,,32171314,3825,123055276050,
KOSDAQ,250930,2025,(주)예선테크,,,small_and_medium,2024,15351619,33000440,491,16203216040,1.0554727836849
KOSDAQ,251120,2025,(주)바이오에프디엔씨,,,small_and_medium,2024,,8695700,15800,137392060000,
KOSDAQ,251370,2025,와이엠티(주),,,small_and_medium,2024,218251430,17624010,11770,207434597700,0.9504386647088635
KOSDAQ,251630,2025,(주)브이원텍,,,small_and_medium,2024,126474019,15942886,5580,88961303880,0.7033958799079517
KOSDAQ,251970,2025,펌텍코리아(주),,,mid_sized,2024,355332818,12400000,52100,646040000000,1.818126464187161
KOSDAQ,252500,2025,(주)세화피앤씨,,,small_and_medium,2024,,41486390,805,33396543950,
KOSDAQ,252990,2025,(주)샘씨엔에스,,,mid_sized,2024,,58388063,6730,392951663990,
KOSDAQ,253450,2025,스튜디오드래곤(주),,,large,2024,800250817,30058498,42750,1285000789500,1.6057475508956587
KOSDAQ,253590,2025,(주)네오셈,,,small_and_medium,2024,119203555,43869164,10960,480806037440,4.03348740261983
KOSDAQ,253840,2025,(주)수젠텍,,,small_and_medium,2024,76544322,16743200,6140,102803248000,1.3430551778876558
KOSDAQ,254120,2025,(주)자비스,,,small_and_medium,2024,24730239,30754270,1491,45854616570,1.8541922126187296
KOSDAQ,254490,2025,미래반도체(주),,,mid_sized,2024,,14438000,16280,235050640000,
KOSDAQ,255220,2025,에스지이(주),,,mid_sized,2024,102177351,103937890,2595,269718824550,2.6397124402843444
KOSDAQ,255440,2025,(주)야스,,,small_and_medium,2024,133380863,13058000,10540,137631320000,1.0318670677666855
KOSDAQ,256150,2025,(주)한독크린텍,,,small_and_medium,2024,,8395000,5530,46424350000,
KOSDAQ,256630,2025,(주)포인트엔지니어링,,,small_and_medium,2024,66720668,57997072,1060,61476896320,0.9214070866316866
KOSDAQ,256840,2025,(주)한국비엔씨,,,small_and_medium,2024,239536067,68394886,4480,306409089280,1.2791772575943647
KOSDAQ,256940,2025,(주)킵스바이오파마,,,small_and_medium,2024,81502555,20078147,10400,208812728800,2.5620390526407424
KOSDAQ,257370,2025,(주)피엔티엠에스,,,small_and_medium,2024,,12504861,2845,35576329545,
KOSDAQ,257720,2025,(주)실리콘투,,,small_and_medium,2024,457429946,65576252,38650,2534522139800,5.540787528151906
KOSDAQ,258610,2025,(주)케일럼,,,small_and_medium,2024,45524289,36485063,1376,50203446688,1.1027837620484309
KOSDAQ,258790,2025,소프트캠프(주),,,small_and_medium,2024,15422579,24991284,1456,36387309504,2.359353095484225
KOSDAQ,258830,2025,(주)세종메디칼,,,small_and_medium,2024,22636699,65786351,412,27103976612,1.197346689638803
KOSDAQ,259630,2025,(주)엠플러스,,,mid_sized,2024,101975637,12157656,11820,143703493920,1.4091943737502715
KOSDAQ,260660,2025,알리코제약(주),,,mid_sized,2024,,15327021,4275,65523014775,
KOSDAQ,260930,2025,(주)씨티케이,,,small_and_medium,2024,146347679,19341591,4565,88294362915,0.6033191883760589
KOSDAQ,260970,2025,(주)에스앤디,,,small_and_medium,2024,,2892754,68100,196996547400,
KOSDAQ,261200,2025,(주)덴티스,,,small_and_medium,2024,45793085,15809700,4265,67428370500,1.4724574791150236
KOSDAQ,261520,2025,(주)이지스,,,other,,,9769161,10240,100036208640,
KOSDAQ,261780,2025,(주)차백신연구소,,,small_and_medium,2024,,26865246,2825,75894319950,
KOSDAQ,262260,2025,(주)에이프로,,,small_and_medium,2024,61311020,14468152,5130,74221619760,1.2105755174192177
KOSDAQ,262840,2025,(주)아이퀘스트,,,small_and_medium,2024,59938707,21133905,1828,38632778340,0.644538066862203
KOSDAQ,263020,2025,(주)디케이앤디,,,small_and_medium,2024,81093614,13836146,3025,41854341650,0.5161237683894566
KOSDAQ,263050,2025,(주)유틸렉스,,,small_and_medium,2024,15786887,36834856,1108,40813020448,2.585248152343144
KOSDAQ,263600,2025,덕우전자(주),,,mid_sized,2024,109229155,15930310,4780,76146881800,0.6971296427222201
KOSDAQ,263690,2025,(주)디알젬,,,small_and_medium,2024,92112396,11325610,5340,60478757400,0.656575662194261
KOSDAQ,263700,2025,(주)케어랩스,,,mid_sized,2024,74631216,19414200,2940,57077748000,0.764797239803784
KOSDAQ,263720,2025,(주)디앤씨미디어,,,small_and_medium,2024,95662211,12412591,12300,152674869300,1.5959788897206233
KOSDAQ,263750,2025,(주)펄어비스,,,mid_sized,2024,799102814,64247855,37400,2402869777000,3.006959473677939
KOSDAQ,263770,2025,(주)유에스티,,,mid_sized,2024,,23700172,1903,45101427316,
KOSDAQ,263800,2025,(주)데이타솔루션,,,mid_sized,2024,,16222380,4995,81030788100,
KOSDAQ,263810,2025,상신전자(주),,,mid_sized,2024,52782382,15924825,3085,49128085125,0.9307667305541459
KOSDAQ,263860,2025,지니언스(주),,,small_and_medium,2024,62211096,9079600,18650,169334540000,2.72193468509219
KOSDAQ,263920,2025,(주)휴엠앤씨,,,mid_sized,2024,45513234,9809026,3860,37862840360,0.8319083710904832
KOSDAQ,264450,2025,(주)유비쿼스,,,mid_sized,2024,195837144,14665493,9700,142255282100,0.7263958164136626
KOSDAQ,264660,2025,씨앤지하이테크(주),,,mid_sized,2024,143157313,9721172,15900,154566634800,1.0796977923160656
KOSDAQ,264850,2025,(주)이랜시스,,,small_and_medium,2024,53925506,30294612,6850,207518092200,3.8482363466371554
KOSDAQ,265520,2025,에이피시스템(주),,,mid_sized,2024,367562254,15050821,19370,291534402770,0.7931565322537172
KOSDAQ,265560,2025,영화테크(주),,,small_and_medium,2024,92721058,10690180,6860,73334634800,0.7909167171064851
KOSDAQ,265740,2025,(주)엔에프씨,,,small_and_medium,2024,,17863600,4215,75295074000,
KOSDAQ,267320,2025,(주)나인테크,,,small_and_medium,2024,101514694,57668330,2890,166661473700,1.6417472893136043
KOSDAQ,267790,2025,(주)배럴,,,small_and_medium,2024,46955194,9032673,3790,34233830670,0.7290744165597527
KOSDAQ,267980,2025,매일유업(주),,,mid_sized,2024,631105922,7663638,35200,269760057600,0.4274402254777131
KOSDAQ,269620,2025,(주)시스웍,,,small_and_medium,2024,-23157672,148582691,889,132090012299,-5.703941756278438
KOSDAQ,270520,2025,(주)앱튼,,,small_and_medium,2024,95184342,196589147,347,68216434009,0.7166770560750423
KOSDAQ,270660,2025,에브리봇(주),,,small_and_medium,2024,62830597,12690583,23150,293786996450,4.675858745222491
KOSDAQ,270870,2025,(주)뉴트리,,,mid_sized,2024,105103581,9200224,5130,47197149120,0.44905367325210355
KOSDAQ,271830,2025,팸텍(주),,,small_and_medium,2024,61534271,29490202,1790,52787461580,0.8578546673608922
KOSDAQ,272110,2025,(주)케이엔제이,,,small_and_medium,2024,97192301,8025395,21600,173348532000,1.78356238319741
KOSDAQ,272290,2025,(주)이녹스첨단소재,,,mid_sized,2024,522325373,19927658,22750,453354219500,0.8679536605624556
KOSDAQ,273060,2025,(주)와이즈버즈,,,mid_sized,2024,49914239,50459582,885,44656730070,0.8946691558294618
KOSDAQ,273640,2025,(주)와이엠텍,,,small_and_medium,2024,,10966000,8280,90798480000,
KOSDAQ,274090,2025,켄코아에어로스페이스(주),,,small_and_medium,2024,160350559,13104750,17780,233002455000,1.4530816509345628
KOSDAQ,274400,2025,(주)이노시뮬레이션,,,small_and_medium,2024,,9086493,4200,38163270600,
KOSDAQ,275630,2025,(주)에스에스알,,,small_and_medium,2024,24666465,6017989,2810,16910549090,0.6855684059308863
KOSDAQ,276040,2025,(주)스코넥엔터테인먼트,,,small_and_medium,2024,13200557,21630335,1474,31883113790,2.415285490604677
KOSDAQ,276730,2025,(주)한울앤제주,,,small_and_medium,2024,15979664,22149847,1323,29304247581,1.8338462924502041
KOSDAQ,277410,2025,(주)인산가,,,small_and_medium,2024,65566291,38411505,1217,46746801585,0.7129700471390092
KOSDAQ,277810,2025,(주)레인보우로보틱스,,,small_and_medium,2024,133830651,19399858,470500,9127633189000,68.20286026255674
KOSDAQ,277880,2025,(주)티에스아이,,,small_and_medium,2024,125950419,24880237,4820,119922742340,0.9521424644089512
KOSDAQ,278280,2025,(주)천보,,,mid_sized,2024,467388735,11690462,49150,574586207300,1.2293539922394578
KOSDAQ,278650,2025,에이치엘비바이오스텝(주),,,small_and_medium,2024,100937113,87005539,1454,126506053706,1.2533155540717713
KOSDAQ,279600,2025,미디어젠(주),,,small_and_medium,2024,,4684781,7070,33121401670,
KOSDAQ,281740,2025,(주)레이크머티리얼즈,,,small_and_medium,2024,135845342,65730548,14750,969525583000,7.136980692352337
KOSDAQ,282720,2025,금양그린파워(주),,,mid_sized,2024,95649815,12119500,11250,136344375000,1.4254536195391492
KOSDAQ,282880,2025,(주)코윈테크,,,small_and_medium,2024,256094671,11469370,16030,183854001100,0.7179142009557864
KOSDAQ,284620,2025,(주)카이노스메드,,,small_and_medium,2024,4603006,33086953,1087,35965517911,7.813484907688585
KOSDAQ,285490,2025,(주)노바텍,,,small_and_medium,2024,163286585,10575831,20050,212045411550,1.2986088939884437
KOSDAQ,285800,2025,(주)진영,,,small_and_medium,2024,38311369,17477270,1616,28243268320,0.7372033173755811
KOSDAQ,286750,2025,(주)나노실리칸첨단소재,,,small_and_medium,2024,27420315,32028857,1800,57651942600,2.102526633993811
KOSDAQ,287840,2025,(주)인투셀,,,other,,,15000900,57400,861051660000,
KOSDAQ,288330,2025,파라택시스코리아(주),,,small_and_medium,2024,43789605,106080633,896,95048247168,2.170566443063371
KOSDAQ,288620,2025,에스퓨얼셀(주),,,small_and_medium,2024,45845227,6979316,10450,72933852200,1.5908712198109523
KOSDAQ,288980,2025,(주)모아데이타,,,small_and_medium,2024,19369616,34556562,1006,34763901372,1.7947646134027644
KOSDAQ,289010,2025,(주)아이스크림에듀,,,mid_sized,2024,,13945256,1805,25171187080,
KOSDAQ,289220,2025,(주)자이언트스텝,,,small_and_medium,2024,53562664,22312221,4295,95830989195,1.7891378441333687
KOSDAQ,289930,2025,(주)웨이비스,,,small_and_medium,2024,,12519593,8400,105164581200,
KOSDAQ,290090,2025,(주)트윔,,,small_and_medium,2024,62807489,7440268,7480,55653204640,0.8860918582495791
KOSDAQ,290120,2025,(주)디에이치오토리드,,,mid_sized,2024,110824788,15824249,2460,38927652540,0.3512540221597356
KOSDAQ,290270,2025,(주)휴네시온,,,small_and_medium,2024,51029662,9607672,3755,36076808360,0.7069772157221029
KOSDAQ,290520,2025,(주)신도기연,,,small_and_medium,2024,59255923,15929362,1812,28864003944,0.4871074904022675
KOSDAQ,290550,2025,(주)디케이티,,,mid_sized,2024,202811863,20001230,6860,137208437800,0.6765306317412014
KOSDAQ,290560,2025,파라택시스이더리움(주),,,small_and_medium,2024,,3727122,7850,29257907700,
KOSDAQ,290650,2025,(주)엘앤씨바이오,,,small_and_medium,2024,208533437,24618850,61100,1504211735000,7.213287982204983
KOSDAQ,290660,2025,(주)네오펙트,,,small_and_medium,2024,53177608,75753251,724,54845353724,1.0313618040886683
KOSDAQ,290670,2025,대보마그네틱(주),,,small_and_medium,2024,17975698,7857660,12750,100185165000,5.573367164935681
KOSDAQ,290690,2025,(주)소룩스,,,small_and_medium,2024,,48754156,4560,222318951360,
KOSDAQ,290720,2025,(주)푸드나무,,,small_and_medium,2024,35026768,34366855,1994,68527508870,1.9564325452465383
KOSDAQ,290740,2025,(주)액트로,,,small_and_medium,2024,73179376,10065011,16160,162650577760,2.2226286510013424
KOSDAQ,291230,2025,(주)엔피,,,small_and_medium,2024,28866072,44095775,811,35761673525,1.2388825720728474
KOSDAQ,291650,2025,(주)압타머사이언스,,,small_and_medium,2024,,41177092,758,31212235736,
KOSDAQ,291810,2025,(주)핀텔,,,small_and_medium,2024,,11368712,2300,26148037600,
KOSDAQ,293490,2025,(주)카카오게임즈,,,large,2024,1197974368,89786911,14900,1337824973900,1.116739230517493
KOSDAQ,293780,2025,압타바이오(주),,,small_and_medium,2024,47184637,28093405,9350,262673336750,5.566925030068579
KOSDAQ,294090,2025,이오플로우(주),,,small_and_medium,2024,-143972709,41079105,1490,61207866450,-0.42513520010240274
KOSDAQ,294140,2025,(주)레몬,,,mid_sized,2024,9091778,22414818,5170,115884609060,12.746088725439623
KOSDAQ,294570,2025,(주)쿠콘,,,small_and_medium,2024,,10091732,28400,286605188800,
KOSDAQ,294630,2025,(주)서남,,,small_and_medium,2024,,26366319,2665,70266240135,
KOSDAQ,295310,2025,(주)에이치브이엠,,,small_and_medium,2024,,11901931,58900,701023735900,
KOSDAQ,296640,2025,(주)이노룰스,,,small_and_medium,2024,34158925,5178252,5710,29567818920,0.8655957094668524
KOSDAQ,297090,2025,씨에스베어링(주),,,mid_sized,2024,100970595,27270000,6040,164710800000,1.6312749271211089
KOSDAQ,297570,2025,(주)알로이스,,,small_and_medium,2024,54720092,34621218,1121,38810385378,0.7092529262925947
KOSDAQ,297890,2025,에이치비솔루션(주),,,mid_sized,2024,247318979,73140914,2100,153595919400,0.6210438035165914
KOSDAQ,298060,2025,에스씨엠생명과학(주),,,small_and_medium,2024,36070339,44203176,1012,44733614112,1.2401772578849342
KOSDAQ,298380,2025,에이비엘바이오(주),,,small_and_medium,2024,156697416,55125165,200000,11025033000000,70.35874158894873
KOSDAQ,298540,2025,(주)더네이쳐홀딩스,,,mid_sized,2024,392722234,14486386,8820,127769924520,0.3253442597803108
KOSDAQ,298830,2025,슈어소프트테크(주),,,small_and_medium,2024,121927253,53458499,8040,429806331960,3.5251046946821645
KOSDAQ,299030,2025,(주)하나기술,,,small_and_medium,2024,100598962,7994910,26800,214263588000,2.1298787158459946
KOSDAQ,299170,2025,(주)더블유에스아이,,,small_and_medium,2024,62665664,41511288,2935,121835630280,1.9442166970416208
KOSDAQ,299660,2025,(주)셀리드,,,small_and_medium,2024,,29502977,2860,84378514220,
KOSDAQ,299900,2025,(주)위지윅스튜디오,,,small_and_medium,2024,132230481,171048884,602,102971428168,0.7787268668258115
KOSDAQ,300080,2025,(주)플리토,,,small_and_medium,2024,17210479,16505451,16740,276301249740,16.05424519212975
KOSDAQ,300120,2025,라온피플(주),,,small_and_medium,2024,43999916,20860012,1991,41532283892,0.9439173450240224
KOSDAQ,301300,2025,(주)바이브컴퍼니,,,small_and_medium,2024,43486607,13154712,3360,44199832320,1.016401034001112
KOSDAQ,302430,2025,(주)이노메트리,,,small_and_medium,2024,59546014,9833208,7070,69520780560,1.1675135897425477
KOSDAQ,302550,2025,(주)리메드,,,small_and_medium,2024,39464187,31495528,3070,96691270960,2.450101682317692
KOSDAQ,303030,2025,(주)지니틱스,,,small_and_medium,2024,,37073689,706,26174024434,
KOSDAQ,303360,2025,(주)프로티아,,,small_and_medium,2024,,12877215,6240,80353821600,
KOSDAQ,303530,2025,이노뎁(주),,,small_and_medium,2024,34559354,7339299,5520,40512930480,1.172271058075912
KOSDAQ,303810,2025,동국생명과학(주),,,other,,,31984140,3660,117061952400,
KOSDAQ,304100,2025,(주)솔트룩스,,,small_and_medium,2024,73761225,12593855,26650,335626235750,4.5501716620080535
KOSDAQ,304360,2025,(주)에스바이오메딕스,,,small_and_medium,2024,16725365,12223224,37950,463871350800,27.734602551274666
KOSDAQ,304840,2025,(주)피플바이오,,,small_and_medium,2024,28618064,21818333,1069,23323797977,0.8150026492707543
KOSDAQ,305090,2025,(주)마이크로디지탈,,,small_and_medium,2024,,18783820,10820,203240932400,
KOSDAQ,306040,2025,(주)에스제이그룹,,,small_and_medium,2024,119096023,9865828,9160,90370984480,0.7588077435633598
KOSDAQ,306620,2025,(주)지아이에스,,,small_and_medium,2024,43071496,45014260,2235,100606871100,2.3358109293440843
KOSDAQ,307180,2025,(주)아이엘,,,small_and_medium,2024,23188542,30652235,3185,97627368475,4.2101555360832945
KOSDAQ,307280,2025,(주)원바이오젠,,,small_and_medium,2024,42623540,7094627,6680,47392108360,1.1118764035084838
KOSDAQ,307750,2025,(주)국전약품,,,small_and_medium,2024,95872367,50176380,3365,168843518700,1.7611280912674243
KOSDAQ,307870,2025,(주)비투엔,,,small_and_medium,2024,31436386,59564511,996,59326252956,1.8871842633564813
KOSDAQ,308080,2025,바이젠셀(주),,,small_and_medium,2024,,20499260,9750,199867785000,
KOSDAQ,308100,2025,(주)형지글로벌,,,mid_sized,2024,58824522,24023008,1328,31902554624,0.5423342772594055
KOSDAQ,308430,2025,(주)셀비온,,,small_and_medium,2024,,12831510,23600,302823636000,
KOSDAQ,309710,2025,(주)아이티켐,,,other,,65278354,12783001,34650,442930984650,6.785265827168375
KOSDAQ,309930,2025,(주)조이웍스앤코,,,small_and_medium,2024,18690921,24487048,2050,50198448400,2.6857129405233695
KOSDAQ,310200,2025,(주)애니플러스,,,small_and_medium,2024,128151639,52162836,3370,175788757320,1.371724612277491
KOSDAQ,310210,2025,보로노이(주),,,small_and_medium,2024,103795096,18393521,217500,4000590817500,38.543158315494985
KOSDAQ,310870,2025,디와이씨(주),,,small_and_medium,2024,53992464,20687271,1245,25755652395,0.4770230970566559
KOSDAQ,311320,2025,(주)지오엘리먼트,,,small_and_medium,2024,61986513,12614560,7080,89311084800,1.4408147914369696
KOSDAQ,311390,2025,(주)네오크레마,,,small_and_medium,2024,146330521,12653789,5870,74277741430,0.5076025214862728
KOSDAQ,311690,2025,씨제이바이오사이언스(주),,,large,2024,53639267,13065462,9320,121770105840,2.2701672235752213
KOSDAQ,312610,2025,에이에프더블류(주),,,small_and_medium,2024,,20256888,1373,27812707224,
KOSDAQ,313760,2025,(주)캐리,,,small_and_medium,2024,21351105,11207186,1374,15398673564,0.7212120198931156
KOSDAQ,314130,2025,(주)지놈앤컴퍼니,,,small_and_medium,2024,114576784,44034417,6880,302956788960,2.6441376549720577
KOSDAQ,314140,2025,(주)알피바이오,,,small_and_medium,2024,,8666361,7400,64131071400,
KOSDAQ,314930,2025,(주)바이오다인,,,small_and_medium,2024,44069204,29764103,13500,401815390500,9.117827281382255
KOSDAQ,315640,2025,(주)딥노이드,,,small_and_medium,2024,,29372232,3245,95312892840,
KOSDAQ,317120,2025,(주)라닉스,,,small_and_medium,2024,21311835,15260000,2175,33190500000,1.5573741069222804
KOSDAQ,317240,2025,(주)티에스트릴리온,,,small_and_medium,2024,29025933,141188722,303,42780182766,1.473860728817916
KOSDAQ,317330,2025,(주)덕산테코피아,,,small_and_medium,2024,106475637,20476584,16920,346463801280,3.2539256025300887
KOSDAQ,317530,2025,(주)캐리소프트,,,small_and_medium,2024,21262280,14161547,4975,70453696325,3.3135532184224834
KOSDAQ,317690,2025,(주)퀀타매트릭스,,,small_and_medium,2024,40005490,20020929,4790,95900249910,2.3971772351744725
KOSDAQ,317770,2025,(주)엑스페릭스,,,small_and_medium,2024,89881400,33275181,2795,93004130895,1.0347427932252946
KOSDAQ,317830,2025,(주)에스피시스템스,,,small_and_medium,2024,64895061,10773818,13680,147385830240,2.27114094614997
KOSDAQ,317850,2025,대모엔지니어링(주),,,small_and_medium,2024,48126743,8324420,7970,66345627400,1.3785605105253018
KOSDAQ,317870,2025,(주)엔바이오니아,,,small_and_medium,2024,35620911,8546519,11410,97515781790,2.737599321645648
KOSDAQ,318000,2025,(주)케이비지,,,small_and_medium,2024,46926877,8740223,4400,38456981200,0.8195086410715122
KOSDAQ,318010,2025,(주)팜스빌,,,small_and_medium,2024,66547333,7929338,3435,27237276030,0.4092917747733031
KOSDAQ,318020,2025,(주)포인트모바일,,,small_and_medium,2024,51876229,12301272,3835,47175378120,0.9093833347061522
KOSDAQ,318060,2025,(주)그래피,,,other,,21051695,11118347,24550,272955418850,12.965959218485732
KOSDAQ,318160,2025,(주)셀바이오휴먼텍,,,small_and_medium,2024,59003004,9341201,8170,76317612170,1.2934529938509571
KOSDAQ,318410,2025,비비씨(주),,,small_and_medium,2024,80014045,5555243,7800,43330895400,0.5415411181874382
KOSDAQ,319400,2025,현대무벡스(주),,,mid_sized,2024,160303428,111376039,18790,2092755772810,13.054965816513917
KOSDAQ,319660,2025,피에스케이(주),,,mid_sized,2024,539036262,28966714,36900,1068871746600,1.9829310603968235
KOSDAQ,320000,2025,(주)한울반도체,,,small_and_medium,2024,45602364,32897224,2120,69742114880,1.5293530589773812
KOSDAQ,321260,2025,(주)프로이천,,,small_and_medium,2024,42926368,28192084,1724,48603152816,1.1322447036749068
KOSDAQ,321370,2025,(주)센서뷰,,,small_and_medium,2024,13028038,45143365,1300,58686374500,4.504621071875904
KOSDAQ,321550,2025,(주)티움바이오,,,small_and_medium,2024,37743733,31340019,5990,187726713810,4.973718784254859
KOSDAQ,321820,2025,(주)아티스트컴퍼니,,,small_and_medium,2024,39618840,15591376,4050,63145072800,1.5938142762382745
KOSDAQ,322180,2025,엘에스티라유텍(주),,,small_and_medium,2024,70187707,22001120,7740,170288668800,2.426189372449509
KOSDAQ,322310,2025,(주)오로스테크놀로지,,,small_and_medium,2024,63465259,9366542,25400,237910166800,3.7486677049565023
KOSDAQ,322510,2025,(주)제이엘케이,,,small_and_medium,2024,41362862,25528892,5560,141940639520,3.4315961869369676
KOSDAQ,322780,2025,(주)코퍼스코리아,,,small_and_medium,2024,25437882,42928639,879,37734273681,1.4833889740112798
KOSDAQ,323280,2025,(주)태성,,,small_and_medium,2024,128084778,30500730,44500,1357282485000,10.596750887915814
KOSDAQ,323350,2025,(주)다원넥스뷰,,,small_and_medium,2024,,8010772,5190,41575906680,
KOSDAQ,323990,2025,(주)박셀바이오,,,small_and_medium,2024,,23257345,9990,232340876550,
KOSDAQ,327260,2025,알에프머트리얼즈(주),,,small_and_medium,2024,86388933,8433231,22850,192699328350,2.2306020187794195
KOSDAQ,328130,2025,(주)루닛,,,small_and_medium,2024,137432900,29256746,41100,1202452260600,8.74937704581654
KOSDAQ,328380,2025,솔트웨어(주),,,small_and_medium,2024,23358076,34262778,822,28164003516,1.2057501446608874
KOSDAQ,330350,2025,위더스제약(주),,,small_and_medium,2024,,13202139,8620,113802438180,
KOSDAQ,330860,2025,(주)네패스아크,,,mid_sized,2024,,12184045,17000,207128765000,
KOSDAQ,331380,2025,(주)포커스에이아이,,,small_and_medium,2024,,29534506,2780,82105926680,
KOSDAQ,331520,2025,(주)밸로프,,,small_and_medium,2024,32393854,50864390,573,29145295470,0.8997168249878511
KOSDAQ,331740,2025,아우토크립트(주),,,other,,30575894,9718491,18520,179986453320,5.886547530548085
KOSDAQ,331920,2025,(주)셀레믹스,,,small_and_medium,2024,23018340,8164148,2715,22165661820,0.9629565737581425
KOSDAQ,332290,2025,(주)누보,,,small_and_medium,2024,34728041,39904404,1220,48683372880,1.401846216433573
KOSDAQ,332370,2025,아이디피(주),,,small_and_medium,2024,69264711,13273726,5080,67430528080,0.9735192294384943
KOSDAQ,332570,2025,(주)피에스일렉트로닉스,,,small_and_medium,2024,137152476,49558953,6330,313708172490,2.28729499925324
KOSDAQ,333050,2025,(주)모코엠시스,,,small_and_medium,2024,,24613326,1294,31849643844,
KOSDAQ,333430,2025,(주)일승,,,mid_sized,2024,90872349,30726747,5960,183131412120,2.0152600228260855
KOSDAQ,333620,2025,(주)엔시스,,,small_and_medium,2024,51324210,10556344,6220,65660459680,1.2793272352365481
KOSDAQ,335810,2025,프리시젼바이오(주),,,small_and_medium,2024,32766714,17957810,2655,47677985550,1.455073754115228
KOSDAQ,335870,2025,(주)윙스풋,,,small_and_medium,2024,,16750473,1671,27990040383,
KOSDAQ,336060,2025,(주)웨이버스,,,small_and_medium,2024,42843959,48155200,1009,48588596800,1.1340827956632111
KOSDAQ,336570,2025,원텍(주),,,small_and_medium,2024,157375879,89968897,7750,697258951750,4.43053253256174
KOSDAQ,336680,2025,(주)탑런토탈솔루션,,,small_and_medium,2024,193918916,39145558,4045,158343782110,0.8165463451229276
KOSDAQ,337930,2025,(주)젝시믹스,,,small_and_medium,2024,119590282,29676475,5170,153427375750,1.2829418342704468
KOSDAQ,338220,2025,(주)뷰노,,,small_and_medium,2024,36114529,14001823,22350,312940744050,8.665231216223255
KOSDAQ,338840,2025,(주)와이바이오로직스,,,small_and_medium,2024,,15178081,22900,347578054900,
KOSDAQ,339950,2025,(주)아이비김영,,,mid_sized,2024,70920567,44946655,1946,87466190630,1.2332979603786867
KOSDAQ,340360,2025,(주)다보링크,,,small_and_medium,2024,15160826,51012909,1415,72183266235,4.761169756515905
KOSDAQ,340440,2025,(주)세림비앤지,,,small_and_medium,2024,,28378365,1459,41404034535,
KOSDAQ,340450,2025,(주)지씨지놈,,,other,,,23650793,6820,161298408260,
KOSDAQ,340570,2025,(주)티앤엘,,,small_and_medium,2024,201160255,8128000,49050,398678400000,1.981894485071119
KOSDAQ,340810,2025,(주)시선에이아이,,,small_and_medium,2024,15392811,12956082,2815,36471370830,2.369376901334006
KOSDAQ,340930,2025,유일에너테크(주),,,small_and_medium,2024,50198254,53004450,1777,94188907650,1.8763383214483915
KOSDAQ,342870,2025,오아(주),,,other,,42944155,5857619,7600,44517904400,1.0366464167242317
KOSDAQ,344860,2025,(주)이노진,,,small_and_medium,2024,,12030000,1864,22423920000,
KOSDAQ,347000,2025,(주)센코,,,small_and_medium,2024,57785866,37810846,2210,83561969660,1.4460624274454934
KOSDAQ,347700,2025,(주)스피어코퍼레이션,,,small_and_medium,2024,63634143,46662964,14690,685478941160,10.772187835703232
KOSDAQ,347740,2025,피엔케이피부임상연구센타(주),,,small_and_medium,2024,80482366,30010576,2560,76827074560,0.9545827039925739
KOSDAQ,347770,2025,(주)핌스,,,small_and_medium,2024,45386354,22857042,1128,25782743376,0.5680725835787559
KOSDAQ,347850,2025,(주)디앤디파마텍,,,small_and_medium,2024,78979166,43535430,91800,3996552474000,50.60261682175778
KOSDAQ,347860,2025,(주)알체라,,,small_and_medium,2024,22159327,38710961,2390,92519196790,4.175180807160795
KOSDAQ,347890,2025,(주)엠투아이코퍼레이션,,,small_and_medium,2024,121868290,16913204,6420,108582769680,0.8909846005060053
KOSDAQ,348030,2025,(주)모비릭스,,,small_and_medium,2024,,9603800,3200,30732160000,
KOSDAQ,348080,2025,(주)큐라티스,,,small_and_medium,2024,,81786794,1300,106322832200,
KOSDAQ,348150,2025,(주)고바이오랩,,,small_and_medium,2024,49268471,19607166,5730,112349061180,2.280343978606521
KOSDAQ,348210,2025,(주)넥스틴,,,small_and_medium,2024,150139124,10477005,71900,753296659500,5.017324195257727
KOSDAQ,348340,2025,(주)뉴로메카,,,small_and_medium,2024,13894570,11469491,32900,377346253900,27.15782164543415
KOSDAQ,348350,2025,(주)위드텍,,,small_and_medium,2024,126497264,10183600,8520,86764272000,0.685898408047782
KOSDAQ,348370,2025,(주)엔켐,,,small_and_medium,2024,481025052,21850136,62900,1374373554400,2.857176666133389
KOSDAQ,351320,2025,(주)넥사다이내믹스,,,small_and_medium,2024,21280334,28823752,1269,36577341288,1.7188330450076583
KOSDAQ,351330,2025,이삭엔지니어링(주),,,small_and_medium,2024,34613159,8288520,8420,69789338400,2.0162660796144034
KOSDAQ,351870,2025,(주)차이커뮤니케이션,,,small_and_medium,2024,58495308,11160642,5020,56026422840,0.9577934496900161
KOSDAQ,352090,2025,(주)스톰테크,,,small_and_medium,2024,93820587,26872998,3640,97817712720,1.042603929988202
KOSDAQ,352480,2025,(주)씨앤씨인터내셔널,,,small_and_medium,2024,354424639,13629901,29650,404126564650,1.1402327044480673
KOSDAQ,352700,2025,(주)씨앤투스,,,small_and_medium,2024,150089804,26276899,2350,61750712650,0.41142510020200973
KOSDAQ,352770,2025,(주)셀레스트라,,,small_and_medium,2024,-6223697,2592407,5250,13610136750,-2.186825089653304
KOSDAQ,352910,2025,(주)오비고,,,small_and_medium,2024,35624643,12637802,6150,77722482300,2.181705576670621
KOSDAQ,352940,2025,인바이오(주),,,small_and_medium,2024,,10867730,2275,24724085750,
KOSDAQ,353190,2025,(주)휴럼,,,small_and_medium,2024,46296119,39378420,684,26934839280,0.5817947564891994
KOSDAQ,353590,2025,오토앤(주),,,small_and_medium,2024,18595100,12875570,3635,46802696950,2.516937093642949
KOSDAQ,353810,2025,(주)이지바이오,,,mid_sized,2024,113555175,33081920,5810,192205955200,1.6926217162714072
KOSDAQ,354200,2025,(주)엔젠바이오,,,small_and_medium,2024,22592485,25038128,1460,36555666880,1.6180454199704017
KOSDAQ,354320,2025,(주)알멕,,,small_and_medium,2024,161153439,6391381,20150,128786327150,0.7991534524435435
KOSDAQ,355150,2025,(주)코스텍시스,,,small_and_medium,2024,,7797350,13500,105264225000,
KOSDAQ,355390,2025,(주)크라우드웍스,,,small_and_medium,2024,16813586,13603176,3375,45910719000,2.7305727047162933
KOSDAQ,355690,2025,(주)에이텀,,,small_and_medium,2024,14125127,5404980,4470,24160260600,1.7104455485603776
KOSDAQ,356680,2025,(주)엑스게이트,,,small_and_medium,2024,,28543492,7640,218072278880,
KOSDAQ,356860,2025,(주)티엘비,,,mid_sized,2024,126043260,9832630,59800,587991274000,4.66499576415272
KOSDAQ,356890,2025,(주)싸이버원,,,small_and_medium,2024,47563214,11953825,3945,47157839625,0.9914771450264064
KOSDAQ,357230,2025,(주)에이치피오,,,small_and_medium,2024,192195513,41293476,2420,99930211920,0.5199404000654271
KOSDAQ,357550,2025,(주)석경에이티,,,small_and_medium,2024,44060008,5455000,70200,382941000000,8.691351122768747
KOSDAQ,357580,2025,(주)아모센스,,,small_and_medium,2024,43248139,11282282,6660,75139998120,1.7374157560860595
KOSDAQ,357780,2025,솔브레인(주),,,mid_sized,2024,1111575813,7778566,262000,2037984292000,1.8334190688260326
KOSDAQ,357880,2025,(주)스카이월드와이드,,,small_and_medium,2024,13241669,46899018,1597,74897731746,5.656215371793389
KOSDAQ,358570,2025,(주)지아이이노베이션,,,small_and_medium,2024,,63872996,17640,1126719649440,
KOSDAQ,359090,2025,(주)씨엔알리서치,,,small_and_medium,2024,47877059,57470717,900,51723645300,1.0803429947524554
KOSDAQ,360070,2025,(주)탑머티리얼,,,small_and_medium,2024,,8145043,20950,170638650850,
KOSDAQ,360350,2025,(주)코셈,,,small_and_medium,2024,18356853,5727970,6850,39236594500,2.1374357848809926
KOSDAQ,361390,2025,(주)제노코,,,small_and_medium,2024,,8800789,17880,157358107320,
KOSDAQ,361570,2025,(주)알비더블유,,,small_and_medium,2024,67535170,28743291,1750,50300759250,0.7448083605919701
KOSDAQ,361670,2025,(주)삼영에스앤씨,,,small_and_medium,2024,18978069,5667658,3595,20375230510,1.073619792930461
KOSDAQ,362320,2025,(주)청담글로벌,,,small_and_medium,2024,117162447,21051290,6060,127570817400,1.0888370861697692
KOSDAQ,362990,2025,(주)드림인사이트,,,small_and_medium,2024,33133028,16800574,1843,30963457882,0.9345194131366442
KOSDAQ,363250,2025,(주)진시스템,,,small_and_medium,2024,7747363,7042798,4100,28875471800,3.7271355169494447
KOSDAQ,363260,2025,(주)모비데이즈,,,small_and_medium,2024,48974302,32163769,1585,50979573865,1.040945389379924
KOSDAQ,364950,2025,(주)에이아이코리아,,,other,,56245031,8296445,8140,67533062300,1.2006938408479142
KOSDAQ,365270,2025,(주)큐라클,,,small_and_medium,2024,,21009155,7130,149795275150,
KOSDAQ,365330,2025,에스와이스틸텍(주),,,mid_sized,2024,95895023,50171000,3410,171083110000,1.7840666246046992
KOSDAQ,365340,2025,성일하이텍(주),,,small_and_medium,2024,154134332,12235446,40900,500429741400,3.2467117150772093
KOSDAQ,365590,2025,(주)하이딥,,,small_and_medium,2024,,30956622,563,17428578186,
KOSDAQ,365900,2025,(주)브이씨,,,small_and_medium,2024,36882248,7310300,2685,19628155500,0.5321843587191323
KOSDAQ,366030,2025,(주)공구우먼,,,small_and_medium,2024,82353675,22653850,5250,118932712500,1.444170068913136
KOSDAQ,367000,2025,(주)플래티어,,,small_and_medium,2024,32491254,8388207,4190,35146587330,1.0817245567068603
KOSDAQ,368600,2025,(주)아이씨에이치,,,small_and_medium,2024,26725281,17538346,1185,20782940010,0.7776509444372166
KOSDAQ,368770,2025,(주)파이버프로,,,small_and_medium,2024,45791713,32854225,10800,354825630000,7.7486865363608475
KOSDAQ,368970,2025,(주)오에스피,,,small_and_medium,2024,43581728,9346160,1963,18346512080,0.42096798181109296
KOSDAQ,369370,2025,(주)블리츠웨이엔터테인먼트,,,small_and_medium,2024,18097698,49871911,1366,68125030426,3.764292587156665
KOSDAQ,370090,2025,(주)퓨런티어,,,mid_sized,2024,,8556830,16910,144695995300,
KOSDAQ,371950,2025,풍원정밀(주),,,small_and_medium,2024,12331132,22744535,9110,207202713850,16.80321918944668
KOSDAQ,372170,2025,(주)윤성에프앤씨,,,small_and_medium,2024,177248917,7979048,29600,236179820800,1.3324753956042508
KOSDAQ,372320,2025,(주)큐로셀,,,small_and_medium,2024,5025126,14432614,44950,648745999300,129.1004443072671
KOSDAQ,372800,2025,(주)아이티아이즈,,,small_and_medium,2024,8411497,6046990,4800,29025552000,3.4506999170302266
KOSDAQ,373110,2025,(주)엑셀세라퓨틱스,,,small_and_medium,2024,7138095,17294394,1661,28725988434,4.024321395834603
KOSDAQ,373160,2025,(주)데이원컴퍼니,,,other,,45351036,13805219,5120,70682721280,1.5585690540785
KOSDAQ,373170,2025,엠아이큐브솔루션(주),,,small_and_medium,2024,,5037930,7000,35265510000,
KOSDAQ,373200,2025,(주)엑스플러스,,,small_and_medium,2024,20694488,110005336,520,57202774720,2.764155108355423
KOSDAQ,376180,2025,(주)피코그램,,,small_and_medium,2024,,18561038,2310,42875997780,
KOSDAQ,376270,2025,(주)에이치이엠파마,,,small_and_medium,2024,5214855,7157727,45850,328181782950,62.93210126647816
KOSDAQ,376290,2025,씨유테크(주),,,mid_sized,2024,114403705,17657500,3050,53855375000,0.47074852164971404
KOSDAQ,376300,2025,(주)디어유,,,large,2024,209891312,23738406,40100,951910080600,4.535252419595148
KOSDAQ,376900,2025,(주)로킷헬스케어,,,other,,11554105,15661489,65500,1025827529500,88.78468124532363
KOSDAQ,376930,2025,노을(주),,,small_and_medium,2024,25681979,51291323,1965,100787449695,3.924442493119397
KOSDAQ,376980,2025,(주)원티드랩,,,small_and_medium,2024,38500740,9766394,3500,34182379000,0.8878369350822868
KOSDAQ,377030,2025,비트맥스(주),,,small_and_medium,2024,10611557,41937104,1588,66596121152,6.275810529218285
KOSDAQ,377220,2025,(주)프롬바이오,,,small_and_medium,2024,26138884,28310000,1235,34962850000,1.3375800588885125
KOSDAQ,377330,2025,(주)이지트로닉스,,,small_and_medium,2024,41071733,8139954,3975,32356317150,0.7878001434709365
KOSDAQ,377450,2025,(주)리파인,,,small_and_medium,2024,,17330000,12330,213678900000,
KOSDAQ,377460,2025,(주)위니아에이드,,,mid_sized,2024,,62055687,4080,253187202960,
KOSDAQ,377480,2025,(주)마음에이아이,,,small_and_medium,2024,26095409,7229627,18600,134471062200,5.153054401255026
KOSDAQ,378340,2025,(주)필에너지,,,mid_sized,2024,126665347,21462882,12250,262920304500,2.0757082400761115
KOSDAQ,378800,2025,(주)샤페론,,,small_and_medium,2024,24744911,46243031,1740,80462873940,3.251693810497035
KOSDAQ,380540,2025,(주)옵티코어,,,small_and_medium,2024,22914021,48793167,2050,100025992350,4.3652745343124195
KOSDAQ,380550,2025,뉴로핏(주),,,other,,19452250,11636603,22250,258914416750,13.310255458880079
KOSDAQ,381620,2025,제닉스 로보틱스(주),,,small_and_medium,2024,48410434,13117920,12580,165023433600,3.408840201680489
KOSDAQ,382150,2025,(주)온코크로스,,,small_and_medium,2024,13372293,12028337,9580,115231468460,8.6171809472018
KOSDAQ,382480,2025,(주)지아이텍,,,small_and_medium,2024,97135146,46098715,1906,87864150790,0.904555708291209
KOSDAQ,382800,2025,(주)지앤비에스에코,,,small_and_medium,2024,117821238,31831041,2830,90081846030,0.7645637370573207
KOSDAQ,382840,2025,(주)원준,,,small_and_medium,2024,105850632,15271581,7680,117285742080,1.1080306264019284
KOSDAQ,382900,2025,범한퓨얼셀(주),,,small_and_medium,2024,162693258,8761000,26200,229538200000,1.4108648558749743
KOSDAQ,383310,2025,(주)에코프로에이치엔,,,mid_sized,2024,304707967,20974932,24050,504447114600,1.6555100923895436
KOSDAQ,383930,2025,(주)디티앤씨알오,,,small_and_medium,2024,,12784128,2590,33110891520,
KOSDAQ,384470,2025,(주)코어라인소프트,,,small_and_medium,2024,18172084,18375985,4080,74974018800,4.125779894039671
KOSDAQ,387570,2025,(주)파인메딕스,,,small_and_medium,2024,19003395,5625900,7500,42194250000,2.2203532579310172
KOSDAQ,388050,2025,지투파워(주),,,small_and_medium,2024,42133752,18709437,7980,149301307260,3.543508474156301
KOSDAQ,388210,2025,(주)씨엠티엑스,,,other,,182406699,9272688,99900,926341531200,5.078440300046217
KOSDAQ,388610,2025,(주)지에프씨생명과학,,,small_and_medium,2024,,5253309,14200,74596987800,
KOSDAQ,388720,2025,(주)유일로보틱스,,,small_and_medium,2024,,11696795,83200,973173344000,
KOSDAQ,388790,2025,(주)라이콤,,,small_and_medium,2024,,30609397,2630,80502714110,
KOSDAQ,388870,2025,(주)파로스아이바이오,,,small_and_medium,2024,13925701,12945932,9390,121562301480,8.729348811955678
KOSDAQ,389020,2025,(주)자람테크놀로지,,,small_and_medium,2024,,6197730,37500,232414875000,
KOSDAQ,389030,2025,지니너스(주),,,small_and_medium,2024,9101612,33351845,3500,116731457500,12.825360771256785
KOSDAQ,389140,2025,(주)포바이포,,,small_and_medium,2024,40187646,14269735,7470,106594920450,2.6524300639554754
KOSDAQ,389260,2025,대명에너지(주),,,small_and_medium,2024,164653849,17916325,19000,340410175000,2.0674291980869515
KOSDAQ,389470,2025,(주)인벤티지랩,,,small_and_medium,2024,80850671,12486401,84200,1051354964200,13.003664053697216
KOSDAQ,389500,2025,(주)에스비비테크,,,mid_sized,2024,,6333904,36150,228970629600,
KOSDAQ,389650,2025,(주)넥스트바이오메디컬,,,small_and_medium,2024,,8203886,89400,733427408400,
KOSDAQ,389680,2025,(주)유디엠텍,,,small_and_medium,2024,,41592465,508,21128972220,
KOSDAQ,391710,2025,코닉오토메이션(주),,,small_and_medium,2024,,42620470,2290,97600876300,
KOSDAQ,393210,2025,(주)토마토시스템,,,small_and_medium,2024,24729796,15614544,5140,80258756160,3.245427344406723
KOSDAQ,393890,2025,더블유씨피(주),,,mid_sized,2024,894477803,33843144,6240,211181218560,0.23609442051185253
KOSDAQ,393970,2025,대진첨단소재(주),,,other,,51781654,14834820,4305,63863900100,1.2333306328917188
KOSDAQ,394280,2025,오픈엣지테크놀로지(주),,,small_and_medium,2024,17069337,25009285,14350,358883239750,21.02502515182634
KOSDAQ,394800,2025,(주)쓰리빌리언,,,small_and_medium,2024,23597400,31761476,18230,579011707480,24.537097624314544
KOSDAQ,396270,2025,(주)넥스트칩,,,small_and_medium,2024,,32868531,4065,133610578515,
KOSDAQ,396300,2025,(주)세아메카닉스,,,small_and_medium,2024,,26489500,2380,63045010000,
KOSDAQ,396470,2025,워트(주),,,small_and_medium,2024,66041024,16120000,7340,118320800000,1.79162576279859
KOSDAQ,397030,2025,(주)에이프릴바이오,,,small_and_medium,2024,,23208326,54900,1274137097400,
KOSDAQ,397810,2025,(주)애드포러스,,,other,,37761008,5160770,7900,40770083000,1.0796873589815188
KOSDAQ,398120,2025,(주)에스지헬스케어,,,small_and_medium,2024,24351106,11309700,2995,33872551500,1.3910066959586969
KOSDAQ,399720,2025,(주)가온칩스,,,small_and_medium,2024,54688159,11600420,51700,599741714000,10.966573477084866
KOSDAQ,402030,2025,(주)코난테크놀로지,,,small_and_medium,2024,,12517488,19710,246719688480,
KOSDAQ,402490,2025,(주)그린리소스,,,small_and_medium,2024,72099639,16558888,8270,136942003760,1.8993438200155204
KOSDAQ,403490,2025,농업회사법인우듬지팜(주),,,small_and_medium,2024,38100217,45932464,1542,70827859488,1.8589883487540242
KOSDAQ,403850,2025,더핑크퐁컴퍼니(주),,,other,,184202713,14351010,25050,359492800500,1.9516151236056984
KOSDAQ,403870,2025,(주)에이치피에스피,,,small_and_medium,2024,,83610568,33500,2800954028000,
KOSDAQ,405000,2025,(주)플라즈맵,,,small_and_medium,2024,5719640,3838444,5800,22262975200,3.8923735060248545
KOSDAQ,405100,2025,큐알티(주),,,small_and_medium,2024,89260722,12289301,15900,195399885900,2.189091478556492
KOSDAQ,405920,2025,나라셀라(주),,,small_and_medium,2024,65216304,12878076,2400,30907382400,0.47392109801254606
KOSDAQ,406820,2025,(주)뷰티스킨,,,small_and_medium,2024,32620120,3534040,18100,63966124000,1.9609407935960996
KOSDAQ,407400,2025,(주)꿈비,,,small_and_medium,2024,67680264,14634534,5090,74489778060,1.1006129949493104
KOSDAQ,408900,2025,(주)스튜디오미르,,,small_and_medium,2024,38558193,32729532,3020,98843186640,2.563480779298968
KOSDAQ,408920,2025,(주)메쎄이상,,,small_and_medium,2024,79545547,43232455,3210,138776180550,1.74461281346145
KOSDAQ,411080,2025,(주)샌즈랩,,,small_and_medium,2024,54268839,15267638,6900,105346702200,1.9412005884260763
KOSDAQ,412350,2025,레이저쎌(주),,,small_and_medium,2024,18571629,13026972,1925,25076921100,1.3502811788885078
KOSDAQ,412540,2025,(주)제일엠앤에스,,,small_and_medium,2024,-11462674,20600665,3935,81063616775,-7.0719639043211036
KOSDAQ,413390,2025,(주)엠오티,,,small_and_medium,2024,60248617,11580180,7110,82335079800,1.3665887102437555
KOSDAQ,413630,2025,씨피시스템(주),,,small_and_medium,2024,43520109,36436626,4545,165604465170,3.805240128649494
KOSDAQ,413640,2025,(주)비아이매트릭스,,,small_and_medium,2024,32000443,7206940,9520,68610068800,2.144034968515905
KOSDAQ,415380,2025,(주)스튜디오삼익,,,small_and_medium,2024,,11442975,2290,26204412750,
KOSDAQ,416180,2025,신성에스티(주),,,small_and_medium,2024,103984845,9039778,32500,293792785000,2.825342337145379
KOSDAQ,417010,2025,나노팀(주),,,small_and_medium,2024,48887408,20172728,7150,144235005200,2.9503508388090447
KOSDAQ,417180,2025,(주)핑거스토리,,,small_and_medium,2024,31129005,17548623,1752,30745187496,0.9876701004738185
KOSDAQ,417200,2025,엘에스머트리얼즈(주),,,large,2024,206070487,67652659,12180,824009386620,3.998677339079613
KOSDAQ,417500,2025,(주)제이아이테크,,,small_and_medium,2024,77990721,32784744,3150,103271943600,1.324156800653247
KOSDAQ,417790,2025,(주)트루엔,,,small_and_medium,2024,,10468391,8220,86050174020,
KOSDAQ,417840,2025,(주)저스템,,,small_and_medium,2024,52491963,7262750,5810,42196577500,0.8038673939475268
KOSDAQ,417860,2025,오브젠(주),,,small_and_medium,2024,10790742,4696906,12100,56832562600,5.26678912349123
KOSDAQ,417970,2025,모델솔루션(주),,,large,2024,72297011,6396700,26200,167593540000,2.318125433982326
KOSDAQ,418250,2025,시큐레터(주),,,small_and_medium,2024,,7271605,6550,47629012750,
KOSDAQ,418420,2025,(주)라온텍,,,small_and_medium,2024,,30479308,4410,134413748280,
KOSDAQ,418470,2025,(주)케이티밀리의서재,,,small_and_medium,2024,,8565789,13740,117693940860,
KOSDAQ,418550,2025,(주)제이오,,,small_and_medium,2024,170230684,32017673,7010,224443887730,1.3184690471548597
KOSDAQ,418620,2025,이에이트(주),,,small_and_medium,2024,14599505,19850477,1514,30053622178,2.0585370653320094
KOSDAQ,419050,2025,(주)삼기에너지솔루션즈,,,mid_sized,2024,91666286,57196240,1680,96089683200,1.0482554425735107
KOSDAQ,419080,2025,엔젯(주),,,small_and_medium,2024,34407774,10685137,8160,87190717920,2.534041229171059
KOSDAQ,419120,2025,(주)산돌,,,small_and_medium,2024,59884888,15133507,4115,62274381305,1.0399014406606222
KOSDAQ,419530,2025,(주)에스에이엠지엔터테인먼트,,,small_and_medium,2024,83423152,9824515,41350,406243695250,4.8696756896694575
KOSDAQ,419540,2025,(주)비스토스,,,small_and_medium,2024,,22992511,1070,24601986770,
KOSDAQ,420570,2025,(주)제이투케이바이오,,,small_and_medium,2024,33771585,5847483,8600,50288353800,1.4890729528981244
KOSDAQ,420770,2025,기가비스(주),,,small_and_medium,2024,211003350,12675758,31500,399286377000,1.8923224536482477
KOSDAQ,424760,2025,(주)벨로크,,,small_and_medium,2024,,19778317,1038,20529893046,
KOSDAQ,424870,2025,(주)이뮨온시아,,,other,,,74165069,13020,965629198380,
KOSDAQ,424960,2025,(주)스마트레이더시스템,,,small_and_medium,2024,19116845,16485110,8410,138639775100,7.252230956520283
KOSDAQ,424980,2025,(주)마이크로투나노,,,small_and_medium,2024,,5918890,8210,48594086900,
KOSDAQ,425040,2025,티이엠씨(주),,,small_and_medium,2024,290699180,21329082,7650,163167477300,0.5612932148621815
KOSDAQ,425420,2025,(주)티에프이,,,small_and_medium,2024,109192119,11960710,36400,435369844000,3.987191090228774
KOSDAQ,429270,2025,(주)시지트로닉스,,,small_and_medium,2024,,6449231,4640,29924431840,
KOSDAQ,430690,2025,(주)한싹,,,small_and_medium,2024,34184547,10895327,4795,52243092965,1.5282663527762999
KOSDAQ,431190,2025,(주)케이쓰리아이,,,small_and_medium,2024,34198598,7486442,5030,37656803260,1.1011212582457328
KOSDAQ,432430,2025,(주)와이랩,,,small_and_medium,2024,30992701,16508320,4115,67931736800,2.191862425930544
KOSDAQ,432470,2025,(주)케이엔에스,,,small_and_medium,2024,57136548,8771556,9460,82978919760,1.4522914432982545
KOSDAQ,432720,2025,(주)퀄리타스반도체,,,small_and_medium,2024,,14143012,15040,212710900480,
KOSDAQ,432980,2025,엠에프씨(주),,,small_and_medium,2024,,8591742,3490,29985179580,
KOSDAQ,434480,2025,(주)모니터랩,,,small_and_medium,2024,38478768,12918350,3945,50962890750,1.3244418519324734
KOSDAQ,435570,2025,(주)에르코스농업회사법인,,,other,,53888856,7616983,14810,112807518230,2.093336667417842
KOSDAQ,437730,2025,(주)삼현,,,small_and_medium,2024,131748266,31707567,55200,1750257698400,13.284863258845471
KOSDAQ,438700,2025,(주)버넥트,,,small_and_medium,2024,30162790,11144890,3235,36053719150,1.1953045175860721
KOSDAQ,439090,2025,(주)마녀공장,,,mid_sized,2024,122680723,16383260,13690,224286829400,1.8282157450278476
KOSDAQ,439580,2025,(주)블루엠텍,,,small_and_medium,2024,44839436,33846547,4420,149601737740,3.3363875883719856
KOSDAQ,440110,2025,(주)파두,,,small_and_medium,2024,19794311,49493293,21250,1051732476250,53.13306819570532
KOSDAQ,440320,2025,(주)오픈놀,,,small_and_medium,2024,39054487,9830000,3790,37255700000,0.9539416047124112
KOSDAQ,441270,2025,(주)파인엠텍,,,small_and_medium,2024,219672672,43679008,9830,429364648640,1.9545656031351957
KOSDAQ,443250,2025,(주)레뷰코퍼레이션,,,small_and_medium,2024,51626016,11134060,10490,116796289400,2.2623533336370563
KOSDAQ,443670,2025,(주)에스피소프트,,,mid_sized,2024,67695074,24741392,5450,134840586400,1.9918818081209277
KOSDAQ,444530,2025,(주)심플랫폼,,,other,,,6390883,8580,54833776140,
KOSDAQ,445090,2025,(주)에이직랜드,,,small_and_medium,2024,55283152,10871660,28600,310929476000,5.624308035113483
KOSDAQ,445180,2025,(주)퓨릿,,,mid_sized,2024,,17189188,8790,151092962520,
KOSDAQ,445680,2025,큐리옥스바이오시스템즈(주),,,small_and_medium,2024,52809559,17119833,117000,2003020461000,37.929126827209444
KOSDAQ,446540,2025,(주)메가터치,,,mid_sized,2024,,20771000,3530,73321630000,
KOSDAQ,446840,2025,(주)지슨,,,other,,,54823083,1825,100052126475,
KOSDAQ,448280,2025,(주)에코아이,,,small_and_medium,2024,125259936,29631129,11550,342239539950,2.7322346703897407
KOSDAQ,448710,2025,코츠테크놀로지(주),,,small_and_medium,2024,,5260589,16720,87957048080,
KOSDAQ,448900,2025,한국피아이엠(주),,,small_and_medium,2024,56971709,6004457,43800,262995216600,4.616242363380744
KOSDAQ,450330,2025,(주)하스,,,small_and_medium,2024,46383792,8186843,6270,51331505610,1.1066690194281659
KOSDAQ,450520,2025,(주)인스웨이브,,,small_and_medium,2024,40508749,14704578,3325,48892721850,1.2069669653338344
KOSDAQ,450950,2025,(주)아스테라시스,,,other,,46763235,37507092,12370,463962728040,9.921527628274648
KOSDAQ,451220,2025,(주)아이엠티,,,small_and_medium,2024,30718404,7874611,9620,75753757820,2.4660707574521123
KOSDAQ,451250,2025,(주)삐아,,,small_and_medium,2024,44448188,10225877,9200,94078068400,2.116578259613193
KOSDAQ,451760,2025,(주)컨텍,,,small_and_medium,2024,177989988,15252196,11220,171129639120,0.9614565461962951
KOSDAQ,452160,2025,(주)제이엔비,,,small_and_medium,2024,40059118,9617527,7070,67995915890,1.6973892408215279
KOSDAQ,452190,2025,(주)한빛레이저,,,small_and_medium,2024,30621986,23366557,4740,110757480180,3.61692674603143
KOSDAQ,452200,2025,(주)민테크,,,small_and_medium,2024,,24852300,2370,58899951000,
KOSDAQ,452280,2025,한선엔지니어링(주),,,mid_sized,2024,,17274150,8540,147521241000,
KOSDAQ,452400,2025,(주)이닉스,,,small_and_medium,2024,120909330,9071428,11450,103867850600,0.8590557122432156
KOSDAQ,452430,2025,(주)사피엔반도체,,,small_and_medium,2024,,8218046,38100,313107552600,
KOSDAQ,452450,2025,(주)피아이이,,,other,,56343883,35878500,6890,247202865000,4.3873949014128115
KOSDAQ,453450,2025,(주)그리드위즈,,,small_and_medium,2024,133132927,7942750,13640,108339110000,0.8137664546352233
KOSDAQ,453860,2025,(주)에이에스텍,,,small_and_medium,2024,,5657215,16110,91137733650,
KOSDAQ,455180,2025,케이지에이(주),,,other,,42004788,13958316,3180,44387444880,1.0567234592399324
KOSDAQ,455900,2025,(주)엔젤로보틱스,,,small_and_medium,2024,,15218053,30650,466433324450,
KOSDAQ,456010,2025,(주)아이씨티케이,,,small_and_medium,2024,43949975,13901854,16530,229797646620,5.228618369407491
KOSDAQ,456070,2025,이엔셀(주),,,small_and_medium,2024,,10918855,18180,198504783900,
KOSDAQ,456160,2025,(주)지투지바이오,,,other,,,16420560,67000,1100177520000,
KOSDAQ,457370,2025,(주)한켐,,,small_and_medium,2024,,8027134,7570,60765404380,
KOSDAQ,457550,2025,(주)우진엔텍,,,small_and_medium,2024,,9318958,20200,188242951600,
KOSDAQ,457600,2025,(주)벡트,,,small_and_medium,2024,18506856,13707500,2505,34337287500,1.8553820000544663
KOSDAQ,458650,2025,(주)성우,,,small_and_medium,2024,225011124,15045670,9610,144588888700,0.6425855136833146
KOSDAQ,458870,2025,(주)씨어스테크놀로지,,,small_and_medium,2024,39620898,12665880,130100,1647830988000,41.58994548785845
KOSDAQ,459100,2025,(주)위츠,,,mid_sized,2024,45871647,13365000,6820,91149300000,1.9870509554627502
KOSDAQ,459510,2025,(주)나우로보틱스,,,other,,,12955382,21250,275301867500,
KOSDAQ,459550,2025,(주)알트,,,other,,48265566,25067769,3750,94004133750,1.9476438699589682
KOSDAQ,460470,2025,아이빔테크놀로지(주),,,small_and_medium,2024,,15119370,3290,49742727300,
KOSDAQ,460870,2025,(주)에스엠씨지,,,other,,,19948304,3775,75304847600,
KOSDAQ,460930,2025,현대힘스(주),,,mid_sized,2024,252899033,35510671,17690,628183769990,2.483931087193995
KOSDAQ,460940,2025,(주)피앤에스로보틱스,,,small_and_medium,2024,43227280,13255480,12340,163572623200,3.784013780186956
KOSDAQ,461030,2025,(주)아이엠비디엑스,,,small_and_medium,2024,,14017750,9890,138635547500,
KOSDAQ,461300,2025,(주)아이스크림미디어,,,mid_sized,2024,,13298933,17400,231401434200,
KOSDAQ,462310,2025,(주)뉴키즈온,,,other,,44488226,8185121,5710,46737040910,1.0505485408656214
KOSDAQ,462350,2025,(주)이노스페이스,,,small_and_medium,2024,52028718,22857319,12100,276573559900,5.315786560414577
KOSDAQ,462510,2025,(주)라메디텍,,,small_and_medium,2024,,8802965,6590,58011539350,
KOSDAQ,462860,2025,(주)더즌,,,other,,73596908,71843711,3780,271569227580,3.6899543059607884
KOSDAQ,462980,2025,(주)아이지넷,,,other,,22101644,18234437,2080,37927628960,1.7160546500522766
KOSDAQ,463020,2025,(주)뉴엔에이아이,,,other,,,8879200,16960,150591232000,
KOSDAQ,463480,2025,모티브링크(주),,,other,,36716879,12390358,7720,95653563760,2.605165971759201
KOSDAQ,464080,2025,(주)에스오에스랩,,,small_and_medium,2024,,17797035,14200,252717897000,
KOSDAQ,464280,2025,(주)티디에스팜,,,small_and_medium,2024,,5530000,9850,54470500000,
KOSDAQ,464490,2025,(주)쿼드메디슨,,,other,,30799201,11341443,15590,176813096370,5.740833873255348
KOSDAQ,464500,2025,(주)아이언디바이스,,,small_and_medium,2024,26644975,13963263,3260,45520237380,1.7083985772176555
KOSDAQ,464580,2025,(주)닷밀,,,small_and_medium,2024,,18406089,2480,45647100720,
KOSDAQ,465480,2025,인스피언(주),,,small_and_medium,2024,56020552,10137772,5290,53628813880,0.9573060593904894
KOSDAQ,466100,2025,(주)클로봇,,,small_and_medium,2024,60444195,24992139,63000,1574504757000,26.04889943525594
KOSDAQ,466410,2025,(주)사이냅소프트,,,small_and_medium,2024,,5037023,12540,63164268420,
KOSDAQ,468530,2025,(주)프로티나,,,other,,,10939480,110600,1209906488000,
KOSDAQ,469610,2025,(주)이노테크,,,other,,64352550,8876900,24550,217927895000,3.3864686791743295
KOSDAQ,469750,2025,(주)아이비젼웍스,,,small_and_medium,2024,,34456481,1274,43897556794,
KOSDAQ,471820,2025,(주)셀로맥스사이언스,,,small_and_medium,2024,46918022,11581203,6500,75277819500,1.604454243616664
KOSDAQ,472850,2025,폰드그룹(주),,,mid_sized,2024,270065540,32343933,10060,325379965980,1.2048185265695135
KOSDAQ,473980,2025,(주)노머스,,,small_and_medium,2024,103698769,11009322,28000,308261016000,2.9726583928879617
KOSDAQ,474170,2025,루미르(주),,,small_and_medium,2024,,17817696,9050,161250148800,
KOSDAQ,474610,2025,알에프시스템즈(주),,,small_and_medium,2024,,13427822,4765,63983571830,
KOSDAQ,474650,2025,(주)링크솔루션,,,other,,,5624032,60000,337441920000,
KOSDAQ,475230,2025,(주)엔알비,,,other,,85501529,10509839,14780,155335420420,1.8167560538010963
KOSDAQ,475400,2025,(주)씨메스,,,small_and_medium,2024,58974232,11701662,33100,387325012200,6.56769913002004
KOSDAQ,475430,2025,키스트론(주),,,other,,,17848110,4835,86295611850,
KOSDAQ,475460,2025,(주)미트박스글로벌,,,other,,37665907,5613025,8580,48159754500,1.2786033401505505
KOSDAQ,475580,2025,(주)에이럭스,,,small_and_medium,2024,45485255,13624900,11150,151917635000,3.339931478893545
KOSDAQ,475660,2025,(주)에스켐,,,small_and_medium,2024,,7929835,5550,44010584250,
KOSDAQ,475830,2025,오름테라퓨틱(주),,,other,,130888052,21232368,120000,2547884160000,19.466132477852142
KOSDAQ,475960,2025,(주)토모큐브,,,small_and_medium,2024,38794437,13321774,51000,679410474000,17.51309018867834
KOSDAQ,476040,2025,오가노이드사이언스(주),,,other,,24844372,6585360,38300,252219288000,10.151968743665567
KOSDAQ,476060,2025,온코닉테라퓨틱스(주),,,mid_sized,2024,,44489866,19550,869776880300,
KOSDAQ,476080,2025,(주)엠83,,,small_and_medium,2024,43810479,8037000,9320,74904840000,1.7097471132420168
KOSDAQ,476830,2025,알지노믹스(주),,,other,,,13933842,160500,2236381641000,
KOSDAQ,478340,2025,(주)나라스페이스테크놀로지,,,other,,,11533591,28200,325247266200,
KOSDAQ,478560,2025,(주)블랙야크아이앤씨,,,other,,38359287,25830298,3565,92085012370,2.400592387705225
KOSDAQ,479960,2025,(주)위너스,,,other,,,6851000,10450,71592950000,
KOSDAQ,481070,2025,(주)에이유브랜즈,,,other,,71738485,14160000,22300,315768000000,4.401654147003523
KOSDAQ,482630,2025,(주)삼양엔씨켐,,,other,,,10944140,22900,250620806000,
KOSDAQ,484120,2025,(주)도우인시스,,,other,,168251270,10889022,26000,283114572000,1.6826890638032035
KOSDAQ,484590,2025,(주)삼양컴텍,,,other,,,41210450,12800,527493760000,
KOSDAQ,484810,2025,(주)티엑스알로보틱스,,,other,,,15450915,15820,244433475300,
KOSDAQ,486990,2025,(주)노타,,,other,,27455221,21324030,46300,987302589000,35.96046773762994
KOSDAQ,488280,2025,(주)에스투더블유,,,other,,23127586,10659263,29700,316580111100,13.6884200149553
KOSDAQ,488900,2025,(주)비츠로넥스텍,,,other,,,28976443,19250,557796527750,
KOSDAQ,489460,2025,(주)바이오비쥬,,,other,,61979779,15044430,13480,202798916400,3.272017417164395
KOSDAQ,489500,2025,(주)엘케이켐,,,other,,59588772,6278056,36300,227893432800,3.8244357980728316
KOSDAQ,490470,2025,(주)세미파이브,,,other,,220517419,33858800,26500,897258200000,4.068876753903963
KOSDAQ,491000,2025,(주)리브스메드,,,other,,180869068,24681691,51700,1276043424700,7.055067175444283
KOSDAQ,494120,2025,(주)큐리오시스,,,other,,28201275,7616482,49000,373207618000,13.233714362205255
KOSDAQ,950130,2025,(주)엑세스바이오인코퍼레이션,,,mid_sized,2024,558489342,37727832,3800,143365761600,0.25670277088295806
KOSDAQ,950140,2025,잉글우드랩(주),,,mid_sized,2024,164585175,19867866,11260,223712171160,1.3592486149496759
KOSDAQ,950160,2025,코오롱티슈진(주),,,mid_sized,2024,,16761900,79600,1334247240000,
KOSDAQ,950190,2025,고스트스튜디오(주),,,mid_sized,2024,158585686,13017059,8690,113118242710,0.7132941538620327
KOSDAQ,950200,2025,(주)소마젠,,,small_and_medium,2024,25714741,19236053,3880,74635885640,2.902455274194673
KOSDAQ,950220,2025,(주)네오이뮨텍,,,mid_sized,2024,59212061,33527681,821,27526226101,0.4648753249950209
KOSPI,000020,2025,동화약품(주),,,mid_sized,2024,401439663,27931470,6250,174571687500,0.4348640744549449
KOSPI,000040,2025,케이알모터스(주),,,small_and_medium,2024,43672331,86375184,451,38955207984,0.8919882930911107
KOSPI,000050,2025,(주)경방,,,mid_sized,2024,811826798,27415270,9360,256606927200,0.31608580528774316
KOSPI,000070,2025,(주)삼양홀딩스,,,mid_sized,2024,2652535097,7763191,57600,447159801600,0.1685782789851621
KOSPI,000080,2025,하이트진로(주),,,mid_sized,2024,1142138786,71268446,18440,1314190144240,1.1506396248415296
KOSPI,000100,2025,(주)유한양행,,,mid_sized,2024,2362284336,81149377,112400,9121189974800,3.861173625798448
KOSPI,000120,2025,씨제이대한통운(주),,,large,2024,4439637704,22812344,94600,2158047742400,0.48608645260753014
KOSPI,000140,2025,하이트진로홀딩스(주),,,mid_sized,2024,1140161317,23677575,9790,231803459250,0.20330759848959162
KOSPI,000150,2025,(주)두산,,,large,2024,12234321000,21083335,781000,16466084635000,1.3458928072101426
KOSPI,000180,2025,성창기업지주(주),,,mid_sized,2024,677384427,69751600,1511,105394667600,0.1555906268273274
KOSPI,000210,2025,디엘(주),,,large,2024,4921075694,22641999,37650,852471262350,0.17322864254849238
KOSPI,000220,2025,(주)유유제약,,,mid_sized,2024,140543964,19624841,4515,88606157115,0.6304515298501187
KOSPI,000230,2025,일동홀딩스(주),,,mid_sized,2024,345579807,11540400,13290,153371916000,0.44381041048500847
KOSPI,000240,2025,한국앤컴퍼니(주),,,large,2024,4781079226,94935240,26150,2482556526000,0.5192460548446055
KOSPI,000270,2025,기아(주),,,large,2024,61190464000,390412998,121800,47552303156400,0.7771195060132245
KOSPI,000300,2025,(주)디에이치오토넥스,,,mid_sized,2024,32101054,41437055,1984,82211117120,2.5610099007964036
KOSPI,000320,2025,(주)노루홀딩스,,,mid_sized,2024,811924394,13534710,21050,284905645500,0.3509016943023392
KOSPI,000390,2025,삼화페인트공업(주),,,mid_sized,2024,340444460,27203469,7760,211098919440,0.620068599265795
KOSPI,000430,2025,대원강업(주),,,large,2024,730205422,62000000,3865,239630000000,0.3281679275177992
KOSPI,000480,2025,(주)시알홀딩스,,,mid_sized,2024,808194985,46890490,4835,226715519150,0.28052081905704973
KOSPI,000490,2025,(주)대동,,,mid_sized,2024,646506209,28826865,9690,279332321850,0.43206440705660726
KOSPI,000500,2025,가온전선(주),,,large,2024,483788805,16543115,82400,1363152676000,2.8176606442970504
KOSPI,000520,2025,삼일제약(주),,,mid_sized,2024,133262036,21691811,9690,210193648590,1.5772957918037511
KOSPI,000590,2025,CS홀딩스(주),,,mid_sized,2024,393726082,1154482,77500,89472355000,0.22724518158794468
KOSPI,000640,2025,동아쏘시오홀딩스(주),,,mid_sized,2024,1151530812,6536434,109600,716393166400,0.6221224468633672
KOSPI,000650,2025,(주)천일고속,,,small_and_medium,2024,,1429220,352500,503800050000,
KOSPI,000660,2025,에스케이하이닉스(주),,,large,2024,120666751000,728002365,651000,473929539615000,3.9275901247643605
KOSPI,000670,2025,(주)영풍,,,large,2024,4018786225,18077950,47500,858702625000,0.21367213305803545
KOSPI,000680,2025,(주)엘에스네트웍스,,,large,2024,1277959907,78818300,3400,267982220000,0.20969532653734496
KOSPI,000700,2025,(주)유수홀딩스,,,mid_sized,2024,412155707,26041812,5820,151563345840,0.3677332213672344
KOSPI,000720,2025,현대건설(주),,,large,2024,10112865000,112410458,70100,7879973105800,0.7792028377517153
KOSPI,000760,2025,이화산업(주),,,small_and_medium,2024,204861498,2800000,14220,39816000000,0.1943557007476339
KOSPI,000850,2025,화천기공(주),,,mid_sized,2024,339459976,2200000,36350,79970000000,0.23558005554092185
KOSPI,000860,2025,강남제비스코(주),,,mid_sized,2024,708767942,13000000,12850,167050000000,0.23569068252243272
KOSPI,000880,2025,(주)한화,,,large,2024,48435327000,94562209,81600,7716276254400,0.15931091482875712
KOSPI,000890,2025,보해양조(주),,,mid_sized,2024,,138145639,426,58850042214,
KOSPI,000910,2025,(주)유니온,,,mid_sized,2024,129554199,15611619,4180,65256567420,0.5037009060586296
KOSPI,000950,2025,전방(주),,,mid_sized,2024,227496489,1680000,35350,59388000000,0.2610501826250162
KOSPI,000970,2025,한국주철관공업(주),,,mid_sized,2024,365278585,22800500,7060,160971530000,0.44068154173341423
KOSPI,000990,2025,(주)디비하이텍,,,large,2024,2243995457,43617167,67600,2948520489200,1.313960097380001
KOSPI,001020,2025,페이퍼코리아(주),,,mid_sized,2024,263732753,177983313,620,110349654060,0.4184146747218765
KOSPI,001040,2025,씨제이(주),,,large,2024,17017052447,35663733,172000,6134162076000,0.36047147971747684
KOSPI,001060,2025,제이더블유중외제약(주),,,mid_sized,2024,369369600,24901389,25500,634985419500,1.7191057940339431
KOSPI,001070,2025,대한방직(주),,,mid_sized,2024,155806836,5300000,6420,34026000000,0.2183857966283328
KOSPI,001120,2025,(주)엘엑스인터내셔널,,,large,2024,3535707600,38760000,32500,1259700000000,0.35627946157086066
KOSPI,001130,2025,대한제분(주),,,mid_sized,2024,1009198242,1690000,146100,246909000000,0.24465857125422935
KOSPI,001210,2025,금호전기(주),,,small_and_medium,2024,10115014,61553997,521,32069632437,3.1704980771158597
KOSPI,001230,2025,동국홀딩스(주),,,mid_sized,2024,1955749132,31800483,7450,236913598350,0.12113700805160321
KOSPI,001250,2025,(주)지에스글로벌,,,large,2024,570406827,82533764,2315,191065663660,0.3349638444281804
KOSPI,001260,2025,남광토건(주),,,mid_sized,2024,124977041,9832572,8290,81512021880,0.6522159688514308
KOSPI,001340,2025,피케이씨(주),,,mid_sized,2024,223279936,44918407,5630,252890631410,1.13261691104211
KOSPI,001360,2025,삼성제약(주),,,small_and_medium,2024,,94162079,1530,144067980870,
KOSPI,001380,2025,(주)에스지글로벌,,,small_and_medium,2024,151978569,44964253,1865,83858331845,0.5517773485878789
KOSPI,001390,2025,케이지케미칼(주),,,mid_sized,2024,3937401958,67233030,5260,353645737800,0.08981702695643348
KOSPI,001420,2025,태원물산(주),,,small_and_medium,2024,,7600000,3560,27056000000,
KOSPI,001430,2025,(주)세아베스틸지주,,,large,2024,1952953863,35862119,50200,1800278373800,0.921823299519493
KOSPI,001440,2025,대한전선(주),,,large,2024,1632342791,186447300,22900,4269643170000,2.6156535217607977
KOSPI,001460,2025,(주)비와이씨,,,mid_sized,2024,562493041,8400000,42100,353640000000,0.6287011113440601
KOSPI,001470,2025,삼부토건(주),,,mid_sized,2024,-142051418,229681824,347,79699592928,-0.5610615793219326
KOSPI,001520,2025,(주)동양,,,mid_sized,2024,756895048,239710499,843,202075950657,0.2669801463108529
KOSPI,001530,2025,디아이동일(주),,,mid_sized,2024,520481606,19729280,19650,387680352000,0.7448492848371667
KOSPI,001550,2025,(주)조비,,,mid_sized,2024,,5192239,11780,61164575420,
KOSPI,001560,2025,제일연마공업(주),,,mid_sized,2024,108819876,9800000,9980,97804000000,0.8987696328564094
KOSPI,001570,2025,(주)금양,,,mid_sized,2024,460577235,63967196,9900,633275240400,1.3749599247995832
KOSPI,001620,2025,케이비아이동국실업(주),,,mid_sized,2024,268047076,111293031,492,54756171252,0.20427818899990538
KOSPI,001630,2025,(주)종근당홀딩스,,,mid_sized,2024,913055352,5009861,46250,231706071250,0.2537700159606534
KOSPI,001680,2025,대상(주),,,mid_sized,2024,1096948856,36018248,21050,758184120400,0.691175451118753
KOSPI,001740,2025,에스케이네트웍스(주),,,large,2024,2025631000,221391550,4520,1000689806000,0.49401386827117083
KOSPI,001770,2025,(주)신화다이나믹스,,,small_and_medium,2024,,1214878,18150,22050035700,
KOSPI,001780,2025,(주)알루코,,,mid_sized,2024,404858804,96871742,2125,205852451750,0.5084549223486814
KOSPI,001790,2025,대한제당(주),,,mid_sized,2024,483946132,96179340,2825,271706635500,0.5614398329357864
KOSPI,001800,2025,(주)오리온홀딩스,,,mid_sized,2018,5155936348,62645422,20650,1293627964300,0.2509006855373227
KOSPI,001820,2025,삼화콘덴서공업(주),,,mid_sized,2024,279609220,10395000,29250,304053750000,1.0874239054062667
KOSPI,001940,2025,KISCO홀딩스(주),,,mid_sized,2024,1494288789,14176380,25150,356535957000,0.23859909786153125
KOSPI,002020,2025,(주)코오롱,,,large,2024,2423307277,14068117,50000,703405850000,0.29026688306354637
KOSPI,002030,2025,아세아(주),,,mid_sized,2024,2035747890,2072646,326500,676718919000,0.33241784128780305
KOSPI,002070,2025,(주)비비안,,,mid_sized,2024,82563343,45196077,627,28337940279,0.3432266578522626
KOSPI,002100,2025,(주)경농,,,mid_sized,2024,288352574,19522575,9310,181755173250,0.6303227008821499
KOSPI,002140,2025,고려산업(주),,,mid_sized,2024,119699007,24939425,2540,63346139500,0.5292119048239056
KOSPI,002150,2025,(주)도화엔지니어링,,,mid_sized,2024,251987513,33720000,6380,215133600000,0.8537470664270574
KOSPI,002170,2025,삼양통상(주),,,large,2024,453490772,3000000,55800,167400000000,0.36913650803020087
KOSPI,002200,2025,한국수출포장공업(주),,,mid_sized,2024,281337765,40000000,3120,124800000000,0.4435949080636224
KOSPI,002210,2025,동성제약(주),,,mid_sized,2024,,26619507,973,25900780311,
KOSPI,002220,2025,한일철강(주),,,mid_sized,2024,165106074,26697460,5070,135356122200,0.8198130990626062
KOSPI,002240,2025,고려제강(주),,,mid_sized,2024,1961649791,27000000,21400,577800000000,0.29454798845896546
KOSPI,002310,2025,아세아제지(주),,,mid_sized,2024,845325745,40482510,7970,322645604700,0.38168198071383713
KOSPI,002320,2025,(주)한진,,,large,2024,1523278807,15235010,19710,300282047100,0.1971287499833246
KOSPI,002350,2025,넥센타이어(주),,,mid_sized,2024,2054456537,104167877,7530,784384113810,0.38179640196009657
KOSPI,002360,2025,(주)SH에너지화학,,,mid_sized,2024,69692952,111139950,374,41566341300,0.596421016862652
KOSPI,002380,2025,(주)케이씨씨,,,large,2024,7824485732,8886471,420500,3736761055500,0.47757273557515384
KOSPI,002390,2025,(주)한독,,,mid_sized,2024,278321413,13763533,11200,154151569600,0.5538616951474014
KOSPI,002410,2025,범양건영(주),,,mid_sized,2024,-69466212,27479820,1935,53173451700,-0.7654577695988375
KOSPI,002420,2025,세기상사(주),,,small_and_medium,2024,,5969948,5380,32118320240,
KOSPI,002450,2025,(주)삼익악기,,,mid_sized,2024,279903440,90530915,1240,112258334600,0.4010609322986527
KOSPI,002460,2025,에이치에스화성(주),,,mid_sized,2024,437876786,10150000,11960,121394000000,0.27723323976347997
KOSPI,002600,2025,(주)조흥,,,mid_sized,2024,151468308,600000,160000,96000000000,0.6337959489188986
KOSPI,002620,2025,제일파마홀딩스(주),,,mid_sized,2024,469116854,15973355,8040,128425774200,0.27376073382347504
KOSPI,002690,2025,동일제강(주),,,mid_sized,2024,,20300360,1630,33089586800,
KOSPI,002700,2025,신일전자(주),,,mid_sized,2024,,71047521,1308,92930157468,
KOSPI,002710,2025,(주)TCC스틸,,,mid_sized,2024,248889181,26213697,13920,364894662240,1.4660929043757833
KOSPI,002720,2025,국제약품(주),,,mid_sized,2024,97702264,21159832,4300,90987277600,0.9312709232613074
KOSPI,002760,2025,(주)보락,,,small_and_medium,2024,,59900000,1047,62715300000,
KOSPI,002780,2025,진흥기업(주),,,large,2024,,146623771,744,109088085624,
KOSPI,002790,2025,(주)아모레퍼시픽홀딩스,,,mid_sized,2024,7235423629,92994150,26850,2496892927500,0.3450928453577075
KOSPI,002810,2025,삼영무역(주),,,mid_sized,2024,666743915,18466948,16030,296025176440,0.44398631885526846
KOSPI,002820,2025,(주)선앤엘,,,mid_sized,2024,222937964,12607989,2635,33222051015,0.14901926266358115
KOSPI,002840,2025,미원상사(주),,,mid_sized,2024,416384564,4750000,150300,713925000000,1.714580850792538
KOSPI,002870,2025,(주)신풍,,,small_and_medium,2024,73650459,34958700,1126,39363496200,0.5344636915297433
KOSPI,002880,2025,(주)대유에이텍,,,mid_sized,2024,46511139,46773995,1085,50749784575,1.091131837794813
KOSPI,002900,2025,티와이엠(주),,,mid_sized,2024,421401685,41400000,6290,260406000000,0.6179519666609781
KOSPI,002920,2025,유성기업(주),,,mid_sized,2024,299630305,25947500,2220,57603450000,0.19224841092091802
KOSPI,002960,2025,한국쉘석유(주),,,mid_sized,2024,,1300000,450500,585650000000,
KOSPI,002990,2025,금호건설(주),,,mid_sized,2024,242559560,37289026,3990,148783213740,0.6133883724888023
KOSPI,003000,2025,부광약품(주),,,large,2024,340932074,98664671,3785,373445779735,1.0953671074520257
KOSPI,003010,2025,(주)혜인,,,mid_sized,2024,,12712747,5310,67504686570,
KOSPI,003030,2025,(주)세아제강지주,,,large,2024,2733117515,4141657,128100,530546261700,0.19411761799053123
KOSPI,003060,2025,(주)에이프로젠바이오로직스,,,mid_sized,2024,277566948,198407845,519,102973671555,0.3709867918243638
KOSPI,003070,2025,코오롱글로벌(주),,,large,2024,684395536,26164696,9080,237575439680,0.3471317786035355
KOSPI,003080,2025,에스비성보(주),,,small_and_medium,2024,152820667,20020000,2800,56056000000,0.36680902590223613
KOSPI,003090,2025,(주)대웅,,,mid_sized,2024,1767325630,58141980,22050,1282030659000,0.7254071560089353
KOSPI,003120,2025,일성아이에스(주),,,small_and_medium,2024,,13300000,21800,289940000000,
KOSPI,003160,2025,(주)디아이,,,mid_sized,2024,185897333,28300000,21350,604205000000,3.250208005942721
KOSPI,003200,2025,일신방직(주),,,mid_sized,2024,949645971,22960000,12420,285163200000,0.30028369382720205
KOSPI,003220,2025,대원제약(주),,,mid_sized,2024,274578483,22427583,11950,268009616850,0.9760765443882214
KOSPI,003230,2025,삼양식품(주),,,mid_sized,2024,1271540001,7533015,1231000,9273141465000,7.292842897358445
KOSPI,003240,2025,태광산업(주),,,mid_sized,2024,3964264621,1113400,762000,848410800000,0.21401467387058165
KOSPI,003280,2025,흥아해운(주),,,large,2024,259908884,240424899,1584,380833040016,1.4652559549137998
KOSPI,003300,2025,한일홀딩스(주),,,mid_sized,2024,2349825497,30832884,16380,505042639920,0.21492772146901257
KOSPI,003350,2025,(주)한국화장품제조,,,mid_sized,2024,,4532000,48900,221614800000,
KOSPI,003480,2025,(주)한진중공업홀딩스,,,mid_sized,2024,479823000,29529812,4655,137461274860,0.28648329667398187
KOSPI,003490,2025,(주)대한항공,,,large,2024,11459098427,369331455,22550,8328424310250,0.7267957739700109
KOSPI,003520,2025,영진약품(주),,,large,2024,,182892731,2000,365785462000,
KOSPI,003550,2025,(주)엘지,,,large,2024,30334813000,157232784,80700,12688685668800,0.41828791457524395
KOSPI,003570,2025,에스앤티다이내믹스(주),,,mid_sized,2024,866792977,33252697,46600,1549575680200,1.7877113928208488
KOSPI,003580,2025,에이치엘비글로벌(주),,,small_and_medium,2024,75504880,50663505,2320,117539331600,1.5567117198252616
KOSPI,003620,2025,케이지모빌리티(주),,,mid_sized,2024,1484549778,202374912,3500,708312192000,0.47712256099236033
KOSPI,003650,2025,미창석유공업(주),,,mid_sized,2024,,1739672,121700,211718082400,
KOSPI,003670,2025,(주)포스코퓨처엠,,,large,2024,4512079083,88946220,187000,16632943140000,3.686314631023944
KOSPI,003680,2025,한성기업(주),,,mid_sized,2024,,6209515,5500,34152332500,
KOSPI,003720,2025,(주)삼영,,,mid_sized,2024,88284688,34000000,6160,209440000000,2.3723253119499046
KOSPI,003780,2025,진양산업(주),,,small_and_medium,2024,67136198,13000000,6740,87620000000,1.3051081623657033
KOSPI,003830,2025,대한화섬(주),,,mid_sized,2024,,1328000,117200,155641600000,
KOSPI,003850,2025,(주)보령,,,mid_sized,2024,845502782,85787207,9010,772942735070,0.9141811848822515
KOSPI,003920,2025,남양유업(주),,,mid_sized,2024,949068512,8000000,50100,400800000000,0.42230881641556345
KOSPI,003960,2025,(주)사조대림,,,mid_sized,2024,795351643,9168247,37250,341517200750,0.429391456918132
KOSPI,004000,2025,롯데정밀화학(주),,,large,2024,2435737107,25800000,44550,1149390000000,0.4718859012726779
KOSPI,004020,2025,현대제철(주),,,large,2024,19840176064,133445785,31050,4143491624250,0.2088434906466564
KOSPI,004060,2025,(주)에스지세계물산,,,mid_sized,2024,261081867,202424960,339,68622061440,0.2628373323222788
KOSPI,004080,2025,(주)신흥,,,mid_sized,2024,116000778,9500000,13990,132905000000,1.1457250743611391
KOSPI,004090,2025,한국석유공업(주),,,mid_sized,2024,206027006,12694120,13940,176956032800,0.8588972690308376
KOSPI,004100,2025,태양금속공업(주),,,mid_sized,2024,166325243,40000000,2320,92800000000,0.5579429696068443
KOSPI,004140,2025,(주)동방,,,mid_sized,2024,178344899,47971766,2555,122567862130,0.6872518519859657
KOSPI,004150,2025,한솔홀딩스(주),,,mid_sized,2024,645179036,41026620,3090,126772255800,0.1964915918315734
KOSPI,004170,2025,(주)신세계,,,large,2024,6572365892,9645181,247000,2382359707000,0.36248129610371366
KOSPI,004250,2025,엔피씨(주),,,mid_sized,2024,449410325,42000000,3780,158760000000,0.353262911794472
KOSPI,004270,2025,(주)남성,,,small_and_medium,2024,105497240,36212160,878,31794276480,0.3013754338976072
KOSPI,004360,2025,세방(주),,,mid_sized,2024,1208591668,22804853,14420,328845980260,0.2720902261424493
KOSPI,004370,2025,(주)농심,,,mid_sized,2024,2831185859,6082642,432500,2630742665000,0.9292016829757697
KOSPI,004380,2025,삼익티에이치케이(주),,,mid_sized,2024,157413151,20700000,9960,206172000000,1.3097507971236786
KOSPI,004410,2025,서울식품공업(주),,,small_and_medium,2024,,392399636,149,58467545764,
KOSPI,004430,2025,송원산업(주),,,mid_sized,2024,760110000,24000000,9050,217200000000,0.28574811540434936
KOSPI,004440,2025,(주)삼일씨엔에스,,,mid_sized,2024,,12731947,5990,76264362530,
KOSPI,004450,2025,삼화왕관(주),,,mid_sized,2024,118468615,2154379,29300,63123304700,0.5328272361418254
KOSPI,004490,2025,세방전지(주),,,mid_sized,2024,1662766161,14000000,62800,879200000000,0.5287574528647146
KOSPI,004540,2025,깨끗한나라(주),,,mid_sized,2024,170688519,37606853,1901,71490627553,0.4188367675332633
KOSPI,004560,2025,현대비앤지스틸(주),,,large,2024,521014646,15188663,10940,166163973220,0.31892380472544335
KOSPI,004690,2025,(주)삼천리,,,mid_sized,2024,1882344304,4055025,128500,521070712500,0.27682008620459053
KOSPI,004700,2025,조광피혁(주),,,small_and_medium,2024,,6649138,65500,435518539000,
KOSPI,004710,2025,한솔테크닉스(주),,,mid_sized,2024,492683968,32109878,5880,188806082640,0.38321945689939724
KOSPI,004720,2025,(주)팜젠사이언스,,,mid_sized,2024,,21954502,4155,91220955810,
KOSPI,004770,2025,써니전자(주),,,small_and_medium,2024,,35507438,1560,55391603280,
KOSPI,004800,2025,(주)효성,,,large,2024,2857192993,16740407,114700,1920124682900,0.6720318465025719
KOSPI,004830,2025,(주)덕성,,,small_and_medium,2024,97435059,17072000,4875,83226000000,0.8541689290710031
KOSPI,004840,2025,(주)디알비동일,,,mid_sized,2024,529003522,19930000,4955,98753150000,0.18667767962421997
KOSPI,004870,2025,(주)티웨이홀딩스,,,mid_sized,2024,,113163494,479,54205313626,
KOSPI,004890,2025,동일산업(주),,,mid_sized,2024,406422005,2425215,39200,95068428000,0.23391555287465304
KOSPI,004910,2025,조광페인트(주),,,mid_sized,2024,211984409,12800000,5040,64512000000,0.30432426754554387
KOSPI,004920,2025,(주)씨아이테크,,,small_and_medium,2024,73233904,52179872,1069,55780283168,0.7616729427397453
KOSPI,004960,2025,한신공영(주),,,mid_sized,2024,841468881,11574274,10300,119215022200,0.1416749031269286
KOSPI,004970,2025,신라교역(주),,,mid_sized,2024,603073108,16000000,9200,147200000000,0.2440831767282185
KOSPI,004980,2025,성신양회(주),,,mid_sized,2024,592859840,25251718,9500,239891321000,0.4046341222910292
KOSPI,004990,2025,롯데지주(주),,,large,2024,9421639933,105714840,26450,2796157518000,0.2967803416267532
KOSPI,005010,2025,(주)휴스틸,,,mid_sized,2024,1057454588,56188075,4005,225033240375,0.21280652893152893
KOSPI,005030,2025,부산주공(주),,,mid_sized,2024,,78782988,486,38288532168,
KOSPI,005070,2025,코스모신소재(주),,,mid_sized,2024,,32510756,43300,1407715734800,
KOSPI,005090,2025,에스지씨에너지(주),,,large,2024,759237086,14409333,21950,316284859350,0.41658246835165796
KOSPI,005110,2025,(주)한창,,,small_and_medium,2024,10133214,21106407,1254,26467434378,2.6119486253818383
KOSPI,005180,2025,(주)빙그레,,,mid_sized,2024,743761732,9555703,74500,711899873500,0.957161202130792
KOSPI,005250,2025,(주)녹십자홀딩스,,,mid_sized,2024,1763769240,49543070,15920,788725674400,0.44718189687898174
KOSPI,005300,2025,롯데칠성음료(주),,,large,2024,1600295935,10054194,139200,1399543804800,0.8745531212012984
KOSPI,005320,2025,(주)온타이드,,,mid_sized,2024,105028826,76726420,456,34987247520,0.33312042848122475
KOSPI,005360,2025,(주)모나미,,,mid_sized,2024,80954090,18897307,1954,36925337878,0.45612689708450804
KOSPI,005380,2025,현대자동차(주),,,large,2024,127648237000,265390108,296500,78688167022000,0.6164453882900083
KOSPI,005420,2025,코스모화학(주),,,mid_sized,2024,584313906,38408228,14350,551158071800,0.9432568113482481
KOSPI,005430,2025,한국공항(주),,,large,2024,405156449,3166355,65000,205813075000,0.5079842009376482
KOSPI,005440,2025,(주)현대지에프홀딩스,,,large,2024,7306462632,155904301,8320,1297123784320,0.17753102282888675
KOSPI,005490,2025,포스코홀딩스(주),,,large,2024,62377691037,80932952,305000,24684550360000,0.3957272215375541
KOSPI,005500,2025,삼진제약(주),,,mid_sized,2024,,13320000,19750,263070000000,
KOSPI,005610,2025,(주)에스피씨삼립,,,mid_sized,2024,481554949,8629009,51900,447845567100,0.92999888803967
KOSPI,005680,2025,삼영전자공업(주),,,mid_sized,2024,540042907,20000000,10540,210800000000,0.3903393550172116
KOSPI,005690,2025,파미셀(주),,,small_and_medium,2024,,60016964,14530,872046486920,
KOSPI,005720,2025,(주)넥센,,,mid_sized,2024,2630360292,57144577,6060,346296136620,0.13165349920816094
KOSPI,005740,2025,(주)크라운해태홀딩스,,,mid_sized,2024,607423643,15448073,6800,105046896400,0.1729384386178725
KOSPI,005750,2025,대림바스(주),,,mid_sized,2024,175408988,16672240,4710,78526250400,0.4476751807039671
KOSPI,005800,2025,(주)신영와코루,,,mid_sized,2024,388800958,9000000,16500,148500000000,0.3819435033387958
KOSPI,005810,2025,(주)풍산홀딩스,,,mid_sized,2024,1172765564,14417292,37500,540648450000,0.4610030057124017
KOSPI,005820,2025,(주)원림,,,small_and_medium,2024,159144854,2297970,14900,34239753000,0.2151483515766083
KOSPI,005850,2025,에스엘(주),,,mid_sized,2024,2651661893,46448520,42850,1990319082000,0.7505930855114491
KOSPI,005870,2025,(주)휴니드테크놀러지스,,,mid_sized,2024,,14116015,7640,107846354600,
KOSPI,005880,2025,대한해운(주),,,large,2024,2414654404,322747340,1757,567067076380,0.23484399069308803
KOSPI,005930,2025,삼성전자(주),,,large,2024,436320337000,6735612586,119900,807599949061400,1.8509335471598702
KOSPI,005950,2025,(주)이수화학,,,mid_sized,2024,221652054,26294169,8260,217189835940,0.979868365848755
KOSPI,005960,2025,동부건설(주),,,mid_sized,2024,550820452,23204548,5630,130641605240,0.2371763879965735
KOSPI,006040,2025,동원산업(주),,,mid_sized,2024,3701777133,44147986,41900,1849800613400,0.49970609978372243
KOSPI,006060,2025,(주)화승인더스트리,,,mid_sized,2024,558938661,55320000,3620,200258400000,0.3582833215396421
KOSPI,006090,2025,(주)사조오양,,,mid_sized,2024,,9422739,9050,85275787950,
KOSPI,006110,2025,삼아알미늄(주),,,mid_sized,2024,217939023,14711916,23800,350143600800,1.6066126936799199
KOSPI,006120,2025,에스케이디스커버리(주),,,large,2024,6851245699,19660310,57800,1136365918000,0.1658626719759682
KOSPI,006200,2025,(주)한국전자홀딩스,,,mid_sized,2024,377547139,46803136,650,30422038400,0.08057811927956365
KOSPI,006260,2025,(주)엘에스,,,large,2024,7679588000,31700000,199900,6336830000000,0.825152338901514
KOSPI,006280,2025,(주)녹십자,,,mid_sized,2024,1394272744,11686538,159000,1858159542000,1.3327087902967714
KOSPI,006340,2025,대원전선(주),,,mid_sized,2024,152048393,79695871,3720,296468640120,1.9498308023551423
KOSPI,006360,2025,지에스건설(주),,,large,2024,5523557000,85581490,19700,1685955353000,0.30523000903222325
KOSPI,006370,2025,(주)대구백화점,,,mid_sized,2024,137092080,10825893,5510,59650670430,0.4351139061424993
KOSPI,006380,2025,(주)카프로,,,mid_sized,2024,,168999996,3660,618539985360,
KOSPI,006400,2025,삼성SDI(주),,,large,2024,23570113160,82203426,269500,22153823307000,0.9399116226814076
KOSPI,006490,2025,(주)인스코비,,,small_and_medium,2024,16065802,125886117,633,79685912061,4.959971003066015
KOSPI,006570,2025,대림통상(주),,,mid_sized,2024,38179758,15225000,2240,34104000000,0.8932481971205789
KOSPI,006650,2025,대한유화(주),,,mid_sized,2024,2081469764,6500000,144800,941200000000,0.4521804814456099
KOSPI,006660,2025,삼성공조(주),,,mid_sized,2024,294870085,8126314,14190,115312395660,0.3910616964077587
KOSPI,006740,2025,블루산업개발(주),,,small_and_medium,2024,82229396,56975588,789,44953738932,0.5466869649875575
KOSPI,006840,2025,에이케이홀딩스(주),,,mid_sized,2024,1122974788,13247561,8710,115386256310,0.10275053148388226
KOSPI,006880,2025,신송홀딩스(주),,,small_and_medium,2024,108905764,11828858,6890,81500831620,0.7483610474464878
KOSPI,006890,2025,태경케미컬(주),,,mid_sized,2024,172558116,11600000,8140,94424000000,0.5472011527988634
KOSPI,006980,2025,(주)우성,,,mid_sized,2024,212508273,3090000,16050,49594500000,0.2333767965824088
KOSPI,007070,2025,(주)지에스리테일,,,large,2024,3276094768,83607415,20100,1680509041500,0.5129610589763013
KOSPI,007110,2025,(주)일신석재,,,small_and_medium,2024,,77456610,1656,128268146160,
KOSPI,007120,2025,(주)미래아이앤지,,,small_and_medium,2024,,28878608,920,26568319360,
KOSPI,007160,2025,사조산업(주),,,mid_sized,2024,636174884,5000000,54100,270500000000,0.4251975467802341
KOSPI,007210,2025,(주)벽산,,,mid_sized,2024,374235690,66860000,1742,116470120000,0.3112213054826492
KOSPI,007280,2025,(주)한국특강,,,mid_sized,2024,,60813311,1475,89699633725,
KOSPI,007310,2025,(주)오뚜기,,,mid_sized,2024,2202787081,4007830,385000,1543014550000,0.70048283981197
KOSPI,007340,2025,(주)디엔오토모티브,,,mid_sized,2024,2449662359,58510865,24400,1427665106000,0.5828007687487188
KOSPI,007460,2025,(주)에이프로젠,,,mid_sized,2024,458609869,329305030,697,229525605910,0.5004811745776016
KOSPI,007540,2025,샘표(주),,,mid_sized,2024,360734564,2875800,48900,140626620000,0.3898340609246415
KOSPI,007570,2025,일양약품(주),,,mid_sized,2024,241408583,19530744,13050,254876209200,1.0557876858918476
KOSPI,007590,2025,(주)동방아그로,,,mid_sized,2024,174186061,13617917,6000,81707502000,0.46908174816583054
KOSPI,007610,2025,선도전기(주),,,small_and_medium,2024,36578125,18000000,3000,54000000000,1.4762921828278512
KOSPI,007660,2025,(주)이수페타시스,,,mid_sized,2024,756197181,73409219,119200,8750378904800,11.571557160829988
KOSPI,007690,2025,국도화학(주),,,mid_sized,2024,876318119,9260832,32700,302829206400,0.3455699475272404
KOSPI,007700,2025,(주)에프앤에프홀딩스,,,mid_sized,2024,3642862629,39114367,18690,731047519230,0.2006794089379866
KOSPI,007810,2025,(주)코리아써키트,,,large,2024,790594031,27369140,48300,1321929462000,1.6720711391255116
KOSPI,007860,2025,(주)서연,,,mid_sized,2024,1629879818,23479844,9650,226580494600,0.13901668828443645
KOSPI,007980,2025,티피(주),,,mid_sized,2024,284913946,51175130,1886,96516295180,0.33875595257804614
KOSPI,008040,2025,사조동아원(주),,,mid_sized,2024,,141144600,1105,155964783000,
KOSPI,008060,2025,(주)대덕,,,mid_sized,2024,1449629714,35102507,10470,367523248290,0.253529052792305
KOSPI,008250,2025,이건산업(주),,,mid_sized,2024,188760011,10952635,4690,51367858150,0.27213315933744037
KOSPI,008260,2025,(주)엔아이스틸,,,mid_sized,2024,,28600117,3500,100100409500,
KOSPI,008350,2025,(주)남선알미늄,,,large,2024,284188277,129386980,1282,165874108360,0.5836768149306877
KOSPI,008420,2025,문배철강(주),,,mid_sized,2024,,20503505,2090,42852325450,
KOSPI,008490,2025,(주)서흥,,,mid_sized,2024,541016724,11569113,21650,250471296450,0.46296405515552974
KOSPI,008500,2025,일정실업(주),,,small_and_medium,2024,,6000000,3070,18420000000,
KOSPI,008600,2025,(주)윌비스,,,mid_sized,2024,48423022,67236039,321,21582768519,0.4457129610580686
KOSPI,008700,2025,아남전자(주),,,mid_sized,2024,133819255,77152510,1318,101687008180,0.7598832333956724
KOSPI,008730,2025,율촌화학(주),,,mid_sized,2024,292217763,24800000,25800,639840000000,2.189599952553192
KOSPI,008770,2025,(주)호텔신라,,,large,2024,1106221783,40000000,44600,1784000000000,1.6126965021082034
KOSPI,008930,2025,한미사이언스(주),,,mid_sized,2024,959193127,68391550,36250,2479193687500,2.5846658172520454
KOSPI,008970,2025,케이비아이동양철관(주),,,mid_sized,2024,141373870,103778502,1717,178187687934,1.2604004398691215
KOSPI,009070,2025,(주)케이씨티시,,,mid_sized,2024,334350595,30000000,6270,188100000000,0.5625831172814273
KOSPI,009140,2025,경인전자(주),,,small_and_medium,2024,80395072,1570797,20500,32201338500,0.4005387108801893
KOSPI,009150,2025,삼성전기(주),,,large,2024,9797343883,77600680,255000,19788173400000,2.0197487846002558
KOSPI,009160,2025,(주)SIMPAC,,,mid_sized,2024,670338560,65370968,5100,333391936800,0.497348588748945
KOSPI,009180,2025,한솔로지스틱스(주),,,mid_sized,2024,143808658,28155825,2765,77850856125,0.5413502720051807
KOSPI,009190,2025,(주)대양금속,,,mid_sized,2024,100083149,55942625,1296,72501642000,0.7244140769391658
KOSPI,009200,2025,무림페이퍼(주),,,mid_sized,2024,694860955,41609310,2010,83634713100,0.120361796843226
KOSPI,009240,2025,(주)한샘,,,mid_sized,2024,399759358,23533928,46150,1086090777200,2.7168614204148285
KOSPI,009270,2025,(주)신원,,,mid_sized,2024,228050634,114861133,1532,175967255756,0.7716148500424691
KOSPI,009290,2025,광동제약(주),,,mid_sized,2024,711796387,52420851,5860,307186186860,0.43156468966454586
KOSPI,009310,2025,참엔지니어링(주),,,mid_sized,2024,66746536,16973483,1106,18772672198,0.28125313046957223
KOSPI,009320,2025,아진전자부품(주),,,small_and_medium,2024,33319207,49299770,920,45355788400,1.361250536364806
KOSPI,009410,2025,(주)태영건설,,,mid_sized,2024,642890380,298240052,1756,523709531312,0.814617153412686
KOSPI,009420,2025,한올바이오파마(주),,,mid_sized,2024,161681401,52240638,43750,2285527912500,14.135997698956109
KOSPI,009440,2025,케이씨그린홀딩스(주),,,mid_sized,2024,114083710,23239141,756,17568790596,0.15399911692913915
KOSPI,009450,2025,(주)경동나비엔,,,mid_sized,2024,770495486,14568592,55500,808556856000,1.0493985632512843
KOSPI,009460,2025,(주)한창제지,,,mid_sized,2024,,59667486,530,31623767580,
KOSPI,009470,2025,삼화전기(주),,,mid_sized,2024,120430104,6613820,29250,193454235000,1.6063611055255753
KOSPI,009540,2025,에이치디한국조선해양(주),,,large,2024,16908352832,70773116,407000,28804658212000,1.703575652708499
KOSPI,009580,2025,무림피앤피(주),,,mid_sized,2024,606780444,62368324,2530,157791859720,0.26004770140548567
KOSPI,009680,2025,(주)모토닉,,,mid_sized,2024,482822957,28050000,10400,291720000000,0.6041966227384669
KOSPI,009770,2025,삼정펄프(주),,,small_and_medium,2024,,2499971,31100,77749098100,
KOSPI,009810,2025,(주)플레이그램,,,small_and_medium,2024,181793986,151887585,250,37971896250,0.2088732255972428
KOSPI,009830,2025,한화솔루션(주),,,large,2024,11185039000,174467885,26800,4675739318000,0.4180351376512858
KOSPI,009900,2025,명신산업(주),,,mid_sized,2024,768885711,52470133,8970,470657093010,0.6121288070210996
KOSPI,009970,2025,(주)영원무역홀딩스,,,mid_sized,2024,5286114066,13499237,191500,2585103885500,0.48903672021140226
KOSPI,010040,2025,한국내화(주),,,mid_sized,2024,174083143,41067062,2095,86035494890,0.4942207120536651
KOSPI,010060,2025,오씨아이홀딩스(주),,,large,2024,4731526377,18670232,115200,2150810726400,0.4545701651067854
KOSPI,010100,2025,한국무브넥스(주),,,mid_sized,2024,433371181,30450420,4645,141442200900,0.3263765730190536
KOSPI,010120,2025,LS일렉트릭(주),,,large,2024,2141298852,30000000,460000,13800000000000,6.444686591556628
KOSPI,010130,2025,고려아연(주),,,large,2024,11184217876,20872969,1316000,27468827204000,2.4560347007317187
KOSPI,010140,2025,삼성중공업(주),,,large,2024,4095039935,880114845,24100,21210767764500,5.17962415536248
KOSPI,010400,2025,(주)우진아이엔에스,,,mid_sized,2024,80754726,7622000,4020,30640440000,0.37942596697065134
KOSPI,010580,2025,(주)에스엠벡셀,,,large,2024,,111251760,2345,260885377200,
KOSPI,010640,2025,진양폴리우레탄(주),,,small_and_medium,2024,,10000000,3545,35450000000,
KOSPI,010660,2025,화천기계(주),,,mid_sized,2024,,22000000,5030,110660000000,
KOSPI,010690,2025,(주)화신,,,mid_sized,2024,571346192,34920410,8300,289839403000,0.5072920885066474
KOSPI,010770,2025,평화홀딩스(주),,,mid_sized,2024,162676809,14625466,3790,55430516140,0.34074012442670915
KOSPI,010780,2025,아이에스동서(주),,,mid_sized,2024,1421331008,30186976,23350,704865889600,0.4959195891967763
KOSPI,010820,2025,퍼스텍(주),,,mid_sized,2024,,48771938,3880,189235119440,
KOSPI,010950,2025,에쓰-오일(주),,,large,2024,8887401000,116604719,83000,9678191677000,1.0889788451089357
KOSPI,010960,2025,삼호개발(주),,,mid_sized,2024,241168097,24120000,3610,87073200000,0.3610477550021884
KOSPI,011000,2025,진원생명과학(주),,,small_and_medium,2024,40898062,85409936,1959,167318064624,4.0911000776516016
KOSPI,011070,2025,엘지이노텍(주),,,large,2024,5763054000,23667107,271000,6413785997000,1.1129144368593458
KOSPI,011090,2025,(주)에넥스,,,mid_sized,2024,41088934,59991641,546,32755435986,0.7971838837678291
KOSPI,011150,2025,씨제이씨푸드(주),,,large,2024,88416056,36131000,2855,103154005000,1.1666886046127187
KOSPI,011170,2025,롯데케미칼(주),,,large,2024,17628428467,42775419,70300,3007111955700,0.17058309884679979
KOSPI,011200,2025,에이치엠엠(주),,,large,2024,26571277000,943237970,20500,19336378385000,0.7277173161455507
KOSPI,011210,2025,현대위아(주),,,large,2024,4065428000,27195083,75700,2058667783100,0.506384022321881
KOSPI,011230,2025,삼화전자공업(주),,,small_and_medium,2024,24576885,19165785,2725,52226764125,2.1250359484125023
KOSPI,011280,2025,태림포장(주),,,mid_sized,2024,323398947,70805940,1950,138071583000,0.4269388762109977
KOSPI,011300,2025,(주)성안머티리얼스,,,small_and_medium,2024,31237861,155617675,350,54466186250,1.7435952560900376
KOSPI,011330,2025,(주)유니켐,,,small_and_medium,2024,131292052,93525678,1264,118216456992,0.9004083277790494
KOSPI,011390,2025,부산산업(주),,,mid_sized,2024,167001725,1056000,77700,82051200000,0.49131947589164127
KOSPI,011420,2025,(주)갤럭시아에스엠,,,large,2024,,27549644,1912,52674919328,
KOSPI,011500,2025,(주)한농화성,,,mid_sized,2024,,15637042,14800,231428221600,
KOSPI,011690,2025,(주)와이투솔루션,,,mid_sized,2024,98967354,36574394,4145,151600863130,1.5318269813498298
KOSPI,011700,2025,한신기계공업(주),,,small_and_medium,2024,87558425,32446151,3055,99122991305,1.1320782815017516
KOSPI,011760,2025,현대코퍼레이션(주),,,mid_sized,2024,694796475,13228966,21550,285084217300,0.41031327526524947
KOSPI,011780,2025,금호석유화학(주),,,mid_sized,2024,6246537410,29055228,120700,3506966019600,0.5614256010034846
KOSPI,011790,2025,에스케이씨(주),,,large,2024,2025734429,37868298,104400,3953450311200,1.951613328283912
KOSPI,011810,2025,(주)STX,,,mid_sized,2024,-49442000,31017927,3530,109493282310,-2.2145803630516565
KOSPI,011930,2025,(주)신성이엔지,,,mid_sized,2024,233314248,205848151,1589,327092711939,1.4019405790382764
KOSPI,012030,2025,(주)디비아이엔씨,,,large,2024,450243222,201173933,1474,296530377242,0.6586004247322128
KOSPI,0120G0,2025,(주)삼양바이오팜,,,other,,,7435870,52500,390383175000,
KOSPI,012160,2025,(주)영흥,,,mid_sized,2024,164330857,101310372,489,49540771908,0.3014696862926967
KOSPI,012170,2025,(주)아센디오,,,small_and_medium,2024,7244173,10873743,1691,18387499413,2.5382468658603266
KOSPI,012200,2025,계양전기(주),,,mid_sized,2024,20805078,28391908,6630,188238350040,9.047711815355846
KOSPI,012280,2025,영화금속(주),,,mid_sized,2024,,51664505,950,49081279750,
KOSPI,012320,2025,(주)경동인베스트,,,mid_sized,2016,498273548,2365023,51900,122744693700,0.24633997568741095
KOSPI,012330,2025,현대모비스(주),,,large,2024,49212795000,90736557,373000,33844735761000,0.6877222836256303
KOSPI,012450,2025,한화에어로스페이스(주),,,large,2024,16788184672,51563401,941000,48521160341000,2.890196962267488
KOSPI,012510,2025,(주)더존비즈온,,,mid_sized,2024,631787001,31477993,85600,2694516200800,4.264912377961382
KOSPI,012610,2025,(주)경인양행,,,mid_sized,2024,265017217,41616365,4875,202879779375,0.7655343364918061
KOSPI,012630,2025,에이치디씨(주),,,large,2024,5428726197,59741721,18710,1117767599910,0.2058986877119896
KOSPI,012690,2025,(주)모나리자,,,mid_sized,2024,,36571255,2130,77896773150,
KOSPI,0126Z0,2025,삼성에피스홀딩스(주),,,other,,5789072693,24883049,743000,18488105407000,3.193621221815948
KOSPI,012750,2025,(주)에스원,,,large,2024,1756330801,37999178,72100,2739740733800,1.5599229554250698
KOSPI,012800,2025,(주)대창,,,mid_sized,2024,302156021,91142639,1278,116480292642,0.38549717545426637
KOSPI,013000,2025,(주)세우글로벌,,,small_and_medium,2024,,28709665,1186,34049662690,
KOSPI,013360,2025,일성건설(주),,,mid_sized,2024,73496709,54024880,2220,119935233600,1.6318449524046035
KOSPI,013520,2025,(주)화승코퍼레이션,,,mid_sized,2024,418733143,50051252,2165,108360960580,0.25878286061535855
KOSPI,013570,2025,디와이(주),,,mid_sized,2024,600588859,26319633,4670,122912686110,0.20465362330339198
KOSPI,013580,2025,계룡건설산업(주),,,mid_sized,2024,990885784,8930907,20350,181743957450,0.18341564727706297
KOSPI,013700,2025,(주)까뮤이앤씨,,,mid_sized,2024,112372292,59750830,1234,73732524220,0.6561450594956273
KOSPI,013870,2025,지엠비코리아(주),,,mid_sized,2024,300667932,19072280,4000,76289120000,0.2537321472647106
KOSPI,013890,2025,(주)지누스,,,large,2024,649370974,22254576,13000,289309488000,0.4455226666783539
KOSPI,014130,2025,(주)한익스프레스,,,mid_sized,2024,86220728,12000000,3045,36540000000,0.4237960041348758
KOSPI,014160,2025,대영포장(주),,,mid_sized,2024,,108394549,1073,116307351077,
KOSPI,014280,2025,금강공업(주),,,mid_sized,2024,498151541,29919232,6060,181310545920,0.3639666466875388
KOSPI,014440,2025,영보화학(주),,,mid_sized,2024,191292262,20000000,4830,96600000000,0.5049864484325037
KOSPI,014530,2025,극동유화(주),,,mid_sized,2024,233239479,34869420,3250,113325615000,0.4858766426930666
KOSPI,014580,2025,(주)태경비케이,,,mid_sized,2024,419905495,27583100,4600,126882260000,0.3021686105822454
KOSPI,014680,2025,(주)한솔케미칼,,,mid_sized,2024,1177266388,11335195,227500,2578756862500,2.1904616395962204
KOSPI,014710,2025,사조씨푸드(주),,,mid_sized,2024,208309824,17218543,9210,158582781030,0.7612832558007442
KOSPI,014790,2025,에이치엘디앤아이한라(주),,,mid_sized,2024,572278081,46865434,2700,126536671800,0.22111046360344527
KOSPI,014820,2025,동원시스템즈(주),,,mid_sized,2024,862644281,29255393,25050,732847594650,0.8495362582134826
KOSPI,014830,2025,(주)유니드,,,large,2024,1081887669,6767600,67200,454782720000,0.42036038771045464
KOSPI,014910,2025,성문전자(주),,,small_and_medium,2024,44122286,23060985,1518,35006575230,0.7933989465097071
KOSPI,014990,2025,(주)인디에프,,,mid_sized,2024,37928403,75112995,870,65348305650,1.7229384967777315
KOSPI,015020,2025,(주)이스타코,,,small_and_medium,2024,,42851600,592,25368147200,
KOSPI,015230,2025,대창단조(주),,,mid_sized,2024,323284050,28572230,6310,180290771300,0.5576853275006918
KOSPI,015260,2025,(주)에이엔피,,,mid_sized,2024,20474664,45116894,430,19400264420,0.9475254109176102
KOSPI,015360,2025,(주)인베니,,,large,2024,645396467,5700000,66500,379050000000,0.5873134102545374
KOSPI,015590,2025,디케이엠이(주),,,mid_sized,2024,125204016,236981544,515,122045495160,0.9747730069616937
KOSPI,015760,2025,한국전력공사(주),,,mid_sized,2024,49322944000,641964077,47200,30300704434400,0.6143328434409755
KOSPI,015860,2025,일진홀딩스(주),,,mid_sized,2024,1152721978,49347483,6740,332602035420,0.28853621408092905
KOSPI,015890,2025,태경산업(주),,,mid_sized,2024,590248330,29228750,4950,144682312500,0.24512108742433883
KOSPI,016090,2025,(주)대현,,,mid_sized,2024,,44282310,1700,75279927000,
KOSPI,016380,2025,KG스틸(주),,,mid_sized,2024,2055486554,100062282,5350,535333208700,0.2604411143717946
KOSPI,016450,2025,한세예스24홀딩스(주),,,mid_sized,2024,941078962,40000000,4160,166400000000,0.17681831888618926
KOSPI,016580,2025,환인제약(주),,,mid_sized,2024,421006998,18600070,11320,210552792400,0.5001170845145905
KOSPI,016590,2025,신대양제지(주),,,mid_sized,2024,721148902,40297820,13110,528304420200,0.7325871518833706
KOSPI,016710,2025,대성홀딩스(주),,,mid_sized,2024,613362712,16089459,8610,138530241990,0.22585370659114995
KOSPI,016740,2025,(주)두올,,,mid_sized,2024,279296724,28674024,3650,104660187600,0.3747275875674073
KOSPI,016800,2025,(주)퍼시스,,,mid_sized,2024,597668247,11500000,46550,535325000000,0.895689210004158
KOSPI,016880,2025,(주)웅진,,,mid_sized,2024,336077403,79927080,2340,187029367200,0.5565068211384625
KOSPI,017040,2025,(주)광명전기,,,small_and_medium,2024,,43337615,1234,53478616910,
KOSPI,017180,2025,명문제약(주),,,mid_sized,2024,104456715,33953454,1850,62813889900,0.6013389364197409
KOSPI,017370,2025,(주)우신시스템,,,mid_sized,2024,166563534,18314054,6200,113547134800,0.6817046449074502
KOSPI,017390,2025,서울도시가스(주),,,mid_sized,2024,1121233148,5000000,62700,313500000000,0.2796028645417822
KOSPI,017550,2025,(주)수산세보틱스,,,mid_sized,2024,199633221,62400150,1646,102710646900,0.5144967675495252
KOSPI,017670,2025,에스케이텔레콤(주),,,large,2024,12955292000,214790053,53500,11491267835500,0.8869941206651305
KOSPI,017800,2025,현대엘리베이터(주),,,mid_sized,2024,1444314942,39092385,88300,3451857595500,2.389961839431001
KOSPI,017810,2025,(주)풀무원,,,mid_sized,2024,617724653,38120542,12940,493279813480,0.7985431876231108
KOSPI,017860,2025,(주)디에스단석,,,mid_sized,2024,270334444,17584212,18170,319505132040,1.1818883576670682
KOSPI,017900,2025,광전자(주),,,mid_sized,2024,241121478,57943763,1802,104414660926,0.4330375783695221
KOSPI,017940,2025,(주)이원,,,large,2024,2609252671,6860000,83300,571438000000,0.21900447064829315
KOSPI,017960,2025,(주)한국카본,,,mid_sized,2024,580170310,51908452,29850,1549467292200,2.6707111092947864
KOSPI,018250,2025,애경산업(주),,,mid_sized,2024,399068643,26409935,13140,347026545900,0.8695911141783195
KOSPI,018260,2025,삼성에스디에스(주),,,large,2024,10262899983,77377800,171500,13270292700000,1.2930353722614076
KOSPI,018470,2025,조일알미늄(주),,,mid_sized,2024,,126631721,1301,164747869021,
KOSPI,018670,2025,에스케이가스(주),,,large,2024,3144548995,9245244,225000,2080179900000,0.6615193159043146
KOSPI,018880,2025,한온시스템(주),,,large,2024,3912981016,1026262552,2965,3042868466680,0.7776343545337558
KOSPI,019170,2025,신풍제약(주),,,mid_sized,2024,270727639,55184990,14040,774797259600,2.8619067578837045
KOSPI,019180,2025,(주)티에이치엔,,,mid_sized,2024,226187294,18000000,7950,143100000000,0.6326615322609589
KOSPI,019490,2025,(주)엑시큐어하이트론,,,small_and_medium,2024,15719753,76432270,541,41349858070,2.630439426751807
KOSPI,019680,2025,(주)대교,,,mid_sized,2024,281958993,104129840,1896,197430176640,0.7002088301542487
KOSPI,020000,2025,(주)한섬,,,large,2024,1437094095,22437747,16000,359003952000,0.24981241885904484
KOSPI,020120,2025,(주)키다리스튜디오,,,mid_sized,2024,203452646,37063766,3395,125831485570,0.6184804574623227
KOSPI,020150,2025,롯데에너지머티리얼즈(주),,,large,2024,1793464927,52365463,30550,1599764894650,0.8919967547544909
KOSPI,020560,2025,아시아나항공(주),,,large,2024,828979897,205990711,7860,1619086988460,1.9531076619823027
KOSPI,020760,2025,일진디스플레이(주),,,small_and_medium,2024,28568885,51513741,902,46465394382,1.6264335966209391
KOSPI,021050,2025,(주)서원,,,mid_sized,2024,341494773,47474590,1101,52269523590,0.15306097698309426
KOSPI,021240,2025,코웨이(주),,,large,2024,3613727511,71909133,86900,6248903657700,1.729212741879032
KOSPI,022100,2025,(주)포스코디엑스,,,large,2024,572559764,152034729,28750,4370998458750,7.634134868670234
KOSPI,023000,2025,(주)삼원강재,,,large,2024,,40000000,2400,96000000000,
KOSPI,023150,2025,(주)MH에탄올,,,small_and_medium,2024,62561130,7378526,4870,35933421620,0.5743729632121415
KOSPI,023350,2025,(주)한국종합기술,,,mid_sized,2024,170601042,10950000,4810,52669500000,0.30872906391744076
KOSPI,023450,2025,(주)동남합성,,,mid_sized,2024,,3500000,33750,118125000000,
KOSPI,023530,2025,롯데쇼핑(주),,,large,2024,16866196238,28288755,72500,2050934737500,0.12160031275333961
KOSPI,023590,2025,(주)다우기술,,,mid_sized,2024,7494224568,44866617,38850,1743068070450,0.23258818235749457
KOSPI,023800,2025,인지컨트롤스(주),,,mid_sized,2024,241448774,15809197,6410,101336952770,0.4197037371165115
KOSPI,023810,2025,(주)인팩,,,mid_sized,2024,175535263,10000000,8960,89600000000,0.5104387487088563
KOSPI,023960,2025,에쓰씨엔지니어링(주),,,mid_sized,2024,47221935,38035975,1300,49446767500,1.0471143865663277
KOSPI,024070,2025,(주)위스컴,,,small_and_medium,2024,88191712,15326438,1878,28783050564,0.32636911010413316
KOSPI,024090,2025,디씨엠(주),,,mid_sized,2024,,11400000,12500,142500000000,
KOSPI,024720,2025,콜마홀딩스(주),,,mid_sized,2024,806907204,34296259,9510,326157423090,0.40420685485663355
KOSPI,024890,2025,대원화성(주),,,mid_sized,2024,44575705,41249152,725,29905635200,0.6708953946998707
KOSPI,024900,2025,디와이덕양(주),,,mid_sized,2024,114864002,32564980,2080,67735158400,0.5896987500052453
KOSPI,025000,2025,케이피엑스케미칼(주),,,mid_sized,2024,665318654,4378709,46700,204485710300,0.30735003305649083
KOSPI,025530,2025,(주)에스제이엠홀딩스,,,small_and_medium,2024,316839818,14934008,3750,56002530000,0.17675344706832272
KOSPI,025540,2025,한국단자공업(주),,,mid_sized,2024,1161783464,10115000,67300,680739500000,0.5859435265640861
KOSPI,025560,2025,미래산업(주),,,small_and_medium,2024,122603584,4482654,13780,61770972120,0.5038268059113182
KOSPI,025620,2025,차에이아이헬스케어(주),,,small_and_medium,2024,75426968,18203973,10660,194054352180,2.572744965434644
KOSPI,025750,2025,(주)한솔홈데코,,,mid_sized,2024,99618266,80565149,637,51319999913,0.5151665650654871
KOSPI,025820,2025,이구산업(주),,,mid_sized,2024,,33442000,5570,186271940000,
KOSPI,025860,2025,남해화학(주),,,large,2024,552622935,49678843,6660,330861094380,0.5987103926115553
KOSPI,025890,2025,한국주강(주),,,mid_sized,2024,,11309259,1805,20413212495,
KOSPI,026940,2025,부국철강(주),,,mid_sized,2024,,20000000,2075,41500000000,
KOSPI,026960,2025,(주)동서,,,mid_sized,2024,1737278347,99700000,26850,2676945000000,1.5408843405103465
KOSPI,027410,2025,(주)비지에프,,,mid_sized,2024,2022289385,95716791,3920,375209820720,0.18553715581116004
KOSPI,027740,2025,(주)마니커,,,mid_sized,2024,41565941,63511228,784,49792802752,1.1979231446245857
KOSPI,027970,2025,한국제지(주),,,mid_sized,2024,406248675,190178237,800,152142589600,0.3745060574043718
KOSPI,028050,2025,삼성이앤에이(주),,,large,2024,4446187475,196000000,24050,4713800000000,1.0601892130065882
KOSPI,028100,2025,(주)동아지질,,,mid_sized,2024,228591349,13389502,17250,230968909500,1.010400920727757
KOSPI,028260,2025,삼성물산(주),,,large,2024,57496949405,171444134,239500,41060870093000,0.7141399764320244
KOSPI,028670,2025,팬오션(주),,,large,2024,5723482000,534569512,3850,2058092621200,0.3595875065563236
KOSPI,029460,2025,(주)케이씨,,,mid_sized,2024,968715489,13231263,25500,337397206500,0.3482933950486261
KOSPI,029530,2025,(주)신도리코,,,mid_sized,2024,1067863151,10080029,48600,489889409400,0.4587567320224911
KOSPI,030000,2025,(주)제일기획,,,large,2024,1588049835,115041225,21000,2415865725000,1.5212782821768311
KOSPI,030190,2025,나이스평가정보(주),,,mid_sized,2024,469548309,58911527,17000,1001495959000,2.132892270729059
KOSPI,030200,2025,(주)케이티,,,large,2024,19458023000,252021685,52600,13256340631000,0.6812789064438869
KOSPI,030720,2025,동원수산(주),,,mid_sized,2024,56382291,4653805,6080,28295134400,0.5018443539302083
KOSPI,031430,2025,(주)신세계인터내셔날,,,large,2024,840487774,35343000,10950,387005850000,0.4604538721106965
KOSPI,031440,2025,(주)신세계푸드,,,large,2024,357917869,3872480,47900,185491792000,0.5182523927018575
KOSPI,031820,2025,(주)아이티센씨티에스,,,mid_sized,2024,339671414,121051466,592,71662467872,0.21097585760337195
KOSPI,032350,2025,롯데관광개발(주),,,mid_sized,2024,368224737,79539484,23250,1849293003000,5.022185684934035
KOSPI,032560,2025,(주)황금에스티,,,mid_sized,2024,435149266,17000000,5960,101320000000,0.2328396435810603
KOSPI,032640,2025,(주)엘지유플러스,,,large,2024,9067527000,429828355,14720,6327073385600,0.6977727649005071
KOSPI,033240,2025,자화전자(주),,,mid_sized,2024,444654832,21756636,25700,559145545200,1.2574822198266362
KOSPI,033250,2025,(주)체시스,,,small_and_medium,2024,45373313,32000000,1007,32224000000,0.7101972033648942
KOSPI,033270,2025,한국유나이티드제약(주),,,mid_sized,2024,,16333822,19070,311485985540,
KOSPI,033530,2025,에스제이지세종(주),,,mid_sized,2024,528660044,27820961,10050,279600658050,0.5288855498411754
KOSPI,033780,2025,(주)케이티앤지,,,large,2024,9336169000,117976645,142100,16764481254500,1.795648863522072
KOSPI,033920,2025,(주)무학,,,mid_sized,2024,613401251,28500000,9450,269325000000,0.43906822746274443
KOSPI,034020,2025,두산에너빌리티(주),,,large,2024,12009370000,640561146,75300,48234254293800,4.016385063812673
KOSPI,034120,2025,(주)에스비에스,,,mid_sized,2024,1298196824,18551238,18700,346908150600,0.2672230775693224
KOSPI,034220,2025,엘지디스플레이(주),,,large,2024,7839238000,500000000,11810,5905000000000,0.7532619879636261
KOSPI,034230,2025,(주)파라다이스,,,mid_sized,2024,2212696136,92405559,16550,1529312001450,0.6911531938653867
KOSPI,034310,2025,(주)나이스홀딩스,,,mid_sized,2024,1404485212,36757157,12990,477475469430,0.3399647538830761
KOSPI,034590,2025,인천도시가스(주),,,mid_sized,2024,,4374754,25450,111337489300,
KOSPI,034730,2025,에스케이(주),,,large,2024,85691335000,73068838,256500,18742156947000,0.21871706103073316
KOSPI,035000,2025,(주)에이치에스애드,,,large,2024,212035906,16207644,8760,141978961440,0.6695986737265149
KOSPI,035150,2025,(주)백산,,,mid_sized,2024,260615353,20558867,13060,268498803020,1.0302493691536276
KOSPI,035250,2025,(주)강원랜드,,,mid_sized,2024,3964518836,213940500,18950,4054172475000,1.0226140025331438
KOSPI,035420,2025,네이버(주),,,large,2024,28953013366,156852638,242500,38036764715000,1.3137411375517547
KOSPI,035510,2025,(주)신세계아이앤씨,,,large,2024,433213267,13980900,16220,226770198000,0.523460880065799
KOSPI,035720,2025,(주)카카오,,,large,2024,15224922016,442495220,60100,26593962722000,1.7467388466129534
KOSPI,036420,2025,(주)콘텐트리중앙,,,mid_sized,2024,596161343,19262308,9700,186844387600,0.3134124508304457
KOSPI,036460,2025,한국가스공사(주),,,mid_sized,2024,10798925000,92313000,39300,3627900900000,0.3359501894864535
KOSPI,036530,2025,(주)에스앤티홀딩스,,,mid_sized,2024,2393211855,16303886,54200,883670621200,0.36924044954641094
KOSPI,036570,2025,(주)엔씨소프트,,,mid_sized,2024,3370430829,21544022,201500,4341120433000,1.2880016393298899
KOSPI,036580,2025,(주)팜스코,,,large,2024,223353369,36727943,2395,87963423485,0.393830743985778
KOSPI,037270,2025,(주)와이지플러스,,,mid_sized,2024,193698899,63663110,7270,462830809700,2.389434385478877
KOSPI,037560,2025,(주)엘지헬로비전,,,large,2024,452657943,77446865,2345,181612898425,0.40121442964494713
KOSPI,037710,2025,(주)광주신세계,,,large,2024,,7957190,31650,251845063500,
KOSPI,039130,2025,(주)하나투어,,,mid_sized,2024,167123093,15489932,48750,755134185000,4.518431124297107
KOSPI,039570,2025,에이치디씨랩스(주),,,large,2024,266867252,25957601,8440,219082152440,0.8209405642622647
KOSPI,041650,2025,상신브레이크(주),,,mid_sized,2024,219147953,21471450,2705,58080272250,0.2650276740207562
KOSPI,042660,2025,한화오션(주),,,large,2024,6175006996,306413394,113600,34808561558400,5.637007631076051
KOSPI,042700,2025,한미반도체(주),,,mid_sized,2024,690327520,95312200,127400,12142774280000,17.589874267217393
KOSPI,044380,2025,(주)주연테크,,,small_and_medium,2024,37479438,64481582,431,27791561842,0.7415149032384104
KOSPI,044450,2025,(주)케이에스에스해운,,,mid_sized,2024,544324343,23085880,8980,207311202400,0.38085969342730647
KOSPI,044820,2025,코스맥스비티아이(주),,,mid_sized,2024,295687296,9603921,13570,130325207970,0.4407534910461625
KOSPI,047040,2025,(주)대우건설,,,large,2024,3474605615,415622638,3820,1587678477160,0.4569377515266578
KOSPI,047050,2025,(주)포스코인터내셔널,,,large,2024,7812655175,175922788,49600,8725770284800,1.1168764126083421
KOSPI,047400,2025,유니온머티리얼(주),,,mid_sized,2024,19626757,42000000,1336,56112000000,2.858954232734425
KOSPI,047810,2025,한국항공우주산업(주),,,mid_sized,2024,1897346862,97475107,114400,11151152240800,5.877234397217983
KOSPI,049800,2025,(주)우진플라임,,,mid_sized,2024,109836816,20000000,1910,38200000000,0.34778866860088153
KOSPI,051600,2025,한전케이피에스(주),,,mid_sized,2024,1345856312,45000000,49450,2225250000000,1.653408302327002
KOSPI,051630,2025,진양화학(주),,,small_and_medium,2024,,21200000,2700,57240000000,
KOSPI,051900,2025,(주)엘지생활건강,,,large,2024,5570301329,17402156,258500,4498457326000,0.8075788113257383
KOSPI,051910,2025,(주)엘지화학,,,large,2024,47105545000,78281143,333000,26067620619000,0.5533875177327849
KOSPI,052690,2025,한국전력기술(주),,,mid_sized,2024,624966183,38220000,90000,3439800000000,5.503977804827882
KOSPI,053210,2025,(주)케이티스카이라이프,,,large,2024,563248948,47522955,5030,239040463650,0.4243957569717467
KOSPI,053690,2025,(주)한미글로벌건축사사무소,,,mid_sized,2024,245837091,10957550,17960,196797598000,0.8005203657409045
KOSPI,055490,2025,(주)테이팩스,,,mid_sized,2024,155706926,4769650,13990,66727403500,0.4285448644718604
KOSPI,057050,2025,(주)현대홈쇼핑,,,large,2024,3753823260,12000000,55000,660000000000,0.17582074442151546
KOSPI,058430,2025,포스코스틸리온(주),,,large,2024,387307035,6000000,39800,238800000000,0.6165650980235874
KOSPI,058650,2025,(주)세아홀딩스,,,large,2024,3088757915,4000000,144000,576000000000,0.1864827273133835
KOSPI,058730,2025,다스코(주),,,mid_sized,2024,138682178,18796941,3345,62875767645,0.45338030128860535
KOSPI,058850,2025,(주)케이티씨에스,,,large,2024,225295333,42685000,2850,121652250000,0.5399679095882559
KOSPI,058860,2025,(주)케이티아이에스,,,large,2024,,34802000,2715,94487430000,
KOSPI,060980,2025,에이치엘홀딩스(주),,,mid_sized,2024,1075839444,9213477,44850,413224443450,0.3840948998055141
KOSPI,062040,2025,산일전기(주),,,small_and_medium,2024,585470614,30445200,130100,3960920520000,6.765361788081135
KOSPI,063160,2025,(주)종근당바이오,,,mid_sized,2024,,5485962,20350,111639326700,
KOSPI,064350,2025,현대로템(주),,,large,2024,3041233616,109142293,187900,20507836854700,6.7432625848957475
KOSPI,064400,2025,(주)엘지씨엔에스,,,other,,2941438973,96885948,61400,5948797207200,2.0224105486481565
KOSPI,064960,2025,에스앤티모티브(주),,,mid_sized,2024,1019390058,26540272,34500,915639384000,0.8982227919668411
KOSPI,066570,2025,엘지전자(주),,,large,2024,28552025000,180072379,91900,16548651630100,0.5795964254759514
KOSPI,066970,2025,(주)엘앤에프,,,mid_sized,2024,676823891,40238914,95200,3830744612800,5.6598838541885925
KOSPI,067830,2025,(주)세이브존아이앤씨,,,mid_sized,2024,,41040895,3220,132151681900,
KOSPI,068270,2025,(주)셀트리온,,,large,2024,17352529819,230960969,181000,41803935389000,2.4090974529389455
KOSPI,068290,2025,(주)삼성출판사,,,small_and_medium,2024,,10000000,11040,110400000000,
KOSPI,069260,2025,티케이지휴켐스(주),,,mid_sized,2024,908316322,40878588,18940,774240456720,0.8523907783746729
KOSPI,069460,2025,(주)대호에이엘,,,mid_sized,2024,84405112,87071952,1400,121900732800,1.4442340032674799
KOSPI,069620,2025,(주)대웅제약,,,mid_sized,2024,1134655757,11586575,172300,1996366872500,1.7594471805072769
KOSPI,069640,2025,한세엠케이(주),,,mid_sized,2024,18771326,44806502,623,27914450746,1.4870793222599192
KOSPI,069730,2025,디에스알제강(주),,,mid_sized,2024,187958022,14400000,3840,55296000000,0.2941933491936833
KOSPI,069960,2025,(주)현대백화점,,,large,2024,6310743780,22628813,88600,2004912831800,0.3176983413831452
KOSPI,070960,2025,모나용평(주),,,mid_sized,2024,362653588,48133333,3305,159080665565,0.43865736016101403
KOSPI,071090,2025,(주)하이스틸,,,mid_sized,2024,143725283,20191471,3465,69963447015,0.48678594019536564
KOSPI,071320,2025,한국지역난방공사,,,mid_sized,2024,2301416000,11578744,96400,1116190921600,0.485001808278034
KOSPI,071840,2025,롯데하이마트(주),,,large,2024,,23607712,7550,178238225600,
KOSPI,071950,2025,(주)코아스,,,small_and_medium,2024,34717783,11813101,3570,42172770570,1.2147310953006418
KOSPI,071970,2025,에이치디현대마린엔진(주),,,large,2024,488912211,33921495,89500,3035973802500,6.209650187076224
KOSPI,072130,2025,유엔젤(주),,,small_and_medium,2024,63295749,12895454,4555,58738792970,0.928005338399582
KOSPI,072710,2025,(주)농심홀딩스,,,mid_sized,2024,1320947496,4637790,90500,419719995000,0.3177416182482396
KOSPI,073240,2025,금호타이어(주),,,mid_sized,2024,2238707317,287260287,5860,1683345281820,0.7519273596138427
KOSPI,074610,2025,(주)이엔플러스,,,small_and_medium,2024,14182244,7337472,5110,37494481920,2.6437622931885816
KOSPI,075180,2025,새론오토모티브(주),,,mid_sized,2024,244946940,19200000,3370,64704000000,0.264155167645695
KOSPI,075580,2025,(주)세진중공업,,,mid_sized,2024,299494087,56849456,17400,989180534400,3.302838277404789
KOSPI,077500,2025,유니퀘스트(주),,,mid_sized,2024,244865781,21600102,6600,142560673200,0.5821992465333489
KOSPI,077970,2025,STX엔진(주),,,mid_sized,2024,342971092,40148111,34000,1365035774000,3.980031570707423
KOSPI,078000,2025,텔코웨어(주),,,small_and_medium,2024,112356934,9240077,15320,141557979640,1.2598953584831711
KOSPI,078520,2025,(주)에이블씨엔씨,,,mid_sized,2024,86589765,26014161,10470,272368265670,3.1455018462054953
KOSPI,078930,2025,(주)지에스,,,large,2024,19194117000,94700204,56300,5331621485200,0.27777373062798355
KOSPI,079160,2025,씨제이씨지브이(주),,,large,2024,650340429,165581556,5950,985210258200,1.514914672789011
KOSPI,079430,2025,(주)현대리바트,,,large,2024,418071674,20535282,6890,141488092980,0.33843023045852183
KOSPI,079550,2025,엘아이지넥스원(주),,,mid_sized,2024,1476107505,22000000,421000,9262000000000,6.27461073710888
KOSPI,079900,2025,전진건설로봇(주),,,mid_sized,2024,156587716,14592545,47950,699712532750,4.468502067876129
KOSPI,079980,2025,(주)휴비스,,,mid_sized,2024,247932750,34500000,2670,92115000000,0.3715321997598139
KOSPI,081000,2025,일진다이아몬드(주),,,mid_sized,2024,539381449,14202975,12010,170577729750,0.31624693445843743
KOSPI,081660,2025,(주)미스토홀딩스,,,mid_sized,2024,2594417064,53091840,42700,2267021568000,0.8738076847616664
KOSPI,082740,2025,한화엔진(주),,,large,2024,556102900,83447142,42950,3584054748900,6.444948855508576
KOSPI,083420,2025,그린케미칼(주),,,mid_sized,2024,,24000000,6560,157440000000,
KOSPI,084010,2025,대한제강(주),,,mid_sized,2024,930326320,22914397,19270,441560430190,0.474629622636066
KOSPI,084670,2025,(주)동양고속,,,mid_sized,2024,54880167,2895569,73200,211955650800,3.862153896142481
KOSPI,084680,2025,(주)이월드,,,large,2024,,141806193,1451,205760786043,
KOSPI,084690,2025,대상홀딩스(주),,,mid_sized,2024,1306069043,37126020,9800,363834996000,0.27857255935282127
KOSPI,084870,2025,(주)티비에이치글로벌,,,mid_sized,2024,62075150,20856819,1210,25236750990,0.40655159093453663
KOSPI,085310,2025,(주)엔케이,,,small_and_medium,2024,166249254,78880322,1167,92053335774,0.5537067599352957
KOSPI,086280,2025,현대글로비스(주),,,large,2024,10388453581,75000000,180600,13545000000000,1.303851424505874
KOSPI,088790,2025,(주)진도,,,small_and_medium,2024,,12463654,2000,24927308000,
KOSPI,089470,2025,에이치디씨현대이피(주),,,large,2024,353413193,31900000,4290,136851000000,0.38722663078398434
KOSPI,089590,2025,(주)제주항공,,,mid_sized,2024,275152877,80640985,5410,436267728850,1.5855466735679453
KOSPI,089860,2025,롯데렌탈(주),,,large,2024,1555840866,36309388,31500,1143745722000,0.7351302739209576
KOSPI,090080,2025,평화산업(주),,,mid_sized,2024,62126439,54902259,941,51663025719,0.8315787376611108
KOSPI,090350,2025,(주)노루페인트,,,mid_sized,2024,415977243,20463126,8500,173936571000,0.41813963125862635
KOSPI,090370,2025,(주)메타랩스,,,small_and_medium,2024,141818195,24904689,1645,40968213405,0.2888784010048922
KOSPI,090430,2025,(주)아모레퍼시픽,,,mid_sized,2024,5503457775,69050589,119500,8251545385500,1.4993383655968906
KOSPI,090460,2025,(주)비에이치,,,mid_sized,2024,790820471,33711538,16100,542755761800,0.6863198180918106
KOSPI,091810,2025,(주)티웨이항공,,,mid_sized,2024,52028402,335984035,1450,487176850750,9.36367122615067
KOSPI,092200,2025,(주)디아이씨,,,mid_sized,2024,179389447,38888569,14420,560773164980,3.12600977570325
KOSPI,092220,2025,(주)케이이씨,,,mid_sized,2024,325861205,200763141,696,139731146136,0.42880571234615056
KOSPI,092230,2025,케이피엑스홀딩스(주),,,mid_sized,2024,1641915205,4224646,72900,307976693400,0.18757161908370293
KOSPI,092780,2025,디와이피(주),,,mid_sized,2024,147210745,13168460,3320,43719287200,0.2969843485270046
KOSPI,092790,2025,넥스틸(주),,,mid_sized,2024,464015834,26002000,9110,236878220000,0.5104959844969429
KOSPI,093050,2025,(주)엘에프,,,mid_sized,2024,1846793949,29240000,18240,533337600000,0.2887910696744437
KOSPI,093370,2025,(주)후성,,,mid_sized,2024,389354916,107255330,7530,807632634900,2.074283903224173
KOSPI,094280,2025,효성아이티엑스(주),,,large,2024,75110894,12428000,12800,159078400000,2.1179138142064984
KOSPI,095570,2025,에이제이네트웍스(주),,,mid_sized,2024,457119800,45252759,4660,210877856940,0.46131857981211927
KOSPI,095720,2025,(주)웅진씽크빅,,,mid_sized,2024,259769733,115505985,1278,147616648830,0.5682596164118935
KOSPI,096760,2025,제이더블유홀딩스(주),,,mid_sized,2024,594627234,73924942,3590,265390541780,0.446314138682723
KOSPI,096770,2025,에스케이이노베이션(주),,,large,2024,36391495746,170301214,101200,17234482856800,0.4735854491140102
KOSPI,097230,2025,(주)에이치제이중공업,,,mid_sized,2024,669588000,90295344,21050,1900716991200,2.83863658130074
KOSPI,097520,2025,(주)엠씨넥스,,,mid_sized,2024,385519175,17401500,28850,502033275000,1.3022264716145442
KOSPI,097950,2025,씨제이제일제당(주),,,large,2024,11551202624,16381619,208000,3407376752000,0.29498025988397725
KOSPI,100090,2025,에스케이오션플랜트(주),,,large,2024,814544413,62478129,20250,1265182112250,1.5532389542643636
KOSPI,100220,2025,(주)비상교육,,,mid_sized,2024,199759707,12996741,4895,63619047195,0.31847787599628385
KOSPI,100250,2025,(주)진양홀딩스,,,mid_sized,2024,449174397,55895292,3180,177747028560,0.3957194126538784
KOSPI,100840,2025,에스앤티에너지(주),,,mid_sized,2024,364744033,20680783,36600,756916657800,2.07519956275748
KOSPI,101140,2025,(주)인바이오젠,,,small_and_medium,2024,,10045070,10490,105372784300,
KOSPI,101530,2025,해태제과식품(주),,,mid_sized,2024,309587997,29116822,6700,195082707400,0.6301365340078091
KOSPI,102260,2025,(주)동성케미컬,,,mid_sized,2024,641340856,50176791,4250,213251361750,0.3325086180849829
KOSPI,102460,2025,이연제약(주),,,mid_sized,2024,220272878,18586811,10780,200365822580,0.9096254809001043
KOSPI,103140,2025,(주)풍산,,,mid_sized,2024,2298131547,28024278,106500,2984585607000,1.2987009429012464
KOSPI,103590,2025,일진전기(주),,,mid_sized,2024,588671403,47685390,54400,2594085216000,4.406677821922326
KOSPI,104700,2025,한국철강(주),,,mid_sized,2024,,36450000,9930,361948500000,
KOSPI,105630,2025,한세실업(주),,,mid_sized,2024,734724634,40000000,13300,532000000000,0.7240807989568511
KOSPI,105840,2025,(주)우진,,,mid_sized,2024,241804505,20197670,17070,344774226900,1.4258387241379147
KOSPI,107590,2025,미원홀딩스(주),,,mid_sized,2018,326720763,2320000,67500,156600000000,0.479308381145033
KOSPI,108320,2025,(주)엘엑스세미콘,,,large,2024,1125606565,16264300,49150,799390345000,0.7101862852052573
KOSPI,108670,2025,(주)엘엑스하우시스,,,large,2024,834215000,10000000,28800,288000000000,0.34523474164334134
KOSPI,109070,2025,(주)주성코퍼레이션,,,small_and_medium,2024,28939306,52810230,792,41825702160,1.4452904350919817
KOSPI,111110,2025,호전실업(주),,,mid_sized,2024,184692905,9376000,7720,72382720000,0.3919085034695837
KOSPI,111380,2025,(주)동인기연,,,mid_sized,2024,152473733,6128000,13730,84137440000,0.5518159642618575
KOSPI,111770,2025,(주)영원무역,,,mid_sized,2024,4105477129,44311468,81800,3624678082400,0.8828883875143858
KOSPI,112610,2025,씨에스윈드(주),,,mid_sized,2024,1201672690,42171403,41600,1754330364800,1.459906994141641
KOSPI,114090,2025,그랜드코리아레저(주),,,mid_sized,2024,441452021,61855670,14970,925979379900,2.0975764881592873
KOSPI,117580,2025,대성에너지(주),,,mid_sized,2024,,27500000,8040,221100000000,
KOSPI,118000,2025,(주)메타케어,,,small_and_medium,2024,120980738,171777364,305,52392096020,0.4330614681818192
KOSPI,119650,2025,케이씨코트렐(주),,,mid_sized,2024,52025648,109785309,918,100782913662,1.937177479500111
KOSPI,120030,2025,조선선재(주),,,small_and_medium,2024,,1257651,96100,120860261100,
KOSPI,120110,2025,코오롱인더스트리(주),,,large,2024,4065013253,30286951,44850,1358369752350,0.3341612112451334
KOSPI,122900,2025,(주)아이마켓코리아,,,mid_sized,2024,422053620,33428840,7880,263419259200,0.6241369501818276
KOSPI,123690,2025,한국화장품(주),,,small_and_medium,2024,33636606,16068000,10040,161322720000,4.796046307406877
KOSPI,123700,2025,(주)에스제이엠,,,small_and_medium,2024,240181776,15604898,3755,58596391990,0.24396685279735794
KOSPI,126560,2025,(주)현대퓨처넷,,,large,2024,824301152,110202945,3070,338323041150,0.4104362105149648
KOSPI,126720,2025,(주)수산인더스트리,,,mid_sized,2024,552769632,14286000,21150,302148900000,0.5466090800009795
KOSPI,128820,2025,대성산업(주),,,mid_sized,2024,646433964,45235478,7180,324790732040,0.5024345101396931
KOSPI,128940,2025,한미약품(주),,,mid_sized,2024,1422853223,12810991,452000,5790567932000,4.0696874690918134
KOSPI,129260,2025,인터지스(주),,,mid_sized,2024,296561802,29747874,2400,71394897600,0.240742054838202
KOSPI,130660,2025,한전산업개발(주),,,mid_sized,2024,103060665,32600000,10420,339692000000,3.296039279389474
KOSPI,133820,2025,(주)화인베스틸,,,small_and_medium,2024,51765216,37114502,1643,60979126786,1.1779942497680296
KOSPI,134380,2025,미원화학(주),,,mid_sized,2024,,2199268,92700,203872143600,
KOSPI,134790,2025,(주)시디즈,,,mid_sized,2024,62707227,2000000,21400,42800000000,0.6825369586188208
KOSPI,136490,2025,(주)선진,,,large,2024,582066773,23779604,9700,230662158800,0.39628126788814316
KOSPI,137310,2025,에스디바이오센서(주),,,mid_sized,2024,2336866066,121749102,8900,1083567007800,0.46368383005138814
KOSPI,138490,2025,코오롱이앤피(주),,,large,2024,358226053,38000000,8400,319200000000,0.8910574686760708
KOSPI,139480,2025,(주)이마트,,,large,2024,13696908701,27595819,81300,2243540084700,0.16379900995734906
KOSPI,139990,2025,아주스틸(주),,,mid_sized,2024,144419172,38755414,3335,129249305690,0.8949594704088181
KOSPI,143210,2025,핸즈코퍼레이션(주),,,mid_sized,2024,93409380,22075747,1344,29669803968,0.31763195482081136
KOSPI,145210,2025,(주)다이나믹디자인,,,small_and_medium,2024,44132940,42236668,712,30072507616,0.6814073029351773
KOSPI,145720,2025,(주)덴티움,,,mid_sized,2024,561205670,11068830,46200,511379946000,0.9112166418418403
KOSPI,145990,2025,(주)삼양사,,,mid_sized,2024,1785046334,10683519,47400,506398800600,0.28368944321195416
KOSPI,155660,2025,디에스알(주),,,mid_sized,2024,247342986,16000000,3905,62480000000,0.25260469686413506
KOSPI,161000,2025,애경케미칼(주),,,mid_sized,2024,716362404,48648709,9500,462162735500,0.6451521365713659
KOSPI,161390,2025,한국타이어앤테크놀로지(주),,,large,2024,14201979363,123875069,58300,7221916522700,0.5085147878411264
KOSPI,161890,2025,한국콜마(주),,,mid_sized,2024,1667349365,23605077,62100,1465875281700,0.8791650463128944
KOSPI,163560,2025,동일고무벨트(주),,,mid_sized,2024,239009227,13900000,6870,95493000000,0.39953687645707503
KOSPI,170900,2025,동아에스티(주),,,mid_sized,2024,671648550,9352651,52500,491014177500,0.7310581962843514
KOSPI,178920,2025,피아이첨단소재(주),,,mid_sized,2024,,29366322,15620,458701949640,
KOSPI,180640,2025,(주)한진칼,,,large,2024,3424127993,67299045,124000,8345081580000,2.4371406667799755
KOSPI,181710,2025,엔에이치엔(주),,,mid_sized,2024,1770817089,32753139,29050,951478687950,0.5373105409138053
KOSPI,183190,2025,아세아시멘트(주),,,mid_sized,2024,1101128388,36927658,12020,443870449160,0.40310508202064443
KOSPI,185750,2025,(주)종근당,,,mid_sized,2024,1006355957,13802780,82900,1144250462000,1.1370235889605809
KOSPI,192080,2025,(주)더블유게임즈,,,mid_sized,2024,1652363475,21495906,53600,1152180561600,0.6972924414224297
KOSPI,192400,2025,쿠쿠홀딩스(주),,,mid_sized,2018,1321297412,35562185,29000,1031303365000,0.7805232611777794
KOSPI,192650,2025,(주)드림텍,,,mid_sized,2024,484177875,68890041,7060,486363689460,1.0045144864581017
KOSPI,192820,2025,코스맥스(주),,,mid_sized,2024,612343808,11349509,163000,1849969967000,3.0211295400246785
KOSPI,194370,2025,(주)제이에스코퍼레이션,,,mid_sized,2024,527493608,29016758,12820,371994837560,0.705212028957894
KOSPI,195870,2025,해성디에스(주),,,mid_sized,2024,564369713,17000000,55700,946900000000,1.6778008780212486
KOSPI,200880,2025,(주)서연이화,,,mid_sized,2024,1232860356,27028437,13000,351369681000,0.28500363345287094
KOSPI,204320,2025,에이치엘만도(주),,,mid_sized,2024,2875816804,46957120,58700,2756382944000,0.95846958685481
KOSPI,207940,2025,삼성바이오로직스(주),,,large,2024,7451110648,46290951,1695000,78463161945000,10.530398171722332
KOSPI,210540,2025,디와이파워(주),,,mid_sized,2024,312542007,11041708,13430,148290138440,0.47446466432910567
KOSPI,210980,2025,에스케이디앤디(주),,,large,2024,578660183,18617383,12690,236254590270,0.4082786360816535
KOSPI,213500,2025,한솔제지(주),,,mid_sized,2024,697642268,23802616,8310,197799738960,0.2835260247734875
KOSPI,214320,2025,(주)이노션,,,large,2024,1093334134,40000000,18460,738400000000,0.6753653590769535
KOSPI,214330,2025,(주)금호에이치티,,,mid_sized,2024,280743170,218046510,532,116000743320,0.41319168448514704
KOSPI,214390,2025,(주)경보제약,,,mid_sized,2024,,23906860,5770,137942582200,
KOSPI,214420,2025,(주)토니모리,,,mid_sized,2024,125143416,24054799,8390,201819763610,1.6127078040605827
KOSPI,217590,2025,(주)티엠씨,,,other,,110834490,24094225,15130,364545624250,3.289099126544454
KOSPI,226320,2025,(주)잇츠한불,,,small_and_medium,2024,506293296,21929315,11120,243853982800,0.481645687838616
KOSPI,227840,2025,현대코퍼레이션홀딩스(주),,,mid_sized,2024,327912562,9100836,12180,110848182480,0.3380418908135639
KOSPI,229640,2025,엘에스에코에너지(주),,,large,2024,225768642,30624879,34550,1058089569450,4.686609974161071
KOSPI,234080,2025,제이더블유생명과학(주),,,mid_sized,2024,220578063,15834554,12850,203474018900,0.9224580909480559
KOSPI,241560,2025,두산밥캣(주),,,large,2024,7191120447,95856065,57700,5530894950500,0.7691283981771415
KOSPI,241590,2025,(주)화승엔터프라이즈,,,mid_sized,2024,471303529,60589276,4920,298099237920,0.6324994819209172
KOSPI,244920,2025,(주)에이플러스에셋어드바이저,,,other,,261194029,22607693,8940,202112775420,0.7738031998426733
KOSPI,248070,2025,(주)솔루엠,,,mid_sized,2024,562770785,54816236,16590,909401355240,1.6159356162029626
KOSPI,248170,2025,샘표식품(주),,,mid_sized,2024,265097847,4568286,28400,129739322400,0.48940164497073413
KOSPI,249420,2025,일동제약(주),,,mid_sized,2024,239513589,31638252,38500,1218072702000,5.085609994345665
KOSPI,251270,2025,넷마블(주),,,large,2024,5492482877,85953502,48250,4147256471500,0.7550786346311262
KOSPI,259960,2025,(주)크래프톤,,,mid_sized,2024,7184144206,47403831,246000,11661342426000,1.6232055052932772
KOSPI,264900,2025,(주)크라운제과,,,mid_sized,2024,,13297410,8790,116884233900,
KOSPI,267250,2025,에이치디현대(주),,,large,2024,30335091114,78993085,188500,14890196522500,0.49085715505327754
KOSPI,267260,2025,에이치디현대일렉트릭(주),,,large,2024,2032934924,36047135,774000,27900482490000,13.72423787924458
KOSPI,267270,2025,에이치디건설기계(주),,,large,2024,1930295930,17357613,98400,1707989119200,0.8848327827122342
KOSPI,267290,2025,(주)경동도시가스,,,mid_sized,2024,475211145,5895406,20600,121445363600,0.25556084885172464
KOSPI,267850,2025,아시아나아이디티(주),,,large,2024,,11100000,11380,126318000000,
KOSPI,268280,2025,미원스페셜티케미칼(주),,,mid_sized,2024,448498102,5000000,140300,701500000000,1.5641091832312815
KOSPI,271560,2025,(주)오리온,,,mid_sized,2024,3912207101,39536132,105700,4178969152400,1.0681870986154627
KOSPI,271940,2025,일진하이솔루스(주),,,mid_sized,2024,315093074,36313190,13400,486596746000,1.544295277020275
KOSPI,271980,2025,제일약품(주),,,mid_sized,2024,251025237,14704872,15150,222778810800,0.8874757512926877
KOSPI,272210,2025,한화시스템(주),,,large,2024,5000999102,188919389,54400,10277214761600,2.0550323149408154
KOSPI,272450,2025,(주)진에어,,,large,2024,,52200000,6930,361746000000,
KOSPI,272550,2025,(주)삼양패키징,,,mid_sized,2024,386078180,15068406,13610,205081005660,0.5311903554352644
KOSPI,278470,2025,(주)에이피알,,,mid_sized,2024,445799810,37430655,231000,8646481305000,19.39543515058923
KOSPI,280360,2025,롯데웰푸드(주),,,large,2024,2286729526,9304574,114600,1066304180400,0.4663009631336697
KOSPI,281820,2025,(주)케이씨텍,,,mid_sized,2024,530239452,20690323,39650,820371306950,1.5471713842786636
KOSPI,282330,2025,(주)비지에프리테일,,,mid_sized,2024,1313057158,17283906,104800,1811353348800,1.3794931452633687
KOSPI,284740,2025,쿠쿠홈시스(주),,,mid_sized,2024,1266323716,22437330,24050,539617786500,0.42612941673754456
KOSPI,285130,2025,에스케이케미칼(주),,,large,2024,3140439053,19414195,65500,1271629772500,0.4049210161506675
KOSPI,286940,2025,롯데이노베이트(주),,,large,2024,451798102,15129367,19360,292904545120,0.6483084896182233
KOSPI,293480,2025,하나제약(주),,,mid_sized,2024,,17772946,11220,199412454120,
KOSPI,294870,2025,에이치디씨현대산업개발(주),,,large,2024,3212755613,65907330,21900,1443370527000,0.44926247149319043
KOSPI,298000,2025,효성화학(주),,,large,2024,633071471,3791811,38900,147501447900,0.23299335802797533
KOSPI,298020,2025,효성티앤씨(주),,,large,2024,1956911566,4327682,222500,962909245000,0.49205557457469695
KOSPI,298040,2025,효성중공업(주),,,large,2024,2489720957,9324548,1781000,16607019988000,6.6702334417471025
KOSPI,298050,2025,에이치에스효성첨단소재(주),,,large,2024,826502232,4479948,181600,813558556800,0.9843392132545384
KOSPI,298690,2025,에어부산(주),,,large,2024,,116640000,1719,200504160000,
KOSPI,300720,2025,한일시멘트(주),,,mid_sized,2024,1868385838,73545209,17970,1321607405730,0.7073525065597291
KOSPI,302440,2025,에스케이바이오사이언스(주),,,large,2024,2037454203,78434701,48200,3780552588200,1.8555276396561047
KOSPI,306200,2025,(주)세아제강,,,large,2024,1122055271,2836300,117300,332697990000,0.29650766642136295
KOSPI,307950,2025,현대오토에버(주),,,large,2024,1874718905,27423982,332000,9104762024000,4.856601168162861
KOSPI,308170,2025,(주)씨티알모빌리티,,,mid_sized,2024,87198226,8610000,6820,58720200000,0.6734104888785237
KOSPI,317400,2025,자이에스앤디(주),,,large,2024,696004065,49028520,4400,215725488000,0.30994860353294057
KOSPI,317450,2025,명인제약(주),,,other,,794378106,14600000,68900,1005940000000,1.2663239235850743
KOSPI,322000,2025,에이치디현대에너지솔루션(주),,,large,2024,417784217,11200000,54700,612640000000,1.4664029301997303
KOSPI,326030,2025,에스케이바이오팜(주),,,large,2024,826269526,78313250,124600,9757830950000,11.809501189324996
KOSPI,329180,2025,에이치디현대중공업(주),,,large,2024,9341620098,104961225,509000,53425263525000,5.719057611477704
KOSPI,336260,2025,두산퓨얼셀(주),,,large,2024,367480446,81844226,28850,2361205920100,6.425392006027988
KOSPI,336370,2025,솔루스첨단소재(주),,,mid_sized,2024,945628851,90904406,7300,663602163800,0.7017575268544762
KOSPI,339770,2025,교촌에프앤비(주),,,mid_sized,2024,188630141,49965080,4340,216848447200,1.1495959556113569
KOSPI,344820,2025,(주)케이씨씨글라스,,,large,2024,1379175278,15970512,26500,423218568000,0.30686351093366976
KOSPI,352820,2025,(주)하이브,,,mid_sized,2024,3551456465,42609196,330000,14061034680000,3.959230478698829
KOSPI,353200,2025,대덕전자(주),,,mid_sized,2024,897305160,51512444,47100,2426236112400,2.703914142653543
KOSPI,361610,2025,에스케이아이이테크놀로지(주),,,large,2024,2601445266,81787100,25050,2048766855000,0.7875494755844692
KOSPI,363280,2025,(주)티와이홀딩스,,,mid_sized,2024,984545129,51672282,2740,141582052680,0.14380453318966144
KOSPI,372910,2025,(주)한컴라이프케어,,,mid_sized,2024,127798894,27674406,3015,83438334090,0.6528877635670306
KOSPI,373220,2025,(주)엘지에너지솔루션,,,large,2024,29321676000,234000000,368500,86229000000000,2.940793698150133
KOSPI,375500,2025,디엘이앤씨(주),,,large,2024,5244091831,42919459,41150,1766135737850,0.3367858143539058
KOSPI,377300,2025,(주)카카오페이,,,large,2024,1950906551,135145150,49100,6635626865000,3.4013043123970728
KOSPI,377740,2025,(주)바이오노트,,,mid_sized,2024,1511246701,102056048,5470,558246582560,0.3693947402436712
KOSPI,378850,2025,(주)화승알앤에이,,,mid_sized,2024,166895101,18993623,3270,62109147210,0.3721448193377468
KOSPI,381970,2025,케이카(주),,,mid_sized,2024,,48820848,16030,782598193440,
KOSPI,383220,2025,(주)에프앤에프,,,mid_sized,2024,1878678882,38307075,68500,2624034637500,1.3967446287076537
KOSPI,383800,2025,(주)엘엑스홀딩스,,,large,2024,2000182000,77745975,8020,623522719500,0.31173299204772364
KOSPI,402340,2025,에스케이스퀘어(주),,,large,2024,27983163000,132087115,368000,48608058320000,1.7370466062038805
KOSPI,403550,2025,(주)쏘카,,,mid_sized,2024,164872262,32841902,11470,376696615940,2.28477859993211
KOSPI,439260,2025,대한조선(주),,,other,,1092384070,38526312,67000,2581262904000,2.3629627846916517
KOSPI,443060,2025,에이치디현대마린솔루션(주),,,large,2024,824724855,44829210,193500,8674452135000,10.517995283408792
KOSPI,446070,2025,(주)유니드비티플러스,,,large,2024,,10611215,3445,36555635675,
KOSPI,450080,2025,(주)에코프로머티리얼즈,,,mid_sized,2024,,75678921,52100,3942871784100,
KOSPI,452260,2025,한화갤러리아(주),,,large,2024,824636627,196764080,1368,269173261440,0.3264143898376709
KOSPI,453340,2025,(주)현대그린푸드,,,large,2024,729519039,32819346,15610,512309991060,0.7022571909326139
KOSPI,454910,2025,두산로보틱스(주),,,large,2024,348594991,64819980,78000,5055958440000,14.503818386765058
KOSPI,456040,2025,오씨아이(주),,,large,2024,1164784174,8952495,59600,533568702000,0.4580837496852872
KOSPI,457190,2025,(주)이수스페셜티케미컬,,,mid_sized,2024,132855533,30208280,59200,1788330176000,13.460712818035212
KOSPI,460850,2025,동국씨엠(주),,,mid_sized,2024,1046243365,29898656,5320,159060849920,0.15203045031497045
KOSPI,460860,2025,동국제강(주),,,mid_sized,2024,,49608017,8240,408770060080,
KOSPI,462520,2025,조선내화(주),,,mid_sized,2024,231340322,11855168,14100,167157868800,0.722562618374846
KOSPI,462870,2025,(주)시프트업,,,small_and_medium,2024,921190987,58961440,35500,2093131120000,2.2722010414111877
KOSPI,465770,2025,(주)STX그린로지스,,,small_and_medium,2024,30082612,7171032,5660,40588041120,1.3492193138016073
KOSPI,475150,2025,에스케이이터닉스(주),,,large,2024,273040532,33754042,20700,698708669400,2.558992484676231
KOSPI,475560,2025,(주)더본코리아,,,mid_sized,2024,245998201,14776640,24200,357594688000,1.453647573625955
KOSPI,480370,2025,(주)씨케이솔루션,,,other,,72114790,10934861,8420,92071529620,1.2767357378424038
KOSPI,483650,2025,(주)달바글로벌,,,other,,198554793,12392665,147500,1827918087500,9.206114140493199
KOSPI,484870,2025,(주)엠앤씨솔루션,,,mid_sized,2024,,9153900,142800,1307176920000,
KOSPI,487570,2025,(주)에이치에스효성,,,large,2024,522330128,3725927,57900,215731173300,0.41301690585230805
KOSPI,489790,2025,한화비전(주),,,large,2024,866219783,50488390,44900,2266928711000,2.6170364097999363
KOSPI,499790,2025,(주)지에스피앤엘,,,large,2024,1258600789,19830841,42000,832895322000,0.6617629110671088
